CodigoEstacion,NombreEstacion,Variable,Parametro,Fecha,Unidad,Valor,NivelAprobacion
53119010,BUENAVENTURA IDEAM  - AUT [53119010],NIVEL,Nivel máximo diario,2016-01-01 00:00,cm,387,Preliminar
53119010,BUENAVENTURA IDEAM  - AUT [53119010],NIVEL,Nivel mínimo diario,2016-01-01 00:00,cm,121,Preliminar
53119010,BUENAVENTURA IDEAM  - AUT [53119010],NIVEL,Nivel máximo diario,2016-01-02 00:00,cm,369,Preliminar
53119010,BUENAVENTURA IDEAM  - AUT [53119010],NIVEL,Nivel mínimo diario,2016-01-02 00:00,cm,127,Preliminar
53119010,BUENAVENTURA IDEAM  - AUT [53119010],NIVEL,Nivel máximo diario,2016-01-03 00:00,cm,358,Preliminar
53119010,BUENAVENTURA IDEAM  - AUT [53119010],NIVEL,Nivel mínimo diario,2016-01-03 00:00,cm,142,Preliminar
53119010,BUENAVENTURA IDEAM  - AUT [53119010],NIVEL,Nivel máximo diario,2016-01-04 00:00,cm,352,Preliminar
53119010,BUENAVENTURA IDEAM  - AUT [53119010],NIVEL,Nivel mínimo diario,2016-01-04 00:00,cm,145,Preliminar
53119010,BUENAVENTURA IDEAM  - AUT [53119010],NIVEL,Nivel máximo diario,2016-01-05 00:00,cm,352,Preliminar
53119010,BUENAVENTURA IDEAM  - AUT [53119010],NIVEL,Nivel mínimo diario,2016-01-05 00:00,cm,136,Preliminar
53119010,BUENAVENTURA IDEAM  - AUT [53119010],NIVEL,Nivel máximo diario,2016-01-06 00:00,cm,355,Preliminar
53119010,BUENAVENTURA IDEAM  - AUT [53119010],NIVEL,Nivel mínimo diario,2016-01-06 00:00,cm,126,Preliminar
53119010,BUENAVENTURA IDEAM  - AUT [53119010],NIVEL,Nivel máximo diario,2016-01-07 00:00,cm,370,Preliminar
53119010,BUENAVENTURA IDEAM  - AUT [53119010],NIVEL,Nivel mínimo diario,2016-01-07 00:00,cm,108,Preliminar
53119010,BUENAVENTURA IDEAM  - AUT [53119010],NIVEL,Nivel máximo diario,2016-01-08 00:00,cm,390,Preliminar
53119010,BUENAVENTURA IDEAM  - AUT [53119010],NIVEL,Nivel mínimo diario,2016-01-08 00:00,cm,87,Preliminar
53119010,BUENAVENTURA IDEAM  - AUT [53119010],NIVEL,Nivel máximo diario,2016-01-09 00:00,cm,413,Preliminar
53119010,BUENAVENTURA IDEAM  - AUT [53119010],NIVEL,Nivel mínimo diario,2016-01-09 00:00,cm,74,Preliminar
53119010,BUENAVENTURA IDEAM  - AUT [53119010],NIVEL,Nivel máximo diario,2016-01-10 00:00,cm,430,Preliminar
53119010,BUENAVENTURA IDEAM  - AUT [53119010],NIVEL,Nivel mínimo diario,2016-01-10 00:00,cm,50,Preliminar
53119010,BUENAVENTURA IDEAM  - AUT [53119010],NIVEL,Nivel máximo diario,2016-01-11 00:00,cm,437,Preliminar
53119010,BUENAVENTURA IDEAM  - AUT [53119010],NIVEL,Nivel mínimo diario,2016-01-11 00:00,cm,36,Preliminar
53119010,BUENAVENTURA IDEAM  - AUT [53119010],NIVEL,Nivel máximo diario,2016-01-12 00:00,cm,449,Preliminar
53119010,BUENAVENTURA IDEAM  - AUT [53119010],NIVEL,Nivel mínimo diario,2016-01-12 00:00,cm,32,Preliminar
53119010,BUENAVENTURA IDEAM  - AUT [53119010],NIVEL,Nivel máximo diario,2016-01-13 00:00,cm,454,Preliminar
53119010,BUENAVENTURA IDEAM  - AUT [53119010],NIVEL,Nivel mínimo diario,2016-01-13 00:00,cm,24,Preliminar
53119010,BUENAVENTURA IDEAM  - AUT [53119010],NIVEL,Nivel máximo diario,2016-01-14 00:00,cm,451,Preliminar
53119010,BUENAVENTURA IDEAM  - AUT [53119010],NIVEL,Nivel mínimo diario,2016-01-14 00:00,cm,36,Preliminar
53119010,BUENAVENTURA IDEAM  - AUT [53119010],NIVEL,Nivel máximo diario,2016-01-15 00:00,cm,443,Preliminar
53119010,BUENAVENTURA IDEAM  - AUT [53119010],NIVEL,Nivel mínimo diario,2016-01-15 00:00,cm,53,Preliminar
53119010,BUENAVENTURA IDEAM  - AUT [53119010],NIVEL,Nivel máximo diario,2016-01-16 00:00,cm,424,Preliminar
53119010,BUENAVENTURA IDEAM  - AUT [53119010],NIVEL,Nivel mínimo diario,2016-01-16 00:00,cm,66,Preliminar
53119010,BUENAVENTURA IDEAM  - AUT [53119010],NIVEL,Nivel máximo diario,2016-01-17 00:00,cm,409,Preliminar
53119010,BUENAVENTURA IDEAM  - AUT [53119010],NIVEL,Nivel mínimo diario,2016-01-17 00:00,cm,74,Preliminar
53119010,BUENAVENTURA IDEAM  - AUT [53119010],NIVEL,Nivel máximo diario,2016-01-18 00:00,cm,399,Preliminar
53119010,BUENAVENTURA IDEAM  - AUT [53119010],NIVEL,Nivel mínimo diario,2016-01-18 00:00,cm,87,Preliminar
53119010,BUENAVENTURA IDEAM  - AUT [53119010],NIVEL,Nivel máximo diario,2016-01-19 00:00,cm,394,Preliminar
53119010,BUENAVENTURA IDEAM  - AUT [53119010],NIVEL,Nivel mínimo diario,2016-01-19 00:00,cm,91,Preliminar
53119010,BUENAVENTURA IDEAM  - AUT [53119010],NIVEL,Nivel máximo diario,2016-01-20 00:00,cm,394,Preliminar
53119010,BUENAVENTURA IDEAM  - AUT [53119010],NIVEL,Nivel mínimo diario,2016-01-20 00:00,cm,96,Preliminar
53119010,BUENAVENTURA IDEAM  - AUT [53119010],NIVEL,Nivel máximo diario,2016-01-21 00:00,cm,392,Preliminar
53119010,BUENAVENTURA IDEAM  - AUT [53119010],NIVEL,Nivel mínimo diario,2016-01-21 00:00,cm,74,Preliminar
53119010,BUENAVENTURA IDEAM  - AUT [53119010],NIVEL,Nivel máximo diario,2016-01-22 00:00,cm,403,Preliminar
53119010,BUENAVENTURA IDEAM  - AUT [53119010],NIVEL,Nivel mínimo diario,2016-01-22 00:00,cm,55,Preliminar
53119010,BUENAVENTURA IDEAM  - AUT [53119010],NIVEL,Nivel máximo diario,2016-01-23 00:00,cm,417,Preliminar
53119010,BUENAVENTURA IDEAM  - AUT [53119010],NIVEL,Nivel mínimo diario,2016-01-23 00:00,cm,39,Preliminar
53119010,BUENAVENTURA IDEAM  - AUT [53119010],NIVEL,Nivel máximo diario,2016-01-24 00:00,cm,426,Preliminar
53119010,BUENAVENTURA IDEAM  - AUT [53119010],NIVEL,Nivel mínimo diario,2016-01-24 00:00,cm,22,Preliminar
53119010,BUENAVENTURA IDEAM  - AUT [53119010],NIVEL,Nivel máximo diario,2016-01-25 00:00,cm,417,Preliminar
53119010,BUENAVENTURA IDEAM  - AUT [53119010],NIVEL,Nivel mínimo diario,2016-01-25 00:00,cm,9,Preliminar
53119010,BUENAVENTURA IDEAM  - AUT [53119010],NIVEL,Nivel máximo diario,2016-01-26 00:00,cm,423,Preliminar
53119010,BUENAVENTURA IDEAM  - AUT [53119010],NIVEL,Nivel mínimo diario,2016-01-26 00:00,cm,24,Preliminar
53119010,BUENAVENTURA IDEAM  - AUT [53119010],NIVEL,Nivel máximo diario,2016-01-27 00:00,cm,418,Preliminar
53119010,BUENAVENTURA IDEAM  - AUT [53119010],NIVEL,Nivel mínimo diario,2016-01-27 00:00,cm,27,Preliminar
53119010,BUENAVENTURA IDEAM  - AUT [53119010],NIVEL,Nivel máximo diario,2016-01-28 00:00,cm,404,Preliminar
53119010,BUENAVENTURA IDEAM  - AUT [53119010],NIVEL,Nivel mínimo diario,2016-01-28 00:00,cm,47,Preliminar
53119010,BUENAVENTURA IDEAM  - AUT [53119010],NIVEL,Nivel máximo diario,2016-01-29 00:00,cm,400,Preliminar
53119010,BUENAVENTURA IDEAM  - AUT [53119010],NIVEL,Nivel mínimo diario,2016-01-29 00:00,cm,66,Preliminar
53119010,BUENAVENTURA IDEAM  - AUT [53119010],NIVEL,Nivel máximo diario,2016-01-30 00:00,cm,384,Preliminar
53119010,BUENAVENTURA IDEAM  - AUT [53119010],NIVEL,Nivel mínimo diario,2016-01-30 00:00,cm,87,Preliminar
53119010,BUENAVENTURA IDEAM  - AUT [53119010],NIVEL,Nivel máximo diario,2016-01-31 00:00,cm,366,Preliminar
53119010,BUENAVENTURA IDEAM  - AUT [53119010],NIVEL,Nivel mínimo diario,2016-01-31 00:00,cm,103,Preliminar
53119010,BUENAVENTURA IDEAM  - AUT [53119010],NIVEL,Nivel máximo diario,2016-02-01 00:00,cm,345,Preliminar
53119010,BUENAVENTURA IDEAM  - AUT [53119010],NIVEL,Nivel mínimo diario,2016-02-01 00:00,cm,112,Preliminar
53119010,BUENAVENTURA IDEAM  - AUT [53119010],NIVEL,Nivel máximo diario,2016-02-02 00:00,cm,331,Preliminar
53119010,BUENAVENTURA IDEAM  - AUT [53119010],NIVEL,Nivel mínimo diario,2016-02-02 00:00,cm,118,Preliminar
53119010,BUENAVENTURA IDEAM  - AUT [53119010],NIVEL,Nivel máximo diario,2016-02-03 00:00,cm,331,Preliminar
53119010,BUENAVENTURA IDEAM  - AUT [53119010],NIVEL,Nivel mínimo diario,2016-02-03 00:00,cm,132,Preliminar
53119010,BUENAVENTURA IDEAM  - AUT [53119010],NIVEL,Nivel máximo diario,2016-02-04 00:00,cm,333,Preliminar
53119010,BUENAVENTURA IDEAM  - AUT [53119010],NIVEL,Nivel mínimo diario,2016-02-04 00:00,cm,126,Preliminar
53119010,BUENAVENTURA IDEAM  - AUT [53119010],NIVEL,Nivel máximo diario,2016-02-05 00:00,cm,351,Preliminar
53119010,BUENAVENTURA IDEAM  - AUT [53119010],NIVEL,Nivel mínimo diario,2016-02-05 00:00,cm,124,Preliminar
53119010,BUENAVENTURA IDEAM  - AUT [53119010],NIVEL,Nivel máximo diario,2016-02-06 00:00,cm,377,Preliminar
53119010,BUENAVENTURA IDEAM  - AUT [53119010],NIVEL,Nivel mínimo diario,2016-02-06 00:00,cm,94,Preliminar
53119010,BUENAVENTURA IDEAM  - AUT [53119010],NIVEL,Nivel máximo diario,2016-02-07 00:00,cm,404,Preliminar
53119010,BUENAVENTURA IDEAM  - AUT [53119010],NIVEL,Nivel mínimo diario,2016-02-07 00:00,cm,64,Preliminar
53119010,BUENAVENTURA IDEAM  - AUT [53119010],NIVEL,Nivel máximo diario,2016-02-08 00:00,cm,423,Preliminar
53119010,BUENAVENTURA IDEAM  - AUT [53119010],NIVEL,Nivel mínimo diario,2016-02-08 00:00,cm,38,Preliminar
53119010,BUENAVENTURA IDEAM  - AUT [53119010],NIVEL,Nivel máximo diario,2016-02-09 00:00,cm,453,Preliminar
53119010,BUENAVENTURA IDEAM  - AUT [53119010],NIVEL,Nivel mínimo diario,2016-02-09 00:00,cm,19,Preliminar
53119010,BUENAVENTURA IDEAM  - AUT [53119010],NIVEL,Nivel máximo diario,2016-02-10 00:00,cm,463,Preliminar
53119010,BUENAVENTURA IDEAM  - AUT [53119010],NIVEL,Nivel mínimo diario,2016-02-10 00:00,cm,0,Preliminar
53119010,BUENAVENTURA IDEAM  - AUT [53119010],NIVEL,Nivel máximo diario,2016-02-11 00:00,cm,473,Preliminar
53119010,BUENAVENTURA IDEAM  - AUT [53119010],NIVEL,Nivel mínimo diario,2016-02-11 00:00,cm,10,Preliminar
53119010,BUENAVENTURA IDEAM  - AUT [53119010],NIVEL,Nivel máximo diario,2016-02-12 00:00,cm,475,Preliminar
53119010,BUENAVENTURA IDEAM  - AUT [53119010],NIVEL,Nivel mínimo diario,2016-02-12 00:00,cm,10,Preliminar
53119010,BUENAVENTURA IDEAM  - AUT [53119010],NIVEL,Nivel máximo diario,2016-02-13 00:00,cm,466,Preliminar
53119010,BUENAVENTURA IDEAM  - AUT [53119010],NIVEL,Nivel mínimo diario,2016-02-13 00:00,cm,22,Preliminar
53119010,BUENAVENTURA IDEAM  - AUT [53119010],NIVEL,Nivel máximo diario,2016-02-14 00:00,cm,443,Preliminar
53119010,BUENAVENTURA IDEAM  - AUT [53119010],NIVEL,Nivel mínimo diario,2016-02-14 00:00,cm,28,Preliminar
53119010,BUENAVENTURA IDEAM  - AUT [53119010],NIVEL,Nivel máximo diario,2016-02-15 00:00,cm,416,Preliminar
53119010,BUENAVENTURA IDEAM  - AUT [53119010],NIVEL,Nivel mínimo diario,2016-02-15 00:00,cm,56,Preliminar
53119010,BUENAVENTURA IDEAM  - AUT [53119010],NIVEL,Nivel máximo diario,2016-02-16 00:00,cm,390,Preliminar
53119010,BUENAVENTURA IDEAM  - AUT [53119010],NIVEL,Nivel mínimo diario,2016-02-16 00:00,cm,87,Preliminar
53119010,BUENAVENTURA IDEAM  - AUT [53119010],NIVEL,Nivel máximo diario,2016-02-17 00:00,cm,372,Preliminar
53119010,BUENAVENTURA IDEAM  - AUT [53119010],NIVEL,Nivel mínimo diario,2016-02-17 00:00,cm,96,Preliminar
53119010,BUENAVENTURA IDEAM  - AUT [53119010],NIVEL,Nivel máximo diario,2016-02-18 00:00,cm,372,Preliminar
53119010,BUENAVENTURA IDEAM  - AUT [53119010],NIVEL,Nivel mínimo diario,2016-02-18 00:00,cm,99,Preliminar
53119010,BUENAVENTURA IDEAM  - AUT [53119010],NIVEL,Nivel máximo diario,2016-02-19 00:00,cm,378,Preliminar
53119010,BUENAVENTURA IDEAM  - AUT [53119010],NIVEL,Nivel mínimo diario,2016-02-19 00:00,cm,88,Preliminar
53119010,BUENAVENTURA IDEAM  - AUT [53119010],NIVEL,Nivel máximo diario,2016-02-20 00:00,cm,395,Preliminar
53119010,BUENAVENTURA IDEAM  - AUT [53119010],NIVEL,Nivel mínimo diario,2016-02-20 00:00,cm,78,Preliminar
53119010,BUENAVENTURA IDEAM  - AUT [53119010],NIVEL,Nivel máximo diario,2016-02-21 00:00,cm,401,Preliminar
53119010,BUENAVENTURA IDEAM  - AUT [53119010],NIVEL,Nivel mínimo diario,2016-02-21 00:00,cm,62,Preliminar
53119010,BUENAVENTURA IDEAM  - AUT [53119010],NIVEL,Nivel máximo diario,2016-02-22 00:00,cm,408,Preliminar
53119010,BUENAVENTURA IDEAM  - AUT [53119010],NIVEL,Nivel mínimo diario,2016-02-22 00:00,cm,40,Preliminar
53119010,BUENAVENTURA IDEAM  - AUT [53119010],NIVEL,Nivel máximo diario,2016-02-23 00:00,cm,422,Preliminar
53119010,BUENAVENTURA IDEAM  - AUT [53119010],NIVEL,Nivel mínimo diario,2016-02-23 00:00,cm,38,Preliminar
53119010,BUENAVENTURA IDEAM  - AUT [53119010],NIVEL,Nivel máximo diario,2016-02-24 00:00,cm,418,Preliminar
53119010,BUENAVENTURA IDEAM  - AUT [53119010],NIVEL,Nivel mínimo diario,2016-02-24 00:00,cm,37,Preliminar
53119010,BUENAVENTURA IDEAM  - AUT [53119010],NIVEL,Nivel máximo diario,2016-02-25 00:00,cm,413,Preliminar
53119010,BUENAVENTURA IDEAM  - AUT [53119010],NIVEL,Nivel mínimo diario,2016-02-25 00:00,cm,38,Preliminar
53119010,BUENAVENTURA IDEAM  - AUT [53119010],NIVEL,Nivel máximo diario,2016-02-26 00:00,cm,408,Preliminar
53119010,BUENAVENTURA IDEAM  - AUT [53119010],NIVEL,Nivel mínimo diario,2016-02-26 00:00,cm,47,Preliminar
53119010,BUENAVENTURA IDEAM  - AUT [53119010],NIVEL,Nivel máximo diario,2016-02-27 00:00,cm,393,Preliminar
53119010,BUENAVENTURA IDEAM  - AUT [53119010],NIVEL,Nivel mínimo diario,2016-02-27 00:00,cm,59,Preliminar
53119010,BUENAVENTURA IDEAM  - AUT [53119010],NIVEL,Nivel máximo diario,2016-02-28 00:00,cm,380,Preliminar
53119010,BUENAVENTURA IDEAM  - AUT [53119010],NIVEL,Nivel mínimo diario,2016-02-28 00:00,cm,68,Preliminar
53119010,BUENAVENTURA IDEAM  - AUT [53119010],NIVEL,Nivel máximo diario,2016-02-29 00:00,cm,355,Preliminar
53119010,BUENAVENTURA IDEAM  - AUT [53119010],NIVEL,Nivel mínimo diario,2016-02-29 00:00,cm,79,Preliminar
53119010,BUENAVENTURA IDEAM  - AUT [53119010],NIVEL,Nivel máximo diario,2016-03-01 00:00,cm,339,Preliminar
53119010,BUENAVENTURA IDEAM  - AUT [53119010],NIVEL,Nivel mínimo diario,2016-03-01 00:00,cm,90,Preliminar
53119010,BUENAVENTURA IDEAM  - AUT [53119010],NIVEL,Nivel máximo diario,2016-03-02 00:00,cm,324,Preliminar
53119010,BUENAVENTURA IDEAM  - AUT [53119010],NIVEL,Nivel mínimo diario,2016-03-02 00:00,cm,109,Preliminar
53119010,BUENAVENTURA IDEAM  - AUT [53119010],NIVEL,Nivel máximo diario,2016-03-03 00:00,cm,312,Preliminar
53119010,BUENAVENTURA IDEAM  - AUT [53119010],NIVEL,Nivel mínimo diario,2016-03-03 00:00,cm,114,Preliminar
53119010,BUENAVENTURA IDEAM  - AUT [53119010],NIVEL,Nivel máximo diario,2016-03-04 00:00,cm,322,Preliminar
53119010,BUENAVENTURA IDEAM  - AUT [53119010],NIVEL,Nivel mínimo diario,2016-03-04 00:00,cm,123,Preliminar
53119010,BUENAVENTURA IDEAM  - AUT [53119010],NIVEL,Nivel máximo diario,2016-03-05 00:00,cm,327,Preliminar
53119010,BUENAVENTURA IDEAM  - AUT [53119010],NIVEL,Nivel mínimo diario,2016-03-05 00:00,cm,109,Preliminar
53119010,BUENAVENTURA IDEAM  - AUT [53119010],NIVEL,Nivel máximo diario,2016-03-06 00:00,cm,356,Preliminar
53119010,BUENAVENTURA IDEAM  - AUT [53119010],NIVEL,Nivel mínimo diario,2016-03-06 00:00,cm,77,Preliminar
53119010,BUENAVENTURA IDEAM  - AUT [53119010],NIVEL,Nivel máximo diario,2016-03-07 00:00,cm,392,Preliminar
53119010,BUENAVENTURA IDEAM  - AUT [53119010],NIVEL,Nivel mínimo diario,2016-03-07 00:00,cm,52,Preliminar
53119010,BUENAVENTURA IDEAM  - AUT [53119010],NIVEL,Nivel máximo diario,2016-03-08 00:00,cm,430,Preliminar
53119010,BUENAVENTURA IDEAM  - AUT [53119010],NIVEL,Nivel mínimo diario,2016-03-08 00:00,cm,21,Preliminar
53119010,BUENAVENTURA IDEAM  - AUT [53119010],NIVEL,Nivel máximo diario,2016-03-09 00:00,cm,457,Preliminar
53119010,BUENAVENTURA IDEAM  - AUT [53119010],NIVEL,Nivel mínimo diario,2016-03-09 00:00,cm,32,Preliminar
53119010,BUENAVENTURA IDEAM  - AUT [53119010],NIVEL,Nivel máximo diario,2016-03-10 00:00,cm,468,Preliminar
53119010,BUENAVENTURA IDEAM  - AUT [53119010],NIVEL,Nivel mínimo diario,2016-03-10 00:00,cm,3,Preliminar
53119010,BUENAVENTURA IDEAM  - AUT [53119010],NIVEL,Nivel máximo diario,2016-03-11 00:00,cm,479,Preliminar
53119010,BUENAVENTURA IDEAM  - AUT [53119010],NIVEL,Nivel mínimo diario,2016-03-11 00:00,cm,20,Preliminar
53119010,BUENAVENTURA IDEAM  - AUT [53119010],NIVEL,Nivel máximo diario,2016-03-12 00:00,cm,471,Preliminar
53119010,BUENAVENTURA IDEAM  - AUT [53119010],NIVEL,Nivel mínimo diario,2016-03-12 00:00,cm,6,Preliminar
53119010,BUENAVENTURA IDEAM  - AUT [53119010],NIVEL,Nivel máximo diario,2016-03-13 00:00,cm,449,Preliminar
53119010,BUENAVENTURA IDEAM  - AUT [53119010],NIVEL,Nivel mínimo diario,2016-03-13 00:00,cm,6,Preliminar
53119010,BUENAVENTURA IDEAM  - AUT [53119010],NIVEL,Nivel máximo diario,2016-03-14 00:00,cm,418,Preliminar
53119010,BUENAVENTURA IDEAM  - AUT [53119010],NIVEL,Nivel mínimo diario,2016-03-14 00:00,cm,11,Preliminar
53119010,BUENAVENTURA IDEAM  - AUT [53119010],NIVEL,Nivel máximo diario,2016-03-15 00:00,cm,391,Preliminar
53119010,BUENAVENTURA IDEAM  - AUT [53119010],NIVEL,Nivel mínimo diario,2016-03-15 00:00,cm,34,Preliminar
53119010,BUENAVENTURA IDEAM  - AUT [53119010],NIVEL,Nivel máximo diario,2016-03-16 00:00,cm,368,Preliminar
53119010,BUENAVENTURA IDEAM  - AUT [53119010],NIVEL,Nivel mínimo diario,2016-03-16 00:00,cm,64,Preliminar
53119010,BUENAVENTURA IDEAM  - AUT [53119010],NIVEL,Nivel máximo diario,2016-03-17 00:00,cm,353,Preliminar
53119010,BUENAVENTURA IDEAM  - AUT [53119010],NIVEL,Nivel mínimo diario,2016-03-17 00:00,cm,90,Preliminar
53119010,BUENAVENTURA IDEAM  - AUT [53119010],NIVEL,Nivel máximo diario,2016-03-18 00:00,cm,349,Preliminar
53119010,BUENAVENTURA IDEAM  - AUT [53119010],NIVEL,Nivel mínimo diario,2016-03-18 00:00,cm,98,Preliminar
53119010,BUENAVENTURA IDEAM  - AUT [53119010],NIVEL,Nivel máximo diario,2016-03-19 00:00,cm,358,Preliminar
53119010,BUENAVENTURA IDEAM  - AUT [53119010],NIVEL,Nivel mínimo diario,2016-03-19 00:00,cm,96,Preliminar
53119010,BUENAVENTURA IDEAM  - AUT [53119010],NIVEL,Nivel máximo diario,2016-03-20 00:00,cm,375,Preliminar
53119010,BUENAVENTURA IDEAM  - AUT [53119010],NIVEL,Nivel mínimo diario,2016-03-20 00:00,cm,82,Preliminar
53119010,BUENAVENTURA IDEAM  - AUT [53119010],NIVEL,Nivel máximo diario,2016-03-21 00:00,cm,394,Preliminar
53119010,BUENAVENTURA IDEAM  - AUT [53119010],NIVEL,Nivel mínimo diario,2016-03-21 00:00,cm,68,Preliminar
53119010,BUENAVENTURA IDEAM  - AUT [53119010],NIVEL,Nivel máximo diario,2016-03-22 00:00,cm,413,Preliminar
53119010,BUENAVENTURA IDEAM  - AUT [53119010],NIVEL,Nivel mínimo diario,2016-03-22 00:00,cm,61,Preliminar
53119010,BUENAVENTURA IDEAM  - AUT [53119010],NIVEL,Nivel máximo diario,2016-03-23 00:00,cm,422,Preliminar
53119010,BUENAVENTURA IDEAM  - AUT [53119010],NIVEL,Nivel mínimo diario,2016-03-23 00:00,cm,57,Preliminar
53119010,BUENAVENTURA IDEAM  - AUT [53119010],NIVEL,Nivel máximo diario,2016-03-24 00:00,cm,422,Preliminar
53119010,BUENAVENTURA IDEAM  - AUT [53119010],NIVEL,Nivel mínimo diario,2016-03-24 00:00,cm,49,Preliminar
53119010,BUENAVENTURA IDEAM  - AUT [53119010],NIVEL,Nivel máximo diario,2016-03-25 00:00,cm,421,Preliminar
53119010,BUENAVENTURA IDEAM  - AUT [53119010],NIVEL,Nivel mínimo diario,2016-03-25 00:00,cm,52,Preliminar
53119010,BUENAVENTURA IDEAM  - AUT [53119010],NIVEL,Nivel máximo diario,2016-03-26 00:00,cm,409,Preliminar
53119010,BUENAVENTURA IDEAM  - AUT [53119010],NIVEL,Nivel mínimo diario,2016-03-26 00:00,cm,44,Preliminar
53119010,BUENAVENTURA IDEAM  - AUT [53119010],NIVEL,Nivel máximo diario,2016-03-27 00:00,cm,396,Preliminar
53119010,BUENAVENTURA IDEAM  - AUT [53119010],NIVEL,Nivel mínimo diario,2016-03-27 00:00,cm,44,Preliminar
53119010,BUENAVENTURA IDEAM  - AUT [53119010],NIVEL,Nivel máximo diario,2016-03-28 00:00,cm,386,Preliminar
53119010,BUENAVENTURA IDEAM  - AUT [53119010],NIVEL,Nivel mínimo diario,2016-03-28 00:00,cm,59,Preliminar
53119010,BUENAVENTURA IDEAM  - AUT [53119010],NIVEL,Nivel máximo diario,2016-03-29 00:00,cm,372,Preliminar
53119010,BUENAVENTURA IDEAM  - AUT [53119010],NIVEL,Nivel mínimo diario,2016-03-29 00:00,cm,68,Preliminar
53119010,BUENAVENTURA IDEAM  - AUT [53119010],NIVEL,Nivel máximo diario,2016-03-30 00:00,cm,350,Preliminar
53119010,BUENAVENTURA IDEAM  - AUT [53119010],NIVEL,Nivel mínimo diario,2016-03-30 00:00,cm,82,Preliminar
53119010,BUENAVENTURA IDEAM  - AUT [53119010],NIVEL,Nivel máximo diario,2016-03-31 00:00,cm,338,Preliminar
53119010,BUENAVENTURA IDEAM  - AUT [53119010],NIVEL,Nivel mínimo diario,2016-03-31 00:00,cm,98,Preliminar
53119010,BUENAVENTURA IDEAM  - AUT [53119010],NIVEL,Nivel máximo diario,2016-04-01 00:00,cm,327,Preliminar
53119010,BUENAVENTURA IDEAM  - AUT [53119010],NIVEL,Nivel mínimo diario,2016-04-01 00:00,cm,112,Preliminar
53119010,BUENAVENTURA IDEAM  - AUT [53119010],NIVEL,Nivel máximo diario,2016-04-02 00:00,cm,327,Preliminar
53119010,BUENAVENTURA IDEAM  - AUT [53119010],NIVEL,Nivel mínimo diario,2016-04-02 00:00,cm,120,Preliminar
53119010,BUENAVENTURA IDEAM  - AUT [53119010],NIVEL,Nivel máximo diario,2016-04-03 00:00,cm,344,Preliminar
53119010,BUENAVENTURA IDEAM  - AUT [53119010],NIVEL,Nivel mínimo diario,2016-04-03 00:00,cm,108,Preliminar
53119010,BUENAVENTURA IDEAM  - AUT [53119010],NIVEL,Nivel máximo diario,2016-04-04 00:00,cm,366,Preliminar
53119010,BUENAVENTURA IDEAM  - AUT [53119010],NIVEL,Nivel mínimo diario,2016-04-04 00:00,cm,78,Preliminar
53119010,BUENAVENTURA IDEAM  - AUT [53119010],NIVEL,Nivel máximo diario,2016-04-05 00:00,cm,401,Preliminar
53119010,BUENAVENTURA IDEAM  - AUT [53119010],NIVEL,Nivel mínimo diario,2016-04-05 00:00,cm,49,Preliminar
53119010,BUENAVENTURA IDEAM  - AUT [53119010],NIVEL,Nivel máximo diario,2016-04-06 00:00,cm,438,Preliminar
53119010,BUENAVENTURA IDEAM  - AUT [53119010],NIVEL,Nivel mínimo diario,2016-04-06 00:00,cm,13,Preliminar
53119010,BUENAVENTURA IDEAM  - AUT [53119010],NIVEL,Nivel máximo diario,2016-04-07 00:00,cm,465,Preliminar
53119010,BUENAVENTURA IDEAM  - AUT [53119010],NIVEL,Nivel mínimo diario,2016-04-07 00:00,cm,0,Preliminar
53119010,BUENAVENTURA IDEAM  - AUT [53119010],NIVEL,Nivel máximo diario,2016-04-08 00:00,cm,480,Preliminar
53119010,BUENAVENTURA IDEAM  - AUT [53119010],NIVEL,Nivel mínimo diario,2016-04-08 00:00,cm,4,Preliminar
53119010,BUENAVENTURA IDEAM  - AUT [53119010],NIVEL,Nivel máximo diario,2016-04-09 00:00,cm,484,Preliminar
53119010,BUENAVENTURA IDEAM  - AUT [53119010],NIVEL,Nivel mínimo diario,2016-04-09 00:00,cm,17,Preliminar
53119010,BUENAVENTURA IDEAM  - AUT [53119010],NIVEL,Nivel máximo diario,2016-04-10 00:00,cm,469,Preliminar
53119010,BUENAVENTURA IDEAM  - AUT [53119010],NIVEL,Nivel mínimo diario,2016-04-10 00:00,cm,20,Preliminar
53119010,BUENAVENTURA IDEAM  - AUT [53119010],NIVEL,Nivel máximo diario,2016-04-11 00:00,cm,447,Preliminar
53119010,BUENAVENTURA IDEAM  - AUT [53119010],NIVEL,Nivel mínimo diario,2016-04-11 00:00,cm,4,Preliminar
53119010,BUENAVENTURA IDEAM  - AUT [53119010],NIVEL,Nivel máximo diario,2016-04-12 00:00,cm,428,Preliminar
53119010,BUENAVENTURA IDEAM  - AUT [53119010],NIVEL,Nivel mínimo diario,2016-04-12 00:00,cm,21,Preliminar
53119010,BUENAVENTURA IDEAM  - AUT [53119010],NIVEL,Nivel máximo diario,2016-04-13 00:00,cm,393,Preliminar
53119010,BUENAVENTURA IDEAM  - AUT [53119010],NIVEL,Nivel mínimo diario,2016-04-13 00:00,cm,32,Preliminar
53119010,BUENAVENTURA IDEAM  - AUT [53119010],NIVEL,Nivel máximo diario,2016-04-14 00:00,cm,373,Preliminar
53119010,BUENAVENTURA IDEAM  - AUT [53119010],NIVEL,Nivel mínimo diario,2016-04-14 00:00,cm,60,Preliminar
53119010,BUENAVENTURA IDEAM  - AUT [53119010],NIVEL,Nivel máximo diario,2016-04-15 00:00,cm,354,Preliminar
53119010,BUENAVENTURA IDEAM  - AUT [53119010],NIVEL,Nivel mínimo diario,2016-04-15 00:00,cm,89,Preliminar
53119010,BUENAVENTURA IDEAM  - AUT [53119010],NIVEL,Nivel máximo diario,2016-04-16 00:00,cm,352,Preliminar
53119010,BUENAVENTURA IDEAM  - AUT [53119010],NIVEL,Nivel mínimo diario,2016-04-16 00:00,cm,105,Preliminar
53119010,BUENAVENTURA IDEAM  - AUT [53119010],NIVEL,Nivel máximo diario,2016-04-17 00:00,cm,357,Preliminar
53119010,BUENAVENTURA IDEAM  - AUT [53119010],NIVEL,Nivel mínimo diario,2016-04-17 00:00,cm,108,Preliminar
53119010,BUENAVENTURA IDEAM  - AUT [53119010],NIVEL,Nivel máximo diario,2016-04-18 00:00,cm,369,Preliminar
53119010,BUENAVENTURA IDEAM  - AUT [53119010],NIVEL,Nivel mínimo diario,2016-04-18 00:00,cm,92,Preliminar
53119010,BUENAVENTURA IDEAM  - AUT [53119010],NIVEL,Nivel máximo diario,2016-04-19 00:00,cm,383,Preliminar
53119010,BUENAVENTURA IDEAM  - AUT [53119010],NIVEL,Nivel mínimo diario,2016-04-19 00:00,cm,78,Preliminar
53119010,BUENAVENTURA IDEAM  - AUT [53119010],NIVEL,Nivel máximo diario,2016-04-20 00:00,cm,395,Preliminar
53119010,BUENAVENTURA IDEAM  - AUT [53119010],NIVEL,Nivel mínimo diario,2016-04-20 00:00,cm,67,Preliminar
53119010,BUENAVENTURA IDEAM  - AUT [53119010],NIVEL,Nivel máximo diario,2016-04-21 00:00,cm,401,Preliminar
53119010,BUENAVENTURA IDEAM  - AUT [53119010],NIVEL,Nivel mínimo diario,2016-04-21 00:00,cm,54,Preliminar
53119010,BUENAVENTURA IDEAM  - AUT [53119010],NIVEL,Nivel máximo diario,2016-04-22 00:00,cm,404,Preliminar
53119010,BUENAVENTURA IDEAM  - AUT [53119010],NIVEL,Nivel mínimo diario,2016-04-22 00:00,cm,53,Preliminar
53119010,BUENAVENTURA IDEAM  - AUT [53119010],NIVEL,Nivel máximo diario,2016-04-23 00:00,cm,405,Preliminar
53119010,BUENAVENTURA IDEAM  - AUT [53119010],NIVEL,Nivel mínimo diario,2016-04-23 00:00,cm,43,Preliminar
53119010,BUENAVENTURA IDEAM  - AUT [53119010],NIVEL,Nivel máximo diario,2016-04-24 00:00,cm,403,Preliminar
53119010,BUENAVENTURA IDEAM  - AUT [53119010],NIVEL,Nivel mínimo diario,2016-04-24 00:00,cm,49,Preliminar
53119010,BUENAVENTURA IDEAM  - AUT [53119010],NIVEL,Nivel máximo diario,2016-04-25 00:00,cm,403,Preliminar
53119010,BUENAVENTURA IDEAM  - AUT [53119010],NIVEL,Nivel mínimo diario,2016-04-25 00:00,cm,49,Preliminar
53119010,BUENAVENTURA IDEAM  - AUT [53119010],NIVEL,Nivel máximo diario,2016-04-26 00:00,cm,393,Preliminar
53119010,BUENAVENTURA IDEAM  - AUT [53119010],NIVEL,Nivel mínimo diario,2016-04-26 00:00,cm,56,Preliminar
53119010,BUENAVENTURA IDEAM  - AUT [53119010],NIVEL,Nivel máximo diario,2016-04-27 00:00,cm,378,Preliminar
53119010,BUENAVENTURA IDEAM  - AUT [53119010],NIVEL,Nivel mínimo diario,2016-04-27 00:00,cm,63,Preliminar
53119010,BUENAVENTURA IDEAM  - AUT [53119010],NIVEL,Nivel máximo diario,2016-04-28 00:00,cm,363,Preliminar
53119010,BUENAVENTURA IDEAM  - AUT [53119010],NIVEL,Nivel mínimo diario,2016-04-28 00:00,cm,83,Preliminar
53119010,BUENAVENTURA IDEAM  - AUT [53119010],NIVEL,Nivel máximo diario,2016-04-29 00:00,cm,358,Preliminar
53119010,BUENAVENTURA IDEAM  - AUT [53119010],NIVEL,Nivel mínimo diario,2016-04-29 00:00,cm,92,Preliminar
53119010,BUENAVENTURA IDEAM  - AUT [53119010],NIVEL,Nivel máximo diario,2016-04-30 00:00,cm,349,Preliminar
53119010,BUENAVENTURA IDEAM  - AUT [53119010],NIVEL,Nivel mínimo diario,2016-04-30 00:00,cm,106,Preliminar
53119010,BUENAVENTURA IDEAM  - AUT [53119010],NIVEL,Nivel máximo diario,2016-05-01 00:00,cm,357,Preliminar
53119010,BUENAVENTURA IDEAM  - AUT [53119010],NIVEL,Nivel mínimo diario,2016-05-01 00:00,cm,107,Preliminar
53119010,BUENAVENTURA IDEAM  - AUT [53119010],NIVEL,Nivel máximo diario,2016-05-02 00:00,cm,372,Preliminar
53119010,BUENAVENTURA IDEAM  - AUT [53119010],NIVEL,Nivel mínimo diario,2016-05-02 00:00,cm,106,Preliminar
53119010,BUENAVENTURA IDEAM  - AUT [53119010],NIVEL,Nivel máximo diario,2016-05-03 00:00,cm,390,Preliminar
53119010,BUENAVENTURA IDEAM  - AUT [53119010],NIVEL,Nivel mínimo diario,2016-05-03 00:00,cm,77,Preliminar
53119010,BUENAVENTURA IDEAM  - AUT [53119010],NIVEL,Nivel máximo diario,2016-05-04 00:00,cm,421,Preliminar
53119010,BUENAVENTURA IDEAM  - AUT [53119010],NIVEL,Nivel mínimo diario,2016-05-04 00:00,cm,56,Preliminar
53119010,BUENAVENTURA IDEAM  - AUT [53119010],NIVEL,Nivel máximo diario,2016-05-05 00:00,cm,445,Preliminar
53119010,BUENAVENTURA IDEAM  - AUT [53119010],NIVEL,Nivel mínimo diario,2016-05-05 00:00,cm,10,Preliminar
53119010,BUENAVENTURA IDEAM  - AUT [53119010],NIVEL,Nivel máximo diario,2016-05-06 00:00,cm,467,Preliminar
53119010,BUENAVENTURA IDEAM  - AUT [53119010],NIVEL,Nivel mínimo diario,2016-05-06 00:00,cm,4,Preliminar
53119010,BUENAVENTURA IDEAM  - AUT [53119010],NIVEL,Nivel máximo diario,2016-05-07 00:00,cm,482,Preliminar
53119010,BUENAVENTURA IDEAM  - AUT [53119010],NIVEL,Nivel mínimo diario,2016-05-07 00:00,cm,5,Preliminar
53119010,BUENAVENTURA IDEAM  - AUT [53119010],NIVEL,Nivel máximo diario,2016-05-08 00:00,cm,478,Preliminar
53119010,BUENAVENTURA IDEAM  - AUT [53119010],NIVEL,Nivel mínimo diario,2016-05-08 00:00,cm,6,Preliminar
53119010,BUENAVENTURA IDEAM  - AUT [53119010],NIVEL,Nivel máximo diario,2016-05-09 00:00,cm,467,Preliminar
53119010,BUENAVENTURA IDEAM  - AUT [53119010],NIVEL,Nivel mínimo diario,2016-05-09 00:00,cm,10,Preliminar
53119010,BUENAVENTURA IDEAM  - AUT [53119010],NIVEL,Nivel máximo diario,2016-05-10 00:00,cm,451,Preliminar
53119010,BUENAVENTURA IDEAM  - AUT [53119010],NIVEL,Nivel mínimo diario,2016-05-10 00:00,cm,18,Preliminar
53119010,BUENAVENTURA IDEAM  - AUT [53119010],NIVEL,Nivel máximo diario,2016-05-11 00:00,cm,426,Preliminar
53119010,BUENAVENTURA IDEAM  - AUT [53119010],NIVEL,Nivel mínimo diario,2016-05-11 00:00,cm,14,Preliminar
53119010,BUENAVENTURA IDEAM  - AUT [53119010],NIVEL,Nivel máximo diario,2016-05-12 00:00,cm,404,Preliminar
53119010,BUENAVENTURA IDEAM  - AUT [53119010],NIVEL,Nivel mínimo diario,2016-05-12 00:00,cm,47,Preliminar
53119010,BUENAVENTURA IDEAM  - AUT [53119010],NIVEL,Nivel máximo diario,2016-05-13 00:00,cm,381,Preliminar
53119010,BUENAVENTURA IDEAM  - AUT [53119010],NIVEL,Nivel mínimo diario,2016-05-13 00:00,cm,72,Preliminar
53119010,BUENAVENTURA IDEAM  - AUT [53119010],NIVEL,Nivel máximo diario,2016-05-14 00:00,cm,364,Preliminar
53119010,BUENAVENTURA IDEAM  - AUT [53119010],NIVEL,Nivel mínimo diario,2016-05-14 00:00,cm,94,Preliminar
53119010,BUENAVENTURA IDEAM  - AUT [53119010],NIVEL,Nivel máximo diario,2016-05-15 00:00,cm,359,Preliminar
53119010,BUENAVENTURA IDEAM  - AUT [53119010],NIVEL,Nivel mínimo diario,2016-05-15 00:00,cm,102,Preliminar
53119010,BUENAVENTURA IDEAM  - AUT [53119010],NIVEL,Nivel máximo diario,2016-05-16 00:00,cm,358,Preliminar
53119010,BUENAVENTURA IDEAM  - AUT [53119010],NIVEL,Nivel mínimo diario,2016-05-16 00:00,cm,114,Preliminar
53119010,BUENAVENTURA IDEAM  - AUT [53119010],NIVEL,Nivel máximo diario,2016-05-17 00:00,cm,372,Preliminar
53119010,BUENAVENTURA IDEAM  - AUT [53119010],NIVEL,Nivel mínimo diario,2016-05-17 00:00,cm,121,Preliminar
53119010,BUENAVENTURA IDEAM  - AUT [53119010],NIVEL,Nivel máximo diario,2016-05-18 00:00,cm,388,Preliminar
53119010,BUENAVENTURA IDEAM  - AUT [53119010],NIVEL,Nivel mínimo diario,2016-05-18 00:00,cm,113,Preliminar
53119010,BUENAVENTURA IDEAM  - AUT [53119010],NIVEL,Nivel máximo diario,2016-05-19 00:00,cm,395,Preliminar
53119010,BUENAVENTURA IDEAM  - AUT [53119010],NIVEL,Nivel mínimo diario,2016-05-19 00:00,cm,93,Preliminar
53119010,BUENAVENTURA IDEAM  - AUT [53119010],NIVEL,Nivel máximo diario,2016-05-20 00:00,cm,398,Preliminar
53119010,BUENAVENTURA IDEAM  - AUT [53119010],NIVEL,Nivel mínimo diario,2016-05-20 00:00,cm,89,Preliminar
53119010,BUENAVENTURA IDEAM  - AUT [53119010],NIVEL,Nivel máximo diario,2016-05-21 00:00,cm,407,Preliminar
53119010,BUENAVENTURA IDEAM  - AUT [53119010],NIVEL,Nivel mínimo diario,2016-05-21 00:00,cm,74,Preliminar
53119010,BUENAVENTURA IDEAM  - AUT [53119010],NIVEL,Nivel máximo diario,2016-05-22 00:00,cm,413,Preliminar
53119010,BUENAVENTURA IDEAM  - AUT [53119010],NIVEL,Nivel mínimo diario,2016-05-22 00:00,cm,72,Preliminar
53119010,BUENAVENTURA IDEAM  - AUT [53119010],NIVEL,Nivel máximo diario,2016-05-23 00:00,cm,413,Preliminar
53119010,BUENAVENTURA IDEAM  - AUT [53119010],NIVEL,Nivel mínimo diario,2016-05-23 00:00,cm,59,Preliminar
53119010,BUENAVENTURA IDEAM  - AUT [53119010],NIVEL,Nivel máximo diario,2016-05-24 00:00,cm,411,Preliminar
53119010,BUENAVENTURA IDEAM  - AUT [53119010],NIVEL,Nivel mínimo diario,2016-05-24 00:00,cm,56,Preliminar
53119010,BUENAVENTURA IDEAM  - AUT [53119010],NIVEL,Nivel máximo diario,2016-05-25 00:00,cm,407,Preliminar
53119010,BUENAVENTURA IDEAM  - AUT [53119010],NIVEL,Nivel mínimo diario,2016-05-25 00:00,cm,56,Preliminar
53119010,BUENAVENTURA IDEAM  - AUT [53119010],NIVEL,Nivel máximo diario,2016-05-26 00:00,cm,405,Preliminar
53119010,BUENAVENTURA IDEAM  - AUT [53119010],NIVEL,Nivel mínimo diario,2016-05-26 00:00,cm,77,Preliminar
53119010,BUENAVENTURA IDEAM  - AUT [53119010],NIVEL,Nivel máximo diario,2016-05-27 00:00,cm,395,Preliminar
53119010,BUENAVENTURA IDEAM  - AUT [53119010],NIVEL,Nivel mínimo diario,2016-05-27 00:00,cm,79,Preliminar
53119010,BUENAVENTURA IDEAM  - AUT [53119010],NIVEL,Nivel máximo diario,2016-05-28 00:00,cm,392,Preliminar
53119010,BUENAVENTURA IDEAM  - AUT [53119010],NIVEL,Nivel mínimo diario,2016-05-28 00:00,cm,97,Preliminar
53119010,BUENAVENTURA IDEAM  - AUT [53119010],NIVEL,Nivel máximo diario,2016-05-29 00:00,cm,384,Preliminar
53119010,BUENAVENTURA IDEAM  - AUT [53119010],NIVEL,Nivel mínimo diario,2016-05-29 00:00,cm,101,Preliminar
53119010,BUENAVENTURA IDEAM  - AUT [53119010],NIVEL,Nivel máximo diario,2016-05-30 00:00,cm,390,Preliminar
53119010,BUENAVENTURA IDEAM  - AUT [53119010],NIVEL,Nivel mínimo diario,2016-05-30 00:00,cm,107,Preliminar
53119010,BUENAVENTURA IDEAM  - AUT [53119010],NIVEL,Nivel máximo diario,2016-05-31 00:00,cm,391,Preliminar
53119010,BUENAVENTURA IDEAM  - AUT [53119010],NIVEL,Nivel mínimo diario,2016-05-31 00:00,cm,101,Preliminar
53119010,BUENAVENTURA IDEAM  - AUT [53119010],NIVEL,Nivel máximo diario,2016-06-01 00:00,cm,409,Preliminar
53119010,BUENAVENTURA IDEAM  - AUT [53119010],NIVEL,Nivel mínimo diario,2016-06-01 00:00,cm,82,Preliminar
53119010,BUENAVENTURA IDEAM  - AUT [53119010],NIVEL,Nivel máximo diario,2016-06-02 00:00,cm,426,Preliminar
53119010,BUENAVENTURA IDEAM  - AUT [53119010],NIVEL,Nivel mínimo diario,2016-06-02 00:00,cm,63,Preliminar
53119010,BUENAVENTURA IDEAM  - AUT [53119010],NIVEL,Nivel máximo diario,2016-06-03 00:00,cm,445,Preliminar
53119010,BUENAVENTURA IDEAM  - AUT [53119010],NIVEL,Nivel mínimo diario,2016-06-03 00:00,cm,35,Preliminar
53119010,BUENAVENTURA IDEAM  - AUT [53119010],NIVEL,Nivel máximo diario,2016-06-04 00:00,cm,459,Preliminar
53119010,BUENAVENTURA IDEAM  - AUT [53119010],NIVEL,Nivel mínimo diario,2016-06-04 00:00,cm,14,Preliminar
53119010,BUENAVENTURA IDEAM  - AUT [53119010],NIVEL,Nivel máximo diario,2016-06-05 00:00,cm,459,Preliminar
53119010,BUENAVENTURA IDEAM  - AUT [53119010],NIVEL,Nivel mínimo diario,2016-06-05 00:00,cm,15,Preliminar
53119010,BUENAVENTURA IDEAM  - AUT [53119010],NIVEL,Nivel máximo diario,2016-06-06 00:00,cm,470,Preliminar
53119010,BUENAVENTURA IDEAM  - AUT [53119010],NIVEL,Nivel mínimo diario,2016-06-06 00:00,cm,30,Preliminar
53119010,BUENAVENTURA IDEAM  - AUT [53119010],NIVEL,Nivel máximo diario,2016-06-07 00:00,cm,465,Preliminar
53119010,BUENAVENTURA IDEAM  - AUT [53119010],NIVEL,Nivel mínimo diario,2016-06-07 00:00,cm,2,Preliminar
53119010,BUENAVENTURA IDEAM  - AUT [53119010],NIVEL,Nivel máximo diario,2016-06-08 00:00,cm,446,Preliminar
53119010,BUENAVENTURA IDEAM  - AUT [53119010],NIVEL,Nivel mínimo diario,2016-06-08 00:00,cm,2,Preliminar
53119010,BUENAVENTURA IDEAM  - AUT [53119010],NIVEL,Nivel máximo diario,2016-06-09 00:00,cm,434,Preliminar
53119010,BUENAVENTURA IDEAM  - AUT [53119010],NIVEL,Nivel mínimo diario,2016-06-09 00:00,cm,34,Preliminar
53119010,BUENAVENTURA IDEAM  - AUT [53119010],NIVEL,Nivel máximo diario,2016-06-10 00:00,cm,420,Preliminar
53119010,BUENAVENTURA IDEAM  - AUT [53119010],NIVEL,Nivel mínimo diario,2016-06-10 00:00,cm,56,Preliminar
53119010,BUENAVENTURA IDEAM  - AUT [53119010],NIVEL,Nivel máximo diario,2016-06-11 00:00,cm,398,Preliminar
53119010,BUENAVENTURA IDEAM  - AUT [53119010],NIVEL,Nivel mínimo diario,2016-06-11 00:00,cm,77,Preliminar
53119010,BUENAVENTURA IDEAM  - AUT [53119010],NIVEL,Nivel máximo diario,2016-06-12 00:00,cm,381,Preliminar
53119010,BUENAVENTURA IDEAM  - AUT [53119010],NIVEL,Nivel mínimo diario,2016-06-12 00:00,cm,97,Preliminar
53119010,BUENAVENTURA IDEAM  - AUT [53119010],NIVEL,Nivel máximo diario,2016-06-13 00:00,cm,370,Preliminar
53119010,BUENAVENTURA IDEAM  - AUT [53119010],NIVEL,Nivel mínimo diario,2016-06-13 00:00,cm,120,Preliminar
53119010,BUENAVENTURA IDEAM  - AUT [53119010],NIVEL,Nivel máximo diario,2016-06-14 00:00,cm,357,Preliminar
53119010,BUENAVENTURA IDEAM  - AUT [53119010],NIVEL,Nivel mínimo diario,2016-06-14 00:00,cm,135,Preliminar
53119010,BUENAVENTURA IDEAM  - AUT [53119010],NIVEL,Nivel máximo diario,2016-06-15 00:00,cm,356,Preliminar
53119010,BUENAVENTURA IDEAM  - AUT [53119010],NIVEL,Nivel mínimo diario,2016-06-15 00:00,cm,121,Preliminar
53119010,BUENAVENTURA IDEAM  - AUT [53119010],NIVEL,Nivel máximo diario,2016-06-16 00:00,cm,358,Preliminar
53119010,BUENAVENTURA IDEAM  - AUT [53119010],NIVEL,Nivel mínimo diario,2016-06-16 00:00,cm,109,Preliminar
53119010,BUENAVENTURA IDEAM  - AUT [53119010],NIVEL,Nivel máximo diario,2016-06-17 00:00,cm,363,Preliminar
53119010,BUENAVENTURA IDEAM  - AUT [53119010],NIVEL,Nivel mínimo diario,2016-06-17 00:00,cm,93,Preliminar
53119010,BUENAVENTURA IDEAM  - AUT [53119010],NIVEL,Nivel máximo diario,2016-06-18 00:00,cm,376,Preliminar
53119010,BUENAVENTURA IDEAM  - AUT [53119010],NIVEL,Nivel mínimo diario,2016-06-18 00:00,cm,78,Preliminar
53119010,BUENAVENTURA IDEAM  - AUT [53119010],NIVEL,Nivel máximo diario,2016-06-19 00:00,cm,396,Preliminar
53119010,BUENAVENTURA IDEAM  - AUT [53119010],NIVEL,Nivel mínimo diario,2016-06-19 00:00,cm,73,Preliminar
53119010,BUENAVENTURA IDEAM  - AUT [53119010],NIVEL,Nivel máximo diario,2016-06-20 00:00,cm,403,Preliminar
53119010,BUENAVENTURA IDEAM  - AUT [53119010],NIVEL,Nivel mínimo diario,2016-06-20 00:00,cm,59,Preliminar
53119010,BUENAVENTURA IDEAM  - AUT [53119010],NIVEL,Nivel máximo diario,2016-06-21 00:00,cm,413,Preliminar
53119010,BUENAVENTURA IDEAM  - AUT [53119010],NIVEL,Nivel mínimo diario,2016-06-21 00:00,cm,54,Preliminar
53119010,BUENAVENTURA IDEAM  - AUT [53119010],NIVEL,Nivel máximo diario,2016-06-22 00:00,cm,418,Preliminar
53119010,BUENAVENTURA IDEAM  - AUT [53119010],NIVEL,Nivel mínimo diario,2016-06-22 00:00,cm,60,Preliminar
53119010,BUENAVENTURA IDEAM  - AUT [53119010],NIVEL,Nivel máximo diario,2016-06-23 00:00,cm,424,Preliminar
53119010,BUENAVENTURA IDEAM  - AUT [53119010],NIVEL,Nivel mínimo diario,2016-06-23 00:00,cm,60,Preliminar
53119010,BUENAVENTURA IDEAM  - AUT [53119010],NIVEL,Nivel máximo diario,2016-06-24 00:00,cm,421,Preliminar
53119010,BUENAVENTURA IDEAM  - AUT [53119010],NIVEL,Nivel mínimo diario,2016-06-24 00:00,cm,60,Preliminar
53119010,BUENAVENTURA IDEAM  - AUT [53119010],NIVEL,Nivel máximo diario,2016-06-25 00:00,cm,418,Preliminar
53119010,BUENAVENTURA IDEAM  - AUT [53119010],NIVEL,Nivel mínimo diario,2016-06-25 00:00,cm,61,Preliminar
53119010,BUENAVENTURA IDEAM  - AUT [53119010],NIVEL,Nivel máximo diario,2016-06-26 00:00,cm,416,Preliminar
53119010,BUENAVENTURA IDEAM  - AUT [53119010],NIVEL,Nivel mínimo diario,2016-06-26 00:00,cm,73,Preliminar
53119010,BUENAVENTURA IDEAM  - AUT [53119010],NIVEL,Nivel máximo diario,2016-06-27 00:00,cm,411,Preliminar
53119010,BUENAVENTURA IDEAM  - AUT [53119010],NIVEL,Nivel mínimo diario,2016-06-27 00:00,cm,78,Preliminar
53119010,BUENAVENTURA IDEAM  - AUT [53119010],NIVEL,Nivel máximo diario,2016-06-28 00:00,cm,415,Preliminar
53119010,BUENAVENTURA IDEAM  - AUT [53119010],NIVEL,Nivel mínimo diario,2016-06-28 00:00,cm,91,Preliminar
53119010,BUENAVENTURA IDEAM  - AUT [53119010],NIVEL,Nivel máximo diario,2016-06-29 00:00,cm,415,Preliminar
53119010,BUENAVENTURA IDEAM  - AUT [53119010],NIVEL,Nivel mínimo diario,2016-06-29 00:00,cm,104,Preliminar
53119010,BUENAVENTURA IDEAM  - AUT [53119010],NIVEL,Nivel máximo diario,2016-06-30 00:00,cm,416,Preliminar
53119010,BUENAVENTURA IDEAM  - AUT [53119010],NIVEL,Nivel mínimo diario,2016-06-30 00:00,cm,104,Preliminar
53119010,BUENAVENTURA IDEAM  - AUT [53119010],NIVEL,Nivel máximo diario,2016-07-01 00:00,cm,430,Preliminar
53119010,BUENAVENTURA IDEAM  - AUT [53119010],NIVEL,Nivel mínimo diario,2016-07-01 00:00,cm,82,Preliminar
53119010,BUENAVENTURA IDEAM  - AUT [53119010],NIVEL,Nivel máximo diario,2016-07-02 00:00,cm,438,Preliminar
53119010,BUENAVENTURA IDEAM  - AUT [53119010],NIVEL,Nivel mínimo diario,2016-07-02 00:00,cm,57,Preliminar
53119010,BUENAVENTURA IDEAM  - AUT [53119010],NIVEL,Nivel máximo diario,2016-07-03 00:00,cm,450,Preliminar
53119010,BUENAVENTURA IDEAM  - AUT [53119010],NIVEL,Nivel mínimo diario,2016-07-03 00:00,cm,39,Preliminar
53119010,BUENAVENTURA IDEAM  - AUT [53119010],NIVEL,Nivel máximo diario,2016-07-04 00:00,cm,453,Preliminar
53119010,BUENAVENTURA IDEAM  - AUT [53119010],NIVEL,Nivel mínimo diario,2016-07-04 00:00,cm,25,Preliminar
53119010,BUENAVENTURA IDEAM  - AUT [53119010],NIVEL,Nivel máximo diario,2016-07-05 00:00,cm,458,Preliminar
53119010,BUENAVENTURA IDEAM  - AUT [53119010],NIVEL,Nivel mínimo diario,2016-07-05 00:00,cm,17,Preliminar
53119010,BUENAVENTURA IDEAM  - AUT [53119010],NIVEL,Nivel máximo diario,2016-07-06 00:00,cm,455,Preliminar
53119010,BUENAVENTURA IDEAM  - AUT [53119010],NIVEL,Nivel mínimo diario,2016-07-06 00:00,cm,22,Preliminar
53119010,BUENAVENTURA IDEAM  - AUT [53119010],NIVEL,Nivel máximo diario,2016-07-07 00:00,cm,446,Preliminar
53119010,BUENAVENTURA IDEAM  - AUT [53119010],NIVEL,Nivel mínimo diario,2016-07-07 00:00,cm,22,Preliminar
53119010,BUENAVENTURA IDEAM  - AUT [53119010],NIVEL,Nivel máximo diario,2016-07-08 00:00,cm,437,Preliminar
53119010,BUENAVENTURA IDEAM  - AUT [53119010],NIVEL,Nivel mínimo diario,2016-07-08 00:00,cm,33,Preliminar
53119010,BUENAVENTURA IDEAM  - AUT [53119010],NIVEL,Nivel máximo diario,2016-07-09 00:00,cm,424,Preliminar
53119010,BUENAVENTURA IDEAM  - AUT [53119010],NIVEL,Nivel mínimo diario,2016-07-09 00:00,cm,49,Preliminar
53119010,BUENAVENTURA IDEAM  - AUT [53119010],NIVEL,Nivel máximo diario,2016-07-10 00:00,cm,408,Preliminar
53119010,BUENAVENTURA IDEAM  - AUT [53119010],NIVEL,Nivel mínimo diario,2016-07-10 00:00,cm,76,Preliminar
53119010,BUENAVENTURA IDEAM  - AUT [53119010],NIVEL,Nivel máximo diario,2016-07-11 00:00,cm,391,Preliminar
53119010,BUENAVENTURA IDEAM  - AUT [53119010],NIVEL,Nivel mínimo diario,2016-07-11 00:00,cm,94,Preliminar
53119010,BUENAVENTURA IDEAM  - AUT [53119010],NIVEL,Nivel máximo diario,2016-07-12 00:00,cm,376,Preliminar
53119010,BUENAVENTURA IDEAM  - AUT [53119010],NIVEL,Nivel mínimo diario,2016-07-12 00:00,cm,128,Preliminar
53119010,BUENAVENTURA IDEAM  - AUT [53119010],NIVEL,Nivel máximo diario,2016-07-13 00:00,cm,364,Preliminar
53119010,BUENAVENTURA IDEAM  - AUT [53119010],NIVEL,Nivel mínimo diario,2016-07-13 00:00,cm,148,Preliminar
53119010,BUENAVENTURA IDEAM  - AUT [53119010],NIVEL,Nivel máximo diario,2016-07-14 00:00,cm,354,Preliminar
53119010,BUENAVENTURA IDEAM  - AUT [53119010],NIVEL,Nivel mínimo diario,2016-07-14 00:00,cm,147,Preliminar
53119010,BUENAVENTURA IDEAM  - AUT [53119010],NIVEL,Nivel máximo diario,2016-07-15 00:00,cm,355,Preliminar
53119010,BUENAVENTURA IDEAM  - AUT [53119010],NIVEL,Nivel mínimo diario,2016-07-15 00:00,cm,134,Preliminar
53119010,BUENAVENTURA IDEAM  - AUT [53119010],NIVEL,Nivel máximo diario,2016-07-16 00:00,cm,359,Preliminar
53119010,BUENAVENTURA IDEAM  - AUT [53119010],NIVEL,Nivel mínimo diario,2016-07-16 00:00,cm,114,Preliminar
53119010,BUENAVENTURA IDEAM  - AUT [53119010],NIVEL,Nivel máximo diario,2016-07-17 00:00,cm,369,Preliminar
53119010,BUENAVENTURA IDEAM  - AUT [53119010],NIVEL,Nivel mínimo diario,2016-07-17 00:00,cm,97,Preliminar
53119010,BUENAVENTURA IDEAM  - AUT [53119010],NIVEL,Nivel máximo diario,2016-07-18 00:00,cm,392,Preliminar
53119010,BUENAVENTURA IDEAM  - AUT [53119010],NIVEL,Nivel mínimo diario,2016-07-18 00:00,cm,82,Preliminar
53119010,BUENAVENTURA IDEAM  - AUT [53119010],NIVEL,Nivel máximo diario,2016-07-19 00:00,cm,409,Preliminar
53119010,BUENAVENTURA IDEAM  - AUT [53119010],NIVEL,Nivel mínimo diario,2016-07-19 00:00,cm,63,Preliminar
53119010,BUENAVENTURA IDEAM  - AUT [53119010],NIVEL,Nivel máximo diario,2016-07-20 00:00,cm,416,Preliminar
53119010,BUENAVENTURA IDEAM  - AUT [53119010],NIVEL,Nivel mínimo diario,2016-07-20 00:00,cm,47,Preliminar
53119010,BUENAVENTURA IDEAM  - AUT [53119010],NIVEL,Nivel máximo diario,2016-07-21 00:00,cm,424,Preliminar
53119010,BUENAVENTURA IDEAM  - AUT [53119010],NIVEL,Nivel mínimo diario,2016-07-21 00:00,cm,37,Preliminar
53119010,BUENAVENTURA IDEAM  - AUT [53119010],NIVEL,Nivel máximo diario,2016-07-22 00:00,cm,433,Preliminar
53119010,BUENAVENTURA IDEAM  - AUT [53119010],NIVEL,Nivel mínimo diario,2016-07-22 00:00,cm,28,Preliminar
53119010,BUENAVENTURA IDEAM  - AUT [53119010],NIVEL,Nivel máximo diario,2016-07-23 00:00,cm,434,Preliminar
53119010,BUENAVENTURA IDEAM  - AUT [53119010],NIVEL,Nivel mínimo diario,2016-07-23 00:00,cm,28,Preliminar
53119010,BUENAVENTURA IDEAM  - AUT [53119010],NIVEL,Nivel máximo diario,2016-07-24 00:00,cm,438,Preliminar
53119010,BUENAVENTURA IDEAM  - AUT [53119010],NIVEL,Nivel mínimo diario,2016-07-24 00:00,cm,41,Preliminar
53119010,BUENAVENTURA IDEAM  - AUT [53119010],NIVEL,Nivel máximo diario,2016-07-25 00:00,cm,434,Preliminar
53119010,BUENAVENTURA IDEAM  - AUT [53119010],NIVEL,Nivel mínimo diario,2016-07-25 00:00,cm,44,Preliminar
53119010,BUENAVENTURA IDEAM  - AUT [53119010],NIVEL,Nivel máximo diario,2016-07-26 00:00,cm,432,Preliminar
53119010,BUENAVENTURA IDEAM  - AUT [53119010],NIVEL,Nivel mínimo diario,2016-07-26 00:00,cm,66,Preliminar
53119010,BUENAVENTURA IDEAM  - AUT [53119010],NIVEL,Nivel máximo diario,2016-07-27 00:00,cm,415,Preliminar
53119010,BUENAVENTURA IDEAM  - AUT [53119010],NIVEL,Nivel mínimo diario,2016-07-27 00:00,cm,80,Preliminar
53119010,BUENAVENTURA IDEAM  - AUT [53119010],NIVEL,Nivel máximo diario,2016-07-28 00:00,cm,405,Preliminar
53119010,BUENAVENTURA IDEAM  - AUT [53119010],NIVEL,Nivel mínimo diario,2016-07-28 00:00,cm,90,Preliminar
53119010,BUENAVENTURA IDEAM  - AUT [53119010],NIVEL,Nivel máximo diario,2016-07-29 00:00,cm,409,Preliminar
53119010,BUENAVENTURA IDEAM  - AUT [53119010],NIVEL,Nivel mínimo diario,2016-07-29 00:00,cm,100,Preliminar
53119010,BUENAVENTURA IDEAM  - AUT [53119010],NIVEL,Nivel máximo diario,2016-07-30 00:00,cm,408,Preliminar
53119010,BUENAVENTURA IDEAM  - AUT [53119010],NIVEL,Nivel mínimo diario,2016-07-30 00:00,cm,83,Preliminar
53119010,BUENAVENTURA IDEAM  - AUT [53119010],NIVEL,Nivel máximo diario,2016-07-31 00:00,cm,415,Preliminar
53119010,BUENAVENTURA IDEAM  - AUT [53119010],NIVEL,Nivel mínimo diario,2016-07-31 00:00,cm,71,Preliminar
53119010,BUENAVENTURA IDEAM  - AUT [53119010],NIVEL,Nivel máximo diario,2016-08-01 00:00,cm,423,Preliminar
53119010,BUENAVENTURA IDEAM  - AUT [53119010],NIVEL,Nivel mínimo diario,2016-08-01 00:00,cm,55,Preliminar
53119010,BUENAVENTURA IDEAM  - AUT [53119010],NIVEL,Nivel máximo diario,2016-08-02 00:00,cm,434,Preliminar
53119010,BUENAVENTURA IDEAM  - AUT [53119010],NIVEL,Nivel mínimo diario,2016-08-02 00:00,cm,28,Preliminar
53119010,BUENAVENTURA IDEAM  - AUT [53119010],NIVEL,Nivel máximo diario,2016-08-03 00:00,cm,444,Preliminar
53119010,BUENAVENTURA IDEAM  - AUT [53119010],NIVEL,Nivel mínimo diario,2016-08-03 00:00,cm,37,Preliminar
53119010,BUENAVENTURA IDEAM  - AUT [53119010],NIVEL,Nivel máximo diario,2016-08-04 00:00,cm,444,Preliminar
53119010,BUENAVENTURA IDEAM  - AUT [53119010],NIVEL,Nivel mínimo diario,2016-08-04 00:00,cm,31,Preliminar
53119010,BUENAVENTURA IDEAM  - AUT [53119010],NIVEL,Nivel máximo diario,2016-08-05 00:00,cm,443,Preliminar
53119010,BUENAVENTURA IDEAM  - AUT [53119010],NIVEL,Nivel mínimo diario,2016-08-05 00:00,cm,33,Preliminar
53119010,BUENAVENTURA IDEAM  - AUT [53119010],NIVEL,Nivel máximo diario,2016-08-06 00:00,cm,430,Preliminar
53119010,BUENAVENTURA IDEAM  - AUT [53119010],NIVEL,Nivel mínimo diario,2016-08-06 00:00,cm,33,Preliminar
53119010,BUENAVENTURA IDEAM  - AUT [53119010],NIVEL,Nivel máximo diario,2016-08-07 00:00,cm,425,Preliminar
53119010,BUENAVENTURA IDEAM  - AUT [53119010],NIVEL,Nivel mínimo diario,2016-08-07 00:00,cm,59,Preliminar
53119010,BUENAVENTURA IDEAM  - AUT [53119010],NIVEL,Nivel máximo diario,2016-08-08 00:00,cm,407,Preliminar
53119010,BUENAVENTURA IDEAM  - AUT [53119010],NIVEL,Nivel mínimo diario,2016-08-08 00:00,cm,83,Preliminar
53119010,BUENAVENTURA IDEAM  - AUT [53119010],NIVEL,Nivel máximo diario,2016-08-09 00:00,cm,394,Preliminar
53119010,BUENAVENTURA IDEAM  - AUT [53119010],NIVEL,Nivel mínimo diario,2016-08-09 00:00,cm,107,Preliminar
53119010,BUENAVENTURA IDEAM  - AUT [53119010],NIVEL,Nivel máximo diario,2016-08-10 00:00,cm,378,Preliminar
53119010,BUENAVENTURA IDEAM  - AUT [53119010],NIVEL,Nivel mínimo diario,2016-08-10 00:00,cm,126,Preliminar
53119010,BUENAVENTURA IDEAM  - AUT [53119010],NIVEL,Nivel máximo diario,2016-08-11 00:00,cm,359,Preliminar
53119010,BUENAVENTURA IDEAM  - AUT [53119010],NIVEL,Nivel mínimo diario,2016-08-11 00:00,cm,134,Preliminar
53119010,BUENAVENTURA IDEAM  - AUT [53119010],NIVEL,Nivel máximo diario,2016-08-12 00:00,cm,342,Preliminar
53119010,BUENAVENTURA IDEAM  - AUT [53119010],NIVEL,Nivel mínimo diario,2016-08-12 00:00,cm,149,Preliminar
53119010,BUENAVENTURA IDEAM  - AUT [53119010],NIVEL,Nivel máximo diario,2016-08-13 00:00,cm,340,Preliminar
53119010,BUENAVENTURA IDEAM  - AUT [53119010],NIVEL,Nivel mínimo diario,2016-08-13 00:00,cm,142,Preliminar
53119010,BUENAVENTURA IDEAM  - AUT [53119010],NIVEL,Nivel máximo diario,2016-08-14 00:00,cm,349,Preliminar
53119010,BUENAVENTURA IDEAM  - AUT [53119010],NIVEL,Nivel mínimo diario,2016-08-14 00:00,cm,129,Preliminar
53119010,BUENAVENTURA IDEAM  - AUT [53119010],NIVEL,Nivel máximo diario,2016-08-15 00:00,cm,363,Preliminar
53119010,BUENAVENTURA IDEAM  - AUT [53119010],NIVEL,Nivel mínimo diario,2016-08-15 00:00,cm,110,Preliminar
53119010,BUENAVENTURA IDEAM  - AUT [53119010],NIVEL,Nivel máximo diario,2016-08-16 00:00,cm,384,Preliminar
53119010,BUENAVENTURA IDEAM  - AUT [53119010],NIVEL,Nivel mínimo diario,2016-08-16 00:00,cm,90,Preliminar
53119010,BUENAVENTURA IDEAM  - AUT [53119010],NIVEL,Nivel máximo diario,2016-08-17 00:00,cm,408,Preliminar
53119010,BUENAVENTURA IDEAM  - AUT [53119010],NIVEL,Nivel mínimo diario,2016-08-17 00:00,cm,71,Preliminar
53119010,BUENAVENTURA IDEAM  - AUT [53119010],NIVEL,Nivel máximo diario,2016-08-18 00:00,cm,430,Preliminar
53119010,BUENAVENTURA IDEAM  - AUT [53119010],NIVEL,Nivel mínimo diario,2016-08-18 00:00,cm,47,Preliminar
53119010,BUENAVENTURA IDEAM  - AUT [53119010],NIVEL,Nivel máximo diario,2016-08-19 00:00,cm,455,Preliminar
53119010,BUENAVENTURA IDEAM  - AUT [53119010],NIVEL,Nivel mínimo diario,2016-08-19 00:00,cm,50,Preliminar
53119010,BUENAVENTURA IDEAM  - AUT [53119010],NIVEL,Nivel máximo diario,2016-08-20 00:00,cm,462,Preliminar
53119010,BUENAVENTURA IDEAM  - AUT [53119010],NIVEL,Nivel mínimo diario,2016-08-20 00:00,cm,31,Preliminar
53119010,BUENAVENTURA IDEAM  - AUT [53119010],NIVEL,Nivel máximo diario,2016-08-21 00:00,cm,473,Preliminar
53119010,BUENAVENTURA IDEAM  - AUT [53119010],NIVEL,Nivel mínimo diario,2016-08-21 00:00,cm,26,Preliminar
53119010,BUENAVENTURA IDEAM  - AUT [53119010],NIVEL,Nivel máximo diario,2016-08-22 00:00,cm,473,Preliminar
53119010,BUENAVENTURA IDEAM  - AUT [53119010],NIVEL,Nivel mínimo diario,2016-08-22 00:00,cm,26,Preliminar
53119010,BUENAVENTURA IDEAM  - AUT [53119010],NIVEL,Nivel máximo diario,2016-08-23 00:00,cm,459,Preliminar
53119010,BUENAVENTURA IDEAM  - AUT [53119010],NIVEL,Nivel mínimo diario,2016-08-23 00:00,cm,38,Preliminar
53119010,BUENAVENTURA IDEAM  - AUT [53119010],NIVEL,Nivel máximo diario,2016-08-24 00:00,cm,442,Preliminar
53119010,BUENAVENTURA IDEAM  - AUT [53119010],NIVEL,Nivel mínimo diario,2016-08-24 00:00,cm,56,Preliminar
53119010,BUENAVENTURA IDEAM  - AUT [53119010],NIVEL,Nivel máximo diario,2016-08-25 00:00,cm,423,Preliminar
53119010,BUENAVENTURA IDEAM  - AUT [53119010],NIVEL,Nivel mínimo diario,2016-08-25 00:00,cm,80,Preliminar
53119010,BUENAVENTURA IDEAM  - AUT [53119010],NIVEL,Nivel máximo diario,2016-08-26 00:00,cm,400,Preliminar
53119010,BUENAVENTURA IDEAM  - AUT [53119010],NIVEL,Nivel mínimo diario,2016-08-26 00:00,cm,101,Preliminar
53119010,BUENAVENTURA IDEAM  - AUT [53119010],NIVEL,Nivel máximo diario,2016-08-27 00:00,cm,389,Preliminar
53119010,BUENAVENTURA IDEAM  - AUT [53119010],NIVEL,Nivel mínimo diario,2016-08-27 00:00,cm,106,Preliminar
53119010,BUENAVENTURA IDEAM  - AUT [53119010],NIVEL,Nivel máximo diario,2016-08-28 00:00,cm,386,Preliminar
53119010,BUENAVENTURA IDEAM  - AUT [53119010],NIVEL,Nivel mínimo diario,2016-08-28 00:00,cm,96,Preliminar
53119010,BUENAVENTURA IDEAM  - AUT [53119010],NIVEL,Nivel máximo diario,2016-08-29 00:00,cm,398,Preliminar
53119010,BUENAVENTURA IDEAM  - AUT [53119010],NIVEL,Nivel mínimo diario,2016-08-29 00:00,cm,88,Preliminar
53119010,BUENAVENTURA IDEAM  - AUT [53119010],NIVEL,Nivel máximo diario,2016-08-30 00:00,cm,413,Preliminar
53119010,BUENAVENTURA IDEAM  - AUT [53119010],NIVEL,Nivel mínimo diario,2016-08-30 00:00,cm,62,Preliminar
53119010,BUENAVENTURA IDEAM  - AUT [53119010],NIVEL,Nivel máximo diario,2016-08-31 00:00,cm,430,Preliminar
53119010,BUENAVENTURA IDEAM  - AUT [53119010],NIVEL,Nivel mínimo diario,2016-08-31 00:00,cm,62,Preliminar
53119010,BUENAVENTURA IDEAM  - AUT [53119010],NIVEL,Nivel máximo diario,2016-09-01 00:00,cm,434,Preliminar
53119010,BUENAVENTURA IDEAM  - AUT [53119010],NIVEL,Nivel mínimo diario,2016-09-01 00:00,cm,50,Preliminar
53119010,BUENAVENTURA IDEAM  - AUT [53119010],NIVEL,Nivel máximo diario,2016-09-02 00:00,cm,441,Preliminar
53119010,BUENAVENTURA IDEAM  - AUT [53119010],NIVEL,Nivel mínimo diario,2016-09-02 00:00,cm,45,Preliminar
53119010,BUENAVENTURA IDEAM  - AUT [53119010],NIVEL,Nivel máximo diario,2016-09-03 00:00,cm,434,Preliminar
53119010,BUENAVENTURA IDEAM  - AUT [53119010],NIVEL,Nivel mínimo diario,2016-09-03 00:00,cm,50,Preliminar
53119010,BUENAVENTURA IDEAM  - AUT [53119010],NIVEL,Nivel máximo diario,2016-09-04 00:00,cm,433,Preliminar
53119010,BUENAVENTURA IDEAM  - AUT [53119010],NIVEL,Nivel mínimo diario,2016-09-04 00:00,cm,56,Preliminar
53119010,BUENAVENTURA IDEAM  - AUT [53119010],NIVEL,Nivel máximo diario,2016-09-05 00:00,cm,418,Preliminar
53119010,BUENAVENTURA IDEAM  - AUT [53119010],NIVEL,Nivel mínimo diario,2016-09-05 00:00,cm,56,Preliminar
53119010,BUENAVENTURA IDEAM  - AUT [53119010],NIVEL,Nivel máximo diario,2016-09-06 00:00,cm,409,Preliminar
53119010,BUENAVENTURA IDEAM  - AUT [53119010],NIVEL,Nivel mínimo diario,2016-09-06 00:00,cm,79,Preliminar
53119010,BUENAVENTURA IDEAM  - AUT [53119010],NIVEL,Nivel máximo diario,2016-09-07 00:00,cm,394,Preliminar
53119010,BUENAVENTURA IDEAM  - AUT [53119010],NIVEL,Nivel mínimo diario,2016-09-07 00:00,cm,96,Preliminar
53119010,BUENAVENTURA IDEAM  - AUT [53119010],NIVEL,Nivel máximo diario,2016-09-08 00:00,cm,371,Preliminar
53119010,BUENAVENTURA IDEAM  - AUT [53119010],NIVEL,Nivel mínimo diario,2016-09-08 00:00,cm,111,Preliminar
53119010,BUENAVENTURA IDEAM  - AUT [53119010],NIVEL,Nivel máximo diario,2016-09-09 00:00,cm,350,Preliminar
53119010,BUENAVENTURA IDEAM  - AUT [53119010],NIVEL,Nivel mínimo diario,2016-09-09 00:00,cm,131,Preliminar
53119010,BUENAVENTURA IDEAM  - AUT [53119010],NIVEL,Nivel máximo diario,2016-09-10 00:00,cm,337,Preliminar
53119010,BUENAVENTURA IDEAM  - AUT [53119010],NIVEL,Nivel mínimo diario,2016-09-10 00:00,cm,144,Preliminar
53119010,BUENAVENTURA IDEAM  - AUT [53119010],NIVEL,Nivel máximo diario,2016-09-11 00:00,cm,337,Preliminar
53119010,BUENAVENTURA IDEAM  - AUT [53119010],NIVEL,Nivel mínimo diario,2016-09-11 00:00,cm,156,Preliminar
53119010,BUENAVENTURA IDEAM  - AUT [53119010],NIVEL,Nivel máximo diario,2016-09-12 00:00,cm,337,Preliminar
53119010,BUENAVENTURA IDEAM  - AUT [53119010],NIVEL,Nivel mínimo diario,2016-09-12 00:00,cm,137,Preliminar
53119010,BUENAVENTURA IDEAM  - AUT [53119010],NIVEL,Nivel máximo diario,2016-09-13 00:00,cm,358,Preliminar
53119010,BUENAVENTURA IDEAM  - AUT [53119010],NIVEL,Nivel mínimo diario,2016-09-13 00:00,cm,113,Preliminar
53119010,BUENAVENTURA IDEAM  - AUT [53119010],NIVEL,Nivel máximo diario,2016-09-14 00:00,cm,384,Preliminar
53119010,BUENAVENTURA IDEAM  - AUT [53119010],NIVEL,Nivel mínimo diario,2016-09-14 00:00,cm,86,Preliminar
53119010,BUENAVENTURA IDEAM  - AUT [53119010],NIVEL,Nivel máximo diario,2016-09-15 00:00,cm,409,Preliminar
53119010,BUENAVENTURA IDEAM  - AUT [53119010],NIVEL,Nivel mínimo diario,2016-09-15 00:00,cm,81,Preliminar
53119010,BUENAVENTURA IDEAM  - AUT [53119010],NIVEL,Nivel máximo diario,2016-09-16 00:00,cm,444,Preliminar
53119010,BUENAVENTURA IDEAM  - AUT [53119010],NIVEL,Nivel mínimo diario,2016-09-16 00:00,cm,31,Preliminar
53119010,BUENAVENTURA IDEAM  - AUT [53119010],NIVEL,Nivel máximo diario,2016-09-17 00:00,cm,462,Preliminar
53119010,BUENAVENTURA IDEAM  - AUT [53119010],NIVEL,Nivel mínimo diario,2016-09-17 00:00,cm,15,Preliminar
53119010,BUENAVENTURA IDEAM  - AUT [53119010],NIVEL,Nivel máximo diario,2016-09-18 00:00,cm,476,Preliminar
53119010,BUENAVENTURA IDEAM  - AUT [53119010],NIVEL,Nivel mínimo diario,2016-09-18 00:00,cm,1,Preliminar
53119010,BUENAVENTURA IDEAM  - AUT [53119010],NIVEL,Nivel máximo diario,2016-09-19 00:00,cm,478,Preliminar
53119010,BUENAVENTURA IDEAM  - AUT [53119010],NIVEL,Nivel mínimo diario,2016-09-19 00:00,cm,4,Preliminar
53119010,BUENAVENTURA IDEAM  - AUT [53119010],NIVEL,Nivel máximo diario,2016-09-20 00:00,cm,476,Preliminar
53119010,BUENAVENTURA IDEAM  - AUT [53119010],NIVEL,Nivel mínimo diario,2016-09-20 00:00,cm,2,Preliminar
53119010,BUENAVENTURA IDEAM  - AUT [53119010],NIVEL,Nivel máximo diario,2016-09-21 00:00,cm,467,Preliminar
53119010,BUENAVENTURA IDEAM  - AUT [53119010],NIVEL,Nivel mínimo diario,2016-09-21 00:00,cm,18,Preliminar
53119010,BUENAVENTURA IDEAM  - AUT [53119010],NIVEL,Nivel máximo diario,2016-09-22 00:00,cm,441,Preliminar
53119010,BUENAVENTURA IDEAM  - AUT [53119010],NIVEL,Nivel mínimo diario,2016-09-22 00:00,cm,59,Preliminar
53119010,BUENAVENTURA IDEAM  - AUT [53119010],NIVEL,Nivel máximo diario,2016-09-23 00:00,cm,413,Preliminar
53119010,BUENAVENTURA IDEAM  - AUT [53119010],NIVEL,Nivel mínimo diario,2016-09-23 00:00,cm,89,Preliminar
53119010,BUENAVENTURA IDEAM  - AUT [53119010],NIVEL,Nivel máximo diario,2016-09-24 00:00,cm,387,Preliminar
53119010,BUENAVENTURA IDEAM  - AUT [53119010],NIVEL,Nivel mínimo diario,2016-09-24 00:00,cm,102,Preliminar
53119010,BUENAVENTURA IDEAM  - AUT [53119010],NIVEL,Nivel máximo diario,2016-09-25 00:00,cm,372,Preliminar
53119010,BUENAVENTURA IDEAM  - AUT [53119010],NIVEL,Nivel mínimo diario,2016-09-25 00:00,cm,112,Preliminar
53119010,BUENAVENTURA IDEAM  - AUT [53119010],NIVEL,Nivel máximo diario,2016-09-26 00:00,cm,371,Preliminar
53119010,BUENAVENTURA IDEAM  - AUT [53119010],NIVEL,Nivel mínimo diario,2016-09-26 00:00,cm,110,Preliminar
53119010,BUENAVENTURA IDEAM  - AUT [53119010],NIVEL,Nivel máximo diario,2016-09-27 00:00,cm,381,Preliminar
53119010,BUENAVENTURA IDEAM  - AUT [53119010],NIVEL,Nivel mínimo diario,2016-09-27 00:00,cm,96,Preliminar
53119010,BUENAVENTURA IDEAM  - AUT [53119010],NIVEL,Nivel máximo diario,2016-09-28 00:00,cm,397,Preliminar
53119010,BUENAVENTURA IDEAM  - AUT [53119010],NIVEL,Nivel mínimo diario,2016-09-28 00:00,cm,91,Preliminar
53119010,BUENAVENTURA IDEAM  - AUT [53119010],NIVEL,Nivel máximo diario,2016-09-29 00:00,cm,415,Preliminar
53119010,BUENAVENTURA IDEAM  - AUT [53119010],NIVEL,Nivel mínimo diario,2016-09-29 00:00,cm,77,Preliminar
53119010,BUENAVENTURA IDEAM  - AUT [53119010],NIVEL,Nivel máximo diario,2016-09-30 00:00,cm,432,Preliminar
53119010,BUENAVENTURA IDEAM  - AUT [53119010],NIVEL,Nivel mínimo diario,2016-09-30 00:00,cm,74,Preliminar
53119010,BUENAVENTURA IDEAM  - AUT [53119010],NIVEL,Nivel máximo diario,2016-10-01 00:00,cm,437,Preliminar
53119010,BUENAVENTURA IDEAM  - AUT [53119010],NIVEL,Nivel mínimo diario,2016-10-01 00:00,cm,63,Preliminar
53119010,BUENAVENTURA IDEAM  - AUT [53119010],NIVEL,Nivel máximo diario,2016-10-02 00:00,cm,437,Preliminar
53119010,BUENAVENTURA IDEAM  - AUT [53119010],NIVEL,Nivel mínimo diario,2016-10-02 00:00,cm,65,Preliminar
53119010,BUENAVENTURA IDEAM  - AUT [53119010],NIVEL,Nivel máximo diario,2016-10-03 00:00,cm,430,Preliminar
53119010,BUENAVENTURA IDEAM  - AUT [53119010],NIVEL,Nivel mínimo diario,2016-10-03 00:00,cm,63,Preliminar
53119010,BUENAVENTURA IDEAM  - AUT [53119010],NIVEL,Nivel máximo diario,2016-10-04 00:00,cm,430,Preliminar
53119010,BUENAVENTURA IDEAM  - AUT [53119010],NIVEL,Nivel mínimo diario,2016-10-04 00:00,cm,71,Preliminar
53119010,BUENAVENTURA IDEAM  - AUT [53119010],NIVEL,Nivel máximo diario,2016-10-05 00:00,cm,412,Preliminar
53119010,BUENAVENTURA IDEAM  - AUT [53119010],NIVEL,Nivel mínimo diario,2016-10-05 00:00,cm,88,Preliminar
53119010,BUENAVENTURA IDEAM  - AUT [53119010],NIVEL,Nivel máximo diario,2016-10-06 00:00,cm,401,Preliminar
53119010,BUENAVENTURA IDEAM  - AUT [53119010],NIVEL,Nivel mínimo diario,2016-10-06 00:00,cm,102,Preliminar
53119010,BUENAVENTURA IDEAM  - AUT [53119010],NIVEL,Nivel máximo diario,2016-10-07 00:00,cm,380,Preliminar
53119010,BUENAVENTURA IDEAM  - AUT [53119010],NIVEL,Nivel mínimo diario,2016-10-07 00:00,cm,111,Preliminar
53119010,BUENAVENTURA IDEAM  - AUT [53119010],NIVEL,Nivel máximo diario,2016-10-08 00:00,cm,360,Preliminar
53119010,BUENAVENTURA IDEAM  - AUT [53119010],NIVEL,Nivel mínimo diario,2016-10-08 00:00,cm,130,Preliminar
53119010,BUENAVENTURA IDEAM  - AUT [53119010],NIVEL,Nivel máximo diario,2016-10-09 00:00,cm,347,Preliminar
53119010,BUENAVENTURA IDEAM  - AUT [53119010],NIVEL,Nivel mínimo diario,2016-10-09 00:00,cm,140,Preliminar
53119010,BUENAVENTURA IDEAM  - AUT [53119010],NIVEL,Nivel máximo diario,2016-10-10 00:00,cm,339,Preliminar
53119010,BUENAVENTURA IDEAM  - AUT [53119010],NIVEL,Nivel mínimo diario,2016-10-10 00:00,cm,150,Preliminar
53119010,BUENAVENTURA IDEAM  - AUT [53119010],NIVEL,Nivel máximo diario,2016-10-11 00:00,cm,350,Preliminar
53119010,BUENAVENTURA IDEAM  - AUT [53119010],NIVEL,Nivel mínimo diario,2016-10-11 00:00,cm,140,Preliminar
53119010,BUENAVENTURA IDEAM  - AUT [53119010],NIVEL,Nivel máximo diario,2016-10-12 00:00,cm,353,Preliminar
53119010,BUENAVENTURA IDEAM  - AUT [53119010],NIVEL,Nivel mínimo diario,2016-10-12 00:00,cm,122,Preliminar
53119010,BUENAVENTURA IDEAM  - AUT [53119010],NIVEL,Nivel máximo diario,2016-10-13 00:00,cm,386,Preliminar
53119010,BUENAVENTURA IDEAM  - AUT [53119010],NIVEL,Nivel mínimo diario,2016-10-13 00:00,cm,97,Preliminar
53119010,BUENAVENTURA IDEAM  - AUT [53119010],NIVEL,Nivel máximo diario,2016-10-14 00:00,cm,421,Preliminar
53119010,BUENAVENTURA IDEAM  - AUT [53119010],NIVEL,Nivel mínimo diario,2016-10-14 00:00,cm,71,Preliminar
53119010,BUENAVENTURA IDEAM  - AUT [53119010],NIVEL,Nivel máximo diario,2016-10-15 00:00,cm,450,Preliminar
53119010,BUENAVENTURA IDEAM  - AUT [53119010],NIVEL,Nivel mínimo diario,2016-10-15 00:00,cm,50,Preliminar
53119010,BUENAVENTURA IDEAM  - AUT [53119010],NIVEL,Nivel máximo diario,2016-10-16 00:00,cm,475,Preliminar
53119010,BUENAVENTURA IDEAM  - AUT [53119010],NIVEL,Nivel mínimo diario,2016-10-16 00:00,cm,17,Preliminar
53119010,BUENAVENTURA IDEAM  - AUT [53119010],NIVEL,Nivel máximo diario,2016-10-17 00:00,cm,475,Preliminar
53119010,BUENAVENTURA IDEAM  - AUT [53119010],NIVEL,Nivel mínimo diario,2016-10-17 00:00,cm,93,Preliminar
53119010,BUENAVENTURA IDEAM  - AUT [53119010],NIVEL,Nivel máximo diario,2016-11-08 00:00,cm,352,Preliminar
53119010,BUENAVENTURA IDEAM  - AUT [53119010],NIVEL,Nivel mínimo diario,2016-11-08 00:00,cm,132,Preliminar
53119010,BUENAVENTURA IDEAM  - AUT [53119010],NIVEL,Nivel máximo diario,2016-11-09 00:00,cm,360,Preliminar
53119010,BUENAVENTURA IDEAM  - AUT [53119010],NIVEL,Nivel mínimo diario,2016-11-09 00:00,cm,133,Preliminar
53119010,BUENAVENTURA IDEAM  - AUT [53119010],NIVEL,Nivel máximo diario,2016-11-10 00:00,cm,358,Preliminar
53119010,BUENAVENTURA IDEAM  - AUT [53119010],NIVEL,Nivel mínimo diario,2016-11-10 00:00,cm,129,Preliminar
53119010,BUENAVENTURA IDEAM  - AUT [53119010],NIVEL,Nivel máximo diario,2016-11-11 00:00,cm,374,Preliminar
53119010,BUENAVENTURA IDEAM  - AUT [53119010],NIVEL,Nivel mínimo diario,2016-11-11 00:00,cm,85,Preliminar
53119010,BUENAVENTURA IDEAM  - AUT [53119010],NIVEL,Nivel máximo diario,2016-11-12 00:00,cm,408,Preliminar
53119010,BUENAVENTURA IDEAM  - AUT [53119010],NIVEL,Nivel mínimo diario,2016-11-12 00:00,cm,66,Preliminar
53119010,BUENAVENTURA IDEAM  - AUT [53119010],NIVEL,Nivel máximo diario,2016-11-13 00:00,cm,441,Preliminar
53119010,BUENAVENTURA IDEAM  - AUT [53119010],NIVEL,Nivel mínimo diario,2016-11-13 00:00,cm,46,Preliminar
53119010,BUENAVENTURA IDEAM  - AUT [53119010],NIVEL,Nivel máximo diario,2016-11-14 00:00,cm,473,Preliminar
53119010,BUENAVENTURA IDEAM  - AUT [53119010],NIVEL,Nivel mínimo diario,2016-11-14 00:00,cm,19,Preliminar
53119010,BUENAVENTURA IDEAM  - AUT [53119010],NIVEL,Nivel máximo diario,2016-11-15 00:00,cm,488,Preliminar
53119010,BUENAVENTURA IDEAM  - AUT [53119010],NIVEL,Nivel mínimo diario,2016-11-15 00:00,cm,25,Preliminar
53119010,BUENAVENTURA IDEAM  - AUT [53119010],NIVEL,Nivel máximo diario,2016-11-16 00:00,cm,499,Preliminar
53119010,BUENAVENTURA IDEAM  - AUT [53119010],NIVEL,Nivel mínimo diario,2016-11-16 00:00,cm,23,Preliminar
53119010,BUENAVENTURA IDEAM  - AUT [53119010],NIVEL,Nivel máximo diario,2016-11-17 00:00,cm,471,Preliminar
53119010,BUENAVENTURA IDEAM  - AUT [53119010],NIVEL,Nivel mínimo diario,2016-11-17 00:00,cm,0,Preliminar
53119010,BUENAVENTURA IDEAM  - AUT [53119010],NIVEL,Nivel máximo diario,2016-11-18 00:00,cm,458,Preliminar
53119010,BUENAVENTURA IDEAM  - AUT [53119010],NIVEL,Nivel mínimo diario,2016-11-18 00:00,cm,30,Preliminar
53119010,BUENAVENTURA IDEAM  - AUT [53119010],NIVEL,Nivel máximo diario,2016-11-20 00:00,cm,405,Preliminar
53119010,BUENAVENTURA IDEAM  - AUT [53119010],NIVEL,Nivel mínimo diario,2016-11-20 00:00,cm,78,Preliminar
53119010,BUENAVENTURA IDEAM  - AUT [53119010],NIVEL,Nivel máximo diario,2016-11-21 00:00,cm,378,Preliminar
53119010,BUENAVENTURA IDEAM  - AUT [53119010],NIVEL,Nivel mínimo diario,2016-11-21 00:00,cm,100,Preliminar
53119010,BUENAVENTURA IDEAM  - AUT [53119010],NIVEL,Nivel máximo diario,2016-11-22 00:00,cm,362,Preliminar
53119010,BUENAVENTURA IDEAM  - AUT [53119010],NIVEL,Nivel mínimo diario,2016-11-22 00:00,cm,119,Preliminar
53119010,BUENAVENTURA IDEAM  - AUT [53119010],NIVEL,Nivel máximo diario,2016-11-23 00:00,cm,366,Preliminar
53119010,BUENAVENTURA IDEAM  - AUT [53119010],NIVEL,Nivel mínimo diario,2016-11-23 00:00,cm,124,Preliminar
53119010,BUENAVENTURA IDEAM  - AUT [53119010],NIVEL,Nivel máximo diario,2016-11-24 00:00,cm,366,Preliminar
53119010,BUENAVENTURA IDEAM  - AUT [53119010],NIVEL,Nivel mínimo diario,2016-11-24 00:00,cm,127,Preliminar
53119010,BUENAVENTURA IDEAM  - AUT [53119010],NIVEL,Nivel máximo diario,2016-11-25 00:00,cm,368,Preliminar
53119010,BUENAVENTURA IDEAM  - AUT [53119010],NIVEL,Nivel mínimo diario,2016-11-25 00:00,cm,118,Preliminar
53119010,BUENAVENTURA IDEAM  - AUT [53119010],NIVEL,Nivel máximo diario,2016-11-26 00:00,cm,383,Preliminar
53119010,BUENAVENTURA IDEAM  - AUT [53119010],NIVEL,Nivel mínimo diario,2016-11-26 00:00,cm,113,Preliminar
53119010,BUENAVENTURA IDEAM  - AUT [53119010],NIVEL,Nivel máximo diario,2016-11-27 00:00,cm,387,Preliminar
53119010,BUENAVENTURA IDEAM  - AUT [53119010],NIVEL,Nivel mínimo diario,2016-11-27 00:00,cm,91,Preliminar
53119010,BUENAVENTURA IDEAM  - AUT [53119010],NIVEL,Nivel máximo diario,2016-11-28 00:00,cm,398,Preliminar
53119010,BUENAVENTURA IDEAM  - AUT [53119010],NIVEL,Nivel mínimo diario,2016-11-28 00:00,cm,84,Preliminar
53119010,BUENAVENTURA IDEAM  - AUT [53119010],NIVEL,Nivel máximo diario,2016-11-29 00:00,cm,403,Preliminar
53119010,BUENAVENTURA IDEAM  - AUT [53119010],NIVEL,Nivel mínimo diario,2016-11-29 00:00,cm,73,Preliminar
53119010,BUENAVENTURA IDEAM  - AUT [53119010],NIVEL,Nivel máximo diario,2016-11-30 00:00,cm,411,Preliminar
53119010,BUENAVENTURA IDEAM  - AUT [53119010],NIVEL,Nivel mínimo diario,2016-11-30 00:00,cm,71,Preliminar
53119010,BUENAVENTURA IDEAM  - AUT [53119010],NIVEL,Nivel máximo diario,2016-12-01 00:00,cm,413,Preliminar
53119010,BUENAVENTURA IDEAM  - AUT [53119010],NIVEL,Nivel mínimo diario,2016-12-01 00:00,cm,66,Preliminar
53119010,BUENAVENTURA IDEAM  - AUT [53119010],NIVEL,Nivel máximo diario,2016-12-04 00:00,cm,396,Preliminar
53119010,BUENAVENTURA IDEAM  - AUT [53119010],NIVEL,Nivel mínimo diario,2016-12-04 00:00,cm,82,Preliminar
53119010,BUENAVENTURA IDEAM  - AUT [53119010],NIVEL,Nivel máximo diario,2016-12-05 00:00,cm,382,Preliminar
53119010,BUENAVENTURA IDEAM  - AUT [53119010],NIVEL,Nivel mínimo diario,2016-12-05 00:00,cm,90,Preliminar
53119010,BUENAVENTURA IDEAM  - AUT [53119010],NIVEL,Nivel máximo diario,2016-12-06 00:00,cm,373,Preliminar
53119010,BUENAVENTURA IDEAM  - AUT [53119010],NIVEL,Nivel mínimo diario,2016-12-06 00:00,cm,105,Preliminar
53119010,BUENAVENTURA IDEAM  - AUT [53119010],NIVEL,Nivel máximo diario,2016-12-08 00:00,cm,373,Preliminar
53119010,BUENAVENTURA IDEAM  - AUT [53119010],NIVEL,Nivel mínimo diario,2016-12-08 00:00,cm,117,Preliminar
53119010,BUENAVENTURA IDEAM  - AUT [53119010],NIVEL,Nivel máximo diario,2016-12-09 00:00,cm,388,Preliminar
53119010,BUENAVENTURA IDEAM  - AUT [53119010],NIVEL,Nivel mínimo diario,2016-12-09 00:00,cm,110,Preliminar
53119010,BUENAVENTURA IDEAM  - AUT [53119010],NIVEL,Nivel máximo diario,2016-12-10 00:00,cm,392,Preliminar
53119010,BUENAVENTURA IDEAM  - AUT [53119010],NIVEL,Nivel mínimo diario,2016-12-10 00:00,cm,99,Preliminar
53119010,BUENAVENTURA IDEAM  - AUT [53119010],NIVEL,Nivel máximo diario,2016-12-11 00:00,cm,407,Preliminar
53119010,BUENAVENTURA IDEAM  - AUT [53119010],NIVEL,Nivel mínimo diario,2016-12-11 00:00,cm,72,Preliminar
53119010,BUENAVENTURA IDEAM  - AUT [53119010],NIVEL,Nivel máximo diario,2016-12-12 00:00,cm,431,Preliminar
53119010,BUENAVENTURA IDEAM  - AUT [53119010],NIVEL,Nivel mínimo diario,2016-12-12 00:00,cm,45,Preliminar
53119010,BUENAVENTURA IDEAM  - AUT [53119010],NIVEL,Nivel máximo diario,2016-12-13 00:00,cm,454,Preliminar
53119010,BUENAVENTURA IDEAM  - AUT [53119010],NIVEL,Nivel mínimo diario,2016-12-13 00:00,cm,10,Preliminar
53119010,BUENAVENTURA IDEAM  - AUT [53119010],NIVEL,Nivel máximo diario,2016-12-14 00:00,cm,474,Preliminar
53119010,BUENAVENTURA IDEAM  - AUT [53119010],NIVEL,Nivel mínimo diario,2016-12-14 00:00,cm,-5,Preliminar
53119010,BUENAVENTURA IDEAM  - AUT [53119010],NIVEL,Nivel máximo diario,2016-12-15 00:00,cm,484,Preliminar
53119010,BUENAVENTURA IDEAM  - AUT [53119010],NIVEL,Nivel mínimo diario,2016-12-15 00:00,cm,-8,Preliminar
53119010,BUENAVENTURA IDEAM  - AUT [53119010],NIVEL,Nivel máximo diario,2016-12-16 00:00,cm,476,Preliminar
53119010,BUENAVENTURA IDEAM  - AUT [53119010],NIVEL,Nivel mínimo diario,2016-12-16 00:00,cm,4,Preliminar
53119010,BUENAVENTURA IDEAM  - AUT [53119010],NIVEL,Nivel máximo diario,2016-12-17 00:00,cm,466,Preliminar
53119010,BUENAVENTURA IDEAM  - AUT [53119010],NIVEL,Nivel mínimo diario,2016-12-17 00:00,cm,11,Preliminar
53119010,BUENAVENTURA IDEAM  - AUT [53119010],NIVEL,Nivel máximo diario,2016-12-18 00:00,cm,446,Preliminar
53119010,BUENAVENTURA IDEAM  - AUT [53119010],NIVEL,Nivel mínimo diario,2016-12-18 00:00,cm,37,Preliminar
53119010,BUENAVENTURA IDEAM  - AUT [53119010],NIVEL,Nivel máximo diario,2016-12-19 00:00,cm,421,Preliminar
53119010,BUENAVENTURA IDEAM  - AUT [53119010],NIVEL,Nivel mínimo diario,2016-12-19 00:00,cm,65,Preliminar
53119010,BUENAVENTURA IDEAM  - AUT [53119010],NIVEL,Nivel máximo diario,2016-12-20 00:00,cm,401,Preliminar
53119010,BUENAVENTURA IDEAM  - AUT [53119010],NIVEL,Nivel mínimo diario,2016-12-20 00:00,cm,94,Preliminar
53119010,BUENAVENTURA IDEAM  - AUT [53119010],NIVEL,Nivel máximo diario,2016-12-21 00:00,cm,383,Preliminar
53119010,BUENAVENTURA IDEAM  - AUT [53119010],NIVEL,Nivel mínimo diario,2016-12-21 00:00,cm,119,Preliminar
53119010,BUENAVENTURA IDEAM  - AUT [53119010],NIVEL,Nivel máximo diario,2016-12-22 00:00,cm,362,Preliminar
53119010,BUENAVENTURA IDEAM  - AUT [53119010],NIVEL,Nivel mínimo diario,2016-12-22 00:00,cm,132,Preliminar
53119010,BUENAVENTURA IDEAM  - AUT [53119010],NIVEL,Nivel máximo diario,2016-12-23 00:00,cm,354,Preliminar
53119010,BUENAVENTURA IDEAM  - AUT [53119010],NIVEL,Nivel mínimo diario,2016-12-23 00:00,cm,134,Preliminar
53119010,BUENAVENTURA IDEAM  - AUT [53119010],NIVEL,Nivel máximo diario,2016-12-24 00:00,cm,354,Preliminar
53119010,BUENAVENTURA IDEAM  - AUT [53119010],NIVEL,Nivel mínimo diario,2016-12-24 00:00,cm,136,Preliminar
53119010,BUENAVENTURA IDEAM  - AUT [53119010],NIVEL,Nivel máximo diario,2016-12-25 00:00,cm,357,Preliminar
53119010,BUENAVENTURA IDEAM  - AUT [53119010],NIVEL,Nivel mínimo diario,2016-12-25 00:00,cm,124,Preliminar
53119010,BUENAVENTURA IDEAM  - AUT [53119010],NIVEL,Nivel máximo diario,2016-12-26 00:00,cm,367,Preliminar
53119010,BUENAVENTURA IDEAM  - AUT [53119010],NIVEL,Nivel mínimo diario,2016-12-26 00:00,cm,113,Preliminar
53119010,BUENAVENTURA IDEAM  - AUT [53119010],NIVEL,Nivel máximo diario,2016-12-27 00:00,cm,376,Preliminar
53119010,BUENAVENTURA IDEAM  - AUT [53119010],NIVEL,Nivel mínimo diario,2016-12-27 00:00,cm,92,Preliminar
53119010,BUENAVENTURA IDEAM  - AUT [53119010],NIVEL,Nivel máximo diario,2016-12-28 00:00,cm,394,Preliminar
53119010,BUENAVENTURA IDEAM  - AUT [53119010],NIVEL,Nivel mínimo diario,2016-12-28 00:00,cm,82,Preliminar
53119010,BUENAVENTURA IDEAM  - AUT [53119010],NIVEL,Nivel máximo diario,2016-12-29 00:00,cm,404,Preliminar
53119010,BUENAVENTURA IDEAM  - AUT [53119010],NIVEL,Nivel mínimo diario,2016-12-29 00:00,cm,71,Preliminar
53119010,BUENAVENTURA IDEAM  - AUT [53119010],NIVEL,Nivel máximo diario,2016-12-30 00:00,cm,409,Preliminar
53119010,BUENAVENTURA IDEAM  - AUT [53119010],NIVEL,Nivel mínimo diario,2016-12-30 00:00,cm,60,Preliminar
53119010,BUENAVENTURA IDEAM  - AUT [53119010],NIVEL,Nivel máximo diario,2016-12-31 00:00,cm,409,Preliminar
53119010,BUENAVENTURA IDEAM  - AUT [53119010],NIVEL,Nivel mínimo diario,2016-12-31 00:00,cm,54,Preliminar
53119010,BUENAVENTURA IDEAM  - AUT [53119010],NIVEL,Nivel máximo diario,2017-01-01 00:00,cm,416,Preliminar
53119010,BUENAVENTURA IDEAM  - AUT [53119010],NIVEL,Nivel mínimo diario,2017-01-01 00:00,cm,56,Preliminar
53119010,BUENAVENTURA IDEAM  - AUT [53119010],NIVEL,Nivel máximo diario,2017-01-02 00:00,cm,418,Preliminar
53119010,BUENAVENTURA IDEAM  - AUT [53119010],NIVEL,Nivel mínimo diario,2017-01-02 00:00,cm,67,Preliminar
53119010,BUENAVENTURA IDEAM  - AUT [53119010],NIVEL,Nivel máximo diario,2017-01-03 00:00,cm,415,Preliminar
53119010,BUENAVENTURA IDEAM  - AUT [53119010],NIVEL,Nivel mínimo diario,2017-01-03 00:00,cm,71,Preliminar
53119010,BUENAVENTURA IDEAM  - AUT [53119010],NIVEL,Nivel máximo diario,2017-01-04 00:00,cm,407,Preliminar
53119010,BUENAVENTURA IDEAM  - AUT [53119010],NIVEL,Nivel mínimo diario,2017-01-04 00:00,cm,84,Preliminar
53119010,BUENAVENTURA IDEAM  - AUT [53119010],NIVEL,Nivel máximo diario,2017-01-05 00:00,cm,394,Preliminar
53119010,BUENAVENTURA IDEAM  - AUT [53119010],NIVEL,Nivel mínimo diario,2017-01-05 00:00,cm,88,Preliminar
53119010,BUENAVENTURA IDEAM  - AUT [53119010],NIVEL,Nivel máximo diario,2017-01-06 00:00,cm,391,Preliminar
53119010,BUENAVENTURA IDEAM  - AUT [53119010],NIVEL,Nivel mínimo diario,2017-01-06 00:00,cm,93,Preliminar
53119010,BUENAVENTURA IDEAM  - AUT [53119010],NIVEL,Nivel máximo diario,2017-01-07 00:00,cm,389,Preliminar
53119010,BUENAVENTURA IDEAM  - AUT [53119010],NIVEL,Nivel mínimo diario,2017-01-07 00:00,cm,102,Preliminar
53119010,BUENAVENTURA IDEAM  - AUT [53119010],NIVEL,Nivel máximo diario,2017-01-08 00:00,cm,392,Preliminar
53119010,BUENAVENTURA IDEAM  - AUT [53119010],NIVEL,Nivel mínimo diario,2017-01-08 00:00,cm,94,Preliminar
53119010,BUENAVENTURA IDEAM  - AUT [53119010],NIVEL,Nivel máximo diario,2017-01-09 00:00,cm,396,Preliminar
53119010,BUENAVENTURA IDEAM  - AUT [53119010],NIVEL,Nivel mínimo diario,2017-01-09 00:00,cm,82,Preliminar
53119010,BUENAVENTURA IDEAM  - AUT [53119010],NIVEL,Nivel máximo diario,2017-01-10 00:00,cm,412,Preliminar
53119010,BUENAVENTURA IDEAM  - AUT [53119010],NIVEL,Nivel mínimo diario,2017-01-10 00:00,cm,53,Preliminar
53119010,BUENAVENTURA IDEAM  - AUT [53119010],NIVEL,Nivel máximo diario,2017-01-11 00:00,cm,430,Preliminar
53119010,BUENAVENTURA IDEAM  - AUT [53119010],NIVEL,Nivel mínimo diario,2017-01-11 00:00,cm,30,Preliminar
53119010,BUENAVENTURA IDEAM  - AUT [53119010],NIVEL,Nivel máximo diario,2017-01-12 00:00,cm,442,Preliminar
53119010,BUENAVENTURA IDEAM  - AUT [53119010],NIVEL,Nivel mínimo diario,2017-01-12 00:00,cm,5,Preliminar
53119010,BUENAVENTURA IDEAM  - AUT [53119010],NIVEL,Nivel máximo diario,2017-01-13 00:00,cm,458,Preliminar
53119010,BUENAVENTURA IDEAM  - AUT [53119010],NIVEL,Nivel mínimo diario,2017-01-13 00:00,cm,4,Preliminar
53119010,BUENAVENTURA IDEAM  - AUT [53119010],NIVEL,Nivel máximo diario,2017-01-14 00:00,cm,461,Preliminar
53119010,BUENAVENTURA IDEAM  - AUT [53119010],NIVEL,Nivel mínimo diario,2017-01-14 00:00,cm,16,Preliminar
53119010,BUENAVENTURA IDEAM  - AUT [53119010],NIVEL,Nivel máximo diario,2017-01-15 00:00,cm,457,Preliminar
53119010,BUENAVENTURA IDEAM  - AUT [53119010],NIVEL,Nivel mínimo diario,2017-01-15 00:00,cm,1,Preliminar
53119010,BUENAVENTURA IDEAM  - AUT [53119010],NIVEL,Nivel máximo diario,2017-01-16 00:00,cm,448,Preliminar
53119010,BUENAVENTURA IDEAM  - AUT [53119010],NIVEL,Nivel mínimo diario,2017-01-16 00:00,cm,32,Preliminar
53119010,BUENAVENTURA IDEAM  - AUT [53119010],NIVEL,Nivel máximo diario,2017-01-17 00:00,cm,424,Preliminar
53119010,BUENAVENTURA IDEAM  - AUT [53119010],NIVEL,Nivel mínimo diario,2017-01-17 00:00,cm,55,Preliminar
53119010,BUENAVENTURA IDEAM  - AUT [53119010],NIVEL,Nivel máximo diario,2017-01-18 00:00,cm,400,Preliminar
53119010,BUENAVENTURA IDEAM  - AUT [53119010],NIVEL,Nivel mínimo diario,2017-01-18 00:00,cm,72,Preliminar
53119010,BUENAVENTURA IDEAM  - AUT [53119010],NIVEL,Nivel máximo diario,2017-01-19 00:00,cm,375,Preliminar
53119010,BUENAVENTURA IDEAM  - AUT [53119010],NIVEL,Nivel mínimo diario,2017-01-19 00:00,cm,94,Preliminar
53119010,BUENAVENTURA IDEAM  - AUT [53119010],NIVEL,Nivel máximo diario,2017-01-20 00:00,cm,351,Preliminar
53119010,BUENAVENTURA IDEAM  - AUT [53119010],NIVEL,Nivel mínimo diario,2017-01-20 00:00,cm,112,Preliminar
53119010,BUENAVENTURA IDEAM  - AUT [53119010],NIVEL,Nivel máximo diario,2017-01-21 00:00,cm,337,Preliminar
53119010,BUENAVENTURA IDEAM  - AUT [53119010],NIVEL,Nivel mínimo diario,2017-01-21 00:00,cm,128,Preliminar
53119010,BUENAVENTURA IDEAM  - AUT [53119010],NIVEL,Nivel máximo diario,2017-01-22 00:00,cm,329,Preliminar
53119010,BUENAVENTURA IDEAM  - AUT [53119010],NIVEL,Nivel mínimo diario,2017-01-22 00:00,cm,131,Preliminar
53119010,BUENAVENTURA IDEAM  - AUT [53119010],NIVEL,Nivel máximo diario,2017-01-23 00:00,cm,329,Preliminar
53119010,BUENAVENTURA IDEAM  - AUT [53119010],NIVEL,Nivel mínimo diario,2017-01-23 00:00,cm,134,Preliminar
53119010,BUENAVENTURA IDEAM  - AUT [53119010],NIVEL,Nivel máximo diario,2017-01-24 00:00,cm,337,Preliminar
53119010,BUENAVENTURA IDEAM  - AUT [53119010],NIVEL,Nivel mínimo diario,2017-01-24 00:00,cm,115,Preliminar
53119010,BUENAVENTURA IDEAM  - AUT [53119010],NIVEL,Nivel máximo diario,2017-01-25 00:00,cm,353,Preliminar
53119010,BUENAVENTURA IDEAM  - AUT [53119010],NIVEL,Nivel mínimo diario,2017-01-25 00:00,cm,101,Preliminar
53119010,BUENAVENTURA IDEAM  - AUT [53119010],NIVEL,Nivel máximo diario,2017-01-26 00:00,cm,365,Preliminar
53119010,BUENAVENTURA IDEAM  - AUT [53119010],NIVEL,Nivel mínimo diario,2017-01-26 00:00,cm,73,Preliminar
53119010,BUENAVENTURA IDEAM  - AUT [53119010],NIVEL,Nivel máximo diario,2017-01-27 00:00,cm,390,Preliminar
53119010,BUENAVENTURA IDEAM  - AUT [53119010],NIVEL,Nivel mínimo diario,2017-01-27 00:00,cm,57,Preliminar
53119010,BUENAVENTURA IDEAM  - AUT [53119010],NIVEL,Nivel máximo diario,2017-01-28 00:00,cm,408,Preliminar
53119010,BUENAVENTURA IDEAM  - AUT [53119010],NIVEL,Nivel mínimo diario,2017-01-28 00:00,cm,46,Preliminar
53119010,BUENAVENTURA IDEAM  - AUT [53119010],NIVEL,Nivel máximo diario,2017-01-29 00:00,cm,412,Preliminar
53119010,BUENAVENTURA IDEAM  - AUT [53119010],NIVEL,Nivel mínimo diario,2017-01-29 00:00,cm,33,Preliminar
53119010,BUENAVENTURA IDEAM  - AUT [53119010],NIVEL,Nivel máximo diario,2017-01-30 00:00,cm,425,Preliminar
53119010,BUENAVENTURA IDEAM  - AUT [53119010],NIVEL,Nivel mínimo diario,2017-01-30 00:00,cm,24,Preliminar
53119010,BUENAVENTURA IDEAM  - AUT [53119010],NIVEL,Nivel máximo diario,2017-01-31 00:00,cm,430,Preliminar
53119010,BUENAVENTURA IDEAM  - AUT [53119010],NIVEL,Nivel mínimo diario,2017-01-31 00:00,cm,24,Preliminar
53119010,BUENAVENTURA IDEAM  - AUT [53119010],NIVEL,Nivel máximo diario,2017-02-01 00:00,cm,422,Preliminar
53119010,BUENAVENTURA IDEAM  - AUT [53119010],NIVEL,Nivel mínimo diario,2017-02-01 00:00,cm,30,Preliminar
53119010,BUENAVENTURA IDEAM  - AUT [53119010],NIVEL,Nivel máximo diario,2017-02-02 00:00,cm,413,Preliminar
53119010,BUENAVENTURA IDEAM  - AUT [53119010],NIVEL,Nivel mínimo diario,2017-02-02 00:00,cm,47,Preliminar
53119010,BUENAVENTURA IDEAM  - AUT [53119010],NIVEL,Nivel máximo diario,2017-02-03 00:00,cm,404,Preliminar
53119010,BUENAVENTURA IDEAM  - AUT [53119010],NIVEL,Nivel mínimo diario,2017-02-03 00:00,cm,59,Preliminar
53119010,BUENAVENTURA IDEAM  - AUT [53119010],NIVEL,Nivel máximo diario,2017-02-04 00:00,cm,388,Preliminar
53119010,BUENAVENTURA IDEAM  - AUT [53119010],NIVEL,Nivel mínimo diario,2017-02-04 00:00,cm,63,Preliminar
53119010,BUENAVENTURA IDEAM  - AUT [53119010],NIVEL,Nivel máximo diario,2017-02-05 00:00,cm,374,Preliminar
53119010,BUENAVENTURA IDEAM  - AUT [53119010],NIVEL,Nivel mínimo diario,2017-02-05 00:00,cm,73,Preliminar
53119010,BUENAVENTURA IDEAM  - AUT [53119010],NIVEL,Nivel máximo diario,2017-02-06 00:00,cm,374,Preliminar
53119010,BUENAVENTURA IDEAM  - AUT [53119010],NIVEL,Nivel mínimo diario,2017-02-06 00:00,cm,87,Preliminar
53119010,BUENAVENTURA IDEAM  - AUT [53119010],NIVEL,Nivel máximo diario,2017-02-07 00:00,cm,374,Preliminar
53119010,BUENAVENTURA IDEAM  - AUT [53119010],NIVEL,Nivel mínimo diario,2017-02-07 00:00,cm,87,Preliminar
53119010,BUENAVENTURA IDEAM  - AUT [53119010],NIVEL,Nivel máximo diario,2017-02-08 00:00,cm,382,Preliminar
53119010,BUENAVENTURA IDEAM  - AUT [53119010],NIVEL,Nivel mínimo diario,2017-02-08 00:00,cm,69,Preliminar
53119010,BUENAVENTURA IDEAM  - AUT [53119010],NIVEL,Nivel máximo diario,2017-02-09 00:00,cm,401,Preliminar
53119010,BUENAVENTURA IDEAM  - AUT [53119010],NIVEL,Nivel mínimo diario,2017-02-09 00:00,cm,44,Preliminar
53119010,BUENAVENTURA IDEAM  - AUT [53119010],NIVEL,Nivel máximo diario,2017-02-10 00:00,cm,420,Preliminar
53119010,BUENAVENTURA IDEAM  - AUT [53119010],NIVEL,Nivel mínimo diario,2017-02-10 00:00,cm,18,Preliminar
53119010,BUENAVENTURA IDEAM  - AUT [53119010],NIVEL,Nivel máximo diario,2017-02-11 00:00,cm,440,Preliminar
53119010,BUENAVENTURA IDEAM  - AUT [53119010],NIVEL,Nivel mínimo diario,2017-02-11 00:00,cm,6,Preliminar
53119010,BUENAVENTURA IDEAM  - AUT [53119010],NIVEL,Nivel máximo diario,2017-02-12 00:00,cm,446,Preliminar
53119010,BUENAVENTURA IDEAM  - AUT [53119010],NIVEL,Nivel mínimo diario,2017-02-12 00:00,cm,23,Preliminar
53119010,BUENAVENTURA IDEAM  - AUT [53119010],NIVEL,Nivel máximo diario,2017-02-13 00:00,cm,440,Preliminar
53119010,BUENAVENTURA IDEAM  - AUT [53119010],NIVEL,Nivel mínimo diario,2017-02-13 00:00,cm,10,Preliminar
53119010,BUENAVENTURA IDEAM  - AUT [53119010],NIVEL,Nivel máximo diario,2017-02-14 00:00,cm,430,Preliminar
53119010,BUENAVENTURA IDEAM  - AUT [53119010],NIVEL,Nivel mínimo diario,2017-02-14 00:00,cm,20,Preliminar
53119010,BUENAVENTURA IDEAM  - AUT [53119010],NIVEL,Nivel máximo diario,2017-02-15 00:00,cm,408,Preliminar
53119010,BUENAVENTURA IDEAM  - AUT [53119010],NIVEL,Nivel mínimo diario,2017-02-15 00:00,cm,39,Preliminar
53119010,BUENAVENTURA IDEAM  - AUT [53119010],NIVEL,Nivel máximo diario,2017-02-16 00:00,cm,393,Preliminar
53119010,BUENAVENTURA IDEAM  - AUT [53119010],NIVEL,Nivel mínimo diario,2017-02-16 00:00,cm,54,Preliminar
53119010,BUENAVENTURA IDEAM  - AUT [53119010],NIVEL,Nivel máximo diario,2017-02-17 00:00,cm,366,Preliminar
53119010,BUENAVENTURA IDEAM  - AUT [53119010],NIVEL,Nivel mínimo diario,2017-02-17 00:00,cm,66,Preliminar
53119010,BUENAVENTURA IDEAM  - AUT [53119010],NIVEL,Nivel máximo diario,2017-02-18 00:00,cm,345,Preliminar
53119010,BUENAVENTURA IDEAM  - AUT [53119010],NIVEL,Nivel mínimo diario,2017-02-18 00:00,cm,92,Preliminar
53119010,BUENAVENTURA IDEAM  - AUT [53119010],NIVEL,Nivel máximo diario,2017-02-19 00:00,cm,324,Preliminar
53119010,BUENAVENTURA IDEAM  - AUT [53119010],NIVEL,Nivel mínimo diario,2017-02-19 00:00,cm,109,Preliminar
53119010,BUENAVENTURA IDEAM  - AUT [53119010],NIVEL,Nivel máximo diario,2017-02-20 00:00,cm,313,Preliminar
53119010,BUENAVENTURA IDEAM  - AUT [53119010],NIVEL,Nivel mínimo diario,2017-02-20 00:00,cm,123,Preliminar
53119010,BUENAVENTURA IDEAM  - AUT [53119010],NIVEL,Nivel máximo diario,2017-02-21 00:00,cm,309,Preliminar
53119010,BUENAVENTURA IDEAM  - AUT [53119010],NIVEL,Nivel mínimo diario,2017-02-21 00:00,cm,132,Preliminar
53119010,BUENAVENTURA IDEAM  - AUT [53119010],NIVEL,Nivel máximo diario,2017-02-22 00:00,cm,309,Preliminar
53119010,BUENAVENTURA IDEAM  - AUT [53119010],NIVEL,Nivel mínimo diario,2017-02-22 00:00,cm,123,Preliminar
53119010,BUENAVENTURA IDEAM  - AUT [53119010],NIVEL,Nivel máximo diario,2017-02-23 00:00,cm,336,Preliminar
53119010,BUENAVENTURA IDEAM  - AUT [53119010],NIVEL,Nivel mínimo diario,2017-02-23 00:00,cm,108,Preliminar
53119010,BUENAVENTURA IDEAM  - AUT [53119010],NIVEL,Nivel máximo diario,2017-02-24 00:00,cm,364,Preliminar
53119010,BUENAVENTURA IDEAM  - AUT [53119010],NIVEL,Nivel mínimo diario,2017-02-24 00:00,cm,84,Preliminar
53119010,BUENAVENTURA IDEAM  - AUT [53119010],NIVEL,Nivel máximo diario,2017-02-25 00:00,cm,382,Preliminar
53119010,BUENAVENTURA IDEAM  - AUT [53119010],NIVEL,Nivel mínimo diario,2017-02-25 00:00,cm,64,Preliminar
53119010,BUENAVENTURA IDEAM  - AUT [53119010],NIVEL,Nivel máximo diario,2017-02-26 00:00,cm,400,Preliminar
53119010,BUENAVENTURA IDEAM  - AUT [53119010],NIVEL,Nivel mínimo diario,2017-02-26 00:00,cm,55,Preliminar
53119010,BUENAVENTURA IDEAM  - AUT [53119010],NIVEL,Nivel máximo diario,2017-02-27 00:00,cm,437,Preliminar
53119010,BUENAVENTURA IDEAM  - AUT [53119010],NIVEL,Nivel mínimo diario,2017-02-27 00:00,cm,27,Preliminar
53119010,BUENAVENTURA IDEAM  - AUT [53119010],NIVEL,Nivel máximo diario,2017-02-28 00:00,cm,454,Preliminar
53119010,BUENAVENTURA IDEAM  - AUT [53119010],NIVEL,Nivel mínimo diario,2017-02-28 00:00,cm,11,Preliminar
53119010,BUENAVENTURA IDEAM  - AUT [53119010],NIVEL,Nivel máximo diario,2017-03-01 00:00,cm,451,Preliminar
53119010,BUENAVENTURA IDEAM  - AUT [53119010],NIVEL,Nivel mínimo diario,2017-03-01 00:00,cm,12,Preliminar
53119010,BUENAVENTURA IDEAM  - AUT [53119010],NIVEL,Nivel máximo diario,2017-03-02 00:00,cm,454,Preliminar
53119010,BUENAVENTURA IDEAM  - AUT [53119010],NIVEL,Nivel mínimo diario,2017-03-02 00:00,cm,12,Preliminar
53119010,BUENAVENTURA IDEAM  - AUT [53119010],NIVEL,Nivel máximo diario,2017-03-03 00:00,cm,436,Preliminar
53119010,BUENAVENTURA IDEAM  - AUT [53119010],NIVEL,Nivel mínimo diario,2017-03-03 00:00,cm,18,Preliminar
53119010,BUENAVENTURA IDEAM  - AUT [53119010],NIVEL,Nivel máximo diario,2017-03-04 00:00,cm,416,Preliminar
53119010,BUENAVENTURA IDEAM  - AUT [53119010],NIVEL,Nivel mínimo diario,2017-03-04 00:00,cm,31,Preliminar
53119010,BUENAVENTURA IDEAM  - AUT [53119010],NIVEL,Nivel máximo diario,2017-03-05 00:00,cm,387,Preliminar
53119010,BUENAVENTURA IDEAM  - AUT [53119010],NIVEL,Nivel mínimo diario,2017-03-05 00:00,cm,61,Preliminar
53119010,BUENAVENTURA IDEAM  - AUT [53119010],NIVEL,Nivel máximo diario,2017-03-06 00:00,cm,367,Preliminar
53119010,BUENAVENTURA IDEAM  - AUT [53119010],NIVEL,Nivel mínimo diario,2017-03-06 00:00,cm,78,Preliminar
53119010,BUENAVENTURA IDEAM  - AUT [53119010],NIVEL,Nivel máximo diario,2017-03-07 00:00,cm,360,Preliminar
53119010,BUENAVENTURA IDEAM  - AUT [53119010],NIVEL,Nivel mínimo diario,2017-03-07 00:00,cm,88,Preliminar
53119010,BUENAVENTURA IDEAM  - AUT [53119010],NIVEL,Nivel máximo diario,2017-03-08 00:00,cm,360,Preliminar
53119010,BUENAVENTURA IDEAM  - AUT [53119010],NIVEL,Nivel mínimo diario,2017-03-08 00:00,cm,88,Preliminar
53119010,BUENAVENTURA IDEAM  - AUT [53119010],NIVEL,Nivel máximo diario,2017-03-09 00:00,cm,374,Preliminar
53119010,BUENAVENTURA IDEAM  - AUT [53119010],NIVEL,Nivel mínimo diario,2017-03-09 00:00,cm,77,Preliminar
53119010,BUENAVENTURA IDEAM  - AUT [53119010],NIVEL,Nivel máximo diario,2017-03-10 00:00,cm,398,Preliminar
53119010,BUENAVENTURA IDEAM  - AUT [53119010],NIVEL,Nivel mínimo diario,2017-03-10 00:00,cm,56,Preliminar
53119010,BUENAVENTURA IDEAM  - AUT [53119010],NIVEL,Nivel máximo diario,2017-03-11 00:00,cm,418,Preliminar
53119010,BUENAVENTURA IDEAM  - AUT [53119010],NIVEL,Nivel mínimo diario,2017-03-11 00:00,cm,38,Preliminar
53119010,BUENAVENTURA IDEAM  - AUT [53119010],NIVEL,Nivel máximo diario,2017-03-12 00:00,cm,426,Preliminar
53119010,BUENAVENTURA IDEAM  - AUT [53119010],NIVEL,Nivel mínimo diario,2017-03-12 00:00,cm,20,Preliminar
53119010,BUENAVENTURA IDEAM  - AUT [53119010],NIVEL,Nivel máximo diario,2017-03-13 00:00,cm,438,Preliminar
53119010,BUENAVENTURA IDEAM  - AUT [53119010],NIVEL,Nivel mínimo diario,2017-03-13 00:00,cm,23,Preliminar
53119010,BUENAVENTURA IDEAM  - AUT [53119010],NIVEL,Nivel máximo diario,2017-03-14 00:00,cm,432,Preliminar
53119010,BUENAVENTURA IDEAM  - AUT [53119010],NIVEL,Nivel mínimo diario,2017-03-14 00:00,cm,26,Preliminar
53119010,BUENAVENTURA IDEAM  - AUT [53119010],NIVEL,Nivel máximo diario,2017-03-15 00:00,cm,420,Preliminar
53119010,BUENAVENTURA IDEAM  - AUT [53119010],NIVEL,Nivel mínimo diario,2017-03-15 00:00,cm,28,Preliminar
53119010,BUENAVENTURA IDEAM  - AUT [53119010],NIVEL,Nivel máximo diario,2017-03-16 00:00,cm,411,Preliminar
53119010,BUENAVENTURA IDEAM  - AUT [53119010],NIVEL,Nivel mínimo diario,2017-03-16 00:00,cm,33,Preliminar
53119010,BUENAVENTURA IDEAM  - AUT [53119010],NIVEL,Nivel máximo diario,2017-03-17 00:00,cm,389,Preliminar
53119010,BUENAVENTURA IDEAM  - AUT [53119010],NIVEL,Nivel mínimo diario,2017-03-17 00:00,cm,52,Preliminar
53119010,BUENAVENTURA IDEAM  - AUT [53119010],NIVEL,Nivel máximo diario,2017-03-18 00:00,cm,369,Preliminar
53119010,BUENAVENTURA IDEAM  - AUT [53119010],NIVEL,Nivel mínimo diario,2017-03-18 00:00,cm,72,Preliminar
53119010,BUENAVENTURA IDEAM  - AUT [53119010],NIVEL,Nivel máximo diario,2017-03-19 00:00,cm,346,Preliminar
53119010,BUENAVENTURA IDEAM  - AUT [53119010],NIVEL,Nivel mínimo diario,2017-03-19 00:00,cm,85,Preliminar
53119010,BUENAVENTURA IDEAM  - AUT [53119010],NIVEL,Nivel máximo diario,2017-03-20 00:00,cm,324,Preliminar
53119010,BUENAVENTURA IDEAM  - AUT [53119010],NIVEL,Nivel mínimo diario,2017-03-20 00:00,cm,106,Preliminar
53119010,BUENAVENTURA IDEAM  - AUT [53119010],NIVEL,Nivel máximo diario,2017-03-21 00:00,cm,308,Preliminar
53119010,BUENAVENTURA IDEAM  - AUT [53119010],NIVEL,Nivel mínimo diario,2017-03-21 00:00,cm,120,Preliminar
53119010,BUENAVENTURA IDEAM  - AUT [53119010],NIVEL,Nivel máximo diario,2017-03-22 00:00,cm,300,Preliminar
53119010,BUENAVENTURA IDEAM  - AUT [53119010],NIVEL,Nivel mínimo diario,2017-03-22 00:00,cm,129,Preliminar
53119010,BUENAVENTURA IDEAM  - AUT [53119010],NIVEL,Nivel máximo diario,2017-03-23 00:00,cm,306,Preliminar
53119010,BUENAVENTURA IDEAM  - AUT [53119010],NIVEL,Nivel mínimo diario,2017-03-23 00:00,cm,126,Preliminar
53119010,BUENAVENTURA IDEAM  - AUT [53119010],NIVEL,Nivel máximo diario,2017-03-24 00:00,cm,323,Preliminar
53119010,BUENAVENTURA IDEAM  - AUT [53119010],NIVEL,Nivel mínimo diario,2017-03-24 00:00,cm,109,Preliminar
53119010,BUENAVENTURA IDEAM  - AUT [53119010],NIVEL,Nivel máximo diario,2017-03-25 00:00,cm,358,Preliminar
53119010,BUENAVENTURA IDEAM  - AUT [53119010],NIVEL,Nivel mínimo diario,2017-03-25 00:00,cm,85,Preliminar
53119010,BUENAVENTURA IDEAM  - AUT [53119010],NIVEL,Nivel máximo diario,2017-03-26 00:00,cm,392,Preliminar
53119010,BUENAVENTURA IDEAM  - AUT [53119010],NIVEL,Nivel mínimo diario,2017-03-26 00:00,cm,61,Preliminar
53119010,BUENAVENTURA IDEAM  - AUT [53119010],NIVEL,Nivel máximo diario,2017-03-27 00:00,cm,423,Preliminar
53119010,BUENAVENTURA IDEAM  - AUT [53119010],NIVEL,Nivel mínimo diario,2017-03-27 00:00,cm,36,Preliminar
53119010,BUENAVENTURA IDEAM  - AUT [53119010],NIVEL,Nivel máximo diario,2017-03-28 00:00,cm,450,Preliminar
53119010,BUENAVENTURA IDEAM  - AUT [53119010],NIVEL,Nivel mínimo diario,2017-03-28 00:00,cm,15,Preliminar
53119010,BUENAVENTURA IDEAM  - AUT [53119010],NIVEL,Nivel máximo diario,2017-03-29 00:00,cm,461,Preliminar
53119010,BUENAVENTURA IDEAM  - AUT [53119010],NIVEL,Nivel mínimo diario,2017-03-29 00:00,cm,9,Preliminar
53119010,BUENAVENTURA IDEAM  - AUT [53119010],NIVEL,Nivel máximo diario,2017-03-30 00:00,cm,463,Preliminar
53119010,BUENAVENTURA IDEAM  - AUT [53119010],NIVEL,Nivel mínimo diario,2017-03-30 00:00,cm,9,Preliminar
53119010,BUENAVENTURA IDEAM  - AUT [53119010],NIVEL,Nivel máximo diario,2017-03-31 00:00,cm,463,Preliminar
53119010,BUENAVENTURA IDEAM  - AUT [53119010],NIVEL,Nivel mínimo diario,2017-03-31 00:00,cm,8,Preliminar
53119010,BUENAVENTURA IDEAM  - AUT [53119010],NIVEL,Nivel máximo diario,2017-04-01 00:00,cm,447,Preliminar
53119010,BUENAVENTURA IDEAM  - AUT [53119010],NIVEL,Nivel mínimo diario,2017-04-01 00:00,cm,1,Preliminar
53119010,BUENAVENTURA IDEAM  - AUT [53119010],NIVEL,Nivel máximo diario,2017-04-02 00:00,cm,415,Preliminar
53119010,BUENAVENTURA IDEAM  - AUT [53119010],NIVEL,Nivel mínimo diario,2017-04-02 00:00,cm,26,Preliminar
53119010,BUENAVENTURA IDEAM  - AUT [53119010],NIVEL,Nivel máximo diario,2017-04-03 00:00,cm,393,Preliminar
53119010,BUENAVENTURA IDEAM  - AUT [53119010],NIVEL,Nivel mínimo diario,2017-04-03 00:00,cm,47,Preliminar
53119010,BUENAVENTURA IDEAM  - AUT [53119010],NIVEL,Nivel máximo diario,2017-04-04 00:00,cm,374,Preliminar
53119010,BUENAVENTURA IDEAM  - AUT [53119010],NIVEL,Nivel mínimo diario,2017-04-04 00:00,cm,75,Preliminar
53119010,BUENAVENTURA IDEAM  - AUT [53119010],NIVEL,Nivel máximo diario,2017-04-05 00:00,cm,365,Preliminar
53119010,BUENAVENTURA IDEAM  - AUT [53119010],NIVEL,Nivel mínimo diario,2017-04-05 00:00,cm,92,Preliminar
53119010,BUENAVENTURA IDEAM  - AUT [53119010],NIVEL,Nivel máximo diario,2017-04-06 00:00,cm,364,Preliminar
53119010,BUENAVENTURA IDEAM  - AUT [53119010],NIVEL,Nivel mínimo diario,2017-04-06 00:00,cm,102,Preliminar
53119010,BUENAVENTURA IDEAM  - AUT [53119010],NIVEL,Nivel máximo diario,2017-04-07 00:00,cm,380,Preliminar
53119010,BUENAVENTURA IDEAM  - AUT [53119010],NIVEL,Nivel mínimo diario,2017-04-07 00:00,cm,91,Preliminar
53119010,BUENAVENTURA IDEAM  - AUT [53119010],NIVEL,Nivel máximo diario,2017-04-08 00:00,cm,397,Preliminar
53119010,BUENAVENTURA IDEAM  - AUT [53119010],NIVEL,Nivel mínimo diario,2017-04-08 00:00,cm,64,Preliminar
53119010,BUENAVENTURA IDEAM  - AUT [53119010],NIVEL,Nivel máximo diario,2017-04-09 00:00,cm,408,Preliminar
53119010,BUENAVENTURA IDEAM  - AUT [53119010],NIVEL,Nivel mínimo diario,2017-04-09 00:00,cm,63,Preliminar
53119010,BUENAVENTURA IDEAM  - AUT [53119010],NIVEL,Nivel máximo diario,2017-04-10 00:00,cm,425,Preliminar
53119010,BUENAVENTURA IDEAM  - AUT [53119010],NIVEL,Nivel mínimo diario,2017-04-10 00:00,cm,51,Preliminar
53119010,BUENAVENTURA IDEAM  - AUT [53119010],NIVEL,Nivel máximo diario,2017-04-11 00:00,cm,428,Preliminar
53119010,BUENAVENTURA IDEAM  - AUT [53119010],NIVEL,Nivel mínimo diario,2017-04-11 00:00,cm,53,Preliminar
53119010,BUENAVENTURA IDEAM  - AUT [53119010],NIVEL,Nivel máximo diario,2017-04-12 00:00,cm,426,Preliminar
53119010,BUENAVENTURA IDEAM  - AUT [53119010],NIVEL,Nivel mínimo diario,2017-04-12 00:00,cm,46,Preliminar
53119010,BUENAVENTURA IDEAM  - AUT [53119010],NIVEL,Nivel máximo diario,2017-04-13 00:00,cm,422,Preliminar
53119010,BUENAVENTURA IDEAM  - AUT [53119010],NIVEL,Nivel mínimo diario,2017-04-13 00:00,cm,52,Preliminar
53119010,BUENAVENTURA IDEAM  - AUT [53119010],NIVEL,Nivel máximo diario,2017-04-14 00:00,cm,409,Preliminar
53119010,BUENAVENTURA IDEAM  - AUT [53119010],NIVEL,Nivel mínimo diario,2017-04-14 00:00,cm,52,Preliminar
53119010,BUENAVENTURA IDEAM  - AUT [53119010],NIVEL,Nivel máximo diario,2017-04-15 00:00,cm,396,Preliminar
53119010,BUENAVENTURA IDEAM  - AUT [53119010],NIVEL,Nivel mínimo diario,2017-04-15 00:00,cm,60,Preliminar
53119010,BUENAVENTURA IDEAM  - AUT [53119010],NIVEL,Nivel máximo diario,2017-04-16 00:00,cm,375,Preliminar
53119010,BUENAVENTURA IDEAM  - AUT [53119010],NIVEL,Nivel mínimo diario,2017-04-16 00:00,cm,76,Preliminar
53119010,BUENAVENTURA IDEAM  - AUT [53119010],NIVEL,Nivel máximo diario,2017-04-17 00:00,cm,365,Preliminar
53119010,BUENAVENTURA IDEAM  - AUT [53119010],NIVEL,Nivel mínimo diario,2017-04-17 00:00,cm,94,Preliminar
53119010,BUENAVENTURA IDEAM  - AUT [53119010],NIVEL,Nivel máximo diario,2017-04-18 00:00,cm,346,Preliminar
53119010,BUENAVENTURA IDEAM  - AUT [53119010],NIVEL,Nivel mínimo diario,2017-04-18 00:00,cm,114,Preliminar
53119010,BUENAVENTURA IDEAM  - AUT [53119010],NIVEL,Nivel máximo diario,2017-04-19 00:00,cm,332,Preliminar
53119010,BUENAVENTURA IDEAM  - AUT [53119010],NIVEL,Nivel mínimo diario,2017-04-19 00:00,cm,120,Preliminar
53119010,BUENAVENTURA IDEAM  - AUT [53119010],NIVEL,Nivel máximo diario,2017-04-20 00:00,cm,322,Preliminar
53119010,BUENAVENTURA IDEAM  - AUT [53119010],NIVEL,Nivel mínimo diario,2017-04-20 00:00,cm,131,Preliminar
53119010,BUENAVENTURA IDEAM  - AUT [53119010],NIVEL,Nivel máximo diario,2017-04-21 00:00,cm,333,Preliminar
53119010,BUENAVENTURA IDEAM  - AUT [53119010],NIVEL,Nivel mínimo diario,2017-04-21 00:00,cm,140,Preliminar
53119010,BUENAVENTURA IDEAM  - AUT [53119010],NIVEL,Nivel máximo diario,2017-04-22 00:00,cm,360,Preliminar
53119010,BUENAVENTURA IDEAM  - AUT [53119010],NIVEL,Nivel mínimo diario,2017-04-22 00:00,cm,130,Preliminar
53119010,BUENAVENTURA IDEAM  - AUT [53119010],NIVEL,Nivel máximo diario,2017-04-23 00:00,cm,377,Preliminar
53119010,BUENAVENTURA IDEAM  - AUT [53119010],NIVEL,Nivel mínimo diario,2017-04-23 00:00,cm,100,Preliminar
53119010,BUENAVENTURA IDEAM  - AUT [53119010],NIVEL,Nivel máximo diario,2017-04-24 00:00,cm,401,Preliminar
53119010,BUENAVENTURA IDEAM  - AUT [53119010],NIVEL,Nivel mínimo diario,2017-04-24 00:00,cm,64,Preliminar
53119010,BUENAVENTURA IDEAM  - AUT [53119010],NIVEL,Nivel máximo diario,2017-04-25 00:00,cm,428,Preliminar
53119010,BUENAVENTURA IDEAM  - AUT [53119010],NIVEL,Nivel mínimo diario,2017-04-25 00:00,cm,28,Preliminar
53119010,BUENAVENTURA IDEAM  - AUT [53119010],NIVEL,Nivel máximo diario,2017-04-26 00:00,cm,457,Preliminar
53119010,BUENAVENTURA IDEAM  - AUT [53119010],NIVEL,Nivel mínimo diario,2017-04-26 00:00,cm,5,Preliminar
53119010,BUENAVENTURA IDEAM  - AUT [53119010],NIVEL,Nivel máximo diario,2017-04-27 00:00,cm,484,Preliminar
53119010,BUENAVENTURA IDEAM  - AUT [53119010],NIVEL,Nivel mínimo diario,2017-04-27 00:00,cm,17,Preliminar
53119010,BUENAVENTURA IDEAM  - AUT [53119010],NIVEL,Nivel máximo diario,2017-04-28 00:00,cm,484,Preliminar
53119010,BUENAVENTURA IDEAM  - AUT [53119010],NIVEL,Nivel mínimo diario,2017-04-28 00:00,cm,0,Preliminar
53119010,BUENAVENTURA IDEAM  - AUT [53119010],NIVEL,Nivel máximo diario,2017-04-29 00:00,cm,467,Preliminar
53119010,BUENAVENTURA IDEAM  - AUT [53119010],NIVEL,Nivel mínimo diario,2017-04-29 00:00,cm,6,Preliminar
53119010,BUENAVENTURA IDEAM  - AUT [53119010],NIVEL,Nivel máximo diario,2017-04-30 00:00,cm,451,Preliminar
53119010,BUENAVENTURA IDEAM  - AUT [53119010],NIVEL,Nivel mínimo diario,2017-04-30 00:00,cm,6,Preliminar
53119010,BUENAVENTURA IDEAM  - AUT [53119010],NIVEL,Nivel máximo diario,2017-05-01 00:00,cm,432,Preliminar
53119010,BUENAVENTURA IDEAM  - AUT [53119010],NIVEL,Nivel mínimo diario,2017-05-01 00:00,cm,27,Preliminar
53119010,BUENAVENTURA IDEAM  - AUT [53119010],NIVEL,Nivel máximo diario,2017-05-02 00:00,cm,413,Preliminar
53119010,BUENAVENTURA IDEAM  - AUT [53119010],NIVEL,Nivel mínimo diario,2017-05-02 00:00,cm,50,Preliminar
53119010,BUENAVENTURA IDEAM  - AUT [53119010],NIVEL,Nivel máximo diario,2017-05-03 00:00,cm,387,Preliminar
53119010,BUENAVENTURA IDEAM  - AUT [53119010],NIVEL,Nivel mínimo diario,2017-05-03 00:00,cm,79,Preliminar
53119010,BUENAVENTURA IDEAM  - AUT [53119010],NIVEL,Nivel máximo diario,2017-05-04 00:00,cm,372,Preliminar
53119010,BUENAVENTURA IDEAM  - AUT [53119010],NIVEL,Nivel mínimo diario,2017-05-04 00:00,cm,98,Preliminar
53119010,BUENAVENTURA IDEAM  - AUT [53119010],NIVEL,Nivel máximo diario,2017-05-05 00:00,cm,376,Preliminar
53119010,BUENAVENTURA IDEAM  - AUT [53119010],NIVEL,Nivel mínimo diario,2017-05-05 00:00,cm,107,Preliminar
53119010,BUENAVENTURA IDEAM  - AUT [53119010],NIVEL,Nivel máximo diario,2017-05-06 00:00,cm,382,Preliminar
53119010,BUENAVENTURA IDEAM  - AUT [53119010],NIVEL,Nivel mínimo diario,2017-05-06 00:00,cm,110,Preliminar
53119010,BUENAVENTURA IDEAM  - AUT [53119010],NIVEL,Nivel máximo diario,2017-05-07 00:00,cm,393,Preliminar
53119010,BUENAVENTURA IDEAM  - AUT [53119010],NIVEL,Nivel mínimo diario,2017-05-07 00:00,cm,94,Preliminar
53119010,BUENAVENTURA IDEAM  - AUT [53119010],NIVEL,Nivel máximo diario,2017-05-08 00:00,cm,399,Preliminar
53119010,BUENAVENTURA IDEAM  - AUT [53119010],NIVEL,Nivel mínimo diario,2017-05-08 00:00,cm,77,Preliminar
53119010,BUENAVENTURA IDEAM  - AUT [53119010],NIVEL,Nivel máximo diario,2017-05-09 00:00,cm,405,Preliminar
53119010,BUENAVENTURA IDEAM  - AUT [53119010],NIVEL,Nivel mínimo diario,2017-05-09 00:00,cm,64,Preliminar
53119010,BUENAVENTURA IDEAM  - AUT [53119010],NIVEL,Nivel máximo diario,2017-05-10 00:00,cm,408,Preliminar
53119010,BUENAVENTURA IDEAM  - AUT [53119010],NIVEL,Nivel mínimo diario,2017-05-10 00:00,cm,54,Preliminar
53119010,BUENAVENTURA IDEAM  - AUT [53119010],NIVEL,Nivel máximo diario,2017-05-11 00:00,cm,409,Preliminar
53119010,BUENAVENTURA IDEAM  - AUT [53119010],NIVEL,Nivel mínimo diario,2017-05-11 00:00,cm,56,Preliminar
53119010,BUENAVENTURA IDEAM  - AUT [53119010],NIVEL,Nivel máximo diario,2017-05-12 00:00,cm,403,Preliminar
53119010,BUENAVENTURA IDEAM  - AUT [53119010],NIVEL,Nivel mínimo diario,2017-05-12 00:00,cm,54,Preliminar
53119010,BUENAVENTURA IDEAM  - AUT [53119010],NIVEL,Nivel máximo diario,2017-05-13 00:00,cm,400,Preliminar
53119010,BUENAVENTURA IDEAM  - AUT [53119010],NIVEL,Nivel mínimo diario,2017-05-13 00:00,cm,69,Preliminar
53119010,BUENAVENTURA IDEAM  - AUT [53119010],NIVEL,Nivel máximo diario,2017-05-14 00:00,cm,391,Preliminar
53119010,BUENAVENTURA IDEAM  - AUT [53119010],NIVEL,Nivel mínimo diario,2017-05-14 00:00,cm,70,Preliminar
53119010,BUENAVENTURA IDEAM  - AUT [53119010],NIVEL,Nivel máximo diario,2017-05-15 00:00,cm,388,Preliminar
53119010,BUENAVENTURA IDEAM  - AUT [53119010],NIVEL,Nivel mínimo diario,2017-05-15 00:00,cm,75,Preliminar
53119010,BUENAVENTURA IDEAM  - AUT [53119010],NIVEL,Nivel máximo diario,2017-05-16 00:00,cm,369,Preliminar
53119010,BUENAVENTURA IDEAM  - AUT [53119010],NIVEL,Nivel mínimo diario,2017-05-16 00:00,cm,82,Preliminar
53119010,BUENAVENTURA IDEAM  - AUT [53119010],NIVEL,Nivel máximo diario,2017-05-17 00:00,cm,359,Preliminar
53119010,BUENAVENTURA IDEAM  - AUT [53119010],NIVEL,Nivel mínimo diario,2017-05-17 00:00,cm,94,Preliminar
53119010,BUENAVENTURA IDEAM  - AUT [53119010],NIVEL,Nivel máximo diario,2017-05-18 00:00,cm,354,Preliminar
53119010,BUENAVENTURA IDEAM  - AUT [53119010],NIVEL,Nivel mínimo diario,2017-05-18 00:00,cm,106,Preliminar
53119010,BUENAVENTURA IDEAM  - AUT [53119010],NIVEL,Nivel máximo diario,2017-05-19 00:00,cm,354,Preliminar
53119010,BUENAVENTURA IDEAM  - AUT [53119010],NIVEL,Nivel mínimo diario,2017-05-19 00:00,cm,124,Preliminar
53119010,BUENAVENTURA IDEAM  - AUT [53119010],NIVEL,Nivel máximo diario,2017-05-20 00:00,cm,367,Preliminar
53119010,BUENAVENTURA IDEAM  - AUT [53119010],NIVEL,Nivel mínimo diario,2017-05-20 00:00,cm,136,Preliminar
53119010,BUENAVENTURA IDEAM  - AUT [53119010],NIVEL,Nivel máximo diario,2017-05-21 00:00,cm,384,Preliminar
53119010,BUENAVENTURA IDEAM  - AUT [53119010],NIVEL,Nivel mínimo diario,2017-05-21 00:00,cm,130,Preliminar
53119010,BUENAVENTURA IDEAM  - AUT [53119010],NIVEL,Nivel máximo diario,2017-05-22 00:00,cm,404,Preliminar
53119010,BUENAVENTURA IDEAM  - AUT [53119010],NIVEL,Nivel mínimo diario,2017-05-22 00:00,cm,106,Preliminar
53119010,BUENAVENTURA IDEAM  - AUT [53119010],NIVEL,Nivel máximo diario,2017-05-23 00:00,cm,425,Preliminar
53119010,BUENAVENTURA IDEAM  - AUT [53119010],NIVEL,Nivel mínimo diario,2017-05-23 00:00,cm,67,Preliminar
53119010,BUENAVENTURA IDEAM  - AUT [53119010],NIVEL,Nivel máximo diario,2017-05-24 00:00,cm,451,Preliminar
53119010,BUENAVENTURA IDEAM  - AUT [53119010],NIVEL,Nivel mínimo diario,2017-05-24 00:00,cm,41,Preliminar
53119010,BUENAVENTURA IDEAM  - AUT [53119010],NIVEL,Nivel máximo diario,2017-05-25 00:00,cm,476,Preliminar
53119010,BUENAVENTURA IDEAM  - AUT [53119010],NIVEL,Nivel mínimo diario,2017-05-25 00:00,cm,20,Preliminar
53119010,BUENAVENTURA IDEAM  - AUT [53119010],NIVEL,Nivel máximo diario,2017-05-26 00:00,cm,497,Preliminar
53119010,BUENAVENTURA IDEAM  - AUT [53119010],NIVEL,Nivel mínimo diario,2017-05-26 00:00,cm,7,Preliminar
53119010,BUENAVENTURA IDEAM  - AUT [53119010],NIVEL,Nivel máximo diario,2017-05-27 00:00,cm,496,Preliminar
53119010,BUENAVENTURA IDEAM  - AUT [53119010],NIVEL,Nivel mínimo diario,2017-05-27 00:00,cm,7,Preliminar
53119010,BUENAVENTURA IDEAM  - AUT [53119010],NIVEL,Nivel máximo diario,2017-05-28 00:00,cm,476,Preliminar
53119010,BUENAVENTURA IDEAM  - AUT [53119010],NIVEL,Nivel mínimo diario,2017-05-28 00:00,cm,5,Preliminar
53119010,BUENAVENTURA IDEAM  - AUT [53119010],NIVEL,Nivel máximo diario,2017-05-29 00:00,cm,462,Preliminar
53119010,BUENAVENTURA IDEAM  - AUT [53119010],NIVEL,Nivel mínimo diario,2017-05-29 00:00,cm,5,Preliminar
53119010,BUENAVENTURA IDEAM  - AUT [53119010],NIVEL,Nivel máximo diario,2017-05-30 00:00,cm,444,Preliminar
53119010,BUENAVENTURA IDEAM  - AUT [53119010],NIVEL,Nivel mínimo diario,2017-05-30 00:00,cm,22,Preliminar
53119010,BUENAVENTURA IDEAM  - AUT [53119010],NIVEL,Nivel máximo diario,2017-05-31 00:00,cm,426,Preliminar
53119010,BUENAVENTURA IDEAM  - AUT [53119010],NIVEL,Nivel mínimo diario,2017-05-31 00:00,cm,54,Preliminar
53119010,BUENAVENTURA IDEAM  - AUT [53119010],NIVEL,Nivel máximo diario,2017-06-01 00:00,cm,412,Preliminar
53119010,BUENAVENTURA IDEAM  - AUT [53119010],NIVEL,Nivel mínimo diario,2017-06-01 00:00,cm,83,Preliminar
53119010,BUENAVENTURA IDEAM  - AUT [53119010],NIVEL,Nivel máximo diario,2017-06-02 00:00,cm,393,Preliminar
53119010,BUENAVENTURA IDEAM  - AUT [53119010],NIVEL,Nivel mínimo diario,2017-06-02 00:00,cm,102,Preliminar
53119010,BUENAVENTURA IDEAM  - AUT [53119010],NIVEL,Nivel máximo diario,2017-06-03 00:00,cm,385,Preliminar
53119010,BUENAVENTURA IDEAM  - AUT [53119010],NIVEL,Nivel mínimo diario,2017-06-03 00:00,cm,117,Preliminar
53119010,BUENAVENTURA IDEAM  - AUT [53119010],NIVEL,Nivel máximo diario,2017-06-04 00:00,cm,383,Preliminar
53119010,BUENAVENTURA IDEAM  - AUT [53119010],NIVEL,Nivel mínimo diario,2017-06-04 00:00,cm,122,Preliminar
53119010,BUENAVENTURA IDEAM  - AUT [53119010],NIVEL,Nivel máximo diario,2017-06-05 00:00,cm,388,Preliminar
53119010,BUENAVENTURA IDEAM  - AUT [53119010],NIVEL,Nivel mínimo diario,2017-06-05 00:00,cm,113,Preliminar
53119010,BUENAVENTURA IDEAM  - AUT [53119010],NIVEL,Nivel máximo diario,2017-06-06 00:00,cm,394,Preliminar
53119010,BUENAVENTURA IDEAM  - AUT [53119010],NIVEL,Nivel mínimo diario,2017-06-06 00:00,cm,106,Preliminar
53119010,BUENAVENTURA IDEAM  - AUT [53119010],NIVEL,Nivel máximo diario,2017-06-07 00:00,cm,397,Preliminar
53119010,BUENAVENTURA IDEAM  - AUT [53119010],NIVEL,Nivel mínimo diario,2017-06-07 00:00,cm,94,Preliminar
53119010,BUENAVENTURA IDEAM  - AUT [53119010],NIVEL,Nivel máximo diario,2017-06-08 00:00,cm,407,Preliminar
53119010,BUENAVENTURA IDEAM  - AUT [53119010],NIVEL,Nivel mínimo diario,2017-06-08 00:00,cm,85,Preliminar
53119010,BUENAVENTURA IDEAM  - AUT [53119010],NIVEL,Nivel máximo diario,2017-06-09 00:00,cm,411,Preliminar
53119010,BUENAVENTURA IDEAM  - AUT [53119010],NIVEL,Nivel mínimo diario,2017-06-09 00:00,cm,84,Preliminar
53119010,BUENAVENTURA IDEAM  - AUT [53119010],NIVEL,Nivel máximo diario,2017-06-10 00:00,cm,415,Preliminar
53119010,BUENAVENTURA IDEAM  - AUT [53119010],NIVEL,Nivel mínimo diario,2017-06-10 00:00,cm,70,Preliminar
53119010,BUENAVENTURA IDEAM  - AUT [53119010],NIVEL,Nivel máximo diario,2017-06-11 00:00,cm,403,Preliminar
53119010,BUENAVENTURA IDEAM  - AUT [53119010],NIVEL,Nivel mínimo diario,2017-06-11 00:00,cm,73,Preliminar
53119010,BUENAVENTURA IDEAM  - AUT [53119010],NIVEL,Nivel máximo diario,2017-06-12 00:00,cm,408,Preliminar
53119010,BUENAVENTURA IDEAM  - AUT [53119010],NIVEL,Nivel mínimo diario,2017-06-12 00:00,cm,76,Preliminar
53119010,BUENAVENTURA IDEAM  - AUT [53119010],NIVEL,Nivel máximo diario,2017-06-13 00:00,cm,401,Preliminar
53119010,BUENAVENTURA IDEAM  - AUT [53119010],NIVEL,Nivel mínimo diario,2017-06-13 00:00,cm,77,Preliminar
53119010,BUENAVENTURA IDEAM  - AUT [53119010],NIVEL,Nivel máximo diario,2017-06-14 00:00,cm,393,Preliminar
53119010,BUENAVENTURA IDEAM  - AUT [53119010],NIVEL,Nivel mínimo diario,2017-06-14 00:00,cm,88,Preliminar
53119010,BUENAVENTURA IDEAM  - AUT [53119010],NIVEL,Nivel máximo diario,2017-06-15 00:00,cm,384,Preliminar
53119010,BUENAVENTURA IDEAM  - AUT [53119010],NIVEL,Nivel mínimo diario,2017-06-15 00:00,cm,82,Preliminar
53119010,BUENAVENTURA IDEAM  - AUT [53119010],NIVEL,Nivel máximo diario,2017-06-16 00:00,cm,378,Preliminar
53119010,BUENAVENTURA IDEAM  - AUT [53119010],NIVEL,Nivel mínimo diario,2017-06-16 00:00,cm,98,Preliminar
53119010,BUENAVENTURA IDEAM  - AUT [53119010],NIVEL,Nivel máximo diario,2017-06-17 00:00,cm,384,Preliminar
53119010,BUENAVENTURA IDEAM  - AUT [53119010],NIVEL,Nivel mínimo diario,2017-06-17 00:00,cm,114,Preliminar
53119010,BUENAVENTURA IDEAM  - AUT [53119010],NIVEL,Nivel máximo diario,2017-06-18 00:00,cm,383,Preliminar
53119010,BUENAVENTURA IDEAM  - AUT [53119010],NIVEL,Nivel mínimo diario,2017-06-18 00:00,cm,123,Preliminar
53119010,BUENAVENTURA IDEAM  - AUT [53119010],NIVEL,Nivel máximo diario,2017-06-19 00:00,cm,390,Preliminar
53119010,BUENAVENTURA IDEAM  - AUT [53119010],NIVEL,Nivel mínimo diario,2017-06-19 00:00,cm,118,Preliminar
53119010,BUENAVENTURA IDEAM  - AUT [53119010],NIVEL,Nivel máximo diario,2017-06-20 00:00,cm,405,Preliminar
53119010,BUENAVENTURA IDEAM  - AUT [53119010],NIVEL,Nivel mínimo diario,2017-06-20 00:00,cm,100,Preliminar
53119010,BUENAVENTURA IDEAM  - AUT [53119010],NIVEL,Nivel máximo diario,2017-06-21 00:00,cm,420,Preliminar
53119010,BUENAVENTURA IDEAM  - AUT [53119010],NIVEL,Nivel mínimo diario,2017-06-21 00:00,cm,70,Preliminar
53119010,BUENAVENTURA IDEAM  - AUT [53119010],NIVEL,Nivel máximo diario,2017-06-22 00:00,cm,438,Preliminar
53119010,BUENAVENTURA IDEAM  - AUT [53119010],NIVEL,Nivel mínimo diario,2017-06-22 00:00,cm,46,Preliminar
53119010,BUENAVENTURA IDEAM  - AUT [53119010],NIVEL,Nivel máximo diario,2017-06-23 00:00,cm,459,Preliminar
53119010,BUENAVENTURA IDEAM  - AUT [53119010],NIVEL,Nivel mínimo diario,2017-06-23 00:00,cm,23,Preliminar
53119010,BUENAVENTURA IDEAM  - AUT [53119010],NIVEL,Nivel máximo diario,2017-06-24 00:00,cm,467,Preliminar
53119010,BUENAVENTURA IDEAM  - AUT [53119010],NIVEL,Nivel mínimo diario,2017-06-24 00:00,cm,21,Preliminar
53119010,BUENAVENTURA IDEAM  - AUT [53119010],NIVEL,Nivel máximo diario,2017-06-25 00:00,cm,472,Preliminar
53119010,BUENAVENTURA IDEAM  - AUT [53119010],NIVEL,Nivel mínimo diario,2017-06-25 00:00,cm,25,Preliminar
53119010,BUENAVENTURA IDEAM  - AUT [53119010],NIVEL,Nivel máximo diario,2017-06-28 00:00,cm,451,Preliminar
53119010,BUENAVENTURA IDEAM  - AUT [53119010],NIVEL,Nivel mínimo diario,2017-06-28 00:00,cm,37,Preliminar
53119010,BUENAVENTURA IDEAM  - AUT [53119010],NIVEL,Nivel máximo diario,2017-06-29 00:00,cm,432,Preliminar
53119010,BUENAVENTURA IDEAM  - AUT [53119010],NIVEL,Nivel mínimo diario,2017-06-29 00:00,cm,59,Preliminar
53119010,BUENAVENTURA IDEAM  - AUT [53119010],NIVEL,Nivel máximo diario,2017-06-30 00:00,cm,413,Preliminar
53119010,BUENAVENTURA IDEAM  - AUT [53119010],NIVEL,Nivel mínimo diario,2017-06-30 00:00,cm,82,Preliminar
53119010,BUENAVENTURA IDEAM  - AUT [53119010],NIVEL,Nivel máximo diario,2017-07-01 00:00,cm,397,Preliminar
53119010,BUENAVENTURA IDEAM  - AUT [53119010],NIVEL,Nivel mínimo diario,2017-07-01 00:00,cm,112,Preliminar
53119010,BUENAVENTURA IDEAM  - AUT [53119010],NIVEL,Nivel máximo diario,2017-07-02 00:00,cm,380,Preliminar
53119010,BUENAVENTURA IDEAM  - AUT [53119010],NIVEL,Nivel mínimo diario,2017-07-02 00:00,cm,114,Preliminar
53119010,BUENAVENTURA IDEAM  - AUT [53119010],NIVEL,Nivel máximo diario,2017-07-03 00:00,cm,373,Preliminar
53119010,BUENAVENTURA IDEAM  - AUT [53119010],NIVEL,Nivel mínimo diario,2017-07-03 00:00,cm,141,Preliminar
53119010,BUENAVENTURA IDEAM  - AUT [53119010],NIVEL,Nivel máximo diario,2017-07-04 00:00,cm,359,Preliminar
53119010,BUENAVENTURA IDEAM  - AUT [53119010],NIVEL,Nivel mínimo diario,2017-07-04 00:00,cm,134,Preliminar
53119010,BUENAVENTURA IDEAM  - AUT [53119010],NIVEL,Nivel máximo diario,2017-07-05 00:00,cm,366,Preliminar
53119010,BUENAVENTURA IDEAM  - AUT [53119010],NIVEL,Nivel mínimo diario,2017-07-05 00:00,cm,117,Preliminar
53119010,BUENAVENTURA IDEAM  - AUT [53119010],NIVEL,Nivel máximo diario,2017-07-06 00:00,cm,372,Preliminar
53119010,BUENAVENTURA IDEAM  - AUT [53119010],NIVEL,Nivel mínimo diario,2017-07-06 00:00,cm,100,Preliminar
53119010,BUENAVENTURA IDEAM  - AUT [53119010],NIVEL,Nivel máximo diario,2017-07-07 00:00,cm,380,Preliminar
53119010,BUENAVENTURA IDEAM  - AUT [53119010],NIVEL,Nivel mínimo diario,2017-07-07 00:00,cm,93,Preliminar
53119010,BUENAVENTURA IDEAM  - AUT [53119010],NIVEL,Nivel máximo diario,2017-07-09 00:00,cm,398,Preliminar
53119010,BUENAVENTURA IDEAM  - AUT [53119010],NIVEL,Nivel mínimo diario,2017-07-09 00:00,cm,79,Preliminar
53119010,BUENAVENTURA IDEAM  - AUT [53119010],NIVEL,Nivel máximo diario,2017-07-10 00:00,cm,408,Preliminar
53119010,BUENAVENTURA IDEAM  - AUT [53119010],NIVEL,Nivel mínimo diario,2017-07-10 00:00,cm,74,Preliminar
53119010,BUENAVENTURA IDEAM  - AUT [53119010],NIVEL,Nivel máximo diario,2017-07-11 00:00,cm,413,Preliminar
53119010,BUENAVENTURA IDEAM  - AUT [53119010],NIVEL,Nivel mínimo diario,2017-07-11 00:00,cm,69,Preliminar
53119010,BUENAVENTURA IDEAM  - AUT [53119010],NIVEL,Nivel máximo diario,2017-07-12 00:00,cm,409,Preliminar
53119010,BUENAVENTURA IDEAM  - AUT [53119010],NIVEL,Nivel mínimo diario,2017-07-12 00:00,cm,67,Preliminar
53119010,BUENAVENTURA IDEAM  - AUT [53119010],NIVEL,Nivel máximo diario,2017-07-13 00:00,cm,408,Preliminar
53119010,BUENAVENTURA IDEAM  - AUT [53119010],NIVEL,Nivel mínimo diario,2017-07-13 00:00,cm,67,Preliminar
53119010,BUENAVENTURA IDEAM  - AUT [53119010],NIVEL,Nivel máximo diario,2017-07-14 00:00,cm,405,Preliminar
53119010,BUENAVENTURA IDEAM  - AUT [53119010],NIVEL,Nivel mínimo diario,2017-07-14 00:00,cm,77,Preliminar
53119010,BUENAVENTURA IDEAM  - AUT [53119010],NIVEL,Nivel máximo diario,2017-07-15 00:00,cm,405,Preliminar
53119010,BUENAVENTURA IDEAM  - AUT [53119010],NIVEL,Nivel mínimo diario,2017-07-15 00:00,cm,89,Preliminar
53119010,BUENAVENTURA IDEAM  - AUT [53119010],NIVEL,Nivel máximo diario,2017-07-16 00:00,cm,401,Preliminar
53119010,BUENAVENTURA IDEAM  - AUT [53119010],NIVEL,Nivel mínimo diario,2017-07-16 00:00,cm,96,Preliminar
53119010,BUENAVENTURA IDEAM  - AUT [53119010],NIVEL,Nivel máximo diario,2017-07-17 00:00,cm,403,Preliminar
53119010,BUENAVENTURA IDEAM  - AUT [53119010],NIVEL,Nivel mínimo diario,2017-07-17 00:00,cm,106,Preliminar
53119010,BUENAVENTURA IDEAM  - AUT [53119010],NIVEL,Nivel máximo diario,2017-07-18 00:00,cm,398,Preliminar
53119010,BUENAVENTURA IDEAM  - AUT [53119010],NIVEL,Nivel mínimo diario,2017-07-18 00:00,cm,110,Preliminar
53119010,BUENAVENTURA IDEAM  - AUT [53119010],NIVEL,Nivel máximo diario,2017-07-19 00:00,cm,405,Preliminar
53119010,BUENAVENTURA IDEAM  - AUT [53119010],NIVEL,Nivel mínimo diario,2017-07-19 00:00,cm,108,Preliminar
53119010,BUENAVENTURA IDEAM  - AUT [53119010],NIVEL,Nivel máximo diario,2017-07-21 00:00,cm,430,Preliminar
53119010,BUENAVENTURA IDEAM  - AUT [53119010],NIVEL,Nivel mínimo diario,2017-07-21 00:00,cm,56,Preliminar
53119010,BUENAVENTURA IDEAM  - AUT [53119010],NIVEL,Nivel máximo diario,2017-07-22 00:00,cm,441,Preliminar
53119010,BUENAVENTURA IDEAM  - AUT [53119010],NIVEL,Nivel mínimo diario,2017-07-22 00:00,cm,36,Preliminar
53119010,BUENAVENTURA IDEAM  - AUT [53119010],NIVEL,Nivel máximo diario,2017-07-23 00:00,cm,463,Preliminar
53119010,BUENAVENTURA IDEAM  - AUT [53119010],NIVEL,Nivel mínimo diario,2017-07-23 00:00,cm,17,Preliminar
53119010,BUENAVENTURA IDEAM  - AUT [53119010],NIVEL,Nivel máximo diario,2017-07-24 00:00,cm,480,Preliminar
53119010,BUENAVENTURA IDEAM  - AUT [53119010],NIVEL,Nivel mínimo diario,2017-07-24 00:00,cm,11,Preliminar
53119010,BUENAVENTURA IDEAM  - AUT [53119010],NIVEL,Nivel máximo diario,2017-07-25 00:00,cm,478,Preliminar
53119010,BUENAVENTURA IDEAM  - AUT [53119010],NIVEL,Nivel mínimo diario,2017-07-25 00:00,cm,16,Preliminar
53119010,BUENAVENTURA IDEAM  - AUT [53119010],NIVEL,Nivel máximo diario,2017-07-26 00:00,cm,466,Preliminar
53119010,BUENAVENTURA IDEAM  - AUT [53119010],NIVEL,Nivel mínimo diario,2017-07-26 00:00,cm,16,Preliminar
53119010,BUENAVENTURA IDEAM  - AUT [53119010],NIVEL,Nivel máximo diario,2017-07-27 00:00,cm,462,Preliminar
53119010,BUENAVENTURA IDEAM  - AUT [53119010],NIVEL,Nivel mínimo diario,2017-07-27 00:00,cm,32,Preliminar
53119010,BUENAVENTURA IDEAM  - AUT [53119010],NIVEL,Nivel máximo diario,2017-07-28 00:00,cm,441,Preliminar
53119010,BUENAVENTURA IDEAM  - AUT [53119010],NIVEL,Nivel mínimo diario,2017-07-28 00:00,cm,51,Preliminar
53119010,BUENAVENTURA IDEAM  - AUT [53119010],NIVEL,Nivel máximo diario,2017-07-30 00:00,cm,393,Preliminar
53119010,BUENAVENTURA IDEAM  - AUT [53119010],NIVEL,Nivel mínimo diario,2017-07-30 00:00,cm,101,Preliminar
53119010,BUENAVENTURA IDEAM  - AUT [53119010],NIVEL,Nivel máximo diario,2017-07-31 00:00,cm,375,Preliminar
53119010,BUENAVENTURA IDEAM  - AUT [53119010],NIVEL,Nivel mínimo diario,2017-07-31 00:00,cm,131,Preliminar
53119010,BUENAVENTURA IDEAM  - AUT [53119010],NIVEL,Nivel máximo diario,2017-08-01 00:00,cm,341,Preliminar
53119010,BUENAVENTURA IDEAM  - AUT [53119010],NIVEL,Nivel mínimo diario,2017-08-01 00:00,cm,135,Preliminar
53119010,BUENAVENTURA IDEAM  - AUT [53119010],NIVEL,Nivel máximo diario,2017-08-02 00:00,cm,341,Preliminar
53119010,BUENAVENTURA IDEAM  - AUT [53119010],NIVEL,Nivel mínimo diario,2017-08-02 00:00,cm,133,Preliminar
53119010,BUENAVENTURA IDEAM  - AUT [53119010],NIVEL,Nivel máximo diario,2017-08-03 00:00,cm,347,Preliminar
53119010,BUENAVENTURA IDEAM  - AUT [53119010],NIVEL,Nivel mínimo diario,2017-08-03 00:00,cm,132,Preliminar
53119010,BUENAVENTURA IDEAM  - AUT [53119010],NIVEL,Nivel máximo diario,2017-08-04 00:00,cm,350,Preliminar
53119010,BUENAVENTURA IDEAM  - AUT [53119010],NIVEL,Nivel mínimo diario,2017-08-04 00:00,cm,119,Preliminar
53119010,BUENAVENTURA IDEAM  - AUT [53119010],NIVEL,Nivel máximo diario,2017-08-05 00:00,cm,370,Preliminar
53119010,BUENAVENTURA IDEAM  - AUT [53119010],NIVEL,Nivel mínimo diario,2017-08-05 00:00,cm,98,Preliminar
53119010,BUENAVENTURA IDEAM  - AUT [53119010],NIVEL,Nivel máximo diario,2017-08-07 00:00,cm,405,Preliminar
53119010,BUENAVENTURA IDEAM  - AUT [53119010],NIVEL,Nivel mínimo diario,2017-08-07 00:00,cm,72,Preliminar
53119010,BUENAVENTURA IDEAM  - AUT [53119010],NIVEL,Nivel máximo diario,2017-08-08 00:00,cm,422,Preliminar
53119010,BUENAVENTURA IDEAM  - AUT [53119010],NIVEL,Nivel mínimo diario,2017-08-08 00:00,cm,78,Preliminar
53119010,BUENAVENTURA IDEAM  - AUT [53119010],NIVEL,Nivel máximo diario,2017-08-09 00:00,cm,425,Preliminar
53119010,BUENAVENTURA IDEAM  - AUT [53119010],NIVEL,Nivel mínimo diario,2017-08-09 00:00,cm,61,Preliminar
53119010,BUENAVENTURA IDEAM  - AUT [53119010],NIVEL,Nivel máximo diario,2017-08-10 00:00,cm,434,Preliminar
53119010,BUENAVENTURA IDEAM  - AUT [53119010],NIVEL,Nivel mínimo diario,2017-08-10 00:00,cm,70,Preliminar
53119010,BUENAVENTURA IDEAM  - AUT [53119010],NIVEL,Nivel máximo diario,2017-08-11 00:00,cm,434,Preliminar
53119010,BUENAVENTURA IDEAM  - AUT [53119010],NIVEL,Nivel mínimo diario,2017-08-11 00:00,cm,70,Preliminar
53119010,BUENAVENTURA IDEAM  - AUT [53119010],NIVEL,Nivel máximo diario,2017-08-14 00:00,cm,413,Preliminar
53119010,BUENAVENTURA IDEAM  - AUT [53119010],NIVEL,Nivel mínimo diario,2017-08-14 00:00,cm,90,Preliminar
53119010,BUENAVENTURA IDEAM  - AUT [53119010],NIVEL,Nivel máximo diario,2017-08-15 00:00,cm,404,Preliminar
53119010,BUENAVENTURA IDEAM  - AUT [53119010],NIVEL,Nivel mínimo diario,2017-08-15 00:00,cm,102,Preliminar
53119010,BUENAVENTURA IDEAM  - AUT [53119010],NIVEL,Nivel máximo diario,2017-08-16 00:00,cm,394,Preliminar
53119010,BUENAVENTURA IDEAM  - AUT [53119010],NIVEL,Nivel mínimo diario,2017-08-16 00:00,cm,112,Preliminar
53119010,BUENAVENTURA IDEAM  - AUT [53119010],NIVEL,Nivel máximo diario,2017-08-17 00:00,cm,394,Preliminar
53119010,BUENAVENTURA IDEAM  - AUT [53119010],NIVEL,Nivel mínimo diario,2017-08-17 00:00,cm,111,Preliminar
53119010,BUENAVENTURA IDEAM  - AUT [53119010],NIVEL,Nivel máximo diario,2017-08-18 00:00,cm,396,Preliminar
53119010,BUENAVENTURA IDEAM  - AUT [53119010],NIVEL,Nivel mínimo diario,2017-08-18 00:00,cm,90,Preliminar
53119010,BUENAVENTURA IDEAM  - AUT [53119010],NIVEL,Nivel máximo diario,2017-08-19 00:00,cm,412,Preliminar
53119010,BUENAVENTURA IDEAM  - AUT [53119010],NIVEL,Nivel mínimo diario,2017-08-19 00:00,cm,71,Preliminar
53119010,BUENAVENTURA IDEAM  - AUT [53119010],NIVEL,Nivel máximo diario,2017-08-20 00:00,cm,437,Preliminar
53119010,BUENAVENTURA IDEAM  - AUT [53119010],NIVEL,Nivel mínimo diario,2017-08-20 00:00,cm,44,Preliminar
53119010,BUENAVENTURA IDEAM  - AUT [53119010],NIVEL,Nivel máximo diario,2017-08-21 00:00,cm,455,Preliminar
53119010,BUENAVENTURA IDEAM  - AUT [53119010],NIVEL,Nivel mínimo diario,2017-08-21 00:00,cm,42,Preliminar
53119010,BUENAVENTURA IDEAM  - AUT [53119010],NIVEL,Nivel máximo diario,2017-08-22 00:00,cm,459,Preliminar
53119010,BUENAVENTURA IDEAM  - AUT [53119010],NIVEL,Nivel mínimo diario,2017-08-22 00:00,cm,22,Preliminar
53119010,BUENAVENTURA IDEAM  - AUT [53119010],NIVEL,Nivel máximo diario,2017-08-23 00:00,cm,455,Preliminar
53119010,BUENAVENTURA IDEAM  - AUT [53119010],NIVEL,Nivel mínimo diario,2017-08-23 00:00,cm,14,Preliminar
53119010,BUENAVENTURA IDEAM  - AUT [53119010],NIVEL,Nivel máximo diario,2017-08-24 00:00,cm,462,Preliminar
53119010,BUENAVENTURA IDEAM  - AUT [53119010],NIVEL,Nivel mínimo diario,2017-08-24 00:00,cm,21,Preliminar
53119010,BUENAVENTURA IDEAM  - AUT [53119010],NIVEL,Nivel máximo diario,2017-08-25 00:00,cm,449,Preliminar
53119010,BUENAVENTURA IDEAM  - AUT [53119010],NIVEL,Nivel mínimo diario,2017-08-25 00:00,cm,21,Preliminar
53119010,BUENAVENTURA IDEAM  - AUT [53119010],NIVEL,Nivel máximo diario,2017-08-26 00:00,cm,437,Preliminar
53119010,BUENAVENTURA IDEAM  - AUT [53119010],NIVEL,Nivel mínimo diario,2017-08-26 00:00,cm,55,Preliminar
53119010,BUENAVENTURA IDEAM  - AUT [53119010],NIVEL,Nivel máximo diario,2017-08-27 00:00,cm,412,Preliminar
53119010,BUENAVENTURA IDEAM  - AUT [53119010],NIVEL,Nivel mínimo diario,2017-08-27 00:00,cm,74,Preliminar
53119010,BUENAVENTURA IDEAM  - AUT [53119010],NIVEL,Nivel máximo diario,2017-08-28 00:00,cm,385,Preliminar
53119010,BUENAVENTURA IDEAM  - AUT [53119010],NIVEL,Nivel mínimo diario,2017-08-28 00:00,cm,96,Preliminar
53119010,BUENAVENTURA IDEAM  - AUT [53119010],NIVEL,Nivel máximo diario,2017-08-29 00:00,cm,365,Preliminar
53119010,BUENAVENTURA IDEAM  - AUT [53119010],NIVEL,Nivel mínimo diario,2017-08-29 00:00,cm,127,Preliminar
53119010,BUENAVENTURA IDEAM  - AUT [53119010],NIVEL,Nivel máximo diario,2017-08-30 00:00,cm,339,Preliminar
53119010,BUENAVENTURA IDEAM  - AUT [53119010],NIVEL,Nivel mínimo diario,2017-08-30 00:00,cm,143,Preliminar
53119010,BUENAVENTURA IDEAM  - AUT [53119010],NIVEL,Nivel máximo diario,2017-08-31 00:00,cm,328,Preliminar
53119010,BUENAVENTURA IDEAM  - AUT [53119010],NIVEL,Nivel mínimo diario,2017-08-31 00:00,cm,148,Preliminar
53119010,BUENAVENTURA IDEAM  - AUT [53119010],NIVEL,Nivel máximo diario,2017-09-01 00:00,cm,328,Preliminar
53119010,BUENAVENTURA IDEAM  - AUT [53119010],NIVEL,Nivel mínimo diario,2017-09-01 00:00,cm,142,Preliminar
53119010,BUENAVENTURA IDEAM  - AUT [53119010],NIVEL,Nivel máximo diario,2017-09-02 00:00,cm,336,Preliminar
53119010,BUENAVENTURA IDEAM  - AUT [53119010],NIVEL,Nivel mínimo diario,2017-09-02 00:00,cm,120,Preliminar
53119010,BUENAVENTURA IDEAM  - AUT [53119010],NIVEL,Nivel máximo diario,2017-09-03 00:00,cm,360,Preliminar
53119010,BUENAVENTURA IDEAM  - AUT [53119010],NIVEL,Nivel mínimo diario,2017-09-03 00:00,cm,107,Preliminar
53119010,BUENAVENTURA IDEAM  - AUT [53119010],NIVEL,Nivel máximo diario,2017-09-04 00:00,cm,385,Preliminar
53119010,BUENAVENTURA IDEAM  - AUT [53119010],NIVEL,Nivel mínimo diario,2017-09-04 00:00,cm,83,Preliminar
53119010,BUENAVENTURA IDEAM  - AUT [53119010],NIVEL,Nivel máximo diario,2017-09-05 00:00,cm,407,Preliminar
53119010,BUENAVENTURA IDEAM  - AUT [53119010],NIVEL,Nivel mínimo diario,2017-09-05 00:00,cm,70,Preliminar
53119010,BUENAVENTURA IDEAM  - AUT [53119010],NIVEL,Nivel máximo diario,2017-09-06 00:00,cm,423,Preliminar
53119010,BUENAVENTURA IDEAM  - AUT [53119010],NIVEL,Nivel mínimo diario,2017-09-06 00:00,cm,67,Preliminar
53119010,BUENAVENTURA IDEAM  - AUT [53119010],NIVEL,Nivel máximo diario,2017-09-07 00:00,cm,438,Preliminar
53119010,BUENAVENTURA IDEAM  - AUT [53119010],NIVEL,Nivel mínimo diario,2017-09-07 00:00,cm,44,Preliminar
53119010,BUENAVENTURA IDEAM  - AUT [53119010],NIVEL,Nivel máximo diario,2017-09-08 00:00,cm,449,Preliminar
53119010,BUENAVENTURA IDEAM  - AUT [53119010],NIVEL,Nivel mínimo diario,2017-09-08 00:00,cm,44,Preliminar
53119010,BUENAVENTURA IDEAM  - AUT [53119010],NIVEL,Nivel máximo diario,2017-09-09 00:00,cm,457,Preliminar
53119010,BUENAVENTURA IDEAM  - AUT [53119010],NIVEL,Nivel mínimo diario,2017-09-09 00:00,cm,38,Preliminar
53119010,BUENAVENTURA IDEAM  - AUT [53119010],NIVEL,Nivel máximo diario,2017-09-10 00:00,cm,454,Preliminar
53119010,BUENAVENTURA IDEAM  - AUT [53119010],NIVEL,Nivel mínimo diario,2017-09-10 00:00,cm,38,Preliminar
53119010,BUENAVENTURA IDEAM  - AUT [53119010],NIVEL,Nivel máximo diario,2017-09-11 00:00,cm,436,Preliminar
53119010,BUENAVENTURA IDEAM  - AUT [53119010],NIVEL,Nivel mínimo diario,2017-09-11 00:00,cm,52,Preliminar
53119010,BUENAVENTURA IDEAM  - AUT [53119010],NIVEL,Nivel máximo diario,2017-09-12 00:00,cm,426,Preliminar
53119010,BUENAVENTURA IDEAM  - AUT [53119010],NIVEL,Nivel mínimo diario,2017-09-12 00:00,cm,70,Preliminar
53119010,BUENAVENTURA IDEAM  - AUT [53119010],NIVEL,Nivel máximo diario,2017-09-13 00:00,cm,411,Preliminar
53119010,BUENAVENTURA IDEAM  - AUT [53119010],NIVEL,Nivel mínimo diario,2017-09-13 00:00,cm,89,Preliminar
53119010,BUENAVENTURA IDEAM  - AUT [53119010],NIVEL,Nivel máximo diario,2017-09-14 00:00,cm,385,Preliminar
53119010,BUENAVENTURA IDEAM  - AUT [53119010],NIVEL,Nivel mínimo diario,2017-09-14 00:00,cm,106,Preliminar
53119010,BUENAVENTURA IDEAM  - AUT [53119010],NIVEL,Nivel máximo diario,2017-09-15 00:00,cm,377,Preliminar
53119010,BUENAVENTURA IDEAM  - AUT [53119010],NIVEL,Nivel mínimo diario,2017-09-15 00:00,cm,104,Preliminar
53119010,BUENAVENTURA IDEAM  - AUT [53119010],NIVEL,Nivel máximo diario,2017-09-16 00:00,cm,386,Preliminar
53119010,BUENAVENTURA IDEAM  - AUT [53119010],NIVEL,Nivel mínimo diario,2017-09-16 00:00,cm,98,Preliminar
53119010,BUENAVENTURA IDEAM  - AUT [53119010],NIVEL,Nivel máximo diario,2017-09-17 00:00,cm,391,Preliminar
53119010,BUENAVENTURA IDEAM  - AUT [53119010],NIVEL,Nivel mínimo diario,2017-09-17 00:00,cm,102,Preliminar
53119010,BUENAVENTURA IDEAM  - AUT [53119010],NIVEL,Nivel máximo diario,2017-09-18 00:00,cm,420,Preliminar
53119010,BUENAVENTURA IDEAM  - AUT [53119010],NIVEL,Nivel mínimo diario,2017-09-18 00:00,cm,52,Preliminar
53119010,BUENAVENTURA IDEAM  - AUT [53119010],NIVEL,Nivel máximo diario,2017-09-19 00:00,cm,436,Preliminar
53119010,BUENAVENTURA IDEAM  - AUT [53119010],NIVEL,Nivel mínimo diario,2017-09-19 00:00,cm,48,Preliminar
53119010,BUENAVENTURA IDEAM  - AUT [53119010],NIVEL,Nivel máximo diario,2017-09-20 00:00,cm,449,Preliminar
53119010,BUENAVENTURA IDEAM  - AUT [53119010],NIVEL,Nivel mínimo diario,2017-09-20 00:00,cm,35,Preliminar
53119010,BUENAVENTURA IDEAM  - AUT [53119010],NIVEL,Nivel máximo diario,2017-09-21 00:00,cm,462,Preliminar
53119010,BUENAVENTURA IDEAM  - AUT [53119010],NIVEL,Nivel mínimo diario,2017-09-21 00:00,cm,37,Preliminar
53119010,BUENAVENTURA IDEAM  - AUT [53119010],NIVEL,Nivel máximo diario,2017-09-22 00:00,cm,457,Preliminar
53119010,BUENAVENTURA IDEAM  - AUT [53119010],NIVEL,Nivel mínimo diario,2017-09-22 00:00,cm,43,Preliminar
53119010,BUENAVENTURA IDEAM  - AUT [53119010],NIVEL,Nivel máximo diario,2017-09-23 00:00,cm,453,Preliminar
53119010,BUENAVENTURA IDEAM  - AUT [53119010],NIVEL,Nivel mínimo diario,2017-09-23 00:00,cm,47,Preliminar
53119010,BUENAVENTURA IDEAM  - AUT [53119010],NIVEL,Nivel máximo diario,2017-09-24 00:00,cm,437,Preliminar
53119010,BUENAVENTURA IDEAM  - AUT [53119010],NIVEL,Nivel mínimo diario,2017-09-24 00:00,cm,60,Preliminar
53119010,BUENAVENTURA IDEAM  - AUT [53119010],NIVEL,Nivel máximo diario,2017-09-25 00:00,cm,415,Preliminar
53119010,BUENAVENTURA IDEAM  - AUT [53119010],NIVEL,Nivel mínimo diario,2017-09-25 00:00,cm,80,Preliminar
53119010,BUENAVENTURA IDEAM  - AUT [53119010],NIVEL,Nivel máximo diario,2017-09-26 00:00,cm,389,Preliminar
53119010,BUENAVENTURA IDEAM  - AUT [53119010],NIVEL,Nivel mínimo diario,2017-09-26 00:00,cm,104,Preliminar
53119010,BUENAVENTURA IDEAM  - AUT [53119010],NIVEL,Nivel máximo diario,2017-09-27 00:00,cm,360,Preliminar
53119010,BUENAVENTURA IDEAM  - AUT [53119010],NIVEL,Nivel mínimo diario,2017-09-27 00:00,cm,128,Preliminar
53119010,BUENAVENTURA IDEAM  - AUT [53119010],NIVEL,Nivel máximo diario,2017-09-28 00:00,cm,332,Preliminar
53119010,BUENAVENTURA IDEAM  - AUT [53119010],NIVEL,Nivel mínimo diario,2017-09-28 00:00,cm,141,Preliminar
53119010,BUENAVENTURA IDEAM  - AUT [53119010],NIVEL,Nivel máximo diario,2017-09-29 00:00,cm,322,Preliminar
53119010,BUENAVENTURA IDEAM  - AUT [53119010],NIVEL,Nivel mínimo diario,2017-09-29 00:00,cm,152,Preliminar
53119010,BUENAVENTURA IDEAM  - AUT [53119010],NIVEL,Nivel máximo diario,2017-09-30 00:00,cm,322,Preliminar
53119010,BUENAVENTURA IDEAM  - AUT [53119010],NIVEL,Nivel mínimo diario,2017-09-30 00:00,cm,150,Preliminar
53119010,BUENAVENTURA IDEAM  - AUT [53119010],NIVEL,Nivel máximo diario,2017-10-01 00:00,cm,332,Preliminar
53119010,BUENAVENTURA IDEAM  - AUT [53119010],NIVEL,Nivel mínimo diario,2017-10-01 00:00,cm,135,Preliminar
53119010,BUENAVENTURA IDEAM  - AUT [53119010],NIVEL,Nivel máximo diario,2017-10-02 00:00,cm,349,Preliminar
53119010,BUENAVENTURA IDEAM  - AUT [53119010],NIVEL,Nivel mínimo diario,2017-10-02 00:00,cm,114,Preliminar
53119010,BUENAVENTURA IDEAM  - AUT [53119010],NIVEL,Nivel máximo diario,2017-10-03 00:00,cm,377,Preliminar
53119010,BUENAVENTURA IDEAM  - AUT [53119010],NIVEL,Nivel mínimo diario,2017-10-03 00:00,cm,111,Preliminar
53119010,BUENAVENTURA IDEAM  - AUT [53119010],NIVEL,Nivel máximo diario,2017-10-04 00:00,cm,411,Preliminar
53119010,BUENAVENTURA IDEAM  - AUT [53119010],NIVEL,Nivel mínimo diario,2017-10-04 00:00,cm,72,Preliminar
53119010,BUENAVENTURA IDEAM  - AUT [53119010],NIVEL,Nivel máximo diario,2017-10-05 00:00,cm,437,Preliminar
53119010,BUENAVENTURA IDEAM  - AUT [53119010],NIVEL,Nivel mínimo diario,2017-10-05 00:00,cm,54,Preliminar
53119010,BUENAVENTURA IDEAM  - AUT [53119010],NIVEL,Nivel máximo diario,2017-10-06 00:00,cm,453,Preliminar
53119010,BUENAVENTURA IDEAM  - AUT [53119010],NIVEL,Nivel mínimo diario,2017-10-06 00:00,cm,37,Preliminar
53119010,BUENAVENTURA IDEAM  - AUT [53119010],NIVEL,Nivel máximo diario,2017-10-07 00:00,cm,471,Preliminar
53119010,BUENAVENTURA IDEAM  - AUT [53119010],NIVEL,Nivel mínimo diario,2017-10-07 00:00,cm,19,Preliminar
53119010,BUENAVENTURA IDEAM  - AUT [53119010],NIVEL,Nivel máximo diario,2017-10-08 00:00,cm,468,Preliminar
53119010,BUENAVENTURA IDEAM  - AUT [53119010],NIVEL,Nivel mínimo diario,2017-10-08 00:00,cm,12,Preliminar
53119010,BUENAVENTURA IDEAM  - AUT [53119010],NIVEL,Nivel máximo diario,2017-10-09 00:00,cm,461,Preliminar
53119010,BUENAVENTURA IDEAM  - AUT [53119010],NIVEL,Nivel mínimo diario,2017-10-09 00:00,cm,13,Preliminar
53119010,BUENAVENTURA IDEAM  - AUT [53119010],NIVEL,Nivel máximo diario,2017-10-10 00:00,cm,449,Preliminar
53119010,BUENAVENTURA IDEAM  - AUT [53119010],NIVEL,Nivel mínimo diario,2017-10-10 00:00,cm,28,Preliminar
53119010,BUENAVENTURA IDEAM  - AUT [53119010],NIVEL,Nivel máximo diario,2017-10-11 00:00,cm,428,Preliminar
53119010,BUENAVENTURA IDEAM  - AUT [53119010],NIVEL,Nivel mínimo diario,2017-10-11 00:00,cm,57,Preliminar
53119010,BUENAVENTURA IDEAM  - AUT [53119010],NIVEL,Nivel máximo diario,2017-10-12 00:00,cm,400,Preliminar
53119010,BUENAVENTURA IDEAM  - AUT [53119010],NIVEL,Nivel mínimo diario,2017-10-12 00:00,cm,83,Preliminar
53119010,BUENAVENTURA IDEAM  - AUT [53119010],NIVEL,Nivel máximo diario,2017-10-13 00:00,cm,387,Preliminar
53119010,BUENAVENTURA IDEAM  - AUT [53119010],NIVEL,Nivel mínimo diario,2017-10-13 00:00,cm,107,Preliminar
53119010,BUENAVENTURA IDEAM  - AUT [53119010],NIVEL,Nivel máximo diario,2017-10-14 00:00,cm,377,Preliminar
53119010,BUENAVENTURA IDEAM  - AUT [53119010],NIVEL,Nivel mínimo diario,2017-10-14 00:00,cm,113,Preliminar
53119010,BUENAVENTURA IDEAM  - AUT [53119010],NIVEL,Nivel máximo diario,2017-10-15 00:00,cm,377,Preliminar
53119010,BUENAVENTURA IDEAM  - AUT [53119010],NIVEL,Nivel mínimo diario,2017-10-15 00:00,cm,103,Preliminar
53119010,BUENAVENTURA IDEAM  - AUT [53119010],NIVEL,Nivel máximo diario,2017-10-16 00:00,cm,389,Preliminar
53119010,BUENAVENTURA IDEAM  - AUT [53119010],NIVEL,Nivel mínimo diario,2017-10-16 00:00,cm,92,Preliminar
53119010,BUENAVENTURA IDEAM  - AUT [53119010],NIVEL,Nivel máximo diario,2017-10-17 00:00,cm,412,Preliminar
53119010,BUENAVENTURA IDEAM  - AUT [53119010],NIVEL,Nivel mínimo diario,2017-10-17 00:00,cm,78,Preliminar
53119010,BUENAVENTURA IDEAM  - AUT [53119010],NIVEL,Nivel máximo diario,2017-10-18 00:00,cm,430,Preliminar
53119010,BUENAVENTURA IDEAM  - AUT [53119010],NIVEL,Nivel mínimo diario,2017-10-18 00:00,cm,173,Preliminar
53119010,BUENAVENTURA IDEAM  - AUT [53119010],NIVEL,Nivel máximo diario,2018-03-15 00:00,cm,366,Preliminar
53119010,BUENAVENTURA IDEAM  - AUT [53119010],NIVEL,Nivel mínimo diario,2018-03-15 00:00,cm,83,Preliminar
53119010,BUENAVENTURA IDEAM  - AUT [53119010],NIVEL,Nivel máximo diario,2018-03-16 00:00,cm,394,Preliminar
53119010,BUENAVENTURA IDEAM  - AUT [53119010],NIVEL,Nivel mínimo diario,2018-03-16 00:00,cm,68,Preliminar
53119010,BUENAVENTURA IDEAM  - AUT [53119010],NIVEL,Nivel máximo diario,2018-03-17 00:00,cm,408,Preliminar
53119010,BUENAVENTURA IDEAM  - AUT [53119010],NIVEL,Nivel mínimo diario,2018-03-17 00:00,cm,41,Preliminar
53119010,BUENAVENTURA IDEAM  - AUT [53119010],NIVEL,Nivel máximo diario,2018-03-18 00:00,cm,426,Preliminar
53119010,BUENAVENTURA IDEAM  - AUT [53119010],NIVEL,Nivel mínimo diario,2018-03-18 00:00,cm,30,Preliminar
53119010,BUENAVENTURA IDEAM  - AUT [53119010],NIVEL,Nivel máximo diario,2018-03-19 00:00,cm,440,Preliminar
53119010,BUENAVENTURA IDEAM  - AUT [53119010],NIVEL,Nivel mínimo diario,2018-03-19 00:00,cm,28,Preliminar
53119010,BUENAVENTURA IDEAM  - AUT [53119010],NIVEL,Nivel máximo diario,2018-03-20 00:00,cm,438,Preliminar
53119010,BUENAVENTURA IDEAM  - AUT [53119010],NIVEL,Nivel mínimo diario,2018-03-20 00:00,cm,27,Preliminar
53119010,BUENAVENTURA IDEAM  - AUT [53119010],NIVEL,Nivel máximo diario,2018-03-21 00:00,cm,432,Preliminar
53119010,BUENAVENTURA IDEAM  - AUT [53119010],NIVEL,Nivel mínimo diario,2018-03-21 00:00,cm,27,Preliminar
53119010,BUENAVENTURA IDEAM  - AUT [53119010],NIVEL,Nivel máximo diario,2018-03-22 00:00,cm,416,Preliminar
53119010,BUENAVENTURA IDEAM  - AUT [53119010],NIVEL,Nivel mínimo diario,2018-03-22 00:00,cm,26,Preliminar
53119010,BUENAVENTURA IDEAM  - AUT [53119010],NIVEL,Nivel máximo diario,2018-03-23 00:00,cm,401,Preliminar
53119010,BUENAVENTURA IDEAM  - AUT [53119010],NIVEL,Nivel mínimo diario,2018-03-23 00:00,cm,43,Preliminar
53119010,BUENAVENTURA IDEAM  - AUT [53119010],NIVEL,Nivel máximo diario,2018-03-24 00:00,cm,381,Preliminar
53119010,BUENAVENTURA IDEAM  - AUT [53119010],NIVEL,Nivel mínimo diario,2018-03-24 00:00,cm,63,Preliminar
53119010,BUENAVENTURA IDEAM  - AUT [53119010],NIVEL,Nivel máximo diario,2018-03-25 00:00,cm,361,Preliminar
53119010,BUENAVENTURA IDEAM  - AUT [53119010],NIVEL,Nivel mínimo diario,2018-03-25 00:00,cm,92,Preliminar
53119010,BUENAVENTURA IDEAM  - AUT [53119010],NIVEL,Nivel máximo diario,2018-03-26 00:00,cm,355,Preliminar
53119010,BUENAVENTURA IDEAM  - AUT [53119010],NIVEL,Nivel mínimo diario,2018-03-26 00:00,cm,90,Preliminar
53119010,BUENAVENTURA IDEAM  - AUT [53119010],NIVEL,Nivel máximo diario,2018-03-27 00:00,cm,359,Preliminar
53119010,BUENAVENTURA IDEAM  - AUT [53119010],NIVEL,Nivel mínimo diario,2018-03-27 00:00,cm,91,Preliminar
53119010,BUENAVENTURA IDEAM  - AUT [53119010],NIVEL,Nivel máximo diario,2018-03-28 00:00,cm,386,Preliminar
53119010,BUENAVENTURA IDEAM  - AUT [53119010],NIVEL,Nivel mínimo diario,2018-03-28 00:00,cm,82,Preliminar
53119010,BUENAVENTURA IDEAM  - AUT [53119010],NIVEL,Nivel máximo diario,2018-03-29 00:00,cm,411,Preliminar
53119010,BUENAVENTURA IDEAM  - AUT [53119010],NIVEL,Nivel mínimo diario,2018-03-29 00:00,cm,50,Preliminar
53119010,BUENAVENTURA IDEAM  - AUT [53119010],NIVEL,Nivel máximo diario,2018-03-30 00:00,cm,442,Preliminar
53119010,BUENAVENTURA IDEAM  - AUT [53119010],NIVEL,Nivel mínimo diario,2018-03-30 00:00,cm,31,Preliminar
53119010,BUENAVENTURA IDEAM  - AUT [53119010],NIVEL,Nivel máximo diario,2018-03-31 00:00,cm,450,Preliminar
53119010,BUENAVENTURA IDEAM  - AUT [53119010],NIVEL,Nivel mínimo diario,2018-03-31 00:00,cm,16,Preliminar
53119010,BUENAVENTURA IDEAM  - AUT [53119010],NIVEL,Nivel máximo diario,2018-04-01 00:00,cm,453,Preliminar
53119010,BUENAVENTURA IDEAM  - AUT [53119010],NIVEL,Nivel mínimo diario,2018-04-01 00:00,cm,2,Preliminar
53119010,BUENAVENTURA IDEAM  - AUT [53119010],NIVEL,Nivel máximo diario,2018-04-02 00:00,cm,449,Preliminar
53119010,BUENAVENTURA IDEAM  - AUT [53119010],NIVEL,Nivel mínimo diario,2018-04-02 00:00,cm,6,Preliminar
53119010,BUENAVENTURA IDEAM  - AUT [53119010],NIVEL,Nivel máximo diario,2018-04-03 00:00,cm,430,Preliminar
53119010,BUENAVENTURA IDEAM  - AUT [53119010],NIVEL,Nivel mínimo diario,2018-04-03 00:00,cm,6,Preliminar
53119010,BUENAVENTURA IDEAM  - AUT [53119010],NIVEL,Nivel máximo diario,2018-04-04 00:00,cm,416,Preliminar
53119010,BUENAVENTURA IDEAM  - AUT [53119010],NIVEL,Nivel mínimo diario,2018-04-04 00:00,cm,25,Preliminar
53119010,BUENAVENTURA IDEAM  - AUT [53119010],NIVEL,Nivel máximo diario,2018-04-05 00:00,cm,388,Preliminar
53119010,BUENAVENTURA IDEAM  - AUT [53119010],NIVEL,Nivel mínimo diario,2018-04-05 00:00,cm,41,Preliminar
53119010,BUENAVENTURA IDEAM  - AUT [53119010],NIVEL,Nivel máximo diario,2018-04-06 00:00,cm,367,Preliminar
53119010,BUENAVENTURA IDEAM  - AUT [53119010],NIVEL,Nivel mínimo diario,2018-04-06 00:00,cm,69,Preliminar
53119010,BUENAVENTURA IDEAM  - AUT [53119010],NIVEL,Nivel máximo diario,2018-04-07 00:00,cm,342,Preliminar
53119010,BUENAVENTURA IDEAM  - AUT [53119010],NIVEL,Nivel mínimo diario,2018-04-07 00:00,cm,93,Preliminar
53119010,BUENAVENTURA IDEAM  - AUT [53119010],NIVEL,Nivel máximo diario,2018-04-08 00:00,cm,321,Preliminar
53119010,BUENAVENTURA IDEAM  - AUT [53119010],NIVEL,Nivel mínimo diario,2018-04-08 00:00,cm,115,Preliminar
53119010,BUENAVENTURA IDEAM  - AUT [53119010],NIVEL,Nivel máximo diario,2018-04-09 00:00,cm,313,Preliminar
53119010,BUENAVENTURA IDEAM  - AUT [53119010],NIVEL,Nivel mínimo diario,2018-04-09 00:00,cm,129,Preliminar
53119010,BUENAVENTURA IDEAM  - AUT [53119010],NIVEL,Nivel máximo diario,2018-04-10 00:00,cm,309,Preliminar
53119010,BUENAVENTURA IDEAM  - AUT [53119010],NIVEL,Nivel mínimo diario,2018-04-10 00:00,cm,140,Preliminar
53119010,BUENAVENTURA IDEAM  - AUT [53119010],NIVEL,Nivel máximo diario,2018-04-11 00:00,cm,321,Preliminar
53119010,BUENAVENTURA IDEAM  - AUT [53119010],NIVEL,Nivel mínimo diario,2018-04-11 00:00,cm,131,Preliminar
53119010,BUENAVENTURA IDEAM  - AUT [53119010],NIVEL,Nivel máximo diario,2018-04-12 00:00,cm,350,Preliminar
53119010,BUENAVENTURA IDEAM  - AUT [53119010],NIVEL,Nivel mínimo diario,2018-04-12 00:00,cm,110,Preliminar
53119010,BUENAVENTURA IDEAM  - AUT [53119010],NIVEL,Nivel máximo diario,2018-04-13 00:00,cm,374,Preliminar
53119010,BUENAVENTURA IDEAM  - AUT [53119010],NIVEL,Nivel mínimo diario,2018-04-13 00:00,cm,89,Preliminar
53119010,BUENAVENTURA IDEAM  - AUT [53119010],NIVEL,Nivel máximo diario,2018-04-14 00:00,cm,397,Preliminar
53119010,BUENAVENTURA IDEAM  - AUT [53119010],NIVEL,Nivel mínimo diario,2018-04-14 00:00,cm,63,Preliminar
53119010,BUENAVENTURA IDEAM  - AUT [53119010],NIVEL,Nivel máximo diario,2018-04-15 00:00,cm,421,Preliminar
53119010,BUENAVENTURA IDEAM  - AUT [53119010],NIVEL,Nivel mínimo diario,2018-04-15 00:00,cm,41,Preliminar
53119010,BUENAVENTURA IDEAM  - AUT [53119010],NIVEL,Nivel máximo diario,2018-04-16 00:00,cm,436,Preliminar
53119010,BUENAVENTURA IDEAM  - AUT [53119010],NIVEL,Nivel mínimo diario,2018-04-16 00:00,cm,30,Preliminar
53119010,BUENAVENTURA IDEAM  - AUT [53119010],NIVEL,Nivel máximo diario,2018-04-17 00:00,cm,449,Preliminar
53119010,BUENAVENTURA IDEAM  - AUT [53119010],NIVEL,Nivel mínimo diario,2018-04-17 00:00,cm,19,Preliminar
53119010,BUENAVENTURA IDEAM  - AUT [53119010],NIVEL,Nivel máximo diario,2018-04-18 00:00,cm,459,Preliminar
53119010,BUENAVENTURA IDEAM  - AUT [53119010],NIVEL,Nivel mínimo diario,2018-04-18 00:00,cm,7,Preliminar
53119010,BUENAVENTURA IDEAM  - AUT [53119010],NIVEL,Nivel máximo diario,2018-04-19 00:00,cm,444,Preliminar
53119010,BUENAVENTURA IDEAM  - AUT [53119010],NIVEL,Nivel mínimo diario,2018-04-19 00:00,cm,7,Preliminar
53119010,BUENAVENTURA IDEAM  - AUT [53119010],NIVEL,Nivel máximo diario,2018-04-20 00:00,cm,430,Preliminar
53119010,BUENAVENTURA IDEAM  - AUT [53119010],NIVEL,Nivel mínimo diario,2018-04-20 00:00,cm,14,Preliminar
53119010,BUENAVENTURA IDEAM  - AUT [53119010],NIVEL,Nivel máximo diario,2018-04-21 00:00,cm,413,Preliminar
53119010,BUENAVENTURA IDEAM  - AUT [53119010],NIVEL,Nivel mínimo diario,2018-04-21 00:00,cm,43,Preliminar
53119010,BUENAVENTURA IDEAM  - AUT [53119010],NIVEL,Nivel máximo diario,2018-04-22 00:00,cm,396,Preliminar
53119010,BUENAVENTURA IDEAM  - AUT [53119010],NIVEL,Nivel mínimo diario,2018-04-22 00:00,cm,63,Preliminar
53119010,BUENAVENTURA IDEAM  - AUT [53119010],NIVEL,Nivel máximo diario,2018-04-23 00:00,cm,382,Preliminar
53119010,BUENAVENTURA IDEAM  - AUT [53119010],NIVEL,Nivel mínimo diario,2018-04-23 00:00,cm,86,Preliminar
53119010,BUENAVENTURA IDEAM  - AUT [53119010],NIVEL,Nivel máximo diario,2018-04-24 00:00,cm,376,Preliminar
53119010,BUENAVENTURA IDEAM  - AUT [53119010],NIVEL,Nivel mínimo diario,2018-04-24 00:00,cm,98,Preliminar
53119010,BUENAVENTURA IDEAM  - AUT [53119010],NIVEL,Nivel máximo diario,2018-04-25 00:00,cm,375,Preliminar
53119010,BUENAVENTURA IDEAM  - AUT [53119010],NIVEL,Nivel mínimo diario,2018-04-25 00:00,cm,102,Preliminar
53119010,BUENAVENTURA IDEAM  - AUT [53119010],NIVEL,Nivel máximo diario,2018-04-26 00:00,cm,395,Preliminar
53119010,BUENAVENTURA IDEAM  - AUT [53119010],NIVEL,Nivel mínimo diario,2018-04-26 00:00,cm,86,Preliminar
53119010,BUENAVENTURA IDEAM  - AUT [53119010],NIVEL,Nivel máximo diario,2018-04-27 00:00,cm,415,Preliminar
53119010,BUENAVENTURA IDEAM  - AUT [53119010],NIVEL,Nivel mínimo diario,2018-04-27 00:00,cm,67,Preliminar
53119010,BUENAVENTURA IDEAM  - AUT [53119010],NIVEL,Nivel máximo diario,2018-04-28 00:00,cm,430,Preliminar
53119010,BUENAVENTURA IDEAM  - AUT [53119010],NIVEL,Nivel mínimo diario,2018-04-28 00:00,cm,53,Preliminar
53119010,BUENAVENTURA IDEAM  - AUT [53119010],NIVEL,Nivel máximo diario,2018-04-29 00:00,cm,440,Preliminar
53119010,BUENAVENTURA IDEAM  - AUT [53119010],NIVEL,Nivel mínimo diario,2018-04-29 00:00,cm,34,Preliminar
53119010,BUENAVENTURA IDEAM  - AUT [53119010],NIVEL,Nivel máximo diario,2018-04-30 00:00,cm,446,Preliminar
53119010,BUENAVENTURA IDEAM  - AUT [53119010],NIVEL,Nivel mínimo diario,2018-04-30 00:00,cm,36,Preliminar
53119010,BUENAVENTURA IDEAM  - AUT [53119010],NIVEL,Nivel máximo diario,2018-05-01 00:00,cm,436,Preliminar
53119010,BUENAVENTURA IDEAM  - AUT [53119010],NIVEL,Nivel mínimo diario,2018-05-01 00:00,cm,39,Preliminar
53119010,BUENAVENTURA IDEAM  - AUT [53119010],NIVEL,Nivel máximo diario,2018-05-02 00:00,cm,434,Preliminar
53119010,BUENAVENTURA IDEAM  - AUT [53119010],NIVEL,Nivel mínimo diario,2018-05-02 00:00,cm,51,Preliminar
53119010,BUENAVENTURA IDEAM  - AUT [53119010],NIVEL,Nivel máximo diario,2018-05-03 00:00,cm,409,Preliminar
53119010,BUENAVENTURA IDEAM  - AUT [53119010],NIVEL,Nivel mínimo diario,2018-05-03 00:00,cm,54,Preliminar
53119010,BUENAVENTURA IDEAM  - AUT [53119010],NIVEL,Nivel máximo diario,2018-05-04 00:00,cm,398,Preliminar
53119010,BUENAVENTURA IDEAM  - AUT [53119010],NIVEL,Nivel mínimo diario,2018-05-04 00:00,cm,69,Preliminar
53119010,BUENAVENTURA IDEAM  - AUT [53119010],NIVEL,Nivel máximo diario,2018-05-05 00:00,cm,381,Preliminar
53119010,BUENAVENTURA IDEAM  - AUT [53119010],NIVEL,Nivel mínimo diario,2018-05-05 00:00,cm,92,Preliminar
53119010,BUENAVENTURA IDEAM  - AUT [53119010],NIVEL,Nivel máximo diario,2018-05-06 00:00,cm,371,Preliminar
53119010,BUENAVENTURA IDEAM  - AUT [53119010],NIVEL,Nivel mínimo diario,2018-05-06 00:00,cm,103,Preliminar
53119010,BUENAVENTURA IDEAM  - AUT [53119010],NIVEL,Nivel máximo diario,2018-05-07 00:00,cm,354,Preliminar
53119010,BUENAVENTURA IDEAM  - AUT [53119010],NIVEL,Nivel mínimo diario,2018-05-07 00:00,cm,130,Preliminar
53119010,BUENAVENTURA IDEAM  - AUT [53119010],NIVEL,Nivel máximo diario,2018-05-08 00:00,cm,340,Preliminar
53119010,BUENAVENTURA IDEAM  - AUT [53119010],NIVEL,Nivel mínimo diario,2018-05-08 00:00,cm,140,Preliminar
53119010,BUENAVENTURA IDEAM  - AUT [53119010],NIVEL,Nivel máximo diario,2018-05-09 00:00,cm,336,Preliminar
53119010,BUENAVENTURA IDEAM  - AUT [53119010],NIVEL,Nivel mínimo diario,2018-05-09 00:00,cm,141,Preliminar
53119010,BUENAVENTURA IDEAM  - AUT [53119010],NIVEL,Nivel máximo diario,2018-05-10 00:00,cm,347,Preliminar
53119010,BUENAVENTURA IDEAM  - AUT [53119010],NIVEL,Nivel mínimo diario,2018-05-10 00:00,cm,144,Preliminar
53119010,BUENAVENTURA IDEAM  - AUT [53119010],NIVEL,Nivel máximo diario,2018-05-11 00:00,cm,366,Preliminar
53119010,BUENAVENTURA IDEAM  - AUT [53119010],NIVEL,Nivel mínimo diario,2018-05-11 00:00,cm,123,Preliminar
53119010,BUENAVENTURA IDEAM  - AUT [53119010],NIVEL,Nivel máximo diario,2018-05-12 00:00,cm,388,Preliminar
53119010,BUENAVENTURA IDEAM  - AUT [53119010],NIVEL,Nivel mínimo diario,2018-05-12 00:00,cm,99,Preliminar
53119010,BUENAVENTURA IDEAM  - AUT [53119010],NIVEL,Nivel máximo diario,2018-05-13 00:00,cm,409,Preliminar
53119010,BUENAVENTURA IDEAM  - AUT [53119010],NIVEL,Nivel mínimo diario,2018-05-13 00:00,cm,75,Preliminar
53119010,BUENAVENTURA IDEAM  - AUT [53119010],NIVEL,Nivel máximo diario,2018-05-14 00:00,cm,434,Preliminar
53119010,BUENAVENTURA IDEAM  - AUT [53119010],NIVEL,Nivel mínimo diario,2018-05-14 00:00,cm,52,Preliminar
53119010,BUENAVENTURA IDEAM  - AUT [53119010],NIVEL,Nivel máximo diario,2018-05-15 00:00,cm,451,Preliminar
53119010,BUENAVENTURA IDEAM  - AUT [53119010],NIVEL,Nivel mínimo diario,2018-05-15 00:00,cm,28,Preliminar
53119010,BUENAVENTURA IDEAM  - AUT [53119010],NIVEL,Nivel máximo diario,2018-05-16 00:00,cm,471,Preliminar
53119010,BUENAVENTURA IDEAM  - AUT [53119010],NIVEL,Nivel mínimo diario,2018-05-16 00:00,cm,13,Preliminar
53119010,BUENAVENTURA IDEAM  - AUT [53119010],NIVEL,Nivel máximo diario,2018-05-17 00:00,cm,473,Preliminar
53119010,BUENAVENTURA IDEAM  - AUT [53119010],NIVEL,Nivel mínimo diario,2018-05-17 00:00,cm,20,Preliminar
53119010,BUENAVENTURA IDEAM  - AUT [53119010],NIVEL,Nivel máximo diario,2018-05-18 00:00,cm,454,Preliminar
53119010,BUENAVENTURA IDEAM  - AUT [53119010],NIVEL,Nivel mínimo diario,2018-05-18 00:00,cm,22,Preliminar
53119010,BUENAVENTURA IDEAM  - AUT [53119010],NIVEL,Nivel máximo diario,2018-05-19 00:00,cm,445,Preliminar
53119010,BUENAVENTURA IDEAM  - AUT [53119010],NIVEL,Nivel mínimo diario,2018-05-19 00:00,cm,22,Preliminar
53119010,BUENAVENTURA IDEAM  - AUT [53119010],NIVEL,Nivel máximo diario,2018-05-20 00:00,cm,432,Preliminar
53119010,BUENAVENTURA IDEAM  - AUT [53119010],NIVEL,Nivel mínimo diario,2018-05-20 00:00,cm,43,Preliminar
53119010,BUENAVENTURA IDEAM  - AUT [53119010],NIVEL,Nivel máximo diario,2018-05-21 00:00,cm,418,Preliminar
53119010,BUENAVENTURA IDEAM  - AUT [53119010],NIVEL,Nivel mínimo diario,2018-05-21 00:00,cm,61,Preliminar
53119010,BUENAVENTURA IDEAM  - AUT [53119010],NIVEL,Nivel máximo diario,2018-05-22 00:00,cm,405,Preliminar
53119010,BUENAVENTURA IDEAM  - AUT [53119010],NIVEL,Nivel mínimo diario,2018-05-22 00:00,cm,84,Preliminar
53119010,BUENAVENTURA IDEAM  - AUT [53119010],NIVEL,Nivel máximo diario,2018-05-23 00:00,cm,395,Preliminar
53119010,BUENAVENTURA IDEAM  - AUT [53119010],NIVEL,Nivel mínimo diario,2018-05-23 00:00,cm,94,Preliminar
53119010,BUENAVENTURA IDEAM  - AUT [53119010],NIVEL,Nivel máximo diario,2018-05-24 00:00,cm,400,Preliminar
53119010,BUENAVENTURA IDEAM  - AUT [53119010],NIVEL,Nivel mínimo diario,2018-05-24 00:00,cm,104,Preliminar
53119010,BUENAVENTURA IDEAM  - AUT [53119010],NIVEL,Nivel máximo diario,2018-05-25 00:00,cm,407,Preliminar
53119010,BUENAVENTURA IDEAM  - AUT [53119010],NIVEL,Nivel mínimo diario,2018-05-25 00:00,cm,103,Preliminar
53119010,BUENAVENTURA IDEAM  - AUT [53119010],NIVEL,Nivel máximo diario,2018-05-26 00:00,cm,413,Preliminar
53119010,BUENAVENTURA IDEAM  - AUT [53119010],NIVEL,Nivel mínimo diario,2018-05-26 00:00,cm,84,Preliminar
53119010,BUENAVENTURA IDEAM  - AUT [53119010],NIVEL,Nivel máximo diario,2018-05-27 00:00,cm,421,Preliminar
53119010,BUENAVENTURA IDEAM  - AUT [53119010],NIVEL,Nivel mínimo diario,2018-05-27 00:00,cm,66,Preliminar
53119010,BUENAVENTURA IDEAM  - AUT [53119010],NIVEL,Nivel máximo diario,2018-05-28 00:00,cm,421,Preliminar
53119010,BUENAVENTURA IDEAM  - AUT [53119010],NIVEL,Nivel mínimo diario,2018-05-28 00:00,cm,62,Preliminar
53119010,BUENAVENTURA IDEAM  - AUT [53119010],NIVEL,Nivel máximo diario,2018-05-29 00:00,cm,420,Preliminar
53119010,BUENAVENTURA IDEAM  - AUT [53119010],NIVEL,Nivel mínimo diario,2018-05-29 00:00,cm,54,Preliminar
53119010,BUENAVENTURA IDEAM  - AUT [53119010],NIVEL,Nivel máximo diario,2018-05-30 00:00,cm,422,Preliminar
53119010,BUENAVENTURA IDEAM  - AUT [53119010],NIVEL,Nivel mínimo diario,2018-05-30 00:00,cm,61,Preliminar
53119010,BUENAVENTURA IDEAM  - AUT [53119010],NIVEL,Nivel máximo diario,2018-05-31 00:00,cm,415,Preliminar
53119010,BUENAVENTURA IDEAM  - AUT [53119010],NIVEL,Nivel mínimo diario,2018-05-31 00:00,cm,66,Preliminar
53119010,BUENAVENTURA IDEAM  - AUT [53119010],NIVEL,Nivel máximo diario,2018-06-01 00:00,cm,409,Preliminar
53119010,BUENAVENTURA IDEAM  - AUT [53119010],NIVEL,Nivel mínimo diario,2018-06-01 00:00,cm,71,Preliminar
53119010,BUENAVENTURA IDEAM  - AUT [53119010],NIVEL,Nivel máximo diario,2018-06-02 00:00,cm,393,Preliminar
53119010,BUENAVENTURA IDEAM  - AUT [53119010],NIVEL,Nivel mínimo diario,2018-06-02 00:00,cm,71,Preliminar
53119010,BUENAVENTURA IDEAM  - AUT [53119010],NIVEL,Nivel máximo diario,2018-06-03 00:00,cm,388,Preliminar
53119010,BUENAVENTURA IDEAM  - AUT [53119010],NIVEL,Nivel mínimo diario,2018-06-03 00:00,cm,88,Preliminar
53119010,BUENAVENTURA IDEAM  - AUT [53119010],NIVEL,Nivel máximo diario,2018-06-04 00:00,cm,379,Preliminar
53119010,BUENAVENTURA IDEAM  - AUT [53119010],NIVEL,Nivel mínimo diario,2018-06-04 00:00,cm,105,Preliminar
53119010,BUENAVENTURA IDEAM  - AUT [53119010],NIVEL,Nivel máximo diario,2018-06-05 00:00,cm,373,Preliminar
53119010,BUENAVENTURA IDEAM  - AUT [53119010],NIVEL,Nivel mínimo diario,2018-06-05 00:00,cm,120,Preliminar
53119010,BUENAVENTURA IDEAM  - AUT [53119010],NIVEL,Nivel máximo diario,2018-06-06 00:00,cm,367,Preliminar
53119010,BUENAVENTURA IDEAM  - AUT [53119010],NIVEL,Nivel mínimo diario,2018-06-06 00:00,cm,133,Preliminar
53119010,BUENAVENTURA IDEAM  - AUT [53119010],NIVEL,Nivel máximo diario,2018-06-07 00:00,cm,365,Preliminar
53119010,BUENAVENTURA IDEAM  - AUT [53119010],NIVEL,Nivel mínimo diario,2018-06-07 00:00,cm,143,Preliminar
53119010,BUENAVENTURA IDEAM  - AUT [53119010],NIVEL,Nivel máximo diario,2018-06-08 00:00,cm,371,Preliminar
53119010,BUENAVENTURA IDEAM  - AUT [53119010],NIVEL,Nivel mínimo diario,2018-06-08 00:00,cm,148,Preliminar
53119010,BUENAVENTURA IDEAM  - AUT [53119010],NIVEL,Nivel máximo diario,2018-06-09 00:00,cm,380,Preliminar
53119010,BUENAVENTURA IDEAM  - AUT [53119010],NIVEL,Nivel mínimo diario,2018-06-09 00:00,cm,137,Preliminar
53119010,BUENAVENTURA IDEAM  - AUT [53119010],NIVEL,Nivel máximo diario,2018-06-10 00:00,cm,398,Preliminar
53119010,BUENAVENTURA IDEAM  - AUT [53119010],NIVEL,Nivel mínimo diario,2018-06-10 00:00,cm,112,Preliminar
53119010,BUENAVENTURA IDEAM  - AUT [53119010],NIVEL,Nivel máximo diario,2018-06-11 00:00,cm,415,Preliminar
53119010,BUENAVENTURA IDEAM  - AUT [53119010],NIVEL,Nivel mínimo diario,2018-06-11 00:00,cm,82,Preliminar
53119010,BUENAVENTURA IDEAM  - AUT [53119010],NIVEL,Nivel máximo diario,2018-06-12 00:00,cm,436,Preliminar
53119010,BUENAVENTURA IDEAM  - AUT [53119010],NIVEL,Nivel mínimo diario,2018-06-12 00:00,cm,61,Preliminar
53119010,BUENAVENTURA IDEAM  - AUT [53119010],NIVEL,Nivel máximo diario,2018-06-13 00:00,cm,459,Preliminar
53119010,BUENAVENTURA IDEAM  - AUT [53119010],NIVEL,Nivel mínimo diario,2018-06-13 00:00,cm,34,Preliminar
53119010,BUENAVENTURA IDEAM  - AUT [53119010],NIVEL,Nivel máximo diario,2018-06-14 00:00,cm,459,Preliminar
53119010,BUENAVENTURA IDEAM  - AUT [53119010],NIVEL,Nivel mínimo diario,2018-06-14 00:00,cm,14,Preliminar
53119010,BUENAVENTURA IDEAM  - AUT [53119010],NIVEL,Nivel máximo diario,2018-06-15 00:00,cm,466,Preliminar
53119010,BUENAVENTURA IDEAM  - AUT [53119010],NIVEL,Nivel mínimo diario,2018-06-15 00:00,cm,3,Preliminar
53119010,BUENAVENTURA IDEAM  - AUT [53119010],NIVEL,Nivel máximo diario,2018-06-16 00:00,cm,470,Preliminar
53119010,BUENAVENTURA IDEAM  - AUT [53119010],NIVEL,Nivel mínimo diario,2018-06-16 00:00,cm,13,Preliminar
53119010,BUENAVENTURA IDEAM  - AUT [53119010],NIVEL,Nivel máximo diario,2018-06-17 00:00,cm,463,Preliminar
53119010,BUENAVENTURA IDEAM  - AUT [53119010],NIVEL,Nivel mínimo diario,2018-06-17 00:00,cm,13,Preliminar
53119010,BUENAVENTURA IDEAM  - AUT [53119010],NIVEL,Nivel máximo diario,2018-06-18 00:00,cm,457,Preliminar
53119010,BUENAVENTURA IDEAM  - AUT [53119010],NIVEL,Nivel mínimo diario,2018-06-18 00:00,cm,30,Preliminar
53119010,BUENAVENTURA IDEAM  - AUT [53119010],NIVEL,Nivel máximo diario,2018-06-20 00:00,cm,418,Preliminar
53119010,BUENAVENTURA IDEAM  - AUT [53119010],NIVEL,Nivel mínimo diario,2018-06-20 00:00,cm,70,Preliminar
53119010,BUENAVENTURA IDEAM  - AUT [53119010],NIVEL,Nivel máximo diario,2018-06-21 00:00,cm,401,Preliminar
53119010,BUENAVENTURA IDEAM  - AUT [53119010],NIVEL,Nivel mínimo diario,2018-06-21 00:00,cm,89,Preliminar
53119010,BUENAVENTURA IDEAM  - AUT [53119010],NIVEL,Nivel máximo diario,2018-06-22 00:00,cm,390,Preliminar
53119010,BUENAVENTURA IDEAM  - AUT [53119010],NIVEL,Nivel mínimo diario,2018-06-22 00:00,cm,108,Preliminar
53119010,BUENAVENTURA IDEAM  - AUT [53119010],NIVEL,Nivel máximo diario,2018-06-23 00:00,cm,390,Preliminar
53119010,BUENAVENTURA IDEAM  - AUT [53119010],NIVEL,Nivel mínimo diario,2018-06-23 00:00,cm,103,Preliminar
53119010,BUENAVENTURA IDEAM  - AUT [53119010],NIVEL,Nivel máximo diario,2018-06-24 00:00,cm,390,Preliminar
53119010,BUENAVENTURA IDEAM  - AUT [53119010],NIVEL,Nivel mínimo diario,2018-06-24 00:00,cm,100,Preliminar
53119010,BUENAVENTURA IDEAM  - AUT [53119010],NIVEL,Nivel máximo diario,2018-06-25 00:00,cm,391,Preliminar
53119010,BUENAVENTURA IDEAM  - AUT [53119010],NIVEL,Nivel mínimo diario,2018-06-25 00:00,cm,88,Preliminar
53119010,BUENAVENTURA IDEAM  - AUT [53119010],NIVEL,Nivel máximo diario,2018-06-26 00:00,cm,405,Preliminar
53119010,BUENAVENTURA IDEAM  - AUT [53119010],NIVEL,Nivel mínimo diario,2018-06-26 00:00,cm,90,Preliminar
53119010,BUENAVENTURA IDEAM  - AUT [53119010],NIVEL,Nivel máximo diario,2018-06-27 00:00,cm,411,Preliminar
53119010,BUENAVENTURA IDEAM  - AUT [53119010],NIVEL,Nivel mínimo diario,2018-06-27 00:00,cm,76,Preliminar
53119010,BUENAVENTURA IDEAM  - AUT [53119010],NIVEL,Nivel máximo diario,2018-06-28 00:00,cm,407,Preliminar
53119010,BUENAVENTURA IDEAM  - AUT [53119010],NIVEL,Nivel mínimo diario,2018-06-28 00:00,cm,76,Preliminar
53119010,BUENAVENTURA IDEAM  - AUT [53119010],NIVEL,Nivel máximo diario,2018-06-29 00:00,cm,412,Preliminar
53119010,BUENAVENTURA IDEAM  - AUT [53119010],NIVEL,Nivel mínimo diario,2018-06-29 00:00,cm,82,Preliminar
53119010,BUENAVENTURA IDEAM  - AUT [53119010],NIVEL,Nivel máximo diario,2018-06-30 00:00,cm,405,Preliminar
53119010,BUENAVENTURA IDEAM  - AUT [53119010],NIVEL,Nivel mínimo diario,2018-06-30 00:00,cm,78,Preliminar
53119010,BUENAVENTURA IDEAM  - AUT [53119010],NIVEL,Nivel máximo diario,2018-07-01 00:00,cm,401,Preliminar
53119010,BUENAVENTURA IDEAM  - AUT [53119010],NIVEL,Nivel mínimo diario,2018-07-01 00:00,cm,78,Preliminar
53119010,BUENAVENTURA IDEAM  - AUT [53119010],NIVEL,Nivel máximo diario,2018-07-02 00:00,cm,393,Preliminar
53119010,BUENAVENTURA IDEAM  - AUT [53119010],NIVEL,Nivel mínimo diario,2018-07-02 00:00,cm,84,Preliminar
53119010,BUENAVENTURA IDEAM  - AUT [53119010],NIVEL,Nivel máximo diario,2018-07-03 00:00,cm,389,Preliminar
53119010,BUENAVENTURA IDEAM  - AUT [53119010],NIVEL,Nivel mínimo diario,2018-07-03 00:00,cm,88,Preliminar
53119010,BUENAVENTURA IDEAM  - AUT [53119010],NIVEL,Nivel máximo diario,2018-07-04 00:00,cm,386,Preliminar
53119010,BUENAVENTURA IDEAM  - AUT [53119010],NIVEL,Nivel mínimo diario,2018-07-04 00:00,cm,105,Preliminar
53119010,BUENAVENTURA IDEAM  - AUT [53119010],NIVEL,Nivel máximo diario,2018-07-05 00:00,cm,377,Preliminar
53119010,BUENAVENTURA IDEAM  - AUT [53119010],NIVEL,Nivel mínimo diario,2018-07-05 00:00,cm,106,Preliminar
53119010,BUENAVENTURA IDEAM  - AUT [53119010],NIVEL,Nivel máximo diario,2018-07-06 00:00,cm,372,Preliminar
53119010,BUENAVENTURA IDEAM  - AUT [53119010],NIVEL,Nivel mínimo diario,2018-07-06 00:00,cm,114,Preliminar
53119010,BUENAVENTURA IDEAM  - AUT [53119010],NIVEL,Nivel máximo diario,2018-07-07 00:00,cm,377,Preliminar
53119010,BUENAVENTURA IDEAM  - AUT [53119010],NIVEL,Nivel mínimo diario,2018-07-07 00:00,cm,135,Preliminar
53119010,BUENAVENTURA IDEAM  - AUT [53119010],NIVEL,Nivel máximo diario,2018-07-08 00:00,cm,383,Preliminar
53119010,BUENAVENTURA IDEAM  - AUT [53119010],NIVEL,Nivel mínimo diario,2018-07-08 00:00,cm,125,Preliminar
53119010,BUENAVENTURA IDEAM  - AUT [53119010],NIVEL,Nivel máximo diario,2018-07-09 00:00,cm,382,Preliminar
53119010,BUENAVENTURA IDEAM  - AUT [53119010],NIVEL,Nivel mínimo diario,2018-07-09 00:00,cm,109,Preliminar
53119010,BUENAVENTURA IDEAM  - AUT [53119010],NIVEL,Nivel máximo diario,2018-07-10 00:00,cm,404,Preliminar
53119010,BUENAVENTURA IDEAM  - AUT [53119010],NIVEL,Nivel mínimo diario,2018-07-10 00:00,cm,78,Preliminar
53119010,BUENAVENTURA IDEAM  - AUT [53119010],NIVEL,Nivel máximo diario,2018-07-11 00:00,cm,428,Preliminar
53119010,BUENAVENTURA IDEAM  - AUT [53119010],NIVEL,Nivel mínimo diario,2018-07-11 00:00,cm,66,Preliminar
53119010,BUENAVENTURA IDEAM  - AUT [53119010],NIVEL,Nivel máximo diario,2018-07-12 00:00,cm,447,Preliminar
53119010,BUENAVENTURA IDEAM  - AUT [53119010],NIVEL,Nivel mínimo diario,2018-07-12 00:00,cm,32,Preliminar
53119010,BUENAVENTURA IDEAM  - AUT [53119010],NIVEL,Nivel máximo diario,2018-07-13 00:00,cm,459,Preliminar
53119010,BUENAVENTURA IDEAM  - AUT [53119010],NIVEL,Nivel mínimo diario,2018-07-13 00:00,cm,16,Preliminar
53119010,BUENAVENTURA IDEAM  - AUT [53119010],NIVEL,Nivel máximo diario,2018-07-14 00:00,cm,480,Preliminar
53119010,BUENAVENTURA IDEAM  - AUT [53119010],NIVEL,Nivel mínimo diario,2018-07-14 00:00,cm,32,Preliminar
53119010,BUENAVENTURA IDEAM  - AUT [53119010],NIVEL,Nivel máximo diario,2018-07-15 00:00,cm,482,Preliminar
53119010,BUENAVENTURA IDEAM  - AUT [53119010],NIVEL,Nivel mínimo diario,2018-07-15 00:00,cm,1,Preliminar
53119010,BUENAVENTURA IDEAM  - AUT [53119010],NIVEL,Nivel máximo diario,2018-07-16 00:00,cm,476,Preliminar
53119010,BUENAVENTURA IDEAM  - AUT [53119010],NIVEL,Nivel mínimo diario,2018-07-16 00:00,cm,1,Preliminar
53119010,BUENAVENTURA IDEAM  - AUT [53119010],NIVEL,Nivel máximo diario,2018-07-17 00:00,cm,462,Preliminar
53119010,BUENAVENTURA IDEAM  - AUT [53119010],NIVEL,Nivel mínimo diario,2018-07-17 00:00,cm,9,Preliminar
53119010,BUENAVENTURA IDEAM  - AUT [53119010],NIVEL,Nivel máximo diario,2018-07-18 00:00,cm,446,Preliminar
53119010,BUENAVENTURA IDEAM  - AUT [53119010],NIVEL,Nivel mínimo diario,2018-07-18 00:00,cm,43,Preliminar
53119010,BUENAVENTURA IDEAM  - AUT [53119010],NIVEL,Nivel máximo diario,2018-07-19 00:00,cm,430,Preliminar
53119010,BUENAVENTURA IDEAM  - AUT [53119010],NIVEL,Nivel mínimo diario,2018-07-19 00:00,cm,72,Preliminar
53119010,BUENAVENTURA IDEAM  - AUT [53119010],NIVEL,Nivel máximo diario,2018-07-22 00:00,cm,372,Preliminar
53119010,BUENAVENTURA IDEAM  - AUT [53119010],NIVEL,Nivel mínimo diario,2018-07-22 00:00,cm,128,Preliminar
53119010,BUENAVENTURA IDEAM  - AUT [53119010],NIVEL,Nivel máximo diario,2018-07-23 00:00,cm,367,Preliminar
53119010,BUENAVENTURA IDEAM  - AUT [53119010],NIVEL,Nivel mínimo diario,2018-07-23 00:00,cm,123,Preliminar
53119010,BUENAVENTURA IDEAM  - AUT [53119010],NIVEL,Nivel máximo diario,2018-07-24 00:00,cm,377,Preliminar
53119010,BUENAVENTURA IDEAM  - AUT [53119010],NIVEL,Nivel mínimo diario,2018-07-24 00:00,cm,118,Preliminar
53119010,BUENAVENTURA IDEAM  - AUT [53119010],NIVEL,Nivel máximo diario,2018-07-25 00:00,cm,381,Preliminar
53119010,BUENAVENTURA IDEAM  - AUT [53119010],NIVEL,Nivel mínimo diario,2018-07-25 00:00,cm,98,Preliminar
53119010,BUENAVENTURA IDEAM  - AUT [53119010],NIVEL,Nivel máximo diario,2018-07-26 00:00,cm,382,Preliminar
53119010,BUENAVENTURA IDEAM  - AUT [53119010],NIVEL,Nivel mínimo diario,2018-07-26 00:00,cm,89,Preliminar
53119010,BUENAVENTURA IDEAM  - AUT [53119010],NIVEL,Nivel máximo diario,2018-07-27 00:00,cm,395,Preliminar
53119010,BUENAVENTURA IDEAM  - AUT [53119010],NIVEL,Nivel mínimo diario,2018-07-27 00:00,cm,82,Preliminar
53119010,BUENAVENTURA IDEAM  - AUT [53119010],NIVEL,Nivel máximo diario,2018-07-28 00:00,cm,403,Preliminar
53119010,BUENAVENTURA IDEAM  - AUT [53119010],NIVEL,Nivel mínimo diario,2018-07-28 00:00,cm,71,Preliminar
53119010,BUENAVENTURA IDEAM  - AUT [53119010],NIVEL,Nivel máximo diario,2018-07-29 00:00,cm,404,Preliminar
53119010,BUENAVENTURA IDEAM  - AUT [53119010],NIVEL,Nivel mínimo diario,2018-07-29 00:00,cm,73,Preliminar
53119010,BUENAVENTURA IDEAM  - AUT [53119010],NIVEL,Nivel máximo diario,2018-07-30 00:00,cm,409,Preliminar
53119010,BUENAVENTURA IDEAM  - AUT [53119010],NIVEL,Nivel mínimo diario,2018-07-30 00:00,cm,66,Preliminar
53119010,BUENAVENTURA IDEAM  - AUT [53119010],NIVEL,Nivel máximo diario,2018-07-31 00:00,cm,403,Preliminar
53119010,BUENAVENTURA IDEAM  - AUT [53119010],NIVEL,Nivel mínimo diario,2018-07-31 00:00,cm,66,Preliminar
53119010,BUENAVENTURA IDEAM  - AUT [53119010],NIVEL,Nivel máximo diario,2018-08-01 00:00,cm,404,Preliminar
53119010,BUENAVENTURA IDEAM  - AUT [53119010],NIVEL,Nivel mínimo diario,2018-08-01 00:00,cm,77,Preliminar
53119010,BUENAVENTURA IDEAM  - AUT [53119010],NIVEL,Nivel máximo diario,2018-08-02 00:00,cm,395,Preliminar
53119010,BUENAVENTURA IDEAM  - AUT [53119010],NIVEL,Nivel mínimo diario,2018-08-02 00:00,cm,81,Preliminar
53119010,BUENAVENTURA IDEAM  - AUT [53119010],NIVEL,Nivel máximo diario,2018-08-03 00:00,cm,394,Preliminar
53119010,BUENAVENTURA IDEAM  - AUT [53119010],NIVEL,Nivel mínimo diario,2018-08-03 00:00,cm,93,Preliminar
53119010,BUENAVENTURA IDEAM  - AUT [53119010],NIVEL,Nivel máximo diario,2018-08-04 00:00,cm,388,Preliminar
53119010,BUENAVENTURA IDEAM  - AUT [53119010],NIVEL,Nivel mínimo diario,2018-08-04 00:00,cm,107,Preliminar
53119010,BUENAVENTURA IDEAM  - AUT [53119010],NIVEL,Nivel máximo diario,2018-08-05 00:00,cm,381,Preliminar
53119010,BUENAVENTURA IDEAM  - AUT [53119010],NIVEL,Nivel mínimo diario,2018-08-05 00:00,cm,114,Preliminar
53119010,BUENAVENTURA IDEAM  - AUT [53119010],NIVEL,Nivel máximo diario,2018-08-06 00:00,cm,380,Preliminar
53119010,BUENAVENTURA IDEAM  - AUT [53119010],NIVEL,Nivel mínimo diario,2018-08-06 00:00,cm,122,Preliminar
53119010,BUENAVENTURA IDEAM  - AUT [53119010],NIVEL,Nivel máximo diario,2018-08-07 00:00,cm,390,Preliminar
53119010,BUENAVENTURA IDEAM  - AUT [53119010],NIVEL,Nivel mínimo diario,2018-08-07 00:00,cm,108,Preliminar
53119010,BUENAVENTURA IDEAM  - AUT [53119010],NIVEL,Nivel máximo diario,2018-08-08 00:00,cm,401,Preliminar
53119010,BUENAVENTURA IDEAM  - AUT [53119010],NIVEL,Nivel mínimo diario,2018-08-08 00:00,cm,97,Preliminar
53119010,BUENAVENTURA IDEAM  - AUT [53119010],NIVEL,Nivel máximo diario,2018-08-09 00:00,cm,422,Preliminar
53119010,BUENAVENTURA IDEAM  - AUT [53119010],NIVEL,Nivel mínimo diario,2018-08-09 00:00,cm,63,Preliminar
53119010,BUENAVENTURA IDEAM  - AUT [53119010],NIVEL,Nivel máximo diario,2018-08-10 00:00,cm,443,Preliminar
53119010,BUENAVENTURA IDEAM  - AUT [53119010],NIVEL,Nivel mínimo diario,2018-08-10 00:00,cm,31,Preliminar
53119010,BUENAVENTURA IDEAM  - AUT [53119010],NIVEL,Nivel máximo diario,2018-08-11 00:00,cm,467,Preliminar
53119010,BUENAVENTURA IDEAM  - AUT [53119010],NIVEL,Nivel mínimo diario,2018-08-11 00:00,cm,13,Preliminar
53119010,BUENAVENTURA IDEAM  - AUT [53119010],NIVEL,Nivel máximo diario,2018-08-12 00:00,cm,482,Preliminar
53119010,BUENAVENTURA IDEAM  - AUT [53119010],NIVEL,Nivel mínimo diario,2018-08-12 00:00,cm,21,Preliminar
53119010,BUENAVENTURA IDEAM  - AUT [53119010],NIVEL,Nivel máximo diario,2018-08-13 00:00,cm,493,Preliminar
53119010,BUENAVENTURA IDEAM  - AUT [53119010],NIVEL,Nivel mínimo diario,2018-08-13 00:00,cm,17,Preliminar
53119010,BUENAVENTURA IDEAM  - AUT [53119010],NIVEL,Nivel máximo diario,2018-08-14 00:00,cm,483,Preliminar
53119010,BUENAVENTURA IDEAM  - AUT [53119010],NIVEL,Nivel mínimo diario,2018-08-14 00:00,cm,7,Preliminar
53119010,BUENAVENTURA IDEAM  - AUT [53119010],NIVEL,Nivel máximo diario,2018-08-15 00:00,cm,474,Preliminar
53119010,BUENAVENTURA IDEAM  - AUT [53119010],NIVEL,Nivel mínimo diario,2018-08-15 00:00,cm,7,Preliminar
53119010,BUENAVENTURA IDEAM  - AUT [53119010],NIVEL,Nivel máximo diario,2018-08-16 00:00,cm,451,Preliminar
53119010,BUENAVENTURA IDEAM  - AUT [53119010],NIVEL,Nivel mínimo diario,2018-08-16 00:00,cm,31,Preliminar
53119010,BUENAVENTURA IDEAM  - AUT [53119010],NIVEL,Nivel máximo diario,2018-08-17 00:00,cm,420,Preliminar
53119010,BUENAVENTURA IDEAM  - AUT [53119010],NIVEL,Nivel mínimo diario,2018-08-17 00:00,cm,62,Preliminar
53119010,BUENAVENTURA IDEAM  - AUT [53119010],NIVEL,Nivel máximo diario,2018-08-18 00:00,cm,396,Preliminar
53119010,BUENAVENTURA IDEAM  - AUT [53119010],NIVEL,Nivel mínimo diario,2018-08-18 00:00,cm,95,Preliminar
53119010,BUENAVENTURA IDEAM  - AUT [53119010],NIVEL,Nivel máximo diario,2018-08-19 00:00,cm,370,Preliminar
53119010,BUENAVENTURA IDEAM  - AUT [53119010],NIVEL,Nivel mínimo diario,2018-08-19 00:00,cm,120,Preliminar
53119010,BUENAVENTURA IDEAM  - AUT [53119010],NIVEL,Nivel máximo diario,2018-08-20 00:00,cm,353,Preliminar
53119010,BUENAVENTURA IDEAM  - AUT [53119010],NIVEL,Nivel mínimo diario,2018-08-20 00:00,cm,141,Preliminar
53119010,BUENAVENTURA IDEAM  - AUT [53119010],NIVEL,Nivel máximo diario,2018-08-21 00:00,cm,342,Preliminar
53119010,BUENAVENTURA IDEAM  - AUT [53119010],NIVEL,Nivel mínimo diario,2018-08-21 00:00,cm,140,Preliminar
53119010,BUENAVENTURA IDEAM  - AUT [53119010],NIVEL,Nivel máximo diario,2018-08-22 00:00,cm,348,Preliminar
53119010,BUENAVENTURA IDEAM  - AUT [53119010],NIVEL,Nivel mínimo diario,2018-08-22 00:00,cm,128,Preliminar
53119010,BUENAVENTURA IDEAM  - AUT [53119010],NIVEL,Nivel máximo diario,2018-08-23 00:00,cm,360,Preliminar
53119010,BUENAVENTURA IDEAM  - AUT [53119010],NIVEL,Nivel mínimo diario,2018-08-23 00:00,cm,117,Preliminar
53119010,BUENAVENTURA IDEAM  - AUT [53119010],NIVEL,Nivel máximo diario,2018-08-24 00:00,cm,379,Preliminar
53119010,BUENAVENTURA IDEAM  - AUT [53119010],NIVEL,Nivel mínimo diario,2018-08-24 00:00,cm,99,Preliminar
53119010,BUENAVENTURA IDEAM  - AUT [53119010],NIVEL,Nivel máximo diario,2018-08-25 00:00,cm,390,Preliminar
53119010,BUENAVENTURA IDEAM  - AUT [53119010],NIVEL,Nivel mínimo diario,2018-08-25 00:00,cm,82,Preliminar
53119010,BUENAVENTURA IDEAM  - AUT [53119010],NIVEL,Nivel máximo diario,2018-08-26 00:00,cm,400,Preliminar
53119010,BUENAVENTURA IDEAM  - AUT [53119010],NIVEL,Nivel mínimo diario,2018-08-26 00:00,cm,72,Preliminar
53119010,BUENAVENTURA IDEAM  - AUT [53119010],NIVEL,Nivel máximo diario,2018-08-27 00:00,cm,411,Preliminar
53119010,BUENAVENTURA IDEAM  - AUT [53119010],NIVEL,Nivel mínimo diario,2018-08-27 00:00,cm,65,Preliminar
53119010,BUENAVENTURA IDEAM  - AUT [53119010],NIVEL,Nivel máximo diario,2018-08-28 00:00,cm,416,Preliminar
53119010,BUENAVENTURA IDEAM  - AUT [53119010],NIVEL,Nivel mínimo diario,2018-08-28 00:00,cm,73,Preliminar
53119010,BUENAVENTURA IDEAM  - AUT [53119010],NIVEL,Nivel máximo diario,2018-08-29 00:00,cm,423,Preliminar
53119010,BUENAVENTURA IDEAM  - AUT [53119010],NIVEL,Nivel mínimo diario,2018-08-29 00:00,cm,61,Preliminar
53119010,BUENAVENTURA IDEAM  - AUT [53119010],NIVEL,Nivel máximo diario,2018-08-30 00:00,cm,419,Preliminar
53119010,BUENAVENTURA IDEAM  - AUT [53119010],NIVEL,Nivel mínimo diario,2018-08-30 00:00,cm,61,Preliminar
53119010,BUENAVENTURA IDEAM  - AUT [53119010],NIVEL,Nivel máximo diario,2018-08-31 00:00,cm,418,Preliminar
53119010,BUENAVENTURA IDEAM  - AUT [53119010],NIVEL,Nivel mínimo diario,2018-08-31 00:00,cm,70,Preliminar
53119010,BUENAVENTURA IDEAM  - AUT [53119010],NIVEL,Nivel máximo diario,2018-09-01 00:00,cm,413,Preliminar
53119010,BUENAVENTURA IDEAM  - AUT [53119010],NIVEL,Nivel mínimo diario,2018-09-01 00:00,cm,88,Preliminar
53119010,BUENAVENTURA IDEAM  - AUT [53119010],NIVEL,Nivel máximo diario,2018-09-02 00:00,cm,398,Preliminar
53119010,BUENAVENTURA IDEAM  - AUT [53119010],NIVEL,Nivel mínimo diario,2018-09-02 00:00,cm,97,Preliminar
53119010,BUENAVENTURA IDEAM  - AUT [53119010],NIVEL,Nivel máximo diario,2018-09-03 00:00,cm,394,Preliminar
53119010,BUENAVENTURA IDEAM  - AUT [53119010],NIVEL,Nivel mínimo diario,2018-09-03 00:00,cm,110,Preliminar
53119010,BUENAVENTURA IDEAM  - AUT [53119010],NIVEL,Nivel máximo diario,2018-09-04 00:00,cm,377,Preliminar
53119010,BUENAVENTURA IDEAM  - AUT [53119010],NIVEL,Nivel mínimo diario,2018-09-04 00:00,cm,122,Preliminar
53119010,BUENAVENTURA IDEAM  - AUT [53119010],NIVEL,Nivel máximo diario,2018-09-05 00:00,cm,375,Preliminar
53119010,BUENAVENTURA IDEAM  - AUT [53119010],NIVEL,Nivel mínimo diario,2018-09-05 00:00,cm,112,Preliminar
53119010,BUENAVENTURA IDEAM  - AUT [53119010],NIVEL,Nivel máximo diario,2018-09-06 00:00,cm,389,Preliminar
53119010,BUENAVENTURA IDEAM  - AUT [53119010],NIVEL,Nivel mínimo diario,2018-09-06 00:00,cm,92,Preliminar
53119010,BUENAVENTURA IDEAM  - AUT [53119010],NIVEL,Nivel máximo diario,2018-09-07 00:00,cm,417,Preliminar
53119010,BUENAVENTURA IDEAM  - AUT [53119010],NIVEL,Nivel mínimo diario,2018-09-07 00:00,cm,70,Preliminar
53119010,BUENAVENTURA IDEAM  - AUT [53119010],NIVEL,Nivel máximo diario,2018-09-08 00:00,cm,445,Preliminar
53119010,BUENAVENTURA IDEAM  - AUT [53119010],NIVEL,Nivel mínimo diario,2018-09-08 00:00,cm,41,Preliminar
53119010,BUENAVENTURA IDEAM  - AUT [53119010],NIVEL,Nivel máximo diario,2018-09-09 00:00,cm,459,Preliminar
53119010,BUENAVENTURA IDEAM  - AUT [53119010],NIVEL,Nivel mínimo diario,2018-09-09 00:00,cm,21,Preliminar
53119010,BUENAVENTURA IDEAM  - AUT [53119010],NIVEL,Nivel máximo diario,2018-09-10 00:00,cm,473,Preliminar
53119010,BUENAVENTURA IDEAM  - AUT [53119010],NIVEL,Nivel mínimo diario,2018-09-10 00:00,cm,7,Preliminar
53119010,BUENAVENTURA IDEAM  - AUT [53119010],NIVEL,Nivel máximo diario,2018-09-11 00:00,cm,481,Preliminar
53119010,BUENAVENTURA IDEAM  - AUT [53119010],NIVEL,Nivel mínimo diario,2018-09-11 00:00,cm,3,Preliminar
53119010,BUENAVENTURA IDEAM  - AUT [53119010],NIVEL,Nivel máximo diario,2018-09-12 00:00,cm,487,Preliminar
53119010,BUENAVENTURA IDEAM  - AUT [53119010],NIVEL,Nivel mínimo diario,2018-09-12 00:00,cm,15,Preliminar
53119010,BUENAVENTURA IDEAM  - AUT [53119010],NIVEL,Nivel máximo diario,2018-09-13 00:00,cm,484,Preliminar
53119010,BUENAVENTURA IDEAM  - AUT [53119010],NIVEL,Nivel mínimo diario,2018-09-13 00:00,cm,22,Preliminar
53119010,BUENAVENTURA IDEAM  - AUT [53119010],NIVEL,Nivel máximo diario,2018-09-14 00:00,cm,454,Preliminar
53119010,BUENAVENTURA IDEAM  - AUT [53119010],NIVEL,Nivel mínimo diario,2018-09-14 00:00,cm,52,Preliminar
53119010,BUENAVENTURA IDEAM  - AUT [53119010],NIVEL,Nivel máximo diario,2018-09-15 00:00,cm,428,Preliminar
53119010,BUENAVENTURA IDEAM  - AUT [53119010],NIVEL,Nivel mínimo diario,2018-09-15 00:00,cm,90,Preliminar
53119010,BUENAVENTURA IDEAM  - AUT [53119010],NIVEL,Nivel máximo diario,2018-09-16 00:00,cm,399,Preliminar
53119010,BUENAVENTURA IDEAM  - AUT [53119010],NIVEL,Nivel mínimo diario,2018-09-16 00:00,cm,113,Preliminar
53119010,BUENAVENTURA IDEAM  - AUT [53119010],NIVEL,Nivel máximo diario,2018-09-17 00:00,cm,363,Preliminar
53119010,BUENAVENTURA IDEAM  - AUT [53119010],NIVEL,Nivel mínimo diario,2018-09-17 00:00,cm,138,Preliminar
53119010,BUENAVENTURA IDEAM  - AUT [53119010],NIVEL,Nivel máximo diario,2018-09-18 00:00,cm,341,Preliminar
53119010,BUENAVENTURA IDEAM  - AUT [53119010],NIVEL,Nivel mínimo diario,2018-09-18 00:00,cm,153,Preliminar
53119010,BUENAVENTURA IDEAM  - AUT [53119010],NIVEL,Nivel máximo diario,2018-09-19 00:00,cm,333,Preliminar
53119010,BUENAVENTURA IDEAM  - AUT [53119010],NIVEL,Nivel mínimo diario,2018-09-19 00:00,cm,150,Preliminar
53119010,BUENAVENTURA IDEAM  - AUT [53119010],NIVEL,Nivel máximo diario,2018-09-20 00:00,cm,333,Preliminar
53119010,BUENAVENTURA IDEAM  - AUT [53119010],NIVEL,Nivel mínimo diario,2018-09-20 00:00,cm,141,Preliminar
53119010,BUENAVENTURA IDEAM  - AUT [53119010],NIVEL,Nivel máximo diario,2018-09-21 00:00,cm,349,Preliminar
53119010,BUENAVENTURA IDEAM  - AUT [53119010],NIVEL,Nivel mínimo diario,2018-09-21 00:00,cm,127,Preliminar
53119010,BUENAVENTURA IDEAM  - AUT [53119010],NIVEL,Nivel máximo diario,2018-09-22 00:00,cm,369,Preliminar
53119010,BUENAVENTURA IDEAM  - AUT [53119010],NIVEL,Nivel mínimo diario,2018-09-22 00:00,cm,110,Preliminar
53119010,BUENAVENTURA IDEAM  - AUT [53119010],NIVEL,Nivel máximo diario,2018-09-23 00:00,cm,390,Preliminar
53119010,BUENAVENTURA IDEAM  - AUT [53119010],NIVEL,Nivel mínimo diario,2018-09-23 00:00,cm,100,Preliminar
53119010,BUENAVENTURA IDEAM  - AUT [53119010],NIVEL,Nivel máximo diario,2018-09-24 00:00,cm,410,Preliminar
53119010,BUENAVENTURA IDEAM  - AUT [53119010],NIVEL,Nivel mínimo diario,2018-09-24 00:00,cm,80,Preliminar
53119010,BUENAVENTURA IDEAM  - AUT [53119010],NIVEL,Nivel máximo diario,2018-09-25 00:00,cm,421,Preliminar
53119010,BUENAVENTURA IDEAM  - AUT [53119010],NIVEL,Nivel mínimo diario,2018-09-25 00:00,cm,67,Preliminar
53119010,BUENAVENTURA IDEAM  - AUT [53119010],NIVEL,Nivel máximo diario,2018-09-26 00:00,cm,429,Preliminar
53119010,BUENAVENTURA IDEAM  - AUT [53119010],NIVEL,Nivel mínimo diario,2018-09-26 00:00,cm,60,Preliminar
53119010,BUENAVENTURA IDEAM  - AUT [53119010],NIVEL,Nivel máximo diario,2018-09-27 00:00,cm,434,Preliminar
53119010,BUENAVENTURA IDEAM  - AUT [53119010],NIVEL,Nivel mínimo diario,2018-09-27 00:00,cm,59,Preliminar
53119010,BUENAVENTURA IDEAM  - AUT [53119010],NIVEL,Nivel máximo diario,2018-09-28 00:00,cm,442,Preliminar
53119010,BUENAVENTURA IDEAM  - AUT [53119010],NIVEL,Nivel mínimo diario,2018-09-28 00:00,cm,53,Preliminar
53119010,BUENAVENTURA IDEAM  - AUT [53119010],NIVEL,Nivel máximo diario,2018-09-29 00:00,cm,437,Preliminar
53119010,BUENAVENTURA IDEAM  - AUT [53119010],NIVEL,Nivel mínimo diario,2018-09-29 00:00,cm,65,Preliminar
53119010,BUENAVENTURA IDEAM  - AUT [53119010],NIVEL,Nivel máximo diario,2018-09-30 00:00,cm,427,Preliminar
53119010,BUENAVENTURA IDEAM  - AUT [53119010],NIVEL,Nivel mínimo diario,2018-09-30 00:00,cm,73,Preliminar
53119010,BUENAVENTURA IDEAM  - AUT [53119010],NIVEL,Nivel máximo diario,2018-10-01 00:00,cm,413,Preliminar
53119010,BUENAVENTURA IDEAM  - AUT [53119010],NIVEL,Nivel mínimo diario,2018-10-01 00:00,cm,87,Preliminar
53119010,BUENAVENTURA IDEAM  - AUT [53119010],NIVEL,Nivel máximo diario,2018-10-02 00:00,cm,389,Preliminar
53119010,BUENAVENTURA IDEAM  - AUT [53119010],NIVEL,Nivel mínimo diario,2018-10-02 00:00,cm,114,Preliminar
53119010,BUENAVENTURA IDEAM  - AUT [53119010],NIVEL,Nivel máximo diario,2018-10-03 00:00,cm,378,Preliminar
53119010,BUENAVENTURA IDEAM  - AUT [53119010],NIVEL,Nivel mínimo diario,2018-10-03 00:00,cm,126,Preliminar
53119010,BUENAVENTURA IDEAM  - AUT [53119010],NIVEL,Nivel máximo diario,2018-10-04 00:00,cm,382,Preliminar
53119010,BUENAVENTURA IDEAM  - AUT [53119010],NIVEL,Nivel mínimo diario,2018-10-04 00:00,cm,126,Preliminar
53119010,BUENAVENTURA IDEAM  - AUT [53119010],NIVEL,Nivel máximo diario,2018-10-05 00:00,cm,385,Preliminar
53119010,BUENAVENTURA IDEAM  - AUT [53119010],NIVEL,Nivel mínimo diario,2018-10-05 00:00,cm,100,Preliminar
53119010,BUENAVENTURA IDEAM  - AUT [53119010],NIVEL,Nivel máximo diario,2018-10-06 00:00,cm,405,Preliminar
53119010,BUENAVENTURA IDEAM  - AUT [53119010],NIVEL,Nivel mínimo diario,2018-10-06 00:00,cm,75,Preliminar
53119010,BUENAVENTURA IDEAM  - AUT [53119010],NIVEL,Nivel máximo diario,2018-10-07 00:00,cm,429,Preliminar
53119010,BUENAVENTURA IDEAM  - AUT [53119010],NIVEL,Nivel mínimo diario,2018-10-07 00:00,cm,55,Preliminar
53119010,BUENAVENTURA IDEAM  - AUT [53119010],NIVEL,Nivel máximo diario,2018-10-08 00:00,cm,451,Preliminar
53119010,BUENAVENTURA IDEAM  - AUT [53119010],NIVEL,Nivel mínimo diario,2018-10-08 00:00,cm,35,Preliminar
53119010,BUENAVENTURA IDEAM  - AUT [53119010],NIVEL,Nivel máximo diario,2018-10-09 00:00,cm,472,Preliminar
53119010,BUENAVENTURA IDEAM  - AUT [53119010],NIVEL,Nivel mínimo diario,2018-10-09 00:00,cm,12,Preliminar
53119010,BUENAVENTURA IDEAM  - AUT [53119010],NIVEL,Nivel máximo diario,2018-10-10 00:00,cm,474,Preliminar
53119010,BUENAVENTURA IDEAM  - AUT [53119010],NIVEL,Nivel mínimo diario,2018-10-10 00:00,cm,11,Preliminar
53119010,BUENAVENTURA IDEAM  - AUT [53119010],NIVEL,Nivel máximo diario,2018-10-11 00:00,cm,466,Preliminar
53119010,BUENAVENTURA IDEAM  - AUT [53119010],NIVEL,Nivel mínimo diario,2018-10-11 00:00,cm,14,Preliminar
53119010,BUENAVENTURA IDEAM  - AUT [53119010],NIVEL,Nivel máximo diario,2018-10-12 00:00,cm,459,Preliminar
53119010,BUENAVENTURA IDEAM  - AUT [53119010],NIVEL,Nivel mínimo diario,2018-10-12 00:00,cm,29,Preliminar
53119010,BUENAVENTURA IDEAM  - AUT [53119010],NIVEL,Nivel máximo diario,2018-10-13 00:00,cm,438,Preliminar
53119010,BUENAVENTURA IDEAM  - AUT [53119010],NIVEL,Nivel mínimo diario,2018-10-13 00:00,cm,60,Preliminar
53119010,BUENAVENTURA IDEAM  - AUT [53119010],NIVEL,Nivel máximo diario,2018-10-14 00:00,cm,408,Preliminar
53119010,BUENAVENTURA IDEAM  - AUT [53119010],NIVEL,Nivel mínimo diario,2018-10-14 00:00,cm,87,Preliminar
53119010,BUENAVENTURA IDEAM  - AUT [53119010],NIVEL,Nivel máximo diario,2018-10-15 00:00,cm,379,Preliminar
53119010,BUENAVENTURA IDEAM  - AUT [53119010],NIVEL,Nivel mínimo diario,2018-10-15 00:00,cm,111,Preliminar
53119010,BUENAVENTURA IDEAM  - AUT [53119010],NIVEL,Nivel máximo diario,2018-10-16 00:00,cm,356,Preliminar
53119010,BUENAVENTURA IDEAM  - AUT [53119010],NIVEL,Nivel mínimo diario,2018-10-16 00:00,cm,135,Preliminar
53119010,BUENAVENTURA IDEAM  - AUT [53119010],NIVEL,Nivel máximo diario,2018-10-17 00:00,cm,336,Preliminar
53119010,BUENAVENTURA IDEAM  - AUT [53119010],NIVEL,Nivel mínimo diario,2018-10-17 00:00,cm,156,Preliminar
53119010,BUENAVENTURA IDEAM  - AUT [53119010],NIVEL,Nivel máximo diario,2018-10-18 00:00,cm,330,Preliminar
53119010,BUENAVENTURA IDEAM  - AUT [53119010],NIVEL,Nivel mínimo diario,2018-10-18 00:00,cm,169,Preliminar
53119010,BUENAVENTURA IDEAM  - AUT [53119010],NIVEL,Nivel máximo diario,2018-10-19 00:00,cm,339,Preliminar
53119010,BUENAVENTURA IDEAM  - AUT [53119010],NIVEL,Nivel mínimo diario,2018-10-19 00:00,cm,160,Preliminar
53119010,BUENAVENTURA IDEAM  - AUT [53119010],NIVEL,Nivel máximo diario,2018-10-20 00:00,cm,347,Preliminar
53119010,BUENAVENTURA IDEAM  - AUT [53119010],NIVEL,Nivel mínimo diario,2018-10-20 00:00,cm,137,Preliminar
53119010,BUENAVENTURA IDEAM  - AUT [53119010],NIVEL,Nivel máximo diario,2018-10-21 00:00,cm,370,Preliminar
53119010,BUENAVENTURA IDEAM  - AUT [53119010],NIVEL,Nivel mínimo diario,2018-10-21 00:00,cm,124,Preliminar
53119010,BUENAVENTURA IDEAM  - AUT [53119010],NIVEL,Nivel máximo diario,2018-10-22 00:00,cm,393,Preliminar
53119010,BUENAVENTURA IDEAM  - AUT [53119010],NIVEL,Nivel mínimo diario,2018-10-22 00:00,cm,108,Preliminar
53119010,BUENAVENTURA IDEAM  - AUT [53119010],NIVEL,Nivel máximo diario,2018-10-23 00:00,cm,416,Preliminar
53119010,BUENAVENTURA IDEAM  - AUT [53119010],NIVEL,Nivel mínimo diario,2018-10-23 00:00,cm,93,Preliminar
53119010,BUENAVENTURA IDEAM  - AUT [53119010],NIVEL,Nivel máximo diario,2018-10-24 00:00,cm,441,Preliminar
53119010,BUENAVENTURA IDEAM  - AUT [53119010],NIVEL,Nivel mínimo diario,2018-10-24 00:00,cm,76,Preliminar
53119010,BUENAVENTURA IDEAM  - AUT [53119010],NIVEL,Nivel máximo diario,2018-10-25 00:00,cm,453,Preliminar
53119010,BUENAVENTURA IDEAM  - AUT [53119010],NIVEL,Nivel mínimo diario,2018-10-25 00:00,cm,57,Preliminar
53119010,BUENAVENTURA IDEAM  - AUT [53119010],NIVEL,Nivel máximo diario,2018-10-26 00:00,cm,466,Preliminar
53119010,BUENAVENTURA IDEAM  - AUT [53119010],NIVEL,Nivel mínimo diario,2018-10-26 00:00,cm,48,Preliminar
53119010,BUENAVENTURA IDEAM  - AUT [53119010],NIVEL,Nivel máximo diario,2018-10-27 00:00,cm,473,Preliminar
53119010,BUENAVENTURA IDEAM  - AUT [53119010],NIVEL,Nivel mínimo diario,2018-10-27 00:00,cm,50,Preliminar
53119010,BUENAVENTURA IDEAM  - AUT [53119010],NIVEL,Nivel máximo diario,2018-10-28 00:00,cm,460,Preliminar
53119010,BUENAVENTURA IDEAM  - AUT [53119010],NIVEL,Nivel mínimo diario,2018-10-28 00:00,cm,53,Preliminar
53119010,BUENAVENTURA IDEAM  - AUT [53119010],NIVEL,Nivel máximo diario,2018-10-29 00:00,cm,451,Preliminar
53119010,BUENAVENTURA IDEAM  - AUT [53119010],NIVEL,Nivel mínimo diario,2018-10-29 00:00,cm,65,Preliminar
53119010,BUENAVENTURA IDEAM  - AUT [53119010],NIVEL,Nivel máximo diario,2018-10-30 00:00,cm,428,Preliminar
53119010,BUENAVENTURA IDEAM  - AUT [53119010],NIVEL,Nivel mínimo diario,2018-10-30 00:00,cm,87,Preliminar
53119010,BUENAVENTURA IDEAM  - AUT [53119010],NIVEL,Nivel máximo diario,2018-10-31 00:00,cm,399,Preliminar
53119010,BUENAVENTURA IDEAM  - AUT [53119010],NIVEL,Nivel mínimo diario,2018-10-31 00:00,cm,104,Preliminar
53119010,BUENAVENTURA IDEAM  - AUT [53119010],NIVEL,Nivel máximo diario,2018-11-01 00:00,cm,385,Preliminar
53119010,BUENAVENTURA IDEAM  - AUT [53119010],NIVEL,Nivel mínimo diario,2018-11-01 00:00,cm,117,Preliminar
53119010,BUENAVENTURA IDEAM  - AUT [53119010],NIVEL,Nivel máximo diario,2018-11-02 00:00,cm,393,Preliminar
53119010,BUENAVENTURA IDEAM  - AUT [53119010],NIVEL,Nivel mínimo diario,2018-11-02 00:00,cm,120,Preliminar
53119010,BUENAVENTURA IDEAM  - AUT [53119010],NIVEL,Nivel máximo diario,2018-11-03 00:00,cm,393,Preliminar
53119010,BUENAVENTURA IDEAM  - AUT [53119010],NIVEL,Nivel mínimo diario,2018-11-03 00:00,cm,112,Preliminar
53119010,BUENAVENTURA IDEAM  - AUT [53119010],NIVEL,Nivel máximo diario,2018-11-04 00:00,cm,410,Preliminar
53119010,BUENAVENTURA IDEAM  - AUT [53119010],NIVEL,Nivel mínimo diario,2018-11-04 00:00,cm,96,Preliminar
53119010,BUENAVENTURA IDEAM  - AUT [53119010],NIVEL,Nivel máximo diario,2018-11-05 00:00,cm,431,Preliminar
53119010,BUENAVENTURA IDEAM  - AUT [53119010],NIVEL,Nivel mínimo diario,2018-11-05 00:00,cm,78,Preliminar
53119010,BUENAVENTURA IDEAM  - AUT [53119010],NIVEL,Nivel máximo diario,2018-11-06 00:00,cm,449,Preliminar
53119010,BUENAVENTURA IDEAM  - AUT [53119010],NIVEL,Nivel mínimo diario,2018-11-06 00:00,cm,51,Preliminar
53119010,BUENAVENTURA IDEAM  - AUT [53119010],NIVEL,Nivel máximo diario,2018-11-07 00:00,cm,459,Preliminar
53119010,BUENAVENTURA IDEAM  - AUT [53119010],NIVEL,Nivel mínimo diario,2018-11-07 00:00,cm,44,Preliminar
53119010,BUENAVENTURA IDEAM  - AUT [53119010],NIVEL,Nivel máximo diario,2018-11-08 00:00,cm,462,Preliminar
53119010,BUENAVENTURA IDEAM  - AUT [53119010],NIVEL,Nivel mínimo diario,2018-11-08 00:00,cm,33,Preliminar
53119010,BUENAVENTURA IDEAM  - AUT [53119010],NIVEL,Nivel máximo diario,2018-11-09 00:00,cm,465,Preliminar
53119010,BUENAVENTURA IDEAM  - AUT [53119010],NIVEL,Nivel mínimo diario,2018-11-09 00:00,cm,30,Preliminar
53119010,BUENAVENTURA IDEAM  - AUT [53119010],NIVEL,Nivel máximo diario,2018-11-10 00:00,cm,452,Preliminar
53119010,BUENAVENTURA IDEAM  - AUT [53119010],NIVEL,Nivel mínimo diario,2018-11-10 00:00,cm,51,Preliminar
53119010,BUENAVENTURA IDEAM  - AUT [53119010],NIVEL,Nivel máximo diario,2018-11-11 00:00,cm,430,Preliminar
53119010,BUENAVENTURA IDEAM  - AUT [53119010],NIVEL,Nivel mínimo diario,2018-11-11 00:00,cm,63,Preliminar
53119010,BUENAVENTURA IDEAM  - AUT [53119010],NIVEL,Nivel máximo diario,2018-11-12 00:00,cm,413,Preliminar
53119010,BUENAVENTURA IDEAM  - AUT [53119010],NIVEL,Nivel mínimo diario,2018-11-12 00:00,cm,92,Preliminar
53119010,BUENAVENTURA IDEAM  - AUT [53119010],NIVEL,Nivel máximo diario,2018-11-13 00:00,cm,394,Preliminar
53119010,BUENAVENTURA IDEAM  - AUT [53119010],NIVEL,Nivel mínimo diario,2018-11-13 00:00,cm,115,Preliminar
53119010,BUENAVENTURA IDEAM  - AUT [53119010],NIVEL,Nivel máximo diario,2018-11-14 00:00,cm,380,Preliminar
53119010,BUENAVENTURA IDEAM  - AUT [53119010],NIVEL,Nivel mínimo diario,2018-11-14 00:00,cm,144,Preliminar
53119010,BUENAVENTURA IDEAM  - AUT [53119010],NIVEL,Nivel máximo diario,2018-11-15 00:00,cm,360,Preliminar
53119010,BUENAVENTURA IDEAM  - AUT [53119010],NIVEL,Nivel mínimo diario,2018-11-15 00:00,cm,161,Preliminar
53119010,BUENAVENTURA IDEAM  - AUT [53119010],NIVEL,Nivel máximo diario,2018-11-16 00:00,cm,356,Preliminar
53119010,BUENAVENTURA IDEAM  - AUT [53119010],NIVEL,Nivel mínimo diario,2018-11-16 00:00,cm,171,Preliminar
53119010,BUENAVENTURA IDEAM  - AUT [53119010],NIVEL,Nivel máximo diario,2018-11-17 00:00,cm,358,Preliminar
53119010,BUENAVENTURA IDEAM  - AUT [53119010],NIVEL,Nivel mínimo diario,2018-11-17 00:00,cm,172,Preliminar
53119010,BUENAVENTURA IDEAM  - AUT [53119010],NIVEL,Nivel máximo diario,2018-11-18 00:00,cm,363,Preliminar
53119010,BUENAVENTURA IDEAM  - AUT [53119010],NIVEL,Nivel mínimo diario,2018-11-18 00:00,cm,164,Preliminar
53119010,BUENAVENTURA IDEAM  - AUT [53119010],NIVEL,Nivel máximo diario,2018-11-19 00:00,cm,377,Preliminar
53119010,BUENAVENTURA IDEAM  - AUT [53119010],NIVEL,Nivel mínimo diario,2018-11-19 00:00,cm,144,Preliminar
53119010,BUENAVENTURA IDEAM  - AUT [53119010],NIVEL,Nivel máximo diario,2018-11-20 00:00,cm,395,Preliminar
53119010,BUENAVENTURA IDEAM  - AUT [53119010],NIVEL,Nivel mínimo diario,2018-11-20 00:00,cm,124,Preliminar
53119010,BUENAVENTURA IDEAM  - AUT [53119010],NIVEL,Nivel máximo diario,2018-11-21 00:00,cm,413,Preliminar
53119010,BUENAVENTURA IDEAM  - AUT [53119010],NIVEL,Nivel mínimo diario,2018-11-21 00:00,cm,100,Preliminar
53119010,BUENAVENTURA IDEAM  - AUT [53119010],NIVEL,Nivel máximo diario,2018-11-22 00:00,cm,431,Preliminar
53119010,BUENAVENTURA IDEAM  - AUT [53119010],NIVEL,Nivel mínimo diario,2018-11-22 00:00,cm,69,Preliminar
53119010,BUENAVENTURA IDEAM  - AUT [53119010],NIVEL,Nivel máximo diario,2018-11-23 00:00,cm,455,Preliminar
53119010,BUENAVENTURA IDEAM  - AUT [53119010],NIVEL,Nivel mínimo diario,2018-11-23 00:00,cm,51,Preliminar
53119010,BUENAVENTURA IDEAM  - AUT [53119010],NIVEL,Nivel máximo diario,2018-11-24 00:00,cm,466,Preliminar
53119010,BUENAVENTURA IDEAM  - AUT [53119010],NIVEL,Nivel mínimo diario,2018-11-24 00:00,cm,42,Preliminar
53119010,BUENAVENTURA IDEAM  - AUT [53119010],NIVEL,Nivel máximo diario,2018-11-25 00:00,cm,468,Preliminar
53119010,BUENAVENTURA IDEAM  - AUT [53119010],NIVEL,Nivel mínimo diario,2018-11-25 00:00,cm,29,Preliminar
53119010,BUENAVENTURA IDEAM  - AUT [53119010],NIVEL,Nivel máximo diario,2018-11-26 00:00,cm,471,Preliminar
53119010,BUENAVENTURA IDEAM  - AUT [53119010],NIVEL,Nivel mínimo diario,2018-11-26 00:00,cm,34,Preliminar
53119010,BUENAVENTURA IDEAM  - AUT [53119010],NIVEL,Nivel máximo diario,2018-11-27 00:00,cm,460,Preliminar
53119010,BUENAVENTURA IDEAM  - AUT [53119010],NIVEL,Nivel mínimo diario,2018-11-27 00:00,cm,39,Preliminar
53119010,BUENAVENTURA IDEAM  - AUT [53119010],NIVEL,Nivel máximo diario,2018-11-28 00:00,cm,435,Preliminar
53119010,BUENAVENTURA IDEAM  - AUT [53119010],NIVEL,Nivel mínimo diario,2018-11-28 00:00,cm,66,Preliminar
53119010,BUENAVENTURA IDEAM  - AUT [53119010],NIVEL,Nivel máximo diario,2018-11-29 00:00,cm,409,Preliminar
53119010,BUENAVENTURA IDEAM  - AUT [53119010],NIVEL,Nivel mínimo diario,2018-11-29 00:00,cm,82,Preliminar
53119010,BUENAVENTURA IDEAM  - AUT [53119010],NIVEL,Nivel máximo diario,2018-11-30 00:00,cm,397,Preliminar
53119010,BUENAVENTURA IDEAM  - AUT [53119010],NIVEL,Nivel mínimo diario,2018-11-30 00:00,cm,102,Preliminar
53119010,BUENAVENTURA IDEAM  - AUT [53119010],NIVEL,Nivel máximo diario,2018-12-01 00:00,cm,401,Preliminar
53119010,BUENAVENTURA IDEAM  - AUT [53119010],NIVEL,Nivel mínimo diario,2018-12-01 00:00,cm,111,Preliminar
53119010,BUENAVENTURA IDEAM  - AUT [53119010],NIVEL,Nivel máximo diario,2018-12-02 00:00,cm,402,Preliminar
53119010,BUENAVENTURA IDEAM  - AUT [53119010],NIVEL,Nivel mínimo diario,2018-12-02 00:00,cm,117,Preliminar
53119010,BUENAVENTURA IDEAM  - AUT [53119010],NIVEL,Nivel máximo diario,2018-12-03 00:00,cm,404,Preliminar
53119010,BUENAVENTURA IDEAM  - AUT [53119010],NIVEL,Nivel mínimo diario,2018-12-03 00:00,cm,105,Preliminar
53119010,BUENAVENTURA IDEAM  - AUT [53119010],NIVEL,Nivel máximo diario,2018-12-04 00:00,cm,408,Preliminar
53119010,BUENAVENTURA IDEAM  - AUT [53119010],NIVEL,Nivel mínimo diario,2018-12-04 00:00,cm,89,Preliminar
53119010,BUENAVENTURA IDEAM  - AUT [53119010],NIVEL,Nivel máximo diario,2018-12-05 00:00,cm,419,Preliminar
53119010,BUENAVENTURA IDEAM  - AUT [53119010],NIVEL,Nivel mínimo diario,2018-12-05 00:00,cm,74,Preliminar
53119010,BUENAVENTURA IDEAM  - AUT [53119010],NIVEL,Nivel máximo diario,2018-12-06 00:00,cm,431,Preliminar
53119010,BUENAVENTURA IDEAM  - AUT [53119010],NIVEL,Nivel mínimo diario,2018-12-06 00:00,cm,61,Preliminar
53119010,BUENAVENTURA IDEAM  - AUT [53119010],NIVEL,Nivel máximo diario,2018-12-07 00:00,cm,435,Preliminar
53119010,BUENAVENTURA IDEAM  - AUT [53119010],NIVEL,Nivel mínimo diario,2018-12-07 00:00,cm,51,Preliminar
53119010,BUENAVENTURA IDEAM  - AUT [53119010],NIVEL,Nivel máximo diario,2018-12-08 00:00,cm,432,Preliminar
53119010,BUENAVENTURA IDEAM  - AUT [53119010],NIVEL,Nivel mínimo diario,2018-12-08 00:00,cm,51,Preliminar
53119010,BUENAVENTURA IDEAM  - AUT [53119010],NIVEL,Nivel máximo diario,2018-12-09 00:00,cm,421,Preliminar
53119010,BUENAVENTURA IDEAM  - AUT [53119010],NIVEL,Nivel mínimo diario,2018-12-09 00:00,cm,54,Preliminar
53119010,BUENAVENTURA IDEAM  - AUT [53119010],NIVEL,Nivel máximo diario,2018-12-10 00:00,cm,414,Preliminar
53119010,BUENAVENTURA IDEAM  - AUT [53119010],NIVEL,Nivel mínimo diario,2018-12-10 00:00,cm,68,Preliminar
53119010,BUENAVENTURA IDEAM  - AUT [53119010],NIVEL,Nivel máximo diario,2018-12-11 00:00,cm,403,Preliminar
53119010,BUENAVENTURA IDEAM  - AUT [53119010],NIVEL,Nivel mínimo diario,2018-12-11 00:00,cm,80,Preliminar
53119010,BUENAVENTURA IDEAM  - AUT [53119010],NIVEL,Nivel máximo diario,2018-12-12 00:00,cm,388,Preliminar
53119010,BUENAVENTURA IDEAM  - AUT [53119010],NIVEL,Nivel mínimo diario,2018-12-12 00:00,cm,96,Preliminar
53119010,BUENAVENTURA IDEAM  - AUT [53119010],NIVEL,Nivel máximo diario,2018-12-13 00:00,cm,367,Preliminar
53119010,BUENAVENTURA IDEAM  - AUT [53119010],NIVEL,Nivel mínimo diario,2018-12-13 00:00,cm,110,Preliminar
53119010,BUENAVENTURA IDEAM  - AUT [53119010],NIVEL,Nivel máximo diario,2018-12-14 00:00,cm,367,Preliminar
53119010,BUENAVENTURA IDEAM  - AUT [53119010],NIVEL,Nivel mínimo diario,2018-12-14 00:00,cm,123,Preliminar
53119010,BUENAVENTURA IDEAM  - AUT [53119010],NIVEL,Nivel máximo diario,2018-12-15 00:00,cm,363,Preliminar
53119010,BUENAVENTURA IDEAM  - AUT [53119010],NIVEL,Nivel mínimo diario,2018-12-15 00:00,cm,141,Preliminar
53119010,BUENAVENTURA IDEAM  - AUT [53119010],NIVEL,Nivel máximo diario,2018-12-16 00:00,cm,357,Preliminar
53119010,BUENAVENTURA IDEAM  - AUT [53119010],NIVEL,Nivel mínimo diario,2018-12-16 00:00,cm,153,Preliminar
53119010,BUENAVENTURA IDEAM  - AUT [53119010],NIVEL,Nivel máximo diario,2018-12-17 00:00,cm,356,Preliminar
53119010,BUENAVENTURA IDEAM  - AUT [53119010],NIVEL,Nivel mínimo diario,2018-12-17 00:00,cm,144,Preliminar
53119010,BUENAVENTURA IDEAM  - AUT [53119010],NIVEL,Nivel máximo diario,2018-12-18 00:00,cm,364,Preliminar
53119010,BUENAVENTURA IDEAM  - AUT [53119010],NIVEL,Nivel mínimo diario,2018-12-18 00:00,cm,137,Preliminar
53119010,BUENAVENTURA IDEAM  - AUT [53119010],NIVEL,Nivel máximo diario,2018-12-19 00:00,cm,371,Preliminar
53119010,BUENAVENTURA IDEAM  - AUT [53119010],NIVEL,Nivel mínimo diario,2018-12-19 00:00,cm,118,Preliminar
53119010,BUENAVENTURA IDEAM  - AUT [53119010],NIVEL,Nivel máximo diario,2018-12-20 00:00,cm,392,Preliminar
53119010,BUENAVENTURA IDEAM  - AUT [53119010],NIVEL,Nivel mínimo diario,2018-12-20 00:00,cm,90,Preliminar
53119010,BUENAVENTURA IDEAM  - AUT [53119010],NIVEL,Nivel máximo diario,2018-12-21 00:00,cm,411,Preliminar
53119010,BUENAVENTURA IDEAM  - AUT [53119010],NIVEL,Nivel mínimo diario,2018-12-21 00:00,cm,60,Preliminar
53119010,BUENAVENTURA IDEAM  - AUT [53119010],NIVEL,Nivel máximo diario,2018-12-22 00:00,cm,434,Preliminar
53119010,BUENAVENTURA IDEAM  - AUT [53119010],NIVEL,Nivel mínimo diario,2018-12-22 00:00,cm,43,Preliminar
53119010,BUENAVENTURA IDEAM  - AUT [53119010],NIVEL,Nivel máximo diario,2018-12-23 00:00,cm,455,Preliminar
53119010,BUENAVENTURA IDEAM  - AUT [53119010],NIVEL,Nivel mínimo diario,2018-12-23 00:00,cm,20,Preliminar
53119010,BUENAVENTURA IDEAM  - AUT [53119010],NIVEL,Nivel máximo diario,2018-12-24 00:00,cm,470,Preliminar
53119010,BUENAVENTURA IDEAM  - AUT [53119010],NIVEL,Nivel mínimo diario,2018-12-24 00:00,cm,7,Preliminar
53119010,BUENAVENTURA IDEAM  - AUT [53119010],NIVEL,Nivel máximo diario,2018-12-25 00:00,cm,476,Preliminar
53119010,BUENAVENTURA IDEAM  - AUT [53119010],NIVEL,Nivel mínimo diario,2018-12-25 00:00,cm,6,Preliminar
53119010,BUENAVENTURA IDEAM  - AUT [53119010],NIVEL,Nivel máximo diario,2018-12-26 00:00,cm,464,Preliminar
53119010,BUENAVENTURA IDEAM  - AUT [53119010],NIVEL,Nivel mínimo diario,2018-12-26 00:00,cm,14,Preliminar
53119010,BUENAVENTURA IDEAM  - AUT [53119010],NIVEL,Nivel máximo diario,2018-12-27 00:00,cm,451,Preliminar
53119010,BUENAVENTURA IDEAM  - AUT [53119010],NIVEL,Nivel mínimo diario,2018-12-27 00:00,cm,41,Preliminar
53119010,BUENAVENTURA IDEAM  - AUT [53119010],NIVEL,Nivel máximo diario,2018-12-28 00:00,cm,430,Preliminar
53119010,BUENAVENTURA IDEAM  - AUT [53119010],NIVEL,Nivel mínimo diario,2018-12-28 00:00,cm,62,Preliminar
53119010,BUENAVENTURA IDEAM  - AUT [53119010],NIVEL,Nivel máximo diario,2018-12-29 00:00,cm,410,Preliminar
53119010,BUENAVENTURA IDEAM  - AUT [53119010],NIVEL,Nivel mínimo diario,2018-12-29 00:00,cm,77,Preliminar
53119010,BUENAVENTURA IDEAM  - AUT [53119010],NIVEL,Nivel máximo diario,2018-12-30 00:00,cm,399,Preliminar
53119010,BUENAVENTURA IDEAM  - AUT [53119010],NIVEL,Nivel mínimo diario,2018-12-30 00:00,cm,96,Preliminar
53119010,BUENAVENTURA IDEAM  - AUT [53119010],NIVEL,Nivel máximo diario,2018-12-31 00:00,cm,386,Preliminar
53119010,BUENAVENTURA IDEAM  - AUT [53119010],NIVEL,Nivel mínimo diario,2018-12-31 00:00,cm,105,Preliminar
53119010,BUENAVENTURA IDEAM  - AUT [53119010],NIVEL,Nivel máximo diario,2019-01-01 00:00,cm,386,Preliminar
53119010,BUENAVENTURA IDEAM  - AUT [53119010],NIVEL,Nivel mínimo diario,2019-01-01 00:00,cm,112,Preliminar
53119010,BUENAVENTURA IDEAM  - AUT [53119010],NIVEL,Nivel máximo diario,2019-01-02 00:00,cm,382,Preliminar
53119010,BUENAVENTURA IDEAM  - AUT [53119010],NIVEL,Nivel mínimo diario,2019-01-02 00:00,cm,100,Preliminar
53119010,BUENAVENTURA IDEAM  - AUT [53119010],NIVEL,Nivel máximo diario,2019-01-03 00:00,cm,385,Preliminar
53119010,BUENAVENTURA IDEAM  - AUT [53119010],NIVEL,Nivel mínimo diario,2019-01-03 00:00,cm,85,Preliminar
53119010,BUENAVENTURA IDEAM  - AUT [53119010],NIVEL,Nivel máximo diario,2019-01-04 00:00,cm,390,Preliminar
53119010,BUENAVENTURA IDEAM  - AUT [53119010],NIVEL,Nivel mínimo diario,2019-01-04 00:00,cm,66,Preliminar
53119010,BUENAVENTURA IDEAM  - AUT [53119010],NIVEL,Nivel máximo diario,2019-01-05 00:00,cm,394,Preliminar
53119010,BUENAVENTURA IDEAM  - AUT [53119010],NIVEL,Nivel mínimo diario,2019-01-05 00:00,cm,57,Preliminar
53119010,BUENAVENTURA IDEAM  - AUT [53119010],NIVEL,Nivel máximo diario,2019-01-06 00:00,cm,398,Preliminar
53119010,BUENAVENTURA IDEAM  - AUT [53119010],NIVEL,Nivel mínimo diario,2019-01-06 00:00,cm,58,Preliminar
53119010,BUENAVENTURA IDEAM  - AUT [53119010],NIVEL,Nivel máximo diario,2019-01-07 00:00,cm,398,Preliminar
53119010,BUENAVENTURA IDEAM  - AUT [53119010],NIVEL,Nivel mínimo diario,2019-01-07 00:00,cm,48,Preliminar
53119010,BUENAVENTURA IDEAM  - AUT [53119010],NIVEL,Nivel máximo diario,2019-01-08 00:00,cm,392,Preliminar
53119010,BUENAVENTURA IDEAM  - AUT [53119010],NIVEL,Nivel mínimo diario,2019-01-08 00:00,cm,54,Preliminar
53119010,BUENAVENTURA IDEAM  - AUT [53119010],NIVEL,Nivel máximo diario,2019-01-09 00:00,cm,388,Preliminar
53119010,BUENAVENTURA IDEAM  - AUT [53119010],NIVEL,Nivel mínimo diario,2019-01-09 00:00,cm,56,Preliminar
53119010,BUENAVENTURA IDEAM  - AUT [53119010],NIVEL,Nivel máximo diario,2019-01-10 00:00,cm,382,Preliminar
53119010,BUENAVENTURA IDEAM  - AUT [53119010],NIVEL,Nivel mínimo diario,2019-01-10 00:00,cm,70,Preliminar
53119010,BUENAVENTURA IDEAM  - AUT [53119010],NIVEL,Nivel máximo diario,2019-01-11 00:00,cm,376,Preliminar
53119010,BUENAVENTURA IDEAM  - AUT [53119010],NIVEL,Nivel mínimo diario,2019-01-11 00:00,cm,82,Preliminar
53119010,BUENAVENTURA IDEAM  - AUT [53119010],NIVEL,Nivel máximo diario,2019-01-12 00:00,cm,361,Preliminar
53119010,BUENAVENTURA IDEAM  - AUT [53119010],NIVEL,Nivel mínimo diario,2019-01-12 00:00,cm,85,Preliminar
53119010,BUENAVENTURA IDEAM  - AUT [53119010],NIVEL,Nivel máximo diario,2019-01-13 00:00,cm,355,Preliminar
53119010,BUENAVENTURA IDEAM  - AUT [53119010],NIVEL,Nivel mínimo diario,2019-01-13 00:00,cm,98,Preliminar
53119010,BUENAVENTURA IDEAM  - AUT [53119010],NIVEL,Nivel máximo diario,2019-01-14 00:00,cm,344,Preliminar
53119010,BUENAVENTURA IDEAM  - AUT [53119010],NIVEL,Nivel mínimo diario,2019-01-14 00:00,cm,105,Preliminar
53119010,BUENAVENTURA IDEAM  - AUT [53119010],NIVEL,Nivel máximo diario,2019-01-15 00:00,cm,343,Preliminar
53119010,BUENAVENTURA IDEAM  - AUT [53119010],NIVEL,Nivel mínimo diario,2019-01-15 00:00,cm,114,Preliminar
53119010,BUENAVENTURA IDEAM  - AUT [53119010],NIVEL,Nivel máximo diario,2019-01-16 00:00,cm,346,Preliminar
53119010,BUENAVENTURA IDEAM  - AUT [53119010],NIVEL,Nivel mínimo diario,2019-01-16 00:00,cm,108,Preliminar
53119010,BUENAVENTURA IDEAM  - AUT [53119010],NIVEL,Nivel máximo diario,2019-01-17 00:00,cm,352,Preliminar
53119010,BUENAVENTURA IDEAM  - AUT [53119010],NIVEL,Nivel mínimo diario,2019-01-17 00:00,cm,102,Preliminar
53119010,BUENAVENTURA IDEAM  - AUT [53119010],NIVEL,Nivel máximo diario,2019-01-18 00:00,cm,366,Preliminar
53119010,BUENAVENTURA IDEAM  - AUT [53119010],NIVEL,Nivel mínimo diario,2019-01-18 00:00,cm,89,Preliminar
53119010,BUENAVENTURA IDEAM  - AUT [53119010],NIVEL,Nivel máximo diario,2019-01-19 00:00,cm,390,Preliminar
53119010,BUENAVENTURA IDEAM  - AUT [53119010],NIVEL,Nivel mínimo diario,2019-01-19 00:00,cm,60,Preliminar
53119010,BUENAVENTURA IDEAM  - AUT [53119010],NIVEL,Nivel máximo diario,2019-01-20 00:00,cm,419,Preliminar
53119010,BUENAVENTURA IDEAM  - AUT [53119010],NIVEL,Nivel mínimo diario,2019-01-20 00:00,cm,29,Preliminar
53119010,BUENAVENTURA IDEAM  - AUT [53119010],NIVEL,Nivel máximo diario,2019-01-21 00:00,cm,440,Preliminar
53119010,BUENAVENTURA IDEAM  - AUT [53119010],NIVEL,Nivel mínimo diario,2019-01-21 00:00,cm,3,Preliminar
53119010,BUENAVENTURA IDEAM  - AUT [53119010],NIVEL,Nivel máximo diario,2019-01-22 00:00,cm,457,Preliminar
53119010,BUENAVENTURA IDEAM  - AUT [53119010],NIVEL,Nivel mínimo diario,2019-01-22 00:00,cm,-19,Preliminar
53119010,BUENAVENTURA IDEAM  - AUT [53119010],NIVEL,Nivel máximo diario,2019-01-23 00:00,cm,466,Preliminar
53119010,BUENAVENTURA IDEAM  - AUT [53119010],NIVEL,Nivel mínimo diario,2019-01-23 00:00,cm,-21,Preliminar
53119010,BUENAVENTURA IDEAM  - AUT [53119010],NIVEL,Nivel máximo diario,2019-01-24 00:00,cm,462,Preliminar
53119010,BUENAVENTURA IDEAM  - AUT [53119010],NIVEL,Nivel mínimo diario,2019-01-24 00:00,cm,-22,Preliminar
53119010,BUENAVENTURA IDEAM  - AUT [53119010],NIVEL,Nivel máximo diario,2019-01-25 00:00,cm,447,Preliminar
53119010,BUENAVENTURA IDEAM  - AUT [53119010],NIVEL,Nivel mínimo diario,2019-01-25 00:00,cm,-11,Preliminar
53119010,BUENAVENTURA IDEAM  - AUT [53119010],NIVEL,Nivel máximo diario,2019-01-26 00:00,cm,423,Preliminar
53119010,BUENAVENTURA IDEAM  - AUT [53119010],NIVEL,Nivel mínimo diario,2019-01-26 00:00,cm,16,Preliminar
53119010,BUENAVENTURA IDEAM  - AUT [53119010],NIVEL,Nivel máximo diario,2019-01-27 00:00,cm,403,Preliminar
53119010,BUENAVENTURA IDEAM  - AUT [53119010],NIVEL,Nivel mínimo diario,2019-01-27 00:00,cm,36,Preliminar
53119010,BUENAVENTURA IDEAM  - AUT [53119010],NIVEL,Nivel máximo diario,2019-01-28 00:00,cm,382,Preliminar
53119010,BUENAVENTURA IDEAM  - AUT [53119010],NIVEL,Nivel mínimo diario,2019-01-28 00:00,cm,69,Preliminar
53119010,BUENAVENTURA IDEAM  - AUT [53119010],NIVEL,Nivel máximo diario,2019-01-29 00:00,cm,359,Preliminar
53119010,BUENAVENTURA IDEAM  - AUT [53119010],NIVEL,Nivel mínimo diario,2019-01-29 00:00,cm,84,Preliminar
53119010,BUENAVENTURA IDEAM  - AUT [53119010],NIVEL,Nivel máximo diario,2019-01-30 00:00,cm,354,Preliminar
53119010,BUENAVENTURA IDEAM  - AUT [53119010],NIVEL,Nivel mínimo diario,2019-01-30 00:00,cm,100,Preliminar
53119010,BUENAVENTURA IDEAM  - AUT [53119010],NIVEL,Nivel máximo diario,2019-01-31 00:00,cm,344,Preliminar
53119010,BUENAVENTURA IDEAM  - AUT [53119010],NIVEL,Nivel mínimo diario,2019-01-31 00:00,cm,96,Preliminar
53119010,BUENAVENTURA IDEAM  - AUT [53119010],NIVEL,Nivel máximo diario,2019-02-01 00:00,cm,335,Preliminar
53119010,BUENAVENTURA IDEAM  - AUT [53119010],NIVEL,Nivel mínimo diario,2019-02-01 00:00,cm,86,Preliminar
53119010,BUENAVENTURA IDEAM  - AUT [53119010],NIVEL,Nivel máximo diario,2019-02-02 00:00,cm,354,Preliminar
53119010,BUENAVENTURA IDEAM  - AUT [53119010],NIVEL,Nivel mínimo diario,2019-02-02 00:00,cm,76,Preliminar
53119010,BUENAVENTURA IDEAM  - AUT [53119010],NIVEL,Nivel máximo diario,2019-02-03 00:00,cm,371,Preliminar
53119010,BUENAVENTURA IDEAM  - AUT [53119010],NIVEL,Nivel mínimo diario,2019-02-03 00:00,cm,66,Preliminar
53119010,BUENAVENTURA IDEAM  - AUT [53119010],NIVEL,Nivel máximo diario,2019-02-04 00:00,cm,372,Preliminar
53119010,BUENAVENTURA IDEAM  - AUT [53119010],NIVEL,Nivel mínimo diario,2019-02-04 00:00,cm,50,Preliminar
53119010,BUENAVENTURA IDEAM  - AUT [53119010],NIVEL,Nivel máximo diario,2019-02-05 00:00,cm,382,Preliminar
53119010,BUENAVENTURA IDEAM  - AUT [53119010],NIVEL,Nivel mínimo diario,2019-02-05 00:00,cm,47,Preliminar
53119010,BUENAVENTURA IDEAM  - AUT [53119010],NIVEL,Nivel máximo diario,2019-02-06 00:00,cm,388,Preliminar
53119010,BUENAVENTURA IDEAM  - AUT [53119010],NIVEL,Nivel mínimo diario,2019-02-06 00:00,cm,41,Preliminar
53119010,BUENAVENTURA IDEAM  - AUT [53119010],NIVEL,Nivel máximo diario,2019-02-07 00:00,cm,393,Preliminar
53119010,BUENAVENTURA IDEAM  - AUT [53119010],NIVEL,Nivel mínimo diario,2019-02-07 00:00,cm,40,Preliminar
53119010,BUENAVENTURA IDEAM  - AUT [53119010],NIVEL,Nivel máximo diario,2019-02-08 00:00,cm,390,Preliminar
53119010,BUENAVENTURA IDEAM  - AUT [53119010],NIVEL,Nivel mínimo diario,2019-02-08 00:00,cm,43,Preliminar
53119010,BUENAVENTURA IDEAM  - AUT [53119010],NIVEL,Nivel máximo diario,2019-02-09 00:00,cm,386,Preliminar
53119010,BUENAVENTURA IDEAM  - AUT [53119010],NIVEL,Nivel mínimo diario,2019-02-09 00:00,cm,50,Preliminar
53119010,BUENAVENTURA IDEAM  - AUT [53119010],NIVEL,Nivel máximo diario,2019-02-10 00:00,cm,384,Preliminar
53119010,BUENAVENTURA IDEAM  - AUT [53119010],NIVEL,Nivel mínimo diario,2019-02-10 00:00,cm,65,Preliminar
53119010,BUENAVENTURA IDEAM  - AUT [53119010],NIVEL,Nivel máximo diario,2019-02-11 00:00,cm,368,Preliminar
53119010,BUENAVENTURA IDEAM  - AUT [53119010],NIVEL,Nivel mínimo diario,2019-02-11 00:00,cm,74,Preliminar
53119010,BUENAVENTURA IDEAM  - AUT [53119010],NIVEL,Nivel máximo diario,2019-02-12 00:00,cm,359,Preliminar
53119010,BUENAVENTURA IDEAM  - AUT [53119010],NIVEL,Nivel mínimo diario,2019-02-12 00:00,cm,83,Preliminar
53119010,BUENAVENTURA IDEAM  - AUT [53119010],NIVEL,Nivel máximo diario,2019-02-13 00:00,cm,345,Preliminar
53119010,BUENAVENTURA IDEAM  - AUT [53119010],NIVEL,Nivel mínimo diario,2019-02-13 00:00,cm,89,Preliminar
53119010,BUENAVENTURA IDEAM  - AUT [53119010],NIVEL,Nivel máximo diario,2019-02-14 00:00,cm,339,Preliminar
53119010,BUENAVENTURA IDEAM  - AUT [53119010],NIVEL,Nivel mínimo diario,2019-02-14 00:00,cm,97,Preliminar
53119010,BUENAVENTURA IDEAM  - AUT [53119010],NIVEL,Nivel máximo diario,2019-02-15 00:00,cm,339,Preliminar
53119010,BUENAVENTURA IDEAM  - AUT [53119010],NIVEL,Nivel mínimo diario,2019-02-15 00:00,cm,95,Preliminar
53119010,BUENAVENTURA IDEAM  - AUT [53119010],NIVEL,Nivel máximo diario,2019-02-16 00:00,cm,339,Preliminar
53119010,BUENAVENTURA IDEAM  - AUT [53119010],NIVEL,Nivel mínimo diario,2019-02-16 00:00,cm,84,Preliminar
53119010,BUENAVENTURA IDEAM  - AUT [53119010],NIVEL,Nivel máximo diario,2019-02-17 00:00,cm,367,Preliminar
53119010,BUENAVENTURA IDEAM  - AUT [53119010],NIVEL,Nivel mínimo diario,2019-02-17 00:00,cm,59,Preliminar
53119010,BUENAVENTURA IDEAM  - AUT [53119010],NIVEL,Nivel máximo diario,2019-02-18 00:00,cm,399,Preliminar
53119010,BUENAVENTURA IDEAM  - AUT [53119010],NIVEL,Nivel mínimo diario,2019-02-18 00:00,cm,25,Preliminar
53119010,BUENAVENTURA IDEAM  - AUT [53119010],NIVEL,Nivel máximo diario,2019-02-19 00:00,cm,438,Preliminar
53119010,BUENAVENTURA IDEAM  - AUT [53119010],NIVEL,Nivel mínimo diario,2019-02-19 00:00,cm,3,Preliminar
53119010,BUENAVENTURA IDEAM  - AUT [53119010],NIVEL,Nivel máximo diario,2019-02-20 00:00,cm,464,Preliminar
53119010,BUENAVENTURA IDEAM  - AUT [53119010],NIVEL,Nivel mínimo diario,2019-02-20 00:00,cm,-13,Preliminar
53119010,BUENAVENTURA IDEAM  - AUT [53119010],NIVEL,Nivel máximo diario,2019-02-21 00:00,cm,481,Preliminar
53119010,BUENAVENTURA IDEAM  - AUT [53119010],NIVEL,Nivel mínimo diario,2019-02-21 00:00,cm,-32,Preliminar
53119010,BUENAVENTURA IDEAM  - AUT [53119010],NIVEL,Nivel máximo diario,2019-02-22 00:00,cm,477,Preliminar
53119010,BUENAVENTURA IDEAM  - AUT [53119010],NIVEL,Nivel mínimo diario,2019-02-22 00:00,cm,-34,Preliminar
53119010,BUENAVENTURA IDEAM  - AUT [53119010],NIVEL,Nivel máximo diario,2019-02-23 00:00,cm,464,Preliminar
53119010,BUENAVENTURA IDEAM  - AUT [53119010],NIVEL,Nivel mínimo diario,2019-02-23 00:00,cm,-8,Preliminar
53119010,BUENAVENTURA IDEAM  - AUT [53119010],NIVEL,Nivel máximo diario,2019-02-24 00:00,cm,438,Preliminar
53119010,BUENAVENTURA IDEAM  - AUT [53119010],NIVEL,Nivel mínimo diario,2019-02-24 00:00,cm,13,Preliminar
53119010,BUENAVENTURA IDEAM  - AUT [53119010],NIVEL,Nivel máximo diario,2019-02-25 00:00,cm,403,Preliminar
53119010,BUENAVENTURA IDEAM  - AUT [53119010],NIVEL,Nivel mínimo diario,2019-02-25 00:00,cm,34,Preliminar
53119010,BUENAVENTURA IDEAM  - AUT [53119010],NIVEL,Nivel máximo diario,2019-02-26 00:00,cm,369,Preliminar
53119010,BUENAVENTURA IDEAM  - AUT [53119010],NIVEL,Nivel mínimo diario,2019-02-26 00:00,cm,59,Preliminar
53119010,BUENAVENTURA IDEAM  - AUT [53119010],NIVEL,Nivel máximo diario,2019-02-27 00:00,cm,342,Preliminar
53119010,BUENAVENTURA IDEAM  - AUT [53119010],NIVEL,Nivel mínimo diario,2019-02-27 00:00,cm,92,Preliminar
53119010,BUENAVENTURA IDEAM  - AUT [53119010],NIVEL,Nivel máximo diario,2019-02-28 00:00,cm,319,Preliminar
53119010,BUENAVENTURA IDEAM  - AUT [53119010],NIVEL,Nivel mínimo diario,2019-02-28 00:00,cm,108,Preliminar
53119010,BUENAVENTURA IDEAM  - AUT [53119010],NIVEL,Nivel máximo diario,2019-03-01 00:00,cm,319,Preliminar
53119010,BUENAVENTURA IDEAM  - AUT [53119010],NIVEL,Nivel mínimo diario,2019-03-01 00:00,cm,116,Preliminar
53119010,BUENAVENTURA IDEAM  - AUT [53119010],NIVEL,Nivel máximo diario,2019-03-02 00:00,cm,321,Preliminar
53119010,BUENAVENTURA IDEAM  - AUT [53119010],NIVEL,Nivel mínimo diario,2019-03-02 00:00,cm,109,Preliminar
53119010,BUENAVENTURA IDEAM  - AUT [53119010],NIVEL,Nivel máximo diario,2019-03-03 00:00,cm,337,Preliminar
53119010,BUENAVENTURA IDEAM  - AUT [53119010],NIVEL,Nivel mínimo diario,2019-03-03 00:00,cm,97,Preliminar
53119010,BUENAVENTURA IDEAM  - AUT [53119010],NIVEL,Nivel máximo diario,2019-03-04 00:00,cm,357,Preliminar
53119010,BUENAVENTURA IDEAM  - AUT [53119010],NIVEL,Nivel mínimo diario,2019-03-04 00:00,cm,82,Preliminar
53119010,BUENAVENTURA IDEAM  - AUT [53119010],NIVEL,Nivel máximo diario,2019-03-05 00:00,cm,377,Preliminar
53119010,BUENAVENTURA IDEAM  - AUT [53119010],NIVEL,Nivel mínimo diario,2019-03-05 00:00,cm,63,Preliminar
53119010,BUENAVENTURA IDEAM  - AUT [53119010],NIVEL,Nivel máximo diario,2019-03-06 00:00,cm,386,Preliminar
53119010,BUENAVENTURA IDEAM  - AUT [53119010],NIVEL,Nivel mínimo diario,2019-03-06 00:00,cm,50,Preliminar
53119010,BUENAVENTURA IDEAM  - AUT [53119010],NIVEL,Nivel máximo diario,2019-03-07 00:00,cm,398,Preliminar
53119010,BUENAVENTURA IDEAM  - AUT [53119010],NIVEL,Nivel mínimo diario,2019-03-07 00:00,cm,47,Preliminar
53119010,BUENAVENTURA IDEAM  - AUT [53119010],NIVEL,Nivel máximo diario,2019-03-08 00:00,cm,409,Preliminar
53119010,BUENAVENTURA IDEAM  - AUT [53119010],NIVEL,Nivel mínimo diario,2019-03-08 00:00,cm,47,Preliminar
53119010,BUENAVENTURA IDEAM  - AUT [53119010],NIVEL,Nivel máximo diario,2019-03-09 00:00,cm,411,Preliminar
53119010,BUENAVENTURA IDEAM  - AUT [53119010],NIVEL,Nivel mínimo diario,2019-03-09 00:00,cm,48,Preliminar
53119010,BUENAVENTURA IDEAM  - AUT [53119010],NIVEL,Nivel máximo diario,2019-03-10 00:00,cm,405,Preliminar
53119010,BUENAVENTURA IDEAM  - AUT [53119010],NIVEL,Nivel mínimo diario,2019-03-10 00:00,cm,50,Preliminar
53119010,BUENAVENTURA IDEAM  - AUT [53119010],NIVEL,Nivel máximo diario,2019-03-11 00:00,cm,399,Preliminar
53119010,BUENAVENTURA IDEAM  - AUT [53119010],NIVEL,Nivel mínimo diario,2019-03-11 00:00,cm,51,Preliminar
53119010,BUENAVENTURA IDEAM  - AUT [53119010],NIVEL,Nivel máximo diario,2019-03-12 00:00,cm,386,Preliminar
53119010,BUENAVENTURA IDEAM  - AUT [53119010],NIVEL,Nivel mínimo diario,2019-03-12 00:00,cm,61,Preliminar
53119010,BUENAVENTURA IDEAM  - AUT [53119010],NIVEL,Nivel máximo diario,2019-03-13 00:00,cm,370,Preliminar
53119010,BUENAVENTURA IDEAM  - AUT [53119010],NIVEL,Nivel mínimo diario,2019-03-13 00:00,cm,69,Preliminar
53119010,BUENAVENTURA IDEAM  - AUT [53119010],NIVEL,Nivel máximo diario,2019-03-14 00:00,cm,352,Preliminar
53119010,BUENAVENTURA IDEAM  - AUT [53119010],NIVEL,Nivel mínimo diario,2019-03-14 00:00,cm,90,Preliminar
53119010,BUENAVENTURA IDEAM  - AUT [53119010],NIVEL,Nivel máximo diario,2019-03-15 00:00,cm,337,Preliminar
53119010,BUENAVENTURA IDEAM  - AUT [53119010],NIVEL,Nivel mínimo diario,2019-03-15 00:00,cm,94,Preliminar
53119010,BUENAVENTURA IDEAM  - AUT [53119010],NIVEL,Nivel máximo diario,2019-03-16 00:00,cm,338,Preliminar
53119010,BUENAVENTURA IDEAM  - AUT [53119010],NIVEL,Nivel mínimo diario,2019-03-16 00:00,cm,96,Preliminar
53119010,BUENAVENTURA IDEAM  - AUT [53119010],NIVEL,Nivel máximo diario,2019-03-17 00:00,cm,346,Preliminar
53119010,BUENAVENTURA IDEAM  - AUT [53119010],NIVEL,Nivel mínimo diario,2019-03-17 00:00,cm,86,Preliminar
53119010,BUENAVENTURA IDEAM  - AUT [53119010],NIVEL,Nivel máximo diario,2019-03-18 00:00,cm,374,Preliminar
53119010,BUENAVENTURA IDEAM  - AUT [53119010],NIVEL,Nivel mínimo diario,2019-03-18 00:00,cm,64,Preliminar
53119010,BUENAVENTURA IDEAM  - AUT [53119010],NIVEL,Nivel máximo diario,2019-03-19 00:00,cm,406,Preliminar
53119010,BUENAVENTURA IDEAM  - AUT [53119010],NIVEL,Nivel mínimo diario,2019-03-19 00:00,cm,35,Preliminar
53119010,BUENAVENTURA IDEAM  - AUT [53119010],NIVEL,Nivel máximo diario,2019-03-20 00:00,cm,446,Preliminar
53119010,BUENAVENTURA IDEAM  - AUT [53119010],NIVEL,Nivel mínimo diario,2019-03-20 00:00,cm,6,Preliminar
53119010,BUENAVENTURA IDEAM  - AUT [53119010],NIVEL,Nivel máximo diario,2019-03-21 00:00,cm,464,Preliminar
53119010,BUENAVENTURA IDEAM  - AUT [53119010],NIVEL,Nivel mínimo diario,2019-03-21 00:00,cm,-18,Preliminar
53119010,BUENAVENTURA IDEAM  - AUT [53119010],NIVEL,Nivel máximo diario,2019-03-22 00:00,cm,471,Preliminar
53119010,BUENAVENTURA IDEAM  - AUT [53119010],NIVEL,Nivel mínimo diario,2019-03-22 00:00,cm,-38,Preliminar
53119010,BUENAVENTURA IDEAM  - AUT [53119010],NIVEL,Nivel máximo diario,2019-03-23 00:00,cm,466,Preliminar
53119010,BUENAVENTURA IDEAM  - AUT [53119010],NIVEL,Nivel mínimo diario,2019-03-23 00:00,cm,-28,Preliminar
53119010,BUENAVENTURA IDEAM  - AUT [53119010],NIVEL,Nivel máximo diario,2019-03-24 00:00,cm,458,Preliminar
53119010,BUENAVENTURA IDEAM  - AUT [53119010],NIVEL,Nivel mínimo diario,2019-03-24 00:00,cm,-28,Preliminar
53119010,BUENAVENTURA IDEAM  - AUT [53119010],NIVEL,Nivel máximo diario,2019-03-25 00:00,cm,427,Preliminar
53119010,BUENAVENTURA IDEAM  - AUT [53119010],NIVEL,Nivel mínimo diario,2019-03-25 00:00,cm,-1,Preliminar
53119010,BUENAVENTURA IDEAM  - AUT [53119010],NIVEL,Nivel máximo diario,2019-03-26 00:00,cm,404,Preliminar
53119010,BUENAVENTURA IDEAM  - AUT [53119010],NIVEL,Nivel mínimo diario,2019-03-26 00:00,cm,39,Preliminar
53119010,BUENAVENTURA IDEAM  - AUT [53119010],NIVEL,Nivel máximo diario,2019-03-27 00:00,cm,371,Preliminar
53119010,BUENAVENTURA IDEAM  - AUT [53119010],NIVEL,Nivel mínimo diario,2019-03-27 00:00,cm,65,Preliminar
53119010,BUENAVENTURA IDEAM  - AUT [53119010],NIVEL,Nivel máximo diario,2019-03-28 00:00,cm,344,Preliminar
53119010,BUENAVENTURA IDEAM  - AUT [53119010],NIVEL,Nivel mínimo diario,2019-03-28 00:00,cm,96,Preliminar
53119010,BUENAVENTURA IDEAM  - AUT [53119010],NIVEL,Nivel máximo diario,2019-03-29 00:00,cm,319,Preliminar
53119010,BUENAVENTURA IDEAM  - AUT [53119010],NIVEL,Nivel mínimo diario,2019-03-29 00:00,cm,120,Preliminar
53119010,BUENAVENTURA IDEAM  - AUT [53119010],NIVEL,Nivel máximo diario,2019-03-30 00:00,cm,319,Preliminar
53119010,BUENAVENTURA IDEAM  - AUT [53119010],NIVEL,Nivel mínimo diario,2019-03-30 00:00,cm,129,Preliminar
53119010,BUENAVENTURA IDEAM  - AUT [53119010],NIVEL,Nivel máximo diario,2019-03-31 00:00,cm,329,Preliminar
53119010,BUENAVENTURA IDEAM  - AUT [53119010],NIVEL,Nivel mínimo diario,2019-03-31 00:00,cm,135,Preliminar
53119010,BUENAVENTURA IDEAM  - AUT [53119010],NIVEL,Nivel máximo diario,2019-04-01 00:00,cm,345,Preliminar
53119010,BUENAVENTURA IDEAM  - AUT [53119010],NIVEL,Nivel mínimo diario,2019-04-01 00:00,cm,126,Preliminar
53119010,BUENAVENTURA IDEAM  - AUT [53119010],NIVEL,Nivel máximo diario,2019-04-02 00:00,cm,369,Preliminar
53119010,BUENAVENTURA IDEAM  - AUT [53119010],NIVEL,Nivel mínimo diario,2019-04-02 00:00,cm,109,Preliminar
53119010,BUENAVENTURA IDEAM  - AUT [53119010],NIVEL,Nivel máximo diario,2019-04-03 00:00,cm,389,Preliminar
53119010,BUENAVENTURA IDEAM  - AUT [53119010],NIVEL,Nivel mínimo diario,2019-04-03 00:00,cm,95,Preliminar
53119010,BUENAVENTURA IDEAM  - AUT [53119010],NIVEL,Nivel máximo diario,2019-04-04 00:00,cm,411,Preliminar
53119010,BUENAVENTURA IDEAM  - AUT [53119010],NIVEL,Nivel mínimo diario,2019-04-04 00:00,cm,77,Preliminar
53119010,BUENAVENTURA IDEAM  - AUT [53119010],NIVEL,Nivel máximo diario,2019-04-05 00:00,cm,428,Preliminar
53119010,BUENAVENTURA IDEAM  - AUT [53119010],NIVEL,Nivel mínimo diario,2019-04-05 00:00,cm,67,Preliminar
53119010,BUENAVENTURA IDEAM  - AUT [53119010],NIVEL,Nivel máximo diario,2019-04-06 00:00,cm,430,Preliminar
53119010,BUENAVENTURA IDEAM  - AUT [53119010],NIVEL,Nivel mínimo diario,2019-04-06 00:00,cm,53,Preliminar
53119010,BUENAVENTURA IDEAM  - AUT [53119010],NIVEL,Nivel máximo diario,2019-04-07 00:00,cm,434,Preliminar
53119010,BUENAVENTURA IDEAM  - AUT [53119010],NIVEL,Nivel mínimo diario,2019-04-07 00:00,cm,51,Preliminar
53119010,BUENAVENTURA IDEAM  - AUT [53119010],NIVEL,Nivel máximo diario,2019-04-08 00:00,cm,434,Preliminar
53119010,BUENAVENTURA IDEAM  - AUT [53119010],NIVEL,Nivel mínimo diario,2019-04-08 00:00,cm,47,Preliminar
53119010,BUENAVENTURA IDEAM  - AUT [53119010],NIVEL,Nivel máximo diario,2019-04-09 00:00,cm,426,Preliminar
53119010,BUENAVENTURA IDEAM  - AUT [53119010],NIVEL,Nivel mínimo diario,2019-04-09 00:00,cm,47,Preliminar
53119010,BUENAVENTURA IDEAM  - AUT [53119010],NIVEL,Nivel máximo diario,2019-04-10 00:00,cm,413,Preliminar
53119010,BUENAVENTURA IDEAM  - AUT [53119010],NIVEL,Nivel mínimo diario,2019-04-10 00:00,cm,63,Preliminar
53119010,BUENAVENTURA IDEAM  - AUT [53119010],NIVEL,Nivel máximo diario,2019-04-11 00:00,cm,392,Preliminar
53119010,BUENAVENTURA IDEAM  - AUT [53119010],NIVEL,Nivel mínimo diario,2019-04-11 00:00,cm,79,Preliminar
53119010,BUENAVENTURA IDEAM  - AUT [53119010],NIVEL,Nivel máximo diario,2019-04-12 00:00,cm,377,Preliminar
53119010,BUENAVENTURA IDEAM  - AUT [53119010],NIVEL,Nivel mínimo diario,2019-04-12 00:00,cm,92,Preliminar
53119010,BUENAVENTURA IDEAM  - AUT [53119010],NIVEL,Nivel máximo diario,2019-04-13 00:00,cm,364,Preliminar
53119010,BUENAVENTURA IDEAM  - AUT [53119010],NIVEL,Nivel mínimo diario,2019-04-13 00:00,cm,107,Preliminar
53119010,BUENAVENTURA IDEAM  - AUT [53119010],NIVEL,Nivel máximo diario,2019-04-14 00:00,cm,363,Preliminar
53119010,BUENAVENTURA IDEAM  - AUT [53119010],NIVEL,Nivel mínimo diario,2019-04-14 00:00,cm,111,Preliminar
53119010,BUENAVENTURA IDEAM  - AUT [53119010],NIVEL,Nivel máximo diario,2019-04-15 00:00,cm,377,Preliminar
53119010,BUENAVENTURA IDEAM  - AUT [53119010],NIVEL,Nivel mínimo diario,2019-04-15 00:00,cm,105,Preliminar
53119010,BUENAVENTURA IDEAM  - AUT [53119010],NIVEL,Nivel máximo diario,2019-04-16 00:00,cm,402,Preliminar
53119010,BUENAVENTURA IDEAM  - AUT [53119010],NIVEL,Nivel mínimo diario,2019-04-16 00:00,cm,82,Preliminar
53119010,BUENAVENTURA IDEAM  - AUT [53119010],NIVEL,Nivel máximo diario,2019-04-17 00:00,cm,428,Preliminar
53119010,BUENAVENTURA IDEAM  - AUT [53119010],NIVEL,Nivel mínimo diario,2019-04-17 00:00,cm,50,Preliminar
53119010,BUENAVENTURA IDEAM  - AUT [53119010],NIVEL,Nivel máximo diario,2019-04-18 00:00,cm,455,Preliminar
53119010,BUENAVENTURA IDEAM  - AUT [53119010],NIVEL,Nivel mínimo diario,2019-04-18 00:00,cm,28,Preliminar
53119010,BUENAVENTURA IDEAM  - AUT [53119010],NIVEL,Nivel máximo diario,2019-04-19 00:00,cm,461,Preliminar
53119010,BUENAVENTURA IDEAM  - AUT [53119010],NIVEL,Nivel mínimo diario,2019-04-19 00:00,cm,-3,Preliminar
53119010,BUENAVENTURA IDEAM  - AUT [53119010],NIVEL,Nivel máximo diario,2019-04-20 00:00,cm,470,Preliminar
53119010,BUENAVENTURA IDEAM  - AUT [53119010],NIVEL,Nivel mínimo diario,2019-04-20 00:00,cm,-9,Preliminar
53119010,BUENAVENTURA IDEAM  - AUT [53119010],NIVEL,Nivel máximo diario,2019-04-21 00:00,cm,463,Preliminar
53119010,BUENAVENTURA IDEAM  - AUT [53119010],NIVEL,Nivel mínimo diario,2019-04-21 00:00,cm,7,Preliminar
53119010,BUENAVENTURA IDEAM  - AUT [53119010],NIVEL,Nivel máximo diario,2019-04-22 00:00,cm,444,Preliminar
53119010,BUENAVENTURA IDEAM  - AUT [53119010],NIVEL,Nivel mínimo diario,2019-04-22 00:00,cm,7,Preliminar
53119010,BUENAVENTURA IDEAM  - AUT [53119010],NIVEL,Nivel máximo diario,2019-04-23 00:00,cm,425,Preliminar
53119010,BUENAVENTURA IDEAM  - AUT [53119010],NIVEL,Nivel mínimo diario,2019-04-23 00:00,cm,30,Preliminar
53119010,BUENAVENTURA IDEAM  - AUT [53119010],NIVEL,Nivel máximo diario,2019-04-24 00:00,cm,400,Preliminar
53119010,BUENAVENTURA IDEAM  - AUT [53119010],NIVEL,Nivel mínimo diario,2019-04-24 00:00,cm,51,Preliminar
53119010,BUENAVENTURA IDEAM  - AUT [53119010],NIVEL,Nivel máximo diario,2019-04-25 00:00,cm,373,Preliminar
53119010,BUENAVENTURA IDEAM  - AUT [53119010],NIVEL,Nivel mínimo diario,2019-04-25 00:00,cm,82,Preliminar
53119010,BUENAVENTURA IDEAM  - AUT [53119010],NIVEL,Nivel máximo diario,2019-04-26 00:00,cm,354,Preliminar
53119010,BUENAVENTURA IDEAM  - AUT [53119010],NIVEL,Nivel mínimo diario,2019-04-26 00:00,cm,106,Preliminar
53119010,BUENAVENTURA IDEAM  - AUT [53119010],NIVEL,Nivel máximo diario,2019-04-27 00:00,cm,329,Preliminar
53119010,BUENAVENTURA IDEAM  - AUT [53119010],NIVEL,Nivel mínimo diario,2019-04-27 00:00,cm,122,Preliminar
53119010,BUENAVENTURA IDEAM  - AUT [53119010],NIVEL,Nivel máximo diario,2019-04-28 00:00,cm,322,Preliminar
53119010,BUENAVENTURA IDEAM  - AUT [53119010],NIVEL,Nivel mínimo diario,2019-04-28 00:00,cm,134,Preliminar
53119010,BUENAVENTURA IDEAM  - AUT [53119010],NIVEL,Nivel máximo diario,2019-04-29 00:00,cm,325,Preliminar
53119010,BUENAVENTURA IDEAM  - AUT [53119010],NIVEL,Nivel mínimo diario,2019-04-29 00:00,cm,138,Preliminar
53119010,BUENAVENTURA IDEAM  - AUT [53119010],NIVEL,Nivel máximo diario,2019-04-30 00:00,cm,338,Preliminar
53119010,BUENAVENTURA IDEAM  - AUT [53119010],NIVEL,Nivel mínimo diario,2019-04-30 00:00,cm,133,Preliminar
53119010,BUENAVENTURA IDEAM  - AUT [53119010],NIVEL,Nivel máximo diario,2019-05-01 00:00,cm,367,Preliminar
53119010,BUENAVENTURA IDEAM  - AUT [53119010],NIVEL,Nivel mínimo diario,2019-05-01 00:00,cm,120,Preliminar
53119010,BUENAVENTURA IDEAM  - AUT [53119010],NIVEL,Nivel máximo diario,2019-05-02 00:00,cm,389,Preliminar
53119010,BUENAVENTURA IDEAM  - AUT [53119010],NIVEL,Nivel mínimo diario,2019-05-02 00:00,cm,99,Preliminar
53119010,BUENAVENTURA IDEAM  - AUT [53119010],NIVEL,Nivel máximo diario,2019-05-03 00:00,cm,405,Preliminar
53119010,BUENAVENTURA IDEAM  - AUT [53119010],NIVEL,Nivel mínimo diario,2019-05-03 00:00,cm,81,Preliminar
53119010,BUENAVENTURA IDEAM  - AUT [53119010],NIVEL,Nivel máximo diario,2019-05-04 00:00,cm,427,Preliminar
53119010,BUENAVENTURA IDEAM  - AUT [53119010],NIVEL,Nivel mínimo diario,2019-05-04 00:00,cm,61,Preliminar
53119010,BUENAVENTURA IDEAM  - AUT [53119010],NIVEL,Nivel máximo diario,2019-05-05 00:00,cm,438,Preliminar
53119010,BUENAVENTURA IDEAM  - AUT [53119010],NIVEL,Nivel mínimo diario,2019-05-05 00:00,cm,59,Preliminar
53119010,BUENAVENTURA IDEAM  - AUT [53119010],NIVEL,Nivel máximo diario,2019-05-06 00:00,cm,437,Preliminar
53119010,BUENAVENTURA IDEAM  - AUT [53119010],NIVEL,Nivel mínimo diario,2019-05-06 00:00,cm,55,Preliminar
53119010,BUENAVENTURA IDEAM  - AUT [53119010],NIVEL,Nivel máximo diario,2019-05-07 00:00,cm,439,Preliminar
53119010,BUENAVENTURA IDEAM  - AUT [53119010],NIVEL,Nivel mínimo diario,2019-05-07 00:00,cm,40,Preliminar
53119010,BUENAVENTURA IDEAM  - AUT [53119010],NIVEL,Nivel máximo diario,2019-05-08 00:00,cm,430,Preliminar
53119010,BUENAVENTURA IDEAM  - AUT [53119010],NIVEL,Nivel mínimo diario,2019-05-08 00:00,cm,40,Preliminar
53119010,BUENAVENTURA IDEAM  - AUT [53119010],NIVEL,Nivel máximo diario,2019-05-09 00:00,cm,417,Preliminar
53119010,BUENAVENTURA IDEAM  - AUT [53119010],NIVEL,Nivel mínimo diario,2019-05-09 00:00,cm,58,Preliminar
53119010,BUENAVENTURA IDEAM  - AUT [53119010],NIVEL,Nivel máximo diario,2019-05-10 00:00,cm,402,Preliminar
53119010,BUENAVENTURA IDEAM  - AUT [53119010],NIVEL,Nivel mínimo diario,2019-05-10 00:00,cm,70,Preliminar
53119010,BUENAVENTURA IDEAM  - AUT [53119010],NIVEL,Nivel máximo diario,2019-05-11 00:00,cm,388,Preliminar
53119010,BUENAVENTURA IDEAM  - AUT [53119010],NIVEL,Nivel mínimo diario,2019-05-11 00:00,cm,84,Preliminar
53119010,BUENAVENTURA IDEAM  - AUT [53119010],NIVEL,Nivel máximo diario,2019-05-12 00:00,cm,381,Preliminar
53119010,BUENAVENTURA IDEAM  - AUT [53119010],NIVEL,Nivel mínimo diario,2019-05-12 00:00,cm,95,Preliminar
53119010,BUENAVENTURA IDEAM  - AUT [53119010],NIVEL,Nivel máximo diario,2019-05-13 00:00,cm,385,Preliminar
53119010,BUENAVENTURA IDEAM  - AUT [53119010],NIVEL,Nivel mínimo diario,2019-05-13 00:00,cm,109,Preliminar
53119010,BUENAVENTURA IDEAM  - AUT [53119010],NIVEL,Nivel máximo diario,2019-05-14 00:00,cm,395,Preliminar
53119010,BUENAVENTURA IDEAM  - AUT [53119010],NIVEL,Nivel mínimo diario,2019-05-14 00:00,cm,102,Preliminar
53119010,BUENAVENTURA IDEAM  - AUT [53119010],NIVEL,Nivel máximo diario,2019-05-15 00:00,cm,411,Preliminar
53119010,BUENAVENTURA IDEAM  - AUT [53119010],NIVEL,Nivel mínimo diario,2019-05-15 00:00,cm,81,Preliminar
53119010,BUENAVENTURA IDEAM  - AUT [53119010],NIVEL,Nivel máximo diario,2019-05-16 00:00,cm,426,Preliminar
53119010,BUENAVENTURA IDEAM  - AUT [53119010],NIVEL,Nivel mínimo diario,2019-05-16 00:00,cm,51,Preliminar
53119010,BUENAVENTURA IDEAM  - AUT [53119010],NIVEL,Nivel máximo diario,2019-05-17 00:00,cm,443,Preliminar
53119010,BUENAVENTURA IDEAM  - AUT [53119010],NIVEL,Nivel mínimo diario,2019-05-17 00:00,cm,37,Preliminar
53119010,BUENAVENTURA IDEAM  - AUT [53119010],NIVEL,Nivel máximo diario,2019-05-18 00:00,cm,451,Preliminar
53119010,BUENAVENTURA IDEAM  - AUT [53119010],NIVEL,Nivel mínimo diario,2019-05-18 00:00,cm,25,Preliminar
53119010,BUENAVENTURA IDEAM  - AUT [53119010],NIVEL,Nivel máximo diario,2019-05-19 00:00,cm,447,Preliminar
53119010,BUENAVENTURA IDEAM  - AUT [53119010],NIVEL,Nivel mínimo diario,2019-05-19 00:00,cm,27,Preliminar
53119010,BUENAVENTURA IDEAM  - AUT [53119010],NIVEL,Nivel máximo diario,2019-05-20 00:00,cm,434,Preliminar
53119010,BUENAVENTURA IDEAM  - AUT [53119010],NIVEL,Nivel mínimo diario,2019-05-20 00:00,cm,27,Preliminar
53119010,BUENAVENTURA IDEAM  - AUT [53119010],NIVEL,Nivel máximo diario,2019-05-21 00:00,cm,430,Preliminar
53119010,BUENAVENTURA IDEAM  - AUT [53119010],NIVEL,Nivel mínimo diario,2019-05-21 00:00,cm,46,Preliminar
53119010,BUENAVENTURA IDEAM  - AUT [53119010],NIVEL,Nivel máximo diario,2019-05-22 00:00,cm,418,Preliminar
53119010,BUENAVENTURA IDEAM  - AUT [53119010],NIVEL,Nivel mínimo diario,2019-05-22 00:00,cm,46,Preliminar
53119010,BUENAVENTURA IDEAM  - AUT [53119010],NIVEL,Nivel máximo diario,2019-05-23 00:00,cm,402,Preliminar
53119010,BUENAVENTURA IDEAM  - AUT [53119010],NIVEL,Nivel mínimo diario,2019-05-23 00:00,cm,68,Preliminar
53119010,BUENAVENTURA IDEAM  - AUT [53119010],NIVEL,Nivel máximo diario,2019-05-24 00:00,cm,387,Preliminar
53119010,BUENAVENTURA IDEAM  - AUT [53119010],NIVEL,Nivel mínimo diario,2019-05-24 00:00,cm,87,Preliminar
53119010,BUENAVENTURA IDEAM  - AUT [53119010],NIVEL,Nivel máximo diario,2019-05-25 00:00,cm,367,Preliminar
53119010,BUENAVENTURA IDEAM  - AUT [53119010],NIVEL,Nivel mínimo diario,2019-05-25 00:00,cm,100,Preliminar
53119010,BUENAVENTURA IDEAM  - AUT [53119010],NIVEL,Nivel máximo diario,2019-05-26 00:00,cm,347,Preliminar
53119010,BUENAVENTURA IDEAM  - AUT [53119010],NIVEL,Nivel mínimo diario,2019-05-26 00:00,cm,124,Preliminar
53119010,BUENAVENTURA IDEAM  - AUT [53119010],NIVEL,Nivel máximo diario,2019-05-27 00:00,cm,339,Preliminar
53119010,BUENAVENTURA IDEAM  - AUT [53119010],NIVEL,Nivel mínimo diario,2019-05-27 00:00,cm,132,Preliminar
53119010,BUENAVENTURA IDEAM  - AUT [53119010],NIVEL,Nivel máximo diario,2019-05-28 00:00,cm,340,Preliminar
53119010,BUENAVENTURA IDEAM  - AUT [53119010],NIVEL,Nivel mínimo diario,2019-05-28 00:00,cm,139,Preliminar
53119010,BUENAVENTURA IDEAM  - AUT [53119010],NIVEL,Nivel máximo diario,2019-05-29 00:00,cm,348,Preliminar
53119010,BUENAVENTURA IDEAM  - AUT [53119010],NIVEL,Nivel mínimo diario,2019-05-29 00:00,cm,137,Preliminar
53119010,BUENAVENTURA IDEAM  - AUT [53119010],NIVEL,Nivel máximo diario,2019-05-30 00:00,cm,359,Preliminar
53119010,BUENAVENTURA IDEAM  - AUT [53119010],NIVEL,Nivel mínimo diario,2019-05-30 00:00,cm,116,Preliminar
53119010,BUENAVENTURA IDEAM  - AUT [53119010],NIVEL,Nivel máximo diario,2019-05-31 00:00,cm,378,Preliminar
53119010,BUENAVENTURA IDEAM  - AUT [53119010],NIVEL,Nivel mínimo diario,2019-05-31 00:00,cm,93,Preliminar
53119010,BUENAVENTURA IDEAM  - AUT [53119010],NIVEL,Nivel máximo diario,2019-06-01 00:00,cm,392,Preliminar
53119010,BUENAVENTURA IDEAM  - AUT [53119010],NIVEL,Nivel mínimo diario,2019-06-01 00:00,cm,73,Preliminar
53119010,BUENAVENTURA IDEAM  - AUT [53119010],NIVEL,Nivel máximo diario,2019-06-02 00:00,cm,411,Preliminar
53119010,BUENAVENTURA IDEAM  - AUT [53119010],NIVEL,Nivel mínimo diario,2019-06-02 00:00,cm,61,Preliminar
53119010,BUENAVENTURA IDEAM  - AUT [53119010],NIVEL,Nivel máximo diario,2019-06-03 00:00,cm,421,Preliminar
53119010,BUENAVENTURA IDEAM  - AUT [53119010],NIVEL,Nivel mínimo diario,2019-06-03 00:00,cm,37,Preliminar
53119010,BUENAVENTURA IDEAM  - AUT [53119010],NIVEL,Nivel máximo diario,2019-06-04 00:00,cm,435,Preliminar
53119010,BUENAVENTURA IDEAM  - AUT [53119010],NIVEL,Nivel mínimo diario,2019-06-04 00:00,cm,27,Preliminar
53119010,BUENAVENTURA IDEAM  - AUT [53119010],NIVEL,Nivel máximo diario,2019-06-05 00:00,cm,439,Preliminar
53119010,BUENAVENTURA IDEAM  - AUT [53119010],NIVEL,Nivel mínimo diario,2019-06-05 00:00,cm,36,Preliminar
53119010,BUENAVENTURA IDEAM  - AUT [53119010],NIVEL,Nivel máximo diario,2019-06-06 00:00,cm,437,Preliminar
53119010,BUENAVENTURA IDEAM  - AUT [53119010],NIVEL,Nivel mínimo diario,2019-06-06 00:00,cm,36,Preliminar
53119010,BUENAVENTURA IDEAM  - AUT [53119010],NIVEL,Nivel máximo diario,2019-06-07 00:00,cm,423,Preliminar
53119010,BUENAVENTURA IDEAM  - AUT [53119010],NIVEL,Nivel mínimo diario,2019-06-07 00:00,cm,37,Preliminar
53119010,BUENAVENTURA IDEAM  - AUT [53119010],NIVEL,Nivel máximo diario,2019-06-08 00:00,cm,419,Preliminar
53119010,BUENAVENTURA IDEAM  - AUT [53119010],NIVEL,Nivel mínimo diario,2019-06-08 00:00,cm,46,Preliminar
53119010,BUENAVENTURA IDEAM  - AUT [53119010],NIVEL,Nivel máximo diario,2019-06-09 00:00,cm,412,Preliminar
53119010,BUENAVENTURA IDEAM  - AUT [53119010],NIVEL,Nivel mínimo diario,2019-06-09 00:00,cm,62,Preliminar
53119010,BUENAVENTURA IDEAM  - AUT [53119010],NIVEL,Nivel máximo diario,2019-06-10 00:00,cm,407,Preliminar
53119010,BUENAVENTURA IDEAM  - AUT [53119010],NIVEL,Nivel mínimo diario,2019-06-10 00:00,cm,74,Preliminar
53119010,BUENAVENTURA IDEAM  - AUT [53119010],NIVEL,Nivel máximo diario,2019-06-11 00:00,cm,399,Preliminar
53119010,BUENAVENTURA IDEAM  - AUT [53119010],NIVEL,Nivel mínimo diario,2019-06-11 00:00,cm,86,Preliminar
53119010,BUENAVENTURA IDEAM  - AUT [53119010],NIVEL,Nivel máximo diario,2019-06-12 00:00,cm,406,Preliminar
53119010,BUENAVENTURA IDEAM  - AUT [53119010],NIVEL,Nivel mínimo diario,2019-06-12 00:00,cm,102,Preliminar
53119010,BUENAVENTURA IDEAM  - AUT [53119010],NIVEL,Nivel máximo diario,2019-06-13 00:00,cm,406,Preliminar
53119010,BUENAVENTURA IDEAM  - AUT [53119010],NIVEL,Nivel mínimo diario,2019-06-13 00:00,cm,81,Preliminar
53119010,BUENAVENTURA IDEAM  - AUT [53119010],NIVEL,Nivel máximo diario,2019-06-14 00:00,cm,414,Preliminar
53119010,BUENAVENTURA IDEAM  - AUT [53119010],NIVEL,Nivel mínimo diario,2019-06-14 00:00,cm,64,Preliminar
53119010,BUENAVENTURA IDEAM  - AUT [53119010],NIVEL,Nivel máximo diario,2019-06-15 00:00,cm,416,Preliminar
53119010,BUENAVENTURA IDEAM  - AUT [53119010],NIVEL,Nivel mínimo diario,2019-06-15 00:00,cm,52,Preliminar
53119010,BUENAVENTURA IDEAM  - AUT [53119010],NIVEL,Nivel máximo diario,2019-06-16 00:00,cm,423,Preliminar
53119010,BUENAVENTURA IDEAM  - AUT [53119010],NIVEL,Nivel mínimo diario,2019-06-16 00:00,cm,50,Preliminar
53119010,BUENAVENTURA IDEAM  - AUT [53119010],NIVEL,Nivel máximo diario,2019-06-17 00:00,cm,422,Preliminar
53119010,BUENAVENTURA IDEAM  - AUT [53119010],NIVEL,Nivel mínimo diario,2019-06-17 00:00,cm,43,Preliminar
53119010,BUENAVENTURA IDEAM  - AUT [53119010],NIVEL,Nivel máximo diario,2019-06-18 00:00,cm,421,Preliminar
53119010,BUENAVENTURA IDEAM  - AUT [53119010],NIVEL,Nivel mínimo diario,2019-06-18 00:00,cm,48,Preliminar
53119010,BUENAVENTURA IDEAM  - AUT [53119010],NIVEL,Nivel máximo diario,2019-06-19 00:00,cm,416,Preliminar
53119010,BUENAVENTURA IDEAM  - AUT [53119010],NIVEL,Nivel mínimo diario,2019-06-19 00:00,cm,62,Preliminar
53119010,BUENAVENTURA IDEAM  - AUT [53119010],NIVEL,Nivel máximo diario,2019-06-20 00:00,cm,406,Preliminar
53119010,BUENAVENTURA IDEAM  - AUT [53119010],NIVEL,Nivel mínimo diario,2019-06-20 00:00,cm,62,Preliminar
53119010,BUENAVENTURA IDEAM  - AUT [53119010],NIVEL,Nivel máximo diario,2019-06-21 00:00,cm,404,Preliminar
53119010,BUENAVENTURA IDEAM  - AUT [53119010],NIVEL,Nivel mínimo diario,2019-06-21 00:00,cm,70,Preliminar
53119010,BUENAVENTURA IDEAM  - AUT [53119010],NIVEL,Nivel máximo diario,2019-06-22 00:00,cm,390,Preliminar
53119010,BUENAVENTURA IDEAM  - AUT [53119010],NIVEL,Nivel mínimo diario,2019-06-22 00:00,cm,87,Preliminar
53119010,BUENAVENTURA IDEAM  - AUT [53119010],NIVEL,Nivel máximo diario,2019-06-23 00:00,cm,385,Preliminar
53119010,BUENAVENTURA IDEAM  - AUT [53119010],NIVEL,Nivel mínimo diario,2019-06-23 00:00,cm,104,Preliminar
53119010,BUENAVENTURA IDEAM  - AUT [53119010],NIVEL,Nivel máximo diario,2019-06-24 00:00,cm,374,Preliminar
53119010,BUENAVENTURA IDEAM  - AUT [53119010],NIVEL,Nivel mínimo diario,2019-06-24 00:00,cm,121,Preliminar
53119010,BUENAVENTURA IDEAM  - AUT [53119010],NIVEL,Nivel máximo diario,2019-06-25 00:00,cm,366,Preliminar
53119010,BUENAVENTURA IDEAM  - AUT [53119010],NIVEL,Nivel mínimo diario,2019-06-25 00:00,cm,123,Preliminar
53119010,BUENAVENTURA IDEAM  - AUT [53119010],NIVEL,Nivel máximo diario,2019-06-26 00:00,cm,356,Preliminar
53119010,BUENAVENTURA IDEAM  - AUT [53119010],NIVEL,Nivel mínimo diario,2019-06-26 00:00,cm,139,Preliminar
53119010,BUENAVENTURA IDEAM  - AUT [53119010],NIVEL,Nivel máximo diario,2019-06-27 00:00,cm,359,Preliminar
53119010,BUENAVENTURA IDEAM  - AUT [53119010],NIVEL,Nivel mínimo diario,2019-06-27 00:00,cm,148,Preliminar
53119010,BUENAVENTURA IDEAM  - AUT [53119010],NIVEL,Nivel máximo diario,2019-06-28 00:00,cm,368,Preliminar
53119010,BUENAVENTURA IDEAM  - AUT [53119010],NIVEL,Nivel mínimo diario,2019-06-28 00:00,cm,134,Preliminar
53119010,BUENAVENTURA IDEAM  - AUT [53119010],NIVEL,Nivel máximo diario,2019-06-29 00:00,cm,381,Preliminar
53119010,BUENAVENTURA IDEAM  - AUT [53119010],NIVEL,Nivel mínimo diario,2019-06-29 00:00,cm,117,Preliminar
53119010,BUENAVENTURA IDEAM  - AUT [53119010],NIVEL,Nivel máximo diario,2019-06-30 00:00,cm,397,Preliminar
53119010,BUENAVENTURA IDEAM  - AUT [53119010],NIVEL,Nivel mínimo diario,2019-06-30 00:00,cm,95,Preliminar
53119010,BUENAVENTURA IDEAM  - AUT [53119010],NIVEL,Nivel máximo diario,2019-07-01 00:00,cm,420,Preliminar
53119010,BUENAVENTURA IDEAM  - AUT [53119010],NIVEL,Nivel mínimo diario,2019-07-01 00:00,cm,69,Preliminar
53119010,BUENAVENTURA IDEAM  - AUT [53119010],NIVEL,Nivel máximo diario,2019-07-02 00:00,cm,444,Preliminar
53119010,BUENAVENTURA IDEAM  - AUT [53119010],NIVEL,Nivel mínimo diario,2019-07-02 00:00,cm,52,Preliminar
53119010,BUENAVENTURA IDEAM  - AUT [53119010],NIVEL,Nivel máximo diario,2019-07-03 00:00,cm,456,Preliminar
53119010,BUENAVENTURA IDEAM  - AUT [53119010],NIVEL,Nivel mínimo diario,2019-07-03 00:00,cm,37,Preliminar
53119010,BUENAVENTURA IDEAM  - AUT [53119010],NIVEL,Nivel máximo diario,2019-07-04 00:00,cm,454,Preliminar
53119010,BUENAVENTURA IDEAM  - AUT [53119010],NIVEL,Nivel mínimo diario,2019-07-04 00:00,cm,23,Preliminar
53119010,BUENAVENTURA IDEAM  - AUT [53119010],NIVEL,Nivel máximo diario,2019-07-05 00:00,cm,455,Preliminar
53119010,BUENAVENTURA IDEAM  - AUT [53119010],NIVEL,Nivel mínimo diario,2019-07-05 00:00,cm,25,Preliminar
53119010,BUENAVENTURA IDEAM  - AUT [53119010],NIVEL,Nivel máximo diario,2019-07-06 00:00,cm,456,Preliminar
53119010,BUENAVENTURA IDEAM  - AUT [53119010],NIVEL,Nivel mínimo diario,2019-07-06 00:00,cm,25,Preliminar
53119010,BUENAVENTURA IDEAM  - AUT [53119010],NIVEL,Nivel máximo diario,2019-07-07 00:00,cm,449,Preliminar
53119010,BUENAVENTURA IDEAM  - AUT [53119010],NIVEL,Nivel mínimo diario,2019-07-07 00:00,cm,26,Preliminar
53119010,BUENAVENTURA IDEAM  - AUT [53119010],NIVEL,Nivel máximo diario,2019-07-08 00:00,cm,437,Preliminar
53119010,BUENAVENTURA IDEAM  - AUT [53119010],NIVEL,Nivel mínimo diario,2019-07-08 00:00,cm,47,Preliminar
53119010,BUENAVENTURA IDEAM  - AUT [53119010],NIVEL,Nivel máximo diario,2019-07-09 00:00,cm,416,Preliminar
53119010,BUENAVENTURA IDEAM  - AUT [53119010],NIVEL,Nivel mínimo diario,2019-07-09 00:00,cm,62,Preliminar
53119010,BUENAVENTURA IDEAM  - AUT [53119010],NIVEL,Nivel máximo diario,2019-07-10 00:00,cm,409,Preliminar
53119010,BUENAVENTURA IDEAM  - AUT [53119010],NIVEL,Nivel mínimo diario,2019-07-10 00:00,cm,83,Preliminar
53119010,BUENAVENTURA IDEAM  - AUT [53119010],NIVEL,Nivel máximo diario,2019-07-11 00:00,cm,400,Preliminar
53119010,BUENAVENTURA IDEAM  - AUT [53119010],NIVEL,Nivel mínimo diario,2019-07-11 00:00,cm,102,Preliminar
53119010,BUENAVENTURA IDEAM  - AUT [53119010],NIVEL,Nivel máximo diario,2019-07-12 00:00,cm,392,Preliminar
53119010,BUENAVENTURA IDEAM  - AUT [53119010],NIVEL,Nivel mínimo diario,2019-07-12 00:00,cm,97,Preliminar
53119010,BUENAVENTURA IDEAM  - AUT [53119010],NIVEL,Nivel máximo diario,2019-07-13 00:00,cm,386,Preliminar
53119010,BUENAVENTURA IDEAM  - AUT [53119010],NIVEL,Nivel mínimo diario,2019-07-13 00:00,cm,92,Preliminar
53119010,BUENAVENTURA IDEAM  - AUT [53119010],NIVEL,Nivel máximo diario,2019-07-14 00:00,cm,393,Preliminar
53119010,BUENAVENTURA IDEAM  - AUT [53119010],NIVEL,Nivel mínimo diario,2019-07-14 00:00,cm,83,Preliminar
53119010,BUENAVENTURA IDEAM  - AUT [53119010],NIVEL,Nivel máximo diario,2019-07-15 00:00,cm,401,Preliminar
53119010,BUENAVENTURA IDEAM  - AUT [53119010],NIVEL,Nivel mínimo diario,2019-07-15 00:00,cm,75,Preliminar
53119010,BUENAVENTURA IDEAM  - AUT [53119010],NIVEL,Nivel máximo diario,2019-07-16 00:00,cm,408,Preliminar
53119010,BUENAVENTURA IDEAM  - AUT [53119010],NIVEL,Nivel mínimo diario,2019-07-16 00:00,cm,62,Preliminar
53119010,BUENAVENTURA IDEAM  - AUT [53119010],NIVEL,Nivel máximo diario,2019-07-17 00:00,cm,407,Preliminar
53119010,BUENAVENTURA IDEAM  - AUT [53119010],NIVEL,Nivel mínimo diario,2019-07-17 00:00,cm,58,Preliminar
53119010,BUENAVENTURA IDEAM  - AUT [53119010],NIVEL,Nivel máximo diario,2019-07-18 00:00,cm,403,Preliminar
53119010,BUENAVENTURA IDEAM  - AUT [53119010],NIVEL,Nivel mínimo diario,2019-07-18 00:00,cm,62,Preliminar
53119010,BUENAVENTURA IDEAM  - AUT [53119010],NIVEL,Nivel máximo diario,2019-07-19 00:00,cm,405,Preliminar
53119010,BUENAVENTURA IDEAM  - AUT [53119010],NIVEL,Nivel mínimo diario,2019-07-19 00:00,cm,71,Preliminar
53119010,BUENAVENTURA IDEAM  - AUT [53119010],NIVEL,Nivel máximo diario,2019-07-20 00:00,cm,398,Preliminar
53119010,BUENAVENTURA IDEAM  - AUT [53119010],NIVEL,Nivel mínimo diario,2019-07-20 00:00,cm,71,Preliminar
53119010,BUENAVENTURA IDEAM  - AUT [53119010],NIVEL,Nivel máximo diario,2019-07-21 00:00,cm,403,Preliminar
53119010,BUENAVENTURA IDEAM  - AUT [53119010],NIVEL,Nivel mínimo diario,2019-07-21 00:00,cm,81,Preliminar
53119010,BUENAVENTURA IDEAM  - AUT [53119010],NIVEL,Nivel máximo diario,2019-07-22 00:00,cm,387,Preliminar
53119010,BUENAVENTURA IDEAM  - AUT [53119010],NIVEL,Nivel mínimo diario,2019-07-22 00:00,cm,97,Preliminar
53119010,BUENAVENTURA IDEAM  - AUT [53119010],NIVEL,Nivel máximo diario,2019-07-23 00:00,cm,381,Preliminar
53119010,BUENAVENTURA IDEAM  - AUT [53119010],NIVEL,Nivel mínimo diario,2019-07-23 00:00,cm,106,Preliminar
53119010,BUENAVENTURA IDEAM  - AUT [53119010],NIVEL,Nivel máximo diario,2019-07-24 00:00,cm,373,Preliminar
53119010,BUENAVENTURA IDEAM  - AUT [53119010],NIVEL,Nivel mínimo diario,2019-07-24 00:00,cm,120,Preliminar
53119010,BUENAVENTURA IDEAM  - AUT [53119010],NIVEL,Nivel máximo diario,2019-07-25 00:00,cm,362,Preliminar
53119010,BUENAVENTURA IDEAM  - AUT [53119010],NIVEL,Nivel mínimo diario,2019-07-25 00:00,cm,132,Preliminar
53119010,BUENAVENTURA IDEAM  - AUT [53119010],NIVEL,Nivel máximo diario,2019-07-26 00:00,cm,353,Preliminar
53119010,BUENAVENTURA IDEAM  - AUT [53119010],NIVEL,Nivel mínimo diario,2019-07-26 00:00,cm,130,Preliminar
53119010,BUENAVENTURA IDEAM  - AUT [53119010],NIVEL,Nivel máximo diario,2019-07-27 00:00,cm,350,Preliminar
53119010,BUENAVENTURA IDEAM  - AUT [53119010],NIVEL,Nivel mínimo diario,2019-07-27 00:00,cm,125,Preliminar
53119010,BUENAVENTURA IDEAM  - AUT [53119010],NIVEL,Nivel máximo diario,2019-07-28 00:00,cm,361,Preliminar
53119010,BUENAVENTURA IDEAM  - AUT [53119010],NIVEL,Nivel mínimo diario,2019-07-28 00:00,cm,117,Preliminar
53119010,BUENAVENTURA IDEAM  - AUT [53119010],NIVEL,Nivel máximo diario,2019-07-29 00:00,cm,378,Preliminar
53119010,BUENAVENTURA IDEAM  - AUT [53119010],NIVEL,Nivel mínimo diario,2019-07-29 00:00,cm,88,Preliminar
53119010,BUENAVENTURA IDEAM  - AUT [53119010],NIVEL,Nivel máximo diario,2019-07-30 00:00,cm,399,Preliminar
53119010,BUENAVENTURA IDEAM  - AUT [53119010],NIVEL,Nivel mínimo diario,2019-07-30 00:00,cm,63,Preliminar
53119010,BUENAVENTURA IDEAM  - AUT [53119010],NIVEL,Nivel máximo diario,2019-07-31 00:00,cm,424,Preliminar
53119010,BUENAVENTURA IDEAM  - AUT [53119010],NIVEL,Nivel mínimo diario,2019-07-31 00:00,cm,48,Preliminar
53119010,BUENAVENTURA IDEAM  - AUT [53119010],NIVEL,Nivel máximo diario,2019-08-01 00:00,cm,447,Preliminar
53119010,BUENAVENTURA IDEAM  - AUT [53119010],NIVEL,Nivel mínimo diario,2019-08-01 00:00,cm,21,Preliminar
53119010,BUENAVENTURA IDEAM  - AUT [53119010],NIVEL,Nivel máximo diario,2019-08-02 00:00,cm,464,Preliminar
53119010,BUENAVENTURA IDEAM  - AUT [53119010],NIVEL,Nivel mínimo diario,2019-08-02 00:00,cm,3,Preliminar
53119010,BUENAVENTURA IDEAM  - AUT [53119010],NIVEL,Nivel máximo diario,2019-08-03 00:00,cm,472,Preliminar
53119010,BUENAVENTURA IDEAM  - AUT [53119010],NIVEL,Nivel mínimo diario,2019-08-03 00:00,cm,-4,Preliminar
53119010,BUENAVENTURA IDEAM  - AUT [53119010],NIVEL,Nivel máximo diario,2019-08-04 00:00,cm,471,Preliminar
53119010,BUENAVENTURA IDEAM  - AUT [53119010],NIVEL,Nivel mínimo diario,2019-08-04 00:00,cm,-4,Preliminar
53119010,BUENAVENTURA IDEAM  - AUT [53119010],NIVEL,Nivel máximo diario,2019-08-05 00:00,cm,466,Preliminar
53119010,BUENAVENTURA IDEAM  - AUT [53119010],NIVEL,Nivel mínimo diario,2019-08-05 00:00,cm,13,Preliminar
53119010,BUENAVENTURA IDEAM  - AUT [53119010],NIVEL,Nivel máximo diario,2019-08-06 00:00,cm,451,Preliminar
53119010,BUENAVENTURA IDEAM  - AUT [53119010],NIVEL,Nivel mínimo diario,2019-08-06 00:00,cm,39,Preliminar
53119010,BUENAVENTURA IDEAM  - AUT [53119010],NIVEL,Nivel máximo diario,2019-08-07 00:00,cm,429,Preliminar
53119010,BUENAVENTURA IDEAM  - AUT [53119010],NIVEL,Nivel mínimo diario,2019-08-07 00:00,cm,66,Preliminar
53119010,BUENAVENTURA IDEAM  - AUT [53119010],NIVEL,Nivel máximo diario,2019-08-08 00:00,cm,403,Preliminar
53119010,BUENAVENTURA IDEAM  - AUT [53119010],NIVEL,Nivel mínimo diario,2019-08-08 00:00,cm,90,Preliminar
53119010,BUENAVENTURA IDEAM  - AUT [53119010],NIVEL,Nivel máximo diario,2019-08-09 00:00,cm,384,Preliminar
53119010,BUENAVENTURA IDEAM  - AUT [53119010],NIVEL,Nivel mínimo diario,2019-08-09 00:00,cm,111,Preliminar
53119010,BUENAVENTURA IDEAM  - AUT [53119010],NIVEL,Nivel máximo diario,2019-08-10 00:00,cm,372,Preliminar
53119010,BUENAVENTURA IDEAM  - AUT [53119010],NIVEL,Nivel mínimo diario,2019-08-10 00:00,cm,125,Preliminar
53119010,BUENAVENTURA IDEAM  - AUT [53119010],NIVEL,Nivel máximo diario,2019-08-11 00:00,cm,365,Preliminar
53119010,BUENAVENTURA IDEAM  - AUT [53119010],NIVEL,Nivel mínimo diario,2019-08-11 00:00,cm,116,Preliminar
53119010,BUENAVENTURA IDEAM  - AUT [53119010],NIVEL,Nivel máximo diario,2019-08-12 00:00,cm,375,Preliminar
53119010,BUENAVENTURA IDEAM  - AUT [53119010],NIVEL,Nivel mínimo diario,2019-08-12 00:00,cm,112,Preliminar
53119010,BUENAVENTURA IDEAM  - AUT [53119010],NIVEL,Nivel máximo diario,2019-08-13 00:00,cm,384,Preliminar
53119010,BUENAVENTURA IDEAM  - AUT [53119010],NIVEL,Nivel mínimo diario,2019-08-13 00:00,cm,100,Preliminar
53119010,BUENAVENTURA IDEAM  - AUT [53119010],NIVEL,Nivel máximo diario,2019-08-14 00:00,cm,398,Preliminar
53119010,BUENAVENTURA IDEAM  - AUT [53119010],NIVEL,Nivel mínimo diario,2019-08-14 00:00,cm,87,Preliminar
53119010,BUENAVENTURA IDEAM  - AUT [53119010],NIVEL,Nivel máximo diario,2019-08-15 00:00,cm,409,Preliminar
53119010,BUENAVENTURA IDEAM  - AUT [53119010],NIVEL,Nivel mínimo diario,2019-08-15 00:00,cm,81,Preliminar
53119010,BUENAVENTURA IDEAM  - AUT [53119010],NIVEL,Nivel máximo diario,2019-08-16 00:00,cm,412,Preliminar
53119010,BUENAVENTURA IDEAM  - AUT [53119010],NIVEL,Nivel mínimo diario,2019-08-16 00:00,cm,73,Preliminar
53119010,BUENAVENTURA IDEAM  - AUT [53119010],NIVEL,Nivel máximo diario,2019-08-17 00:00,cm,406,Preliminar
53119010,BUENAVENTURA IDEAM  - AUT [53119010],NIVEL,Nivel mínimo diario,2019-08-17 00:00,cm,63,Preliminar
53119010,BUENAVENTURA IDEAM  - AUT [53119010],NIVEL,Nivel máximo diario,2019-08-18 00:00,cm,407,Preliminar
53119010,BUENAVENTURA IDEAM  - AUT [53119010],NIVEL,Nivel mínimo diario,2019-08-18 00:00,cm,64,Preliminar
53119010,BUENAVENTURA IDEAM  - AUT [53119010],NIVEL,Nivel máximo diario,2019-08-19 00:00,cm,405,Preliminar
53119010,BUENAVENTURA IDEAM  - AUT [53119010],NIVEL,Nivel mínimo diario,2019-08-19 00:00,cm,64,Preliminar
53119010,BUENAVENTURA IDEAM  - AUT [53119010],NIVEL,Nivel máximo diario,2019-08-20 00:00,cm,403,Preliminar
53119010,BUENAVENTURA IDEAM  - AUT [53119010],NIVEL,Nivel mínimo diario,2019-08-20 00:00,cm,85,Preliminar
53119010,BUENAVENTURA IDEAM  - AUT [53119010],NIVEL,Nivel máximo diario,2019-08-21 00:00,cm,394,Preliminar
53119010,BUENAVENTURA IDEAM  - AUT [53119010],NIVEL,Nivel mínimo diario,2019-08-21 00:00,cm,90,Preliminar
53119010,BUENAVENTURA IDEAM  - AUT [53119010],NIVEL,Nivel máximo diario,2019-08-22 00:00,cm,382,Preliminar
53119010,BUENAVENTURA IDEAM  - AUT [53119010],NIVEL,Nivel mínimo diario,2019-08-22 00:00,cm,106,Preliminar
53119010,BUENAVENTURA IDEAM  - AUT [53119010],NIVEL,Nivel máximo diario,2019-08-23 00:00,cm,370,Preliminar
53119010,BUENAVENTURA IDEAM  - AUT [53119010],NIVEL,Nivel mínimo diario,2019-08-23 00:00,cm,115,Preliminar
53119010,BUENAVENTURA IDEAM  - AUT [53119010],NIVEL,Nivel máximo diario,2019-08-24 00:00,cm,357,Preliminar
53119010,BUENAVENTURA IDEAM  - AUT [53119010],NIVEL,Nivel mínimo diario,2019-08-24 00:00,cm,121,Preliminar
53119010,BUENAVENTURA IDEAM  - AUT [53119010],NIVEL,Nivel máximo diario,2019-08-25 00:00,cm,355,Preliminar
53119010,BUENAVENTURA IDEAM  - AUT [53119010],NIVEL,Nivel mínimo diario,2019-08-25 00:00,cm,135,Preliminar
53119010,BUENAVENTURA IDEAM  - AUT [53119010],NIVEL,Nivel máximo diario,2019-08-26 00:00,cm,359,Preliminar
53119010,BUENAVENTURA IDEAM  - AUT [53119010],NIVEL,Nivel mínimo diario,2019-08-26 00:00,cm,119,Preliminar
53119010,BUENAVENTURA IDEAM  - AUT [53119010],NIVEL,Nivel máximo diario,2019-08-27 00:00,cm,378,Preliminar
53119010,BUENAVENTURA IDEAM  - AUT [53119010],NIVEL,Nivel mínimo diario,2019-08-27 00:00,cm,99,Preliminar
53119010,BUENAVENTURA IDEAM  - AUT [53119010],NIVEL,Nivel máximo diario,2019-08-28 00:00,cm,408,Preliminar
53119010,BUENAVENTURA IDEAM  - AUT [53119010],NIVEL,Nivel mínimo diario,2019-08-28 00:00,cm,72,Preliminar
53119010,BUENAVENTURA IDEAM  - AUT [53119010],NIVEL,Nivel máximo diario,2019-08-29 00:00,cm,434,Preliminar
53119010,BUENAVENTURA IDEAM  - AUT [53119010],NIVEL,Nivel mínimo diario,2019-08-29 00:00,cm,40,Preliminar
53119010,BUENAVENTURA IDEAM  - AUT [53119010],NIVEL,Nivel máximo diario,2019-08-30 00:00,cm,462,Preliminar
53119010,BUENAVENTURA IDEAM  - AUT [53119010],NIVEL,Nivel mínimo diario,2019-08-30 00:00,cm,10,Preliminar
53119010,BUENAVENTURA IDEAM  - AUT [53119010],NIVEL,Nivel máximo diario,2019-08-31 00:00,cm,482,Preliminar
53119010,BUENAVENTURA IDEAM  - AUT [53119010],NIVEL,Nivel mínimo diario,2019-08-31 00:00,cm,17,Preliminar
53119010,BUENAVENTURA IDEAM  - AUT [53119010],NIVEL,Nivel máximo diario,2019-09-01 00:00,cm,489,Preliminar
53119010,BUENAVENTURA IDEAM  - AUT [53119010],NIVEL,Nivel mínimo diario,2019-09-01 00:00,cm,-4,Preliminar
53119010,BUENAVENTURA IDEAM  - AUT [53119010],NIVEL,Nivel máximo diario,2019-09-02 00:00,cm,493,Preliminar
53119010,BUENAVENTURA IDEAM  - AUT [53119010],NIVEL,Nivel mínimo diario,2019-09-02 00:00,cm,-5,Preliminar
53119010,BUENAVENTURA IDEAM  - AUT [53119010],NIVEL,Nivel máximo diario,2019-09-03 00:00,cm,484,Preliminar
53119010,BUENAVENTURA IDEAM  - AUT [53119010],NIVEL,Nivel mínimo diario,2019-09-03 00:00,cm,2,Preliminar
53119010,BUENAVENTURA IDEAM  - AUT [53119010],NIVEL,Nivel máximo diario,2019-09-04 00:00,cm,461,Preliminar
53119010,BUENAVENTURA IDEAM  - AUT [53119010],NIVEL,Nivel mínimo diario,2019-09-04 00:00,cm,22,Preliminar
53119010,BUENAVENTURA IDEAM  - AUT [53119010],NIVEL,Nivel máximo diario,2019-09-05 00:00,cm,425,Preliminar
53119010,BUENAVENTURA IDEAM  - AUT [53119010],NIVEL,Nivel mínimo diario,2019-09-05 00:00,cm,64,Preliminar
53119010,BUENAVENTURA IDEAM  - AUT [53119010],NIVEL,Nivel máximo diario,2019-09-06 00:00,cm,393,Preliminar
53119010,BUENAVENTURA IDEAM  - AUT [53119010],NIVEL,Nivel mínimo diario,2019-09-06 00:00,cm,100,Preliminar
53119010,BUENAVENTURA IDEAM  - AUT [53119010],NIVEL,Nivel máximo diario,2019-09-07 00:00,cm,365,Preliminar
53119010,BUENAVENTURA IDEAM  - AUT [53119010],NIVEL,Nivel mínimo diario,2019-09-07 00:00,cm,121,Preliminar
53119010,BUENAVENTURA IDEAM  - AUT [53119010],NIVEL,Nivel máximo diario,2019-09-08 00:00,cm,345,Preliminar
53119010,BUENAVENTURA IDEAM  - AUT [53119010],NIVEL,Nivel mínimo diario,2019-09-08 00:00,cm,126,Preliminar
53119010,BUENAVENTURA IDEAM  - AUT [53119010],NIVEL,Nivel máximo diario,2019-09-09 00:00,cm,342,Preliminar
53119010,BUENAVENTURA IDEAM  - AUT [53119010],NIVEL,Nivel mínimo diario,2019-09-09 00:00,cm,127,Preliminar
53119010,BUENAVENTURA IDEAM  - AUT [53119010],NIVEL,Nivel máximo diario,2019-09-10 00:00,cm,351,Preliminar
53119010,BUENAVENTURA IDEAM  - AUT [53119010],NIVEL,Nivel mínimo diario,2019-09-10 00:00,cm,114,Preliminar
53119010,BUENAVENTURA IDEAM  - AUT [53119010],NIVEL,Nivel máximo diario,2019-09-11 00:00,cm,374,Preliminar
53119010,BUENAVENTURA IDEAM  - AUT [53119010],NIVEL,Nivel mínimo diario,2019-09-11 00:00,cm,114,Preliminar
53119010,BUENAVENTURA IDEAM  - AUT [53119010],NIVEL,Nivel máximo diario,2019-09-12 00:00,cm,384,Preliminar
53119010,BUENAVENTURA IDEAM  - AUT [53119010],NIVEL,Nivel mínimo diario,2019-09-12 00:00,cm,98,Preliminar
53119010,BUENAVENTURA IDEAM  - AUT [53119010],NIVEL,Nivel máximo diario,2019-09-13 00:00,cm,401,Preliminar
53119010,BUENAVENTURA IDEAM  - AUT [53119010],NIVEL,Nivel mínimo diario,2019-09-13 00:00,cm,80,Preliminar
53119010,BUENAVENTURA IDEAM  - AUT [53119010],NIVEL,Nivel máximo diario,2019-09-14 00:00,cm,409,Preliminar
53119010,BUENAVENTURA IDEAM  - AUT [53119010],NIVEL,Nivel mínimo diario,2019-09-14 00:00,cm,77,Preliminar
53119010,BUENAVENTURA IDEAM  - AUT [53119010],NIVEL,Nivel máximo diario,2019-09-15 00:00,cm,418,Preliminar
53119010,BUENAVENTURA IDEAM  - AUT [53119010],NIVEL,Nivel mínimo diario,2019-09-15 00:00,cm,66,Preliminar
53119010,BUENAVENTURA IDEAM  - AUT [53119010],NIVEL,Nivel máximo diario,2019-09-16 00:00,cm,415,Preliminar
53119010,BUENAVENTURA IDEAM  - AUT [53119010],NIVEL,Nivel mínimo diario,2019-09-16 00:00,cm,69,Preliminar
53119010,BUENAVENTURA IDEAM  - AUT [53119010],NIVEL,Nivel máximo diario,2019-09-17 00:00,cm,422,Preliminar
53119010,BUENAVENTURA IDEAM  - AUT [53119010],NIVEL,Nivel mínimo diario,2019-09-17 00:00,cm,69,Preliminar
53119010,BUENAVENTURA IDEAM  - AUT [53119010],NIVEL,Nivel máximo diario,2019-09-18 00:00,cm,415,Preliminar
53119010,BUENAVENTURA IDEAM  - AUT [53119010],NIVEL,Nivel mínimo diario,2019-09-18 00:00,cm,69,Preliminar
53119010,BUENAVENTURA IDEAM  - AUT [53119010],NIVEL,Nivel máximo diario,2019-09-19 00:00,cm,412,Preliminar
53119010,BUENAVENTURA IDEAM  - AUT [53119010],NIVEL,Nivel mínimo diario,2019-09-19 00:00,cm,76,Preliminar
53119010,BUENAVENTURA IDEAM  - AUT [53119010],NIVEL,Nivel máximo diario,2019-09-20 00:00,cm,391,Preliminar
53119010,BUENAVENTURA IDEAM  - AUT [53119010],NIVEL,Nivel mínimo diario,2019-09-20 00:00,cm,92,Preliminar
53119010,BUENAVENTURA IDEAM  - AUT [53119010],NIVEL,Nivel máximo diario,2019-09-21 00:00,cm,372,Preliminar
53119010,BUENAVENTURA IDEAM  - AUT [53119010],NIVEL,Nivel mínimo diario,2019-09-21 00:00,cm,107,Preliminar
53119010,BUENAVENTURA IDEAM  - AUT [53119010],NIVEL,Nivel máximo diario,2019-09-22 00:00,cm,356,Preliminar
53119010,BUENAVENTURA IDEAM  - AUT [53119010],NIVEL,Nivel mínimo diario,2019-09-22 00:00,cm,121,Preliminar
53119010,BUENAVENTURA IDEAM  - AUT [53119010],NIVEL,Nivel máximo diario,2019-09-23 00:00,cm,338,Preliminar
53119010,BUENAVENTURA IDEAM  - AUT [53119010],NIVEL,Nivel mínimo diario,2019-09-23 00:00,cm,121,Preliminar
53119010,BUENAVENTURA IDEAM  - AUT [53119010],NIVEL,Nivel máximo diario,2019-09-24 00:00,cm,346,Preliminar
53119010,BUENAVENTURA IDEAM  - AUT [53119010],NIVEL,Nivel mínimo diario,2019-09-24 00:00,cm,110,Preliminar
53119010,BUENAVENTURA IDEAM  - AUT [53119010],NIVEL,Nivel máximo diario,2019-09-25 00:00,cm,362,Preliminar
53119010,BUENAVENTURA IDEAM  - AUT [53119010],NIVEL,Nivel mínimo diario,2019-09-25 00:00,cm,86,Preliminar
53119010,BUENAVENTURA IDEAM  - AUT [53119010],NIVEL,Nivel máximo diario,2019-09-26 00:00,cm,392,Preliminar
53119010,BUENAVENTURA IDEAM  - AUT [53119010],NIVEL,Nivel mínimo diario,2019-09-26 00:00,cm,58,Preliminar
53119010,BUENAVENTURA IDEAM  - AUT [53119010],NIVEL,Nivel máximo diario,2019-09-27 00:00,cm,433,Preliminar
53119010,BUENAVENTURA IDEAM  - AUT [53119010],NIVEL,Nivel mínimo diario,2019-09-27 00:00,cm,38,Preliminar
53119010,BUENAVENTURA IDEAM  - AUT [53119010],NIVEL,Nivel máximo diario,2019-09-28 00:00,cm,462,Preliminar
53119010,BUENAVENTURA IDEAM  - AUT [53119010],NIVEL,Nivel mínimo diario,2019-09-28 00:00,cm,5,Preliminar
53119010,BUENAVENTURA IDEAM  - AUT [53119010],NIVEL,Nivel máximo diario,2019-09-29 00:00,cm,482,Preliminar
53119010,BUENAVENTURA IDEAM  - AUT [53119010],NIVEL,Nivel mínimo diario,2019-09-29 00:00,cm,-3,Preliminar
53119010,BUENAVENTURA IDEAM  - AUT [53119010],NIVEL,Nivel máximo diario,2019-09-30 00:00,cm,502,Preliminar
53119010,BUENAVENTURA IDEAM  - AUT [53119010],NIVEL,Nivel mínimo diario,2019-09-30 00:00,cm,-13,Preliminar
53119010,BUENAVENTURA IDEAM  - AUT [53119010],NIVEL,Nivel máximo diario,2019-10-01 00:00,cm,498,Preliminar
53119010,BUENAVENTURA IDEAM  - AUT [53119010],NIVEL,Nivel mínimo diario,2019-10-01 00:00,cm,-6,Preliminar
53119010,BUENAVENTURA IDEAM  - AUT [53119010],NIVEL,Nivel máximo diario,2019-10-02 00:00,cm,484,Preliminar
53119010,BUENAVENTURA IDEAM  - AUT [53119010],NIVEL,Nivel mínimo diario,2019-10-02 00:00,cm,17,Preliminar
53119010,BUENAVENTURA IDEAM  - AUT [53119010],NIVEL,Nivel máximo diario,2019-10-03 00:00,cm,452,Preliminar
53119010,BUENAVENTURA IDEAM  - AUT [53119010],NIVEL,Nivel mínimo diario,2019-10-03 00:00,cm,45,Preliminar
53119010,BUENAVENTURA IDEAM  - AUT [53119010],NIVEL,Nivel máximo diario,2019-10-04 00:00,cm,419,Preliminar
53119010,BUENAVENTURA IDEAM  - AUT [53119010],NIVEL,Nivel mínimo diario,2019-10-04 00:00,cm,74,Preliminar
53119010,BUENAVENTURA IDEAM  - AUT [53119010],NIVEL,Nivel máximo diario,2019-10-05 00:00,cm,381,Preliminar
53119010,BUENAVENTURA IDEAM  - AUT [53119010],NIVEL,Nivel mínimo diario,2019-10-05 00:00,cm,106,Preliminar
53119010,BUENAVENTURA IDEAM  - AUT [53119010],NIVEL,Nivel máximo diario,2019-10-06 00:00,cm,355,Preliminar
53119010,BUENAVENTURA IDEAM  - AUT [53119010],NIVEL,Nivel mínimo diario,2019-10-06 00:00,cm,134,Preliminar
53119010,BUENAVENTURA IDEAM  - AUT [53119010],NIVEL,Nivel máximo diario,2019-10-07 00:00,cm,338,Preliminar
53119010,BUENAVENTURA IDEAM  - AUT [53119010],NIVEL,Nivel mínimo diario,2019-10-07 00:00,cm,146,Preliminar
53119010,BUENAVENTURA IDEAM  - AUT [53119010],NIVEL,Nivel máximo diario,2019-10-08 00:00,cm,338,Preliminar
53119010,BUENAVENTURA IDEAM  - AUT [53119010],NIVEL,Nivel mínimo diario,2019-10-08 00:00,cm,140,Preliminar
53119010,BUENAVENTURA IDEAM  - AUT [53119010],NIVEL,Nivel máximo diario,2019-10-09 00:00,cm,343,Preliminar
53119010,BUENAVENTURA IDEAM  - AUT [53119010],NIVEL,Nivel mínimo diario,2019-10-09 00:00,cm,126,Preliminar
53119010,BUENAVENTURA IDEAM  - AUT [53119010],NIVEL,Nivel máximo diario,2019-10-10 00:00,cm,358,Preliminar
53119010,BUENAVENTURA IDEAM  - AUT [53119010],NIVEL,Nivel mínimo diario,2019-10-10 00:00,cm,110,Preliminar
53119010,BUENAVENTURA IDEAM  - AUT [53119010],NIVEL,Nivel máximo diario,2019-10-11 00:00,cm,381,Preliminar
53119010,BUENAVENTURA IDEAM  - AUT [53119010],NIVEL,Nivel mínimo diario,2019-10-11 00:00,cm,101,Preliminar
53119010,BUENAVENTURA IDEAM  - AUT [53119010],NIVEL,Nivel máximo diario,2019-10-12 00:00,cm,392,Preliminar
53119010,BUENAVENTURA IDEAM  - AUT [53119010],NIVEL,Nivel mínimo diario,2019-10-12 00:00,cm,91,Preliminar
53119010,BUENAVENTURA IDEAM  - AUT [53119010],NIVEL,Nivel máximo diario,2019-10-13 00:00,cm,411,Preliminar
53119010,BUENAVENTURA IDEAM  - AUT [53119010],NIVEL,Nivel mínimo diario,2019-10-13 00:00,cm,79,Preliminar
53119010,BUENAVENTURA IDEAM  - AUT [53119010],NIVEL,Nivel máximo diario,2019-10-14 00:00,cm,419,Preliminar
53119010,BUENAVENTURA IDEAM  - AUT [53119010],NIVEL,Nivel mínimo diario,2019-10-14 00:00,cm,73,Preliminar
53119010,BUENAVENTURA IDEAM  - AUT [53119010],NIVEL,Nivel máximo diario,2019-10-15 00:00,cm,429,Preliminar
53119010,BUENAVENTURA IDEAM  - AUT [53119010],NIVEL,Nivel mínimo diario,2019-10-15 00:00,cm,76,Preliminar
53119010,BUENAVENTURA IDEAM  - AUT [53119010],NIVEL,Nivel máximo diario,2019-10-16 00:00,cm,427,Preliminar
53119010,BUENAVENTURA IDEAM  - AUT [53119010],NIVEL,Nivel mínimo diario,2019-10-16 00:00,cm,62,Preliminar
53119010,BUENAVENTURA IDEAM  - AUT [53119010],NIVEL,Nivel máximo diario,2019-10-17 00:00,cm,424,Preliminar
53119010,BUENAVENTURA IDEAM  - AUT [53119010],NIVEL,Nivel mínimo diario,2019-10-17 00:00,cm,64,Preliminar
53119010,BUENAVENTURA IDEAM  - AUT [53119010],NIVEL,Nivel máximo diario,2019-10-18 00:00,cm,418,Preliminar
53119010,BUENAVENTURA IDEAM  - AUT [53119010],NIVEL,Nivel mínimo diario,2019-10-18 00:00,cm,76,Preliminar
53119010,BUENAVENTURA IDEAM  - AUT [53119010],NIVEL,Nivel máximo diario,2019-10-19 00:00,cm,404,Preliminar
53119010,BUENAVENTURA IDEAM  - AUT [53119010],NIVEL,Nivel mínimo diario,2019-10-19 00:00,cm,87,Preliminar
53119010,BUENAVENTURA IDEAM  - AUT [53119010],NIVEL,Nivel máximo diario,2019-10-20 00:00,cm,393,Preliminar
53119010,BUENAVENTURA IDEAM  - AUT [53119010],NIVEL,Nivel mínimo diario,2019-10-20 00:00,cm,111,Preliminar
53119010,BUENAVENTURA IDEAM  - AUT [53119010],NIVEL,Nivel máximo diario,2019-10-21 00:00,cm,370,Preliminar
53119010,BUENAVENTURA IDEAM  - AUT [53119010],NIVEL,Nivel mínimo diario,2019-10-21 00:00,cm,117,Preliminar
53119010,BUENAVENTURA IDEAM  - AUT [53119010],NIVEL,Nivel máximo diario,2019-10-22 00:00,cm,356,Preliminar
53119010,BUENAVENTURA IDEAM  - AUT [53119010],NIVEL,Nivel mínimo diario,2019-10-22 00:00,cm,117,Preliminar
53119010,BUENAVENTURA IDEAM  - AUT [53119010],NIVEL,Nivel máximo diario,2019-10-23 00:00,cm,372,Preliminar
53119010,BUENAVENTURA IDEAM  - AUT [53119010],NIVEL,Nivel mínimo diario,2019-10-23 00:00,cm,129,Preliminar
53119010,BUENAVENTURA IDEAM  - AUT [53119010],NIVEL,Nivel máximo diario,2019-10-24 00:00,cm,377,Preliminar
53119010,BUENAVENTURA IDEAM  - AUT [53119010],NIVEL,Nivel mínimo diario,2019-10-24 00:00,cm,105,Preliminar
53119010,BUENAVENTURA IDEAM  - AUT [53119010],NIVEL,Nivel máximo diario,2019-10-25 00:00,cm,409,Preliminar
53119010,BUENAVENTURA IDEAM  - AUT [53119010],NIVEL,Nivel mínimo diario,2019-10-25 00:00,cm,90,Preliminar
53119010,BUENAVENTURA IDEAM  - AUT [53119010],NIVEL,Nivel máximo diario,2019-10-26 00:00,cm,437,Preliminar
53119010,BUENAVENTURA IDEAM  - AUT [53119010],NIVEL,Nivel mínimo diario,2019-10-26 00:00,cm,59,Preliminar
53119010,BUENAVENTURA IDEAM  - AUT [53119010],NIVEL,Nivel máximo diario,2019-10-27 00:00,cm,467,Preliminar
53119010,BUENAVENTURA IDEAM  - AUT [53119010],NIVEL,Nivel mínimo diario,2019-10-27 00:00,cm,32,Preliminar
53119010,BUENAVENTURA IDEAM  - AUT [53119010],NIVEL,Nivel máximo diario,2019-10-28 00:00,cm,483,Preliminar
53119010,BUENAVENTURA IDEAM  - AUT [53119010],NIVEL,Nivel mínimo diario,2019-10-28 00:00,cm,-2,Preliminar
53119010,BUENAVENTURA IDEAM  - AUT [53119010],NIVEL,Nivel máximo diario,2019-10-29 00:00,cm,490,Preliminar
53119010,BUENAVENTURA IDEAM  - AUT [53119010],NIVEL,Nivel mínimo diario,2019-10-29 00:00,cm,2,Preliminar
53119010,BUENAVENTURA IDEAM  - AUT [53119010],NIVEL,Nivel máximo diario,2019-10-30 00:00,cm,475,Preliminar
53119010,BUENAVENTURA IDEAM  - AUT [53119010],NIVEL,Nivel mínimo diario,2019-10-30 00:00,cm,1,Preliminar
53119010,BUENAVENTURA IDEAM  - AUT [53119010],NIVEL,Nivel máximo diario,2019-10-31 00:00,cm,461,Preliminar
53119010,BUENAVENTURA IDEAM  - AUT [53119010],NIVEL,Nivel mínimo diario,2019-10-31 00:00,cm,15,Preliminar
53119010,BUENAVENTURA IDEAM  - AUT [53119010],NIVEL,Nivel máximo diario,2019-11-01 00:00,cm,444,Preliminar
53119010,BUENAVENTURA IDEAM  - AUT [53119010],NIVEL,Nivel mínimo diario,2019-11-01 00:00,cm,56,Preliminar
53119010,BUENAVENTURA IDEAM  - AUT [53119010],NIVEL,Nivel máximo diario,2019-11-02 00:00,cm,412,Preliminar
53119010,BUENAVENTURA IDEAM  - AUT [53119010],NIVEL,Nivel mínimo diario,2019-11-02 00:00,cm,86,Preliminar
53119010,BUENAVENTURA IDEAM  - AUT [53119010],NIVEL,Nivel máximo diario,2019-11-03 00:00,cm,386,Preliminar
53119010,BUENAVENTURA IDEAM  - AUT [53119010],NIVEL,Nivel mínimo diario,2019-11-03 00:00,cm,114,Preliminar
53119010,BUENAVENTURA IDEAM  - AUT [53119010],NIVEL,Nivel máximo diario,2019-11-04 00:00,cm,355,Preliminar
53119010,BUENAVENTURA IDEAM  - AUT [53119010],NIVEL,Nivel mínimo diario,2019-11-04 00:00,cm,130,Preliminar
53119010,BUENAVENTURA IDEAM  - AUT [53119010],NIVEL,Nivel máximo diario,2019-11-05 00:00,cm,346,Preliminar
53119010,BUENAVENTURA IDEAM  - AUT [53119010],NIVEL,Nivel mínimo diario,2019-11-05 00:00,cm,154,Preliminar
53119010,BUENAVENTURA IDEAM  - AUT [53119010],NIVEL,Nivel máximo diario,2019-11-06 00:00,cm,350,Preliminar
53119010,BUENAVENTURA IDEAM  - AUT [53119010],NIVEL,Nivel mínimo diario,2019-11-06 00:00,cm,157,Preliminar
53119010,BUENAVENTURA IDEAM  - AUT [53119010],NIVEL,Nivel máximo diario,2019-11-07 00:00,cm,350,Preliminar
53119010,BUENAVENTURA IDEAM  - AUT [53119010],NIVEL,Nivel mínimo diario,2019-11-07 00:00,cm,154,Preliminar
53119010,BUENAVENTURA IDEAM  - AUT [53119010],NIVEL,Nivel máximo diario,2019-11-08 00:00,cm,361,Preliminar
53119010,BUENAVENTURA IDEAM  - AUT [53119010],NIVEL,Nivel mínimo diario,2019-11-08 00:00,cm,143,Preliminar
53119010,BUENAVENTURA IDEAM  - AUT [53119010],NIVEL,Nivel máximo diario,2019-11-09 00:00,cm,382,Preliminar
53119010,BUENAVENTURA IDEAM  - AUT [53119010],NIVEL,Nivel mínimo diario,2019-11-09 00:00,cm,130,Preliminar
53119010,BUENAVENTURA IDEAM  - AUT [53119010],NIVEL,Nivel máximo diario,2019-11-10 00:00,cm,394,Preliminar
53119010,BUENAVENTURA IDEAM  - AUT [53119010],NIVEL,Nivel mínimo diario,2019-11-10 00:00,cm,104,Preliminar
53119010,BUENAVENTURA IDEAM  - AUT [53119010],NIVEL,Nivel máximo diario,2019-11-11 00:00,cm,410,Preliminar
53119010,BUENAVENTURA IDEAM  - AUT [53119010],NIVEL,Nivel mínimo diario,2019-11-11 00:00,cm,89,Preliminar
53119010,BUENAVENTURA IDEAM  - AUT [53119010],NIVEL,Nivel máximo diario,2019-11-12 00:00,cm,427,Preliminar
53119010,BUENAVENTURA IDEAM  - AUT [53119010],NIVEL,Nivel mínimo diario,2019-11-12 00:00,cm,76,Preliminar
53119010,BUENAVENTURA IDEAM  - AUT [53119010],NIVEL,Nivel máximo diario,2019-11-13 00:00,cm,429,Preliminar
53119010,BUENAVENTURA IDEAM  - AUT [53119010],NIVEL,Nivel mínimo diario,2019-11-13 00:00,cm,60,Preliminar
53119010,BUENAVENTURA IDEAM  - AUT [53119010],NIVEL,Nivel máximo diario,2019-11-14 00:00,cm,433,Preliminar
53119010,BUENAVENTURA IDEAM  - AUT [53119010],NIVEL,Nivel mínimo diario,2019-11-14 00:00,cm,53,Preliminar
53119010,BUENAVENTURA IDEAM  - AUT [53119010],NIVEL,Nivel máximo diario,2019-11-15 00:00,cm,428,Preliminar
53119010,BUENAVENTURA IDEAM  - AUT [53119010],NIVEL,Nivel mínimo diario,2019-11-15 00:00,cm,58,Preliminar
53119010,BUENAVENTURA IDEAM  - AUT [53119010],NIVEL,Nivel máximo diario,2019-11-16 00:00,cm,427,Preliminar
53119010,BUENAVENTURA IDEAM  - AUT [53119010],NIVEL,Nivel mínimo diario,2019-11-16 00:00,cm,67,Preliminar
53119010,BUENAVENTURA IDEAM  - AUT [53119010],NIVEL,Nivel máximo diario,2019-11-17 00:00,cm,426,Preliminar
53119010,BUENAVENTURA IDEAM  - AUT [53119010],NIVEL,Nivel mínimo diario,2019-11-17 00:00,cm,80,Preliminar
53119010,BUENAVENTURA IDEAM  - AUT [53119010],NIVEL,Nivel máximo diario,2019-11-18 00:00,cm,410,Preliminar
53119010,BUENAVENTURA IDEAM  - AUT [53119010],NIVEL,Nivel mínimo diario,2019-11-18 00:00,cm,97,Preliminar
53119010,BUENAVENTURA IDEAM  - AUT [53119010],NIVEL,Nivel máximo diario,2019-11-19 00:00,cm,385,Preliminar
53119010,BUENAVENTURA IDEAM  - AUT [53119010],NIVEL,Nivel mínimo diario,2019-11-19 00:00,cm,100,Preliminar
53119010,BUENAVENTURA IDEAM  - AUT [53119010],NIVEL,Nivel máximo diario,2019-11-20 00:00,cm,386,Preliminar
53119010,BUENAVENTURA IDEAM  - AUT [53119010],NIVEL,Nivel mínimo diario,2019-11-20 00:00,cm,116,Preliminar
53119010,BUENAVENTURA IDEAM  - AUT [53119010],NIVEL,Nivel máximo diario,2019-11-21 00:00,cm,394,Preliminar
53119010,BUENAVENTURA IDEAM  - AUT [53119010],NIVEL,Nivel mínimo diario,2019-11-21 00:00,cm,121,Preliminar
53119010,BUENAVENTURA IDEAM  - AUT [53119010],NIVEL,Nivel máximo diario,2019-11-22 00:00,cm,405,Preliminar
53119010,BUENAVENTURA IDEAM  - AUT [53119010],NIVEL,Nivel mínimo diario,2019-11-22 00:00,cm,109,Preliminar
53119010,BUENAVENTURA IDEAM  - AUT [53119010],NIVEL,Nivel máximo diario,2019-11-23 00:00,cm,415,Preliminar
53119010,BUENAVENTURA IDEAM  - AUT [53119010],NIVEL,Nivel mínimo diario,2019-11-23 00:00,cm,89,Preliminar
53119010,BUENAVENTURA IDEAM  - AUT [53119010],NIVEL,Nivel máximo diario,2019-11-24 00:00,cm,431,Preliminar
53119010,BUENAVENTURA IDEAM  - AUT [53119010],NIVEL,Nivel mínimo diario,2019-11-24 00:00,cm,60,Preliminar
53119010,BUENAVENTURA IDEAM  - AUT [53119010],NIVEL,Nivel máximo diario,2019-11-25 00:00,cm,451,Preliminar
53119010,BUENAVENTURA IDEAM  - AUT [53119010],NIVEL,Nivel mínimo diario,2019-11-25 00:00,cm,41,Preliminar
53119010,BUENAVENTURA IDEAM  - AUT [53119010],NIVEL,Nivel máximo diario,2019-11-26 00:00,cm,465,Preliminar
53119010,BUENAVENTURA IDEAM  - AUT [53119010],NIVEL,Nivel mínimo diario,2019-11-26 00:00,cm,28,Preliminar
53119010,BUENAVENTURA IDEAM  - AUT [53119010],NIVEL,Nivel máximo diario,2019-11-27 00:00,cm,463,Preliminar
53119010,BUENAVENTURA IDEAM  - AUT [53119010],NIVEL,Nivel mínimo diario,2019-11-27 00:00,cm,16,Preliminar
53119010,BUENAVENTURA IDEAM  - AUT [53119010],NIVEL,Nivel máximo diario,2019-11-28 00:00,cm,463,Preliminar
53119010,BUENAVENTURA IDEAM  - AUT [53119010],NIVEL,Nivel mínimo diario,2019-11-28 00:00,cm,24,Preliminar
53119010,BUENAVENTURA IDEAM  - AUT [53119010],NIVEL,Nivel máximo diario,2019-11-29 00:00,cm,459,Preliminar
53119010,BUENAVENTURA IDEAM  - AUT [53119010],NIVEL,Nivel mínimo diario,2019-11-29 00:00,cm,40,Preliminar
53119010,BUENAVENTURA IDEAM  - AUT [53119010],NIVEL,Nivel máximo diario,2019-11-30 00:00,cm,435,Preliminar
53119010,BUENAVENTURA IDEAM  - AUT [53119010],NIVEL,Nivel mínimo diario,2019-11-30 00:00,cm,66,Preliminar
53119010,BUENAVENTURA IDEAM  - AUT [53119010],NIVEL,Nivel máximo diario,2019-12-01 00:00,cm,411,Preliminar
53119010,BUENAVENTURA IDEAM  - AUT [53119010],NIVEL,Nivel mínimo diario,2019-12-01 00:00,cm,81,Preliminar
53119010,BUENAVENTURA IDEAM  - AUT [53119010],NIVEL,Nivel máximo diario,2019-12-02 00:00,cm,393,Preliminar
53119010,BUENAVENTURA IDEAM  - AUT [53119010],NIVEL,Nivel mínimo diario,2019-12-02 00:00,cm,106,Preliminar
53119010,BUENAVENTURA IDEAM  - AUT [53119010],NIVEL,Nivel máximo diario,2019-12-03 00:00,cm,368,Preliminar
53119010,BUENAVENTURA IDEAM  - AUT [53119010],NIVEL,Nivel mínimo diario,2019-12-03 00:00,cm,127,Preliminar
53119010,BUENAVENTURA IDEAM  - AUT [53119010],NIVEL,Nivel máximo diario,2019-12-04 00:00,cm,351,Preliminar
53119010,BUENAVENTURA IDEAM  - AUT [53119010],NIVEL,Nivel mínimo diario,2019-12-04 00:00,cm,140,Preliminar
53119010,BUENAVENTURA IDEAM  - AUT [53119010],NIVEL,Nivel máximo diario,2019-12-05 00:00,cm,348,Preliminar
53119010,BUENAVENTURA IDEAM  - AUT [53119010],NIVEL,Nivel mínimo diario,2019-12-05 00:00,cm,153,Preliminar
53119010,BUENAVENTURA IDEAM  - AUT [53119010],NIVEL,Nivel máximo diario,2019-12-06 00:00,cm,348,Preliminar
53119010,BUENAVENTURA IDEAM  - AUT [53119010],NIVEL,Nivel mínimo diario,2019-12-06 00:00,cm,154,Preliminar
53119010,BUENAVENTURA IDEAM  - AUT [53119010],NIVEL,Nivel máximo diario,2019-12-07 00:00,cm,348,Preliminar
53119010,BUENAVENTURA IDEAM  - AUT [53119010],NIVEL,Nivel mínimo diario,2019-12-07 00:00,cm,142,Preliminar
53119010,BUENAVENTURA IDEAM  - AUT [53119010],NIVEL,Nivel máximo diario,2019-12-08 00:00,cm,360,Preliminar
53119010,BUENAVENTURA IDEAM  - AUT [53119010],NIVEL,Nivel mínimo diario,2019-12-08 00:00,cm,133,Preliminar
53119010,BUENAVENTURA IDEAM  - AUT [53119010],NIVEL,Nivel máximo diario,2019-12-09 00:00,cm,378,Preliminar
53119010,BUENAVENTURA IDEAM  - AUT [53119010],NIVEL,Nivel mínimo diario,2019-12-09 00:00,cm,107,Preliminar
53119010,BUENAVENTURA IDEAM  - AUT [53119010],NIVEL,Nivel máximo diario,2019-12-10 00:00,cm,388,Preliminar
53119010,BUENAVENTURA IDEAM  - AUT [53119010],NIVEL,Nivel mínimo diario,2019-12-10 00:00,cm,85,Preliminar
53119010,BUENAVENTURA IDEAM  - AUT [53119010],NIVEL,Nivel máximo diario,2019-12-11 00:00,cm,404,Preliminar
53119010,BUENAVENTURA IDEAM  - AUT [53119010],NIVEL,Nivel mínimo diario,2019-12-11 00:00,cm,69,Preliminar
53119010,BUENAVENTURA IDEAM  - AUT [53119010],NIVEL,Nivel máximo diario,2019-12-12 00:00,cm,423,Preliminar
53119010,BUENAVENTURA IDEAM  - AUT [53119010],NIVEL,Nivel mínimo diario,2019-12-12 00:00,cm,57,Preliminar
53119010,BUENAVENTURA IDEAM  - AUT [53119010],NIVEL,Nivel máximo diario,2019-12-13 00:00,cm,434,Preliminar
53119010,BUENAVENTURA IDEAM  - AUT [53119010],NIVEL,Nivel mínimo diario,2019-12-13 00:00,cm,47,Preliminar
53119010,BUENAVENTURA IDEAM  - AUT [53119010],NIVEL,Nivel máximo diario,2019-12-14 00:00,cm,438,Preliminar
53119010,BUENAVENTURA IDEAM  - AUT [53119010],NIVEL,Nivel mínimo diario,2019-12-14 00:00,cm,48,Preliminar
53119010,BUENAVENTURA IDEAM  - AUT [53119010],NIVEL,Nivel máximo diario,2019-12-15 00:00,cm,439,Preliminar
53119010,BUENAVENTURA IDEAM  - AUT [53119010],NIVEL,Nivel mínimo diario,2019-12-15 00:00,cm,48,Preliminar
53119010,BUENAVENTURA IDEAM  - AUT [53119010],NIVEL,Nivel máximo diario,2019-12-16 00:00,cm,431,Preliminar
53119010,BUENAVENTURA IDEAM  - AUT [53119010],NIVEL,Nivel mínimo diario,2019-12-16 00:00,cm,51,Preliminar
53119010,BUENAVENTURA IDEAM  - AUT [53119010],NIVEL,Nivel máximo diario,2019-12-17 00:00,cm,423,Preliminar
53119010,BUENAVENTURA IDEAM  - AUT [53119010],NIVEL,Nivel mínimo diario,2019-12-17 00:00,cm,69,Preliminar
53119010,BUENAVENTURA IDEAM  - AUT [53119010],NIVEL,Nivel máximo diario,2019-12-18 00:00,cm,410,Preliminar
53119010,BUENAVENTURA IDEAM  - AUT [53119010],NIVEL,Nivel mínimo diario,2019-12-18 00:00,cm,90,Preliminar
53119010,BUENAVENTURA IDEAM  - AUT [53119010],NIVEL,Nivel máximo diario,2019-12-19 00:00,cm,404,Preliminar
53119010,BUENAVENTURA IDEAM  - AUT [53119010],NIVEL,Nivel mínimo diario,2019-12-19 00:00,cm,101,Preliminar
53119010,BUENAVENTURA IDEAM  - AUT [53119010],NIVEL,Nivel máximo diario,2019-12-20 00:00,cm,404,Preliminar
53119010,BUENAVENTURA IDEAM  - AUT [53119010],NIVEL,Nivel mínimo diario,2019-12-20 00:00,cm,106,Preliminar
53119010,BUENAVENTURA IDEAM  - AUT [53119010],NIVEL,Nivel máximo diario,2019-12-21 00:00,cm,410,Preliminar
53119010,BUENAVENTURA IDEAM  - AUT [53119010],NIVEL,Nivel mínimo diario,2019-12-21 00:00,cm,111,Preliminar
53119010,BUENAVENTURA IDEAM  - AUT [53119010],NIVEL,Nivel máximo diario,2019-12-22 00:00,cm,410,Preliminar
53119010,BUENAVENTURA IDEAM  - AUT [53119010],NIVEL,Nivel mínimo diario,2019-12-22 00:00,cm,105,Preliminar
53119010,BUENAVENTURA IDEAM  - AUT [53119010],NIVEL,Nivel máximo diario,2019-12-23 00:00,cm,411,Preliminar
53119010,BUENAVENTURA IDEAM  - AUT [53119010],NIVEL,Nivel mínimo diario,2019-12-23 00:00,cm,82,Preliminar
53119010,BUENAVENTURA IDEAM  - AUT [53119010],NIVEL,Nivel máximo diario,2019-12-24 00:00,cm,422,Preliminar
53119010,BUENAVENTURA IDEAM  - AUT [53119010],NIVEL,Nivel mínimo diario,2019-12-24 00:00,cm,70,Preliminar
53119010,BUENAVENTURA IDEAM  - AUT [53119010],NIVEL,Nivel máximo diario,2019-12-25 00:00,cm,426,Preliminar
53119010,BUENAVENTURA IDEAM  - AUT [53119010],NIVEL,Nivel mínimo diario,2019-12-25 00:00,cm,50,Preliminar
53119010,BUENAVENTURA IDEAM  - AUT [53119010],NIVEL,Nivel máximo diario,2019-12-26 00:00,cm,430,Preliminar
53119010,BUENAVENTURA IDEAM  - AUT [53119010],NIVEL,Nivel mínimo diario,2019-12-26 00:00,cm,43,Preliminar
53119010,BUENAVENTURA IDEAM  - AUT [53119010],NIVEL,Nivel máximo diario,2019-12-27 00:00,cm,433,Preliminar
53119010,BUENAVENTURA IDEAM  - AUT [53119010],NIVEL,Nivel mínimo diario,2019-12-27 00:00,cm,40,Preliminar
53119010,BUENAVENTURA IDEAM  - AUT [53119010],NIVEL,Nivel máximo diario,2019-12-28 00:00,cm,426,Preliminar
53119010,BUENAVENTURA IDEAM  - AUT [53119010],NIVEL,Nivel mínimo diario,2019-12-28 00:00,cm,48,Preliminar
53119010,BUENAVENTURA IDEAM  - AUT [53119010],NIVEL,Nivel máximo diario,2019-12-29 00:00,cm,422,Preliminar
53119010,BUENAVENTURA IDEAM  - AUT [53119010],NIVEL,Nivel mínimo diario,2019-12-29 00:00,cm,58,Preliminar
53119010,BUENAVENTURA IDEAM  - AUT [53119010],NIVEL,Nivel máximo diario,2019-12-30 00:00,cm,415,Preliminar
53119010,BUENAVENTURA IDEAM  - AUT [53119010],NIVEL,Nivel mínimo diario,2019-12-30 00:00,cm,83,Preliminar
53119010,BUENAVENTURA IDEAM  - AUT [53119010],NIVEL,Nivel máximo diario,2019-12-31 00:00,cm,400,Preliminar
53119010,BUENAVENTURA IDEAM  - AUT [53119010],NIVEL,Nivel mínimo diario,2019-12-31 00:00,cm,104,Preliminar
53119010,BUENAVENTURA IDEAM  - AUT [53119010],NIVEL,Nivel máximo diario,2020-01-01 00:00,cm,379,Preliminar
53119010,BUENAVENTURA IDEAM  - AUT [53119010],NIVEL,Nivel mínimo diario,2020-01-01 00:00,cm,116,Preliminar
53119010,BUENAVENTURA IDEAM  - AUT [53119010],NIVEL,Nivel máximo diario,2020-01-02 00:00,cm,365,Preliminar
53119010,BUENAVENTURA IDEAM  - AUT [53119010],NIVEL,Nivel mínimo diario,2020-01-02 00:00,cm,130,Preliminar
53119010,BUENAVENTURA IDEAM  - AUT [53119010],NIVEL,Nivel máximo diario,2020-01-03 00:00,cm,355,Preliminar
53119010,BUENAVENTURA IDEAM  - AUT [53119010],NIVEL,Nivel mínimo diario,2020-01-03 00:00,cm,143,Preliminar
53119010,BUENAVENTURA IDEAM  - AUT [53119010],NIVEL,Nivel máximo diario,2020-01-04 00:00,cm,356,Preliminar
53119010,BUENAVENTURA IDEAM  - AUT [53119010],NIVEL,Nivel mínimo diario,2020-01-04 00:00,cm,151,Preliminar
53119010,BUENAVENTURA IDEAM  - AUT [53119010],NIVEL,Nivel máximo diario,2020-01-05 00:00,cm,361,Preliminar
53119010,BUENAVENTURA IDEAM  - AUT [53119010],NIVEL,Nivel mínimo diario,2020-01-05 00:00,cm,158,Preliminar
53119010,BUENAVENTURA IDEAM  - AUT [53119010],NIVEL,Nivel máximo diario,2020-01-06 00:00,cm,361,Preliminar
53119010,BUENAVENTURA IDEAM  - AUT [53119010],NIVEL,Nivel mínimo diario,2020-01-06 00:00,cm,152,Preliminar
53119010,BUENAVENTURA IDEAM  - AUT [53119010],NIVEL,Nivel máximo diario,2020-01-07 00:00,cm,359,Preliminar
53119010,BUENAVENTURA IDEAM  - AUT [53119010],NIVEL,Nivel mínimo diario,2020-01-07 00:00,cm,128,Preliminar
53119010,BUENAVENTURA IDEAM  - AUT [53119010],NIVEL,Nivel máximo diario,2020-01-08 00:00,cm,372,Preliminar
53119010,BUENAVENTURA IDEAM  - AUT [53119010],NIVEL,Nivel mínimo diario,2020-01-08 00:00,cm,103,Preliminar
53119010,BUENAVENTURA IDEAM  - AUT [53119010],NIVEL,Nivel máximo diario,2020-01-09 00:00,cm,388,Preliminar
53119010,BUENAVENTURA IDEAM  - AUT [53119010],NIVEL,Nivel mínimo diario,2020-01-09 00:00,cm,73,Preliminar
53119010,BUENAVENTURA IDEAM  - AUT [53119010],NIVEL,Nivel máximo diario,2020-01-10 00:00,cm,415,Preliminar
53119010,BUENAVENTURA IDEAM  - AUT [53119010],NIVEL,Nivel mínimo diario,2020-01-10 00:00,cm,59,Preliminar
53119010,BUENAVENTURA IDEAM  - AUT [53119010],NIVEL,Nivel máximo diario,2020-01-11 00:00,cm,429,Preliminar
53119010,BUENAVENTURA IDEAM  - AUT [53119010],NIVEL,Nivel mínimo diario,2020-01-11 00:00,cm,37,Preliminar
53119010,BUENAVENTURA IDEAM  - AUT [53119010],NIVEL,Nivel máximo diario,2020-01-12 00:00,cm,447,Preliminar
53119010,BUENAVENTURA IDEAM  - AUT [53119010],NIVEL,Nivel mínimo diario,2020-01-12 00:00,cm,22,Preliminar
53119010,BUENAVENTURA IDEAM  - AUT [53119010],NIVEL,Nivel máximo diario,2020-01-13 00:00,cm,460,Preliminar
53119010,BUENAVENTURA IDEAM  - AUT [53119010],NIVEL,Nivel mínimo diario,2020-01-13 00:00,cm,23,Preliminar
53119010,BUENAVENTURA IDEAM  - AUT [53119010],NIVEL,Nivel máximo diario,2020-01-14 00:00,cm,458,Preliminar
53119010,BUENAVENTURA IDEAM  - AUT [53119010],NIVEL,Nivel mínimo diario,2020-01-14 00:00,cm,23,Preliminar
53119010,BUENAVENTURA IDEAM  - AUT [53119010],NIVEL,Nivel máximo diario,2020-01-15 00:00,cm,445,Preliminar
53119010,BUENAVENTURA IDEAM  - AUT [53119010],NIVEL,Nivel mínimo diario,2020-01-15 00:00,cm,32,Preliminar
53119010,BUENAVENTURA IDEAM  - AUT [53119010],NIVEL,Nivel máximo diario,2020-01-16 00:00,cm,434,Preliminar
53119010,BUENAVENTURA IDEAM  - AUT [53119010],NIVEL,Nivel mínimo diario,2020-01-16 00:00,cm,51,Preliminar
53119010,BUENAVENTURA IDEAM  - AUT [53119010],NIVEL,Nivel máximo diario,2020-01-17 00:00,cm,420,Preliminar
53119010,BUENAVENTURA IDEAM  - AUT [53119010],NIVEL,Nivel mínimo diario,2020-01-17 00:00,cm,68,Preliminar
53119010,BUENAVENTURA IDEAM  - AUT [53119010],NIVEL,Nivel máximo diario,2020-01-18 00:00,cm,401,Preliminar
53119010,BUENAVENTURA IDEAM  - AUT [53119010],NIVEL,Nivel mínimo diario,2020-01-18 00:00,cm,87,Preliminar
53119010,BUENAVENTURA IDEAM  - AUT [53119010],NIVEL,Nivel máximo diario,2020-01-19 00:00,cm,397,Preliminar
53119010,BUENAVENTURA IDEAM  - AUT [53119010],NIVEL,Nivel mínimo diario,2020-01-19 00:00,cm,91,Preliminar
53119010,BUENAVENTURA IDEAM  - AUT [53119010],NIVEL,Nivel máximo diario,2020-01-20 00:00,cm,397,Preliminar
53119010,BUENAVENTURA IDEAM  - AUT [53119010],NIVEL,Nivel mínimo diario,2020-01-20 00:00,cm,95,Preliminar
53119010,BUENAVENTURA IDEAM  - AUT [53119010],NIVEL,Nivel máximo diario,2020-01-21 00:00,cm,379,Preliminar
53119010,BUENAVENTURA IDEAM  - AUT [53119010],NIVEL,Nivel mínimo diario,2020-01-21 00:00,cm,96,Preliminar
53119010,BUENAVENTURA IDEAM  - AUT [53119010],NIVEL,Nivel máximo diario,2020-01-22 00:00,cm,377,Preliminar
53119010,BUENAVENTURA IDEAM  - AUT [53119010],NIVEL,Nivel mínimo diario,2020-01-22 00:00,cm,77,Preliminar
53119010,BUENAVENTURA IDEAM  - AUT [53119010],NIVEL,Nivel máximo diario,2020-01-23 00:00,cm,385,Preliminar
53119010,BUENAVENTURA IDEAM  - AUT [53119010],NIVEL,Nivel mínimo diario,2020-01-23 00:00,cm,60,Preliminar
53119010,BUENAVENTURA IDEAM  - AUT [53119010],NIVEL,Nivel máximo diario,2020-01-24 00:00,cm,395,Preliminar
53119010,BUENAVENTURA IDEAM  - AUT [53119010],NIVEL,Nivel mínimo diario,2020-01-24 00:00,cm,49,Preliminar
53119010,BUENAVENTURA IDEAM  - AUT [53119010],NIVEL,Nivel máximo diario,2020-01-25 00:00,cm,404,Preliminar
53119010,BUENAVENTURA IDEAM  - AUT [53119010],NIVEL,Nivel mínimo diario,2020-01-25 00:00,cm,38,Preliminar
53119010,BUENAVENTURA IDEAM  - AUT [53119010],NIVEL,Nivel máximo diario,2020-01-26 00:00,cm,407,Preliminar
53119010,BUENAVENTURA IDEAM  - AUT [53119010],NIVEL,Nivel mínimo diario,2020-01-26 00:00,cm,42,Preliminar
53119010,BUENAVENTURA IDEAM  - AUT [53119010],NIVEL,Nivel máximo diario,2020-01-27 00:00,cm,409,Preliminar
53119010,BUENAVENTURA IDEAM  - AUT [53119010],NIVEL,Nivel mínimo diario,2020-01-27 00:00,cm,48,Preliminar
53119010,BUENAVENTURA IDEAM  - AUT [53119010],NIVEL,Nivel máximo diario,2020-01-28 00:00,cm,403,Preliminar
53119010,BUENAVENTURA IDEAM  - AUT [53119010],NIVEL,Nivel mínimo diario,2020-01-28 00:00,cm,50,Preliminar
53119010,BUENAVENTURA IDEAM  - AUT [53119010],NIVEL,Nivel máximo diario,2020-01-29 00:00,cm,390,Preliminar
53119010,BUENAVENTURA IDEAM  - AUT [53119010],NIVEL,Nivel mínimo diario,2020-01-29 00:00,cm,64,Preliminar
53119010,BUENAVENTURA IDEAM  - AUT [53119010],NIVEL,Nivel máximo diario,2020-01-30 00:00,cm,393,Preliminar
53119010,BUENAVENTURA IDEAM  - AUT [53119010],NIVEL,Nivel mínimo diario,2020-01-30 00:00,cm,89,Preliminar
53119010,BUENAVENTURA IDEAM  - AUT [53119010],NIVEL,Nivel máximo diario,2020-01-31 00:00,cm,375,Preliminar
53119010,BUENAVENTURA IDEAM  - AUT [53119010],NIVEL,Nivel mínimo diario,2020-01-31 00:00,cm,108,Preliminar
53119010,BUENAVENTURA IDEAM  - AUT [53119010],NIVEL,Nivel máximo diario,2020-02-01 00:00,cm,360,Preliminar
53119010,BUENAVENTURA IDEAM  - AUT [53119010],NIVEL,Nivel mínimo diario,2020-02-01 00:00,cm,118,Preliminar
53119010,BUENAVENTURA IDEAM  - AUT [53119010],NIVEL,Nivel máximo diario,2020-02-02 00:00,cm,346,Preliminar
53119010,BUENAVENTURA IDEAM  - AUT [53119010],NIVEL,Nivel mínimo diario,2020-02-02 00:00,cm,122,Preliminar
53119010,BUENAVENTURA IDEAM  - AUT [53119010],NIVEL,Nivel máximo diario,2020-02-03 00:00,cm,342,Preliminar
53119010,BUENAVENTURA IDEAM  - AUT [53119010],NIVEL,Nivel mínimo diario,2020-02-03 00:00,cm,130,Preliminar
53119010,BUENAVENTURA IDEAM  - AUT [53119010],NIVEL,Nivel máximo diario,2020-02-04 00:00,cm,347,Preliminar
53119010,BUENAVENTURA IDEAM  - AUT [53119010],NIVEL,Nivel mínimo diario,2020-02-04 00:00,cm,139,Preliminar
53119010,BUENAVENTURA IDEAM  - AUT [53119010],NIVEL,Nivel máximo diario,2020-02-05 00:00,cm,347,Preliminar
53119010,BUENAVENTURA IDEAM  - AUT [53119010],NIVEL,Nivel mínimo diario,2020-02-05 00:00,cm,131,Preliminar
53119010,BUENAVENTURA IDEAM  - AUT [53119010],NIVEL,Nivel máximo diario,2020-02-06 00:00,cm,359,Preliminar
53119010,BUENAVENTURA IDEAM  - AUT [53119010],NIVEL,Nivel mínimo diario,2020-02-06 00:00,cm,116,Preliminar
53119010,BUENAVENTURA IDEAM  - AUT [53119010],NIVEL,Nivel máximo diario,2020-02-07 00:00,cm,383,Preliminar
53119010,BUENAVENTURA IDEAM  - AUT [53119010],NIVEL,Nivel mínimo diario,2020-02-07 00:00,cm,86,Preliminar
53119010,BUENAVENTURA IDEAM  - AUT [53119010],NIVEL,Nivel máximo diario,2020-02-08 00:00,cm,405,Preliminar
53119010,BUENAVENTURA IDEAM  - AUT [53119010],NIVEL,Nivel mínimo diario,2020-02-08 00:00,cm,55,Preliminar
53119010,BUENAVENTURA IDEAM  - AUT [53119010],NIVEL,Nivel máximo diario,2020-02-09 00:00,cm,437,Preliminar
53119010,BUENAVENTURA IDEAM  - AUT [53119010],NIVEL,Nivel mínimo diario,2020-02-09 00:00,cm,22,Preliminar
53119010,BUENAVENTURA IDEAM  - AUT [53119010],NIVEL,Nivel máximo diario,2020-02-10 00:00,cm,462,Preliminar
53119010,BUENAVENTURA IDEAM  - AUT [53119010],NIVEL,Nivel mínimo diario,2020-02-10 00:00,cm,3,Preliminar
53119010,BUENAVENTURA IDEAM  - AUT [53119010],NIVEL,Nivel máximo diario,2020-02-11 00:00,cm,476,Preliminar
53119010,BUENAVENTURA IDEAM  - AUT [53119010],NIVEL,Nivel mínimo diario,2020-02-11 00:00,cm,-4,Preliminar
53119010,BUENAVENTURA IDEAM  - AUT [53119010],NIVEL,Nivel máximo diario,2020-02-12 00:00,cm,478,Preliminar
53119010,BUENAVENTURA IDEAM  - AUT [53119010],NIVEL,Nivel mínimo diario,2020-02-12 00:00,cm,-7,Preliminar
53119010,BUENAVENTURA IDEAM  - AUT [53119010],NIVEL,Nivel máximo diario,2020-02-13 00:00,cm,467,Preliminar
53119010,BUENAVENTURA IDEAM  - AUT [53119010],NIVEL,Nivel mínimo diario,2020-02-13 00:00,cm,3,Preliminar
53119010,BUENAVENTURA IDEAM  - AUT [53119010],NIVEL,Nivel máximo diario,2020-02-14 00:00,cm,443,Preliminar
53119010,BUENAVENTURA IDEAM  - AUT [53119010],NIVEL,Nivel mínimo diario,2020-02-14 00:00,cm,19,Preliminar
53119010,BUENAVENTURA IDEAM  - AUT [53119010],NIVEL,Nivel máximo diario,2020-02-15 00:00,cm,413,Preliminar
53119010,BUENAVENTURA IDEAM  - AUT [53119010],NIVEL,Nivel mínimo diario,2020-02-15 00:00,cm,46,Preliminar
53119010,BUENAVENTURA IDEAM  - AUT [53119010],NIVEL,Nivel máximo diario,2020-02-16 00:00,cm,391,Preliminar
53119010,BUENAVENTURA IDEAM  - AUT [53119010],NIVEL,Nivel mínimo diario,2020-02-16 00:00,cm,70,Preliminar
53119010,BUENAVENTURA IDEAM  - AUT [53119010],NIVEL,Nivel máximo diario,2020-02-17 00:00,cm,361,Preliminar
53119010,BUENAVENTURA IDEAM  - AUT [53119010],NIVEL,Nivel mínimo diario,2020-02-17 00:00,cm,94,Preliminar
53119010,BUENAVENTURA IDEAM  - AUT [53119010],NIVEL,Nivel máximo diario,2020-02-18 00:00,cm,354,Preliminar
53119010,BUENAVENTURA IDEAM  - AUT [53119010],NIVEL,Nivel mínimo diario,2020-02-18 00:00,cm,108,Preliminar
53119010,BUENAVENTURA IDEAM  - AUT [53119010],NIVEL,Nivel máximo diario,2020-02-19 00:00,cm,346,Preliminar
53119010,BUENAVENTURA IDEAM  - AUT [53119010],NIVEL,Nivel mínimo diario,2020-02-19 00:00,cm,106,Preliminar
53119010,BUENAVENTURA IDEAM  - AUT [53119010],NIVEL,Nivel máximo diario,2020-02-20 00:00,cm,354,Preliminar
53119010,BUENAVENTURA IDEAM  - AUT [53119010],NIVEL,Nivel mínimo diario,2020-02-20 00:00,cm,93,Preliminar
53119010,BUENAVENTURA IDEAM  - AUT [53119010],NIVEL,Nivel máximo diario,2020-02-21 00:00,cm,371,Preliminar
53119010,BUENAVENTURA IDEAM  - AUT [53119010],NIVEL,Nivel mínimo diario,2020-02-21 00:00,cm,80,Preliminar
53119010,BUENAVENTURA IDEAM  - AUT [53119010],NIVEL,Nivel máximo diario,2020-02-22 00:00,cm,385,Preliminar
53119010,BUENAVENTURA IDEAM  - AUT [53119010],NIVEL,Nivel mínimo diario,2020-02-22 00:00,cm,69,Preliminar
53119010,BUENAVENTURA IDEAM  - AUT [53119010],NIVEL,Nivel máximo diario,2020-02-23 00:00,cm,391,Preliminar
53119010,BUENAVENTURA IDEAM  - AUT [53119010],NIVEL,Nivel mínimo diario,2020-02-23 00:00,cm,49,Preliminar
53119010,BUENAVENTURA IDEAM  - AUT [53119010],NIVEL,Nivel máximo diario,2020-02-24 00:00,cm,399,Preliminar
53119010,BUENAVENTURA IDEAM  - AUT [53119010],NIVEL,Nivel mínimo diario,2020-02-24 00:00,cm,37,Preliminar
53119010,BUENAVENTURA IDEAM  - AUT [53119010],NIVEL,Nivel máximo diario,2020-02-25 00:00,cm,403,Preliminar
53119010,BUENAVENTURA IDEAM  - AUT [53119010],NIVEL,Nivel mínimo diario,2020-02-25 00:00,cm,41,Preliminar
53119010,BUENAVENTURA IDEAM  - AUT [53119010],NIVEL,Nivel máximo diario,2020-02-26 00:00,cm,399,Preliminar
53119010,BUENAVENTURA IDEAM  - AUT [53119010],NIVEL,Nivel mínimo diario,2020-02-26 00:00,cm,42,Preliminar
53119010,BUENAVENTURA IDEAM  - AUT [53119010],NIVEL,Nivel máximo diario,2020-02-27 00:00,cm,396,Preliminar
53119010,BUENAVENTURA IDEAM  - AUT [53119010],NIVEL,Nivel mínimo diario,2020-02-27 00:00,cm,54,Preliminar
53119010,BUENAVENTURA IDEAM  - AUT [53119010],NIVEL,Nivel máximo diario,2020-02-28 00:00,cm,388,Preliminar
53119010,BUENAVENTURA IDEAM  - AUT [53119010],NIVEL,Nivel mínimo diario,2020-02-28 00:00,cm,59,Preliminar
53119010,BUENAVENTURA IDEAM  - AUT [53119010],NIVEL,Nivel máximo diario,2020-02-29 00:00,cm,374,Preliminar
53119010,BUENAVENTURA IDEAM  - AUT [53119010],NIVEL,Nivel mínimo diario,2020-02-29 00:00,cm,72,Preliminar
53119010,BUENAVENTURA IDEAM  - AUT [53119010],NIVEL,Nivel máximo diario,2020-03-01 00:00,cm,353,Preliminar
53119010,BUENAVENTURA IDEAM  - AUT [53119010],NIVEL,Nivel mínimo diario,2020-03-01 00:00,cm,76,Preliminar
53119010,BUENAVENTURA IDEAM  - AUT [53119010],NIVEL,Nivel máximo diario,2020-03-02 00:00,cm,342,Preliminar
53119010,BUENAVENTURA IDEAM  - AUT [53119010],NIVEL,Nivel mínimo diario,2020-03-02 00:00,cm,98,Preliminar
53119010,BUENAVENTURA IDEAM  - AUT [53119010],NIVEL,Nivel máximo diario,2020-03-03 00:00,cm,331,Preliminar
53119010,BUENAVENTURA IDEAM  - AUT [53119010],NIVEL,Nivel mínimo diario,2020-03-03 00:00,cm,107,Preliminar
53119010,BUENAVENTURA IDEAM  - AUT [53119010],NIVEL,Nivel máximo diario,2020-03-04 00:00,cm,315,Preliminar
53119010,BUENAVENTURA IDEAM  - AUT [53119010],NIVEL,Nivel mínimo diario,2020-03-04 00:00,cm,114,Preliminar
53119010,BUENAVENTURA IDEAM  - AUT [53119010],NIVEL,Nivel máximo diario,2020-03-05 00:00,cm,319,Preliminar
53119010,BUENAVENTURA IDEAM  - AUT [53119010],NIVEL,Nivel mínimo diario,2020-03-05 00:00,cm,115,Preliminar
53119010,BUENAVENTURA IDEAM  - AUT [53119010],NIVEL,Nivel máximo diario,2020-03-06 00:00,cm,328,Preliminar
53119010,BUENAVENTURA IDEAM  - AUT [53119010],NIVEL,Nivel mínimo diario,2020-03-06 00:00,cm,102,Preliminar
53119010,BUENAVENTURA IDEAM  - AUT [53119010],NIVEL,Nivel máximo diario,2020-03-07 00:00,cm,361,Preliminar
53119010,BUENAVENTURA IDEAM  - AUT [53119010],NIVEL,Nivel mínimo diario,2020-03-07 00:00,cm,77,Preliminar
53119010,BUENAVENTURA IDEAM  - AUT [53119010],NIVEL,Nivel máximo diario,2020-03-08 00:00,cm,399,Preliminar
53119010,BUENAVENTURA IDEAM  - AUT [53119010],NIVEL,Nivel mínimo diario,2020-03-08 00:00,cm,36,Preliminar
53119010,BUENAVENTURA IDEAM  - AUT [53119010],NIVEL,Nivel máximo diario,2020-03-09 00:00,cm,440,Preliminar
53119010,BUENAVENTURA IDEAM  - AUT [53119010],NIVEL,Nivel mínimo diario,2020-03-09 00:00,cm,12,Preliminar
53119010,BUENAVENTURA IDEAM  - AUT [53119010],NIVEL,Nivel máximo diario,2020-03-10 00:00,cm,469,Preliminar
53119010,BUENAVENTURA IDEAM  - AUT [53119010],NIVEL,Nivel mínimo diario,2020-03-10 00:00,cm,-12,Preliminar
53119010,BUENAVENTURA IDEAM  - AUT [53119010],NIVEL,Nivel máximo diario,2020-03-11 00:00,cm,487,Preliminar
53119010,BUENAVENTURA IDEAM  - AUT [53119010],NIVEL,Nivel mínimo diario,2020-03-11 00:00,cm,-22,Preliminar
53119010,BUENAVENTURA IDEAM  - AUT [53119010],NIVEL,Nivel máximo diario,2020-03-12 00:00,cm,482,Preliminar
53119010,BUENAVENTURA IDEAM  - AUT [53119010],NIVEL,Nivel mínimo diario,2020-03-12 00:00,cm,-23,Preliminar
53119010,BUENAVENTURA IDEAM  - AUT [53119010],NIVEL,Nivel máximo diario,2020-03-13 00:00,cm,460,Preliminar
53119010,BUENAVENTURA IDEAM  - AUT [53119010],NIVEL,Nivel mínimo diario,2020-03-13 00:00,cm,-17,Preliminar
53119010,BUENAVENTURA IDEAM  - AUT [53119010],NIVEL,Nivel máximo diario,2020-03-14 00:00,cm,433,Preliminar
53119010,BUENAVENTURA IDEAM  - AUT [53119010],NIVEL,Nivel mínimo diario,2020-03-14 00:00,cm,-10,Preliminar
53119010,BUENAVENTURA IDEAM  - AUT [53119010],NIVEL,Nivel máximo diario,2020-03-15 00:00,cm,400,Preliminar
53119010,BUENAVENTURA IDEAM  - AUT [53119010],NIVEL,Nivel mínimo diario,2020-03-15 00:00,cm,20,Preliminar
53119010,BUENAVENTURA IDEAM  - AUT [53119010],NIVEL,Nivel máximo diario,2020-03-16 00:00,cm,371,Preliminar
53119010,BUENAVENTURA IDEAM  - AUT [53119010],NIVEL,Nivel mínimo diario,2020-03-16 00:00,cm,54,Preliminar
53119010,BUENAVENTURA IDEAM  - AUT [53119010],NIVEL,Nivel máximo diario,2020-03-17 00:00,cm,337,Preliminar
53119010,BUENAVENTURA IDEAM  - AUT [53119010],NIVEL,Nivel mínimo diario,2020-03-17 00:00,cm,85,Preliminar
53119010,BUENAVENTURA IDEAM  - AUT [53119010],NIVEL,Nivel máximo diario,2020-03-18 00:00,cm,319,Preliminar
53119010,BUENAVENTURA IDEAM  - AUT [53119010],NIVEL,Nivel mínimo diario,2020-03-18 00:00,cm,103,Preliminar
53119010,BUENAVENTURA IDEAM  - AUT [53119010],NIVEL,Nivel máximo diario,2020-03-19 00:00,cm,320,Preliminar
53119010,BUENAVENTURA IDEAM  - AUT [53119010],NIVEL,Nivel mínimo diario,2020-03-19 00:00,cm,113,Preliminar
53119010,BUENAVENTURA IDEAM  - AUT [53119010],NIVEL,Nivel máximo diario,2020-03-20 00:00,cm,334,Preliminar
53119010,BUENAVENTURA IDEAM  - AUT [53119010],NIVEL,Nivel mínimo diario,2020-03-20 00:00,cm,101,Preliminar
53119010,BUENAVENTURA IDEAM  - AUT [53119010],NIVEL,Nivel máximo diario,2020-03-21 00:00,cm,357,Preliminar
53119010,BUENAVENTURA IDEAM  - AUT [53119010],NIVEL,Nivel mínimo diario,2020-03-21 00:00,cm,88,Preliminar
53119010,BUENAVENTURA IDEAM  - AUT [53119010],NIVEL,Nivel máximo diario,2020-03-22 00:00,cm,374,Preliminar
53119010,BUENAVENTURA IDEAM  - AUT [53119010],NIVEL,Nivel mínimo diario,2020-03-22 00:00,cm,67,Preliminar
53119010,BUENAVENTURA IDEAM  - AUT [53119010],NIVEL,Nivel máximo diario,2020-03-23 00:00,cm,386,Preliminar
53119010,BUENAVENTURA IDEAM  - AUT [53119010],NIVEL,Nivel mínimo diario,2020-03-23 00:00,cm,57,Preliminar
53119010,BUENAVENTURA IDEAM  - AUT [53119010],NIVEL,Nivel máximo diario,2020-03-24 00:00,cm,395,Preliminar
53119010,BUENAVENTURA IDEAM  - AUT [53119010],NIVEL,Nivel mínimo diario,2020-03-24 00:00,cm,49,Preliminar
53119010,BUENAVENTURA IDEAM  - AUT [53119010],NIVEL,Nivel máximo diario,2020-03-25 00:00,cm,401,Preliminar
53119010,BUENAVENTURA IDEAM  - AUT [53119010],NIVEL,Nivel mínimo diario,2020-03-25 00:00,cm,48,Preliminar
53119010,BUENAVENTURA IDEAM  - AUT [53119010],NIVEL,Nivel máximo diario,2020-03-26 00:00,cm,404,Preliminar
53119010,BUENAVENTURA IDEAM  - AUT [53119010],NIVEL,Nivel mínimo diario,2020-03-26 00:00,cm,45,Preliminar
53119010,BUENAVENTURA IDEAM  - AUT [53119010],NIVEL,Nivel máximo diario,2020-03-27 00:00,cm,397,Preliminar
53119010,BUENAVENTURA IDEAM  - AUT [53119010],NIVEL,Nivel mínimo diario,2020-03-27 00:00,cm,45,Preliminar
53119010,BUENAVENTURA IDEAM  - AUT [53119010],NIVEL,Nivel máximo diario,2020-03-28 00:00,cm,388,Preliminar
53119010,BUENAVENTURA IDEAM  - AUT [53119010],NIVEL,Nivel mínimo diario,2020-03-28 00:00,cm,46,Preliminar
53119010,BUENAVENTURA IDEAM  - AUT [53119010],NIVEL,Nivel máximo diario,2020-03-29 00:00,cm,374,Preliminar
53119010,BUENAVENTURA IDEAM  - AUT [53119010],NIVEL,Nivel mínimo diario,2020-03-29 00:00,cm,54,Preliminar
53119010,BUENAVENTURA IDEAM  - AUT [53119010],NIVEL,Nivel máximo diario,2020-03-30 00:00,cm,364,Preliminar
53119010,BUENAVENTURA IDEAM  - AUT [53119010],NIVEL,Nivel mínimo diario,2020-03-30 00:00,cm,63,Preliminar
53119010,BUENAVENTURA IDEAM  - AUT [53119010],NIVEL,Nivel máximo diario,2020-03-31 00:00,cm,342,Preliminar
53119010,BUENAVENTURA IDEAM  - AUT [53119010],NIVEL,Nivel mínimo diario,2020-03-31 00:00,cm,81,Preliminar
53119010,BUENAVENTURA IDEAM  - AUT [53119010],NIVEL,Nivel máximo diario,2020-04-01 00:00,cm,326,Preliminar
53119010,BUENAVENTURA IDEAM  - AUT [53119010],NIVEL,Nivel mínimo diario,2020-04-01 00:00,cm,93,Preliminar
53119010,BUENAVENTURA IDEAM  - AUT [53119010],NIVEL,Nivel máximo diario,2020-04-02 00:00,cm,323,Preliminar
53119010,BUENAVENTURA IDEAM  - AUT [53119010],NIVEL,Nivel mínimo diario,2020-04-02 00:00,cm,103,Preliminar
53119010,BUENAVENTURA IDEAM  - AUT [53119010],NIVEL,Nivel máximo diario,2020-04-03 00:00,cm,339,Preliminar
53119010,BUENAVENTURA IDEAM  - AUT [53119010],NIVEL,Nivel mínimo diario,2020-04-03 00:00,cm,112,Preliminar
53119010,BUENAVENTURA IDEAM  - AUT [53119010],NIVEL,Nivel máximo diario,2020-04-04 00:00,cm,352,Preliminar
53119010,BUENAVENTURA IDEAM  - AUT [53119010],NIVEL,Nivel mínimo diario,2020-04-04 00:00,cm,112,Preliminar
53119010,BUENAVENTURA IDEAM  - AUT [53119010],NIVEL,Nivel máximo diario,2020-04-05 00:00,cm,385,Preliminar
53119010,BUENAVENTURA IDEAM  - AUT [53119010],NIVEL,Nivel mínimo diario,2020-04-05 00:00,cm,76,Preliminar
53119010,BUENAVENTURA IDEAM  - AUT [53119010],NIVEL,Nivel máximo diario,2020-04-06 00:00,cm,417,Preliminar
53119010,BUENAVENTURA IDEAM  - AUT [53119010],NIVEL,Nivel mínimo diario,2020-04-06 00:00,cm,37,Preliminar
53119010,BUENAVENTURA IDEAM  - AUT [53119010],NIVEL,Nivel máximo diario,2020-04-07 00:00,cm,455,Preliminar
53119010,BUENAVENTURA IDEAM  - AUT [53119010],NIVEL,Nivel mínimo diario,2020-04-07 00:00,cm,0,Preliminar
53119010,BUENAVENTURA IDEAM  - AUT [53119010],NIVEL,Nivel máximo diario,2020-04-08 00:00,cm,481,Preliminar
53119010,BUENAVENTURA IDEAM  - AUT [53119010],NIVEL,Nivel mínimo diario,2020-04-08 00:00,cm,-12,Preliminar
53119010,BUENAVENTURA IDEAM  - AUT [53119010],NIVEL,Nivel máximo diario,2020-04-09 00:00,cm,484,Preliminar
53119010,BUENAVENTURA IDEAM  - AUT [53119010],NIVEL,Nivel mínimo diario,2020-04-09 00:00,cm,-16,Preliminar
53119010,BUENAVENTURA IDEAM  - AUT [53119010],NIVEL,Nivel máximo diario,2020-04-10 00:00,cm,476,Preliminar
53119010,BUENAVENTURA IDEAM  - AUT [53119010],NIVEL,Nivel mínimo diario,2020-04-10 00:00,cm,-27,Preliminar
53119010,BUENAVENTURA IDEAM  - AUT [53119010],NIVEL,Nivel máximo diario,2020-04-11 00:00,cm,457,Preliminar
53119010,BUENAVENTURA IDEAM  - AUT [53119010],NIVEL,Nivel mínimo diario,2020-04-11 00:00,cm,-27,Preliminar
53119010,BUENAVENTURA IDEAM  - AUT [53119010],NIVEL,Nivel máximo diario,2020-04-12 00:00,cm,422,Preliminar
53119010,BUENAVENTURA IDEAM  - AUT [53119010],NIVEL,Nivel mínimo diario,2020-04-12 00:00,cm,-9,Preliminar
53119010,BUENAVENTURA IDEAM  - AUT [53119010],NIVEL,Nivel máximo diario,2020-04-13 00:00,cm,394,Preliminar
53119010,BUENAVENTURA IDEAM  - AUT [53119010],NIVEL,Nivel mínimo diario,2020-04-13 00:00,cm,26,Preliminar
53119010,BUENAVENTURA IDEAM  - AUT [53119010],NIVEL,Nivel máximo diario,2020-04-14 00:00,cm,371,Preliminar
53119010,BUENAVENTURA IDEAM  - AUT [53119010],NIVEL,Nivel mínimo diario,2020-04-14 00:00,cm,67,Preliminar
53119010,BUENAVENTURA IDEAM  - AUT [53119010],NIVEL,Nivel máximo diario,2020-04-15 00:00,cm,343,Preliminar
53119010,BUENAVENTURA IDEAM  - AUT [53119010],NIVEL,Nivel mínimo diario,2020-04-15 00:00,cm,95,Preliminar
53119010,BUENAVENTURA IDEAM  - AUT [53119010],NIVEL,Nivel máximo diario,2020-04-16 00:00,cm,331,Preliminar
53119010,BUENAVENTURA IDEAM  - AUT [53119010],NIVEL,Nivel mínimo diario,2020-04-16 00:00,cm,115,Preliminar
53119010,BUENAVENTURA IDEAM  - AUT [53119010],NIVEL,Nivel máximo diario,2020-04-17 00:00,cm,329,Preliminar
53119010,BUENAVENTURA IDEAM  - AUT [53119010],NIVEL,Nivel mínimo diario,2020-04-17 00:00,cm,121,Preliminar
53119010,BUENAVENTURA IDEAM  - AUT [53119010],NIVEL,Nivel máximo diario,2020-04-18 00:00,cm,329,Preliminar
53119010,BUENAVENTURA IDEAM  - AUT [53119010],NIVEL,Nivel mínimo diario,2020-04-18 00:00,cm,119,Preliminar
53119010,BUENAVENTURA IDEAM  - AUT [53119010],NIVEL,Nivel máximo diario,2020-04-19 00:00,cm,353,Preliminar
53119010,BUENAVENTURA IDEAM  - AUT [53119010],NIVEL,Nivel mínimo diario,2020-04-19 00:00,cm,99,Preliminar
53119010,BUENAVENTURA IDEAM  - AUT [53119010],NIVEL,Nivel máximo diario,2020-04-20 00:00,cm,369,Preliminar
53119010,BUENAVENTURA IDEAM  - AUT [53119010],NIVEL,Nivel mínimo diario,2020-04-20 00:00,cm,79,Preliminar
53119010,BUENAVENTURA IDEAM  - AUT [53119010],NIVEL,Nivel máximo diario,2020-04-21 00:00,cm,377,Preliminar
53119010,BUENAVENTURA IDEAM  - AUT [53119010],NIVEL,Nivel mínimo diario,2020-04-21 00:00,cm,69,Preliminar
53119010,BUENAVENTURA IDEAM  - AUT [53119010],NIVEL,Nivel máximo diario,2020-04-22 00:00,cm,391,Preliminar
53119010,BUENAVENTURA IDEAM  - AUT [53119010],NIVEL,Nivel mínimo diario,2020-04-22 00:00,cm,49,Preliminar
53119010,BUENAVENTURA IDEAM  - AUT [53119010],NIVEL,Nivel máximo diario,2020-04-23 00:00,cm,398,Preliminar
53119010,BUENAVENTURA IDEAM  - AUT [53119010],NIVEL,Nivel mínimo diario,2020-04-23 00:00,cm,45,Preliminar
53119010,BUENAVENTURA IDEAM  - AUT [53119010],NIVEL,Nivel máximo diario,2020-04-24 00:00,cm,407,Preliminar
53119010,BUENAVENTURA IDEAM  - AUT [53119010],NIVEL,Nivel mínimo diario,2020-04-24 00:00,cm,53,Preliminar
53119010,BUENAVENTURA IDEAM  - AUT [53119010],NIVEL,Nivel máximo diario,2020-04-25 00:00,cm,414,Preliminar
53119010,BUENAVENTURA IDEAM  - AUT [53119010],NIVEL,Nivel mínimo diario,2020-04-25 00:00,cm,59,Preliminar
53119010,BUENAVENTURA IDEAM  - AUT [53119010],NIVEL,Nivel máximo diario,2020-04-26 00:00,cm,401,Preliminar
53119010,BUENAVENTURA IDEAM  - AUT [53119010],NIVEL,Nivel mínimo diario,2020-04-26 00:00,cm,59,Preliminar
53119010,BUENAVENTURA IDEAM  - AUT [53119010],NIVEL,Nivel máximo diario,2020-04-27 00:00,cm,399,Preliminar
53119010,BUENAVENTURA IDEAM  - AUT [53119010],NIVEL,Nivel mínimo diario,2020-04-27 00:00,cm,68,Preliminar
53119010,BUENAVENTURA IDEAM  - AUT [53119010],NIVEL,Nivel máximo diario,2020-04-28 00:00,cm,380,Preliminar
53119010,BUENAVENTURA IDEAM  - AUT [53119010],NIVEL,Nivel mínimo diario,2020-04-28 00:00,cm,71,Preliminar
53119010,BUENAVENTURA IDEAM  - AUT [53119010],NIVEL,Nivel máximo diario,2020-04-29 00:00,cm,371,Preliminar
53119010,BUENAVENTURA IDEAM  - AUT [53119010],NIVEL,Nivel mínimo diario,2020-04-29 00:00,cm,90,Preliminar
53119010,BUENAVENTURA IDEAM  - AUT [53119010],NIVEL,Nivel máximo diario,2020-04-30 00:00,cm,361,Preliminar
53119010,BUENAVENTURA IDEAM  - AUT [53119010],NIVEL,Nivel mínimo diario,2020-04-30 00:00,cm,114,Preliminar
53119010,BUENAVENTURA IDEAM  - AUT [53119010],NIVEL,Nivel máximo diario,2020-05-01 00:00,cm,349,Preliminar
53119010,BUENAVENTURA IDEAM  - AUT [53119010],NIVEL,Nivel mínimo diario,2020-05-01 00:00,cm,114,Preliminar
53119010,BUENAVENTURA IDEAM  - AUT [53119010],NIVEL,Nivel máximo diario,2020-05-02 00:00,cm,355,Preliminar
53119010,BUENAVENTURA IDEAM  - AUT [53119010],NIVEL,Nivel mínimo diario,2020-05-02 00:00,cm,105,Preliminar
53119010,BUENAVENTURA IDEAM  - AUT [53119010],NIVEL,Nivel máximo diario,2020-05-03 00:00,cm,372,Preliminar
53119010,BUENAVENTURA IDEAM  - AUT [53119010],NIVEL,Nivel mínimo diario,2020-05-03 00:00,cm,106,Preliminar
53119010,BUENAVENTURA IDEAM  - AUT [53119010],NIVEL,Nivel máximo diario,2020-05-04 00:00,cm,400,Preliminar
53119010,BUENAVENTURA IDEAM  - AUT [53119010],NIVEL,Nivel mínimo diario,2020-05-04 00:00,cm,83,Preliminar
53119010,BUENAVENTURA IDEAM  - AUT [53119010],NIVEL,Nivel máximo diario,2020-05-05 00:00,cm,430,Preliminar
53119010,BUENAVENTURA IDEAM  - AUT [53119010],NIVEL,Nivel mínimo diario,2020-05-05 00:00,cm,44,Preliminar
53119010,BUENAVENTURA IDEAM  - AUT [53119010],NIVEL,Nivel máximo diario,2020-05-06 00:00,cm,453,Preliminar
53119010,BUENAVENTURA IDEAM  - AUT [53119010],NIVEL,Nivel mínimo diario,2020-05-06 00:00,cm,12,Preliminar
53119010,BUENAVENTURA IDEAM  - AUT [53119010],NIVEL,Nivel máximo diario,2020-05-07 00:00,cm,473,Preliminar
53119010,BUENAVENTURA IDEAM  - AUT [53119010],NIVEL,Nivel mínimo diario,2020-05-07 00:00,cm,-10,Preliminar
53119010,BUENAVENTURA IDEAM  - AUT [53119010],NIVEL,Nivel máximo diario,2020-05-08 00:00,cm,479,Preliminar
53119010,BUENAVENTURA IDEAM  - AUT [53119010],NIVEL,Nivel mínimo diario,2020-05-08 00:00,cm,21,Preliminar
53119010,BUENAVENTURA IDEAM  - AUT [53119010],NIVEL,Nivel máximo diario,2020-05-11 00:00,cm,428,Preliminar
53119010,BUENAVENTURA IDEAM  - AUT [53119010],NIVEL,Nivel mínimo diario,2020-05-11 00:00,cm,36,Preliminar
53119010,BUENAVENTURA IDEAM  - AUT [53119010],NIVEL,Nivel máximo diario,2020-05-12 00:00,cm,411,Preliminar
53119010,BUENAVENTURA IDEAM  - AUT [53119010],NIVEL,Nivel mínimo diario,2020-05-12 00:00,cm,54,Preliminar
53119010,BUENAVENTURA IDEAM  - AUT [53119010],NIVEL,Nivel máximo diario,2020-05-13 00:00,cm,385,Preliminar
53119010,BUENAVENTURA IDEAM  - AUT [53119010],NIVEL,Nivel mínimo diario,2020-05-13 00:00,cm,83,Preliminar
53119010,BUENAVENTURA IDEAM  - AUT [53119010],NIVEL,Nivel máximo diario,2020-05-14 00:00,cm,356,Preliminar
53119010,BUENAVENTURA IDEAM  - AUT [53119010],NIVEL,Nivel mínimo diario,2020-05-14 00:00,cm,100,Preliminar
53119010,BUENAVENTURA IDEAM  - AUT [53119010],NIVEL,Nivel máximo diario,2020-05-15 00:00,cm,341,Preliminar
53119010,BUENAVENTURA IDEAM  - AUT [53119010],NIVEL,Nivel mínimo diario,2020-05-15 00:00,cm,114,Preliminar
53119010,BUENAVENTURA IDEAM  - AUT [53119010],NIVEL,Nivel máximo diario,2020-05-16 00:00,cm,343,Preliminar
53119010,BUENAVENTURA IDEAM  - AUT [53119010],NIVEL,Nivel mínimo diario,2020-05-16 00:00,cm,133,Preliminar
53119010,BUENAVENTURA IDEAM  - AUT [53119010],NIVEL,Nivel máximo diario,2020-05-17 00:00,cm,347,Preliminar
53119010,BUENAVENTURA IDEAM  - AUT [53119010],NIVEL,Nivel mínimo diario,2020-05-17 00:00,cm,127,Preliminar
53119010,BUENAVENTURA IDEAM  - AUT [53119010],NIVEL,Nivel máximo diario,2020-05-18 00:00,cm,360,Preliminar
53119010,BUENAVENTURA IDEAM  - AUT [53119010],NIVEL,Nivel mínimo diario,2020-05-18 00:00,cm,123,Preliminar
53119010,BUENAVENTURA IDEAM  - AUT [53119010],NIVEL,Nivel máximo diario,2020-05-19 00:00,cm,372,Preliminar
53119010,BUENAVENTURA IDEAM  - AUT [53119010],NIVEL,Nivel mínimo diario,2020-05-19 00:00,cm,108,Preliminar
53119010,BUENAVENTURA IDEAM  - AUT [53119010],NIVEL,Nivel máximo diario,2020-05-20 00:00,cm,389,Preliminar
53119010,BUENAVENTURA IDEAM  - AUT [53119010],NIVEL,Nivel mínimo diario,2020-05-20 00:00,cm,81,Preliminar
53119010,BUENAVENTURA IDEAM  - AUT [53119010],NIVEL,Nivel máximo diario,2020-05-21 00:00,cm,400,Preliminar
53119010,BUENAVENTURA IDEAM  - AUT [53119010],NIVEL,Nivel mínimo diario,2020-05-21 00:00,cm,81,Preliminar
53119010,BUENAVENTURA IDEAM  - AUT [53119010],NIVEL,Nivel máximo diario,2020-05-22 00:00,cm,407,Preliminar
53119010,BUENAVENTURA IDEAM  - AUT [53119010],NIVEL,Nivel mínimo diario,2020-05-22 00:00,cm,62,Preliminar
53119010,BUENAVENTURA IDEAM  - AUT [53119010],NIVEL,Nivel máximo diario,2020-05-23 00:00,cm,416,Preliminar
53119010,BUENAVENTURA IDEAM  - AUT [53119010],NIVEL,Nivel mínimo diario,2020-05-23 00:00,cm,64,Preliminar
53119010,BUENAVENTURA IDEAM  - AUT [53119010],NIVEL,Nivel máximo diario,2020-05-24 00:00,cm,416,Preliminar
53119010,BUENAVENTURA IDEAM  - AUT [53119010],NIVEL,Nivel mínimo diario,2020-05-24 00:00,cm,61,Preliminar
53119010,BUENAVENTURA IDEAM  - AUT [53119010],NIVEL,Nivel máximo diario,2020-05-25 00:00,cm,423,Preliminar
53119010,BUENAVENTURA IDEAM  - AUT [53119010],NIVEL,Nivel mínimo diario,2020-05-25 00:00,cm,67,Preliminar
53119010,BUENAVENTURA IDEAM  - AUT [53119010],NIVEL,Nivel máximo diario,2020-05-26 00:00,cm,413,Preliminar
53119010,BUENAVENTURA IDEAM  - AUT [53119010],NIVEL,Nivel mínimo diario,2020-05-26 00:00,cm,67,Preliminar
53119010,BUENAVENTURA IDEAM  - AUT [53119010],NIVEL,Nivel máximo diario,2020-05-27 00:00,cm,401,Preliminar
53119010,BUENAVENTURA IDEAM  - AUT [53119010],NIVEL,Nivel mínimo diario,2020-05-27 00:00,cm,71,Preliminar
53119010,BUENAVENTURA IDEAM  - AUT [53119010],NIVEL,Nivel máximo diario,2020-05-28 00:00,cm,396,Preliminar
53119010,BUENAVENTURA IDEAM  - AUT [53119010],NIVEL,Nivel mínimo diario,2020-05-28 00:00,cm,82,Preliminar
53119010,BUENAVENTURA IDEAM  - AUT [53119010],NIVEL,Nivel máximo diario,2020-05-29 00:00,cm,389,Preliminar
53119010,BUENAVENTURA IDEAM  - AUT [53119010],NIVEL,Nivel mínimo diario,2020-05-29 00:00,cm,102,Preliminar
53119010,BUENAVENTURA IDEAM  - AUT [53119010],NIVEL,Nivel máximo diario,2020-05-30 00:00,cm,378,Preliminar
53119010,BUENAVENTURA IDEAM  - AUT [53119010],NIVEL,Nivel mínimo diario,2020-05-30 00:00,cm,104,Preliminar
53119010,BUENAVENTURA IDEAM  - AUT [53119010],NIVEL,Nivel máximo diario,2020-05-31 00:00,cm,379,Preliminar
53119010,BUENAVENTURA IDEAM  - AUT [53119010],NIVEL,Nivel mínimo diario,2020-05-31 00:00,cm,106,Preliminar
53119010,BUENAVENTURA IDEAM  - AUT [53119010],NIVEL,Nivel máximo diario,2020-06-01 00:00,cm,397,Preliminar
53119010,BUENAVENTURA IDEAM  - AUT [53119010],NIVEL,Nivel mínimo diario,2020-06-01 00:00,cm,102,Preliminar
53119010,BUENAVENTURA IDEAM  - AUT [53119010],NIVEL,Nivel máximo diario,2020-06-02 00:00,cm,415,Preliminar
53119010,BUENAVENTURA IDEAM  - AUT [53119010],NIVEL,Nivel mínimo diario,2020-06-02 00:00,cm,72,Preliminar
53119010,BUENAVENTURA IDEAM  - AUT [53119010],NIVEL,Nivel máximo diario,2020-06-03 00:00,cm,430,Preliminar
53119010,BUENAVENTURA IDEAM  - AUT [53119010],NIVEL,Nivel mínimo diario,2020-06-03 00:00,cm,50,Preliminar
53119010,BUENAVENTURA IDEAM  - AUT [53119010],NIVEL,Nivel máximo diario,2020-06-04 00:00,cm,446,Preliminar
53119010,BUENAVENTURA IDEAM  - AUT [53119010],NIVEL,Nivel mínimo diario,2020-06-04 00:00,cm,28,Preliminar
53119010,BUENAVENTURA IDEAM  - AUT [53119010],NIVEL,Nivel máximo diario,2020-06-05 00:00,cm,451,Preliminar
53119010,BUENAVENTURA IDEAM  - AUT [53119010],NIVEL,Nivel mínimo diario,2020-06-05 00:00,cm,17,Preliminar
53119010,BUENAVENTURA IDEAM  - AUT [53119010],NIVEL,Nivel máximo diario,2020-06-06 00:00,cm,452,Preliminar
53119010,BUENAVENTURA IDEAM  - AUT [53119010],NIVEL,Nivel mínimo diario,2020-06-06 00:00,cm,19,Preliminar
53119010,BUENAVENTURA IDEAM  - AUT [53119010],NIVEL,Nivel máximo diario,2020-06-07 00:00,cm,444,Preliminar
53119010,BUENAVENTURA IDEAM  - AUT [53119010],NIVEL,Nivel mínimo diario,2020-06-07 00:00,cm,37,Preliminar
53119010,BUENAVENTURA IDEAM  - AUT [53119010],NIVEL,Nivel máximo diario,2020-06-08 00:00,cm,436,Preliminar
53119010,BUENAVENTURA IDEAM  - AUT [53119010],NIVEL,Nivel mínimo diario,2020-06-08 00:00,cm,37,Preliminar
53119010,BUENAVENTURA IDEAM  - AUT [53119010],NIVEL,Nivel máximo diario,2020-06-09 00:00,cm,425,Preliminar
53119010,BUENAVENTURA IDEAM  - AUT [53119010],NIVEL,Nivel mínimo diario,2020-06-09 00:00,cm,37,Preliminar
53119010,BUENAVENTURA IDEAM  - AUT [53119010],NIVEL,Nivel máximo diario,2020-06-10 00:00,cm,400,Preliminar
53119010,BUENAVENTURA IDEAM  - AUT [53119010],NIVEL,Nivel mínimo diario,2020-06-10 00:00,cm,56,Preliminar
53119010,BUENAVENTURA IDEAM  - AUT [53119010],NIVEL,Nivel máximo diario,2020-06-11 00:00,cm,392,Preliminar
53119010,BUENAVENTURA IDEAM  - AUT [53119010],NIVEL,Nivel mínimo diario,2020-06-11 00:00,cm,86,Preliminar
53119010,BUENAVENTURA IDEAM  - AUT [53119010],NIVEL,Nivel máximo diario,2020-06-12 00:00,cm,371,Preliminar
53119010,BUENAVENTURA IDEAM  - AUT [53119010],NIVEL,Nivel mínimo diario,2020-06-12 00:00,cm,104,Preliminar
53119010,BUENAVENTURA IDEAM  - AUT [53119010],NIVEL,Nivel máximo diario,2020-06-13 00:00,cm,360,Preliminar
53119010,BUENAVENTURA IDEAM  - AUT [53119010],NIVEL,Nivel mínimo diario,2020-06-13 00:00,cm,122,Preliminar
53119010,BUENAVENTURA IDEAM  - AUT [53119010],NIVEL,Nivel máximo diario,2020-06-14 00:00,cm,352,Preliminar
53119010,BUENAVENTURA IDEAM  - AUT [53119010],NIVEL,Nivel mínimo diario,2020-06-14 00:00,cm,131,Preliminar
53119010,BUENAVENTURA IDEAM  - AUT [53119010],NIVEL,Nivel máximo diario,2020-06-15 00:00,cm,356,Preliminar
53119010,BUENAVENTURA IDEAM  - AUT [53119010],NIVEL,Nivel mínimo diario,2020-06-15 00:00,cm,143,Preliminar
53119010,BUENAVENTURA IDEAM  - AUT [53119010],NIVEL,Nivel máximo diario,2020-06-16 00:00,cm,356,Preliminar
53119010,BUENAVENTURA IDEAM  - AUT [53119010],NIVEL,Nivel mínimo diario,2020-06-16 00:00,cm,132,Preliminar
53119010,BUENAVENTURA IDEAM  - AUT [53119010],NIVEL,Nivel máximo diario,2020-06-17 00:00,cm,359,Preliminar
53119010,BUENAVENTURA IDEAM  - AUT [53119010],NIVEL,Nivel mínimo diario,2020-06-17 00:00,cm,117,Preliminar
53119010,BUENAVENTURA IDEAM  - AUT [53119010],NIVEL,Nivel máximo diario,2020-06-18 00:00,cm,373,Preliminar
53119010,BUENAVENTURA IDEAM  - AUT [53119010],NIVEL,Nivel mínimo diario,2020-06-18 00:00,cm,100,Preliminar
53119010,BUENAVENTURA IDEAM  - AUT [53119010],NIVEL,Nivel máximo diario,2020-06-19 00:00,cm,387,Preliminar
53119010,BUENAVENTURA IDEAM  - AUT [53119010],NIVEL,Nivel mínimo diario,2020-06-19 00:00,cm,78,Preliminar
53119010,BUENAVENTURA IDEAM  - AUT [53119010],NIVEL,Nivel máximo diario,2020-06-20 00:00,cm,398,Preliminar
53119010,BUENAVENTURA IDEAM  - AUT [53119010],NIVEL,Nivel mínimo diario,2020-06-20 00:00,cm,65,Preliminar
53119010,BUENAVENTURA IDEAM  - AUT [53119010],NIVEL,Nivel máximo diario,2020-06-21 00:00,cm,406,Preliminar
53119010,BUENAVENTURA IDEAM  - AUT [53119010],NIVEL,Nivel mínimo diario,2020-06-21 00:00,cm,60,Preliminar
53119010,BUENAVENTURA IDEAM  - AUT [53119010],NIVEL,Nivel máximo diario,2020-06-22 00:00,cm,423,Preliminar
53119010,BUENAVENTURA IDEAM  - AUT [53119010],NIVEL,Nivel mínimo diario,2020-06-22 00:00,cm,53,Preliminar
53119010,BUENAVENTURA IDEAM  - AUT [53119010],NIVEL,Nivel máximo diario,2020-06-23 00:00,cm,422,Preliminar
53119010,BUENAVENTURA IDEAM  - AUT [53119010],NIVEL,Nivel mínimo diario,2020-06-23 00:00,cm,56,Preliminar
53119010,BUENAVENTURA IDEAM  - AUT [53119010],NIVEL,Nivel máximo diario,2020-06-24 00:00,cm,423,Preliminar
53119010,BUENAVENTURA IDEAM  - AUT [53119010],NIVEL,Nivel mínimo diario,2020-06-24 00:00,cm,52,Preliminar
53119010,BUENAVENTURA IDEAM  - AUT [53119010],NIVEL,Nivel máximo diario,2020-06-25 00:00,cm,419,Preliminar
53119010,BUENAVENTURA IDEAM  - AUT [53119010],NIVEL,Nivel mínimo diario,2020-06-25 00:00,cm,52,Preliminar
53119010,BUENAVENTURA IDEAM  - AUT [53119010],NIVEL,Nivel máximo diario,2020-06-26 00:00,cm,415,Preliminar
53119010,BUENAVENTURA IDEAM  - AUT [53119010],NIVEL,Nivel mínimo diario,2020-06-26 00:00,cm,68,Preliminar
53119010,BUENAVENTURA IDEAM  - AUT [53119010],NIVEL,Nivel máximo diario,2020-06-27 00:00,cm,416,Preliminar
53119010,BUENAVENTURA IDEAM  - AUT [53119010],NIVEL,Nivel mínimo diario,2020-06-27 00:00,cm,78,Preliminar
53119010,BUENAVENTURA IDEAM  - AUT [53119010],NIVEL,Nivel máximo diario,2020-06-28 00:00,cm,407,Preliminar
53119010,BUENAVENTURA IDEAM  - AUT [53119010],NIVEL,Nivel mínimo diario,2020-06-28 00:00,cm,89,Preliminar
53119010,BUENAVENTURA IDEAM  - AUT [53119010],NIVEL,Nivel máximo diario,2020-06-29 00:00,cm,401,Preliminar
53119010,BUENAVENTURA IDEAM  - AUT [53119010],NIVEL,Nivel mínimo diario,2020-06-29 00:00,cm,97,Preliminar
53119010,BUENAVENTURA IDEAM  - AUT [53119010],NIVEL,Nivel máximo diario,2020-06-30 00:00,cm,400,Preliminar
53119010,BUENAVENTURA IDEAM  - AUT [53119010],NIVEL,Nivel mínimo diario,2020-06-30 00:00,cm,89,Preliminar
53119010,BUENAVENTURA IDEAM  - AUT [53119010],NIVEL,Nivel máximo diario,2020-07-01 00:00,cm,407,Preliminar
53119010,BUENAVENTURA IDEAM  - AUT [53119010],NIVEL,Nivel mínimo diario,2020-07-01 00:00,cm,83,Preliminar
53119010,BUENAVENTURA IDEAM  - AUT [53119010],NIVEL,Nivel máximo diario,2020-07-02 00:00,cm,417,Preliminar
53119010,BUENAVENTURA IDEAM  - AUT [53119010],NIVEL,Nivel mínimo diario,2020-07-02 00:00,cm,71,Preliminar
53119010,BUENAVENTURA IDEAM  - AUT [53119010],NIVEL,Nivel máximo diario,2020-07-03 00:00,cm,424,Preliminar
53119010,BUENAVENTURA IDEAM  - AUT [53119010],NIVEL,Nivel mínimo diario,2020-07-03 00:00,cm,58,Preliminar
53119010,BUENAVENTURA IDEAM  - AUT [53119010],NIVEL,Nivel máximo diario,2020-07-04 00:00,cm,425,Preliminar
53119010,BUENAVENTURA IDEAM  - AUT [53119010],NIVEL,Nivel mínimo diario,2020-07-04 00:00,cm,46,Preliminar
53119010,BUENAVENTURA IDEAM  - AUT [53119010],NIVEL,Nivel máximo diario,2020-07-05 00:00,cm,427,Preliminar
53119010,BUENAVENTURA IDEAM  - AUT [53119010],NIVEL,Nivel mínimo diario,2020-07-05 00:00,cm,41,Preliminar
53119010,BUENAVENTURA IDEAM  - AUT [53119010],NIVEL,Nivel máximo diario,2020-07-06 00:00,cm,433,Preliminar
53119010,BUENAVENTURA IDEAM  - AUT [53119010],NIVEL,Nivel mínimo diario,2020-07-06 00:00,cm,36,Preliminar
53119010,BUENAVENTURA IDEAM  - AUT [53119010],NIVEL,Nivel máximo diario,2020-07-07 00:00,cm,428,Preliminar
53119010,BUENAVENTURA IDEAM  - AUT [53119010],NIVEL,Nivel mínimo diario,2020-07-07 00:00,cm,43,Preliminar
53119010,BUENAVENTURA IDEAM  - AUT [53119010],NIVEL,Nivel máximo diario,2020-07-08 00:00,cm,414,Preliminar
53119010,BUENAVENTURA IDEAM  - AUT [53119010],NIVEL,Nivel mínimo diario,2020-07-08 00:00,cm,43,Preliminar
53119010,BUENAVENTURA IDEAM  - AUT [53119010],NIVEL,Nivel máximo diario,2020-07-09 00:00,cm,409,Preliminar
53119010,BUENAVENTURA IDEAM  - AUT [53119010],NIVEL,Nivel mínimo diario,2020-07-09 00:00,cm,60,Preliminar
53119010,BUENAVENTURA IDEAM  - AUT [53119010],NIVEL,Nivel máximo diario,2020-07-10 00:00,cm,410,Preliminar
53119010,BUENAVENTURA IDEAM  - AUT [53119010],NIVEL,Nivel mínimo diario,2020-07-10 00:00,cm,81,Preliminar
53119010,BUENAVENTURA IDEAM  - AUT [53119010],NIVEL,Nivel máximo diario,2020-07-11 00:00,cm,384,Preliminar
53119010,BUENAVENTURA IDEAM  - AUT [53119010],NIVEL,Nivel mínimo diario,2020-07-11 00:00,cm,101,Preliminar
53119010,BUENAVENTURA IDEAM  - AUT [53119010],NIVEL,Nivel máximo diario,2020-07-12 00:00,cm,373,Preliminar
53119010,BUENAVENTURA IDEAM  - AUT [53119010],NIVEL,Nivel mínimo diario,2020-07-12 00:00,cm,121,Preliminar
53119010,BUENAVENTURA IDEAM  - AUT [53119010],NIVEL,Nivel máximo diario,2020-07-13 00:00,cm,363,Preliminar
53119010,BUENAVENTURA IDEAM  - AUT [53119010],NIVEL,Nivel mínimo diario,2020-07-13 00:00,cm,128,Preliminar
53119010,BUENAVENTURA IDEAM  - AUT [53119010],NIVEL,Nivel máximo diario,2020-07-14 00:00,cm,353,Preliminar
53119010,BUENAVENTURA IDEAM  - AUT [53119010],NIVEL,Nivel mínimo diario,2020-07-14 00:00,cm,138,Preliminar
53119010,BUENAVENTURA IDEAM  - AUT [53119010],NIVEL,Nivel máximo diario,2020-07-15 00:00,cm,344,Preliminar
53119010,BUENAVENTURA IDEAM  - AUT [53119010],NIVEL,Nivel mínimo diario,2020-07-15 00:00,cm,138,Preliminar
53119010,BUENAVENTURA IDEAM  - AUT [53119010],NIVEL,Nivel máximo diario,2020-07-16 00:00,cm,352,Preliminar
53119010,BUENAVENTURA IDEAM  - AUT [53119010],NIVEL,Nivel mínimo diario,2020-07-16 00:00,cm,127,Preliminar
53119010,BUENAVENTURA IDEAM  - AUT [53119010],NIVEL,Nivel máximo diario,2020-07-17 00:00,cm,359,Preliminar
53119010,BUENAVENTURA IDEAM  - AUT [53119010],NIVEL,Nivel mínimo diario,2020-07-17 00:00,cm,109,Preliminar
53119010,BUENAVENTURA IDEAM  - AUT [53119010],NIVEL,Nivel máximo diario,2020-07-18 00:00,cm,373,Preliminar
53119010,BUENAVENTURA IDEAM  - AUT [53119010],NIVEL,Nivel mínimo diario,2020-07-18 00:00,cm,99,Preliminar
53119010,BUENAVENTURA IDEAM  - AUT [53119010],NIVEL,Nivel máximo diario,2020-07-19 00:00,cm,393,Preliminar
53119010,BUENAVENTURA IDEAM  - AUT [53119010],NIVEL,Nivel mínimo diario,2020-07-19 00:00,cm,80,Preliminar
53119010,BUENAVENTURA IDEAM  - AUT [53119010],NIVEL,Nivel máximo diario,2020-07-20 00:00,cm,414,Preliminar
53119010,BUENAVENTURA IDEAM  - AUT [53119010],NIVEL,Nivel mínimo diario,2020-07-20 00:00,cm,57,Preliminar
53119010,BUENAVENTURA IDEAM  - AUT [53119010],NIVEL,Nivel máximo diario,2020-07-21 00:00,cm,439,Preliminar
53119010,BUENAVENTURA IDEAM  - AUT [53119010],NIVEL,Nivel mínimo diario,2020-07-21 00:00,cm,53,Preliminar
53119010,BUENAVENTURA IDEAM  - AUT [53119010],NIVEL,Nivel máximo diario,2020-07-22 00:00,cm,444,Preliminar
53119010,BUENAVENTURA IDEAM  - AUT [53119010],NIVEL,Nivel mínimo diario,2020-07-22 00:00,cm,41,Preliminar
53119010,BUENAVENTURA IDEAM  - AUT [53119010],NIVEL,Nivel máximo diario,2020-07-23 00:00,cm,446,Preliminar
53119010,BUENAVENTURA IDEAM  - AUT [53119010],NIVEL,Nivel mínimo diario,2020-07-23 00:00,cm,43,Preliminar
53119010,BUENAVENTURA IDEAM  - AUT [53119010],NIVEL,Nivel máximo diario,2021-01-01 00:00,cm,416,Preliminar
53119010,BUENAVENTURA IDEAM  - AUT [53119010],NIVEL,Nivel mínimo diario,2021-01-01 00:00,cm,56,Preliminar
53119010,BUENAVENTURA IDEAM  - AUT [53119010],NIVEL,Nivel máximo diario,2021-01-02 00:00,cm,414,Preliminar
53119010,BUENAVENTURA IDEAM  - AUT [53119010],NIVEL,Nivel mínimo diario,2021-01-02 00:00,cm,52,Preliminar
53119010,BUENAVENTURA IDEAM  - AUT [53119010],NIVEL,Nivel máximo diario,2021-01-03 00:00,cm,418,Preliminar
53119010,BUENAVENTURA IDEAM  - AUT [53119010],NIVEL,Nivel mínimo diario,2021-01-03 00:00,cm,56,Preliminar
53119010,BUENAVENTURA IDEAM  - AUT [53119010],NIVEL,Nivel máximo diario,2021-01-04 00:00,cm,411,Preliminar
53119010,BUENAVENTURA IDEAM  - AUT [53119010],NIVEL,Nivel mínimo diario,2021-01-04 00:00,cm,69,Preliminar
53119010,BUENAVENTURA IDEAM  - AUT [53119010],NIVEL,Nivel máximo diario,2021-01-05 00:00,cm,412,Preliminar
53119010,BUENAVENTURA IDEAM  - AUT [53119010],NIVEL,Nivel mínimo diario,2021-01-05 00:00,cm,85,Preliminar
53119010,BUENAVENTURA IDEAM  - AUT [53119010],NIVEL,Nivel máximo diario,2021-01-06 00:00,cm,398,Preliminar
53119010,BUENAVENTURA IDEAM  - AUT [53119010],NIVEL,Nivel mínimo diario,2021-01-06 00:00,cm,95,Preliminar
53119010,BUENAVENTURA IDEAM  - AUT [53119010],NIVEL,Nivel máximo diario,2021-01-07 00:00,cm,389,Preliminar
53119010,BUENAVENTURA IDEAM  - AUT [53119010],NIVEL,Nivel mínimo diario,2021-01-07 00:00,cm,105,Preliminar
53119010,BUENAVENTURA IDEAM  - AUT [53119010],NIVEL,Nivel máximo diario,2021-01-08 00:00,cm,384,Preliminar
53119010,BUENAVENTURA IDEAM  - AUT [53119010],NIVEL,Nivel mínimo diario,2021-01-08 00:00,cm,106,Preliminar
53119010,BUENAVENTURA IDEAM  - AUT [53119010],NIVEL,Nivel máximo diario,2021-01-09 00:00,cm,384,Preliminar
53119010,BUENAVENTURA IDEAM  - AUT [53119010],NIVEL,Nivel mínimo diario,2021-01-09 00:00,cm,92,Preliminar
53119010,BUENAVENTURA IDEAM  - AUT [53119010],NIVEL,Nivel máximo diario,2021-01-10 00:00,cm,396,Preliminar
53119010,BUENAVENTURA IDEAM  - AUT [53119010],NIVEL,Nivel mínimo diario,2021-01-10 00:00,cm,81,Preliminar
53119010,BUENAVENTURA IDEAM  - AUT [53119010],NIVEL,Nivel máximo diario,2021-01-11 00:00,cm,399,Preliminar
53119010,BUENAVENTURA IDEAM  - AUT [53119010],NIVEL,Nivel mínimo diario,2021-01-11 00:00,cm,55,Preliminar
53119010,BUENAVENTURA IDEAM  - AUT [53119010],NIVEL,Nivel máximo diario,2021-01-12 00:00,cm,414,Preliminar
53119010,BUENAVENTURA IDEAM  - AUT [53119010],NIVEL,Nivel mínimo diario,2021-01-12 00:00,cm,32,Preliminar
53119010,BUENAVENTURA IDEAM  - AUT [53119010],NIVEL,Nivel máximo diario,2021-01-13 00:00,cm,425,Preliminar
53119010,BUENAVENTURA IDEAM  - AUT [53119010],NIVEL,Nivel mínimo diario,2021-01-13 00:00,cm,20,Preliminar
53119010,BUENAVENTURA IDEAM  - AUT [53119010],NIVEL,Nivel máximo diario,2021-01-14 00:00,cm,435,Preliminar
53119010,BUENAVENTURA IDEAM  - AUT [53119010],NIVEL,Nivel mínimo diario,2021-01-14 00:00,cm,22,Preliminar
53119010,BUENAVENTURA IDEAM  - AUT [53119010],NIVEL,Nivel máximo diario,2021-01-15 00:00,cm,446,Preliminar
53119010,BUENAVENTURA IDEAM  - AUT [53119010],NIVEL,Nivel mínimo diario,2021-01-15 00:00,cm,43,Preliminar
53119010,BUENAVENTURA IDEAM  - AUT [53119010],NIVEL,Nivel máximo diario,2021-01-16 00:00,cm,436,Preliminar
53119010,BUENAVENTURA IDEAM  - AUT [53119010],NIVEL,Nivel mínimo diario,2021-01-16 00:00,cm,40,Preliminar
53119010,BUENAVENTURA IDEAM  - AUT [53119010],NIVEL,Nivel máximo diario,2021-01-17 00:00,cm,423,Preliminar
53119010,BUENAVENTURA IDEAM  - AUT [53119010],NIVEL,Nivel mínimo diario,2021-01-17 00:00,cm,65,Preliminar
53119010,BUENAVENTURA IDEAM  - AUT [53119010],NIVEL,Nivel máximo diario,2021-01-18 00:00,cm,402,Preliminar
53119010,BUENAVENTURA IDEAM  - AUT [53119010],NIVEL,Nivel mínimo diario,2021-01-18 00:00,cm,79,Preliminar
53119010,BUENAVENTURA IDEAM  - AUT [53119010],NIVEL,Nivel máximo diario,2021-01-19 00:00,cm,385,Preliminar
53119010,BUENAVENTURA IDEAM  - AUT [53119010],NIVEL,Nivel mínimo diario,2021-01-19 00:00,cm,97,Preliminar
53119010,BUENAVENTURA IDEAM  - AUT [53119010],NIVEL,Nivel máximo diario,2021-01-20 00:00,cm,368,Preliminar
53119010,BUENAVENTURA IDEAM  - AUT [53119010],NIVEL,Nivel mínimo diario,2021-01-20 00:00,cm,120,Preliminar
53119010,BUENAVENTURA IDEAM  - AUT [53119010],NIVEL,Nivel máximo diario,2021-01-21 00:00,cm,345,Preliminar
53119010,BUENAVENTURA IDEAM  - AUT [53119010],NIVEL,Nivel mínimo diario,2021-01-21 00:00,cm,127,Preliminar
53119010,BUENAVENTURA IDEAM  - AUT [53119010],NIVEL,Nivel máximo diario,2021-01-22 00:00,cm,337,Preliminar
53119010,BUENAVENTURA IDEAM  - AUT [53119010],NIVEL,Nivel mínimo diario,2021-01-22 00:00,cm,156,Preliminar
53119010,BUENAVENTURA IDEAM  - AUT [53119010],NIVEL,Nivel máximo diario,2021-01-23 00:00,cm,335,Preliminar
53119010,BUENAVENTURA IDEAM  - AUT [53119010],NIVEL,Nivel mínimo diario,2021-01-23 00:00,cm,142,Preliminar
53119010,BUENAVENTURA IDEAM  - AUT [53119010],NIVEL,Nivel máximo diario,2021-01-24 00:00,cm,335,Preliminar
53119010,BUENAVENTURA IDEAM  - AUT [53119010],NIVEL,Nivel mínimo diario,2021-01-24 00:00,cm,143,Preliminar
53119010,BUENAVENTURA IDEAM  - AUT [53119010],NIVEL,Nivel máximo diario,2021-01-25 00:00,cm,332,Preliminar
53119010,BUENAVENTURA IDEAM  - AUT [53119010],NIVEL,Nivel mínimo diario,2021-01-25 00:00,cm,120,Preliminar
53119010,BUENAVENTURA IDEAM  - AUT [53119010],NIVEL,Nivel máximo diario,2021-01-26 00:00,cm,354,Preliminar
53119010,BUENAVENTURA IDEAM  - AUT [53119010],NIVEL,Nivel mínimo diario,2021-01-26 00:00,cm,101,Preliminar
53119010,BUENAVENTURA IDEAM  - AUT [53119010],NIVEL,Nivel máximo diario,2021-01-27 00:00,cm,369,Preliminar
53119010,BUENAVENTURA IDEAM  - AUT [53119010],NIVEL,Nivel mínimo diario,2021-01-27 00:00,cm,77,Preliminar
53119010,BUENAVENTURA IDEAM  - AUT [53119010],NIVEL,Nivel máximo diario,2021-01-28 00:00,cm,396,Preliminar
53119010,BUENAVENTURA IDEAM  - AUT [53119010],NIVEL,Nivel mínimo diario,2021-01-28 00:00,cm,58,Preliminar
53119010,BUENAVENTURA IDEAM  - AUT [53119010],NIVEL,Nivel máximo diario,2021-01-29 00:00,cm,416,Preliminar
53119010,BUENAVENTURA IDEAM  - AUT [53119010],NIVEL,Nivel mínimo diario,2021-01-29 00:00,cm,51,Preliminar
53119010,BUENAVENTURA IDEAM  - AUT [53119010],NIVEL,Nivel máximo diario,2021-01-30 00:00,cm,431,Preliminar
53119010,BUENAVENTURA IDEAM  - AUT [53119010],NIVEL,Nivel mínimo diario,2021-01-30 00:00,cm,32,Preliminar
53119010,BUENAVENTURA IDEAM  - AUT [53119010],NIVEL,Nivel máximo diario,2021-01-31 00:00,cm,433,Preliminar
53119010,BUENAVENTURA IDEAM  - AUT [53119010],NIVEL,Nivel mínimo diario,2021-01-31 00:00,cm,21,Preliminar
53119010,BUENAVENTURA IDEAM  - AUT [53119010],NIVEL,Nivel máximo diario,2021-02-01 00:00,cm,438,Preliminar
53119010,BUENAVENTURA IDEAM  - AUT [53119010],NIVEL,Nivel mínimo diario,2021-02-01 00:00,cm,28,Preliminar
53119010,BUENAVENTURA IDEAM  - AUT [53119010],NIVEL,Nivel máximo diario,2021-02-02 00:00,cm,439,Preliminar
53119010,BUENAVENTURA IDEAM  - AUT [53119010],NIVEL,Nivel mínimo diario,2021-02-02 00:00,cm,34,Preliminar
53119010,BUENAVENTURA IDEAM  - AUT [53119010],NIVEL,Nivel máximo diario,2021-02-03 00:00,cm,423,Preliminar
53119010,BUENAVENTURA IDEAM  - AUT [53119010],NIVEL,Nivel mínimo diario,2021-02-03 00:00,cm,41,Preliminar
53119010,BUENAVENTURA IDEAM  - AUT [53119010],NIVEL,Nivel máximo diario,2021-02-04 00:00,cm,405,Preliminar
53119010,BUENAVENTURA IDEAM  - AUT [53119010],NIVEL,Nivel mínimo diario,2021-02-04 00:00,cm,57,Preliminar
53119010,BUENAVENTURA IDEAM  - AUT [53119010],NIVEL,Nivel máximo diario,2021-02-05 00:00,cm,385,Preliminar
53119010,BUENAVENTURA IDEAM  - AUT [53119010],NIVEL,Nivel mínimo diario,2021-02-05 00:00,cm,78,Preliminar
53119010,BUENAVENTURA IDEAM  - AUT [53119010],NIVEL,Nivel máximo diario,2021-02-06 00:00,cm,368,Preliminar
53119010,BUENAVENTURA IDEAM  - AUT [53119010],NIVEL,Nivel mínimo diario,2021-02-06 00:00,cm,90,Preliminar
53119010,BUENAVENTURA IDEAM  - AUT [53119010],NIVEL,Nivel máximo diario,2021-02-07 00:00,cm,368,Preliminar
53119010,BUENAVENTURA IDEAM  - AUT [53119010],NIVEL,Nivel mínimo diario,2021-02-07 00:00,cm,115,Preliminar
53119010,BUENAVENTURA IDEAM  - AUT [53119010],NIVEL,Nivel máximo diario,2021-02-08 00:00,cm,359,Preliminar
53119010,BUENAVENTURA IDEAM  - AUT [53119010],NIVEL,Nivel mínimo diario,2021-02-08 00:00,cm,86,Preliminar
53119010,BUENAVENTURA IDEAM  - AUT [53119010],NIVEL,Nivel máximo diario,2021-02-09 00:00,cm,373,Preliminar
53119010,BUENAVENTURA IDEAM  - AUT [53119010],NIVEL,Nivel mínimo diario,2021-02-09 00:00,cm,73,Preliminar
53119010,BUENAVENTURA IDEAM  - AUT [53119010],NIVEL,Nivel máximo diario,2021-02-10 00:00,cm,397,Preliminar
53119010,BUENAVENTURA IDEAM  - AUT [53119010],NIVEL,Nivel mínimo diario,2021-02-10 00:00,cm,52,Preliminar
53119010,BUENAVENTURA IDEAM  - AUT [53119010],NIVEL,Nivel máximo diario,2021-02-11 00:00,cm,414,Preliminar
53119010,BUENAVENTURA IDEAM  - AUT [53119010],NIVEL,Nivel mínimo diario,2021-02-11 00:00,cm,38,Preliminar
53119010,BUENAVENTURA IDEAM  - AUT [53119010],NIVEL,Nivel máximo diario,2021-02-12 00:00,cm,422,Preliminar
53119010,BUENAVENTURA IDEAM  - AUT [53119010],NIVEL,Nivel mínimo diario,2021-02-12 00:00,cm,34,Preliminar
53119010,BUENAVENTURA IDEAM  - AUT [53119010],NIVEL,Nivel máximo diario,2021-02-13 00:00,cm,433,Preliminar
53119010,BUENAVENTURA IDEAM  - AUT [53119010],NIVEL,Nivel mínimo diario,2021-02-13 00:00,cm,23,Preliminar
53119010,BUENAVENTURA IDEAM  - AUT [53119010],NIVEL,Nivel máximo diario,2021-02-14 00:00,cm,423,Preliminar
53119010,BUENAVENTURA IDEAM  - AUT [53119010],NIVEL,Nivel mínimo diario,2021-02-14 00:00,cm,28,Preliminar
53119010,BUENAVENTURA IDEAM  - AUT [53119010],NIVEL,Nivel máximo diario,2021-02-15 00:00,cm,420,Preliminar
53119010,BUENAVENTURA IDEAM  - AUT [53119010],NIVEL,Nivel mínimo diario,2021-02-15 00:00,cm,45,Preliminar
53119010,BUENAVENTURA IDEAM  - AUT [53119010],NIVEL,Nivel máximo diario,2021-02-16 00:00,cm,400,Preliminar
53119010,BUENAVENTURA IDEAM  - AUT [53119010],NIVEL,Nivel mínimo diario,2021-02-16 00:00,cm,62,Preliminar
53119010,BUENAVENTURA IDEAM  - AUT [53119010],NIVEL,Nivel máximo diario,2021-02-17 00:00,cm,381,Preliminar
53119010,BUENAVENTURA IDEAM  - AUT [53119010],NIVEL,Nivel mínimo diario,2021-02-17 00:00,cm,77,Preliminar
53119010,BUENAVENTURA IDEAM  - AUT [53119010],NIVEL,Nivel máximo diario,2021-02-18 00:00,cm,365,Preliminar
53119010,BUENAVENTURA IDEAM  - AUT [53119010],NIVEL,Nivel mínimo diario,2021-02-18 00:00,cm,106,Preliminar
53119010,BUENAVENTURA IDEAM  - AUT [53119010],NIVEL,Nivel máximo diario,2021-02-19 00:00,cm,345,Preliminar
53119010,BUENAVENTURA IDEAM  - AUT [53119010],NIVEL,Nivel mínimo diario,2021-02-19 00:00,cm,105,Preliminar
53119010,BUENAVENTURA IDEAM  - AUT [53119010],NIVEL,Nivel máximo diario,2021-02-20 00:00,cm,331,Preliminar
53119010,BUENAVENTURA IDEAM  - AUT [53119010],NIVEL,Nivel mínimo diario,2021-02-20 00:00,cm,121,Preliminar
53119010,BUENAVENTURA IDEAM  - AUT [53119010],NIVEL,Nivel máximo diario,2021-02-21 00:00,cm,314,Preliminar
53119010,BUENAVENTURA IDEAM  - AUT [53119010],NIVEL,Nivel mínimo diario,2021-02-21 00:00,cm,134,Preliminar
53119010,BUENAVENTURA IDEAM  - AUT [53119010],NIVEL,Nivel máximo diario,2021-02-22 00:00,cm,315,Preliminar
53119010,BUENAVENTURA IDEAM  - AUT [53119010],NIVEL,Nivel mínimo diario,2021-02-22 00:00,cm,137,Preliminar
53119010,BUENAVENTURA IDEAM  - AUT [53119010],NIVEL,Nivel máximo diario,2021-02-23 00:00,cm,315,Preliminar
53119010,BUENAVENTURA IDEAM  - AUT [53119010],NIVEL,Nivel mínimo diario,2021-02-23 00:00,cm,124,Preliminar
53119010,BUENAVENTURA IDEAM  - AUT [53119010],NIVEL,Nivel máximo diario,2021-02-24 00:00,cm,339,Preliminar
53119010,BUENAVENTURA IDEAM  - AUT [53119010],NIVEL,Nivel mínimo diario,2021-02-24 00:00,cm,105,Preliminar
53119010,BUENAVENTURA IDEAM  - AUT [53119010],NIVEL,Nivel máximo diario,2021-02-25 00:00,cm,374,Preliminar
53119010,BUENAVENTURA IDEAM  - AUT [53119010],NIVEL,Nivel mínimo diario,2021-02-25 00:00,cm,82,Preliminar
53119010,BUENAVENTURA IDEAM  - AUT [53119010],NIVEL,Nivel máximo diario,2021-02-26 00:00,cm,406,Preliminar
53119010,BUENAVENTURA IDEAM  - AUT [53119010],NIVEL,Nivel mínimo diario,2021-02-26 00:00,cm,64,Preliminar
53119010,BUENAVENTURA IDEAM  - AUT [53119010],NIVEL,Nivel máximo diario,2024-09-18 00:00,cm,466,Preliminar
53119010,BUENAVENTURA IDEAM  - AUT [53119010],NIVEL,Nivel mínimo diario,2024-09-18 00:00,cm,16,Preliminar
53119010,BUENAVENTURA IDEAM  - AUT [53119010],NIVEL,Nivel máximo diario,2024-09-19 00:00,cm,502,Preliminar
53119010,BUENAVENTURA IDEAM  - AUT [53119010],NIVEL,Nivel mínimo diario,2024-09-19 00:00,cm,-3,Preliminar
53119010,BUENAVENTURA IDEAM  - AUT [53119010],NIVEL,Nivel máximo diario,2024-09-20 00:00,cm,500,Preliminar
53119010,BUENAVENTURA IDEAM  - AUT [53119010],NIVEL,Nivel mínimo diario,2024-09-20 00:00,cm,-1,Preliminar
53119010,BUENAVENTURA IDEAM  - AUT [53119010],NIVEL,Nivel máximo diario,2024-09-21 00:00,cm,496,Preliminar
53119010,BUENAVENTURA IDEAM  - AUT [53119010],NIVEL,Nivel mínimo diario,2024-09-21 00:00,cm,-7,Preliminar
53119010,BUENAVENTURA IDEAM  - AUT [53119010],NIVEL,Nivel máximo diario,2024-09-22 00:00,cm,475,Preliminar
53119010,BUENAVENTURA IDEAM  - AUT [53119010],NIVEL,Nivel mínimo diario,2024-09-22 00:00,cm,21,Preliminar
53119010,BUENAVENTURA IDEAM  - AUT [53119010],NIVEL,Nivel máximo diario,2024-09-23 00:00,cm,437,Preliminar
53119010,BUENAVENTURA IDEAM  - AUT [53119010],NIVEL,Nivel mínimo diario,2024-09-23 00:00,cm,58,Preliminar
53119010,BUENAVENTURA IDEAM  - AUT [53119010],NIVEL,Nivel máximo diario,2024-09-24 00:00,cm,396,Preliminar
53119010,BUENAVENTURA IDEAM  - AUT [53119010],NIVEL,Nivel mínimo diario,2024-09-24 00:00,cm,94,Preliminar
53119010,BUENAVENTURA IDEAM  - AUT [53119010],NIVEL,Nivel máximo diario,2024-09-25 00:00,cm,362,Preliminar
53119010,BUENAVENTURA IDEAM  - AUT [53119010],NIVEL,Nivel mínimo diario,2024-09-25 00:00,cm,125,Preliminar
53119010,BUENAVENTURA IDEAM  - AUT [53119010],NIVEL,Nivel máximo diario,2024-09-26 00:00,cm,341,Preliminar
53119010,BUENAVENTURA IDEAM  - AUT [53119010],NIVEL,Nivel mínimo diario,2024-09-26 00:00,cm,138,Preliminar
53119010,BUENAVENTURA IDEAM  - AUT [53119010],NIVEL,Nivel máximo diario,2024-09-27 00:00,cm,338,Preliminar
53119010,BUENAVENTURA IDEAM  - AUT [53119010],NIVEL,Nivel mínimo diario,2024-09-27 00:00,cm,135,Preliminar
53119010,BUENAVENTURA IDEAM  - AUT [53119010],NIVEL,Nivel máximo diario,2024-09-28 00:00,cm,340,Preliminar
53119010,BUENAVENTURA IDEAM  - AUT [53119010],NIVEL,Nivel mínimo diario,2024-09-28 00:00,cm,117,Preliminar
53119010,BUENAVENTURA IDEAM  - AUT [53119010],NIVEL,Nivel máximo diario,2024-09-29 00:00,cm,362,Preliminar
53119010,BUENAVENTURA IDEAM  - AUT [53119010],NIVEL,Nivel mínimo diario,2024-09-29 00:00,cm,106,Preliminar
53119010,BUENAVENTURA IDEAM  - AUT [53119010],NIVEL,Nivel máximo diario,2024-09-30 00:00,cm,379,Preliminar
53119010,BUENAVENTURA IDEAM  - AUT [53119010],NIVEL,Nivel mínimo diario,2024-09-30 00:00,cm,93,Preliminar
53119010,BUENAVENTURA IDEAM  - AUT [53119010],NIVEL,Nivel máximo diario,2024-10-01 00:00,cm,398,Preliminar
53119010,BUENAVENTURA IDEAM  - AUT [53119010],NIVEL,Nivel mínimo diario,2024-10-01 00:00,cm,87,Preliminar
53119010,BUENAVENTURA IDEAM  - AUT [53119010],NIVEL,Nivel máximo diario,2024-10-02 00:00,cm,409,Preliminar
53119010,BUENAVENTURA IDEAM  - AUT [53119010],NIVEL,Nivel mínimo diario,2024-10-02 00:00,cm,78,Preliminar
53119010,BUENAVENTURA IDEAM  - AUT [53119010],NIVEL,Nivel máximo diario,2024-10-03 00:00,cm,408,Preliminar
53119010,BUENAVENTURA IDEAM  - AUT [53119010],NIVEL,Nivel mínimo diario,2024-10-03 00:00,cm,65,Preliminar
53119010,BUENAVENTURA IDEAM  - AUT [53119010],NIVEL,Nivel máximo diario,2024-10-04 00:00,cm,416,Preliminar
53119010,BUENAVENTURA IDEAM  - AUT [53119010],NIVEL,Nivel mínimo diario,2024-10-04 00:00,cm,60,Preliminar
53119010,BUENAVENTURA IDEAM  - AUT [53119010],NIVEL,Nivel máximo diario,2024-10-05 00:00,cm,405,Preliminar
53119010,BUENAVENTURA IDEAM  - AUT [53119010],NIVEL,Nivel mínimo diario,2024-10-05 00:00,cm,57,Preliminar
53119010,BUENAVENTURA IDEAM  - AUT [53119010],NIVEL,Nivel máximo diario,2024-10-06 00:00,cm,406,Preliminar
53119010,BUENAVENTURA IDEAM  - AUT [53119010],NIVEL,Nivel mínimo diario,2024-10-06 00:00,cm,69,Preliminar
53119010,BUENAVENTURA IDEAM  - AUT [53119010],NIVEL,Nivel máximo diario,2024-10-07 00:00,cm,391,Preliminar
53119010,BUENAVENTURA IDEAM  - AUT [53119010],NIVEL,Nivel mínimo diario,2024-10-07 00:00,cm,80,Preliminar
53119010,BUENAVENTURA IDEAM  - AUT [53119010],NIVEL,Nivel máximo diario,2024-10-08 00:00,cm,387,Preliminar
53119010,BUENAVENTURA IDEAM  - AUT [53119010],NIVEL,Nivel mínimo diario,2024-10-08 00:00,cm,96,Preliminar
53119010,BUENAVENTURA IDEAM  - AUT [53119010],NIVEL,Nivel máximo diario,2024-10-09 00:00,cm,362,Preliminar
53119010,BUENAVENTURA IDEAM  - AUT [53119010],NIVEL,Nivel mínimo diario,2024-10-09 00:00,cm,115,Preliminar
53119010,BUENAVENTURA IDEAM  - AUT [53119010],NIVEL,Nivel máximo diario,2024-10-10 00:00,cm,349,Preliminar
53119010,BUENAVENTURA IDEAM  - AUT [53119010],NIVEL,Nivel mínimo diario,2024-10-10 00:00,cm,127,Preliminar
53119010,BUENAVENTURA IDEAM  - AUT [53119010],NIVEL,Nivel máximo diario,2024-10-11 00:00,cm,327,Preliminar
53119010,BUENAVENTURA IDEAM  - AUT [53119010],NIVEL,Nivel mínimo diario,2024-10-11 00:00,cm,140,Preliminar
53119010,BUENAVENTURA IDEAM  - AUT [53119010],NIVEL,Nivel máximo diario,2024-10-12 00:00,cm,337,Preliminar
53119010,BUENAVENTURA IDEAM  - AUT [53119010],NIVEL,Nivel mínimo diario,2024-10-12 00:00,cm,152,Preliminar
53119010,BUENAVENTURA IDEAM  - AUT [53119010],NIVEL,Nivel máximo diario,2024-10-13 00:00,cm,356,Preliminar
53119010,BUENAVENTURA IDEAM  - AUT [53119010],NIVEL,Nivel mínimo diario,2024-10-13 00:00,cm,127,Preliminar
53119010,BUENAVENTURA IDEAM  - AUT [53119010],NIVEL,Nivel máximo diario,2024-10-14 00:00,cm,368,Preliminar
53119010,BUENAVENTURA IDEAM  - AUT [53119010],NIVEL,Nivel mínimo diario,2024-10-14 00:00,cm,93,Preliminar
53119010,BUENAVENTURA IDEAM  - AUT [53119010],NIVEL,Nivel máximo diario,2024-10-15 00:00,cm,403,Preliminar
53119010,BUENAVENTURA IDEAM  - AUT [53119010],NIVEL,Nivel mínimo diario,2024-10-15 00:00,cm,59,Preliminar
53119010,BUENAVENTURA IDEAM  - AUT [53119010],NIVEL,Nivel máximo diario,2024-10-16 00:00,cm,442,Preliminar
53119010,BUENAVENTURA IDEAM  - AUT [53119010],NIVEL,Nivel mínimo diario,2024-10-16 00:00,cm,43,Preliminar
53119010,BUENAVENTURA IDEAM  - AUT [53119010],NIVEL,Nivel máximo diario,2024-10-17 00:00,cm,473,Preliminar
53119010,BUENAVENTURA IDEAM  - AUT [53119010],NIVEL,Nivel mínimo diario,2024-10-17 00:00,cm,14,Preliminar
53119010,BUENAVENTURA IDEAM  - AUT [53119010],NIVEL,Nivel máximo diario,2024-10-18 00:00,cm,486,Preliminar
53119010,BUENAVENTURA IDEAM  - AUT [53119010],NIVEL,Nivel mínimo diario,2024-10-18 00:00,cm,-11,Preliminar
53119010,BUENAVENTURA IDEAM  - AUT [53119010],NIVEL,Nivel máximo diario,2024-10-19 00:00,cm,490,Preliminar
53119010,BUENAVENTURA IDEAM  - AUT [53119010],NIVEL,Nivel mínimo diario,2024-10-19 00:00,cm,-25,Preliminar
53119010,BUENAVENTURA IDEAM  - AUT [53119010],NIVEL,Nivel máximo diario,2024-10-20 00:00,cm,482,Preliminar
53119010,BUENAVENTURA IDEAM  - AUT [53119010],NIVEL,Nivel mínimo diario,2024-10-20 00:00,cm,-2,Preliminar
53119010,BUENAVENTURA IDEAM  - AUT [53119010],NIVEL,Nivel máximo diario,2024-10-21 00:00,cm,451,Preliminar
53119010,BUENAVENTURA IDEAM  - AUT [53119010],NIVEL,Nivel mínimo diario,2024-10-21 00:00,cm,27,Preliminar
53119010,BUENAVENTURA IDEAM  - AUT [53119010],NIVEL,Nivel máximo diario,2024-10-22 00:00,cm,422,Preliminar
53119010,BUENAVENTURA IDEAM  - AUT [53119010],NIVEL,Nivel mínimo diario,2024-10-22 00:00,cm,62,Preliminar
53119010,BUENAVENTURA IDEAM  - AUT [53119010],NIVEL,Nivel máximo diario,2024-10-23 00:00,cm,386,Preliminar
53119010,BUENAVENTURA IDEAM  - AUT [53119010],NIVEL,Nivel mínimo diario,2024-10-23 00:00,cm,94,Preliminar
53119010,BUENAVENTURA IDEAM  - AUT [53119010],NIVEL,Nivel máximo diario,2024-10-24 00:00,cm,354,Preliminar
53119010,BUENAVENTURA IDEAM  - AUT [53119010],NIVEL,Nivel mínimo diario,2024-10-24 00:00,cm,119,Preliminar
53119010,BUENAVENTURA IDEAM  - AUT [53119010],NIVEL,Nivel máximo diario,2024-10-25 00:00,cm,339,Preliminar
53119010,BUENAVENTURA IDEAM  - AUT [53119010],NIVEL,Nivel mínimo diario,2024-10-25 00:00,cm,134,Preliminar
53119010,BUENAVENTURA IDEAM  - AUT [53119010],NIVEL,Nivel máximo diario,2024-10-26 00:00,cm,346,Preliminar
53119010,BUENAVENTURA IDEAM  - AUT [53119010],NIVEL,Nivel mínimo diario,2024-10-26 00:00,cm,140,Preliminar
53119010,BUENAVENTURA IDEAM  - AUT [53119010],NIVEL,Nivel máximo diario,2024-10-27 00:00,cm,346,Preliminar
53119010,BUENAVENTURA IDEAM  - AUT [53119010],NIVEL,Nivel mínimo diario,2024-10-27 00:00,cm,146,Preliminar
53119010,BUENAVENTURA IDEAM  - AUT [53119010],NIVEL,Nivel máximo diario,2024-10-28 00:00,cm,364,Preliminar
53119010,BUENAVENTURA IDEAM  - AUT [53119010],NIVEL,Nivel mínimo diario,2024-10-28 00:00,cm,134,Preliminar
53119010,BUENAVENTURA IDEAM  - AUT [53119010],NIVEL,Nivel máximo diario,2024-10-29 00:00,cm,377,Preliminar
53119010,BUENAVENTURA IDEAM  - AUT [53119010],NIVEL,Nivel mínimo diario,2024-10-29 00:00,cm,120,Preliminar
53119010,BUENAVENTURA IDEAM  - AUT [53119010],NIVEL,Nivel máximo diario,2024-10-30 00:00,cm,396,Preliminar
53119010,BUENAVENTURA IDEAM  - AUT [53119010],NIVEL,Nivel mínimo diario,2024-10-30 00:00,cm,95,Preliminar
53119010,BUENAVENTURA IDEAM  - AUT [53119010],NIVEL,Nivel máximo diario,2024-10-31 00:00,cm,397,Preliminar
53119010,BUENAVENTURA IDEAM  - AUT [53119010],NIVEL,Nivel mínimo diario,2024-10-31 00:00,cm,86,Preliminar
53119010,BUENAVENTURA IDEAM  - AUT [53119010],NIVEL,Nivel máximo diario,2024-11-01 00:00,cm,412,Preliminar
53119010,BUENAVENTURA IDEAM  - AUT [53119010],NIVEL,Nivel mínimo diario,2024-11-01 00:00,cm,79,Preliminar
53119010,BUENAVENTURA IDEAM  - AUT [53119010],NIVEL,Nivel máximo diario,2024-11-02 00:00,cm,410,Preliminar
53119010,BUENAVENTURA IDEAM  - AUT [53119010],NIVEL,Nivel mínimo diario,2024-11-02 00:00,cm,73,Preliminar
53119010,BUENAVENTURA IDEAM  - AUT [53119010],NIVEL,Nivel máximo diario,2024-11-03 00:00,cm,413,Preliminar
53119010,BUENAVENTURA IDEAM  - AUT [53119010],NIVEL,Nivel mínimo diario,2024-11-03 00:00,cm,70,Preliminar
53119010,BUENAVENTURA IDEAM  - AUT [53119010],NIVEL,Nivel máximo diario,2024-11-04 00:00,cm,417,Preliminar
53119010,BUENAVENTURA IDEAM  - AUT [53119010],NIVEL,Nivel mínimo diario,2024-11-04 00:00,cm,80,Preliminar
53119010,BUENAVENTURA IDEAM  - AUT [53119010],NIVEL,Nivel máximo diario,2024-11-05 00:00,cm,406,Preliminar
53119010,BUENAVENTURA IDEAM  - AUT [53119010],NIVEL,Nivel mínimo diario,2024-11-05 00:00,cm,83,Preliminar
53119010,BUENAVENTURA IDEAM  - AUT [53119010],NIVEL,Nivel máximo diario,2024-11-06 00:00,cm,384,Preliminar
53119010,BUENAVENTURA IDEAM  - AUT [53119010],NIVEL,Nivel mínimo diario,2024-11-06 00:00,cm,88,Preliminar
53119010,BUENAVENTURA IDEAM  - AUT [53119010],NIVEL,Nivel máximo diario,2024-11-07 00:00,cm,373,Preliminar
53119010,BUENAVENTURA IDEAM  - AUT [53119010],NIVEL,Nivel mínimo diario,2024-11-07 00:00,cm,110,Preliminar
53119010,BUENAVENTURA IDEAM  - AUT [53119010],NIVEL,Nivel máximo diario,2024-11-08 00:00,cm,364,Preliminar
53119010,BUENAVENTURA IDEAM  - AUT [53119010],NIVEL,Nivel mínimo diario,2024-11-08 00:00,cm,119,Preliminar
53119010,BUENAVENTURA IDEAM  - AUT [53119010],NIVEL,Nivel máximo diario,2024-11-09 00:00,cm,357,Preliminar
53119010,BUENAVENTURA IDEAM  - AUT [53119010],NIVEL,Nivel mínimo diario,2024-11-09 00:00,cm,138,Preliminar
53119010,BUENAVENTURA IDEAM  - AUT [53119010],NIVEL,Nivel máximo diario,2024-11-10 00:00,cm,365,Preliminar
53119010,BUENAVENTURA IDEAM  - AUT [53119010],NIVEL,Nivel mínimo diario,2024-11-10 00:00,cm,135,Preliminar
53119010,BUENAVENTURA IDEAM  - AUT [53119010],NIVEL,Nivel máximo diario,2024-11-11 00:00,cm,383,Preliminar
53119010,BUENAVENTURA IDEAM  - AUT [53119010],NIVEL,Nivel mínimo diario,2024-11-11 00:00,cm,117,Preliminar
53119010,BUENAVENTURA IDEAM  - AUT [53119010],NIVEL,Nivel máximo diario,2024-11-12 00:00,cm,386,Preliminar
53119010,BUENAVENTURA IDEAM  - AUT [53119010],NIVEL,Nivel mínimo diario,2024-11-12 00:00,cm,97,Preliminar
53119010,BUENAVENTURA IDEAM  - AUT [53119010],NIVEL,Nivel máximo diario,2024-11-13 00:00,cm,413,Preliminar
53119010,BUENAVENTURA IDEAM  - AUT [53119010],NIVEL,Nivel mínimo diario,2024-11-13 00:00,cm,77,Preliminar
53119010,BUENAVENTURA IDEAM  - AUT [53119010],NIVEL,Nivel máximo diario,2024-11-14 00:00,cm,436,Preliminar
53119010,BUENAVENTURA IDEAM  - AUT [53119010],NIVEL,Nivel mínimo diario,2024-11-14 00:00,cm,42,Preliminar
53119010,BUENAVENTURA IDEAM  - AUT [53119010],NIVEL,Nivel máximo diario,2024-11-15 00:00,cm,455,Preliminar
53119010,BUENAVENTURA IDEAM  - AUT [53119010],NIVEL,Nivel mínimo diario,2024-11-15 00:00,cm,9,Preliminar
53119010,BUENAVENTURA IDEAM  - AUT [53119010],NIVEL,Nivel máximo diario,2024-11-16 00:00,cm,464,Preliminar
53119010,BUENAVENTURA IDEAM  - AUT [53119010],NIVEL,Nivel mínimo diario,2024-11-16 00:00,cm,-7,Preliminar
53119010,BUENAVENTURA IDEAM  - AUT [53119010],NIVEL,Nivel máximo diario,2024-11-17 00:00,cm,462,Preliminar
53119010,BUENAVENTURA IDEAM  - AUT [53119010],NIVEL,Nivel mínimo diario,2024-11-17 00:00,cm,-3,Preliminar
53119010,BUENAVENTURA IDEAM  - AUT [53119010],NIVEL,Nivel máximo diario,2024-11-18 00:00,cm,445,Preliminar
53119010,BUENAVENTURA IDEAM  - AUT [53119010],NIVEL,Nivel mínimo diario,2024-11-18 00:00,cm,7,Preliminar
53119010,BUENAVENTURA IDEAM  - AUT [53119010],NIVEL,Nivel máximo diario,2024-11-19 00:00,cm,434,Preliminar
53119010,BUENAVENTURA IDEAM  - AUT [53119010],NIVEL,Nivel mínimo diario,2024-11-19 00:00,cm,24,Preliminar
53119010,BUENAVENTURA IDEAM  - AUT [53119010],NIVEL,Nivel máximo diario,2024-11-20 00:00,cm,412,Preliminar
53119010,BUENAVENTURA IDEAM  - AUT [53119010],NIVEL,Nivel mínimo diario,2024-11-20 00:00,cm,55,Preliminar
53119010,BUENAVENTURA IDEAM  - AUT [53119010],NIVEL,Nivel máximo diario,2024-11-21 00:00,cm,386,Preliminar
53119010,BUENAVENTURA IDEAM  - AUT [53119010],NIVEL,Nivel mínimo diario,2024-11-21 00:00,cm,80,Preliminar
53119010,BUENAVENTURA IDEAM  - AUT [53119010],NIVEL,Nivel máximo diario,2024-11-22 00:00,cm,361,Preliminar
53119010,BUENAVENTURA IDEAM  - AUT [53119010],NIVEL,Nivel mínimo diario,2024-11-22 00:00,cm,105,Preliminar
53119010,BUENAVENTURA IDEAM  - AUT [53119010],NIVEL,Nivel máximo diario,2024-11-23 00:00,cm,351,Preliminar
53119010,BUENAVENTURA IDEAM  - AUT [53119010],NIVEL,Nivel mínimo diario,2024-11-23 00:00,cm,135,Preliminar
53119010,BUENAVENTURA IDEAM  - AUT [53119010],NIVEL,Nivel máximo diario,2024-11-24 00:00,cm,354,Preliminar
53119010,BUENAVENTURA IDEAM  - AUT [53119010],NIVEL,Nivel mínimo diario,2024-11-24 00:00,cm,150,Preliminar
53119010,BUENAVENTURA IDEAM  - AUT [53119010],NIVEL,Nivel máximo diario,2024-11-25 00:00,cm,349,Preliminar
53119010,BUENAVENTURA IDEAM  - AUT [53119010],NIVEL,Nivel mínimo diario,2024-11-25 00:00,cm,145,Preliminar
53119010,BUENAVENTURA IDEAM  - AUT [53119010],NIVEL,Nivel máximo diario,2024-11-26 00:00,cm,349,Preliminar
53119010,BUENAVENTURA IDEAM  - AUT [53119010],NIVEL,Nivel mínimo diario,2024-11-26 00:00,cm,135,Preliminar
53119010,BUENAVENTURA IDEAM  - AUT [53119010],NIVEL,Nivel máximo diario,2024-11-27 00:00,cm,355,Preliminar
53119010,BUENAVENTURA IDEAM  - AUT [53119010],NIVEL,Nivel mínimo diario,2024-11-27 00:00,cm,126,Preliminar
53119010,BUENAVENTURA IDEAM  - AUT [53119010],NIVEL,Nivel máximo diario,2024-11-28 00:00,cm,370,Preliminar
53119010,BUENAVENTURA IDEAM  - AUT [53119010],NIVEL,Nivel mínimo diario,2024-11-28 00:00,cm,111,Preliminar
53119010,BUENAVENTURA IDEAM  - AUT [53119010],NIVEL,Nivel máximo diario,2024-11-29 00:00,cm,376,Preliminar
53119010,BUENAVENTURA IDEAM  - AUT [53119010],NIVEL,Nivel mínimo diario,2024-11-29 00:00,cm,93,Preliminar
53119010,BUENAVENTURA IDEAM  - AUT [53119010],NIVEL,Nivel máximo diario,2024-11-30 00:00,cm,383,Preliminar
53119010,BUENAVENTURA IDEAM  - AUT [53119010],NIVEL,Nivel mínimo diario,2024-11-30 00:00,cm,79,Preliminar
53119010,BUENAVENTURA IDEAM  - AUT [53119010],NIVEL,Nivel máximo diario,2024-12-01 00:00,cm,395,Preliminar
53119010,BUENAVENTURA IDEAM  - AUT [53119010],NIVEL,Nivel mínimo diario,2024-12-01 00:00,cm,71,Preliminar
53119010,BUENAVENTURA IDEAM  - AUT [53119010],NIVEL,Nivel máximo diario,2024-12-02 00:00,cm,405,Preliminar
53119010,BUENAVENTURA IDEAM  - AUT [53119010],NIVEL,Nivel mínimo diario,2024-12-02 00:00,cm,71,Preliminar
53119010,BUENAVENTURA IDEAM  - AUT [53119010],NIVEL,Nivel máximo diario,2024-12-03 00:00,cm,408,Preliminar
53119010,BUENAVENTURA IDEAM  - AUT [53119010],NIVEL,Nivel mínimo diario,2024-12-03 00:00,cm,66,Preliminar
53119010,BUENAVENTURA IDEAM  - AUT [53119010],NIVEL,Nivel máximo diario,2024-12-04 00:00,cm,405,Preliminar
53119010,BUENAVENTURA IDEAM  - AUT [53119010],NIVEL,Nivel mínimo diario,2024-12-04 00:00,cm,72,Preliminar
53119010,BUENAVENTURA IDEAM  - AUT [53119010],NIVEL,Nivel máximo diario,2024-12-05 00:00,cm,400,Preliminar
53119010,BUENAVENTURA IDEAM  - AUT [53119010],NIVEL,Nivel mínimo diario,2024-12-05 00:00,cm,82,Preliminar
53119010,BUENAVENTURA IDEAM  - AUT [53119010],NIVEL,Nivel máximo diario,2024-12-06 00:00,cm,395,Preliminar
53119010,BUENAVENTURA IDEAM  - AUT [53119010],NIVEL,Nivel mínimo diario,2024-12-06 00:00,cm,85,Preliminar
53119010,BUENAVENTURA IDEAM  - AUT [53119010],NIVEL,Nivel máximo diario,2024-12-07 00:00,cm,388,Preliminar
53119010,BUENAVENTURA IDEAM  - AUT [53119010],NIVEL,Nivel mínimo diario,2024-12-07 00:00,cm,99,Preliminar
53119010,BUENAVENTURA IDEAM  - AUT [53119010],NIVEL,Nivel máximo diario,2024-12-08 00:00,cm,386,Preliminar
53119010,BUENAVENTURA IDEAM  - AUT [53119010],NIVEL,Nivel mínimo diario,2024-12-08 00:00,cm,106,Preliminar
53119010,BUENAVENTURA IDEAM  - AUT [53119010],NIVEL,Nivel máximo diario,2024-12-09 00:00,cm,390,Preliminar
53119010,BUENAVENTURA IDEAM  - AUT [53119010],NIVEL,Nivel mínimo diario,2024-12-09 00:00,cm,110,Preliminar
53119010,BUENAVENTURA IDEAM  - AUT [53119010],NIVEL,Nivel máximo diario,2024-12-10 00:00,cm,403,Preliminar
53119010,BUENAVENTURA IDEAM  - AUT [53119010],NIVEL,Nivel mínimo diario,2024-12-10 00:00,cm,113,Preliminar
53119010,BUENAVENTURA IDEAM  - AUT [53119010],NIVEL,Nivel máximo diario,2024-12-11 00:00,cm,403,Preliminar
53119010,BUENAVENTURA IDEAM  - AUT [53119010],NIVEL,Nivel mínimo diario,2024-12-11 00:00,cm,108,Preliminar
53119010,BUENAVENTURA IDEAM  - AUT [53119010],NIVEL,Nivel máximo diario,2024-12-12 00:00,cm,410,Preliminar
53119010,BUENAVENTURA IDEAM  - AUT [53119010],NIVEL,Nivel mínimo diario,2024-12-12 00:00,cm,88,Preliminar
53119010,BUENAVENTURA IDEAM  - AUT [53119010],NIVEL,Nivel máximo diario,2024-12-13 00:00,cm,429,Preliminar
53119010,BUENAVENTURA IDEAM  - AUT [53119010],NIVEL,Nivel mínimo diario,2024-12-13 00:00,cm,75,Preliminar
53119010,BUENAVENTURA IDEAM  - AUT [53119010],NIVEL,Nivel máximo diario,2024-12-14 00:00,cm,442,Preliminar
53119010,BUENAVENTURA IDEAM  - AUT [53119010],NIVEL,Nivel mínimo diario,2024-12-14 00:00,cm,57,Preliminar
53119010,BUENAVENTURA IDEAM  - AUT [53119010],NIVEL,Nivel máximo diario,2024-12-15 00:00,cm,443,Preliminar
53119010,BUENAVENTURA IDEAM  - AUT [53119010],NIVEL,Nivel mínimo diario,2024-12-15 00:00,cm,42,Preliminar
53119010,BUENAVENTURA IDEAM  - AUT [53119010],NIVEL,Nivel máximo diario,2024-12-16 00:00,cm,441,Preliminar
53119010,BUENAVENTURA IDEAM  - AUT [53119010],NIVEL,Nivel mínimo diario,2024-12-16 00:00,cm,33,Preliminar
53119010,BUENAVENTURA IDEAM  - AUT [53119010],NIVEL,Nivel máximo diario,2024-12-17 00:00,cm,440,Preliminar
53119010,BUENAVENTURA IDEAM  - AUT [53119010],NIVEL,Nivel mínimo diario,2024-12-17 00:00,cm,33,Preliminar
53119010,BUENAVENTURA IDEAM  - AUT [53119010],NIVEL,Nivel máximo diario,2024-12-18 00:00,cm,432,Preliminar
53119010,BUENAVENTURA IDEAM  - AUT [53119010],NIVEL,Nivel mínimo diario,2024-12-18 00:00,cm,42,Preliminar
53119010,BUENAVENTURA IDEAM  - AUT [53119010],NIVEL,Nivel máximo diario,2024-12-19 00:00,cm,422,Preliminar
53119010,BUENAVENTURA IDEAM  - AUT [53119010],NIVEL,Nivel mínimo diario,2024-12-19 00:00,cm,66,Preliminar
53119010,BUENAVENTURA IDEAM  - AUT [53119010],NIVEL,Nivel máximo diario,2024-12-20 00:00,cm,406,Preliminar
53119010,BUENAVENTURA IDEAM  - AUT [53119010],NIVEL,Nivel mínimo diario,2024-12-20 00:00,cm,86,Preliminar
53119010,BUENAVENTURA IDEAM  - AUT [53119010],NIVEL,Nivel máximo diario,2024-12-21 00:00,cm,389,Preliminar
53119010,BUENAVENTURA IDEAM  - AUT [53119010],NIVEL,Nivel mínimo diario,2024-12-21 00:00,cm,110,Preliminar
53119010,BUENAVENTURA IDEAM  - AUT [53119010],NIVEL,Nivel máximo diario,2024-12-22 00:00,cm,365,Preliminar
53119010,BUENAVENTURA IDEAM  - AUT [53119010],NIVEL,Nivel mínimo diario,2024-12-22 00:00,cm,122,Preliminar
53119010,BUENAVENTURA IDEAM  - AUT [53119010],NIVEL,Nivel máximo diario,2024-12-23 00:00,cm,358,Preliminar
53119010,BUENAVENTURA IDEAM  - AUT [53119010],NIVEL,Nivel mínimo diario,2024-12-23 00:00,cm,135,Preliminar
53119010,BUENAVENTURA IDEAM  - AUT [53119010],NIVEL,Nivel máximo diario,2024-12-24 00:00,cm,350,Preliminar
53119010,BUENAVENTURA IDEAM  - AUT [53119010],NIVEL,Nivel mínimo diario,2024-12-24 00:00,cm,147,Preliminar
53119010,BUENAVENTURA IDEAM  - AUT [53119010],NIVEL,Nivel máximo diario,2024-12-25 00:00,cm,349,Preliminar
53119010,BUENAVENTURA IDEAM  - AUT [53119010],NIVEL,Nivel mínimo diario,2024-12-25 00:00,cm,151,Preliminar
53119010,BUENAVENTURA IDEAM  - AUT [53119010],NIVEL,Nivel máximo diario,2024-12-26 00:00,cm,349,Preliminar
53119010,BUENAVENTURA IDEAM  - AUT [53119010],NIVEL,Nivel mínimo diario,2024-12-26 00:00,cm,155,Preliminar
53119010,BUENAVENTURA IDEAM  - AUT [53119010],NIVEL,Nivel máximo diario,2024-12-27 00:00,cm,353,Preliminar
53119010,BUENAVENTURA IDEAM  - AUT [53119010],NIVEL,Nivel mínimo diario,2024-12-27 00:00,cm,134,Preliminar
53119010,BUENAVENTURA IDEAM  - AUT [53119010],NIVEL,Nivel máximo diario,2024-12-28 00:00,cm,358,Preliminar
53119010,BUENAVENTURA IDEAM  - AUT [53119010],NIVEL,Nivel mínimo diario,2024-12-28 00:00,cm,115,Preliminar
53119010,BUENAVENTURA IDEAM  - AUT [53119010],NIVEL,Nivel máximo diario,2024-12-29 00:00,cm,365,Preliminar
53119010,BUENAVENTURA IDEAM  - AUT [53119010],NIVEL,Nivel mínimo diario,2024-12-29 00:00,cm,98,Preliminar
53119010,BUENAVENTURA IDEAM  - AUT [53119010],NIVEL,Nivel máximo diario,2024-12-30 00:00,cm,378,Preliminar
53119010,BUENAVENTURA IDEAM  - AUT [53119010],NIVEL,Nivel mínimo diario,2024-12-30 00:00,cm,79,Preliminar
53119010,BUENAVENTURA IDEAM  - AUT [53119010],NIVEL,Nivel máximo diario,2024-12-31 00:00,cm,390,Preliminar
53119010,BUENAVENTURA IDEAM  - AUT [53119010],NIVEL,Nivel mínimo diario,2024-12-31 00:00,cm,58,Preliminar
