"codigo_localidad","consumo_complementario","identificador_empresa","consumo_basico","tipo_categoria","periodo","facturacion_consumo_basico","dias_facturados","nom_mpio","consumo_residencial","fch_ini_per_factura","estrato_sector","porcentaje_subsidio","valor_refacturacion","valor_subsidio","tension","nom_dpto","nombre","fch_exp_factura","fact_consumo_complementario","ano","fact_consumo_residencial","intereses_mora","nombre_localidad","ubicacion","tipo_factura","valor_total_facturado","valor_mora","nom_poblad","tipo_conexion","codigo_conexion","niu","id_factura","tipo_lectura"
"1300100700001","0.0","48907","30.45","L","2","32763.6","28","CARTAGENA DE INDIAS","0.0","2022-02-28T00:00:00.000","1","-0.760","0.0","-25039.65",,"BOLÍVAR","SOLING DEL SINU S.A.S. E.S.P.","2022-03-08T00:00:00.000","0.0","2022","0.0","0.0","ISLA FUERTE","R","N","7723.95","0.0","ISLA FUERTE","P","1","410882223239409843410882223","101623143101623143101623143","E"
"1300100700001","0.0","48907","28.0","L","2","30127.45","28","CARTAGENA DE INDIAS","0.0","2022-02-28T00:00:00.000","1","-0.760","0.0","-23024.97",,"BOLÍVAR","SOLING DEL SINU S.A.S. E.S.P.","2022-03-08T00:00:00.000","0.0","2022","0.0","0.0","ISLA FUERTE","R","N","7102.48","0.0","ISLA FUERTE","P","1","361648639362680484361648639","219634592196345921963459","E"
"1300100700001","0.0","48907","18.9","L","2","20336.03","28","CARTAGENA DE INDIAS","0.0","2022-02-28T00:00:00.000","1","-0.760","0.0","-15541.85",,"BOLÍVAR","SOLING DEL SINU S.A.S. E.S.P.","2022-03-08T00:00:00.000","0.0","2022","0.0","0.0","ISLA FUERTE","R","N","4794.18","0.0","ISLA FUERTE","P","1","8255441430027770982554414","976618718976618718976618718","E"
"1300100700001","0.0","48907","34.0","L","2","36583.33","28","CARTAGENA DE INDIAS","0.0","2022-02-28T00:00:00.000","1","-0.760","0.0","-27958.89",,"BOLÍVAR","SOLING DEL SINU S.A.S. E.S.P.","2022-03-08T00:00:00.000","0.0","2022","0.0","0.0","ISLA FUERTE","R","N","8624.44","0.0","ISLA FUERTE","P","1","868092366200029382868092366","758470317584703175847031","E"
"1300100700001","0.0","48907","0.0","L","2","0","28","CARTAGENA DE INDIAS","0.0","2022-02-28T00:00:00.000","1","-0.760","0.0","0",,"BOLÍVAR","SOLING DEL SINU S.A.S. E.S.P.","2022-03-08T00:00:00.000","0.0","2022","0.0","0.0","ISLA FUERTE","R","N","0","0.0","ISLA FUERTE","P","1","944126302527974753944126302","574192388574192388574192388","E"
"1300100700001","0.0","48907","0.0","L","2","0","28","CARTAGENA DE INDIAS","0.0","2022-02-28T00:00:00.000","1","-0.760","0.0","0",,"BOLÍVAR","SOLING DEL SINU S.A.S. E.S.P.","2022-03-08T00:00:00.000","0.0","2022","0.0","0.0","ISLA FUERTE","R","N","0","0.0","ISLA FUERTE","P","1","984812974451404211984812974","527386954527386954527386954","E"
"1300100700001","0.0","48907","0.0","L","2","0","28","CARTAGENA DE INDIAS","0.0","2022-02-28T00:00:00.000","1","-0.760","0.0","0",,"BOLÍVAR","SOLING DEL SINU S.A.S. E.S.P.","2022-03-08T00:00:00.000","0.0","2022","0.0","0.0","ISLA FUERTE","R","N","0","0.0","ISLA FUERTE","P","1","507974031613120832507974031","572105835572105835572105835","E"
"1300100700001","0.0","48907","46.5","L","2","50033.08","28","CARTAGENA DE INDIAS","0.0","2022-02-28T00:00:00.000","O","-0.410","0.0","-20545.57","220.0","BOLÍVAR","SOLING DEL SINU S.A.S. E.S.P.","2022-03-08T00:00:00.000","0.0","2022","0.0","0.0","ISLA FUERTE","R","N","29487.51","0.0","ISLA FUERTE","P","1","132143088268757344132143088","236125260236125260236125260","E"
"1300100700001","0.0","48907","0.0","L","2","0","28","CARTAGENA DE INDIAS","0.0","2022-02-28T00:00:00.000","1","-0.760","0.0","0",,"BOLÍVAR","SOLING DEL SINU S.A.S. E.S.P.","2022-03-08T00:00:00.000","0.0","2022","0.0","0.0","ISLA FUERTE","R","N","0","0.0","ISLA FUERTE","P","1","218038832613697478218038832","344491458344491458344491458","E"
"1300100700001","0.0","48907","11.1","L","2","11943.38","28","CARTAGENA DE INDIAS","0.0","2022-02-28T00:00:00.000","1","-0.760","0.0","-9127.76",,"BOLÍVAR","SOLING DEL SINU S.A.S. E.S.P.","2022-03-08T00:00:00.000","0.0","2022","0.0","0.0","ISLA FUERTE","R","N","2815.62","0.0","ISLA FUERTE","P","1","696775849463748051696775849","176851879176851879176851879","E"
"1300100700001","0.0","48907","17.7","L","2","19044.85","28","CARTAGENA DE INDIAS","0.0","2022-02-28T00:00:00.000","1","-0.760","0.0","-14555.07",,"BOLÍVAR","SOLING DEL SINU S.A.S. E.S.P.","2022-03-08T00:00:00.000","0.0","2022","0.0","0.0","ISLA FUERTE","R","N","4489.78","0.0","ISLA FUERTE","P","1","750392818451655258750392818","393206063932060639320606","E"
"1300100700001","0.0","48907","44.64","L","2","48031.76","28","CARTAGENA DE INDIAS","0.0","2022-02-28T00:00:00.000","1","-0.760","0.0","-36708.38",,"BOLÍVAR","SOLING DEL SINU S.A.S. E.S.P.","2022-03-08T00:00:00.000","0.0","2022","0.0","0.0","ISLA FUERTE","R","N","11323.38","0.0","ISLA FUERTE","P","1","693872560498806150693872560","885921410885921410885921410","E"
"1300100700001","0.0","48907","0.0","L","2","0","28","CARTAGENA DE INDIAS","0.0","2022-02-28T00:00:00.000","1","-0.760","0.0","0",,"BOLÍVAR","SOLING DEL SINU S.A.S. E.S.P.","2022-03-08T00:00:00.000","0.0","2022","0.0","0.0","ISLA FUERTE","R","N","0","0.0","ISLA FUERTE","P","1","705492904545261858705492904","755720757755720757755720757","E"
"1300100700001","0.0","48907","0.0","L","2","0","28","CARTAGENA DE INDIAS","0.0","2022-02-28T00:00:00.000","1","-0.760","0.0","0",,"BOLÍVAR","SOLING DEL SINU S.A.S. E.S.P.","2022-03-08T00:00:00.000","0.0","2022","0.0","0.0","ISLA FUERTE","R","N","0","0.0","ISLA FUERTE","P","1","177662726488917154177662726","662453275662453275662453275","E"
"1300100700001","0.0","48907","0.0","L","2","0","28","CARTAGENA DE INDIAS","0.0","2022-02-28T00:00:00.000","1","-0.760","0.0","0",,"BOLÍVAR","SOLING DEL SINU S.A.S. E.S.P.","2022-03-08T00:00:00.000","0.0","2022","0.0","0.0","ISLA FUERTE","R","N","0","0.0","ISLA FUERTE","P","1","6383891864442394463838918","891416188914161889141618","E"
"1300100700001","0.0","48907","24.0","L","2","25823.53","28","CARTAGENA DE INDIAS","0.0","2022-02-28T00:00:00.000","1","-0.760","0.0","-19735.69",,"BOLÍVAR","SOLING DEL SINU S.A.S. E.S.P.","2022-03-08T00:00:00.000","0.0","2022","0.0","0.0","ISLA FUERTE","R","N","6087.84","0.0","ISLA FUERTE","P","1","274066501818503551274066501","182455188182455188182455188","E"
"1300100700001","0.0","48907","45.6","L","2","49064.7","28","CARTAGENA DE INDIAS","0.0","2022-02-28T00:00:00.000","1","-0.760","0.0","-37497.8",,"BOLÍVAR","SOLING DEL SINU S.A.S. E.S.P.","2022-03-08T00:00:00.000","0.0","2022","0.0","0.0","ISLA FUERTE","R","N","11566.9","0.0","ISLA FUERTE","P","1","574297567757412770574297567","992782097992782097992782097","E"
"1300100700001","0.0","48907","40.4","L","2","43469.6","28","CARTAGENA DE INDIAS","0.0","2022-02-28T00:00:00.000","1","-0.760","0.0","-33221.74",,"BOLÍVAR","SOLING DEL SINU S.A.S. E.S.P.","2022-03-08T00:00:00.000","0.0","2022","0.0","0.0","ISLA FUERTE","R","N","10247.86","0.0","ISLA FUERTE","P","1","429210004562609683429210004","626001970626001970626001970","E"
"1300100700001","0.0","48907","55.44","L","2","59652.35","28","CARTAGENA DE INDIAS","0.0","2022-02-28T00:00:00.000","1","-0.760","0.0","-45589.44",,"BOLÍVAR","SOLING DEL SINU S.A.S. E.S.P.","2022-03-08T00:00:00.000","0.0","2022","0.0","0.0","ISLA FUERTE","R","N","14062.91","0.0","ISLA FUERTE","P","1","399014454368297312399014454","130582894130582894130582894","E"
"1300100700001","0.0","48907","0.0","L","2","0","28","CARTAGENA DE INDIAS","0.0","2022-02-28T00:00:00.000","1","-0.760","0.0","0",,"BOLÍVAR","SOLING DEL SINU S.A.S. E.S.P.","2022-03-08T00:00:00.000","0.0","2022","0.0","0.0","ISLA FUERTE","R","N","0","0.0","ISLA FUERTE","P","1","185521547158471589185521547","607797364607797364607797364","E"
"1300100700001","0.0","48907","34.5","L","2","37121.32","28","CARTAGENA DE INDIAS","0.0","2022-02-28T00:00:00.000","1","-0.760","0.0","-28370.05",,"BOLÍVAR","SOLING DEL SINU S.A.S. E.S.P.","2022-03-08T00:00:00.000","0.0","2022","0.0","0.0","ISLA FUERTE","R","N","8751.27","0.0","ISLA FUERTE","P","1","16007414159397159160074141","245992616245992616245992616","E"
"1300100700001","0.0","48907","57.6","L","2","61976.46","28","CARTAGENA DE INDIAS","0.0","2022-02-28T00:00:00.000","1","-0.760","0.0","-47365.65",,"BOLÍVAR","SOLING DEL SINU S.A.S. E.S.P.","2022-03-08T00:00:00.000","0.0","2022","0.0","0.0","ISLA FUERTE","R","N","14610.81","0.0","ISLA FUERTE","P","1","310775760792090055310775760","816044872816044872816044872","E"
"1300100700001","0.0","48907","27.9","L","2","30019.85","28","CARTAGENA DE INDIAS","0.0","2022-02-28T00:00:00.000","1","-0.760","0.0","-22942.74",,"BOLÍVAR","SOLING DEL SINU S.A.S. E.S.P.","2022-03-08T00:00:00.000","0.0","2022","0.0","0.0","ISLA FUERTE","R","N","7077.11","0.0","ISLA FUERTE","P","1","395051936752339991395051936","816617940816617940816617940","E"
"1300100700001","0.0","48907","16.8","L","2","18076.47","28","CARTAGENA DE INDIAS","0.0","2022-02-28T00:00:00.000","1","-0.760","0.0","-13814.98",,"BOLÍVAR","SOLING DEL SINU S.A.S. E.S.P.","2022-03-08T00:00:00.000","0.0","2022","0.0","0.0","ISLA FUERTE","R","N","4261.49","0.0","ISLA FUERTE","P","1","227835709160285054227835709","806444474806444474806444474","E"
"1300100700001","0.0","48907","45.9","L","2","49387.49","28","CARTAGENA DE INDIAS","0.0","2022-02-28T00:00:00.000","1","-0.760","0.0","-37744.5",,"BOLÍVAR","SOLING DEL SINU S.A.S. E.S.P.","2022-03-08T00:00:00.000","0.0","2022","0.0","0.0","ISLA FUERTE","R","N","11642.99","0.0","ISLA FUERTE","P","1","157056398998508777157056398","302232003022320030223200","E"
"1300100700001","0.0","48907","21.6","L","2","23241.17","28","CARTAGENA DE INDIAS","0.0","2022-02-28T00:00:00.000","1","-0.760","0.0","-17762.12",,"BOLÍVAR","SOLING DEL SINU S.A.S. E.S.P.","2022-03-08T00:00:00.000","0.0","2022","0.0","0.0","ISLA FUERTE","R","N","5479.05","0.0","ISLA FUERTE","P","1","4403445289413803644034452","431782135431782135431782135","E"
"1300100700001","0.0","48907","66.6","L","2","71660.29","28","CARTAGENA DE INDIAS","0.0","2022-02-28T00:00:00.000","1","-0.760","0.0","-54766.53",,"BOLÍVAR","SOLING DEL SINU S.A.S. E.S.P.","2022-03-08T00:00:00.000","0.0","2022","0.0","0.0","ISLA FUERTE","R","N","16893.76","0.0","ISLA FUERTE","P","1","7982844132920649079828441","658534724658534724658534724","E"
"1300100700001","0.0","48907","19.2","L","2","20658.82","28","CARTAGENA DE INDIAS","0.0","2022-02-28T00:00:00.000","1","-0.760","0.0","-15788.55",,"BOLÍVAR","SOLING DEL SINU S.A.S. E.S.P.","2022-03-08T00:00:00.000","0.0","2022","0.0","0.0","ISLA FUERTE","R","N","4870.27","0.0","ISLA FUERTE","P","1","313556964697832741313556964","976837442976837442976837442","E"
"1300100700001","0.0","48907","64.8","L","2","69723.52","28","CARTAGENA DE INDIAS","0.0","2022-02-28T00:00:00.000","1","-0.760","0.0","-53286.35",,"BOLÍVAR","SOLING DEL SINU S.A.S. E.S.P.","2022-03-08T00:00:00.000","0.0","2022","0.0","0.0","ISLA FUERTE","R","N","16437.17","0.0","ISLA FUERTE","P","1","551167431807275211551167431","460182303460182303460182303","E"
"1300100700001","0.0","48907","0.0","L","2","0","28","CARTAGENA DE INDIAS","0.0","2022-02-28T00:00:00.000","1","-0.760","0.0","0",,"BOLÍVAR","SOLING DEL SINU S.A.S. E.S.P.","2022-03-08T00:00:00.000","0.0","2022","0.0","0.0","ISLA FUERTE","R","N","0","0.0","ISLA FUERTE","P","1","230249886521845598230249886","634071648634071648634071648","E"
"1300100700001","0.0","48907","35.4","L","2","38089.7","28","CARTAGENA DE INDIAS","0.0","2022-02-28T00:00:00.000","1","-0.760","0.0","-29110.14",,"BOLÍVAR","SOLING DEL SINU S.A.S. E.S.P.","2022-03-08T00:00:00.000","0.0","2022","0.0","0.0","ISLA FUERTE","R","N","8979.56","0.0","ISLA FUERTE","P","1","19779096845443525197790968","294471897294471897294471897","E"
"1300100700001","0.0","48907","52.8","L","2","56811.76","28","CARTAGENA DE INDIAS","0.0","2022-02-28T00:00:00.000","1","-0.760","0.0","-43418.51",,"BOLÍVAR","SOLING DEL SINU S.A.S. E.S.P.","2022-03-08T00:00:00.000","0.0","2022","0.0","0.0","ISLA FUERTE","R","N","13393.25","0.0","ISLA FUERTE","P","1","294982435121067138294982435","348952263348952263348952263","E"
"1300100700001","0.0","48907","28.8","L","2","30988.23","28","CARTAGENA DE INDIAS","0.0","2022-02-28T00:00:00.000","1","-0.760","0.0","-23682.82",,"BOLÍVAR","SOLING DEL SINU S.A.S. E.S.P.","2022-03-08T00:00:00.000","0.0","2022","0.0","0.0","ISLA FUERTE","R","N","7305.41","0.0","ISLA FUERTE","P","1","5185872541956261851858725","814341792814341792814341792","E"
"1300100700001","0.0","48907","23.7","L","2","25500.73","28","CARTAGENA DE INDIAS","0.0","2022-02-28T00:00:00.000","1","-0.760","0.0","-19488.99",,"BOLÍVAR","SOLING DEL SINU S.A.S. E.S.P.","2022-03-08T00:00:00.000","0.0","2022","0.0","0.0","ISLA FUERTE","R","N","6011.74","0.0","ISLA FUERTE","P","1","412588013736376825412588013","485674174485674174485674174","E"
"1300100700001","0.0","48907","32.1","L","2","34538.97","28","CARTAGENA DE INDIAS","0.0","2022-02-28T00:00:00.000","1","-0.760","0.0","-26396.48",,"BOLÍVAR","SOLING DEL SINU S.A.S. E.S.P.","2022-03-08T00:00:00.000","0.0","2022","0.0","0.0","ISLA FUERTE","R","N","8142.49","0.0","ISLA FUERTE","P","1","961276417368744360961276417","306539642306539642306539642","E"
"1300100700001","0.0","48907","61.0","L","2","65634.8","28","CARTAGENA DE INDIAS","0.0","2022-02-28T00:00:00.000","1","-0.760","0.0","-50161.54",,"BOLÍVAR","SOLING DEL SINU S.A.S. E.S.P.","2022-03-08T00:00:00.000","0.0","2022","0.0","0.0","ISLA FUERTE","R","N","15473.26","0.0","ISLA FUERTE","P","1","499906717655091480499906717","554568751554568751554568751","E"
"1300100700001","0.0","48907","26.4","L","2","28405.88","28","CARTAGENA DE INDIAS","0.0","2022-02-28T00:00:00.000","1","-0.760","0.0","-21709.26",,"BOLÍVAR","SOLING DEL SINU S.A.S. E.S.P.","2022-03-08T00:00:00.000","0.0","2022","0.0","0.0","ISLA FUERTE","R","N","6696.62","0.0","ISLA FUERTE","P","1","343034113393368502343034113","837814854837814854837814854","E"
"1300100700001","0.0","48907","0.0","L","2","0","28","CARTAGENA DE INDIAS","0.0","2022-02-28T00:00:00.000","1","-0.760","0.0","0",,"BOLÍVAR","SOLING DEL SINU S.A.S. E.S.P.","2022-03-08T00:00:00.000","0.0","2022","0.0","0.0","ISLA FUERTE","R","N","0","0.0","ISLA FUERTE","P","1","618712171228924515618712171","925977447925977447925977447","E"
"1300100700001","0.0","48907","15.0","L","2","16139.7","28","CARTAGENA DE INDIAS","0.0","2022-02-28T00:00:00.000","1","-0.760","0.0","-12334.8",,"BOLÍVAR","SOLING DEL SINU S.A.S. E.S.P.","2022-03-08T00:00:00.000","0.0","2022","0.0","0.0","ISLA FUERTE","R","N","3804.9","0.0","ISLA FUERTE","P","1","311600498595254561311600498","922011800922011800922011800","E"
"1300100700001","0.0","48907","64.2","L","2","69077.93","28","CARTAGENA DE INDIAS","0.0","2022-02-28T00:00:00.000","1","-0.760","0.0","-52792.96",,"BOLÍVAR","SOLING DEL SINU S.A.S. E.S.P.","2022-03-08T00:00:00.000","0.0","2022","0.0","0.0","ISLA FUERTE","R","N","16284.97","0.0","ISLA FUERTE","P","1","4921866028938764149218660","430270126430270126430270126","E"
"1300100700001","0.0","48907","39.3","L","2","42286.02","28","CARTAGENA DE INDIAS","0.0","2022-02-28T00:00:00.000","1","-0.760","0.0","-32317.19",,"BOLÍVAR","SOLING DEL SINU S.A.S. E.S.P.","2022-03-08T00:00:00.000","0.0","2022","0.0","0.0","ISLA FUERTE","R","N","9968.83","0.0","ISLA FUERTE","P","1","280713832259795443280713832","330794293307942933079429","E"
"1300100700001","0.0","48907","19.2","L","2","20658.82","28","CARTAGENA DE INDIAS","0.0","2022-02-28T00:00:00.000","1","-0.760","0.0","-15788.55",,"BOLÍVAR","SOLING DEL SINU S.A.S. E.S.P.","2022-03-08T00:00:00.000","0.0","2022","0.0","0.0","ISLA FUERTE","R","N","4870.27","0.0","ISLA FUERTE","P","1","608218195588255262608218195","884137268841372688413726","E"
"1300100700001","0.0","48907","21.3","L","2","22918.38","28","CARTAGENA DE INDIAS","0.0","2022-02-28T00:00:00.000","1","-0.760","0.0","-17515.42",,"BOLÍVAR","SOLING DEL SINU S.A.S. E.S.P.","2022-03-08T00:00:00.000","0.0","2022","0.0","0.0","ISLA FUERTE","R","N","5402.96","0.0","ISLA FUERTE","P","1","894916744816577196894916744","429229954292299542922995","E"
"1300100700001","0.0","48907","68.1","L","2","73274.26","28","CARTAGENA DE INDIAS","0.0","2022-02-28T00:00:00.000","1","-0.760","0.0","-56000.01",,"BOLÍVAR","SOLING DEL SINU S.A.S. E.S.P.","2022-03-08T00:00:00.000","0.0","2022","0.0","0.0","ISLA FUERTE","R","N","17274.25","0.0","ISLA FUERTE","P","1","140471348633348854140471348","310063308310063308310063308","E"
"1300100700001","0.0","48907","23.7","L","2","25500.73","28","CARTAGENA DE INDIAS","0.0","2022-02-28T00:00:00.000","1","-0.760","0.0","-19488.99",,"BOLÍVAR","SOLING DEL SINU S.A.S. E.S.P.","2022-03-08T00:00:00.000","0.0","2022","0.0","0.0","ISLA FUERTE","R","N","6011.74","0.0","ISLA FUERTE","P","1","7942243460598701479422434","202477778202477778202477778","E"
"1300100700001","0.0","48907","30.6","L","2","32925","28","CARTAGENA DE INDIAS","0.0","2022-02-28T00:00:00.000","1","-0.760","0.0","-25163",,"BOLÍVAR","SOLING DEL SINU S.A.S. E.S.P.","2022-03-08T00:00:00.000","0.0","2022","0.0","0.0","ISLA FUERTE","R","N","7762","0.0","ISLA FUERTE","P","1","131149714542321202131149714","267352317267352317267352317","E"
"1300100700001","0.0","48907","28.0","L","2","30127.45","28","CARTAGENA DE INDIAS","0.0","2022-02-28T00:00:00.000","1","-0.760","0.0","-23024.97",,"BOLÍVAR","SOLING DEL SINU S.A.S. E.S.P.","2022-03-08T00:00:00.000","0.0","2022","0.0","0.0","ISLA FUERTE","R","N","7102.48","0.0","ISLA FUERTE","P","1","446416193698382146446416193","232426926232426926232426926","E"
"1300100700001","0.0","48907","32.4","L","2","34861.76","28","CARTAGENA DE INDIAS","0.0","2022-02-28T00:00:00.000","1","-0.760","0.0","-26643.18",,"BOLÍVAR","SOLING DEL SINU S.A.S. E.S.P.","2022-03-08T00:00:00.000","0.0","2022","0.0","0.0","ISLA FUERTE","R","N","8218.58","0.0","ISLA FUERTE","P","1","74537340436341421745373404","408759160408759160408759160","E"
"1300100700001","0.0","48907","28.2","L","2","30342.64","28","CARTAGENA DE INDIAS","0.0","2022-02-28T00:00:00.000","1","-0.760","0.0","-23189.43",,"BOLÍVAR","SOLING DEL SINU S.A.S. E.S.P.","2022-03-08T00:00:00.000","0.0","2022","0.0","0.0","ISLA FUERTE","R","N","7153.21","0.0","ISLA FUERTE","P","1","819574273347524515819574273","362758113627581136275811","E"
"1300100700001","0.0","48907","0.0","L","2","0","28","CARTAGENA DE INDIAS","0.0","2022-02-28T00:00:00.000","1","-0.760","0.0","0",,"BOLÍVAR","SOLING DEL SINU S.A.S. E.S.P.","2022-03-08T00:00:00.000","0.0","2022","0.0","0.0","ISLA FUERTE","R","N","0","0.0","ISLA FUERTE","P","1","158328950969223471158328950","155324756155324756155324756","E"
"1300100700001","0.0","48907","42.0","L","2","45191.17","28","CARTAGENA DE INDIAS","0.0","2022-02-28T00:00:00.000","1","-0.760","0.0","-34537.45",,"BOLÍVAR","SOLING DEL SINU S.A.S. E.S.P.","2022-03-08T00:00:00.000","0.0","2022","0.0","0.0","ISLA FUERTE","R","N","10653.72","0.0","ISLA FUERTE","P","1","2469682612180014824696826","138149795138149795138149795","E"
"1300100700001","0.0","48907","0.0","L","2","0","28","CARTAGENA DE INDIAS","0.0","2022-02-28T00:00:00.000","1","-0.760","0.0","0",,"BOLÍVAR","SOLING DEL SINU S.A.S. E.S.P.","2022-03-08T00:00:00.000","0.0","2022","0.0","0.0","ISLA FUERTE","R","N","0","0.0","ISLA FUERTE","P","1","182604693284046693182604693","347275251347275251347275251","E"
"1300100700001","0.0","48907","31.2","L","2","33570.58","28","CARTAGENA DE INDIAS","0.0","2022-02-28T00:00:00.000","1","-0.760","0.0","-25656.39",,"BOLÍVAR","SOLING DEL SINU S.A.S. E.S.P.","2022-03-08T00:00:00.000","0.0","2022","0.0","0.0","ISLA FUERTE","R","N","7914.19","0.0","ISLA FUERTE","P","1","326448977947436012326448977","817542798175427981754279","E"
"1300100700001","0.0","48907","32.4","L","2","34861.76","28","CARTAGENA DE INDIAS","0.0","2022-02-28T00:00:00.000","1","-0.760","0.0","-26643.18",,"BOLÍVAR","SOLING DEL SINU S.A.S. E.S.P.","2022-03-08T00:00:00.000","0.0","2022","0.0","0.0","ISLA FUERTE","R","N","8218.58","0.0","ISLA FUERTE","P","1","36174526759535204361745267","972982583972982583972982583","E"
"1300100700001","0.0","48907","0.0","L","2","0","28","CARTAGENA DE INDIAS","0.0","2022-02-28T00:00:00.000","1","-0.760","0.0","0",,"BOLÍVAR","SOLING DEL SINU S.A.S. E.S.P.","2022-03-08T00:00:00.000","0.0","2022","0.0","0.0","ISLA FUERTE","R","N","0","0.0","ISLA FUERTE","P","1","809587794852272042809587794","187734659187734659187734659","E"
"1300100700001","0.0","48907","11.1","L","2","11943.38","28","CARTAGENA DE INDIAS","0.0","2022-02-28T00:00:00.000","C","-0.270","0.0","-3276.61","220.0","BOLÍVAR","SOLING DEL SINU S.A.S. E.S.P.","2022-03-08T00:00:00.000","0.0","2022","0.0","0.0","ISLA FUERTE","R","N","8666.77","0.0","ISLA FUERTE","P","1","128649608532602025128649608","846850905846850905846850905","E"
"1300100700001","0.0","48907","30.9","L","2","33247.79","28","CARTAGENA DE INDIAS","0.0","2022-02-28T00:00:00.000","C","-0.270","0.0","-9121.38","220.0","BOLÍVAR","SOLING DEL SINU S.A.S. E.S.P.","2022-03-08T00:00:00.000","0.0","2022","0.0","0.0","ISLA FUERTE","R","N","24126.41","0.0","ISLA FUERTE","P","1","67810437530425352678104375","209753048209753048209753048","E"
"1300100700001","0.0","48907","0.0","L","2","0","28","CARTAGENA DE INDIAS","0.0","2022-02-28T00:00:00.000","C","-0.270","0.0","0","220.0","BOLÍVAR","SOLING DEL SINU S.A.S. E.S.P.","2022-03-08T00:00:00.000","0.0","2022","0.0","0.0","ISLA FUERTE","R","N","0","0.0","ISLA FUERTE","P","1","129148389542725552129148389","224318420224318420224318420","E"
"1300100700001","0.0","48907","0.0","L","2","0","28","CARTAGENA DE INDIAS","0.0","2022-02-28T00:00:00.000","C","-0.270","0.0","0","220.0","BOLÍVAR","SOLING DEL SINU S.A.S. E.S.P.","2022-03-08T00:00:00.000","0.0","2022","0.0","0.0","ISLA FUERTE","R","N","0","0.0","ISLA FUERTE","P","1","791032908433757877791032908","145732767145732767145732767","E"
"1300100700001","0.0","48907","42.6","L","2","45836.76","28","CARTAGENA DE INDIAS","0.0","2022-02-28T00:00:00.000","C","-0.270","0.0","-12575.11","220.0","BOLÍVAR","SOLING DEL SINU S.A.S. E.S.P.","2022-03-08T00:00:00.000","0.0","2022","0.0","0.0","ISLA FUERTE","R","N","33261.65","0.0","ISLA FUERTE","P","1","446292859693146625446292859","959830470959830470959830470","E"
"1300100700001","0.0","48907","44.16","L","2","47515.29","28","CARTAGENA DE INDIAS","0.0","2022-02-28T00:00:00.000","C","-0.270","0.0","-13035.6","220.0","BOLÍVAR","SOLING DEL SINU S.A.S. E.S.P.","2022-03-08T00:00:00.000","0.0","2022","0.0","0.0","ISLA FUERTE","R","N","34479.69","0.0","ISLA FUERTE","P","1","325986017333231986325986017","986175781986175781986175781","E"
"1300100700001","0.0","48907","43.8","L","2","47127.94","28","CARTAGENA DE INDIAS","0.0","2022-02-28T00:00:00.000","C","-0.270","0.0","-12929.33","220.0","BOLÍVAR","SOLING DEL SINU S.A.S. E.S.P.","2022-03-08T00:00:00.000","0.0","2022","0.0","0.0","ISLA FUERTE","R","N","34198.61","0.0","ISLA FUERTE","P","1","243039368248348080243039368","200951002009510020095100","E"
"1300100700001","0.0","48907","17.7","L","2","19044.85","28","CARTAGENA DE INDIAS","0.0","2022-02-28T00:00:00.000","C","-0.270","0.0","-5224.87","220.0","BOLÍVAR","SOLING DEL SINU S.A.S. E.S.P.","2022-03-08T00:00:00.000","0.0","2022","0.0","0.0","ISLA FUERTE","R","N","13819.98","0.0","ISLA FUERTE","P","1","24096374672712852240963746","334425314334425314334425314","E"
"1300100700001","0.0","48907","17.4","L","2","18722.06","28","CARTAGENA DE INDIAS","0.0","2022-02-28T00:00:00.000","C","-0.270","0.0","-5136.31","220.0","BOLÍVAR","SOLING DEL SINU S.A.S. E.S.P.","2022-03-08T00:00:00.000","0.0","2022","0.0","0.0","ISLA FUERTE","R","N","13585.75","0.0","ISLA FUERTE","P","1","848818310872740632848818310","574943087574943087574943087","E"
"1300100700001","0.0","48907","48.96","L","2","52679.99","28","CARTAGENA DE INDIAS","0.0","2022-02-28T00:00:00.000","C","-0.270","0.0","-14452.52","220.0","BOLÍVAR","SOLING DEL SINU S.A.S. E.S.P.","2022-03-08T00:00:00.000","0.0","2022","0.0","0.0","ISLA FUERTE","R","N","38227.47","0.0","ISLA FUERTE","P","1","334350525130692138334350525","700392798700392798700392798","E"
"1300100700001","0.0","48907","71.4","L","2","76824.99","28","CARTAGENA DE INDIAS","0.0","2022-02-28T00:00:00.000","C","-0.270","0.0","-21076.59","220.0","BOLÍVAR","SOLING DEL SINU S.A.S. E.S.P.","2022-03-08T00:00:00.000","0.0","2022","0.0","0.0","ISLA FUERTE","R","N","55748.4","0.0","ISLA FUERTE","P","1","361257727630593173361257727","293226751293226751293226751","E"
"1300100700001","0.0","48907","0.0","L","2","0","28","CARTAGENA DE INDIAS","0.0","2022-02-28T00:00:00.000","C","-0.270","0.0","0","220.0","BOLÍVAR","SOLING DEL SINU S.A.S. E.S.P.","2022-03-08T00:00:00.000","0.0","2022","0.0","0.0","ISLA FUERTE","R","N","0","0.0","ISLA FUERTE","P","1","784835079727145804784835079","282161136282161136282161136","E"
"1300100700001","0.0","48907","39.3","L","2","42286.02","28","CARTAGENA DE INDIAS","0.0","2022-02-28T00:00:00.000","1","-0.760","0.0","-32317.19",,"BOLÍVAR","SOLING DEL SINU S.A.S. E.S.P.","2022-03-08T00:00:00.000","0.0","2022","0.0","0.0","ISLA FUERTE","R","N","9968.83","0.0","ISLA FUERTE","P","1","2830277295332944328302772","197807800197807800197807800","E"
"1300100700001","0.0","48907","47.4","L","2","51001.47","28","CARTAGENA DE INDIAS","0.0","2022-02-28T00:00:00.000","1","-0.760","0.0","-38977.98",,"BOLÍVAR","SOLING DEL SINU S.A.S. E.S.P.","2022-03-08T00:00:00.000","0.0","2022","0.0","0.0","ISLA FUERTE","R","N","12023.49","0.0","ISLA FUERTE","P","1","71608608731240017160860","160340960160340960160340960","E"
"1300100700001","0.0","48907","24.3","L","2","26146.32","28","CARTAGENA DE INDIAS","0.0","2022-02-28T00:00:00.000","1","-0.760","0.0","-19982.38",,"BOLÍVAR","SOLING DEL SINU S.A.S. E.S.P.","2022-03-08T00:00:00.000","0.0","2022","0.0","0.0","ISLA FUERTE","R","N","6163.94","0.0","ISLA FUERTE","P","1","8505708353983230850570835","353947423353947423353947423","E"
"1300100700001","0.0","48907","0.0","L","2","0","28","CARTAGENA DE INDIAS","0.0","2022-02-28T00:00:00.000","1","-0.760","0.0","0",,"BOLÍVAR","SOLING DEL SINU S.A.S. E.S.P.","2022-03-08T00:00:00.000","0.0","2022","0.0","0.0","ISLA FUERTE","R","N","0","0.0","ISLA FUERTE","P","1","750474717888749225750474717","846408063846408063846408063","E"
"1300100700001","0.0","48907","0.0","L","2","0","28","CARTAGENA DE INDIAS","0.0","2022-02-28T00:00:00.000","1","-0.760","0.0","0",,"BOLÍVAR","SOLING DEL SINU S.A.S. E.S.P.","2022-03-08T00:00:00.000","0.0","2022","0.0","0.0","ISLA FUERTE","R","N","0","0.0","ISLA FUERTE","P","1","655342165284480030655342165","977193870977193870977193870","E"
"1300100700001","0.0","48907","0.0","L","2","0","28","CARTAGENA DE INDIAS","0.0","2022-02-28T00:00:00.000","1","-0.760","0.0","0",,"BOLÍVAR","SOLING DEL SINU S.A.S. E.S.P.","2022-03-08T00:00:00.000","0.0","2022","0.0","0.0","ISLA FUERTE","R","N","0","0.0","ISLA FUERTE","P","1","131338077964825695131338077","618867710618867710618867710","E"
"1300100700001","0.0","48907","0.0","L","2","0","28","CARTAGENA DE INDIAS","0.0","2022-02-28T00:00:00.000","1","-0.760","0.0","0",,"BOLÍVAR","SOLING DEL SINU S.A.S. E.S.P.","2022-03-08T00:00:00.000","0.0","2022","0.0","0.0","ISLA FUERTE","R","N","0","0.0","ISLA FUERTE","P","1","16261697551378353162616975","368440673368440673368440673","E"
"1300100700001","0.0","48907","51.6","L","2","55520.58","28","CARTAGENA DE INDIAS","0.0","2022-02-28T00:00:00.000","C","-0.270","0.0","-15231.82","220.0","BOLÍVAR","SOLING DEL SINU S.A.S. E.S.P.","2022-03-08T00:00:00.000","0.0","2022","0.0","0.0","ISLA FUERTE","R","N","40288.76","0.0","ISLA FUERTE","P","1","986481154457689949986481154","960988143960988143960988143","E"
"1300100700001","0.0","48907","39.6","L","2","42608.82","28","CARTAGENA DE INDIAS","0.0","2022-02-28T00:00:00.000","C","-0.270","0.0","-11689.53","220.0","BOLÍVAR","SOLING DEL SINU S.A.S. E.S.P.","2022-03-08T00:00:00.000","0.0","2022","0.0","0.0","ISLA FUERTE","R","N","30919.29","0.0","ISLA FUERTE","P","1","149104205661266913149104205","889071563889071563889071563","E"
"1300100700001","0.0","48907","71.4","L","2","76824.99","28","CARTAGENA DE INDIAS","0.0","2022-02-28T00:00:00.000","C","-0.270","0.0","-21076.59","220.0","BOLÍVAR","SOLING DEL SINU S.A.S. E.S.P.","2022-03-08T00:00:00.000","0.0","2022","0.0","0.0","ISLA FUERTE","R","N","55748.4","0.0","ISLA FUERTE","P","1","363619998758192208363619998","379114175379114175379114175","E"
"1300100700001","0.0","48907","0.0","L","2","0","28","CARTAGENA DE INDIAS","0.0","2022-02-28T00:00:00.000","C","-0.270","0.0","0","220.0","BOLÍVAR","SOLING DEL SINU S.A.S. E.S.P.","2022-03-08T00:00:00.000","0.0","2022","0.0","0.0","ISLA FUERTE","R","N","0","0.0","ISLA FUERTE","P","1","582867529438261092582867529","712790515712790515712790515","E"
"1300100700001","0.0","48907","0.0","L","2","0","28","CARTAGENA DE INDIAS","0.0","2022-02-28T00:00:00.000","1","-0.760","0.0","0",,"BOLÍVAR","SOLING DEL SINU S.A.S. E.S.P.","2022-03-08T00:00:00.000","0.0","2022","0.0","0.0","ISLA FUERTE","R","N","0","0.0","ISLA FUERTE","P","1","331324320566090166331324320","620411259620411259620411259","E"
"1300100700001","0.0","48907","0.0","L","2","0","28","CARTAGENA DE INDIAS","0.0","2022-02-28T00:00:00.000","1","-0.760","0.0","0",,"BOLÍVAR","SOLING DEL SINU S.A.S. E.S.P.","2022-03-08T00:00:00.000","0.0","2022","0.0","0.0","ISLA FUERTE","R","N","0","0.0","ISLA FUERTE","P","1","777461277574027563777461277","450677989450677989450677989","E"
"1300100700001","0.0","48907","75.3","L","2","81021.31","28","CARTAGENA DE INDIAS","0.0","2022-02-28T00:00:00.000","C","-0.270","0.0","-22227.83","220.0","BOLÍVAR","SOLING DEL SINU S.A.S. E.S.P.","2022-03-08T00:00:00.000","0.0","2022","0.0","0.0","ISLA FUERTE","R","N","58793.48","0.0","ISLA FUERTE","P","1","715097057718391582715097057","223202685223202685223202685","E"
"1300100700001","0.0","48907","65.1","L","2","70046.32","28","CARTAGENA DE INDIAS","0.0","2022-02-28T00:00:00.000","C","-0.270","0.0","-19216.89","220.0","BOLÍVAR","SOLING DEL SINU S.A.S. E.S.P.","2022-03-08T00:00:00.000","0.0","2022","0.0","0.0","ISLA FUERTE","R","N","50829.43","0.0","ISLA FUERTE","P","1","119487211523761293119487211","569897212569897212569897212","E"
"1300100700001","0.0","48907","34.0","L","2","36583.33","28","CARTAGENA DE INDIAS","0.0","2022-02-28T00:00:00.000","1","-0.760","0.0","-27958.89",,"BOLÍVAR","SOLING DEL SINU S.A.S. E.S.P.","2022-03-08T00:00:00.000","0.0","2022","0.0","0.0","ISLA FUERTE","R","N","8624.44","0.0","ISLA FUERTE","P","1","291743406429942674291743406","999951293999951293999951293","E"
"1300100700001","0.0","48907","24.0","L","2","25823.53","28","CARTAGENA DE INDIAS","0.0","2022-02-28T00:00:00.000","1","-0.760","0.0","-19735.69",,"BOLÍVAR","SOLING DEL SINU S.A.S. E.S.P.","2022-03-08T00:00:00.000","0.0","2022","0.0","0.0","ISLA FUERTE","R","N","6087.84","0.0","ISLA FUERTE","P","1","4913352713655816749133527","821757822821757822821757822","E"
"1300100700001","0.0","48907","34.2","L","2","36798.53","28","CARTAGENA DE INDIAS","0.0","2022-02-28T00:00:00.000","1","-0.760","0.0","-28123.35",,"BOLÍVAR","SOLING DEL SINU S.A.S. E.S.P.","2022-03-08T00:00:00.000","0.0","2022","0.0","0.0","ISLA FUERTE","R","N","8675.18","0.0","ISLA FUERTE","P","1","471699205556646870471699205","833445828334458283344582","E"
"1300100700001","0.0","48907","27.0","L","2","29051.47","28","CARTAGENA DE INDIAS","0.0","2022-02-28T00:00:00.000","1","-0.760","0.0","-22202.65",,"BOLÍVAR","SOLING DEL SINU S.A.S. E.S.P.","2022-03-08T00:00:00.000","0.0","2022","0.0","0.0","ISLA FUERTE","R","N","6848.82","0.0","ISLA FUERTE","P","1","194883103316683926194883103","220510227220510227220510227","E"
"1300100700001","0.0","48907","32.0","L","2","34431.37","28","CARTAGENA DE INDIAS","0.0","2022-02-28T00:00:00.000","1","-0.760","0.0","-26314.25",,"BOLÍVAR","SOLING DEL SINU S.A.S. E.S.P.","2022-03-08T00:00:00.000","0.0","2022","0.0","0.0","ISLA FUERTE","R","N","8117.12","0.0","ISLA FUERTE","P","1","542208209105782982542208209","161534485161534485161534485","E"
"1300100700001","0.0","48907","47.73","L","2","51356.54","28","CARTAGENA DE INDIAS","0.0","2022-02-28T00:00:00.000","1","-0.760","0.0","-39249.35",,"BOLÍVAR","SOLING DEL SINU S.A.S. E.S.P.","2022-03-08T00:00:00.000","0.0","2022","0.0","0.0","ISLA FUERTE","R","N","12107.19","0.0","ISLA FUERTE","P","1","606525863227490858606525863","444105317444105317444105317","E"
"1300100700001","0.0","48907","27.9","L","2","30019.85","28","CARTAGENA DE INDIAS","0.0","2022-02-28T00:00:00.000","1","-0.760","0.0","-22942.74",,"BOLÍVAR","SOLING DEL SINU S.A.S. E.S.P.","2022-03-08T00:00:00.000","0.0","2022","0.0","0.0","ISLA FUERTE","R","N","7077.11","0.0","ISLA FUERTE","P","1","36095153077226183609515","148099497148099497148099497","E"
"1300100700001","0.0","48907","26.7","L","2","28728.67","28","CARTAGENA DE INDIAS","0.0","2022-02-28T00:00:00.000","1","-0.760","0.0","-21955.95",,"BOLÍVAR","SOLING DEL SINU S.A.S. E.S.P.","2022-03-08T00:00:00.000","0.0","2022","0.0","0.0","ISLA FUERTE","R","N","6772.72","0.0","ISLA FUERTE","P","1","662584687425462878662584687","806599222806599222806599222","E"
"1300100700001","0.0","48907","45.6","L","2","49064.7","28","CARTAGENA DE INDIAS","0.0","2022-02-28T00:00:00.000","1","-0.760","0.0","-37497.8",,"BOLÍVAR","SOLING DEL SINU S.A.S. E.S.P.","2022-03-08T00:00:00.000","0.0","2022","0.0","0.0","ISLA FUERTE","R","N","11566.9","0.0","ISLA FUERTE","P","1","210599100765916125210599100","705856476705856476705856476","E"
"1300100700001","0.0","48907","50.7","L","2","54552.2","28","CARTAGENA DE INDIAS","0.0","2022-02-28T00:00:00.000","1","-0.760","0.0","-41691.64",,"BOLÍVAR","SOLING DEL SINU S.A.S. E.S.P.","2022-03-08T00:00:00.000","0.0","2022","0.0","0.0","ISLA FUERTE","R","N","12860.56","0.0","ISLA FUERTE","P","1","529958530174752015529958530","662965735662965735662965735","E"
"1300100700001","0.0","48907","26.1","L","2","28083.09","28","CARTAGENA DE INDIAS","0.0","2022-02-28T00:00:00.000","1","-0.760","0.0","-21462.56",,"BOLÍVAR","SOLING DEL SINU S.A.S. E.S.P.","2022-03-08T00:00:00.000","0.0","2022","0.0","0.0","ISLA FUERTE","R","N","6620.53","0.0","ISLA FUERTE","P","1","595260951273481708595260951","225834596225834596225834596","E"
"1300100700001","0.0","48907","50.05","L","2","53852.81","28","CARTAGENA DE INDIAS","0.0","2022-02-28T00:00:00.000","1","-0.760","0.0","-41157.13",,"BOLÍVAR","SOLING DEL SINU S.A.S. E.S.P.","2022-03-08T00:00:00.000","0.0","2022","0.0","0.0","ISLA FUERTE","R","N","12695.68","0.0","ISLA FUERTE","P","1","496270105690173430496270105","135687004135687004135687004","E"
"1300100700001","0.0","48907","46.5","L","2","50033.08","28","CARTAGENA DE INDIAS","0.0","2022-02-28T00:00:00.000","1","-0.760","0.0","-38237.89",,"BOLÍVAR","SOLING DEL SINU S.A.S. E.S.P.","2022-03-08T00:00:00.000","0.0","2022","0.0","0.0","ISLA FUERTE","R","N","11795.19","0.0","ISLA FUERTE","P","1","577231975391688812577231975","828402280828402280828402280","E"
"1300100700001","0.0","48907","0.0","L","2","0","28","CARTAGENA DE INDIAS","0.0","2022-02-28T00:00:00.000","1","-0.760","0.0","0",,"BOLÍVAR","SOLING DEL SINU S.A.S. E.S.P.","2022-03-08T00:00:00.000","0.0","2022","0.0","0.0","ISLA FUERTE","R","N","0","0.0","ISLA FUERTE","P","1","386271985734551551386271985","146184181146184181146184181","E"
"1300100700001","0.0","48907","21.0","L","2","22595.59","28","CARTAGENA DE INDIAS","0.0","2022-02-28T00:00:00.000","1","-0.760","0.0","-17268.73",,"BOLÍVAR","SOLING DEL SINU S.A.S. E.S.P.","2022-03-08T00:00:00.000","0.0","2022","0.0","0.0","ISLA FUERTE","R","N","5326.86","0.0","ISLA FUERTE","P","1","676258449975230697676258449","791277461791277461791277461","E"
"1300100700001","0.0","48907","24.6","L","2","26469.11","28","CARTAGENA DE INDIAS","0.0","2022-02-28T00:00:00.000","1","-0.760","0.0","-20229.08",,"BOLÍVAR","SOLING DEL SINU S.A.S. E.S.P.","2022-03-08T00:00:00.000","0.0","2022","0.0","0.0","ISLA FUERTE","R","N","6240.03","0.0","ISLA FUERTE","P","1","120191018674742029120191018","229972018229972018229972018","E"
"1300100700001","0.0","48907","12.6","L","2","13557.35","28","CARTAGENA DE INDIAS","0.0","2022-02-28T00:00:00.000","1","-0.760","0.0","-10361.24",,"BOLÍVAR","SOLING DEL SINU S.A.S. E.S.P.","2022-03-08T00:00:00.000","0.0","2022","0.0","0.0","ISLA FUERTE","R","N","3196.11","0.0","ISLA FUERTE","P","1","229806734777015830229806734","234764469234764469234764469","E"
"1300100700001","0.0","48907","15.9","L","2","17108.09","28","CARTAGENA DE INDIAS","0.0","2022-02-28T00:00:00.000","1","-0.760","0.0","-13074.89",,"BOLÍVAR","SOLING DEL SINU S.A.S. E.S.P.","2022-03-08T00:00:00.000","0.0","2022","0.0","0.0","ISLA FUERTE","R","N","4033.2","0.0","ISLA FUERTE","P","1","403726252293351088403726252","291276035291276035291276035","E"
"1300100700001","0.0","48907","26.95","L","2","28997.67","28","CARTAGENA DE INDIAS","0.0","2022-02-28T00:00:00.000","1","-0.760","0.0","-22161.53",,"BOLÍVAR","SOLING DEL SINU S.A.S. E.S.P.","2022-03-08T00:00:00.000","0.0","2022","0.0","0.0","ISLA FUERTE","R","N","6836.14","0.0","ISLA FUERTE","P","1","708525189712051522708525189","702044592702044592702044592","E"
"1300100700001","0.0","48907","35.1","L","2","37766.91","28","CARTAGENA DE INDIAS","0.0","2022-02-28T00:00:00.000","1","-0.760","0.0","-28863.44",,"BOLÍVAR","SOLING DEL SINU S.A.S. E.S.P.","2022-03-08T00:00:00.000","0.0","2022","0.0","0.0","ISLA FUERTE","R","N","8903.47","0.0","ISLA FUERTE","P","1","185780179651988712185780179","874546778745467787454677","E"
"1300100700001","0.0","48907","54.9","L","2","59071.32","28","CARTAGENA DE INDIAS","0.0","2022-02-28T00:00:00.000","1","-0.760","0.0","-45145.38",,"BOLÍVAR","SOLING DEL SINU S.A.S. E.S.P.","2022-03-08T00:00:00.000","0.0","2022","0.0","0.0","ISLA FUERTE","R","N","13925.94","0.0","ISLA FUERTE","P","1","129381793209473837129381793","823799590823799590823799590","E"
"1300100700001","0.0","48907","48.6","L","2","52292.64","28","CARTAGENA DE INDIAS","0.0","2022-02-28T00:00:00.000","1","-0.760","0.0","-39964.77",,"BOLÍVAR","SOLING DEL SINU S.A.S. E.S.P.","2022-03-08T00:00:00.000","0.0","2022","0.0","0.0","ISLA FUERTE","R","N","12327.87","0.0","ISLA FUERTE","P","1","180884947781394357180884947","332591207332591207332591207","E"
"1300100700001","0.0","48907","39.0","L","2","41963.23","28","CARTAGENA DE INDIAS","0.0","2022-02-28T00:00:00.000","1","-0.760","0.0","-32070.49",,"BOLÍVAR","SOLING DEL SINU S.A.S. E.S.P.","2022-03-08T00:00:00.000","0.0","2022","0.0","0.0","ISLA FUERTE","R","N","9892.74","0.0","ISLA FUERTE","P","1","962296080247497741962296080","237435848237435848237435848","E"
"1300100700001","0.0","48907","29.7","L","2","31956.61","28","CARTAGENA DE INDIAS","0.0","2022-02-28T00:00:00.000","1","-0.760","0.0","-24422.91",,"BOLÍVAR","SOLING DEL SINU S.A.S. E.S.P.","2022-03-08T00:00:00.000","0.0","2022","0.0","0.0","ISLA FUERTE","R","N","7533.7","0.0","ISLA FUERTE","P","1","514218889439070940514218889","461755832461755832461755832","E"
"1300100700001","0.0","48907","14.7","L","2","15816.91","28","CARTAGENA DE INDIAS","0.0","2022-02-28T00:00:00.000","1","-0.760","0.0","-12088.11",,"BOLÍVAR","SOLING DEL SINU S.A.S. E.S.P.","2022-03-08T00:00:00.000","0.0","2022","0.0","0.0","ISLA FUERTE","R","N","3728.8","0.0","ISLA FUERTE","P","1","7677569882766909767756988","328640143328640143328640143","E"
"1300100700001","0.0","48907","43.2","L","2","46482.35","28","CARTAGENA DE INDIAS","0.0","2022-02-28T00:00:00.000","1","-0.760","0.0","-35524.24",,"BOLÍVAR","SOLING DEL SINU S.A.S. E.S.P.","2022-03-08T00:00:00.000","0.0","2022","0.0","0.0","ISLA FUERTE","R","N","10958.11","0.0","ISLA FUERTE","P","1","369389746762436539369389746","707250096707250096707250096","E"
"1300100700001","0.0","48907","10.2","L","2","10975","28","CARTAGENA DE INDIAS","0.0","2022-02-28T00:00:00.000","1","-0.760","0.0","-8387.67",,"BOLÍVAR","SOLING DEL SINU S.A.S. E.S.P.","2022-03-08T00:00:00.000","0.0","2022","0.0","0.0","ISLA FUERTE","R","N","2587.33","0.0","ISLA FUERTE","P","1","482033421267565866482033421","725677397725677397725677397","E"
"1300100700001","0.0","48907","24.9","L","2","26791.91","28","CARTAGENA DE INDIAS","0.0","2022-02-28T00:00:00.000","1","-0.760","0.0","-20475.77",,"BOLÍVAR","SOLING DEL SINU S.A.S. E.S.P.","2022-03-08T00:00:00.000","0.0","2022","0.0","0.0","ISLA FUERTE","R","N","6316.14","0.0","ISLA FUERTE","P","1","702564617306618097702564617","616413479616413479616413479","E"
"1300100700001","0.0","48907","27.6","L","2","29697.06","28","CARTAGENA DE INDIAS","0.0","2022-02-28T00:00:00.000","1","-0.760","0.0","-22696.04",,"BOLÍVAR","SOLING DEL SINU S.A.S. E.S.P.","2022-03-08T00:00:00.000","0.0","2022","0.0","0.0","ISLA FUERTE","R","N","7001.02","0.0","ISLA FUERTE","P","1","13464826954071274134648269","424903893424903893424903893","E"
"1300100700001","0.0","48907","24.3","L","2","26146.32","28","CARTAGENA DE INDIAS","0.0","2022-02-28T00:00:00.000","1","-0.760","0.0","-19982.38",,"BOLÍVAR","SOLING DEL SINU S.A.S. E.S.P.","2022-03-08T00:00:00.000","0.0","2022","0.0","0.0","ISLA FUERTE","R","N","6163.94","0.0","ISLA FUERTE","P","1","456199906181893177456199906","247637802476378024763780","E"
"1300100700001","0.0","48907","30.0","L","2","32279.41","28","CARTAGENA DE INDIAS","0.0","2022-02-28T00:00:00.000","1","-0.760","0.0","-24669.61",,"BOLÍVAR","SOLING DEL SINU S.A.S. E.S.P.","2022-03-08T00:00:00.000","0.0","2022","0.0","0.0","ISLA FUERTE","R","N","7609.8","0.0","ISLA FUERTE","P","1","62577244234465275625772442","888560804888560804888560804","E"
"1300100700001","0.0","48907","24.6","L","2","26469.11","28","CARTAGENA DE INDIAS","0.0","2022-02-28T00:00:00.000","1","-0.760","0.0","-20229.08",,"BOLÍVAR","SOLING DEL SINU S.A.S. E.S.P.","2022-03-08T00:00:00.000","0.0","2022","0.0","0.0","ISLA FUERTE","R","N","6240.03","0.0","ISLA FUERTE","P","1","512132931873746233512132931","716885106716885106716885106","E"
"1300100700001","0.0","48907","16.45","L","2","17699.88","28","CARTAGENA DE INDIAS","0.0","2022-02-28T00:00:00.000","1","-0.760","0.0","-13527.17",,"BOLÍVAR","SOLING DEL SINU S.A.S. E.S.P.","2022-03-08T00:00:00.000","0.0","2022","0.0","0.0","ISLA FUERTE","R","N","4172.71","0.0","ISLA FUERTE","P","1","38306611595587503830661","418731568418731568418731568","E"
"1300100700001","0.0","48907","33.66","L","2","36217.5","28","CARTAGENA DE INDIAS","0.0","2022-02-28T00:00:00.000","1","-0.760","0.0","-27679.3",,"BOLÍVAR","SOLING DEL SINU S.A.S. E.S.P.","2022-03-08T00:00:00.000","0.0","2022","0.0","0.0","ISLA FUERTE","R","N","8538.2","0.0","ISLA FUERTE","P","1","578869518484437408578869518","230009644230009644230009644","E"
"1300100700001","0.0","48907","27.9","L","2","30019.85","28","CARTAGENA DE INDIAS","0.0","2022-02-28T00:00:00.000","1","-0.760","0.0","-22942.74",,"BOLÍVAR","SOLING DEL SINU S.A.S. E.S.P.","2022-03-08T00:00:00.000","0.0","2022","0.0","0.0","ISLA FUERTE","R","N","7077.11","0.0","ISLA FUERTE","P","1","125406123872408936125406123","356502989356502989356502989","E"
"1300100700001","0.0","48907","37.2","L","2","40026.47","28","CARTAGENA DE INDIAS","0.0","2022-02-28T00:00:00.000","1","-0.760","0.0","-30590.31",,"BOLÍVAR","SOLING DEL SINU S.A.S. E.S.P.","2022-03-08T00:00:00.000","0.0","2022","0.0","0.0","ISLA FUERTE","R","N","9436.16","0.0","ISLA FUERTE","P","1","854738538790505854854738538","850481533850481533850481533","E"
"1300100700001","0.0","48907","0.0","L","2","0","28","CARTAGENA DE INDIAS","0.0","2022-02-28T00:00:00.000","1","-0.760","0.0","0",,"BOLÍVAR","SOLING DEL SINU S.A.S. E.S.P.","2022-03-08T00:00:00.000","0.0","2022","0.0","0.0","ISLA FUERTE","R","N","0","0.0","ISLA FUERTE","P","1","348403024756668558348403024","424948122424948122424948122","E"
"1300100700001","0.0","48907","0.0","L","2","0","28","CARTAGENA DE INDIAS","0.0","2022-02-28T00:00:00.000","1","-0.760","0.0","0",,"BOLÍVAR","SOLING DEL SINU S.A.S. E.S.P.","2022-03-08T00:00:00.000","0.0","2022","0.0","0.0","ISLA FUERTE","R","N","0","0.0","ISLA FUERTE","P","1","300501869409577278300501869","902831441902831441902831441","E"
"1300100700001","0.0","48907","0.0","L","2","0","28","CARTAGENA DE INDIAS","0.0","2022-02-28T00:00:00.000","C","-0.270","0.0","0","220.0","BOLÍVAR","SOLING DEL SINU S.A.S. E.S.P.","2022-03-08T00:00:00.000","0.0","2022","0.0","0.0","ISLA FUERTE","R","N","0","0.0","ISLA FUERTE","P","1","43158889075953466431588890","781766070781766070781766070","E"
"1300100700001","0.0","48907","54.3","L","2","58425.73","28","CARTAGENA DE INDIAS","0.0","2022-02-28T00:00:00.000","C","-0.270","0.0","-16028.83","220.0","BOLÍVAR","SOLING DEL SINU S.A.S. E.S.P.","2022-03-08T00:00:00.000","0.0","2022","0.0","0.0","ISLA FUERTE","R","N","42396.9","0.0","ISLA FUERTE","P","1","872132713203217492872132713","880799468807994688079946","E"
"1300100700001","0.0","48907","43.5","L","2","46805.14","28","CARTAGENA DE INDIAS","0.0","2022-02-28T00:00:00.000","C","-0.270","0.0","-12840.78","220.0","BOLÍVAR","SOLING DEL SINU S.A.S. E.S.P.","2022-03-08T00:00:00.000","0.0","2022","0.0","0.0","ISLA FUERTE","R","N","33964.36","0.0","ISLA FUERTE","P","1","802109509943324771802109509","583462307583462307583462307","E"
"1300100700001","0.0","48907","96.9","L","2","104262.49","28","CARTAGENA DE INDIAS","0.0","2022-02-28T00:00:00.000","C","-0.270","0.0","-28603.94","220.0","BOLÍVAR","SOLING DEL SINU S.A.S. E.S.P.","2022-03-08T00:00:00.000","0.0","2022","0.0","0.0","ISLA FUERTE","R","N","75658.55","0.0","ISLA FUERTE","P","1","602059674479505078602059674","239040655239040655239040655","E"
"1300100700001","0.0","48907","23.4","L","2","25177.94","28","CARTAGENA DE INDIAS","0.0","2022-02-28T00:00:00.000","C","-0.270","0.0","-6907.45","220.0","BOLÍVAR","SOLING DEL SINU S.A.S. E.S.P.","2022-03-08T00:00:00.000","0.0","2022","0.0","0.0","ISLA FUERTE","R","N","18270.49","0.0","ISLA FUERTE","P","1","509706177236898150970617","107654270107654270107654270","E"
"1300100700001","0.0","48907","18.6","L","2","20013.23","28","CARTAGENA DE INDIAS","0.0","2022-02-28T00:00:00.000","1","-0.760","0.0","-15295.16",,"BOLÍVAR","SOLING DEL SINU S.A.S. E.S.P.","2022-03-08T00:00:00.000","0.0","2022","0.0","0.0","ISLA FUERTE","R","N","4718.07","0.0","ISLA FUERTE","P","1","461129971139069408461129971","503817785038177850381778","E"
"1300100700001","0.0","48907","0.0","L","2","0","28","CARTAGENA DE INDIAS","0.0","2022-02-28T00:00:00.000","1","-0.760","0.0","0",,"BOLÍVAR","SOLING DEL SINU S.A.S. E.S.P.","2022-03-08T00:00:00.000","0.0","2022","0.0","0.0","ISLA FUERTE","R","N","0","0.0","ISLA FUERTE","P","1","7648950226475174764895022","281231796281231796281231796","E"
"1300100700001","0.0","48907","69.3","L","2","74565.43","28","CARTAGENA DE INDIAS","0.0","2022-02-28T00:00:00.000","1","-0.760","0.0","-56986.8",,"BOLÍVAR","SOLING DEL SINU S.A.S. E.S.P.","2022-03-08T00:00:00.000","0.0","2022","0.0","0.0","ISLA FUERTE","R","N","17578.63","0.0","ISLA FUERTE","P","1","2238563841408984922385638","581494474581494474581494474","E"
"1300100700001","0.0","48907","22.1","L","2","23779.16","28","CARTAGENA DE INDIAS","0.0","2022-02-28T00:00:00.000","1","-0.760","0.0","-18173.28",,"BOLÍVAR","SOLING DEL SINU S.A.S. E.S.P.","2022-03-08T00:00:00.000","0.0","2022","0.0","0.0","ISLA FUERTE","R","N","5605.88","0.0","ISLA FUERTE","P","1","587840371261740016587840371","482389079482389079482389079","E"
"1300100700001","0.0","48907","21.0","L","2","22595.59","28","CARTAGENA DE INDIAS","0.0","2022-02-28T00:00:00.000","1","-0.760","0.0","-17268.73",,"BOLÍVAR","SOLING DEL SINU S.A.S. E.S.P.","2022-03-08T00:00:00.000","0.0","2022","0.0","0.0","ISLA FUERTE","R","N","5326.86","0.0","ISLA FUERTE","P","1","5401489351315883454014893","547347223547347223547347223","E"
"1300100700001","0.0","48907","20.16","L","2","21691.76","28","CARTAGENA DE INDIAS","0.0","2022-02-28T00:00:00.000","1","-0.760","0.0","-16577.98",,"BOLÍVAR","SOLING DEL SINU S.A.S. E.S.P.","2022-03-08T00:00:00.000","0.0","2022","0.0","0.0","ISLA FUERTE","R","N","5113.78","0.0","ISLA FUERTE","P","1","437112373675267242437112373","147821014147821014147821014","E"
"1300100700001","0.0","48907","32.7","L","2","35184.56","28","CARTAGENA DE INDIAS","0.0","2022-02-28T00:00:00.000","1","-0.760","0.0","-26889.87",,"BOLÍVAR","SOLING DEL SINU S.A.S. E.S.P.","2022-03-08T00:00:00.000","0.0","2022","0.0","0.0","ISLA FUERTE","R","N","8294.69","0.0","ISLA FUERTE","P","1","103566383468260629103566383","433137532433137532433137532","E"
"1300100700001","0.0","48907","0.0","L","2","0","28","CARTAGENA DE INDIAS","0.0","2022-02-28T00:00:00.000","1","-0.760","0.0","0",,"BOLÍVAR","SOLING DEL SINU S.A.S. E.S.P.","2022-03-08T00:00:00.000","0.0","2022","0.0","0.0","ISLA FUERTE","R","N","0","0.0","ISLA FUERTE","P","1","16074367444224044160743674","810185357810185357810185357","E"
"1300100700001","0.0","48907","24.6","L","2","26469.11","28","CARTAGENA DE INDIAS","0.0","2022-02-28T00:00:00.000","1","-0.760","0.0","-20229.08",,"BOLÍVAR","SOLING DEL SINU S.A.S. E.S.P.","2022-03-08T00:00:00.000","0.0","2022","0.0","0.0","ISLA FUERTE","R","N","6240.03","0.0","ISLA FUERTE","P","1","403354251717920847403354251","158870122158870122158870122","E"
"1300100700001","0.0","48907","25.0","L","2","26899.51","28","CARTAGENA DE INDIAS","0.0","2022-02-28T00:00:00.000","1","-0.760","0.0","-20558.01",,"BOLÍVAR","SOLING DEL SINU S.A.S. E.S.P.","2022-03-08T00:00:00.000","0.0","2022","0.0","0.0","ISLA FUERTE","R","N","6341.5","0.0","ISLA FUERTE","P","1","967137747426147178967137747","174062985174062985174062985","E"
"1300100700001","0.0","48907","0.0","L","2","0","28","CARTAGENA DE INDIAS","0.0","2022-02-28T00:00:00.000","1","-0.760","0.0","0",,"BOLÍVAR","SOLING DEL SINU S.A.S. E.S.P.","2022-03-08T00:00:00.000","0.0","2022","0.0","0.0","ISLA FUERTE","R","N","0","0.0","ISLA FUERTE","P","1","75740949342205073757409493","678811488678811488678811488","E"
"1300100700001","0.0","48907","0.0","L","2","0","28","CARTAGENA DE INDIAS","0.0","2022-02-28T00:00:00.000","1","-0.760","0.0","0",,"BOLÍVAR","SOLING DEL SINU S.A.S. E.S.P.","2022-03-08T00:00:00.000","0.0","2022","0.0","0.0","ISLA FUERTE","R","N","0","0.0","ISLA FUERTE","P","1","885541607681863409885541607","718055512718055512718055512","E"
"1300100700001","0.0","48907","35.4","L","2","38089.7","28","CARTAGENA DE INDIAS","0.0","2022-02-28T00:00:00.000","O","-0.410","0.0","-15641.15","220.0","BOLÍVAR","SOLING DEL SINU S.A.S. E.S.P.","2022-03-08T00:00:00.000","0.0","2022","0.0","0.0","ISLA FUERTE","R","N","22448.55","0.0","ISLA FUERTE","P","1","25043592786076818250435927","158538339158538339158538339","E"
"1300100700001","0.0","48907","0.0","L","2","0","28","CARTAGENA DE INDIAS","0.0","2022-02-28T00:00:00.000","1","-0.760","0.0","0",,"BOLÍVAR","SOLING DEL SINU S.A.S. E.S.P.","2022-03-08T00:00:00.000","0.0","2022","0.0","0.0","ISLA FUERTE","R","N","0","0.0","ISLA FUERTE","P","1","342961859884014687342961859","414919318414919318414919318","E"
"1300100700001","0.0","48907","0.0","L","2","0","28","CARTAGENA DE INDIAS","0.0","2022-02-28T00:00:00.000","1","-0.760","0.0","0",,"BOLÍVAR","SOLING DEL SINU S.A.S. E.S.P.","2022-03-08T00:00:00.000","0.0","2022","0.0","0.0","ISLA FUERTE","R","N","0","0.0","ISLA FUERTE","P","1","846485724688397672846485724","192827301192827301192827301","E"
"1300100700001","0.0","48907","0.0","L","2","0","28","CARTAGENA DE INDIAS","0.0","2022-02-28T00:00:00.000","1","-0.760","0.0","0",,"BOLÍVAR","SOLING DEL SINU S.A.S. E.S.P.","2022-03-08T00:00:00.000","0.0","2022","0.0","0.0","ISLA FUERTE","R","N","0","0.0","ISLA FUERTE","P","1","349907613980085021349907613","374353616374353616374353616","E"
"1300100700001","0.0","48907","0.0","L","2","0","28","CARTAGENA DE INDIAS","0.0","2022-02-28T00:00:00.000","1","-0.760","0.0","0",,"BOLÍVAR","SOLING DEL SINU S.A.S. E.S.P.","2022-03-08T00:00:00.000","0.0","2022","0.0","0.0","ISLA FUERTE","R","N","0","0.0","ISLA FUERTE","P","1","370142546498525895370142546","876864306876864306876864306","E"
"1300100700001","0.0","48907","0.0","L","2","0","28","CARTAGENA DE INDIAS","0.0","2022-02-28T00:00:00.000","1","-0.760","0.0","0",,"BOLÍVAR","SOLING DEL SINU S.A.S. E.S.P.","2022-03-08T00:00:00.000","0.0","2022","0.0","0.0","ISLA FUERTE","R","N","0","0.0","ISLA FUERTE","P","1","28258536318046661282585363","877590248775902487759024","E"
"1300100700001","0.0","48907","0.0","L","2","0","28","CARTAGENA DE INDIAS","0.0","2022-02-28T00:00:00.000","1","-0.760","0.0","0",,"BOLÍVAR","SOLING DEL SINU S.A.S. E.S.P.","2022-03-08T00:00:00.000","0.0","2022","0.0","0.0","ISLA FUERTE","R","N","0","0.0","ISLA FUERTE","P","1","250572243235413368250572243","239090327239090327239090327","E"
"1300100700001","0.0","48907","0.0","L","2","0","28","CARTAGENA DE INDIAS","0.0","2022-02-28T00:00:00.000","1","-0.760","0.0","0",,"BOLÍVAR","SOLING DEL SINU S.A.S. E.S.P.","2022-03-08T00:00:00.000","0.0","2022","0.0","0.0","ISLA FUERTE","R","N","0","0.0","ISLA FUERTE","P","1","966880462286114551966880462","797532607797532607797532607","E"
"1300100700001","0.0","48907","0.0","L","2","0","28","CARTAGENA DE INDIAS","0.0","2022-02-28T00:00:00.000","1","-0.760","0.0","0",,"BOLÍVAR","SOLING DEL SINU S.A.S. E.S.P.","2022-03-08T00:00:00.000","0.0","2022","0.0","0.0","ISLA FUERTE","R","N","0","0.0","ISLA FUERTE","P","1","727146325262223224727146325","165162615165162615165162615","E"
"1300100700001","0.0","48907","0.0","L","2","0","28","CARTAGENA DE INDIAS","0.0","2022-02-28T00:00:00.000","1","-0.760","0.0","0",,"BOLÍVAR","SOLING DEL SINU S.A.S. E.S.P.","2022-03-08T00:00:00.000","0.0","2022","0.0","0.0","ISLA FUERTE","R","N","0","0.0","ISLA FUERTE","P","1","9533209422119698895332094","539894413539894413539894413","E"
"1300100700001","0.0","48907","0.0","L","2","0","28","CARTAGENA DE INDIAS","0.0","2022-02-28T00:00:00.000","1","-0.760","0.0","0",,"BOLÍVAR","SOLING DEL SINU S.A.S. E.S.P.","2022-03-08T00:00:00.000","0.0","2022","0.0","0.0","ISLA FUERTE","R","N","0","0.0","ISLA FUERTE","P","1","188531534101896433188531534","303711946303711946303711946","E"
"1300100700001","0.0","48907","0.0","L","2","0","28","CARTAGENA DE INDIAS","0.0","2022-02-28T00:00:00.000","1","-0.760","0.0","0",,"BOLÍVAR","SOLING DEL SINU S.A.S. E.S.P.","2022-03-08T00:00:00.000","0.0","2022","0.0","0.0","ISLA FUERTE","R","N","0","0.0","ISLA FUERTE","P","1","962467169263397805962467169","286913810286913810286913810","E"
"1300100700001","0.0","48907","26.1","L","2","28083.09","28","CARTAGENA DE INDIAS","0.0","2022-02-28T00:00:00.000","1","-0.760","0.0","-21462.56",,"BOLÍVAR","SOLING DEL SINU S.A.S. E.S.P.","2022-03-08T00:00:00.000","0.0","2022","0.0","0.0","ISLA FUERTE","R","N","6620.53","0.0","ISLA FUERTE","P","1","371930717121378466371930717","337751620337751620337751620","E"
"1300100700001","0.0","48907","19.8","L","2","21304.41","28","CARTAGENA DE INDIAS","0.0","2022-02-28T00:00:00.000","1","-0.760","0.0","-16281.94",,"BOLÍVAR","SOLING DEL SINU S.A.S. E.S.P.","2022-03-08T00:00:00.000","0.0","2022","0.0","0.0","ISLA FUERTE","R","N","5022.47","0.0","ISLA FUERTE","P","1","709034743834646960709034743","431472030431472030431472030","E"
"1300100700001","0.0","48907","0.0","L","2","0","28","CARTAGENA DE INDIAS","0.0","2022-02-28T00:00:00.000","1","-0.760","0.0","0",,"BOLÍVAR","SOLING DEL SINU S.A.S. E.S.P.","2022-03-08T00:00:00.000","0.0","2022","0.0","0.0","ISLA FUERTE","R","N","0","0.0","ISLA FUERTE","P","1","274657713157368021274657713","201045624201045624201045624","E"
"1300100700001","0.0","48907","51.3","L","2","55197.79","28","CARTAGENA DE INDIAS","0.0","2022-02-28T00:00:00.000","1","-0.760","0.0","-42185.03",,"BOLÍVAR","SOLING DEL SINU S.A.S. E.S.P.","2022-03-08T00:00:00.000","0.0","2022","0.0","0.0","ISLA FUERTE","R","N","13012.76","0.0","ISLA FUERTE","P","1","951045454514887539951045454","630975402630975402630975402","E"
"1300100700001","0.0","48907","38.11","L","2","41005.61","28","CARTAGENA DE INDIAS","0.0","2022-02-28T00:00:00.000","1","-0.760","0.0","-31338.63",,"BOLÍVAR","SOLING DEL SINU S.A.S. E.S.P.","2022-03-08T00:00:00.000","0.0","2022","0.0","0.0","ISLA FUERTE","R","N","9666.98","0.0","ISLA FUERTE","P","1","10973699549235465109736995","260287600260287600260287600","E"
"1300100700001","0.0","48907","21.3","L","2","22918.38","28","CARTAGENA DE INDIAS","0.0","2022-02-28T00:00:00.000","1","-0.760","0.0","-17515.42",,"BOLÍVAR","SOLING DEL SINU S.A.S. E.S.P.","2022-03-08T00:00:00.000","0.0","2022","0.0","0.0","ISLA FUERTE","R","N","5402.96","0.0","ISLA FUERTE","P","1","576100762365084248576100762","214903416214903416214903416","E"
"1300100700001","0.0","48907","21.6","L","2","23241.17","28","CARTAGENA DE INDIAS","0.0","2022-02-28T00:00:00.000","1","-0.760","0.0","-17762.12",,"BOLÍVAR","SOLING DEL SINU S.A.S. E.S.P.","2022-03-08T00:00:00.000","0.0","2022","0.0","0.0","ISLA FUERTE","R","N","5479.05","0.0","ISLA FUERTE","P","1","565463207872969047565463207","491406103491406103491406103","E"
"1300100700001","0.0","48907","27.0","L","2","29051.47","28","CARTAGENA DE INDIAS","0.0","2022-02-28T00:00:00.000","1","-0.760","0.0","-22202.65",,"BOLÍVAR","SOLING DEL SINU S.A.S. E.S.P.","2022-03-08T00:00:00.000","0.0","2022","0.0","0.0","ISLA FUERTE","R","N","6848.82","0.0","ISLA FUERTE","P","1","5835695192144409158356951","802988839802988839802988839","E"
"1300100700001","0.0","48907","18.3","L","2","19690.44","28","CARTAGENA DE INDIAS","0.0","2022-02-28T00:00:00.000","1","-0.760","0.0","-15048.46",,"BOLÍVAR","SOLING DEL SINU S.A.S. E.S.P.","2022-03-08T00:00:00.000","0.0","2022","0.0","0.0","ISLA FUERTE","R","N","4641.98","0.0","ISLA FUERTE","P","1","960457509167223132960457509","952343698952343698952343698","E"
"1300100700001","0.0","48907","57.3","L","2","61653.67","28","CARTAGENA DE INDIAS","0.0","2022-02-28T00:00:00.000","1","-0.760","0.0","-47118.95",,"BOLÍVAR","SOLING DEL SINU S.A.S. E.S.P.","2022-03-08T00:00:00.000","0.0","2022","0.0","0.0","ISLA FUERTE","R","N","14534.72","0.0","ISLA FUERTE","P","1","916117582676656336916117582","534908905349089053490890","E"
"1300100700001","0.0","48907","27.3","L","2","29374.26","28","CARTAGENA DE INDIAS","0.0","2022-02-28T00:00:00.000","1","-0.760","0.0","-22449.34",,"BOLÍVAR","SOLING DEL SINU S.A.S. E.S.P.","2022-03-08T00:00:00.000","0.0","2022","0.0","0.0","ISLA FUERTE","R","N","6924.92","0.0","ISLA FUERTE","P","1","548276119235850498548276119","571382826571382826571382826","E"
"1300100700001","0.0","48907","16.8","L","2","18076.47","28","CARTAGENA DE INDIAS","0.0","2022-02-28T00:00:00.000","1","-0.760","0.0","-13814.98",,"BOLÍVAR","SOLING DEL SINU S.A.S. E.S.P.","2022-03-08T00:00:00.000","0.0","2022","0.0","0.0","ISLA FUERTE","R","N","4261.49","0.0","ISLA FUERTE","P","1","402131856833733395402131856","636765814636765814636765814","E"
"1300100700001","0.0","48907","30.0","L","2","32279.41","28","CARTAGENA DE INDIAS","0.0","2022-02-28T00:00:00.000","1","-0.760","0.0","-24669.61",,"BOLÍVAR","SOLING DEL SINU S.A.S. E.S.P.","2022-03-08T00:00:00.000","0.0","2022","0.0","0.0","ISLA FUERTE","R","N","7609.8","0.0","ISLA FUERTE","P","1","483874176870751053483874176","929345494929345494929345494","E"
"1300100700001","0.0","48907","30.3","L","2","32602.2","28","CARTAGENA DE INDIAS","0.0","2022-02-28T00:00:00.000","1","-0.760","0.0","-24916.3",,"BOLÍVAR","SOLING DEL SINU S.A.S. E.S.P.","2022-03-08T00:00:00.000","0.0","2022","0.0","0.0","ISLA FUERTE","R","N","7685.9","0.0","ISLA FUERTE","P","1","570646416271661918570646416","719248565719248565719248565","E"
"1300100700001","0.0","48907","51.3","L","2","55197.79","28","CARTAGENA DE INDIAS","0.0","2022-02-28T00:00:00.000","1","-0.760","0.0","-42185.03",,"BOLÍVAR","SOLING DEL SINU S.A.S. E.S.P.","2022-03-08T00:00:00.000","0.0","2022","0.0","0.0","ISLA FUERTE","R","N","13012.76","0.0","ISLA FUERTE","P","1","62441358897970764624413588","604897690604897690604897690","E"
"1300100700001","0.0","48907","61.5","L","2","66172.79","28","CARTAGENA DE INDIAS","0.0","2022-02-28T00:00:00.000","1","-0.760","0.0","-50572.7",,"BOLÍVAR","SOLING DEL SINU S.A.S. E.S.P.","2022-03-08T00:00:00.000","0.0","2022","0.0","0.0","ISLA FUERTE","R","N","15600.09","0.0","ISLA FUERTE","P","1","946157010862409737946157010","921589623921589623921589623","E"
"1300100700001","0.0","48907","31.8","L","2","34216.17","28","CARTAGENA DE INDIAS","0.0","2022-02-28T00:00:00.000","1","-0.760","0.0","-26149.78",,"BOLÍVAR","SOLING DEL SINU S.A.S. E.S.P.","2022-03-08T00:00:00.000","0.0","2022","0.0","0.0","ISLA FUERTE","R","N","8066.39","0.0","ISLA FUERTE","P","1","4434983814730013344349838","975632516975632516975632516","E"
"1300100700001","0.0","48907","53.4","L","2","57457.35","28","CARTAGENA DE INDIAS","0.0","2022-02-28T00:00:00.000","1","-0.760","0.0","-43911.9",,"BOLÍVAR","SOLING DEL SINU S.A.S. E.S.P.","2022-03-08T00:00:00.000","0.0","2022","0.0","0.0","ISLA FUERTE","R","N","13545.45","0.0","ISLA FUERTE","P","1","948229381188788343948229381","181571545181571545181571545","E"
"1300100700001","0.0","48907","34.2","L","2","36798.53","28","CARTAGENA DE INDIAS","0.0","2022-02-28T00:00:00.000","1","-0.760","0.0","-28123.35",,"BOLÍVAR","SOLING DEL SINU S.A.S. E.S.P.","2022-03-08T00:00:00.000","0.0","2022","0.0","0.0","ISLA FUERTE","R","N","8675.18","0.0","ISLA FUERTE","P","1","774535281427584635774535281","129951358129951358129951358","E"
"1300100700001","0.0","48907","0.0","L","2","0","28","CARTAGENA DE INDIAS","0.0","2022-02-28T00:00:00.000","1","-0.760","0.0","0",,"BOLÍVAR","SOLING DEL SINU S.A.S. E.S.P.","2022-03-08T00:00:00.000","0.0","2022","0.0","0.0","ISLA FUERTE","R","N","0","0.0","ISLA FUERTE","P","1","754947803991421856754947803","105084800105084800105084800","E"
"1300100700001","0.0","48907","44.4","L","2","47773.52","28","CARTAGENA DE INDIAS","0.0","2022-02-28T00:00:00.000","1","-0.760","0.0","-36511.02",,"BOLÍVAR","SOLING DEL SINU S.A.S. E.S.P.","2022-03-08T00:00:00.000","0.0","2022","0.0","0.0","ISLA FUERTE","R","N","11262.5","0.0","ISLA FUERTE","P","1","83641607475710021836416074","388517133388517133388517133","E"
"1300100700001","0.0","48907","31.5","L","2","33893.38","28","CARTAGENA DE INDIAS","0.0","2022-02-28T00:00:00.000","1","-0.760","0.0","-25903.09",,"BOLÍVAR","SOLING DEL SINU S.A.S. E.S.P.","2022-03-08T00:00:00.000","0.0","2022","0.0","0.0","ISLA FUERTE","R","N","7990.29","0.0","ISLA FUERTE","P","1","456390409125329181456390409","153664371536643715366437","E"
"1300100700001","0.0","48907","0.0","L","2","0","28","CARTAGENA DE INDIAS","0.0","2022-02-28T00:00:00.000","1","-0.760","0.0","0",,"BOLÍVAR","SOLING DEL SINU S.A.S. E.S.P.","2022-03-08T00:00:00.000","0.0","2022","0.0","0.0","ISLA FUERTE","R","N","0","0.0","ISLA FUERTE","P","1","656931718272289538656931718","562496107562496107562496107","E"
"1300100700001","0.0","48907","17.1","L","2","18399.26","28","CARTAGENA DE INDIAS","0.0","2022-02-28T00:00:00.000","1","-0.760","0.0","-14061.68",,"BOLÍVAR","SOLING DEL SINU S.A.S. E.S.P.","2022-03-08T00:00:00.000","0.0","2022","0.0","0.0","ISLA FUERTE","R","N","4337.58","0.0","ISLA FUERTE","P","1","822551260337281590822551260","414676269414676269414676269","E"
"1300100700001","0.0","48907","34.2","L","2","36798.53","28","CARTAGENA DE INDIAS","0.0","2022-02-28T00:00:00.000","1","-0.760","0.0","-28123.35",,"BOLÍVAR","SOLING DEL SINU S.A.S. E.S.P.","2022-03-08T00:00:00.000","0.0","2022","0.0","0.0","ISLA FUERTE","R","N","8675.18","0.0","ISLA FUERTE","P","1","777328037299951874777328037","234770574234770574234770574","E"
"1300100700001","0.0","48907","24.3","L","2","26146.32","28","CARTAGENA DE INDIAS","0.0","2022-02-28T00:00:00.000","1","-0.760","0.0","-19982.38",,"BOLÍVAR","SOLING DEL SINU S.A.S. E.S.P.","2022-03-08T00:00:00.000","0.0","2022","0.0","0.0","ISLA FUERTE","R","N","6163.94","0.0","ISLA FUERTE","P","1","137417578415879191137417578","889283208892832088928320","E"
"1300100700001","0.0","48907","30.6","L","2","32925","28","CARTAGENA DE INDIAS","0.0","2022-02-28T00:00:00.000","1","-0.760","0.0","-25163",,"BOLÍVAR","SOLING DEL SINU S.A.S. E.S.P.","2022-03-08T00:00:00.000","0.0","2022","0.0","0.0","ISLA FUERTE","R","N","7762","0.0","ISLA FUERTE","P","1","404668320642551879404668320","263437798263437798263437798","E"
"1300100700001","0.0","48907","22.8","L","2","24532.35","28","CARTAGENA DE INDIAS","0.0","2022-02-28T00:00:00.000","1","-0.760","0.0","-18748.9",,"BOLÍVAR","SOLING DEL SINU S.A.S. E.S.P.","2022-03-08T00:00:00.000","0.0","2022","0.0","0.0","ISLA FUERTE","R","N","5783.45","0.0","ISLA FUERTE","P","1","886275899415211831886275899","373904693739046937390469","E"
"1300100700001","0.0","48907","24.0","L","2","25823.53","28","CARTAGENA DE INDIAS","0.0","2022-02-28T00:00:00.000","1","-0.760","0.0","-19735.69",,"BOLÍVAR","SOLING DEL SINU S.A.S. E.S.P.","2022-03-08T00:00:00.000","0.0","2022","0.0","0.0","ISLA FUERTE","R","N","6087.84","0.0","ISLA FUERTE","P","1","57884040269390933578840402","394899022394899022394899022","E"
"1300100700001","0.0","48907","27.0","L","2","29051.47","28","CARTAGENA DE INDIAS","0.0","2022-02-28T00:00:00.000","1","-0.760","0.0","-22202.65",,"BOLÍVAR","SOLING DEL SINU S.A.S. E.S.P.","2022-03-08T00:00:00.000","0.0","2022","0.0","0.0","ISLA FUERTE","R","N","6848.82","0.0","ISLA FUERTE","P","1","176907923171975998176907923","523565407523565407523565407","E"
"1300100700001","0.0","48907","22.2","L","2","23886.76","28","CARTAGENA DE INDIAS","0.0","2022-02-28T00:00:00.000","1","-0.760","0.0","-18255.51",,"BOLÍVAR","SOLING DEL SINU S.A.S. E.S.P.","2022-03-08T00:00:00.000","0.0","2022","0.0","0.0","ISLA FUERTE","R","N","5631.25","0.0","ISLA FUERTE","P","1","364758812286861830364758812","302040113302040113302040113","E"
"1300100700001","0.0","48907","15.9","L","2","17108.09","28","CARTAGENA DE INDIAS","0.0","2022-02-28T00:00:00.000","1","-0.760","0.0","-13074.89",,"BOLÍVAR","SOLING DEL SINU S.A.S. E.S.P.","2022-03-08T00:00:00.000","0.0","2022","0.0","0.0","ISLA FUERTE","R","N","4033.2","0.0","ISLA FUERTE","P","1","704439494143213105704439494","944782129944782129944782129","E"
"1300100700001","0.0","48907","21.9","L","2","23563.97","28","CARTAGENA DE INDIAS","0.0","2022-02-28T00:00:00.000","1","-0.760","0.0","-18008.81",,"BOLÍVAR","SOLING DEL SINU S.A.S. E.S.P.","2022-03-08T00:00:00.000","0.0","2022","0.0","0.0","ISLA FUERTE","R","N","5555.16","0.0","ISLA FUERTE","P","1","849283487134769570849283487","315909122315909122315909122","E"
"1300100700001","0.0","48907","19.8","L","2","21304.41","28","CARTAGENA DE INDIAS","0.0","2022-02-28T00:00:00.000","1","-0.760","0.0","-16281.94",,"BOLÍVAR","SOLING DEL SINU S.A.S. E.S.P.","2022-03-08T00:00:00.000","0.0","2022","0.0","0.0","ISLA FUERTE","R","N","5022.47","0.0","ISLA FUERTE","P","1","285727107694066774285727107","694769877694769877694769877","E"
"1300100700001","0.0","48907","28.8","L","2","30988.23","28","CARTAGENA DE INDIAS","0.0","2022-02-28T00:00:00.000","1","-0.760","0.0","-23682.82",,"BOLÍVAR","SOLING DEL SINU S.A.S. E.S.P.","2022-03-08T00:00:00.000","0.0","2022","0.0","0.0","ISLA FUERTE","R","N","7305.41","0.0","ISLA FUERTE","P","1","787380321262915786787380321","123117191231171912311719","E"
"1300100700001","0.0","48907","27.3","L","2","29374.26","28","CARTAGENA DE INDIAS","0.0","2022-02-28T00:00:00.000","1","-0.760","0.0","-22449.34",,"BOLÍVAR","SOLING DEL SINU S.A.S. E.S.P.","2022-03-08T00:00:00.000","0.0","2022","0.0","0.0","ISLA FUERTE","R","N","6924.92","0.0","ISLA FUERTE","P","1","493603990579484546493603990","145129967145129967145129967","E"
"1300100700001","0.0","48907","18.2","L","2","19582.84","28","CARTAGENA DE INDIAS","0.0","2022-02-28T00:00:00.000","1","-0.760","0.0","-14966.23",,"BOLÍVAR","SOLING DEL SINU S.A.S. E.S.P.","2022-03-08T00:00:00.000","0.0","2022","0.0","0.0","ISLA FUERTE","R","N","4616.61","0.0","ISLA FUERTE","P","1","658172871179766519658172871","478207184782071847820718","E"
"1300100700001","0.0","48907","53.4","L","2","57457.35","28","CARTAGENA DE INDIAS","0.0","2022-02-28T00:00:00.000","C","-0.270","0.0","-15763.16","220.0","BOLÍVAR","SOLING DEL SINU S.A.S. E.S.P.","2022-03-08T00:00:00.000","0.0","2022","0.0","0.0","ISLA FUERTE","R","N","41694.19","0.0","ISLA FUERTE","P","1","404487867611848669404487867","190652111190652111190652111","E"
"1300100700001","0.0","48907","61.0","L","2","65634.8","28","CARTAGENA DE INDIAS","0.0","2022-02-28T00:00:00.000","C","-0.270","0.0","-18006.61","220.0","BOLÍVAR","SOLING DEL SINU S.A.S. E.S.P.","2022-03-08T00:00:00.000","0.0","2022","0.0","0.0","ISLA FUERTE","R","N","47628.19","0.0","ISLA FUERTE","P","1","599107352990858433599107352","421432956421432956421432956","E"
"1300100700001","0.0","48907","92.7","L","2","99743.37","28","CARTAGENA DE INDIAS","0.0","2022-02-28T00:00:00.000","C","-0.270","0.0","-27364.14","220.0","BOLÍVAR","SOLING DEL SINU S.A.S. E.S.P.","2022-03-08T00:00:00.000","0.0","2022","0.0","0.0","ISLA FUERTE","R","N","72379.23","0.0","ISLA FUERTE","P","1","222775276426944389222775276","336671676336671676336671676","E"
"1300100700001","0.0","48907","76.8","L","2","82635.29","28","CARTAGENA DE INDIAS","0.0","2022-02-28T00:00:00.000","C","-0.270","0.0","-22670.61","220.0","BOLÍVAR","SOLING DEL SINU S.A.S. E.S.P.","2022-03-08T00:00:00.000","0.0","2022","0.0","0.0","ISLA FUERTE","R","N","59964.68","0.0","ISLA FUERTE","P","1","422347757446746734422347757","707662542707662542707662542","E"
"1300100700001","0.0","48907","60.9","L","2","65527.2","28","CARTAGENA DE INDIAS","0.0","2022-02-28T00:00:00.000","1","-0.760","0.0","-50079.3",,"BOLÍVAR","SOLING DEL SINU S.A.S. E.S.P.","2022-03-08T00:00:00.000","0.0","2022","0.0","0.0","ISLA FUERTE","R","N","15447.9","0.0","ISLA FUERTE","P","1","775994799710440465775994799","158930171589301715893017","E"
"1300100700001","0.0","48907","22.2","L","2","23886.76","28","CARTAGENA DE INDIAS","0.0","2022-02-28T00:00:00.000","1","-0.760","0.0","-18255.51",,"BOLÍVAR","SOLING DEL SINU S.A.S. E.S.P.","2022-03-08T00:00:00.000","0.0","2022","0.0","0.0","ISLA FUERTE","R","N","5631.25","0.0","ISLA FUERTE","P","1","461258606139636838461258606","913240829913240829913240829","E"
"1300100700001","0.0","48907","37.8","L","2","40672.05","28","CARTAGENA DE INDIAS","0.0","2022-02-28T00:00:00.000","1","-0.760","0.0","-31083.71",,"BOLÍVAR","SOLING DEL SINU S.A.S. E.S.P.","2022-03-08T00:00:00.000","0.0","2022","0.0","0.0","ISLA FUERTE","R","N","9588.34","0.0","ISLA FUERTE","P","1","322600094667529536322600094","987048809870488098704880","E"
"1300100700001","0.0","48907","57.6","L","2","61976.46","28","CARTAGENA DE INDIAS","0.0","2022-02-28T00:00:00.000","1","-0.760","0.0","-47365.65",,"BOLÍVAR","SOLING DEL SINU S.A.S. E.S.P.","2022-03-08T00:00:00.000","0.0","2022","0.0","0.0","ISLA FUERTE","R","N","14610.81","0.0","ISLA FUERTE","P","1","528413834709577137528413834","885303793885303793885303793","E"
"1300100700001","0.0","48907","45.0","L","2","48419.11","28","CARTAGENA DE INDIAS","0.0","2022-02-28T00:00:00.000","1","-0.760","0.0","-37004.41",,"BOLÍVAR","SOLING DEL SINU S.A.S. E.S.P.","2022-03-08T00:00:00.000","0.0","2022","0.0","0.0","ISLA FUERTE","R","N","11414.7","0.0","ISLA FUERTE","P","1","728046660768561915728046660","492942029492942029492942029","E"
"1300100700001","0.0","48907","21.0","L","2","22595.59","28","CARTAGENA DE INDIAS","0.0","2022-02-28T00:00:00.000","1","-0.760","0.0","-17268.73",,"BOLÍVAR","SOLING DEL SINU S.A.S. E.S.P.","2022-03-08T00:00:00.000","0.0","2022","0.0","0.0","ISLA FUERTE","R","N","5326.86","0.0","ISLA FUERTE","P","1","467665725863648606467665725","854157897854157897854157897","E"
"1300100700001","0.0","48907","22.5","L","2","24209.56","28","CARTAGENA DE INDIAS","0.0","2022-02-28T00:00:00.000","1","-0.760","0.0","-18502.21",,"BOLÍVAR","SOLING DEL SINU S.A.S. E.S.P.","2022-03-08T00:00:00.000","0.0","2022","0.0","0.0","ISLA FUERTE","R","N","5707.35","0.0","ISLA FUERTE","P","1","826648980697731578826648980","548492904548492904548492904","E"
"1300100700001","0.0","48907","15.3","L","2","16462.5","28","CARTAGENA DE INDIAS","0.0","2022-02-28T00:00:00.000","1","-0.760","0.0","-12581.5",,"BOLÍVAR","SOLING DEL SINU S.A.S. E.S.P.","2022-03-08T00:00:00.000","0.0","2022","0.0","0.0","ISLA FUERTE","R","N","3881","0.0","ISLA FUERTE","P","1","964947823555109202964947823","500747439500747439500747439","E"
"1300100700001","0.0","48907","0.0","L","2","0","28","CARTAGENA DE INDIAS","0.0","2022-02-28T00:00:00.000","1","-0.760","0.0","0",,"BOLÍVAR","SOLING DEL SINU S.A.S. E.S.P.","2022-03-08T00:00:00.000","0.0","2022","0.0","0.0","ISLA FUERTE","R","N","0","0.0","ISLA FUERTE","P","1","596004706742445849596004706","922524010922524010922524010","E"
"1300100700001","0.0","48907","0.0","L","2","0","28","CARTAGENA DE INDIAS","0.0","2022-02-28T00:00:00.000","1","-0.760","0.0","0",,"BOLÍVAR","SOLING DEL SINU S.A.S. E.S.P.","2022-03-08T00:00:00.000","0.0","2022","0.0","0.0","ISLA FUERTE","R","N","0","0.0","ISLA FUERTE","P","1","105527472305827026105527472","897469607897469607897469607","E"
"1300100700001","0.0","48907","12.92","L","2","13901.67","28","CARTAGENA DE INDIAS","0.0","2022-02-28T00:00:00.000","C","-0.270","0.0","-3813.86","220.0","BOLÍVAR","SOLING DEL SINU S.A.S. E.S.P.","2022-03-08T00:00:00.000","0.0","2022","0.0","0.0","ISLA FUERTE","R","N","10087.81","0.0","ISLA FUERTE","P","1","573362608487242221573362608","506447554506447554506447554","E"
"1300100700001","0.0","48907","13.5","L","2","14525.73","28","CARTAGENA DE INDIAS","0.0","2022-02-28T00:00:00.000","C","-0.270","0.0","-3985.07","220.0","BOLÍVAR","SOLING DEL SINU S.A.S. E.S.P.","2022-03-08T00:00:00.000","0.0","2022","0.0","0.0","ISLA FUERTE","R","N","10540.66","0.0","ISLA FUERTE","P","1","339007429838755147339007429","116189234116189234116189234","E"
"1300100700001","0.0","48907","0.0","L","2","0","28","CARTAGENA DE INDIAS","0.0","2022-02-28T00:00:00.000","1","-0.760","0.0","0",,"BOLÍVAR","SOLING DEL SINU S.A.S. E.S.P.","2022-03-08T00:00:00.000","0.0","2022","0.0","0.0","ISLA FUERTE","R","N","0","0.0","ISLA FUERTE","P","1","7207706859120875720770685","836705117836705117836705117","E"
"1300100700001","0.0","48907","0.0","L","2","0","28","CARTAGENA DE INDIAS","0.0","2022-02-28T00:00:00.000","1","-0.760","0.0","0",,"BOLÍVAR","SOLING DEL SINU S.A.S. E.S.P.","2022-03-08T00:00:00.000","0.0","2022","0.0","0.0","ISLA FUERTE","R","N","0","0.0","ISLA FUERTE","P","1","537527229942000022537527229","209310923209310923209310923","E"
"1300100700001","0.0","48907","0.0","L","2","0","28","CARTAGENA DE INDIAS","0.0","2022-02-28T00:00:00.000","1","-0.760","0.0","0",,"BOLÍVAR","SOLING DEL SINU S.A.S. E.S.P.","2022-03-08T00:00:00.000","0.0","2022","0.0","0.0","ISLA FUERTE","R","N","0","0.0","ISLA FUERTE","P","1","999259867133809518999259867","696836159696836159696836159","E"
"1300100700001","0.0","48907","0.0","L","2","0","28","CARTAGENA DE INDIAS","0.0","2022-02-28T00:00:00.000","1","-0.760","0.0","0",,"BOLÍVAR","SOLING DEL SINU S.A.S. E.S.P.","2022-03-08T00:00:00.000","0.0","2022","0.0","0.0","ISLA FUERTE","R","N","0","0.0","ISLA FUERTE","P","1","567425397899662230567425397","940824761940824761940824761","E"
"1300100700001","0.0","48907","67.0","L","2","72090.68","28","CARTAGENA DE INDIAS","0.0","2022-02-28T00:00:00.000","C","-0.270","0.0","-19777.75","220.0","BOLÍVAR","SOLING DEL SINU S.A.S. E.S.P.","2022-03-08T00:00:00.000","0.0","2022","0.0","0.0","ISLA FUERTE","R","N","52312.93","0.0","ISLA FUERTE","P","1","154249217694579844154249217","377406202377406202377406202","E"
"1300100700001","0.0","48907","26.7","L","2","28728.67","28","CARTAGENA DE INDIAS","0.0","2022-02-28T00:00:00.000","C","-0.270","0.0","-7881.58","220.0","BOLÍVAR","SOLING DEL SINU S.A.S. E.S.P.","2022-03-08T00:00:00.000","0.0","2022","0.0","0.0","ISLA FUERTE","R","N","20847.09","0.0","ISLA FUERTE","P","1","870310284251898042870310284","762279982762279982762279982","E"
"1300100700001","0.0","48907","41.4","L","2","44545.58","28","CARTAGENA DE INDIAS","0.0","2022-02-28T00:00:00.000","1","-0.760","0.0","-34044.06",,"BOLÍVAR","SOLING DEL SINU S.A.S. E.S.P.","2022-03-08T00:00:00.000","0.0","2022","0.0","0.0","ISLA FUERTE","R","N","10501.52","0.0","ISLA FUERTE","P","1","338728204423656195338728204","927732723927732723927732723","E"
"1300100700001","0.0","48907","30.6","L","2","32925","28","CARTAGENA DE INDIAS","0.0","2022-02-28T00:00:00.000","1","-0.760","0.0","-25163",,"BOLÍVAR","SOLING DEL SINU S.A.S. E.S.P.","2022-03-08T00:00:00.000","0.0","2022","0.0","0.0","ISLA FUERTE","R","N","7762","0.0","ISLA FUERTE","P","1","121026034358799798121026034","880287817880287817880287817","E"
"1300100700001","0.0","48907","49.0","L","2","52723.03","28","CARTAGENA DE INDIAS","0.0","2022-02-28T00:00:00.000","1","-0.760","0.0","-40293.69",,"BOLÍVAR","SOLING DEL SINU S.A.S. E.S.P.","2022-03-08T00:00:00.000","0.0","2022","0.0","0.0","ISLA FUERTE","R","N","12429.34","0.0","ISLA FUERTE","P","1","396626198352484599396626198","689566106895661068956610","E"
"1300100700001","0.0","48907","43.8","L","2","47127.94","28","CARTAGENA DE INDIAS","0.0","2022-02-28T00:00:00.000","1","-0.760","0.0","-36017.63",,"BOLÍVAR","SOLING DEL SINU S.A.S. E.S.P.","2022-03-08T00:00:00.000","0.0","2022","0.0","0.0","ISLA FUERTE","R","N","11110.31","0.0","ISLA FUERTE","P","1","627766995385347854627766995","412358451412358451412358451","E"
"1300100700001","0.0","48907","20.7","L","2","22272.79","28","CARTAGENA DE INDIAS","0.0","2022-02-28T00:00:00.000","1","-0.760","0.0","-17022.03",,"BOLÍVAR","SOLING DEL SINU S.A.S. E.S.P.","2022-03-08T00:00:00.000","0.0","2022","0.0","0.0","ISLA FUERTE","R","N","5250.76","0.0","ISLA FUERTE","P","1","339669723283471477339669723","282489471282489471282489471","E"
"1300100700001","0.0","48907","0.0","L","2","0","28","CARTAGENA DE INDIAS","0.0","2022-02-28T00:00:00.000","1","-0.760","0.0","0",,"BOLÍVAR","SOLING DEL SINU S.A.S. E.S.P.","2022-03-08T00:00:00.000","0.0","2022","0.0","0.0","ISLA FUERTE","R","N","0","0.0","ISLA FUERTE","P","1","706295099933049429706295099","600465149600465149600465149","E"
"1300100700001","0.0","48907","24.12","L","2","25952.64","28","CARTAGENA DE INDIAS","0.0","2022-02-28T00:00:00.000","1","-0.760","0.0","-19834.37",,"BOLÍVAR","SOLING DEL SINU S.A.S. E.S.P.","2022-03-08T00:00:00.000","0.0","2022","0.0","0.0","ISLA FUERTE","R","N","6118.27","0.0","ISLA FUERTE","P","1","539990339249899553539990339","240747329240747329240747329","E"
"1300100700001","0.0","48907","30.1","L","2","32387.01","28","CARTAGENA DE INDIAS","0.0","2022-02-28T00:00:00.000","1","-0.760","0.0","-24751.84",,"BOLÍVAR","SOLING DEL SINU S.A.S. E.S.P.","2022-03-08T00:00:00.000","0.0","2022","0.0","0.0","ISLA FUERTE","R","N","7635.17","0.0","ISLA FUERTE","P","1","344920507400511688344920507","625496592625496592625496592","E"
"1300100700001","0.0","48907","0.0","L","2","0","28","CARTAGENA DE INDIAS","0.0","2022-02-28T00:00:00.000","1","-0.760","0.0","0",,"BOLÍVAR","SOLING DEL SINU S.A.S. E.S.P.","2022-03-08T00:00:00.000","0.0","2022","0.0","0.0","ISLA FUERTE","R","N","0","0.0","ISLA FUERTE","P","1","617862188935544638617862188","682518965682518965682518965","E"
"1300100700001","0.0","48907","17.1","L","2","18399.26","28","CARTAGENA DE INDIAS","0.0","2022-02-28T00:00:00.000","1","-0.760","0.0","-14061.68",,"BOLÍVAR","SOLING DEL SINU S.A.S. E.S.P.","2022-03-08T00:00:00.000","0.0","2022","0.0","0.0","ISLA FUERTE","R","N","4337.58","0.0","ISLA FUERTE","P","1","369063049882833787369063049","545855498545855498545855498","E"
"1300100700001","0.0","48907","14.7","L","2","15816.91","28","CARTAGENA DE INDIAS","0.0","2022-02-28T00:00:00.000","1","-0.760","0.0","-12088.11",,"BOLÍVAR","SOLING DEL SINU S.A.S. E.S.P.","2022-03-08T00:00:00.000","0.0","2022","0.0","0.0","ISLA FUERTE","R","N","3728.8","0.0","ISLA FUERTE","P","1","2534158141747053125341581","256008770256008770256008770","E"
"1300100700001","0.0","48907","12.6","L","2","13557.35","28","CARTAGENA DE INDIAS","0.0","2022-02-28T00:00:00.000","1","-0.760","0.0","-10361.24",,"BOLÍVAR","SOLING DEL SINU S.A.S. E.S.P.","2022-03-08T00:00:00.000","0.0","2022","0.0","0.0","ISLA FUERTE","R","N","3196.11","0.0","ISLA FUERTE","P","1","400947940751835625400947940","513596396513596396513596396","E"
"1300100700001","0.0","48907","41.4","L","2","44545.58","28","CARTAGENA DE INDIAS","0.0","2022-02-28T00:00:00.000","1","-0.760","0.0","-34044.06",,"BOLÍVAR","SOLING DEL SINU S.A.S. E.S.P.","2022-03-08T00:00:00.000","0.0","2022","0.0","0.0","ISLA FUERTE","R","N","10501.52","0.0","ISLA FUERTE","P","1","56283485955118567562834859","997755380997755380997755380","E"
"1300100700001","0.0","48907","15.9","L","2","17108.09","28","CARTAGENA DE INDIAS","0.0","2022-02-28T00:00:00.000","1","-0.760","0.0","-13074.89",,"BOLÍVAR","SOLING DEL SINU S.A.S. E.S.P.","2022-03-08T00:00:00.000","0.0","2022","0.0","0.0","ISLA FUERTE","R","N","4033.2","0.0","ISLA FUERTE","P","1","664389810467385477664389810","870817590870817590870817590","E"
"1300100700001","0.0","48907","15.6","L","2","16785.29","28","CARTAGENA DE INDIAS","0.0","2022-02-28T00:00:00.000","1","-0.760","0.0","-12828.2",,"BOLÍVAR","SOLING DEL SINU S.A.S. E.S.P.","2022-03-08T00:00:00.000","0.0","2022","0.0","0.0","ISLA FUERTE","R","N","3957.09","0.0","ISLA FUERTE","P","1","1474771123548607314747711","402032584020325840203258","E"
"1300100700001","0.0","48907","16.8","L","2","18076.47","28","CARTAGENA DE INDIAS","0.0","2022-02-28T00:00:00.000","1","-0.760","0.0","-13814.98",,"BOLÍVAR","SOLING DEL SINU S.A.S. E.S.P.","2022-03-08T00:00:00.000","0.0","2022","0.0","0.0","ISLA FUERTE","R","N","4261.49","0.0","ISLA FUERTE","P","1","694910502557885681694910502","799286837992868379928683","E"
"1300100700001","0.0","48907","14.96","L","2","16096.66","28","CARTAGENA DE INDIAS","0.0","2022-02-28T00:00:00.000","1","-0.760","0.0","-12301.91",,"BOLÍVAR","SOLING DEL SINU S.A.S. E.S.P.","2022-03-08T00:00:00.000","0.0","2022","0.0","0.0","ISLA FUERTE","R","N","3794.75","0.0","ISLA FUERTE","P","1","799361972423343217799361972","333362379333362379333362379","E"
"1300100700001","0.0","48907","18.9","L","2","20336.03","28","CARTAGENA DE INDIAS","0.0","2022-02-28T00:00:00.000","1","-0.760","0.0","-15541.85",,"BOLÍVAR","SOLING DEL SINU S.A.S. E.S.P.","2022-03-08T00:00:00.000","0.0","2022","0.0","0.0","ISLA FUERTE","R","N","4794.18","0.0","ISLA FUERTE","P","1","826155013102668468826155013","732330187732330187732330187","E"
"1300100700001","0.0","48907","13.8","L","2","14848.53","28","CARTAGENA DE INDIAS","0.0","2022-02-28T00:00:00.000","1","-0.760","0.0","-11348.02",,"BOLÍVAR","SOLING DEL SINU S.A.S. E.S.P.","2022-03-08T00:00:00.000","0.0","2022","0.0","0.0","ISLA FUERTE","R","N","3500.51","0.0","ISLA FUERTE","P","1","52860981293937084528609812","557855328557855328557855328","E"
"1300100700001","0.0","48907","0.0","L","2","0","28","CARTAGENA DE INDIAS","0.0","2022-02-28T00:00:00.000","1","-0.760","0.0","0",,"BOLÍVAR","SOLING DEL SINU S.A.S. E.S.P.","2022-03-08T00:00:00.000","0.0","2022","0.0","0.0","ISLA FUERTE","R","N","0","0.0","ISLA FUERTE","P","1","313333887183806721313333887","583557957583557957583557957","E"
"1300100700001","0.0","48907","55.08","L","2","59264.99","28","CARTAGENA DE INDIAS","0.0","2022-02-28T00:00:00.000","1","-0.760","0.0","-45293.4",,"BOLÍVAR","SOLING DEL SINU S.A.S. E.S.P.","2022-03-08T00:00:00.000","0.0","2022","0.0","0.0","ISLA FUERTE","R","N","13971.59","0.0","ISLA FUERTE","P","1","392538797445536633392538797","400655608400655608400655608","E"
"1300100700001","0.0","48907","50.4","L","2","54229.41","28","CARTAGENA DE INDIAS","0.0","2022-02-28T00:00:00.000","1","-0.760","0.0","-41444.94",,"BOLÍVAR","SOLING DEL SINU S.A.S. E.S.P.","2022-03-08T00:00:00.000","0.0","2022","0.0","0.0","ISLA FUERTE","R","N","12784.47","0.0","ISLA FUERTE","P","1","578261079571896576578261079","805396333805396333805396333","E"
"1300100700001","0.0","48907","53.1","L","2","57134.55","28","CARTAGENA DE INDIAS","0.0","2022-02-28T00:00:00.000","1","-0.760","0.0","-43665.21",,"BOLÍVAR","SOLING DEL SINU S.A.S. E.S.P.","2022-03-08T00:00:00.000","0.0","2022","0.0","0.0","ISLA FUERTE","R","N","13469.34","0.0","ISLA FUERTE","P","1","299838394508232458299838394","993576419935764199357641","E"
"1300100700001","0.0","48907","28.8","L","2","30988.23","28","CARTAGENA DE INDIAS","0.0","2022-02-28T00:00:00.000","1","-0.760","0.0","-23682.82",,"BOLÍVAR","SOLING DEL SINU S.A.S. E.S.P.","2022-03-08T00:00:00.000","0.0","2022","0.0","0.0","ISLA FUERTE","R","N","7305.41","0.0","ISLA FUERTE","P","1","2446325395892627244632539","846773716846773716846773716","E"
"1300100700001","0.0","48907","21.84","L","2","23499.41","28","CARTAGENA DE INDIAS","0.0","2022-02-28T00:00:00.000","1","-0.760","0.0","-17959.47",,"BOLÍVAR","SOLING DEL SINU S.A.S. E.S.P.","2022-03-08T00:00:00.000","0.0","2022","0.0","0.0","ISLA FUERTE","R","N","5539.94","0.0","ISLA FUERTE","P","1","909657867245031898909657867","360179800360179800360179800","E"
"1300100700001","0.0","48907","39.3","L","2","42286.02","28","CARTAGENA DE INDIAS","0.0","2022-02-28T00:00:00.000","1","-0.760","0.0","-32317.19",,"BOLÍVAR","SOLING DEL SINU S.A.S. E.S.P.","2022-03-08T00:00:00.000","0.0","2022","0.0","0.0","ISLA FUERTE","R","N","9968.83","0.0","ISLA FUERTE","P","1","291261645694589689291261645","709336162709336162709336162","E"
"1300100700001","0.0","48907","18.9","L","2","20336.03","28","CARTAGENA DE INDIAS","0.0","2022-02-28T00:00:00.000","1","-0.760","0.0","-15541.85",,"BOLÍVAR","SOLING DEL SINU S.A.S. E.S.P.","2022-03-08T00:00:00.000","0.0","2022","0.0","0.0","ISLA FUERTE","R","N","4794.18","0.0","ISLA FUERTE","P","1","936185249527288392936185249","545486422545486422545486422","E"
"1300100700001","0.0","48907","58.5","L","2","62944.85","28","CARTAGENA DE INDIAS","0.0","2022-02-28T00:00:00.000","1","-0.760","0.0","-48105.74",,"BOLÍVAR","SOLING DEL SINU S.A.S. E.S.P.","2022-03-08T00:00:00.000","0.0","2022","0.0","0.0","ISLA FUERTE","R","N","14839.11","0.0","ISLA FUERTE","P","1","431106065913064441431106065","597074466597074466597074466","E"
"1300100700001","0.0","48907","12.3","L","2","13234.56","28","CARTAGENA DE INDIAS","0.0","2022-02-28T00:00:00.000","1","-0.760","0.0","-10114.54",,"BOLÍVAR","SOLING DEL SINU S.A.S. E.S.P.","2022-03-08T00:00:00.000","0.0","2022","0.0","0.0","ISLA FUERTE","R","N","3120.02","0.0","ISLA FUERTE","P","1","799402611186580610799402611","176263104176263104176263104","E"
"1300100700001","0.0","48907","25.5","L","2","27437.5","28","CARTAGENA DE INDIAS","0.0","2022-02-28T00:00:00.000","1","-0.760","0.0","-20969.17",,"BOLÍVAR","SOLING DEL SINU S.A.S. E.S.P.","2022-03-08T00:00:00.000","0.0","2022","0.0","0.0","ISLA FUERTE","R","N","6468.33","0.0","ISLA FUERTE","P","1","705975177184809132705975177","549286195549286195549286195","E"
"1300100700001","0.0","48907","9.0","L","2","9683.82","28","CARTAGENA DE INDIAS","0.0","2022-02-28T00:00:00.000","1","-0.760","0.0","-7400.88",,"BOLÍVAR","SOLING DEL SINU S.A.S. E.S.P.","2022-03-08T00:00:00.000","0.0","2022","0.0","0.0","ISLA FUERTE","R","N","2282.94","0.0","ISLA FUERTE","P","1","561167623197798694561167623","476061361476061361476061361","E"
"1300100700001","0.0","48907","26.4","L","2","28405.88","28","CARTAGENA DE INDIAS","0.0","2022-02-28T00:00:00.000","1","-0.760","0.0","-21709.26",,"BOLÍVAR","SOLING DEL SINU S.A.S. E.S.P.","2022-03-08T00:00:00.000","0.0","2022","0.0","0.0","ISLA FUERTE","R","N","6696.62","0.0","ISLA FUERTE","P","1","104943567567135399104943567","541222443541222443541222443","E"
"1300100700001","0.0","48907","17.1","L","2","18399.26","28","CARTAGENA DE INDIAS","0.0","2022-02-28T00:00:00.000","1","-0.760","0.0","-14061.68",,"BOLÍVAR","SOLING DEL SINU S.A.S. E.S.P.","2022-03-08T00:00:00.000","0.0","2022","0.0","0.0","ISLA FUERTE","R","N","4337.58","0.0","ISLA FUERTE","P","1","824755092594472037824755092","431658564431658564431658564","E"
"1300100700001","0.0","48907","66.0","L","2","71014.7","28","CARTAGENA DE INDIAS","0.0","2022-02-28T00:00:00.000","C","-0.270","0.0","-19482.56","220.0","BOLÍVAR","SOLING DEL SINU S.A.S. E.S.P.","2022-03-08T00:00:00.000","0.0","2022","0.0","0.0","ISLA FUERTE","R","N","51532.14","0.0","ISLA FUERTE","P","1","560939751375733064560939751","402656227402656227402656227","E"
"1300100700001","0.0","48907","0.0","L","2","0","28","CARTAGENA DE INDIAS","0.0","2022-02-28T00:00:00.000","C","-0.270","0.0","0","220.0","BOLÍVAR","SOLING DEL SINU S.A.S. E.S.P.","2022-03-08T00:00:00.000","0.0","2022","0.0","0.0","ISLA FUERTE","R","N","0","0.0","ISLA FUERTE","P","1","562144995640164395562144995","276678364276678364276678364","E"
"1300100700001","0.0","48907","0.0","L","2","0","28","CARTAGENA DE INDIAS","0.0","2022-02-28T00:00:00.000","C","-0.270","0.0","0","220.0","BOLÍVAR","SOLING DEL SINU S.A.S. E.S.P.","2022-03-08T00:00:00.000","0.0","2022","0.0","0.0","ISLA FUERTE","R","N","0","0.0","ISLA FUERTE","P","1","21102277090929186211022770","737407953737407953737407953","E"
"1300100700001","0.0","48907","15.3","L","2","16462.5","28","CARTAGENA DE INDIAS","0.0","2022-02-28T00:00:00.000","C","-0.270","0.0","-4516.41","220.0","BOLÍVAR","SOLING DEL SINU S.A.S. E.S.P.","2022-03-08T00:00:00.000","0.0","2022","0.0","0.0","ISLA FUERTE","R","N","11946.09","0.0","ISLA FUERTE","P","1","658026962269562851658026962","893384188933841889338418","E"
"1300100700001","0.0","48907","0.0","L","2","0","28","CARTAGENA DE INDIAS","0.0","2022-02-28T00:00:00.000","C","-0.270","0.0","0","220.0","BOLÍVAR","SOLING DEL SINU S.A.S. E.S.P.","2022-03-08T00:00:00.000","0.0","2022","0.0","0.0","ISLA FUERTE","R","N","0","0.0","ISLA FUERTE","P","1","757372641312882453757372641","850333768850333768850333768","E"
"1300100700001","0.0","48907","40.0","L","2","43039.21","28","CARTAGENA DE INDIAS","0.0","2022-02-28T00:00:00.000","C","-0.270","0.0","-11807.61","220.0","BOLÍVAR","SOLING DEL SINU S.A.S. E.S.P.","2022-03-08T00:00:00.000","0.0","2022","0.0","0.0","ISLA FUERTE","R","N","31231.6","0.0","ISLA FUERTE","P","1","200507387756332809200507387","705680882705680882705680882","E"
"1300100700001","0.0","48907","0.0","L","2","0","28","CARTAGENA DE INDIAS","0.0","2022-02-28T00:00:00.000","C","-0.270","0.0","0","220.0","BOLÍVAR","SOLING DEL SINU S.A.S. E.S.P.","2022-03-08T00:00:00.000","0.0","2022","0.0","0.0","ISLA FUERTE","R","N","0","0.0","ISLA FUERTE","P","1","651750087787552129651750087","555964348555964348555964348","E"
"1300100700001","0.0","48907","22.8","L","2","24532.35","28","CARTAGENA DE INDIAS","0.0","2022-02-28T00:00:00.000","C","-0.270","0.0","-6730.34","220.0","BOLÍVAR","SOLING DEL SINU S.A.S. E.S.P.","2022-03-08T00:00:00.000","0.0","2022","0.0","0.0","ISLA FUERTE","R","N","17802.01","0.0","ISLA FUERTE","P","1","239397987185117795239397987","372587101372587101372587101","E"
"1300100700001","0.0","48907","162.8","L","2","175169.59","28","CARTAGENA DE INDIAS","0.0","2022-02-28T00:00:00.000","C","-0.270","0.0","-48056.98","220.0","BOLÍVAR","SOLING DEL SINU S.A.S. E.S.P.","2022-03-08T00:00:00.000","0.0","2022","0.0","0.0","ISLA FUERTE","R","N","127112.61","0.0","ISLA FUERTE","P","1","6640479296150469066404792","212648083212648083212648083","E"
"1300100700001","0.0","48907","32.1","L","2","34538.97","28","CARTAGENA DE INDIAS","0.0","2022-02-28T00:00:00.000","1","-0.760","0.0","-26396.48",,"BOLÍVAR","SOLING DEL SINU S.A.S. E.S.P.","2022-03-08T00:00:00.000","0.0","2022","0.0","0.0","ISLA FUERTE","R","N","8142.49","0.0","ISLA FUERTE","P","1","548187224926731843548187224","373488050373488050373488050","E"
"1300100700001","0.0","48907","58.2","L","2","62622.05","28","CARTAGENA DE INDIAS","0.0","2022-02-28T00:00:00.000","1","-0.760","0.0","-47859.04",,"BOLÍVAR","SOLING DEL SINU S.A.S. E.S.P.","2022-03-08T00:00:00.000","0.0","2022","0.0","0.0","ISLA FUERTE","R","N","14763.01","0.0","ISLA FUERTE","P","1","130742833302665086130742833","343965719343965719343965719","E"
"1300100700001","0.0","48907","33.84","L","2","36411.17","28","CARTAGENA DE INDIAS","0.0","2022-02-28T00:00:00.000","1","-0.760","0.0","-27827.32",,"BOLÍVAR","SOLING DEL SINU S.A.S. E.S.P.","2022-03-08T00:00:00.000","0.0","2022","0.0","0.0","ISLA FUERTE","R","N","8583.85","0.0","ISLA FUERTE","P","1","184932671650118558184932671","569749828569749828569749828","E"
"1300100700001","0.0","48907","24.0","L","2","25823.53","28","CARTAGENA DE INDIAS","0.0","2022-02-28T00:00:00.000","1","-0.760","0.0","-19735.69",,"BOLÍVAR","SOLING DEL SINU S.A.S. E.S.P.","2022-03-08T00:00:00.000","0.0","2022","0.0","0.0","ISLA FUERTE","R","N","6087.84","0.0","ISLA FUERTE","P","1","886897737578240312886897737","525219895252198952521989","E"
"1300100700001","0.0","48907","37.5","L","2","40349.26","28","CARTAGENA DE INDIAS","0.0","2022-02-28T00:00:00.000","1","-0.760","0.0","-30837.01",,"BOLÍVAR","SOLING DEL SINU S.A.S. E.S.P.","2022-03-08T00:00:00.000","0.0","2022","0.0","0.0","ISLA FUERTE","R","N","9512.25","0.0","ISLA FUERTE","P","1","8650229696144582086502296","877474545877474545877474545","E"
"1300100700001","0.0","48907","24.96","L","2","26856.47","28","CARTAGENA DE INDIAS","0.0","2022-02-28T00:00:00.000","1","-0.760","0.0","-20525.11",,"BOLÍVAR","SOLING DEL SINU S.A.S. E.S.P.","2022-03-08T00:00:00.000","0.0","2022","0.0","0.0","ISLA FUERTE","R","N","6331.36","0.0","ISLA FUERTE","P","1","370310626546329799370310626","185729817185729817185729817","E"
"1300100700001","0.0","48907","16.2","L","2","17430.88","28","CARTAGENA DE INDIAS","0.0","2022-02-28T00:00:00.000","1","-0.760","0.0","-13321.59",,"BOLÍVAR","SOLING DEL SINU S.A.S. E.S.P.","2022-03-08T00:00:00.000","0.0","2022","0.0","0.0","ISLA FUERTE","R","N","4109.29","0.0","ISLA FUERTE","P","1","261445143249800104261445143","145847621145847621145847621","E"
"1300100700001","0.0","48907","17.1","L","2","18399.26","28","CARTAGENA DE INDIAS","0.0","2022-02-28T00:00:00.000","1","-0.760","0.0","-14061.68",,"BOLÍVAR","SOLING DEL SINU S.A.S. E.S.P.","2022-03-08T00:00:00.000","0.0","2022","0.0","0.0","ISLA FUERTE","R","N","4337.58","0.0","ISLA FUERTE","P","1","891558045874906489155804","639417126394171263941712","E"
"1300100700001","0.0","48907","30.03","L","2","32311.69","28","CARTAGENA DE INDIAS","0.0","2022-02-28T00:00:00.000","1","-0.760","0.0","-24694.28",,"BOLÍVAR","SOLING DEL SINU S.A.S. E.S.P.","2022-03-08T00:00:00.000","0.0","2022","0.0","0.0","ISLA FUERTE","R","N","7617.41","0.0","ISLA FUERTE","P","1","899029989437825370899029989","493514044935140449351404","E"
"1300100700001","0.0","48907","37.0","L","2","39811.27","28","CARTAGENA DE INDIAS","0.0","2022-02-28T00:00:00.000","1","-0.760","0.0","-30425.85",,"BOLÍVAR","SOLING DEL SINU S.A.S. E.S.P.","2022-03-08T00:00:00.000","0.0","2022","0.0","0.0","ISLA FUERTE","R","N","9385.42","0.0","ISLA FUERTE","P","1","587940587225678413587940587","628961100628961100628961100","E"
"1300100700001","0.0","48907","0.0","L","2","0","28","CARTAGENA DE INDIAS","0.0","2022-02-28T00:00:00.000","1","-0.760","0.0","0",,"BOLÍVAR","SOLING DEL SINU S.A.S. E.S.P.","2022-03-08T00:00:00.000","0.0","2022","0.0","0.0","ISLA FUERTE","R","N","0","0.0","ISLA FUERTE","P","1","154999604249154732154999604","786654291786654291786654291","E"
"1300100700001","0.0","48907","0.0","L","2","0","28","CARTAGENA DE INDIAS","0.0","2022-02-28T00:00:00.000","1","-0.760","0.0","0",,"BOLÍVAR","SOLING DEL SINU S.A.S. E.S.P.","2022-03-08T00:00:00.000","0.0","2022","0.0","0.0","ISLA FUERTE","R","N","0","0.0","ISLA FUERTE","P","1","315620544238474429315620544","818956689818956689818956689","E"
"1300100700001","0.0","48907","35.1","L","2","37766.91","28","CARTAGENA DE INDIAS","0.0","2022-02-28T00:00:00.000","C","-0.270","0.0","-10361.18","220.0","BOLÍVAR","SOLING DEL SINU S.A.S. E.S.P.","2022-03-08T00:00:00.000","0.0","2022","0.0","0.0","ISLA FUERTE","R","N","27405.73","0.0","ISLA FUERTE","P","1","205503560439101419205503560","475101037475101037475101037","E"
"1300100700001","0.0","48907","18.15","L","2","19529.04","28","CARTAGENA DE INDIAS","0.0","2022-02-28T00:00:00.000","C","-0.270","0.0","-5357.7","220.0","BOLÍVAR","SOLING DEL SINU S.A.S. E.S.P.","2022-03-08T00:00:00.000","0.0","2022","0.0","0.0","ISLA FUERTE","R","N","14171.34","0.0","ISLA FUERTE","P","1","71178093863409722711780938","678053334678053334678053334","E"
"1300100700001","0.0","48907","28.5","L","2","30665.44","28","CARTAGENA DE INDIAS","0.0","2022-02-28T00:00:00.000","C","-0.270","0.0","-8412.92","220.0","BOLÍVAR","SOLING DEL SINU S.A.S. E.S.P.","2022-03-08T00:00:00.000","0.0","2022","0.0","0.0","ISLA FUERTE","R","N","22252.52","0.0","ISLA FUERTE","P","1","8830718548174456883071854","914392239914392239914392239","E"
"1300100700001","0.0","48907","0.0","L","2","0","28","CARTAGENA DE INDIAS","0.0","2022-02-28T00:00:00.000","C","-0.270","0.0","0","220.0","BOLÍVAR","SOLING DEL SINU S.A.S. E.S.P.","2022-03-08T00:00:00.000","0.0","2022","0.0","0.0","ISLA FUERTE","R","N","0","0.0","ISLA FUERTE","P","1","982115180407629714982115180","329502441329502441329502441","E"
"1300100700001","0.0","48907","0.0","L","2","0","28","CARTAGENA DE INDIAS","0.0","2022-02-28T00:00:00.000","1","-0.760","0.0","0",,"BOLÍVAR","SOLING DEL SINU S.A.S. E.S.P.","2022-03-08T00:00:00.000","0.0","2022","0.0","0.0","ISLA FUERTE","R","N","0","0.0","ISLA FUERTE","P","1","283528561484088490283528561","920672556920672556920672556","E"
"1300100700001","0.0","48907","20.4","L","2","21950","28","CARTAGENA DE INDIAS","0.0","2022-02-28T00:00:00.000","1","-0.760","0.0","-16775.33",,"BOLÍVAR","SOLING DEL SINU S.A.S. E.S.P.","2022-03-08T00:00:00.000","0.0","2022","0.0","0.0","ISLA FUERTE","R","N","5174.67","0.0","ISLA FUERTE","P","1","457477762101297012457477762","397849743397849743397849743","E"
"1300100700001","0.0","48907","49.8","L","2","53583.82","28","CARTAGENA DE INDIAS","0.0","2022-02-28T00:00:00.000","1","-0.760","0.0","-40951.55",,"BOLÍVAR","SOLING DEL SINU S.A.S. E.S.P.","2022-03-08T00:00:00.000","0.0","2022","0.0","0.0","ISLA FUERTE","R","N","12632.27","0.0","ISLA FUERTE","P","1","336574341827481432336574341","568616580568616580568616580","E"
"1300100700001","0.0","48907","23.1","L","2","24855.14","28","CARTAGENA DE INDIAS","0.0","2022-02-28T00:00:00.000","1","-0.760","0.0","-18995.6",,"BOLÍVAR","SOLING DEL SINU S.A.S. E.S.P.","2022-03-08T00:00:00.000","0.0","2022","0.0","0.0","ISLA FUERTE","R","N","5859.54","0.0","ISLA FUERTE","P","1","942114893171474002942114893","145131901451319014513190","E"
"1300100700001","0.0","48907","0.0","L","2","0","28","CARTAGENA DE INDIAS","0.0","2022-02-28T00:00:00.000","1","-0.760","0.0","0",,"BOLÍVAR","SOLING DEL SINU S.A.S. E.S.P.","2022-03-08T00:00:00.000","0.0","2022","0.0","0.0","ISLA FUERTE","R","N","0","0.0","ISLA FUERTE","P","1","506019464792466510506019464","644369427644369427644369427","E"
"1300100700001","0.0","48907","20.7","L","2","22272.79","28","CARTAGENA DE INDIAS","0.0","2022-02-28T00:00:00.000","1","-0.760","0.0","-17022.03",,"BOLÍVAR","SOLING DEL SINU S.A.S. E.S.P.","2022-03-08T00:00:00.000","0.0","2022","0.0","0.0","ISLA FUERTE","R","N","5250.76","0.0","ISLA FUERTE","P","1","50974142846766933509741428","758960697589606975896069","E"
"1300100700001","0.0","48907","0.0","L","2","0","28","CARTAGENA DE INDIAS","0.0","2022-02-28T00:00:00.000","1","-0.760","0.0","0",,"BOLÍVAR","SOLING DEL SINU S.A.S. E.S.P.","2022-03-08T00:00:00.000","0.0","2022","0.0","0.0","ISLA FUERTE","R","N","0","0.0","ISLA FUERTE","P","1","7399415124010935173994151","198037373198037373198037373","E"
"1300100700001","0.0","48907","32.4","L","2","34861.76","28","CARTAGENA DE INDIAS","0.0","2022-02-28T00:00:00.000","1","-0.760","0.0","-26643.18",,"BOLÍVAR","SOLING DEL SINU S.A.S. E.S.P.","2022-03-08T00:00:00.000","0.0","2022","0.0","0.0","ISLA FUERTE","R","N","8218.58","0.0","ISLA FUERTE","P","1","403734740805133095403734740","955488880955488880955488880","E"
"1300100700001","0.0","48907","30.6","L","2","32925","28","CARTAGENA DE INDIAS","0.0","2022-02-28T00:00:00.000","1","-0.760","0.0","-25163",,"BOLÍVAR","SOLING DEL SINU S.A.S. E.S.P.","2022-03-08T00:00:00.000","0.0","2022","0.0","0.0","ISLA FUERTE","R","N","7762","0.0","ISLA FUERTE","P","1","963944791909645305963944791","130472860130472860130472860","E"
"1300100700001","0.0","48907","26.4","L","2","28405.88","28","CARTAGENA DE INDIAS","0.0","2022-02-28T00:00:00.000","1","-0.760","0.0","-21709.26",,"BOLÍVAR","SOLING DEL SINU S.A.S. E.S.P.","2022-03-08T00:00:00.000","0.0","2022","0.0","0.0","ISLA FUERTE","R","N","6696.62","0.0","ISLA FUERTE","P","1","84995396153268354849953961","169828989169828989169828989","E"
"1300100700001","0.0","48907","38.7","L","2","41640.44","28","CARTAGENA DE INDIAS","0.0","2022-02-28T00:00:00.000","1","-0.760","0.0","-31823.79",,"BOLÍVAR","SOLING DEL SINU S.A.S. E.S.P.","2022-03-08T00:00:00.000","0.0","2022","0.0","0.0","ISLA FUERTE","R","N","9816.65","0.0","ISLA FUERTE","P","1","630245241309574366630245241","588733475588733475588733475","E"
"1300100700001","0.0","48907","35.7","L","2","38412.5","28","CARTAGENA DE INDIAS","0.0","2022-02-28T00:00:00.000","1","-0.760","0.0","-29356.83",,"BOLÍVAR","SOLING DEL SINU S.A.S. E.S.P.","2022-03-08T00:00:00.000","0.0","2022","0.0","0.0","ISLA FUERTE","R","N","9055.67","0.0","ISLA FUERTE","P","1","9358838621737061493588386","146233748146233748146233748","E"
"1300100700001","0.0","48907","16.2","L","2","17430.88","28","CARTAGENA DE INDIAS","0.0","2022-02-28T00:00:00.000","1","-0.760","0.0","-13321.59",,"BOLÍVAR","SOLING DEL SINU S.A.S. E.S.P.","2022-03-08T00:00:00.000","0.0","2022","0.0","0.0","ISLA FUERTE","R","N","4109.29","0.0","ISLA FUERTE","P","1","1213001120950559112130011","996432197996432197996432197","E"
"1300100700001","0.0","48907","0.0","L","2","0","28","CARTAGENA DE INDIAS","0.0","2022-02-28T00:00:00.000","1","-0.760","0.0","0",,"BOLÍVAR","SOLING DEL SINU S.A.S. E.S.P.","2022-03-08T00:00:00.000","0.0","2022","0.0","0.0","ISLA FUERTE","R","N","0","0.0","ISLA FUERTE","P","1","687788983495521140687788983","241635779241635779241635779","E"
"1300100700001","0.0","48907","0.0","L","2","0","28","CARTAGENA DE INDIAS","0.0","2022-02-28T00:00:00.000","1","-0.760","0.0","0",,"BOLÍVAR","SOLING DEL SINU S.A.S. E.S.P.","2022-03-08T00:00:00.000","0.0","2022","0.0","0.0","ISLA FUERTE","R","N","0","0.0","ISLA FUERTE","P","1","1169634184605032211696341","653191639653191639653191639","E"
"1300100700001","0.0","48907","28.8","L","2","30988.23","28","CARTAGENA DE INDIAS","0.0","2022-02-28T00:00:00.000","1","-0.760","0.0","-23682.82",,"BOLÍVAR","SOLING DEL SINU S.A.S. E.S.P.","2022-03-08T00:00:00.000","0.0","2022","0.0","0.0","ISLA FUERTE","R","N","7305.41","0.0","ISLA FUERTE","P","1","449489407786513529449489407","608102026081020260810202","E"
"1300100700001","0.0","48907","30.6","L","2","32925","28","CARTAGENA DE INDIAS","0.0","2022-02-28T00:00:00.000","1","-0.760","0.0","-25163",,"BOLÍVAR","SOLING DEL SINU S.A.S. E.S.P.","2022-03-08T00:00:00.000","0.0","2022","0.0","0.0","ISLA FUERTE","R","N","7762","0.0","ISLA FUERTE","P","1","549100725350984435549100725","187210083187210083187210083","E"
"1300100700001","0.0","48907","43.8","L","2","47127.94","28","CARTAGENA DE INDIAS","0.0","2022-02-28T00:00:00.000","1","-0.760","0.0","-36017.63",,"BOLÍVAR","SOLING DEL SINU S.A.S. E.S.P.","2022-03-08T00:00:00.000","0.0","2022","0.0","0.0","ISLA FUERTE","R","N","11110.31","0.0","ISLA FUERTE","P","1","905527982231629962905527982","387387693387387693387387693","E"
"1300100700001","0.0","48907","16.8","L","2","18076.47","28","CARTAGENA DE INDIAS","0.0","2022-02-28T00:00:00.000","1","-0.760","0.0","-13814.98",,"BOLÍVAR","SOLING DEL SINU S.A.S. E.S.P.","2022-03-08T00:00:00.000","0.0","2022","0.0","0.0","ISLA FUERTE","R","N","4261.49","0.0","ISLA FUERTE","P","1","175028085236935652175028085","621692205621692205621692205","E"
"1300100700001","0.0","48907","23.7","L","2","25500.73","28","CARTAGENA DE INDIAS","0.0","2022-02-28T00:00:00.000","1","-0.760","0.0","-19488.99",,"BOLÍVAR","SOLING DEL SINU S.A.S. E.S.P.","2022-03-08T00:00:00.000","0.0","2022","0.0","0.0","ISLA FUERTE","R","N","6011.74","0.0","ISLA FUERTE","P","1","5462681417230052254626814","785174832785174832785174832","E"
"1300100700001","0.0","48907","24.0","L","2","25823.53","28","CARTAGENA DE INDIAS","0.0","2022-02-28T00:00:00.000","1","-0.760","0.0","-19735.69",,"BOLÍVAR","SOLING DEL SINU S.A.S. E.S.P.","2022-03-08T00:00:00.000","0.0","2022","0.0","0.0","ISLA FUERTE","R","N","6087.84","0.0","ISLA FUERTE","P","1","930496426325194025930496426","807190868807190868807190868","E"
"1300100700001","0.0","48907","36.16","L","2","38907.45","28","CARTAGENA DE INDIAS","0.0","2022-02-28T00:00:00.000","1","-0.760","0.0","-29735.1",,"BOLÍVAR","SOLING DEL SINU S.A.S. E.S.P.","2022-03-08T00:00:00.000","0.0","2022","0.0","0.0","ISLA FUERTE","R","N","9172.35","0.0","ISLA FUERTE","P","1","415337502443404882415337502","979098772979098772979098772","E"
"1300100700001","0.0","48907","23.1","L","2","24855.14","28","CARTAGENA DE INDIAS","0.0","2022-02-28T00:00:00.000","1","-0.760","0.0","-18995.6",,"BOLÍVAR","SOLING DEL SINU S.A.S. E.S.P.","2022-03-08T00:00:00.000","0.0","2022","0.0","0.0","ISLA FUERTE","R","N","5859.54","0.0","ISLA FUERTE","P","1","487337218832378955487337218","223150283223150283223150283","E"
"1300100700001","0.0","48907","0.0","L","2","0","28","CARTAGENA DE INDIAS","0.0","2022-02-28T00:00:00.000","C","-0.270","0.0","0","220.0","BOLÍVAR","SOLING DEL SINU S.A.S. E.S.P.","2022-03-08T00:00:00.000","0.0","2022","0.0","0.0","ISLA FUERTE","R","N","0","0.0","ISLA FUERTE","P","1","27510729444553292751072","346636897346636897346636897","E"
"1300100700001","0.0","48907","33.6","L","2","36152.94","28","CARTAGENA DE INDIAS","0.0","2022-02-28T00:00:00.000","1","-0.760","0.0","-27629.96",,"BOLÍVAR","SOLING DEL SINU S.A.S. E.S.P.","2022-03-08T00:00:00.000","0.0","2022","0.0","0.0","ISLA FUERTE","R","N","8522.98","0.0","ISLA FUERTE","P","1","429339132846478834429339132","182044026182044026182044026","E"
"1300100700001","0.0","48907","0.0","L","2","0","28","CARTAGENA DE INDIAS","0.0","2022-02-28T00:00:00.000","1","-0.760","0.0","0",,"BOLÍVAR","SOLING DEL SINU S.A.S. E.S.P.","2022-03-08T00:00:00.000","0.0","2022","0.0","0.0","ISLA FUERTE","R","N","0","0.0","ISLA FUERTE","P","1","136502280136407153136502280","544156215441562154415621","E"
"1300100700001","0.0","48907","0.0","L","2","0","28","CARTAGENA DE INDIAS","0.0","2022-02-28T00:00:00.000","1","-0.760","0.0","0",,"BOLÍVAR","SOLING DEL SINU S.A.S. E.S.P.","2022-03-08T00:00:00.000","0.0","2022","0.0","0.0","ISLA FUERTE","R","N","0","0.0","ISLA FUERTE","P","1","673300734536885487673300734","254189117254189117254189117","E"
"1300100700001","0.0","48907","25.53","L","2","27469.78","28","CARTAGENA DE INDIAS","0.0","2022-02-28T00:00:00.000","1","-0.760","0.0","-20993.84",,"BOLÍVAR","SOLING DEL SINU S.A.S. E.S.P.","2022-03-08T00:00:00.000","0.0","2022","0.0","0.0","ISLA FUERTE","R","N","6475.94","0.0","ISLA FUERTE","P","1","142591037722249811142591037","616325286163252861632528","E"
"1300100700001","0.0","48907","17.7","L","2","19044.85","28","CARTAGENA DE INDIAS","0.0","2022-02-28T00:00:00.000","1","-0.760","0.0","-14555.07",,"BOLÍVAR","SOLING DEL SINU S.A.S. E.S.P.","2022-03-08T00:00:00.000","0.0","2022","0.0","0.0","ISLA FUERTE","R","N","4489.78","0.0","ISLA FUERTE","P","1","107146013203660081107146013","959747620959747620959747620","E"
"1300100700001","0.0","48907","62.7","L","2","67463.96","28","CARTAGENA DE INDIAS","0.0","2022-02-28T00:00:00.000","1","-0.760","0.0","-51559.48",,"BOLÍVAR","SOLING DEL SINU S.A.S. E.S.P.","2022-03-08T00:00:00.000","0.0","2022","0.0","0.0","ISLA FUERTE","R","N","15904.48","0.0","ISLA FUERTE","P","1","88864819960236902888648199","809046138090461380904613","E"
"1300100700001","0.0","48907","28.2","L","2","30342.64","28","CARTAGENA DE INDIAS","0.0","2022-02-28T00:00:00.000","1","-0.760","0.0","-23189.43",,"BOLÍVAR","SOLING DEL SINU S.A.S. E.S.P.","2022-03-08T00:00:00.000","0.0","2022","0.0","0.0","ISLA FUERTE","R","N","7153.21","0.0","ISLA FUERTE","P","1","514453733467650597514453733","315317625315317625315317625","E"
"1300100700001","0.0","48907","19.5","L","2","20981.62","28","CARTAGENA DE INDIAS","0.0","2022-02-28T00:00:00.000","1","-0.760","0.0","-16035.25",,"BOLÍVAR","SOLING DEL SINU S.A.S. E.S.P.","2022-03-08T00:00:00.000","0.0","2022","0.0","0.0","ISLA FUERTE","R","N","4946.37","0.0","ISLA FUERTE","P","1","657782412512274375657782412","771197928771197928771197928","E"
"1300100700001","0.0","48907","42.6","L","2","45836.76","28","CARTAGENA DE INDIAS","0.0","2022-02-28T00:00:00.000","1","-0.760","0.0","-35030.84",,"BOLÍVAR","SOLING DEL SINU S.A.S. E.S.P.","2022-03-08T00:00:00.000","0.0","2022","0.0","0.0","ISLA FUERTE","R","N","10805.92","0.0","ISLA FUERTE","P","1","818063485650829587818063485","281662099281662099281662099","E"
"1300100700001","0.0","48907","43.8","L","2","47127.94","28","CARTAGENA DE INDIAS","0.0","2022-02-28T00:00:00.000","1","-0.760","0.0","-36017.63",,"BOLÍVAR","SOLING DEL SINU S.A.S. E.S.P.","2022-03-08T00:00:00.000","0.0","2022","0.0","0.0","ISLA FUERTE","R","N","11110.31","0.0","ISLA FUERTE","P","1","725179250807123154725179250","551320305513203055132030","E"
"1300100700001","0.0","48907","25.2","L","2","27114.7","28","CARTAGENA DE INDIAS","0.0","2022-02-28T00:00:00.000","1","-0.760","0.0","-20722.47",,"BOLÍVAR","SOLING DEL SINU S.A.S. E.S.P.","2022-03-08T00:00:00.000","0.0","2022","0.0","0.0","ISLA FUERTE","R","N","6392.23","0.0","ISLA FUERTE","P","1","277017844651113107277017844","803148929803148929803148929","E"
"1300100700001","0.0","48907","22.5","L","2","24209.56","28","CARTAGENA DE INDIAS","0.0","2022-02-28T00:00:00.000","1","-0.760","0.0","-18502.21",,"BOLÍVAR","SOLING DEL SINU S.A.S. E.S.P.","2022-03-08T00:00:00.000","0.0","2022","0.0","0.0","ISLA FUERTE","R","N","5707.35","0.0","ISLA FUERTE","P","1","439041686584156152439041686","550836236550836236550836236","E"
"1300100700001","0.0","48907","30.6","L","2","32925","28","CARTAGENA DE INDIAS","0.0","2022-02-28T00:00:00.000","1","-0.760","0.0","-25163",,"BOLÍVAR","SOLING DEL SINU S.A.S. E.S.P.","2022-03-08T00:00:00.000","0.0","2022","0.0","0.0","ISLA FUERTE","R","N","7762","0.0","ISLA FUERTE","P","1","441309558337446558441309558","261491022261491022261491022","E"
"1300100700001","0.0","48907","63.9","L","2","68755.14","28","CARTAGENA DE INDIAS","0.0","2022-02-28T00:00:00.000","C","-0.270","0.0","-18862.66","220.0","BOLÍVAR","SOLING DEL SINU S.A.S. E.S.P.","2022-03-08T00:00:00.000","0.0","2022","0.0","0.0","ISLA FUERTE","R","N","49892.48","0.0","ISLA FUERTE","P","1","8553624431266236785536244","308861475308861475308861475","E"
"1300100700001","0.0","48907","0.0","L","2","0","28","CARTAGENA DE INDIAS","0.0","2022-02-28T00:00:00.000","C","-0.270","0.0","0","220.0","BOLÍVAR","SOLING DEL SINU S.A.S. E.S.P.","2022-03-08T00:00:00.000","0.0","2022","0.0","0.0","ISLA FUERTE","R","N","0","0.0","ISLA FUERTE","P","1","199929382453865245199929382","475860054475860054475860054","E"
"1300100700001","0.0","48907","59.4","L","2","63913.23","28","CARTAGENA DE INDIAS","0.0","2022-02-28T00:00:00.000","C","-0.270","0.0","-17534.3","220.0","BOLÍVAR","SOLING DEL SINU S.A.S. E.S.P.","2022-03-08T00:00:00.000","0.0","2022","0.0","0.0","ISLA FUERTE","R","N","46378.93","0.0","ISLA FUERTE","P","1","369012640232421546369012640","267651659267651659267651659","E"
"1300100700001","0.0","48907","58.2","L","2","62622.05","28","CARTAGENA DE INDIAS","0.0","2022-02-28T00:00:00.000","C","-0.270","0.0","-17180.07","220.0","BOLÍVAR","SOLING DEL SINU S.A.S. E.S.P.","2022-03-08T00:00:00.000","0.0","2022","0.0","0.0","ISLA FUERTE","R","N","45441.98","0.0","ISLA FUERTE","P","1","41512467814624384415124678","219989901219989901219989901","E"
"1300100700001","0.0","48907","0.0","L","2","0","28","CARTAGENA DE INDIAS","0.0","2022-02-28T00:00:00.000","1","-0.760","0.0","0",,"BOLÍVAR","SOLING DEL SINU S.A.S. E.S.P.","2022-03-08T00:00:00.000","0.0","2022","0.0","0.0","ISLA FUERTE","R","N","0","0.0","ISLA FUERTE","P","1","3528059025480715335280590","758998731758998731758998731","E"
"1300100700001","0.0","48907","29.1","L","2","31311.03","28","CARTAGENA DE INDIAS","0.0","2022-02-28T00:00:00.000","1","-0.760","0.0","-23929.52",,"BOLÍVAR","SOLING DEL SINU S.A.S. E.S.P.","2022-03-08T00:00:00.000","0.0","2022","0.0","0.0","ISLA FUERTE","R","N","7381.51","0.0","ISLA FUERTE","P","1","68840296029265145688402960","926928381926928381926928381","E"
"1300100700001","0.0","48907","29.1","L","2","31311.03","28","CARTAGENA DE INDIAS","0.0","2022-02-28T00:00:00.000","1","-0.760","0.0","-23929.52",,"BOLÍVAR","SOLING DEL SINU S.A.S. E.S.P.","2022-03-08T00:00:00.000","0.0","2022","0.0","0.0","ISLA FUERTE","R","N","7381.51","0.0","ISLA FUERTE","P","1","8111261242590951811126124","181586575181586575181586575","E"
"1300100700001","0.0","48907","32.4","L","2","34861.76","28","CARTAGENA DE INDIAS","0.0","2022-02-28T00:00:00.000","1","-0.760","0.0","-26643.18",,"BOLÍVAR","SOLING DEL SINU S.A.S. E.S.P.","2022-03-08T00:00:00.000","0.0","2022","0.0","0.0","ISLA FUERTE","R","N","8218.58","0.0","ISLA FUERTE","P","1","2895942229125216728959422","517256823517256823517256823","E"
"1300100700001","0.0","48907","37.8","L","2","40672.05","28","CARTAGENA DE INDIAS","0.0","2022-02-28T00:00:00.000","1","-0.760","0.0","-31083.71",,"BOLÍVAR","SOLING DEL SINU S.A.S. E.S.P.","2022-03-08T00:00:00.000","0.0","2022","0.0","0.0","ISLA FUERTE","R","N","9588.34","0.0","ISLA FUERTE","P","1","852938749454568220852938749","659781336597813365978133","E"
"1300100700001","0.0","48907","24.0","L","2","25823.53","28","CARTAGENA DE INDIAS","0.0","2022-02-28T00:00:00.000","1","-0.760","0.0","-19735.69",,"BOLÍVAR","SOLING DEL SINU S.A.S. E.S.P.","2022-03-08T00:00:00.000","0.0","2022","0.0","0.0","ISLA FUERTE","R","N","6087.84","0.0","ISLA FUERTE","P","1","662158197374265113662158197","860834168608341686083416","E"
"1300100700001","0.0","48907","16.8","L","2","18076.47","28","CARTAGENA DE INDIAS","0.0","2022-02-28T00:00:00.000","1","-0.760","0.0","-13814.98",,"BOLÍVAR","SOLING DEL SINU S.A.S. E.S.P.","2022-03-08T00:00:00.000","0.0","2022","0.0","0.0","ISLA FUERTE","R","N","4261.49","0.0","ISLA FUERTE","P","1","263700171867115904263700171","941430720941430720941430720","E"
"1300100700001","0.0","48907","0.0","L","2","0","28","CARTAGENA DE INDIAS","0.0","2022-02-28T00:00:00.000","1","-0.760","0.0","0",,"BOLÍVAR","SOLING DEL SINU S.A.S. E.S.P.","2022-03-08T00:00:00.000","0.0","2022","0.0","0.0","ISLA FUERTE","R","N","0","0.0","ISLA FUERTE","P","1","69464498066054808694644980","349436280349436280349436280","E"
"1300100700001","0.0","48907","0.0","L","2","0","28","CARTAGENA DE INDIAS","0.0","2022-02-28T00:00:00.000","1","-0.760","0.0","0",,"BOLÍVAR","SOLING DEL SINU S.A.S. E.S.P.","2022-03-08T00:00:00.000","0.0","2022","0.0","0.0","ISLA FUERTE","R","N","0","0.0","ISLA FUERTE","P","1","2478854792503227524788547","806197778806197778806197778","E"
"1300100700001","0.0","48907","0.0","L","2","0","28","CARTAGENA DE INDIAS","0.0","2022-02-28T00:00:00.000","1","-0.760","0.0","0",,"BOLÍVAR","SOLING DEL SINU S.A.S. E.S.P.","2022-03-08T00:00:00.000","0.0","2022","0.0","0.0","ISLA FUERTE","R","N","0","0.0","ISLA FUERTE","P","1","3444726359626821344472635","368249654368249654368249654","E"
"1300100700001","0.0","48907","0.0","L","2","0","28","CARTAGENA DE INDIAS","0.0","2022-02-28T00:00:00.000","1","-0.760","0.0","0",,"BOLÍVAR","SOLING DEL SINU S.A.S. E.S.P.","2022-03-08T00:00:00.000","0.0","2022","0.0","0.0","ISLA FUERTE","R","N","0","0.0","ISLA FUERTE","P","1","9735003875910081897350038","239503822395038223950382","E"
"1300100700001","0.0","48907","0.0","L","2","0","28","CARTAGENA DE INDIAS","0.0","2022-02-28T00:00:00.000","C","-0.270","0.0","0","220.0","BOLÍVAR","SOLING DEL SINU S.A.S. E.S.P.","2022-03-08T00:00:00.000","0.0","2022","0.0","0.0","ISLA FUERTE","R","N","0","0.0","ISLA FUERTE","P","1","209219063218360032209219063","736211380736211380736211380","E"
"1300100700001","0.0","48907","12.9","L","2","13880.15","28","CARTAGENA DE INDIAS","0.0","2022-02-28T00:00:00.000","C","-0.270","0.0","-3807.95","220.0","BOLÍVAR","SOLING DEL SINU S.A.S. E.S.P.","2022-03-08T00:00:00.000","0.0","2022","0.0","0.0","ISLA FUERTE","R","N","10072.2","0.0","ISLA FUERTE","P","1","310804368698172566310804368","268665654268665654268665654","E"
"1300100700001","0.0","48907","0.0","L","2","0","28","CARTAGENA DE INDIAS","0.0","2022-02-28T00:00:00.000","O","-0.410","0.0","0","220.0","BOLÍVAR","SOLING DEL SINU S.A.S. E.S.P.","2022-03-08T00:00:00.000","0.0","2022","0.0","0.0","ISLA FUERTE","R","N","0","0.0","ISLA FUERTE","P","1","964400544997279887964400544","940895550940895550940895550","E"
"1300100700001","0.0","48907","0.0","L","2","0","28","CARTAGENA DE INDIAS","0.0","2022-02-28T00:00:00.000","1","-0.760","0.0","0",,"BOLÍVAR","SOLING DEL SINU S.A.S. E.S.P.","2022-03-08T00:00:00.000","0.0","2022","0.0","0.0","ISLA FUERTE","R","N","0","0.0","ISLA FUERTE","P","1","354073989337400516354073989","116529006116529006116529006","E"
"1300100700001","0.0","48907","0.0","L","2","0","28","CARTAGENA DE INDIAS","0.0","2022-02-28T00:00:00.000","1","-0.760","0.0","0",,"BOLÍVAR","SOLING DEL SINU S.A.S. E.S.P.","2022-03-08T00:00:00.000","0.0","2022","0.0","0.0","ISLA FUERTE","R","N","0","0.0","ISLA FUERTE","P","1","436526944378065340436526944","160359501160359501160359501","E"
"1300100700001","0.0","48907","0.0","L","2","0","28","CARTAGENA DE INDIAS","0.0","2022-02-28T00:00:00.000","1","-0.760","0.0","0",,"BOLÍVAR","SOLING DEL SINU S.A.S. E.S.P.","2022-03-08T00:00:00.000","0.0","2022","0.0","0.0","ISLA FUERTE","R","N","0","0.0","ISLA FUERTE","P","1","149729524347296034149729524","485504504485504504485504504","E"
"1300100700001","0.0","48907","0.0","L","2","0","28","CARTAGENA DE INDIAS","0.0","2022-02-28T00:00:00.000","1","-0.760","0.0","0",,"BOLÍVAR","SOLING DEL SINU S.A.S. E.S.P.","2022-03-08T00:00:00.000","0.0","2022","0.0","0.0","ISLA FUERTE","R","N","0","0.0","ISLA FUERTE","P","1","5091293512547117750912935","641859251641859251641859251","E"
"1300100700001","0.0","48907","8.7","L","2","9361.03","28","CARTAGENA DE INDIAS","0.0","2022-02-28T00:00:00.000","1","-0.760","0.0","-7154.19",,"BOLÍVAR","SOLING DEL SINU S.A.S. E.S.P.","2022-03-08T00:00:00.000","0.0","2022","0.0","0.0","ISLA FUERTE","R","N","2206.84","0.0","ISLA FUERTE","P","1","678059349601709386678059349","318781172318781172318781172","E"
"1300100700001","0.0","48907","0.0","L","2","0","28","CARTAGENA DE INDIAS","0.0","2022-02-28T00:00:00.000","C","-0.270","0.0","0","220.0","BOLÍVAR","SOLING DEL SINU S.A.S. E.S.P.","2022-03-08T00:00:00.000","0.0","2022","0.0","0.0","ISLA FUERTE","R","N","0","0.0","ISLA FUERTE","P","1","2180194525700966221801945","135008271350082713500827","E"
"1300100700001","0.0","48907","20.68","L","2","22251.27","28","CARTAGENA DE INDIAS","0.0","2022-02-28T00:00:00.000","C","-0.270","0.0","-6104.53","220.0","BOLÍVAR","SOLING DEL SINU S.A.S. E.S.P.","2022-03-08T00:00:00.000","0.0","2022","0.0","0.0","ISLA FUERTE","R","N","16146.74","0.0","ISLA FUERTE","P","1","463116505341953958463116505","225041177225041177225041177","E"
"1300100700001","0.0","48907","0.0","L","2","0","28","CARTAGENA DE INDIAS","0.0","2022-02-28T00:00:00.000","1","-0.760","0.0","0",,"BOLÍVAR","SOLING DEL SINU S.A.S. E.S.P.","2022-03-08T00:00:00.000","0.0","2022","0.0","0.0","ISLA FUERTE","R","N","0","0.0","ISLA FUERTE","P","1","165710949598725991165710949","253106558253106558253106558","E"
"1300100700001","0.0","48907","0.0","L","2","0","28","CARTAGENA DE INDIAS","0.0","2022-02-28T00:00:00.000","1","-0.760","0.0","0",,"BOLÍVAR","SOLING DEL SINU S.A.S. E.S.P.","2022-03-08T00:00:00.000","0.0","2022","0.0","0.0","ISLA FUERTE","R","N","0","0.0","ISLA FUERTE","P","1","859180244200279733859180244","288121347288121347288121347","E"
"1300100700001","0.0","48907","33.0","L","2","35507.35","28","CARTAGENA DE INDIAS","0.0","2022-02-28T00:00:00.000","1","-0.760","0.0","-27136.57",,"BOLÍVAR","SOLING DEL SINU S.A.S. E.S.P.","2022-03-08T00:00:00.000","0.0","2022","0.0","0.0","ISLA FUERTE","R","N","8370.78","0.0","ISLA FUERTE","P","1","852680760891150625852680760","206376684206376684206376684","E"
"1300100700001","0.0","48907","0.0","L","2","0","28","CARTAGENA DE INDIAS","0.0","2022-02-28T00:00:00.000","1","-0.760","0.0","0",,"BOLÍVAR","SOLING DEL SINU S.A.S. E.S.P.","2022-03-08T00:00:00.000","0.0","2022","0.0","0.0","ISLA FUERTE","R","N","0","0.0","ISLA FUERTE","P","1","784761046768032716784761046","546371850546371850546371850","E"
"1300100700001","0.0","48907","0.0","L","2","0","28","CARTAGENA DE INDIAS","0.0","2022-02-28T00:00:00.000","1","-0.760","0.0","0",,"BOLÍVAR","SOLING DEL SINU S.A.S. E.S.P.","2022-03-08T00:00:00.000","0.0","2022","0.0","0.0","ISLA FUERTE","R","N","0","0.0","ISLA FUERTE","P","1","742052522469044857742052522","244557019244557019244557019","E"
"1300100700001","0.0","48907","23.1","L","2","24855.14","28","CARTAGENA DE INDIAS","0.0","2022-02-28T00:00:00.000","1","-0.760","0.0","-18995.6",,"BOLÍVAR","SOLING DEL SINU S.A.S. E.S.P.","2022-03-08T00:00:00.000","0.0","2022","0.0","0.0","ISLA FUERTE","R","N","5859.54","0.0","ISLA FUERTE","P","1","620954439605382947620954439","274912477274912477274912477","E"
"1300100700001","0.0","48907","40.2","L","2","43254.41","28","CARTAGENA DE INDIAS","0.0","2022-02-28T00:00:00.000","1","-0.760","0.0","-33057.28",,"BOLÍVAR","SOLING DEL SINU S.A.S. E.S.P.","2022-03-08T00:00:00.000","0.0","2022","0.0","0.0","ISLA FUERTE","R","N","10197.13","0.0","ISLA FUERTE","P","1","9110120624477675091101206","643354823643354823643354823","E"
"1300100700001","0.0","48907","0.0","L","2","0","28","CARTAGENA DE INDIAS","0.0","2022-02-28T00:00:00.000","1","-0.760","0.0","0",,"BOLÍVAR","SOLING DEL SINU S.A.S. E.S.P.","2022-03-08T00:00:00.000","0.0","2022","0.0","0.0","ISLA FUERTE","R","N","0","0.0","ISLA FUERTE","P","1","263263773968273320263263773","127462661274626612746266","E"
"1300100700001","0.0","48907","63.9","L","2","68755.14","28","CARTAGENA DE INDIAS","0.0","2022-02-28T00:00:00.000","1","-0.760","0.0","-52546.27",,"BOLÍVAR","SOLING DEL SINU S.A.S. E.S.P.","2022-03-08T00:00:00.000","0.0","2022","0.0","0.0","ISLA FUERTE","R","N","16208.87","0.0","ISLA FUERTE","P","1","1837550714046308018375507","828334095828334095828334095","E"
"1300100700001","0.0","48907","33.0","L","2","35507.35","28","CARTAGENA DE INDIAS","0.0","2022-02-28T00:00:00.000","1","-0.760","0.0","-27136.57",,"BOLÍVAR","SOLING DEL SINU S.A.S. E.S.P.","2022-03-08T00:00:00.000","0.0","2022","0.0","0.0","ISLA FUERTE","R","N","8370.78","0.0","ISLA FUERTE","P","1","69153629259240206691536292","224434331224434331224434331","E"
"1300100700001","0.0","48907","16.8","L","2","18076.47","28","CARTAGENA DE INDIAS","0.0","2022-02-28T00:00:00.000","1","-0.760","0.0","-13814.98",,"BOLÍVAR","SOLING DEL SINU S.A.S. E.S.P.","2022-03-08T00:00:00.000","0.0","2022","0.0","0.0","ISLA FUERTE","R","N","4261.49","0.0","ISLA FUERTE","P","1","279282155721533145279282155","254494092254494092254494092","E"
"1300100700001","0.0","48907","36.6","L","2","39380.88","28","CARTAGENA DE INDIAS","0.0","2022-02-28T00:00:00.000","1","-0.760","0.0","-30096.92",,"BOLÍVAR","SOLING DEL SINU S.A.S. E.S.P.","2022-03-08T00:00:00.000","0.0","2022","0.0","0.0","ISLA FUERTE","R","N","9283.96","0.0","ISLA FUERTE","P","1","842621477391134750842621477","680430516804305168043051","E"
"1300100700001","0.0","48907","32.1","L","2","34538.97","28","CARTAGENA DE INDIAS","0.0","2022-02-28T00:00:00.000","1","-0.760","0.0","-26396.48",,"BOLÍVAR","SOLING DEL SINU S.A.S. E.S.P.","2022-03-08T00:00:00.000","0.0","2022","0.0","0.0","ISLA FUERTE","R","N","8142.49","0.0","ISLA FUERTE","P","1","935141836832281467935141836","931994230931994230931994230","E"
"1300100700001","0.0","48907","49.0","L","2","52723.03","28","CARTAGENA DE INDIAS","0.0","2022-02-28T00:00:00.000","1","-0.760","0.0","-40293.69",,"BOLÍVAR","SOLING DEL SINU S.A.S. E.S.P.","2022-03-08T00:00:00.000","0.0","2022","0.0","0.0","ISLA FUERTE","R","N","12429.34","0.0","ISLA FUERTE","P","1","483291779477993958483291779","912782463912782463912782463","E"
"1300100700001","0.0","48907","38.4","L","2","41317.64","28","CARTAGENA DE INDIAS","0.0","2022-02-28T00:00:00.000","1","-0.760","0.0","-31577.1",,"BOLÍVAR","SOLING DEL SINU S.A.S. E.S.P.","2022-03-08T00:00:00.000","0.0","2022","0.0","0.0","ISLA FUERTE","R","N","9740.54","0.0","ISLA FUERTE","P","1","431411718643401181431411718","182085621820856218208562","E"
"1300100700001","0.0","48907","0.0","L","2","0","28","CARTAGENA DE INDIAS","0.0","2022-02-28T00:00:00.000","1","-0.760","0.0","0",,"BOLÍVAR","SOLING DEL SINU S.A.S. E.S.P.","2022-03-08T00:00:00.000","0.0","2022","0.0","0.0","ISLA FUERTE","R","N","0","0.0","ISLA FUERTE","P","1","637868975673919661637868975","819832027819832027819832027","E"
"1300100700001","0.0","48907","25.2","L","2","27114.7","28","CARTAGENA DE INDIAS","0.0","2022-02-28T00:00:00.000","1","-0.760","0.0","-20722.47",,"BOLÍVAR","SOLING DEL SINU S.A.S. E.S.P.","2022-03-08T00:00:00.000","0.0","2022","0.0","0.0","ISLA FUERTE","R","N","6392.23","0.0","ISLA FUERTE","P","1","42417378030615235424173780","982663455982663455982663455","E"
"1300100700001","0.0","48907","51.0","L","2","54874.99","28","CARTAGENA DE INDIAS","0.0","2022-02-28T00:00:00.000","1","-0.760","0.0","-41938.33",,"BOLÍVAR","SOLING DEL SINU S.A.S. E.S.P.","2022-03-08T00:00:00.000","0.0","2022","0.0","0.0","ISLA FUERTE","R","N","12936.66","0.0","ISLA FUERTE","P","1","798292038162124132798292038","747615519747615519747615519","E"
"1300100700001","0.0","48907","34.5","L","2","37121.32","28","CARTAGENA DE INDIAS","0.0","2022-02-28T00:00:00.000","1","-0.760","0.0","-28370.05",,"BOLÍVAR","SOLING DEL SINU S.A.S. E.S.P.","2022-03-08T00:00:00.000","0.0","2022","0.0","0.0","ISLA FUERTE","R","N","8751.27","0.0","ISLA FUERTE","P","1","251725674683404974251725674","370068429370068429370068429","E"
"1300100700001","0.0","48907","49.5","L","2","53261.02","28","CARTAGENA DE INDIAS","0.0","2022-02-28T00:00:00.000","1","-0.760","0.0","-40704.85",,"BOLÍVAR","SOLING DEL SINU S.A.S. E.S.P.","2022-03-08T00:00:00.000","0.0","2022","0.0","0.0","ISLA FUERTE","R","N","12556.17","0.0","ISLA FUERTE","P","1","200166189887253761200166189","155918397155918397155918397","E"
"1300100700001","0.0","48907","32.4","L","2","34861.76","28","CARTAGENA DE INDIAS","0.0","2022-02-28T00:00:00.000","1","-0.760","0.0","-26643.18",,"BOLÍVAR","SOLING DEL SINU S.A.S. E.S.P.","2022-03-08T00:00:00.000","0.0","2022","0.0","0.0","ISLA FUERTE","R","N","8218.58","0.0","ISLA FUERTE","P","1","673658526473746656673658526","207866285207866285207866285","E"
"1300100700001","0.0","48907","79.55","L","2","85594.23","28","CARTAGENA DE INDIAS","0.0","2022-02-28T00:00:00.000","1","-0.760","0.0","-65415.58",,"BOLÍVAR","SOLING DEL SINU S.A.S. E.S.P.","2022-03-08T00:00:00.000","0.0","2022","0.0","0.0","ISLA FUERTE","R","N","20178.65","0.0","ISLA FUERTE","P","1","864962429592259479864962429","221447281221447281221447281","E"
"1300100700001","0.0","48907","14.4","L","2","15494.12","28","CARTAGENA DE INDIAS","0.0","2022-02-28T00:00:00.000","1","-0.760","0.0","-11841.41",,"BOLÍVAR","SOLING DEL SINU S.A.S. E.S.P.","2022-03-08T00:00:00.000","0.0","2022","0.0","0.0","ISLA FUERTE","R","N","3652.71","0.0","ISLA FUERTE","P","1","678900903783710582678900903","213662993213662993213662993","E"
"1300100700001","0.0","48907","48.6","L","2","52292.64","28","CARTAGENA DE INDIAS","0.0","2022-02-28T00:00:00.000","1","-0.760","0.0","-39964.77",,"BOLÍVAR","SOLING DEL SINU S.A.S. E.S.P.","2022-03-08T00:00:00.000","0.0","2022","0.0","0.0","ISLA FUERTE","R","N","12327.87","0.0","ISLA FUERTE","P","1","619021059526126393619021059","282250547282250547282250547","E"
"1300100700001","0.0","48907","39.9","L","2","42931.61","28","CARTAGENA DE INDIAS","0.0","2022-02-28T00:00:00.000","1","-0.760","0.0","-32810.58",,"BOLÍVAR","SOLING DEL SINU S.A.S. E.S.P.","2022-03-08T00:00:00.000","0.0","2022","0.0","0.0","ISLA FUERTE","R","N","10121.03","0.0","ISLA FUERTE","P","1","807197965389181768807197965","672550352672550352672550352","E"
"1300100700001","0.0","48907","36.0","L","2","38735.29","28","CARTAGENA DE INDIAS","0.0","2022-02-28T00:00:00.000","1","-0.760","0.0","-29603.53",,"BOLÍVAR","SOLING DEL SINU S.A.S. E.S.P.","2022-03-08T00:00:00.000","0.0","2022","0.0","0.0","ISLA FUERTE","R","N","9131.76","0.0","ISLA FUERTE","P","1","439834575327353511439834575","840516928405169284051692","E"
"1300100700001","0.0","48907","42.6","L","2","45836.76","28","CARTAGENA DE INDIAS","0.0","2022-02-28T00:00:00.000","1","-0.760","0.0","-35030.84",,"BOLÍVAR","SOLING DEL SINU S.A.S. E.S.P.","2022-03-08T00:00:00.000","0.0","2022","0.0","0.0","ISLA FUERTE","R","N","10805.92","0.0","ISLA FUERTE","P","1","943717355973789403943717355","330223463302234633022346","E"
"1300100700001","0.0","48907","18.0","L","2","19367.64","28","CARTAGENA DE INDIAS","0.0","2022-02-28T00:00:00.000","1","-0.760","0.0","-14801.76",,"BOLÍVAR","SOLING DEL SINU S.A.S. E.S.P.","2022-03-08T00:00:00.000","0.0","2022","0.0","0.0","ISLA FUERTE","R","N","4565.88","0.0","ISLA FUERTE","P","1","66871392477328119668713924","123191140123191140123191140","E"
"1300100700001","0.0","48907","23.4","L","2","25177.94","28","CARTAGENA DE INDIAS","0.0","2022-02-28T00:00:00.000","1","-0.760","0.0","-19242.29",,"BOLÍVAR","SOLING DEL SINU S.A.S. E.S.P.","2022-03-08T00:00:00.000","0.0","2022","0.0","0.0","ISLA FUERTE","R","N","5935.65","0.0","ISLA FUERTE","P","1","494976913592022185494976913","612339059612339059612339059","E"
"1300100700001","0.0","48907","30.3","L","2","32602.2","28","CARTAGENA DE INDIAS","0.0","2022-02-28T00:00:00.000","1","-0.760","0.0","-24916.3",,"BOLÍVAR","SOLING DEL SINU S.A.S. E.S.P.","2022-03-08T00:00:00.000","0.0","2022","0.0","0.0","ISLA FUERTE","R","N","7685.9","0.0","ISLA FUERTE","P","1","388862821955760332388862821","390814696390814696390814696","E"
"1300100700001","0.0","48907","47.1","L","2","50678.67","28","CARTAGENA DE INDIAS","0.0","2022-02-28T00:00:00.000","1","-0.760","0.0","-38731.28",,"BOLÍVAR","SOLING DEL SINU S.A.S. E.S.P.","2022-03-08T00:00:00.000","0.0","2022","0.0","0.0","ISLA FUERTE","R","N","11947.39","0.0","ISLA FUERTE","P","1","364112217489011378364112217","648819160648819160648819160","E"
"1300100700001","0.0","48907","33.88","L","2","36454.21","28","CARTAGENA DE INDIAS","0.0","2022-02-28T00:00:00.000","1","-0.760","0.0","-27860.21",,"BOLÍVAR","SOLING DEL SINU S.A.S. E.S.P.","2022-03-08T00:00:00.000","0.0","2022","0.0","0.0","ISLA FUERTE","R","N","8594","0.0","ISLA FUERTE","P","1","469954770662853292469954770","459456081459456081459456081","E"
"1300100700001","0.0","48907","0.0","L","2","0","28","CARTAGENA DE INDIAS","0.0","2022-02-28T00:00:00.000","1","-0.760","0.0","0",,"BOLÍVAR","SOLING DEL SINU S.A.S. E.S.P.","2022-03-08T00:00:00.000","0.0","2022","0.0","0.0","ISLA FUERTE","R","N","0","0.0","ISLA FUERTE","P","1","595911499668361294595911499","194603046194603046194603046","E"
"1300100700001","0.0","48907","19.5","L","2","20981.62","28","CARTAGENA DE INDIAS","0.0","2022-02-28T00:00:00.000","1","-0.760","0.0","-16035.25",,"BOLÍVAR","SOLING DEL SINU S.A.S. E.S.P.","2022-03-08T00:00:00.000","0.0","2022","0.0","0.0","ISLA FUERTE","R","N","4946.37","0.0","ISLA FUERTE","P","1","5214720812979187252147208","610810799610810799610810799","E"
"1300100700001","0.0","48907","36.6","L","2","39380.88","28","CARTAGENA DE INDIAS","0.0","2022-02-28T00:00:00.000","1","-0.760","0.0","-30096.92",,"BOLÍVAR","SOLING DEL SINU S.A.S. E.S.P.","2022-03-08T00:00:00.000","0.0","2022","0.0","0.0","ISLA FUERTE","R","N","9283.96","0.0","ISLA FUERTE","P","1","1227901165115433812279011","239559982239559982239559982","E"
"1300100700001","0.0","48907","31.5","L","2","33893.38","28","CARTAGENA DE INDIAS","0.0","2022-02-28T00:00:00.000","1","-0.760","0.0","-25903.09",,"BOLÍVAR","SOLING DEL SINU S.A.S. E.S.P.","2022-03-08T00:00:00.000","0.0","2022","0.0","0.0","ISLA FUERTE","R","N","7990.29","0.0","ISLA FUERTE","P","1","153412393613249122153412393","963449239634492396344923","E"
"1300100700001","0.0","48907","14.8","L","2","15924.51","28","CARTAGENA DE INDIAS","0.0","2022-02-28T00:00:00.000","1","-0.760","0.0","-12170.34",,"BOLÍVAR","SOLING DEL SINU S.A.S. E.S.P.","2022-03-08T00:00:00.000","0.0","2022","0.0","0.0","ISLA FUERTE","R","N","3754.17","0.0","ISLA FUERTE","P","1","6704842773949427967048427","639642735639642735639642735","E"
"1300100700001","0.0","48907","24.9","L","2","26791.91","28","CARTAGENA DE INDIAS","0.0","2022-02-28T00:00:00.000","1","-0.760","0.0","-20475.77",,"BOLÍVAR","SOLING DEL SINU S.A.S. E.S.P.","2022-03-08T00:00:00.000","0.0","2022","0.0","0.0","ISLA FUERTE","R","N","6316.14","0.0","ISLA FUERTE","P","1","589602341150023651589602341","432581734325817343258173","E"
"1300100700001","0.0","48907","39.0","L","2","41963.23","28","CARTAGENA DE INDIAS","0.0","2022-02-28T00:00:00.000","1","-0.760","0.0","-32070.49",,"BOLÍVAR","SOLING DEL SINU S.A.S. E.S.P.","2022-03-08T00:00:00.000","0.0","2022","0.0","0.0","ISLA FUERTE","R","N","9892.74","0.0","ISLA FUERTE","P","1","88217347956565848821734","657444020657444020657444020","E"
"1300100700001","0.0","48907","23.4","L","2","25177.94","28","CARTAGENA DE INDIAS","0.0","2022-02-28T00:00:00.000","1","-0.760","0.0","-19242.29",,"BOLÍVAR","SOLING DEL SINU S.A.S. E.S.P.","2022-03-08T00:00:00.000","0.0","2022","0.0","0.0","ISLA FUERTE","R","N","5935.65","0.0","ISLA FUERTE","P","1","476231169295475688476231169","233994077233994077233994077","E"
"1300100700001","0.0","48907","31.5","L","2","33893.38","28","CARTAGENA DE INDIAS","0.0","2022-02-28T00:00:00.000","1","-0.760","0.0","-25903.09",,"BOLÍVAR","SOLING DEL SINU S.A.S. E.S.P.","2022-03-08T00:00:00.000","0.0","2022","0.0","0.0","ISLA FUERTE","R","N","7990.29","0.0","ISLA FUERTE","P","1","355090787490527719355090787","966789179966789179966789179","E"
"1300100700001","0.0","48907","21.9","L","2","23563.97","28","CARTAGENA DE INDIAS","0.0","2022-02-28T00:00:00.000","1","-0.760","0.0","-18008.81",,"BOLÍVAR","SOLING DEL SINU S.A.S. E.S.P.","2022-03-08T00:00:00.000","0.0","2022","0.0","0.0","ISLA FUERTE","R","N","5555.16","0.0","ISLA FUERTE","P","1","726158902885549404726158902","198064036198064036198064036","E"
"1300100700001","0.0","48907","33.0","L","2","35507.35","28","CARTAGENA DE INDIAS","0.0","2022-02-28T00:00:00.000","1","-0.760","0.0","-27136.57",,"BOLÍVAR","SOLING DEL SINU S.A.S. E.S.P.","2022-03-08T00:00:00.000","0.0","2022","0.0","0.0","ISLA FUERTE","R","N","8370.78","0.0","ISLA FUERTE","P","1","536149849548257123536149849","942705419942705419942705419","E"
"1300100700001","0.0","48907","69.6","L","2","74888.23","28","CARTAGENA DE INDIAS","0.0","2022-02-28T00:00:00.000","C","-0.270","0.0","-20545.24","220.0","BOLÍVAR","SOLING DEL SINU S.A.S. E.S.P.","2022-03-08T00:00:00.000","0.0","2022","0.0","0.0","ISLA FUERTE","R","N","54342.99","0.0","ISLA FUERTE","P","1","703531744260113865703531744","494555210494555210494555210","E"
"1300100700001","0.0","48907","9.6","L","2","10329.41","28","CARTAGENA DE INDIAS","0.0","2022-02-28T00:00:00.000","C","-0.270","0.0","-2833.83","220.0","BOLÍVAR","SOLING DEL SINU S.A.S. E.S.P.","2022-03-08T00:00:00.000","0.0","2022","0.0","0.0","ISLA FUERTE","R","N","7495.58","0.0","ISLA FUERTE","P","1","291880299818185807291880299","867160208867160208867160208","E"
"1300100700001","0.0","48907","57.9","L","2","62299.26","28","CARTAGENA DE INDIAS","0.0","2022-02-28T00:00:00.000","C","-0.270","0.0","-17091.52","220.0","BOLÍVAR","SOLING DEL SINU S.A.S. E.S.P.","2022-03-08T00:00:00.000","0.0","2022","0.0","0.0","ISLA FUERTE","R","N","45207.74","0.0","ISLA FUERTE","P","1","359851637330725620359851637","897993664897993664897993664","E"
"1300100700001","0.0","48907","29.1","L","2","31311.03","28","CARTAGENA DE INDIAS","0.0","2022-02-28T00:00:00.000","1","-0.760","0.0","-23929.52",,"BOLÍVAR","SOLING DEL SINU S.A.S. E.S.P.","2022-03-08T00:00:00.000","0.0","2022","0.0","0.0","ISLA FUERTE","R","N","7381.51","0.0","ISLA FUERTE","P","1","29810249458047415298102494","353670928353670928353670928","E"
"1300100700001","0.0","48907","55.2","L","2","59394.11","28","CARTAGENA DE INDIAS","0.0","2022-02-28T00:00:00.000","1","-0.760","0.0","-45392.08",,"BOLÍVAR","SOLING DEL SINU S.A.S. E.S.P.","2022-03-08T00:00:00.000","0.0","2022","0.0","0.0","ISLA FUERTE","R","N","14002.03","0.0","ISLA FUERTE","P","1","908838360169345181908838360","683312374683312374683312374","E"
"1300100700001","0.0","48907","54.36","L","2","58490.29","28","CARTAGENA DE INDIAS","0.0","2022-02-28T00:00:00.000","1","-0.760","0.0","-44701.33",,"BOLÍVAR","SOLING DEL SINU S.A.S. E.S.P.","2022-03-08T00:00:00.000","0.0","2022","0.0","0.0","ISLA FUERTE","R","N","13788.96","0.0","ISLA FUERTE","P","1","219524441243287496219524441","658649416586494165864941","E"
"1300100700001","0.0","48907","32.7","L","2","35184.56","28","CARTAGENA DE INDIAS","0.0","2022-02-28T00:00:00.000","1","-0.760","0.0","-26889.87",,"BOLÍVAR","SOLING DEL SINU S.A.S. E.S.P.","2022-03-08T00:00:00.000","0.0","2022","0.0","0.0","ISLA FUERTE","R","N","8294.69","0.0","ISLA FUERTE","P","1","526973369181128346526973369","330607558330607558330607558","E"
"1300100700001","0.0","48907","35.1","L","2","37766.91","28","CARTAGENA DE INDIAS","0.0","2022-02-28T00:00:00.000","1","-0.760","0.0","-28863.44",,"BOLÍVAR","SOLING DEL SINU S.A.S. E.S.P.","2022-03-08T00:00:00.000","0.0","2022","0.0","0.0","ISLA FUERTE","R","N","8903.47","0.0","ISLA FUERTE","P","1","822882978170672418822882978","845164414845164414845164414","E"
"1300100700001","0.0","48907","11.0","L","2","11835.78","28","CARTAGENA DE INDIAS","0.0","2022-02-28T00:00:00.000","1","-0.760","0.0","-9045.52",,"BOLÍVAR","SOLING DEL SINU S.A.S. E.S.P.","2022-03-08T00:00:00.000","0.0","2022","0.0","0.0","ISLA FUERTE","R","N","2790.26","0.0","ISLA FUERTE","P","1","560350880217838301560350880","738858255738858255738858255","E"
"1300100700001","0.0","48907","29.0","L","2","31203.43","28","CARTAGENA DE INDIAS","0.0","2022-02-28T00:00:00.000","1","-0.760","0.0","-23847.29",,"BOLÍVAR","SOLING DEL SINU S.A.S. E.S.P.","2022-03-08T00:00:00.000","0.0","2022","0.0","0.0","ISLA FUERTE","R","N","7356.14","0.0","ISLA FUERTE","P","1","54172342414722181541723424","875818628875818628875818628","E"
"1300100700001","0.0","48907","19.8","L","2","21304.41","28","CARTAGENA DE INDIAS","0.0","2022-02-28T00:00:00.000","1","-0.760","0.0","-16281.94",,"BOLÍVAR","SOLING DEL SINU S.A.S. E.S.P.","2022-03-08T00:00:00.000","0.0","2022","0.0","0.0","ISLA FUERTE","R","N","5022.47","0.0","ISLA FUERTE","P","1","259778578582777662259778578","108101100108101100108101100","E"
"1300100700001","0.0","48907","32.4","L","2","34861.76","28","CARTAGENA DE INDIAS","0.0","2022-02-28T00:00:00.000","1","-0.760","0.0","-26643.18",,"BOLÍVAR","SOLING DEL SINU S.A.S. E.S.P.","2022-03-08T00:00:00.000","0.0","2022","0.0","0.0","ISLA FUERTE","R","N","8218.58","0.0","ISLA FUERTE","P","1","908282402554386921908282402","518433433518433433518433433","E"
"1300100700001","0.0","48907","43.8","L","2","47127.94","28","CARTAGENA DE INDIAS","0.0","2022-02-28T00:00:00.000","1","-0.760","0.0","-36017.63",,"BOLÍVAR","SOLING DEL SINU S.A.S. E.S.P.","2022-03-08T00:00:00.000","0.0","2022","0.0","0.0","ISLA FUERTE","R","N","11110.31","0.0","ISLA FUERTE","P","1","355778638135774577355778638","971800508971800508971800508","E"
"1300100700001","0.0","48907","54.0","L","2","58102.93","28","CARTAGENA DE INDIAS","0.0","2022-02-28T00:00:00.000","1","-0.760","0.0","-44405.29",,"BOLÍVAR","SOLING DEL SINU S.A.S. E.S.P.","2022-03-08T00:00:00.000","0.0","2022","0.0","0.0","ISLA FUERTE","R","N","13697.64","0.0","ISLA FUERTE","P","1","170659112430640590170659112","438619260438619260438619260","E"
"1300100700001","0.0","48907","53.4","L","2","57457.35","28","CARTAGENA DE INDIAS","0.0","2022-02-28T00:00:00.000","1","-0.760","0.0","-43911.9",,"BOLÍVAR","SOLING DEL SINU S.A.S. E.S.P.","2022-03-08T00:00:00.000","0.0","2022","0.0","0.0","ISLA FUERTE","R","N","13545.45","0.0","ISLA FUERTE","P","1","71568723192388388715687231","506851130506851130506851130","E"
"1300100700001","0.0","48907","0.0","L","2","0","28","CARTAGENA DE INDIAS","0.0","2022-02-28T00:00:00.000","1","-0.760","0.0","0",,"BOLÍVAR","SOLING DEL SINU S.A.S. E.S.P.","2022-03-08T00:00:00.000","0.0","2022","0.0","0.0","ISLA FUERTE","R","N","0","0.0","ISLA FUERTE","P","1","1150511477114652611505114","787194941787194941787194941","E"
"1300100700001","0.0","48907","20.7","L","2","22272.79","28","CARTAGENA DE INDIAS","0.0","2022-02-28T00:00:00.000","1","-0.760","0.0","-17022.03",,"BOLÍVAR","SOLING DEL SINU S.A.S. E.S.P.","2022-03-08T00:00:00.000","0.0","2022","0.0","0.0","ISLA FUERTE","R","N","5250.76","0.0","ISLA FUERTE","P","1","5825595334276943958255953","523103188523103188523103188","E"
"1300100700001","0.0","48907","29.7","L","2","31956.61","28","CARTAGENA DE INDIAS","0.0","2022-02-28T00:00:00.000","1","-0.760","0.0","-24422.91",,"BOLÍVAR","SOLING DEL SINU S.A.S. E.S.P.","2022-03-08T00:00:00.000","0.0","2022","0.0","0.0","ISLA FUERTE","R","N","7533.7","0.0","ISLA FUERTE","P","1","288228255150528391288228255","457225836457225836457225836","E"
"1300100700001","0.0","48907","34.2","L","2","36798.53","28","CARTAGENA DE INDIAS","0.0","2022-02-28T00:00:00.000","1","-0.760","0.0","-28123.35",,"BOLÍVAR","SOLING DEL SINU S.A.S. E.S.P.","2022-03-08T00:00:00.000","0.0","2022","0.0","0.0","ISLA FUERTE","R","N","8675.18","0.0","ISLA FUERTE","P","1","51109676882326433511096768","561496733561496733561496733","E"
"1300100700001","0.0","48907","0.0","L","2","0","28","CARTAGENA DE INDIAS","0.0","2022-02-28T00:00:00.000","1","-0.760","0.0","0",,"BOLÍVAR","SOLING DEL SINU S.A.S. E.S.P.","2022-03-08T00:00:00.000","0.0","2022","0.0","0.0","ISLA FUERTE","R","N","0","0.0","ISLA FUERTE","P","1","3389613961093110533896139","199119357199119357199119357","E"
"1300100700001","0.0","48907","39.3","L","2","42286.02","28","CARTAGENA DE INDIAS","0.0","2022-02-28T00:00:00.000","1","-0.760","0.0","-32317.19",,"BOLÍVAR","SOLING DEL SINU S.A.S. E.S.P.","2022-03-08T00:00:00.000","0.0","2022","0.0","0.0","ISLA FUERTE","R","N","9968.83","0.0","ISLA FUERTE","P","1","71996265151228078719962651","693159502693159502693159502","E"
"1300100700001","0.0","48907","0.0","L","2","0","28","CARTAGENA DE INDIAS","0.0","2022-02-28T00:00:00.000","1","-0.760","0.0","0",,"BOLÍVAR","SOLING DEL SINU S.A.S. E.S.P.","2022-03-08T00:00:00.000","0.0","2022","0.0","0.0","ISLA FUERTE","R","N","0","0.0","ISLA FUERTE","P","1","374692914717368778374692914","231014756231014756231014756","E"
"1300100700001","0.0","48907","40.2","L","2","43254.41","28","CARTAGENA DE INDIAS","0.0","2022-02-28T00:00:00.000","1","-0.760","0.0","-33057.28",,"BOLÍVAR","SOLING DEL SINU S.A.S. E.S.P.","2022-03-08T00:00:00.000","0.0","2022","0.0","0.0","ISLA FUERTE","R","N","10197.13","0.0","ISLA FUERTE","P","1","165336283729700288165336283","571552257155225715522","E"
"1300100700001","0.0","48907","0.0","L","2","0","28","CARTAGENA DE INDIAS","0.0","2022-02-28T00:00:00.000","1","-0.760","0.0","0",,"BOLÍVAR","SOLING DEL SINU S.A.S. E.S.P.","2022-03-08T00:00:00.000","0.0","2022","0.0","0.0","ISLA FUERTE","R","N","0","0.0","ISLA FUERTE","P","1","127880003175856061127880003","302719774302719774302719774","E"
"1300100700001","0.0","48907","26.4","L","2","28405.88","28","CARTAGENA DE INDIAS","0.0","2022-02-28T00:00:00.000","1","-0.760","0.0","-21709.26",,"BOLÍVAR","SOLING DEL SINU S.A.S. E.S.P.","2022-03-08T00:00:00.000","0.0","2022","0.0","0.0","ISLA FUERTE","R","N","6696.62","0.0","ISLA FUERTE","P","1","972872130198339327972872130","259729061259729061259729061","E"
"1300100700001","0.0","48907","35.1","L","2","37766.91","28","CARTAGENA DE INDIAS","0.0","2022-02-28T00:00:00.000","1","-0.760","0.0","-28863.44",,"BOLÍVAR","SOLING DEL SINU S.A.S. E.S.P.","2022-03-08T00:00:00.000","0.0","2022","0.0","0.0","ISLA FUERTE","R","N","8903.47","0.0","ISLA FUERTE","P","1","309815396709414269309815396","401121720401121720401121720","E"
"1300100700001","0.0","48907","35.1","L","2","37766.91","28","CARTAGENA DE INDIAS","0.0","2022-02-28T00:00:00.000","1","-0.760","0.0","-28863.44",,"BOLÍVAR","SOLING DEL SINU S.A.S. E.S.P.","2022-03-08T00:00:00.000","0.0","2022","0.0","0.0","ISLA FUERTE","R","N","8903.47","0.0","ISLA FUERTE","P","1","418911453983878550418911453","501204712501204712501204712","E"
"1300100700001","0.0","48907","16.8","L","2","18076.47","28","CARTAGENA DE INDIAS","0.0","2022-02-28T00:00:00.000","1","-0.760","0.0","-13814.98",,"BOLÍVAR","SOLING DEL SINU S.A.S. E.S.P.","2022-03-08T00:00:00.000","0.0","2022","0.0","0.0","ISLA FUERTE","R","N","4261.49","0.0","ISLA FUERTE","P","1","8798323135022399987983231","901368011901368011901368011","E"
"1300100700001","0.0","48907","17.4","L","2","18722.06","28","CARTAGENA DE INDIAS","0.0","2022-02-28T00:00:00.000","1","-0.760","0.0","-14308.37",,"BOLÍVAR","SOLING DEL SINU S.A.S. E.S.P.","2022-03-08T00:00:00.000","0.0","2022","0.0","0.0","ISLA FUERTE","R","N","4413.69","0.0","ISLA FUERTE","P","1","65769369752324794657693697","777319010777319010777319010","E"
"1300100700001","0.0","48907","31.28","L","2","33656.66","28","CARTAGENA DE INDIAS","0.0","2022-02-28T00:00:00.000","1","-0.760","0.0","-25722.18",,"BOLÍVAR","SOLING DEL SINU S.A.S. E.S.P.","2022-03-08T00:00:00.000","0.0","2022","0.0","0.0","ISLA FUERTE","R","N","7934.48","0.0","ISLA FUERTE","P","1","777082943974378419777082943","163227853163227853163227853","E"
"1300100700001","0.0","48907","38.1","L","2","40994.85","28","CARTAGENA DE INDIAS","0.0","2022-02-28T00:00:00.000","1","-0.760","0.0","-31330.4",,"BOLÍVAR","SOLING DEL SINU S.A.S. E.S.P.","2022-03-08T00:00:00.000","0.0","2022","0.0","0.0","ISLA FUERTE","R","N","9664.45","0.0","ISLA FUERTE","P","1","1021979026307989210219790","972460647972460647972460647","E"
"1300100700001","0.0","48907","24.0","L","2","25823.53","28","CARTAGENA DE INDIAS","0.0","2022-02-28T00:00:00.000","1","-0.760","0.0","-19735.69",,"BOLÍVAR","SOLING DEL SINU S.A.S. E.S.P.","2022-03-08T00:00:00.000","0.0","2022","0.0","0.0","ISLA FUERTE","R","N","6087.84","0.0","ISLA FUERTE","P","1","884914795946510258884914795","280254192280254192280254192","E"
"1300100700001","0.0","48907","33.3","L","2","35830.14","28","CARTAGENA DE INDIAS","0.0","2022-02-28T00:00:00.000","1","-0.760","0.0","-27383.27",,"BOLÍVAR","SOLING DEL SINU S.A.S. E.S.P.","2022-03-08T00:00:00.000","0.0","2022","0.0","0.0","ISLA FUERTE","R","N","8446.87","0.0","ISLA FUERTE","P","1","947823707145768263947823707","619615561619615561619615561","E"
"1300100700001","0.0","48907","18.3","L","2","19690.44","28","CARTAGENA DE INDIAS","0.0","2022-02-28T00:00:00.000","1","-0.760","0.0","-15048.46",,"BOLÍVAR","SOLING DEL SINU S.A.S. E.S.P.","2022-03-08T00:00:00.000","0.0","2022","0.0","0.0","ISLA FUERTE","R","N","4641.98","0.0","ISLA FUERTE","P","1","820684702938058245820684702","540988433540988433540988433","E"
"1300100700001","0.0","48907","13.5","L","2","14525.73","28","CARTAGENA DE INDIAS","0.0","2022-02-28T00:00:00.000","1","-0.760","0.0","-11101.32",,"BOLÍVAR","SOLING DEL SINU S.A.S. E.S.P.","2022-03-08T00:00:00.000","0.0","2022","0.0","0.0","ISLA FUERTE","R","N","3424.41","0.0","ISLA FUERTE","P","1","334405266982407399334405266","358553088358553088358553088","E"
"1300100700001","0.0","48907","16.2","L","2","17430.88","28","CARTAGENA DE INDIAS","0.0","2022-02-28T00:00:00.000","1","-0.760","0.0","-13321.59",,"BOLÍVAR","SOLING DEL SINU S.A.S. E.S.P.","2022-03-08T00:00:00.000","0.0","2022","0.0","0.0","ISLA FUERTE","R","N","4109.29","0.0","ISLA FUERTE","P","1","293515753280322813293515753","423069729423069729423069729","E"
"1300100700001","0.0","48907","21.3","L","2","22918.38","28","CARTAGENA DE INDIAS","0.0","2022-02-28T00:00:00.000","1","-0.760","0.0","-17515.42",,"BOLÍVAR","SOLING DEL SINU S.A.S. E.S.P.","2022-03-08T00:00:00.000","0.0","2022","0.0","0.0","ISLA FUERTE","R","N","5402.96","0.0","ISLA FUERTE","P","1","526472345721458813526472345","436905467436905467436905467","E"
"1300100700001","0.0","48907","33.0","L","2","35507.35","28","CARTAGENA DE INDIAS","0.0","2022-02-28T00:00:00.000","1","-0.760","0.0","-27136.57",,"BOLÍVAR","SOLING DEL SINU S.A.S. E.S.P.","2022-03-08T00:00:00.000","0.0","2022","0.0","0.0","ISLA FUERTE","R","N","8370.78","0.0","ISLA FUERTE","P","1","35364791246074477353647912","589941155899411558994115","E"
"1300100700001","0.0","48907","12.3","L","2","13234.56","28","CARTAGENA DE INDIAS","0.0","2022-02-28T00:00:00.000","1","-0.760","0.0","-10114.54",,"BOLÍVAR","SOLING DEL SINU S.A.S. E.S.P.","2022-03-08T00:00:00.000","0.0","2022","0.0","0.0","ISLA FUERTE","R","N","3120.02","0.0","ISLA FUERTE","P","1","387930665852317782387930665","548115720548115720548115720","E"
"1300100700001","0.0","48907","18.9","L","2","20336.03","28","CARTAGENA DE INDIAS","0.0","2022-02-28T00:00:00.000","1","-0.760","0.0","-15541.85",,"BOLÍVAR","SOLING DEL SINU S.A.S. E.S.P.","2022-03-08T00:00:00.000","0.0","2022","0.0","0.0","ISLA FUERTE","R","N","4794.18","0.0","ISLA FUERTE","P","1","820064250308814598820064250","923794179237941792379417","E"
"1300100700001","0.0","48907","71.52","L","2","76954.11","28","CARTAGENA DE INDIAS","0.0","2022-02-28T00:00:00.000","C","-0.270","0.0","-21112.01","220.0","BOLÍVAR","SOLING DEL SINU S.A.S. E.S.P.","2022-03-08T00:00:00.000","0.0","2022","0.0","0.0","ISLA FUERTE","R","N","55842.1","0.0","ISLA FUERTE","P","1","1179556363787109111795563","837068909837068909837068909","E"
"1300100700001","0.0","48907","22.8","L","2","24532.35","28","CARTAGENA DE INDIAS","0.0","2022-02-28T00:00:00.000","1","-0.760","0.0","-18748.9",,"BOLÍVAR","SOLING DEL SINU S.A.S. E.S.P.","2022-03-08T00:00:00.000","0.0","2022","0.0","0.0","ISLA FUERTE","R","N","5783.45","0.0","ISLA FUERTE","P","1","63064533192159167630645331","257634483257634483257634483","E"
"1300100700001","0.0","48907","21.9","L","2","23563.97","28","CARTAGENA DE INDIAS","0.0","2022-02-28T00:00:00.000","1","-0.760","0.0","-18008.81",,"BOLÍVAR","SOLING DEL SINU S.A.S. E.S.P.","2022-03-08T00:00:00.000","0.0","2022","0.0","0.0","ISLA FUERTE","R","N","5555.16","0.0","ISLA FUERTE","P","1","15499580618140084154995806","453455441453455441453455441","E"
"1300100700001","0.0","48907","62.1","L","2","66818.38","28","CARTAGENA DE INDIAS","0.0","2022-02-28T00:00:00.000","1","-0.760","0.0","-51066.09",,"BOLÍVAR","SOLING DEL SINU S.A.S. E.S.P.","2022-03-08T00:00:00.000","0.0","2022","0.0","0.0","ISLA FUERTE","R","N","15752.29","0.0","ISLA FUERTE","P","1","598222535474699234598222535","902437361902437361902437361","E"
"1300100700001","0.0","48907","41.86","L","2","45040.53","28","CARTAGENA DE INDIAS","0.0","2022-02-28T00:00:00.000","1","-0.760","0.0","-34422.33",,"BOLÍVAR","SOLING DEL SINU S.A.S. E.S.P.","2022-03-08T00:00:00.000","0.0","2022","0.0","0.0","ISLA FUERTE","R","N","10618.2","0.0","ISLA FUERTE","P","1","533035206952018169533035206","943019266943019266943019266","E"
"1300100700001","0.0","48907","19.2","L","2","20658.82","28","CARTAGENA DE INDIAS","0.0","2022-02-28T00:00:00.000","1","-0.760","0.0","-15788.55",,"BOLÍVAR","SOLING DEL SINU S.A.S. E.S.P.","2022-03-08T00:00:00.000","0.0","2022","0.0","0.0","ISLA FUERTE","R","N","4870.27","0.0","ISLA FUERTE","P","1","46005076830677315460050768","754564624754564624754564624","E"
"1300100700001","0.0","48907","22.8","L","2","24532.35","28","CARTAGENA DE INDIAS","0.0","2022-02-28T00:00:00.000","1","-0.760","0.0","-18748.9",,"BOLÍVAR","SOLING DEL SINU S.A.S. E.S.P.","2022-03-08T00:00:00.000","0.0","2022","0.0","0.0","ISLA FUERTE","R","N","5783.45","0.0","ISLA FUERTE","P","1","9630591228568482496305912","534829398534829398534829398","E"
"1300100700001","0.0","48907","26.1","L","2","28083.09","28","CARTAGENA DE INDIAS","0.0","2022-02-28T00:00:00.000","1","-0.760","0.0","-21462.56",,"BOLÍVAR","SOLING DEL SINU S.A.S. E.S.P.","2022-03-08T00:00:00.000","0.0","2022","0.0","0.0","ISLA FUERTE","R","N","6620.53","0.0","ISLA FUERTE","P","1","409285577130810034409285577","390724923390724923390724923","E"
"1300100700001","0.0","48907","26.0","L","2","27975.49","28","CARTAGENA DE INDIAS","0.0","2022-02-28T00:00:00.000","1","-0.760","0.0","-21380.33",,"BOLÍVAR","SOLING DEL SINU S.A.S. E.S.P.","2022-03-08T00:00:00.000","0.0","2022","0.0","0.0","ISLA FUERTE","R","N","6595.16","0.0","ISLA FUERTE","P","1","979439013878826352979439013","635398157635398157635398157","E"
"1300100700001","0.0","48907","17.1","L","2","18399.26","28","CARTAGENA DE INDIAS","0.0","2022-02-28T00:00:00.000","1","-0.760","0.0","-14061.68",,"BOLÍVAR","SOLING DEL SINU S.A.S. E.S.P.","2022-03-08T00:00:00.000","0.0","2022","0.0","0.0","ISLA FUERTE","R","N","4337.58","0.0","ISLA FUERTE","P","1","208577841875295328208577841","136507603136507603136507603","E"
"1300100700001","0.0","48907","0.0","L","2","0","28","CARTAGENA DE INDIAS","0.0","2022-02-28T00:00:00.000","1","-0.760","0.0","0",,"BOLÍVAR","SOLING DEL SINU S.A.S. E.S.P.","2022-03-08T00:00:00.000","0.0","2022","0.0","0.0","ISLA FUERTE","R","N","0","0.0","ISLA FUERTE","P","1","4664272105293160466427210","483029985483029985483029985","E"
"1300100700001","0.0","48907","0.0","L","2","0","28","CARTAGENA DE INDIAS","0.0","2022-02-28T00:00:00.000","1","-0.760","0.0","0",,"BOLÍVAR","SOLING DEL SINU S.A.S. E.S.P.","2022-03-08T00:00:00.000","0.0","2022","0.0","0.0","ISLA FUERTE","R","N","0","0.0","ISLA FUERTE","P","1","511309070164696304511309070","534277853427785342778","E"
"1300100700001","0.0","48907","0.0","L","2","0","28","CARTAGENA DE INDIAS","0.0","2022-02-28T00:00:00.000","1","-0.760","0.0","0",,"BOLÍVAR","SOLING DEL SINU S.A.S. E.S.P.","2022-03-08T00:00:00.000","0.0","2022","0.0","0.0","ISLA FUERTE","R","N","0","0.0","ISLA FUERTE","P","1","173432245856061477173432245","749406664749406664749406664","E"
"1300100700001","0.0","48907","0.0","L","2","0","28","CARTAGENA DE INDIAS","0.0","2022-02-28T00:00:00.000","C","-0.270","0.0","0","220.0","BOLÍVAR","SOLING DEL SINU S.A.S. E.S.P.","2022-03-08T00:00:00.000","0.0","2022","0.0","0.0","ISLA FUERTE","R","N","0","0.0","ISLA FUERTE","P","1","8750779589050125087507795","349016948349016948349016948","E"
"1300100700001","0.0","48907","34.32","L","2","36927.64","28","CARTAGENA DE INDIAS","0.0","2022-02-28T00:00:00.000","C","-0.270","0.0","-10130.93","220.0","BOLÍVAR","SOLING DEL SINU S.A.S. E.S.P.","2022-03-08T00:00:00.000","0.0","2022","0.0","0.0","ISLA FUERTE","R","N","26796.71","0.0","ISLA FUERTE","P","1","494642380932967565494642380","835460285835460285835460285","E"
"1300100700001","0.0","48907","48.3","L","2","51969.85","28","CARTAGENA DE INDIAS","0.0","2022-02-28T00:00:00.000","C","-0.270","0.0","-14257.69","220.0","BOLÍVAR","SOLING DEL SINU S.A.S. E.S.P.","2022-03-08T00:00:00.000","0.0","2022","0.0","0.0","ISLA FUERTE","R","N","37712.16","0.0","ISLA FUERTE","P","1","118644152369565790118644152","577268574577268574577268574","E"
"1300100700001","0.0","48907","0.0","L","2","0","28","CARTAGENA DE INDIAS","0.0","2022-02-28T00:00:00.000","C","-0.270","0.0","0","220.0","BOLÍVAR","SOLING DEL SINU S.A.S. E.S.P.","2022-03-08T00:00:00.000","0.0","2022","0.0","0.0","ISLA FUERTE","R","N","0","0.0","ISLA FUERTE","P","1","6216396455519738621639645","911310757911310757911310757","E"
"1300100700001","0.0","48907","33.6","L","2","36152.94","28","CARTAGENA DE INDIAS","0.0","2022-02-28T00:00:00.000","O","-0.410","0.0","-14845.83","220.0","BOLÍVAR","SOLING DEL SINU S.A.S. E.S.P.","2022-03-08T00:00:00.000","0.0","2022","0.0","0.0","ISLA FUERTE","R","N","21307.11","0.0","ISLA FUERTE","P","1","723937933681651393723937933","113927692113927692113927692","E"
"1300100700001","0.0","48907","0.0","L","2","0","28","CARTAGENA DE INDIAS","0.0","2022-02-28T00:00:00.000","1","-0.760","0.0","0",,"BOLÍVAR","SOLING DEL SINU S.A.S. E.S.P.","2022-03-08T00:00:00.000","0.0","2022","0.0","0.0","ISLA FUERTE","R","N","0","0.0","ISLA FUERTE","P","1","347766145140576566347766145","130019929130019929130019929","E"
"1300100700001","0.0","48907","0.0","L","2","0","28","CARTAGENA DE INDIAS","0.0","2022-02-28T00:00:00.000","1","-0.760","0.0","0",,"BOLÍVAR","SOLING DEL SINU S.A.S. E.S.P.","2022-03-08T00:00:00.000","0.0","2022","0.0","0.0","ISLA FUERTE","R","N","0","0.0","ISLA FUERTE","P","1","582646917627802306582646917","185862032185862032185862032","E"
"1300100700001","0.0","48907","0.0","L","2","0","28","CARTAGENA DE INDIAS","0.0","2022-02-28T00:00:00.000","1","-0.760","0.0","0",,"BOLÍVAR","SOLING DEL SINU S.A.S. E.S.P.","2022-03-08T00:00:00.000","0.0","2022","0.0","0.0","ISLA FUERTE","R","N","0","0.0","ISLA FUERTE","P","1","6503179739972511665031797","847098340847098340847098340","E"
"1300100700001","0.0","48907","0.0","L","2","0","28","CARTAGENA DE INDIAS","0.0","2022-02-28T00:00:00.000","1","-0.760","0.0","0",,"BOLÍVAR","SOLING DEL SINU S.A.S. E.S.P.","2022-03-08T00:00:00.000","0.0","2022","0.0","0.0","ISLA FUERTE","R","N","0","0.0","ISLA FUERTE","P","1","478974964782795520478974964","275613463275613463275613463","E"
"1300100700001","0.0","48907","0.0","L","2","0","28","CARTAGENA DE INDIAS","0.0","2022-02-28T00:00:00.000","1","-0.760","0.0","0",,"BOLÍVAR","SOLING DEL SINU S.A.S. E.S.P.","2022-03-08T00:00:00.000","0.0","2022","0.0","0.0","ISLA FUERTE","R","N","0","0.0","ISLA FUERTE","P","1","642054480394054362642054480","587218258721825872182","E"
"1300100700001","0.0","48907","29.44","L","2","31676.86","28","CARTAGENA DE INDIAS","0.0","2022-02-28T00:00:00.000","C","-0.270","0.0","-8690.4","220.0","BOLÍVAR","SOLING DEL SINU S.A.S. E.S.P.","2022-03-08T00:00:00.000","0.0","2022","0.0","0.0","ISLA FUERTE","R","N","22986.46","0.0","ISLA FUERTE","P","1","812388862508015693812388862","766748049766748049766748049","E"
"1300100700001","0.0","48907","27.9","L","2","30019.85","28","CARTAGENA DE INDIAS","0.0","2022-02-28T00:00:00.000","1","-0.760","0.0","-22942.74",,"BOLÍVAR","SOLING DEL SINU S.A.S. E.S.P.","2022-03-08T00:00:00.000","0.0","2022","0.0","0.0","ISLA FUERTE","R","N","7077.11","0.0","ISLA FUERTE","P","1","427886109442411613427886109","794875111794875111794875111","E"
"1300100700001","0.0","48907","24.6","L","2","26469.11","28","CARTAGENA DE INDIAS","0.0","2022-02-28T00:00:00.000","1","-0.760","0.0","-20229.08",,"BOLÍVAR","SOLING DEL SINU S.A.S. E.S.P.","2022-03-08T00:00:00.000","0.0","2022","0.0","0.0","ISLA FUERTE","R","N","6240.03","0.0","ISLA FUERTE","P","1","749935277306199067749935277","613956824613956824613956824","E"
"1300100700001","0.0","48907","18.0","L","2","19367.64","28","CARTAGENA DE INDIAS","0.0","2022-02-28T00:00:00.000","1","-0.760","0.0","-14801.76",,"BOLÍVAR","SOLING DEL SINU S.A.S. E.S.P.","2022-03-08T00:00:00.000","0.0","2022","0.0","0.0","ISLA FUERTE","R","N","4565.88","0.0","ISLA FUERTE","P","1","292732456891419259292732456","548188350548188350548188350","E"
"1300100700001","0.0","48907","51.0","L","2","54874.99","28","CARTAGENA DE INDIAS","0.0","2022-02-28T00:00:00.000","1","-0.760","0.0","-41938.33",,"BOLÍVAR","SOLING DEL SINU S.A.S. E.S.P.","2022-03-08T00:00:00.000","0.0","2022","0.0","0.0","ISLA FUERTE","R","N","12936.66","0.0","ISLA FUERTE","P","1","100714030932825012100714030","674126267674126267674126267","E"
"1300100700001","0.0","48907","0.0","L","2","0","28","CARTAGENA DE INDIAS","0.0","2022-02-28T00:00:00.000","1","-0.760","0.0","0",,"BOLÍVAR","SOLING DEL SINU S.A.S. E.S.P.","2022-03-08T00:00:00.000","0.0","2022","0.0","0.0","ISLA FUERTE","R","N","0","0.0","ISLA FUERTE","P","1","511958308685496081511958308","730014449730014449730014449","E"
"1300100700001","0.0","48907","10.8","L","2","11620.59","28","CARTAGENA DE INDIAS","0.0","2022-02-28T00:00:00.000","1","-0.760","0.0","-8881.06",,"BOLÍVAR","SOLING DEL SINU S.A.S. E.S.P.","2022-03-08T00:00:00.000","0.0","2022","0.0","0.0","ISLA FUERTE","R","N","2739.53","0.0","ISLA FUERTE","P","1","726026512731602539726026512","994448859944488599444885","E"
"1300100700001","0.0","48907","0.0","L","2","0","28","CARTAGENA DE INDIAS","0.0","2022-02-28T00:00:00.000","1","-0.760","0.0","0",,"BOLÍVAR","SOLING DEL SINU S.A.S. E.S.P.","2022-03-08T00:00:00.000","0.0","2022","0.0","0.0","ISLA FUERTE","R","N","0","0.0","ISLA FUERTE","P","1","88170672561488886881706725","110645334110645334110645334","E"
"1300100700001","0.0","48907","0.0","L","2","0","28","CARTAGENA DE INDIAS","0.0","2022-02-28T00:00:00.000","1","-0.760","0.0","0",,"BOLÍVAR","SOLING DEL SINU S.A.S. E.S.P.","2022-03-08T00:00:00.000","0.0","2022","0.0","0.0","ISLA FUERTE","R","N","0","0.0","ISLA FUERTE","P","1","701898025735964993701898025","641632364163236416323","E"
"1300100700001","0.0","48907","19.5","L","2","20981.62","28","CARTAGENA DE INDIAS","0.0","2022-02-28T00:00:00.000","C","-0.270","0.0","-5756.21","220.0","BOLÍVAR","SOLING DEL SINU S.A.S. E.S.P.","2022-03-08T00:00:00.000","0.0","2022","0.0","0.0","ISLA FUERTE","R","N","15225.41","0.0","ISLA FUERTE","P","1","129428889973658035129428889","462328834462328834462328834","E"
"1300100700001","0.0","48907","0.0","L","2","0","28","CARTAGENA DE INDIAS","0.0","2022-02-28T00:00:00.000","C","-0.270","0.0","0","220.0","BOLÍVAR","SOLING DEL SINU S.A.S. E.S.P.","2022-03-08T00:00:00.000","0.0","2022","0.0","0.0","ISLA FUERTE","R","N","0","0.0","ISLA FUERTE","P","1","5070128567098551950701285","823754287823754287823754287","E"
"1300100700001","0.0","48907","0.0","L","2","0","28","CARTAGENA DE INDIAS","0.0","2022-02-28T00:00:00.000","1","-0.760","0.0","0",,"BOLÍVAR","SOLING DEL SINU S.A.S. E.S.P.","2022-03-08T00:00:00.000","0.0","2022","0.0","0.0","ISLA FUERTE","R","N","0","0.0","ISLA FUERTE","P","1","999972248937373429999972248","452976594529765945297659","E"
"1300100700001","0.0","48907","43.5","L","2","46805.14","28","CARTAGENA DE INDIAS","0.0","2022-02-28T00:00:00.000","C","-0.270","0.0","-12840.78","220.0","BOLÍVAR","SOLING DEL SINU S.A.S. E.S.P.","2022-03-08T00:00:00.000","0.0","2022","0.0","0.0","ISLA FUERTE","R","N","33964.36","0.0","ISLA FUERTE","P","1","938164560994472987938164560","884076670884076670884076670","E"
"1300100700001","0.0","48907","0.0","L","2","0","28","CARTAGENA DE INDIAS","0.0","2022-02-28T00:00:00.000","1","-0.760","0.0","0",,"BOLÍVAR","SOLING DEL SINU S.A.S. E.S.P.","2022-03-08T00:00:00.000","0.0","2022","0.0","0.0","ISLA FUERTE","R","N","0","0.0","ISLA FUERTE","P","1","66498296844232056649829","268608914268608914268608914","E"
"1300100700001","0.0","48907","0.0","L","2","0","28","CARTAGENA DE INDIAS","0.0","2022-02-28T00:00:00.000","1","-0.760","0.0","0",,"BOLÍVAR","SOLING DEL SINU S.A.S. E.S.P.","2022-03-08T00:00:00.000","0.0","2022","0.0","0.0","ISLA FUERTE","R","N","0","0.0","ISLA FUERTE","P","1","940527893588781551940527893","390132276390132276390132276","E"
"1300100700001","0.0","48907","260.0","L","2","279754.87","28","CARTAGENA DE INDIAS","0.0","2022-02-28T00:00:00.000","C","-0.270","0.0","-76749.47","220.0","BOLÍVAR","SOLING DEL SINU S.A.S. E.S.P.","2022-03-08T00:00:00.000","0.0","2022","0.0","0.0","ISLA FUERTE","R","N","203005.4","0.0","ISLA FUERTE","P","1","765158856357464639765158856","793049065793049065793049065","E"
"1300100700001","0.0","48907","24.9","L","2","26791.91","28","CARTAGENA DE INDIAS","0.0","2022-02-28T00:00:00.000","1","-0.760","0.0","-20475.77",,"BOLÍVAR","SOLING DEL SINU S.A.S. E.S.P.","2022-03-08T00:00:00.000","0.0","2022","0.0","0.0","ISLA FUERTE","R","N","6316.14","0.0","ISLA FUERTE","P","1","786068406909357360786068406","509869080509869080509869080","E"
"1300100700001","0.0","48907","23.4","L","2","25177.94","28","CARTAGENA DE INDIAS","0.0","2022-02-28T00:00:00.000","1","-0.760","0.0","-19242.29",,"BOLÍVAR","SOLING DEL SINU S.A.S. E.S.P.","2022-03-08T00:00:00.000","0.0","2022","0.0","0.0","ISLA FUERTE","R","N","5935.65","0.0","ISLA FUERTE","P","1","297659395727148614297659395","825365023825365023825365023","E"
"1300100700001","0.0","48907","37.8","L","2","40672.05","28","CARTAGENA DE INDIAS","0.0","2022-02-28T00:00:00.000","1","-0.760","0.0","-31083.71",,"BOLÍVAR","SOLING DEL SINU S.A.S. E.S.P.","2022-03-08T00:00:00.000","0.0","2022","0.0","0.0","ISLA FUERTE","R","N","9588.34","0.0","ISLA FUERTE","P","1","659781988595892967659781988","800993811800993811800993811","E"
"1300100700001","0.0","48907","13.8","L","2","14848.53","28","CARTAGENA DE INDIAS","0.0","2022-02-28T00:00:00.000","1","-0.760","0.0","-11348.02",,"BOLÍVAR","SOLING DEL SINU S.A.S. E.S.P.","2022-03-08T00:00:00.000","0.0","2022","0.0","0.0","ISLA FUERTE","R","N","3500.51","0.0","ISLA FUERTE","P","1","458135214396321169458135214","686704636867046368670463","E"
"1300100700001","0.0","48907","68.4","L","2","73597.05","28","CARTAGENA DE INDIAS","0.0","2022-02-28T00:00:00.000","1","-0.760","0.0","-56246.71",,"BOLÍVAR","SOLING DEL SINU S.A.S. E.S.P.","2022-03-08T00:00:00.000","0.0","2022","0.0","0.0","ISLA FUERTE","R","N","17350.34","0.0","ISLA FUERTE","P","1","121009030888442324121009030","335064749335064749335064749","E"
"1300100700001","0.0","48907","22.5","L","2","24209.56","28","CARTAGENA DE INDIAS","0.0","2022-02-28T00:00:00.000","1","-0.760","0.0","-18502.21",,"BOLÍVAR","SOLING DEL SINU S.A.S. E.S.P.","2022-03-08T00:00:00.000","0.0","2022","0.0","0.0","ISLA FUERTE","R","N","5707.35","0.0","ISLA FUERTE","P","1","8004817242318226480048172","211283758211283758211283758","E"
"1300100700001","0.0","48907","34.2","L","2","36798.53","28","CARTAGENA DE INDIAS","0.0","2022-02-28T00:00:00.000","1","-0.760","0.0","-28123.35",,"BOLÍVAR","SOLING DEL SINU S.A.S. E.S.P.","2022-03-08T00:00:00.000","0.0","2022","0.0","0.0","ISLA FUERTE","R","N","8675.18","0.0","ISLA FUERTE","P","1","545955664225052821545955664","481637172481637172481637172","E"
"1300100700001","0.0","48907","39.9","L","2","42931.61","28","CARTAGENA DE INDIAS","0.0","2022-02-28T00:00:00.000","1","-0.760","0.0","-32810.58",,"BOLÍVAR","SOLING DEL SINU S.A.S. E.S.P.","2022-03-08T00:00:00.000","0.0","2022","0.0","0.0","ISLA FUERTE","R","N","10121.03","0.0","ISLA FUERTE","P","1","967661133579231823967661133","587891343587891343587891343","E"
"1300100700001","0.0","48907","34.68","L","2","37315","28","CARTAGENA DE INDIAS","0.0","2022-02-28T00:00:00.000","1","-0.760","0.0","-28518.07",,"BOLÍVAR","SOLING DEL SINU S.A.S. E.S.P.","2022-03-08T00:00:00.000","0.0","2022","0.0","0.0","ISLA FUERTE","R","N","8796.93","0.0","ISLA FUERTE","P","1","148323511728735894148323511","736346551736346551736346551","E"
"1300100700001","0.0","48907","86.6","L","2","93179.89","28","CARTAGENA DE INDIAS","0.0","2022-02-28T00:00:00.000","1","-0.760","0.0","-71212.94",,"BOLÍVAR","SOLING DEL SINU S.A.S. E.S.P.","2022-03-08T00:00:00.000","0.0","2022","0.0","0.0","ISLA FUERTE","R","N","21966.95","0.0","ISLA FUERTE","P","1","861662611725774019861662611","619867428619867428619867428","E"
"1300100700001","0.0","48907","10.8","L","2","11620.59","28","CARTAGENA DE INDIAS","0.0","2022-02-28T00:00:00.000","1","-0.760","0.0","-8881.06",,"BOLÍVAR","SOLING DEL SINU S.A.S. E.S.P.","2022-03-08T00:00:00.000","0.0","2022","0.0","0.0","ISLA FUERTE","R","N","2739.53","0.0","ISLA FUERTE","P","1","201126049924208045201126049","975027839750278397502783","E"
"1300100700001","0.0","48907","45.6","L","2","49064.7","28","CARTAGENA DE INDIAS","0.0","2022-02-28T00:00:00.000","1","-0.760","0.0","-37497.8",,"BOLÍVAR","SOLING DEL SINU S.A.S. E.S.P.","2022-03-08T00:00:00.000","0.0","2022","0.0","0.0","ISLA FUERTE","R","N","11566.9","0.0","ISLA FUERTE","P","1","940488746872789597940488746","800342407800342407800342407","E"
"1300100700001","0.0","48907","25.2","L","2","27114.7","28","CARTAGENA DE INDIAS","0.0","2022-02-28T00:00:00.000","1","-0.760","0.0","-20722.47",,"BOLÍVAR","SOLING DEL SINU S.A.S. E.S.P.","2022-03-08T00:00:00.000","0.0","2022","0.0","0.0","ISLA FUERTE","R","N","6392.23","0.0","ISLA FUERTE","P","1","889770695303661422889770695","264225190264225190264225190","E"
"1300100700001","0.0","48907","45.3","L","2","48741.91","28","CARTAGENA DE INDIAS","0.0","2022-02-28T00:00:00.000","1","-0.760","0.0","-37251.11",,"BOLÍVAR","SOLING DEL SINU S.A.S. E.S.P.","2022-03-08T00:00:00.000","0.0","2022","0.0","0.0","ISLA FUERTE","R","N","11490.8","0.0","ISLA FUERTE","P","1","43398184298288092433981842","343108082343108082343108082","E"
"1300100700001","0.0","48907","32.1","L","2","34538.97","28","CARTAGENA DE INDIAS","0.0","2022-02-28T00:00:00.000","1","-0.760","0.0","-26396.48",,"BOLÍVAR","SOLING DEL SINU S.A.S. E.S.P.","2022-03-08T00:00:00.000","0.0","2022","0.0","0.0","ISLA FUERTE","R","N","8142.49","0.0","ISLA FUERTE","P","1","538497496567956522538497496","652075350652075350652075350","E"
"1300100700001","0.0","48907","52.8","L","2","56811.76","28","CARTAGENA DE INDIAS","0.0","2022-02-28T00:00:00.000","1","-0.760","0.0","-43418.51",,"BOLÍVAR","SOLING DEL SINU S.A.S. E.S.P.","2022-03-08T00:00:00.000","0.0","2022","0.0","0.0","ISLA FUERTE","R","N","13393.25","0.0","ISLA FUERTE","P","1","9719057227243416297190572","168485763168485763168485763","E"
"1300100700001","0.0","48907","27.5","L","2","29589.46","28","CARTAGENA DE INDIAS","0.0","2022-02-28T00:00:00.000","1","-0.760","0.0","-22613.81",,"BOLÍVAR","SOLING DEL SINU S.A.S. E.S.P.","2022-03-08T00:00:00.000","0.0","2022","0.0","0.0","ISLA FUERTE","R","N","6975.65","0.0","ISLA FUERTE","P","1","521582843911168152158284","509732825097328250973282","E"
"1300100700001","0.0","48907","32.1","L","2","34538.97","28","CARTAGENA DE INDIAS","0.0","2022-02-28T00:00:00.000","1","-0.760","0.0","-26396.48",,"BOLÍVAR","SOLING DEL SINU S.A.S. E.S.P.","2022-03-08T00:00:00.000","0.0","2022","0.0","0.0","ISLA FUERTE","R","N","8142.49","0.0","ISLA FUERTE","P","1","466946433971957876466946433","170337792170337792170337792","E"
"1300100700001","0.0","48907","24.3","L","2","26146.32","28","CARTAGENA DE INDIAS","0.0","2022-02-28T00:00:00.000","1","-0.760","0.0","-19982.38",,"BOLÍVAR","SOLING DEL SINU S.A.S. E.S.P.","2022-03-08T00:00:00.000","0.0","2022","0.0","0.0","ISLA FUERTE","R","N","6163.94","0.0","ISLA FUERTE","P","1","8571751883514703385717518","769117513769117513769117513","E"
"1300100700001","0.0","48907","19.2","L","2","20658.82","28","CARTAGENA DE INDIAS","0.0","2022-02-28T00:00:00.000","1","-0.760","0.0","-15788.55",,"BOLÍVAR","SOLING DEL SINU S.A.S. E.S.P.","2022-03-08T00:00:00.000","0.0","2022","0.0","0.0","ISLA FUERTE","R","N","4870.27","0.0","ISLA FUERTE","P","1","5807281437281439458072814","669884651669884651669884651","E"
"1300100700001","0.0","48907","17.4","L","2","18722.06","28","CARTAGENA DE INDIAS","0.0","2022-02-28T00:00:00.000","1","-0.760","0.0","-14308.37",,"BOLÍVAR","SOLING DEL SINU S.A.S. E.S.P.","2022-03-08T00:00:00.000","0.0","2022","0.0","0.0","ISLA FUERTE","R","N","4413.69","0.0","ISLA FUERTE","P","1","62446781151423191624467811","931909371931909371931909371","E"
"1300100700001","0.0","48907","43.7","L","2","47020.34","28","CARTAGENA DE INDIAS","0.0","2022-02-28T00:00:00.000","1","-0.760","0.0","-35935.4",,"BOLÍVAR","SOLING DEL SINU S.A.S. E.S.P.","2022-03-08T00:00:00.000","0.0","2022","0.0","0.0","ISLA FUERTE","R","N","11084.94","0.0","ISLA FUERTE","P","1","659447982729400927659447982","215487304215487304215487304","E"
"1300100700001","0.0","48907","26.18","L","2","28169.16","28","CARTAGENA DE INDIAS","0.0","2022-02-28T00:00:00.000","1","-0.760","0.0","-21528.34",,"BOLÍVAR","SOLING DEL SINU S.A.S. E.S.P.","2022-03-08T00:00:00.000","0.0","2022","0.0","0.0","ISLA FUERTE","R","N","6640.82","0.0","ISLA FUERTE","P","1","320534609698221469320534609","740878144740878144740878144","E"
"1300100700001","0.0","48907","20.0","L","2","21519.61","28","CARTAGENA DE INDIAS","0.0","2022-02-28T00:00:00.000","1","-0.760","0.0","-16446.41",,"BOLÍVAR","SOLING DEL SINU S.A.S. E.S.P.","2022-03-08T00:00:00.000","0.0","2022","0.0","0.0","ISLA FUERTE","R","N","5073.2","0.0","ISLA FUERTE","P","1","829585517231302495829585517","363768301363768301363768301","E"
"1300100700001","0.0","48907","54.6","L","2","58748.52","28","CARTAGENA DE INDIAS","0.0","2022-02-28T00:00:00.000","1","-0.760","0.0","-44898.69",,"BOLÍVAR","SOLING DEL SINU S.A.S. E.S.P.","2022-03-08T00:00:00.000","0.0","2022","0.0","0.0","ISLA FUERTE","R","N","13849.83","0.0","ISLA FUERTE","P","1","253993264937205625253993264","954795260954795260954795260","E"
"1300100700001","0.0","48907","27.6","L","2","29697.06","28","CARTAGENA DE INDIAS","0.0","2022-02-28T00:00:00.000","1","-0.760","0.0","-22696.04",,"BOLÍVAR","SOLING DEL SINU S.A.S. E.S.P.","2022-03-08T00:00:00.000","0.0","2022","0.0","0.0","ISLA FUERTE","R","N","7001.02","0.0","ISLA FUERTE","P","1","4055207327267062040552073","429539274429539274429539274","E"
"1300100700001","0.0","48907","0.0","L","2","0","28","CARTAGENA DE INDIAS","0.0","2022-02-28T00:00:00.000","1","-0.760","0.0","0",,"BOLÍVAR","SOLING DEL SINU S.A.S. E.S.P.","2022-03-08T00:00:00.000","0.0","2022","0.0","0.0","ISLA FUERTE","R","N","0","0.0","ISLA FUERTE","P","1","907655902231486778907655902","137011183137011183137011183","E"
"1300100700001","0.0","48907","43.8","L","2","47127.94","28","CARTAGENA DE INDIAS","0.0","2022-02-28T00:00:00.000","1","-0.760","0.0","-36017.63",,"BOLÍVAR","SOLING DEL SINU S.A.S. E.S.P.","2022-03-08T00:00:00.000","0.0","2022","0.0","0.0","ISLA FUERTE","R","N","11110.31","0.0","ISLA FUERTE","P","1","596821631536699310596821631","481337295481337295481337295","E"
"1300100700001","0.0","48907","44.1","L","2","47450.73","28","CARTAGENA DE INDIAS","0.0","2022-02-28T00:00:00.000","1","-0.760","0.0","-36264.32",,"BOLÍVAR","SOLING DEL SINU S.A.S. E.S.P.","2022-03-08T00:00:00.000","0.0","2022","0.0","0.0","ISLA FUERTE","R","N","11186.41","0.0","ISLA FUERTE","P","1","4936053468691449549360534","737993985737993985737993985","E"
"1300100700001","0.0","48907","28.8","L","2","30988.23","28","CARTAGENA DE INDIAS","0.0","2022-02-28T00:00:00.000","1","-0.760","0.0","-23682.82",,"BOLÍVAR","SOLING DEL SINU S.A.S. E.S.P.","2022-03-08T00:00:00.000","0.0","2022","0.0","0.0","ISLA FUERTE","R","N","7305.41","0.0","ISLA FUERTE","P","1","420187087783753786420187087","105052609105052609105052609","E"
"1300100700001","0.0","48907","21.6","L","2","23241.17","28","CARTAGENA DE INDIAS","0.0","2022-02-28T00:00:00.000","1","-0.760","0.0","-17762.12",,"BOLÍVAR","SOLING DEL SINU S.A.S. E.S.P.","2022-03-08T00:00:00.000","0.0","2022","0.0","0.0","ISLA FUERTE","R","N","5479.05","0.0","ISLA FUERTE","P","1","90029625046012631900296250","812328248123282481232824","E"
"1300100700001","0.0","48907","32.1","L","2","34538.97","28","CARTAGENA DE INDIAS","0.0","2022-02-28T00:00:00.000","1","-0.760","0.0","-26396.48",,"BOLÍVAR","SOLING DEL SINU S.A.S. E.S.P.","2022-03-08T00:00:00.000","0.0","2022","0.0","0.0","ISLA FUERTE","R","N","8142.49","0.0","ISLA FUERTE","P","1","506985003857466368506985003","351906045351906045351906045","E"
"1300100700001","0.0","48907","18.3","L","2","19690.44","28","CARTAGENA DE INDIAS","0.0","2022-02-28T00:00:00.000","1","-0.760","0.0","-15048.46",,"BOLÍVAR","SOLING DEL SINU S.A.S. E.S.P.","2022-03-08T00:00:00.000","0.0","2022","0.0","0.0","ISLA FUERTE","R","N","4641.98","0.0","ISLA FUERTE","P","1","1274987765223133412749877","753604279753604279753604279","E"
"1300100700001","0.0","48907","32.1","L","2","34538.97","28","CARTAGENA DE INDIAS","0.0","2022-02-28T00:00:00.000","1","-0.760","0.0","-26396.48",,"BOLÍVAR","SOLING DEL SINU S.A.S. E.S.P.","2022-03-08T00:00:00.000","0.0","2022","0.0","0.0","ISLA FUERTE","R","N","8142.49","0.0","ISLA FUERTE","P","1","759110698678887453759110698","461062024461062024461062024","E"
"1300100700001","0.0","48907","0.0","L","2","0","28","CARTAGENA DE INDIAS","0.0","2022-02-28T00:00:00.000","1","-0.760","0.0","0",,"BOLÍVAR","SOLING DEL SINU S.A.S. E.S.P.","2022-03-08T00:00:00.000","0.0","2022","0.0","0.0","ISLA FUERTE","R","N","0","0.0","ISLA FUERTE","P","1","9798836963433191297988369","163800443163800443163800443","E"
"1300100700001","0.0","48907","30.9","L","2","33247.79","28","CARTAGENA DE INDIAS","0.0","2022-02-28T00:00:00.000","1","-0.760","0.0","-25409.7",,"BOLÍVAR","SOLING DEL SINU S.A.S. E.S.P.","2022-03-08T00:00:00.000","0.0","2022","0.0","0.0","ISLA FUERTE","R","N","7838.09","0.0","ISLA FUERTE","P","1","773353182258138661773353182","810627518106275181062751","E"
"1300100700001","0.0","48907","50.4","L","2","54229.41","28","CARTAGENA DE INDIAS","0.0","2022-02-28T00:00:00.000","1","-0.760","0.0","-41444.94",,"BOLÍVAR","SOLING DEL SINU S.A.S. E.S.P.","2022-03-08T00:00:00.000","0.0","2022","0.0","0.0","ISLA FUERTE","R","N","12784.47","0.0","ISLA FUERTE","P","1","204341092214692813204341092","114020299114020299114020299","E"
"1300100700001","0.0","48907","29.7","L","2","31956.61","28","CARTAGENA DE INDIAS","0.0","2022-02-28T00:00:00.000","1","-0.760","0.0","-24422.91",,"BOLÍVAR","SOLING DEL SINU S.A.S. E.S.P.","2022-03-08T00:00:00.000","0.0","2022","0.0","0.0","ISLA FUERTE","R","N","7533.7","0.0","ISLA FUERTE","P","1","121894049424782603121894049","319392637319392637319392637","E"
"1300100700001","0.0","48907","28.8","L","2","30988.23","28","CARTAGENA DE INDIAS","0.0","2022-02-28T00:00:00.000","1","-0.760","0.0","-23682.82",,"BOLÍVAR","SOLING DEL SINU S.A.S. E.S.P.","2022-03-08T00:00:00.000","0.0","2022","0.0","0.0","ISLA FUERTE","R","N","7305.41","0.0","ISLA FUERTE","P","1","270577891293585128270577891","171103653171103653171103653","E"
"1300100700001","0.0","48907","20.1","L","2","21627.2","28","CARTAGENA DE INDIAS","0.0","2022-02-28T00:00:00.000","C","-0.270","0.0","-5933.32","220.0","BOLÍVAR","SOLING DEL SINU S.A.S. E.S.P.","2022-03-08T00:00:00.000","0.0","2022","0.0","0.0","ISLA FUERTE","R","N","15693.88","0.0","ISLA FUERTE","P","1","596995481228449331596995481","622282031622282031622282031","E"
"1300100700001","0.0","48907","20.4","L","2","21950","28","CARTAGENA DE INDIAS","0.0","2022-02-28T00:00:00.000","C","-0.270","0.0","-6021.88","220.0","BOLÍVAR","SOLING DEL SINU S.A.S. E.S.P.","2022-03-08T00:00:00.000","0.0","2022","0.0","0.0","ISLA FUERTE","R","N","15928.12","0.0","ISLA FUERTE","P","1","113059703454817827113059703","456397831456397831456397831","E"
"1300100700001","0.0","48907","83.4","L","2","89736.75","28","CARTAGENA DE INDIAS","0.0","2022-02-28T00:00:00.000","C","-0.270","0.0","-24618.87","220.0","BOLÍVAR","SOLING DEL SINU S.A.S. E.S.P.","2022-03-08T00:00:00.000","0.0","2022","0.0","0.0","ISLA FUERTE","R","N","65117.88","0.0","ISLA FUERTE","P","1","148069198719583627148069198","461992372461992372461992372","E"
"1300100700001","0.0","48907","41.4","L","2","44545.58","28","CARTAGENA DE INDIAS","0.0","2022-02-28T00:00:00.000","C","-0.270","0.0","-12220.88","220.0","BOLÍVAR","SOLING DEL SINU S.A.S. E.S.P.","2022-03-08T00:00:00.000","0.0","2022","0.0","0.0","ISLA FUERTE","R","N","32324.7","0.0","ISLA FUERTE","P","1","263245282642354651263245282","400904088400904088400904088","E"
"1300100700001","0.0","48907","13.8","L","2","14848.53","28","CARTAGENA DE INDIAS","0.0","2022-02-28T00:00:00.000","C","-0.270","0.0","-4073.63","220.0","BOLÍVAR","SOLING DEL SINU S.A.S. E.S.P.","2022-03-08T00:00:00.000","0.0","2022","0.0","0.0","ISLA FUERTE","R","N","10774.9","0.0","ISLA FUERTE","P","1","16628837814419689166288378","640987024640987024640987024","E"
"1300100700001","0.0","48907","34.5","L","2","37121.32","28","CARTAGENA DE INDIAS","0.0","2022-02-28T00:00:00.000","C","-0.270","0.0","-10184.06","220.0","BOLÍVAR","SOLING DEL SINU S.A.S. E.S.P.","2022-03-08T00:00:00.000","0.0","2022","0.0","0.0","ISLA FUERTE","R","N","26937.26","0.0","ISLA FUERTE","P","1","854502423402495727854502423","540035185540035185540035185","E"
"1300100700001","0.0","48907","12.9","L","2","13880.15","28","CARTAGENA DE INDIAS","0.0","2022-02-28T00:00:00.000","1","-0.760","0.0","-10607.93",,"BOLÍVAR","SOLING DEL SINU S.A.S. E.S.P.","2022-03-08T00:00:00.000","0.0","2022","0.0","0.0","ISLA FUERTE","R","N","3272.22","0.0","ISLA FUERTE","P","1","258020539777451965258020539","880203583880203583880203583","E"
"1300100700001","0.0","48907","30.6","L","2","32925","28","CARTAGENA DE INDIAS","0.0","2022-02-28T00:00:00.000","1","-0.760","0.0","-25163",,"BOLÍVAR","SOLING DEL SINU S.A.S. E.S.P.","2022-03-08T00:00:00.000","0.0","2022","0.0","0.0","ISLA FUERTE","R","N","7762","0.0","ISLA FUERTE","P","1","680343005984796694680343005","660631975660631975660631975","E"
"1300100700001","0.0","48907","28.8","L","2","30988.23","28","CARTAGENA DE INDIAS","0.0","2022-02-28T00:00:00.000","1","-0.760","0.0","-23682.82",,"BOLÍVAR","SOLING DEL SINU S.A.S. E.S.P.","2022-03-08T00:00:00.000","0.0","2022","0.0","0.0","ISLA FUERTE","R","N","7305.41","0.0","ISLA FUERTE","P","1","899605760856833593899605760","296128176296128176296128176","E"
"1300100700001","0.0","48907","20.4","L","2","21950","28","CARTAGENA DE INDIAS","0.0","2022-02-28T00:00:00.000","1","-0.760","0.0","-16775.33",,"BOLÍVAR","SOLING DEL SINU S.A.S. E.S.P.","2022-03-08T00:00:00.000","0.0","2022","0.0","0.0","ISLA FUERTE","R","N","5174.67","0.0","ISLA FUERTE","P","1","558549755375306878558549755","472103148472103148472103148","E"
"1300100700001","0.0","48907","66.0","L","2","71014.7","28","CARTAGENA DE INDIAS","0.0","2022-02-28T00:00:00.000","1","-0.760","0.0","-54273.14",,"BOLÍVAR","SOLING DEL SINU S.A.S. E.S.P.","2022-03-08T00:00:00.000","0.0","2022","0.0","0.0","ISLA FUERTE","R","N","16741.56","0.0","ISLA FUERTE","P","1","748854278249901420748854278","573435508573435508573435508","E"
"1300100700001","0.0","48907","36.6","L","2","39380.88","28","CARTAGENA DE INDIAS","0.0","2022-02-28T00:00:00.000","1","-0.760","0.0","-30096.92",,"BOLÍVAR","SOLING DEL SINU S.A.S. E.S.P.","2022-03-08T00:00:00.000","0.0","2022","0.0","0.0","ISLA FUERTE","R","N","9283.96","0.0","ISLA FUERTE","P","1","896874482245094524896874482","418702557418702557418702557","E"
"1300100700001","0.0","48907","42.3","L","2","45513.97","28","CARTAGENA DE INDIAS","0.0","2022-02-28T00:00:00.000","1","-0.760","0.0","-34784.15",,"BOLÍVAR","SOLING DEL SINU S.A.S. E.S.P.","2022-03-08T00:00:00.000","0.0","2022","0.0","0.0","ISLA FUERTE","R","N","10729.82","0.0","ISLA FUERTE","P","1","829214694367768878829214694","597593485975934859759348","E"
"1300100700001","0.0","48907","0.0","L","2","0","28","CARTAGENA DE INDIAS","0.0","2022-02-28T00:00:00.000","1","-0.760","0.0","0",,"BOLÍVAR","SOLING DEL SINU S.A.S. E.S.P.","2022-03-08T00:00:00.000","0.0","2022","0.0","0.0","ISLA FUERTE","R","N","0","0.0","ISLA FUERTE","P","1","909117067985205472909117067","271605401271605401271605401","E"
"1300100700001","0.0","48907","0.0","L","3","0","20","CARTAGENA DE INDIAS","0.0","2022-03-31T00:00:00.000","1","-0.750","0.0","0",,"BOLÍVAR","SOLING DEL SINU S.A.S. E.S.P.","2022-04-08T00:00:00.000","0.0","2022","0.0","0.0","ISLA FUERTE","R","N","0","0.0","ISLA FUERTE","P","1","655342165284480030655342165","313853518313853518313853518","R"
"1300100700001","0.0","48907","0.0","L","3","0","20","CARTAGENA DE INDIAS","0.0","2022-03-31T00:00:00.000","1","-0.750","0.0","0",,"BOLÍVAR","SOLING DEL SINU S.A.S. E.S.P.","2022-04-08T00:00:00.000","0.0","2022","0.0","0.0","ISLA FUERTE","R","N","0","0.0","ISLA FUERTE","P","1","8798323135022399987983231","586702776586702776586702776","R"
"1300100700001","0.0","48907","0.0","L","3","0","20","CARTAGENA DE INDIAS","0.0","2022-03-31T00:00:00.000","1","-0.750","0.0","0",,"BOLÍVAR","SOLING DEL SINU S.A.S. E.S.P.","2022-04-08T00:00:00.000","0.0","2022","0.0","0.0","ISLA FUERTE","R","N","0","0.0","ISLA FUERTE","P","1","754947803991421856754947803","880627109880627109880627109","R"
"1300100700001","0.0","48907","26.35","L","3","28561.21","20","CARTAGENA DE INDIAS","0.0","2022-03-31T00:00:00.000","1","-0.750","0.0","-21542.62",,"BOLÍVAR","SOLING DEL SINU S.A.S. E.S.P.","2022-04-08T00:00:00.000","0.0","2022","0.0","0.0","ISLA FUERTE","R","N","7018.59","0.0","ISLA FUERTE","P","1","129381793209473837129381793","549094255490942554909425","R"
"1300100700001","0.0","48907","15.01","L","3","16273.13","20","CARTAGENA DE INDIAS","0.0","2022-03-31T00:00:00.000","1","-0.750","0.0","-12274.19",,"BOLÍVAR","SOLING DEL SINU S.A.S. E.S.P.","2022-04-08T00:00:00.000","0.0","2022","0.0","0.0","ISLA FUERTE","R","N","3998.94","0.0","ISLA FUERTE","P","1","777082943974378419777082943","248440835248440835248440835","R"
"1300100700001","0.0","48907","11.68","L","3","12661.36","20","CARTAGENA DE INDIAS","0.0","2022-03-31T00:00:00.000","1","-0.750","0.0","-9549.97",,"BOLÍVAR","SOLING DEL SINU S.A.S. E.S.P.","2022-04-08T00:00:00.000","0.0","2022","0.0","0.0","ISLA FUERTE","R","N","3111.39","0.0","ISLA FUERTE","P","1","107146013203660081107146013","998258164998258164998258164","R"
"1300100700001","0.0","48907","15.41","L","3","16699.72","20","CARTAGENA DE INDIAS","0.0","2022-03-31T00:00:00.000","1","-0.750","0.0","-12595.96",,"BOLÍVAR","SOLING DEL SINU S.A.S. E.S.P.","2022-04-08T00:00:00.000","0.0","2022","0.0","0.0","ISLA FUERTE","R","N","4103.76","0.0","ISLA FUERTE","P","1","935141836832281467935141836","371303345371303345371303345","R"
"1300100700001","0.0","48907","12.53","L","3","13578.28","20","CARTAGENA DE INDIAS","0.0","2022-03-31T00:00:00.000","1","-0.750","0.0","-10241.57",,"BOLÍVAR","SOLING DEL SINU S.A.S. E.S.P.","2022-04-08T00:00:00.000","0.0","2022","0.0","0.0","ISLA FUERTE","R","N","3336.71","0.0","ISLA FUERTE","P","1","595260951273481708595260951","828012727828012727828012727","R"
"1300100700001","0.0","48907","21.19","L","3","22971.88","20","CARTAGENA DE INDIAS","0.0","2022-03-31T00:00:00.000","1","-0.750","0.0","-17326.8",,"BOLÍVAR","SOLING DEL SINU S.A.S. E.S.P.","2022-04-08T00:00:00.000","0.0","2022","0.0","0.0","ISLA FUERTE","R","N","5645.08","0.0","ISLA FUERTE","P","1","364112217489011378364112217","218931594218931594218931594","R"
"1300100700001","0.0","48907","23.9","L","3","25907.98","20","CARTAGENA DE INDIAS","0.0","2022-03-31T00:00:00.000","1","-0.750","0.0","-19541.39",,"BOLÍVAR","SOLING DEL SINU S.A.S. E.S.P.","2022-04-08T00:00:00.000","0.0","2022","0.0","0.0","ISLA FUERTE","R","N","6366.59","0.0","ISLA FUERTE","P","1","336574341827481432336574341","729152619729152619729152619","R"
"1300100700001","0.0","48907","6.62","L","3","7179.32","20","CARTAGENA DE INDIAS","0.0","2022-03-31T00:00:00.000","1","-0.750","0.0","-5415.08",,"BOLÍVAR","SOLING DEL SINU S.A.S. E.S.P.","2022-04-08T00:00:00.000","0.0","2022","0.0","0.0","ISLA FUERTE","R","N","1764.24","0.0","ISLA FUERTE","P","1","458135214396321169458135214","583023024583023024583023024","R"
"1300100700001","0.0","48907","9.5","L","3","10300.76","20","CARTAGENA DE INDIAS","0.0","2022-03-31T00:00:00.000","1","-0.750","0.0","-7769.47",,"BOLÍVAR","SOLING DEL SINU S.A.S. E.S.P.","2022-04-08T00:00:00.000","0.0","2022","0.0","0.0","ISLA FUERTE","R","N","2531.29","0.0","ISLA FUERTE","P","1","709034743834646960709034743","667638213667638213667638213","R"
"1300100700001","0.0","48907","15.55","L","3","16855.8","20","CARTAGENA DE INDIAS","0.0","2022-03-31T00:00:00.000","1","-0.750","0.0","-12713.68",,"BOLÍVAR","SOLING DEL SINU S.A.S. E.S.P.","2022-04-08T00:00:00.000","0.0","2022","0.0","0.0","ISLA FUERTE","R","N","4142.12","0.0","ISLA FUERTE","P","1","403734740805133095403734740","571066358571066358571066358","R"
"1300100700001","0.0","48907","0.0","L","3","0","20","CARTAGENA DE INDIAS","0.0","2022-03-31T00:00:00.000","1","-0.750","0.0","0",,"BOLÍVAR","SOLING DEL SINU S.A.S. E.S.P.","2022-04-08T00:00:00.000","0.0","2022","0.0","0.0","ISLA FUERTE","R","N","0","0.0","ISLA FUERTE","P","1","16261697551378353162616975","436693962436693962436693962","R"
"1300100700001","0.0","48907","0.0","L","3","0","20","CARTAGENA DE INDIAS","0.0","2022-03-31T00:00:00.000","1","-0.750","0.0","0",,"BOLÍVAR","SOLING DEL SINU S.A.S. E.S.P.","2022-04-08T00:00:00.000","0.0","2022","0.0","0.0","ISLA FUERTE","R","N","0","0.0","ISLA FUERTE","P","1","7207706859120875720770685","578962076578962076578962076","R"
"1300100700001","0.0","48907","0.0","L","3","0","20","CARTAGENA DE INDIAS","0.0","2022-03-31T00:00:00.000","1","-0.750","0.0","0",,"BOLÍVAR","SOLING DEL SINU S.A.S. E.S.P.","2022-04-08T00:00:00.000","0.0","2022","0.0","0.0","ISLA FUERTE","R","N","0","0.0","ISLA FUERTE","P","1","727146325262223224727146325","987658332987658332987658332","R"
"1300100700001","0.0","48907","309.0","L","3","334904.92","20","CARTAGENA DE INDIAS","0.0","2022-03-31T00:00:00.000","C","-0.270","0.0","-90065.68","220.0","BOLÍVAR","SOLING DEL SINU S.A.S. E.S.P.","2022-04-08T00:00:00.000","0.0","2022","0.0","0.0","ISLA FUERTE","R","N","244839.24","0.0","ISLA FUERTE","P","1","765158856357464639765158856","748304647483046474830464","R"
"1300100700001","0.0","48907","14.13","L","3","15315.88","20","CARTAGENA DE INDIAS","0.0","2022-03-31T00:00:00.000","C","-0.270","0.0","-4118.89","220.0","BOLÍVAR","SOLING DEL SINU S.A.S. E.S.P.","2022-04-08T00:00:00.000","0.0","2022","0.0","0.0","ISLA FUERTE","R","N","11196.99","0.0","ISLA FUERTE","P","1","812388862508015693812388862","397554787397554787397554787","R"
"1300100700001","0.0","48907","0.0","L","3","0","20","CARTAGENA DE INDIAS","0.0","2022-03-31T00:00:00.000","C","-0.270","0.0","0","220.0","BOLÍVAR","SOLING DEL SINU S.A.S. E.S.P.","2022-04-08T00:00:00.000","0.0","2022","0.0","0.0","ISLA FUERTE","R","N","0","0.0","ISLA FUERTE","P","1","199929382453865245199929382","299451751299451751299451751","R"
"1300100700001","0.0","48907","23.4","L","3","25366.93","20","CARTAGENA DE INDIAS","0.0","2022-03-31T00:00:00.000","C","-0.270","0.0","-6821.91","220.0","BOLÍVAR","SOLING DEL SINU S.A.S. E.S.P.","2022-04-08T00:00:00.000","0.0","2022","0.0","0.0","ISLA FUERTE","R","N","18545.02","0.0","ISLA FUERTE","P","1","325986017333231986325986017","336072626336072626336072626","R"
"1300100700001","0.0","48907","36.86","L","3","39954.48","20","CARTAGENA DE INDIAS","0.0","2022-03-31T00:00:00.000","C","-0.270","0.0","-10744.92","220.0","BOLÍVAR","SOLING DEL SINU S.A.S. E.S.P.","2022-04-08T00:00:00.000","0.0","2022","0.0","0.0","ISLA FUERTE","R","N","29209.56","0.0","ISLA FUERTE","P","1","422347757446746734422347757","508242936508242936508242936","R"
"1300100700001","0.0","48907","13.97","L","3","15139","20","CARTAGENA DE INDIAS","0.0","2022-03-31T00:00:00.000","C","-0.270","0.0","-4071.32","220.0","BOLÍVAR","SOLING DEL SINU S.A.S. E.S.P.","2022-04-08T00:00:00.000","0.0","2022","0.0","0.0","ISLA FUERTE","R","N","11067.68","0.0","ISLA FUERTE","P","1","41512467814624384415124678","164346166164346166164346166","R"
"1300100700001","0.0","48907","64.37","L","3","69764.27","20","CARTAGENA DE INDIAS","0.0","2022-03-31T00:00:00.000","C","-0.270","0.0","-18761.64","220.0","BOLÍVAR","SOLING DEL SINU S.A.S. E.S.P.","2022-04-08T00:00:00.000","0.0","2022","0.0","0.0","ISLA FUERTE","R","N","51002.63","0.0","ISLA FUERTE","P","1","1179556363787109111795563","977922718977922718977922718","R"
"1300100700001","0.0","48907","18.35","L","3","19892.7","20","CARTAGENA DE INDIAS","0.0","2022-03-31T00:00:00.000","C","-0.270","0.0","-5349.73","220.0","BOLÍVAR","SOLING DEL SINU S.A.S. E.S.P.","2022-04-08T00:00:00.000","0.0","2022","0.0","0.0","ISLA FUERTE","R","N","14542.97","0.0","ISLA FUERTE","P","1","118644152369565790118644152","193846901938469019384690","R"
"1300100700001","0.0","48907","9.5","L","3","10300.76","20","CARTAGENA DE INDIAS","0.0","2022-03-31T00:00:00.000","1","-0.750","0.0","-7769.47",,"BOLÍVAR","SOLING DEL SINU S.A.S. E.S.P.","2022-04-08T00:00:00.000","0.0","2022","0.0","0.0","ISLA FUERTE","R","N","2531.29","0.0","ISLA FUERTE","P","1","259778578582777662259778578","562637963562637963562637963","R"
"1300100700001","0.0","48907","16.42","L","3","17792.23","20","CARTAGENA DE INDIAS","0.0","2022-03-31T00:00:00.000","1","-0.750","0.0","-13419.99",,"BOLÍVAR","SOLING DEL SINU S.A.S. E.S.P.","2022-04-08T00:00:00.000","0.0","2022","0.0","0.0","ISLA FUERTE","R","N","4372.24","0.0","ISLA FUERTE","P","1","471699205556646870471699205","357205468357205468357205468","R"
"1300100700001","0.0","48907","8.06","L","3","8740.04","20","CARTAGENA DE INDIAS","0.0","2022-03-31T00:00:00.000","1","-0.750","0.0","-6592.28",,"BOLÍVAR","SOLING DEL SINU S.A.S. E.S.P.","2022-04-08T00:00:00.000","0.0","2022","0.0","0.0","ISLA FUERTE","R","N","2147.76","0.0","ISLA FUERTE","P","1","227835709160285054227835709","938787999387879993878799","R"
"1300100700001","0.0","48907","22.03","L","3","23879.05","20","CARTAGENA DE INDIAS","0.0","2022-03-31T00:00:00.000","1","-0.750","0.0","-18011.04",,"BOLÍVAR","SOLING DEL SINU S.A.S. E.S.P.","2022-04-08T00:00:00.000","0.0","2022","0.0","0.0","ISLA FUERTE","R","N","5868.01","0.0","ISLA FUERTE","P","1","157056398998508777157056398","727852039727852039727852039","R"
"1300100700001","0.0","48907","16.42","L","3","17792.23","20","CARTAGENA DE INDIAS","0.0","2022-03-31T00:00:00.000","1","-0.750","0.0","-13419.99",,"BOLÍVAR","SOLING DEL SINU S.A.S. E.S.P.","2022-04-08T00:00:00.000","0.0","2022","0.0","0.0","ISLA FUERTE","R","N","4372.24","0.0","ISLA FUERTE","P","1","51109676882326433511096768","558720066558720066558720066","R"
"1300100700001","0.0","48907","12.1","L","3","13110.06","20","CARTAGENA DE INDIAS","0.0","2022-03-31T00:00:00.000","1","-0.750","0.0","-9888.42",,"BOLÍVAR","SOLING DEL SINU S.A.S. E.S.P.","2022-04-08T00:00:00.000","0.0","2022","0.0","0.0","ISLA FUERTE","R","N","3221.64","0.0","ISLA FUERTE","P","1","889770695303661422889770695","886522328865223288652232","R"
"1300100700001","0.0","48907","21.74","L","3","23566.9","20","CARTAGENA DE INDIAS","0.0","2022-03-31T00:00:00.000","1","-0.750","0.0","-17775.6",,"BOLÍVAR","SOLING DEL SINU S.A.S. E.S.P.","2022-04-08T00:00:00.000","0.0","2022","0.0","0.0","ISLA FUERTE","R","N","5791.3","0.0","ISLA FUERTE","P","1","43398184298288092433981842","469357335469357335469357335","R"
"1300100700001","0.0","48907","25.34","L","3","27468.71","20","CARTAGENA DE INDIAS","0.0","2022-03-31T00:00:00.000","1","-0.750","0.0","-20718.59",,"BOLÍVAR","SOLING DEL SINU S.A.S. E.S.P.","2022-04-08T00:00:00.000","0.0","2022","0.0","0.0","ISLA FUERTE","R","N","6750.12","0.0","ISLA FUERTE","P","1","9719057227243416297190572","742508054742508054742508054","R"
"1300100700001","0.0","48907","20.74","L","3","22474.4","20","CARTAGENA DE INDIAS","0.0","2022-03-31T00:00:00.000","1","-0.750","0.0","-16951.57",,"BOLÍVAR","SOLING DEL SINU S.A.S. E.S.P.","2022-04-08T00:00:00.000","0.0","2022","0.0","0.0","ISLA FUERTE","R","N","5522.83","0.0","ISLA FUERTE","P","1","369389746762436539369389746","823392926823392926823392926","R"
"1300100700001","0.0","48907","11.52","L","3","12485.78","20","CARTAGENA DE INDIAS","0.0","2022-03-31T00:00:00.000","1","-0.750","0.0","-9417.54",,"BOLÍVAR","SOLING DEL SINU S.A.S. E.S.P.","2022-04-08T00:00:00.000","0.0","2022","0.0","0.0","ISLA FUERTE","R","N","3068.24","0.0","ISLA FUERTE","P","1","57884040269390933578840402","123354012335401233540","R"
"1300100700001","0.0","48907","7.63","L","3","8271.83","20","CARTAGENA DE INDIAS","0.0","2022-03-31T00:00:00.000","1","-0.750","0.0","-6239.12",,"BOLÍVAR","SOLING DEL SINU S.A.S. E.S.P.","2022-04-08T00:00:00.000","0.0","2022","0.0","0.0","ISLA FUERTE","R","N","2032.71","0.0","ISLA FUERTE","P","1","704439494143213105704439494","651869231651869231651869231","R"
"1300100700001","0.0","48907","16.7","L","3","18104.37","20","CARTAGENA DE INDIAS","0.0","2022-03-31T00:00:00.000","1","-0.750","0.0","-13655.43",,"BOLÍVAR","SOLING DEL SINU S.A.S. E.S.P.","2022-04-08T00:00:00.000","0.0","2022","0.0","0.0","ISLA FUERTE","R","N","4448.94","0.0","ISLA FUERTE","P","1","787380321262915786787380321","929481259929481259929481259","R"
"1300100700001","0.0","48907","11.66","L","3","12641.85","20","CARTAGENA DE INDIAS","0.0","2022-03-31T00:00:00.000","1","-0.750","0.0","-9535.26",,"BOLÍVAR","SOLING DEL SINU S.A.S. E.S.P.","2022-04-08T00:00:00.000","0.0","2022","0.0","0.0","ISLA FUERTE","R","N","3106.59","0.0","ISLA FUERTE","P","1","456199906181893177456199906","834183892834183892834183892","R"
"1300100700001","0.0","48907","15.55","L","3","16855.8","20","CARTAGENA DE INDIAS","0.0","2022-03-31T00:00:00.000","1","-0.750","0.0","-12713.68",,"BOLÍVAR","SOLING DEL SINU S.A.S. E.S.P.","2022-04-08T00:00:00.000","0.0","2022","0.0","0.0","ISLA FUERTE","R","N","4142.12","0.0","ISLA FUERTE","P","1","74537340436341421745373404","635819753635819753635819753","R"
"1300100700001","0.0","48907","10.66","L","3","11549.34","20","CARTAGENA DE INDIAS","0.0","2022-03-31T00:00:00.000","1","-0.750","0.0","-8711.22",,"BOLÍVAR","SOLING DEL SINU S.A.S. E.S.P.","2022-04-08T00:00:00.000","0.0","2022","0.0","0.0","ISLA FUERTE","R","N","2838.12","0.0","ISLA FUERTE","P","1","461258606139636838461258606","986611489866114898661148","R"
"1300100700001","0.0","48907","10.94","L","3","11861.49","20","CARTAGENA DE INDIAS","0.0","2022-03-31T00:00:00.000","1","-0.750","0.0","-8946.66",,"BOLÍVAR","SOLING DEL SINU S.A.S. E.S.P.","2022-04-08T00:00:00.000","0.0","2022","0.0","0.0","ISLA FUERTE","R","N","2914.83","0.0","ISLA FUERTE","P","1","63064533192159167630645331","124308356124308356124308356","R"
"1300100700001","0.0","48907","11.98","L","3","12985.21","20","CARTAGENA DE INDIAS","0.0","2022-03-31T00:00:00.000","1","-0.750","0.0","-9794.24",,"BOLÍVAR","SOLING DEL SINU S.A.S. E.S.P.","2022-04-08T00:00:00.000","0.0","2022","0.0","0.0","ISLA FUERTE","R","N","3190.97","0.0","ISLA FUERTE","P","1","370310626546329799370310626","236541192236541192236541192","R"
"1300100700001","0.0","48907","6.05","L","3","6555.03","20","CARTAGENA DE INDIAS","0.0","2022-03-31T00:00:00.000","1","-0.750","0.0","-4944.21",,"BOLÍVAR","SOLING DEL SINU S.A.S. E.S.P.","2022-04-08T00:00:00.000","0.0","2022","0.0","0.0","ISLA FUERTE","R","N","1610.82","0.0","ISLA FUERTE","P","1","229806734777015830229806734","921564851921564851921564851","R"
"1300100700001","0.0","48907","19.87","L","3","21537.96","20","CARTAGENA DE INDIAS","0.0","2022-03-31T00:00:00.000","1","-0.750","0.0","-16245.25",,"BOLÍVAR","SOLING DEL SINU S.A.S. E.S.P.","2022-04-08T00:00:00.000","0.0","2022","0.0","0.0","ISLA FUERTE","R","N","5292.71","0.0","ISLA FUERTE","P","1","56283485955118567562834859","775095421775095421775095421","R"
"1300100700001","0.0","48907","19.3","L","3","20913.67","20","CARTAGENA DE INDIAS","0.0","2022-03-31T00:00:00.000","1","-0.750","0.0","-15774.38",,"BOLÍVAR","SOLING DEL SINU S.A.S. E.S.P.","2022-04-08T00:00:00.000","0.0","2022","0.0","0.0","ISLA FUERTE","R","N","5139.29","0.0","ISLA FUERTE","P","1","165336283729700288165336283","403944264403944264403944264","R"
"1300100700001","0.0","48907","9.22","L","3","9988.62","20","CARTAGENA DE INDIAS","0.0","2022-03-31T00:00:00.000","1","-0.750","0.0","-7534.03",,"BOLÍVAR","SOLING DEL SINU S.A.S. E.S.P.","2022-04-08T00:00:00.000","0.0","2022","0.0","0.0","ISLA FUERTE","R","N","2454.59","0.0","ISLA FUERTE","P","1","5807281437281439458072814","706753345706753345706753345","R"
"1300100700001","0.0","48907","16.85","L","3","18260.45","20","CARTAGENA DE INDIAS","0.0","2022-03-31T00:00:00.000","1","-0.750","0.0","-13773.15",,"BOLÍVAR","SOLING DEL SINU S.A.S. E.S.P.","2022-04-08T00:00:00.000","0.0","2022","0.0","0.0","ISLA FUERTE","R","N","4487.3","0.0","ISLA FUERTE","P","1","185780179651988712185780179","913665189136651891366518","R"
"1300100700001","0.0","48907","15.41","L","3","16699.72","20","CARTAGENA DE INDIAS","0.0","2022-03-31T00:00:00.000","1","-0.750","0.0","-12595.96",,"BOLÍVAR","SOLING DEL SINU S.A.S. E.S.P.","2022-04-08T00:00:00.000","0.0","2022","0.0","0.0","ISLA FUERTE","R","N","4103.76","0.0","ISLA FUERTE","P","1","506985003857466368506985003","656509972656509972656509972","R"
"1300100700001","0.0","48907","5.9","L","3","6398.96","20","CARTAGENA DE INDIAS","0.0","2022-03-31T00:00:00.000","1","-0.750","0.0","-4826.49",,"BOLÍVAR","SOLING DEL SINU S.A.S. E.S.P.","2022-04-08T00:00:00.000","0.0","2022","0.0","0.0","ISLA FUERTE","R","N","1572.47","0.0","ISLA FUERTE","P","1","799402611186580610799402611","451738648451738648451738648","R"
"1300100700001","0.0","48907","12.24","L","3","13266.14","20","CARTAGENA DE INDIAS","0.0","2022-03-31T00:00:00.000","1","-0.750","0.0","-10006.14",,"BOLÍVAR","SOLING DEL SINU S.A.S. E.S.P.","2022-04-08T00:00:00.000","0.0","2022","0.0","0.0","ISLA FUERTE","R","N","3260","0.0","ISLA FUERTE","P","1","705975177184809132705975177","329658672329658672329658672","R"
"1300100700001","0.0","48907","11.23","L","3","12173.63","20","CARTAGENA DE INDIAS","0.0","2022-03-31T00:00:00.000","1","-0.750","0.0","-9182.1",,"BOLÍVAR","SOLING DEL SINU S.A.S. E.S.P.","2022-04-08T00:00:00.000","0.0","2022","0.0","0.0","ISLA FUERTE","R","N","2991.53","0.0","ISLA FUERTE","P","1","476231169295475688476231169","326612239326612239326612239","R"
"1300100700001","0.0","48907","14.69","L","3","15919.36","20","CARTAGENA DE INDIAS","0.0","2022-03-31T00:00:00.000","1","-0.750","0.0","-12007.36",,"BOLÍVAR","SOLING DEL SINU S.A.S. E.S.P.","2022-04-08T00:00:00.000","0.0","2022","0.0","0.0","ISLA FUERTE","R","N","3912","0.0","ISLA FUERTE","P","1","441309558337446558441309558","344179234417923441792","R"
"1300100700001","0.0","48907","10.22","L","3","11081.13","20","CARTAGENA DE INDIAS","0.0","2022-03-31T00:00:00.000","1","-0.750","0.0","-8358.07",,"BOLÍVAR","SOLING DEL SINU S.A.S. E.S.P.","2022-04-08T00:00:00.000","0.0","2022","0.0","0.0","ISLA FUERTE","R","N","2723.06","0.0","ISLA FUERTE","P","1","526472345721458813526472345","516844868516844868516844868","R"
"1300100700001","0.0","48907","21.21","L","3","22983.58","20","CARTAGENA DE INDIAS","0.0","2022-03-31T00:00:00.000","1","-0.750","0.0","-17335.63",,"BOLÍVAR","SOLING DEL SINU S.A.S. E.S.P.","2022-04-08T00:00:00.000","0.0","2022","0.0","0.0","ISLA FUERTE","R","N","5647.95","0.0","ISLA FUERTE","P","1","578869518484437408578869518","895699280895699280895699280","R"
"1300100700001","0.0","48907","8.21","L","3","8896.12","20","CARTAGENA DE INDIAS","0.0","2022-03-31T00:00:00.000","1","-0.750","0.0","-6710",,"BOLÍVAR","SOLING DEL SINU S.A.S. E.S.P.","2022-04-08T00:00:00.000","0.0","2022","0.0","0.0","ISLA FUERTE","R","N","2186.12","0.0","ISLA FUERTE","P","1","824755092594472037824755092","996285209996285209996285209","R"
"1300100700001","0.0","48907","13.82","L","3","14982.93","20","CARTAGENA DE INDIAS","0.0","2022-03-31T00:00:00.000","1","-0.750","0.0","-11301.05",,"BOLÍVAR","SOLING DEL SINU S.A.S. E.S.P.","2022-04-08T00:00:00.000","0.0","2022","0.0","0.0","ISLA FUERTE","R","N","3681.88","0.0","ISLA FUERTE","P","1","270577891293585128270577891","924198192924198192924198192","R"
"1300100700001","0.0","48907","0.0","L","3","0","20","CARTAGENA DE INDIAS","0.0","2022-03-31T00:00:00.000","1","-0.750","0.0","0",,"BOLÍVAR","SOLING DEL SINU S.A.S. E.S.P.","2022-04-08T00:00:00.000","0.0","2022","0.0","0.0","ISLA FUERTE","R","N","0","0.0","ISLA FUERTE","P","1","348403024756668558348403024","461201520461201520461201520","R"
"1300100700001","0.0","48907","0.0","L","3","0","20","CARTAGENA DE INDIAS","0.0","2022-03-31T00:00:00.000","1","-0.750","0.0","0",,"BOLÍVAR","SOLING DEL SINU S.A.S. E.S.P.","2022-04-08T00:00:00.000","0.0","2022","0.0","0.0","ISLA FUERTE","R","N","0","0.0","ISLA FUERTE","P","1","809587794852272042809587794","989750168989750168989750168","R"
"1300100700001","0.0","48907","11.52","L","3","12485.78","20","CARTAGENA DE INDIAS","0.0","2022-03-31T00:00:00.000","1","-0.750","0.0","-9417.54",,"BOLÍVAR","SOLING DEL SINU S.A.S. E.S.P.","2022-04-08T00:00:00.000","0.0","2022","0.0","0.0","ISLA FUERTE","R","N","3068.24","0.0","ISLA FUERTE","P","1","662158197374265113662158197","355592582355592582355592582","R"
"1300100700001","0.0","48907","0.0","L","3","0","20","CARTAGENA DE INDIAS","0.0","2022-03-31T00:00:00.000","1","-0.750","0.0","0",,"BOLÍVAR","SOLING DEL SINU S.A.S. E.S.P.","2022-04-08T00:00:00.000","0.0","2022","0.0","0.0","ISLA FUERTE","R","N","0","0.0","ISLA FUERTE","P","1","16074367444224044160743674","647913500647913500647913500","R"
"1300100700001","0.0","48907","14.41","L","3","15622.83","20","CARTAGENA DE INDIAS","0.0","2022-03-31T00:00:00.000","1","-0.750","0.0","-11783.7",,"BOLÍVAR","SOLING DEL SINU S.A.S. E.S.P.","2022-04-08T00:00:00.000","0.0","2022","0.0","0.0","ISLA FUERTE","R","N","3839.13","0.0","ISLA FUERTE","P","1","899029989437825370899029989","867033790867033790867033790","R"
"1300100700001","0.0","48907","12.82","L","3","13890.43","20","CARTAGENA DE INDIAS","0.0","2022-03-31T00:00:00.000","1","-0.750","0.0","-10477.01",,"BOLÍVAR","SOLING DEL SINU S.A.S. E.S.P.","2022-04-08T00:00:00.000","0.0","2022","0.0","0.0","ISLA FUERTE","R","N","3413.42","0.0","ISLA FUERTE","P","1","361648639362680484361648639","442737597442737597442737597","R"
"1300100700001","0.0","48907","0.0","L","3","0","20","CARTAGENA DE INDIAS","0.0","2022-03-31T00:00:00.000","1","-0.750","0.0","0",,"BOLÍVAR","SOLING DEL SINU S.A.S. E.S.P.","2022-04-08T00:00:00.000","0.0","2022","0.0","0.0","ISLA FUERTE","R","N","0","0.0","ISLA FUERTE","P","1","69464498066054808694644980","453409437453409437453409437","R"
"1300100700001","0.0","48907","24.02","L","3","26038.04","20","CARTAGENA DE INDIAS","0.0","2022-03-31T00:00:00.000","1","-0.750","0.0","-19639.49",,"BOLÍVAR","SOLING DEL SINU S.A.S. E.S.P.","2022-04-08T00:00:00.000","0.0","2022","0.0","0.0","ISLA FUERTE","R","N","6398.55","0.0","ISLA FUERTE","P","1","496270105690173430496270105","702614937702614937702614937","R"
"1300100700001","0.0","48907","18.43","L","3","19977.24","20","CARTAGENA DE INDIAS","0.0","2022-03-31T00:00:00.000","1","-0.750","0.0","-15068.06",,"BOLÍVAR","SOLING DEL SINU S.A.S. E.S.P.","2022-04-08T00:00:00.000","0.0","2022","0.0","0.0","ISLA FUERTE","R","N","4909.18","0.0","ISLA FUERTE","P","1","431411718643401181431411718","176269261762692617626926","R"
"1300100700001","0.0","48907","0.0","L","3","0","20","CARTAGENA DE INDIAS","0.0","2022-03-31T00:00:00.000","1","-0.750","0.0","0",,"BOLÍVAR","SOLING DEL SINU S.A.S. E.S.P.","2022-04-08T00:00:00.000","0.0","2022","0.0","0.0","ISLA FUERTE","R","N","0","0.0","ISLA FUERTE","P","1","313333887183806721313333887","890289300890289300890289300","R"
"1300100700001","0.0","48907","20.45","L","3","22162.25","20","CARTAGENA DE INDIAS","0.0","2022-03-31T00:00:00.000","1","-0.750","0.0","-16716.13",,"BOLÍVAR","SOLING DEL SINU S.A.S. E.S.P.","2022-04-08T00:00:00.000","0.0","2022","0.0","0.0","ISLA FUERTE","R","N","5446.12","0.0","ISLA FUERTE","P","1","943717355973789403943717355","252427384252427384252427384","R"
"1300100700001","0.0","48907","0.0","L","3","0","20","CARTAGENA DE INDIAS","0.0","2022-03-31T00:00:00.000","1","-0.750","0.0","0",,"BOLÍVAR","SOLING DEL SINU S.A.S. E.S.P.","2022-04-08T00:00:00.000","0.0","2022","0.0","0.0","ISLA FUERTE","R","N","0","0.0","ISLA FUERTE","P","1","673300734536885487673300734","880720821880720821880720821","R"
"1300100700001","0.0","48907","16.42","L","3","17792.23","20","CARTAGENA DE INDIAS","0.0","2022-03-31T00:00:00.000","1","-0.750","0.0","-13419.99",,"BOLÍVAR","SOLING DEL SINU S.A.S. E.S.P.","2022-04-08T00:00:00.000","0.0","2022","0.0","0.0","ISLA FUERTE","R","N","4372.24","0.0","ISLA FUERTE","P","1","777328037299951874777328037","390730041390730041390730041","R"
"1300100700001","0.0","48907","21.02","L","3","22786.54","20","CARTAGENA DE INDIAS","0.0","2022-03-31T00:00:00.000","1","-0.750","0.0","-17187.01",,"BOLÍVAR","SOLING DEL SINU S.A.S. E.S.P.","2022-04-08T00:00:00.000","0.0","2022","0.0","0.0","ISLA FUERTE","R","N","5599.53","0.0","ISLA FUERTE","P","1","355778638135774577355778638","544975039544975039544975039","R"
"1300100700001","0.0","48907","25.92","L","3","28093","20","CARTAGENA DE INDIAS","0.0","2022-03-31T00:00:00.000","1","-0.750","0.0","-21189.46",,"BOLÍVAR","SOLING DEL SINU S.A.S. E.S.P.","2022-04-08T00:00:00.000","0.0","2022","0.0","0.0","ISLA FUERTE","R","N","6903.54","0.0","ISLA FUERTE","P","1","170659112430640590170659112","653951366539513665395136","R"
"1300100700001","0.0","48907","11.95","L","3","12953.99","20","CARTAGENA DE INDIAS","0.0","2022-03-31T00:00:00.000","1","-0.750","0.0","-9770.7",,"BOLÍVAR","SOLING DEL SINU S.A.S. E.S.P.","2022-04-08T00:00:00.000","0.0","2022","0.0","0.0","ISLA FUERTE","R","N","3183.29","0.0","ISLA FUERTE","P","1","786068406909357360786068406","478574497478574497478574497","R"
"1300100700001","0.0","48907","18.14","L","3","19665.1","20","CARTAGENA DE INDIAS","0.0","2022-03-31T00:00:00.000","1","-0.750","0.0","-14832.62",,"BOLÍVAR","SOLING DEL SINU S.A.S. E.S.P.","2022-04-08T00:00:00.000","0.0","2022","0.0","0.0","ISLA FUERTE","R","N","4832.48","0.0","ISLA FUERTE","P","1","659781988595892967659781988","876460514876460514876460514","R"
"1300100700001","0.0","48907","11.09","L","3","12017.56","20","CARTAGENA DE INDIAS","0.0","2022-03-31T00:00:00.000","1","-0.750","0.0","-9064.38",,"BOLÍVAR","SOLING DEL SINU S.A.S. E.S.P.","2022-04-08T00:00:00.000","0.0","2022","0.0","0.0","ISLA FUERTE","R","N","2953.18","0.0","ISLA FUERTE","P","1","942114893171474002942114893","813023467813023467813023467","R"
"1300100700001","0.0","48907","55.06","L","3","59671.6","20","CARTAGENA DE INDIAS","0.0","2022-03-31T00:00:00.000","1","-0.750","0.0","-45007.99",,"BOLÍVAR","SOLING DEL SINU S.A.S. E.S.P.","2022-04-08T00:00:00.000","0.0","2022","0.0","0.0","ISLA FUERTE","R","N","14663.61","0.0","ISLA FUERTE","P","1","291743406429942674291743406","952763675952763675952763675","R"
"1300100700001","0.0","48907","14.08","L","3","15256.06","20","CARTAGENA DE INDIAS","0.0","2022-03-31T00:00:00.000","1","-0.750","0.0","-11507.06",,"BOLÍVAR","SOLING DEL SINU S.A.S. E.S.P.","2022-04-08T00:00:00.000","0.0","2022","0.0","0.0","ISLA FUERTE","R","N","3749","0.0","ISLA FUERTE","P","1","50974142846766933509741428","934237735934237735934237735","R"
"1300100700001","0.0","48907","0.0","L","3","0","20","CARTAGENA DE INDIAS","0.0","2022-03-31T00:00:00.000","1","-0.750","0.0","0",,"BOLÍVAR","SOLING DEL SINU S.A.S. E.S.P.","2022-04-08T00:00:00.000","0.0","2022","0.0","0.0","ISLA FUERTE","R","N","0","0.0","ISLA FUERTE","P","1","511309070164696304511309070","105099781105099781105099781","R"
"1300100700001","0.0","48907","0.0","L","3","0","20","CARTAGENA DE INDIAS","0.0","2022-03-31T00:00:00.000","1","-0.750","0.0","0",,"BOLÍVAR","SOLING DEL SINU S.A.S. E.S.P.","2022-04-08T00:00:00.000","0.0","2022","0.0","0.0","ISLA FUERTE","R","N","0","0.0","ISLA FUERTE","P","1","507974031613120832507974031","411709779411709779411709779","R"
"1300100700001","0.0","48907","0.0","L","3","0","20","CARTAGENA DE INDIAS","0.0","2022-03-31T00:00:00.000","1","-0.750","0.0","0",,"BOLÍVAR","SOLING DEL SINU S.A.S. E.S.P.","2022-04-08T00:00:00.000","0.0","2022","0.0","0.0","ISLA FUERTE","R","N","0","0.0","ISLA FUERTE","P","1","331324320566090166331324320","524456484524456484524456484","R"
"1300100700001","0.0","48907","0.0","L","3","0","20","CARTAGENA DE INDIAS","0.0","2022-03-31T00:00:00.000","1","-0.750","0.0","0",,"BOLÍVAR","SOLING DEL SINU S.A.S. E.S.P.","2022-04-08T00:00:00.000","0.0","2022","0.0","0.0","ISLA FUERTE","R","N","0","0.0","ISLA FUERTE","P","1","701898025735964993701898025","937569229937569229937569229","R"
"1300100700001","0.0","48907","0.0","L","3","0","20","CARTAGENA DE INDIAS","0.0","2022-03-31T00:00:00.000","1","-0.750","0.0","0",,"BOLÍVAR","SOLING DEL SINU S.A.S. E.S.P.","2022-04-08T00:00:00.000","0.0","2022","0.0","0.0","ISLA FUERTE","R","N","0","0.0","ISLA FUERTE","P","1","962467169263397805962467169","912030119912030119912030119","R"
"1300100700001","0.0","48907","0.0","L","3","0","20","CARTAGENA DE INDIAS","0.0","2022-03-31T00:00:00.000","1","-0.750","0.0","0",,"BOLÍVAR","SOLING DEL SINU S.A.S. E.S.P.","2022-04-08T00:00:00.000","0.0","2022","0.0","0.0","ISLA FUERTE","R","N","0","0.0","ISLA FUERTE","P","1","370142546498525895370142546","758036769758036769758036769","R"
"1300100700001","0.0","48907","0.0","L","3","0","20","CARTAGENA DE INDIAS","0.0","2022-03-31T00:00:00.000","1","-0.750","0.0","0",,"BOLÍVAR","SOLING DEL SINU S.A.S. E.S.P.","2022-04-08T00:00:00.000","0.0","2022","0.0","0.0","ISLA FUERTE","R","N","0","0.0","ISLA FUERTE","P","1","705492904545261858705492904","215193028215193028215193028","R"
"1300100700001","0.0","48907","0.0","L","3","0","20","CARTAGENA DE INDIAS","0.0","2022-03-31T00:00:00.000","1","-0.750","0.0","0",,"BOLÍVAR","SOLING DEL SINU S.A.S. E.S.P.","2022-04-08T00:00:00.000","0.0","2022","0.0","0.0","ISLA FUERTE","R","N","0","0.0","ISLA FUERTE","P","1","537527229942000022537527229","236999521236999521236999521","R"
"1300100700001","0.0","48907","0.0","L","3","0","20","CARTAGENA DE INDIAS","0.0","2022-03-31T00:00:00.000","1","-0.750","0.0","0",,"BOLÍVAR","SOLING DEL SINU S.A.S. E.S.P.","2022-04-08T00:00:00.000","0.0","2022","0.0","0.0","ISLA FUERTE","R","N","0","0.0","ISLA FUERTE","P","1","250572243235413368250572243","215636665215636665215636665","R"
"1300100700001","0.0","48907","0.0","L","3","0","20","CARTAGENA DE INDIAS","0.0","2022-03-31T00:00:00.000","1","-0.750","0.0","0",,"BOLÍVAR","SOLING DEL SINU S.A.S. E.S.P.","2022-04-08T00:00:00.000","0.0","2022","0.0","0.0","ISLA FUERTE","R","N","0","0.0","ISLA FUERTE","P","1","940527893588781551940527893","204178498204178498204178498","R"
"1300100700001","0.0","48907","24.56","L","3","26623.32","20","CARTAGENA DE INDIAS","0.0","2022-03-31T00:00:00.000","C","-0.270","0.0","-7159.78","220.0","BOLÍVAR","SOLING DEL SINU S.A.S. E.S.P.","2022-04-08T00:00:00.000","0.0","2022","0.0","0.0","ISLA FUERTE","R","N","19463.54","0.0","ISLA FUERTE","P","1","404487867611848669404487867","155563501555635015556350","R"
"1300100700001","0.0","48907","0.0","L","3","0","20","CARTAGENA DE INDIAS","0.0","2022-03-31T00:00:00.000","C","-0.270","0.0","0","220.0","BOLÍVAR","SOLING DEL SINU S.A.S. E.S.P.","2022-04-08T00:00:00.000","0.0","2022","0.0","0.0","ISLA FUERTE","R","N","0","0.0","ISLA FUERTE","P","1","562144995640164395562144995","619647045619647045619647045","R"
"1300100700001","0.0","48907","7.34","L","3","7959.68","20","CARTAGENA DE INDIAS","0.0","2022-03-31T00:00:00.000","C","-0.270","0.0","-2140.59","220.0","BOLÍVAR","SOLING DEL SINU S.A.S. E.S.P.","2022-04-08T00:00:00.000","0.0","2022","0.0","0.0","ISLA FUERTE","R","N","5819.09","0.0","ISLA FUERTE","P","1","658026962269562851658026962","242216914242216914242216914","R"
"1300100700001","0.0","48907","21.02","L","3","22786.54","20","CARTAGENA DE INDIAS","0.0","2022-03-31T00:00:00.000","C","-0.270","0.0","-6127.96","220.0","BOLÍVAR","SOLING DEL SINU S.A.S. E.S.P.","2022-04-08T00:00:00.000","0.0","2022","0.0","0.0","ISLA FUERTE","R","N","16658.58","0.0","ISLA FUERTE","P","1","243039368248348080243039368","404499478404499478404499478","R"
"1300100700001","0.0","48907","11.23","L","3","12173.63","20","CARTAGENA DE INDIAS","0.0","2022-03-31T00:00:00.000","C","-0.270","0.0","-3273.84","220.0","BOLÍVAR","SOLING DEL SINU S.A.S. E.S.P.","2022-04-08T00:00:00.000","0.0","2022","0.0","0.0","ISLA FUERTE","R","N","8899.79","0.0","ISLA FUERTE","P","1","509706177236898150970617","806910294806910294806910294","R"
"1300100700001","0.0","48907","26.83","L","3","29081.45","20","CARTAGENA DE INDIAS","0.0","2022-03-31T00:00:00.000","C","-0.270","0.0","-7820.85","220.0","BOLÍVAR","SOLING DEL SINU S.A.S. E.S.P.","2022-04-08T00:00:00.000","0.0","2022","0.0","0.0","ISLA FUERTE","R","N","21260.6","0.0","ISLA FUERTE","P","1","986481154457689949986481154","144953534144953534144953534","R"
"1300100700001","0.0","48907","0.0","L","3","0","20","CARTAGENA DE INDIAS","0.0","2022-03-31T00:00:00.000","C","-0.270","0.0","0","220.0","BOLÍVAR","SOLING DEL SINU S.A.S. E.S.P.","2022-04-08T00:00:00.000","0.0","2022","0.0","0.0","ISLA FUERTE","R","N","0","0.0","ISLA FUERTE","P","1","8750779589050125087507795","289717722289717722289717722","R"
"1300100700001","0.0","48907","16.85","L","3","18260.45","20","CARTAGENA DE INDIAS","0.0","2022-03-31T00:00:00.000","C","-0.270","0.0","-4910.77","220.0","BOLÍVAR","SOLING DEL SINU S.A.S. E.S.P.","2022-04-08T00:00:00.000","0.0","2022","0.0","0.0","ISLA FUERTE","R","N","13349.68","0.0","ISLA FUERTE","P","1","205503560439101419205503560","156558125156558125156558125","R"
"1300100700001","0.0","48907","16.47","L","3","17854.66","20","CARTAGENA DE INDIAS","0.0","2022-03-31T00:00:00.000","C","-0.270","0.0","-4801.64","220.0","BOLÍVAR","SOLING DEL SINU S.A.S. E.S.P.","2022-04-08T00:00:00.000","0.0","2022","0.0","0.0","ISLA FUERTE","R","N","13053.02","0.0","ISLA FUERTE","P","1","494642380932967565494642380","206840048206840048206840048","R"
"1300100700001","0.0","48907","0.0","L","3","0","20","CARTAGENA DE INDIAS","0.0","2022-03-31T00:00:00.000","C","-0.270","0.0","0","220.0","BOLÍVAR","SOLING DEL SINU S.A.S. E.S.P.","2022-04-08T00:00:00.000","0.0","2022","0.0","0.0","ISLA FUERTE","R","N","0","0.0","ISLA FUERTE","P","1","582867529438261092582867529","117299995117299995117299995","R"
"1300100700001","0.0","48907","0.0","L","3","0","20","CARTAGENA DE INDIAS","0.0","2022-03-31T00:00:00.000","O","-0.390","0.0","0","220.0","BOLÍVAR","SOLING DEL SINU S.A.S. E.S.P.","2022-04-08T00:00:00.000","0.0","2022","0.0","0.0","ISLA FUERTE","R","N","0","0.0","ISLA FUERTE","P","1","964400544997279887964400544","840658992840658992840658992","R"
"1300100700001","0.0","48907","16.65","L","3","18041.95","20","CARTAGENA DE INDIAS","0.0","2022-03-31T00:00:00.000","1","-0.750","0.0","-13608.34",,"BOLÍVAR","SOLING DEL SINU S.A.S. E.S.P.","2022-04-08T00:00:00.000","0.0","2022","0.0","0.0","ISLA FUERTE","R","N","4433.61","0.0","ISLA FUERTE","P","1","148323511728735894148323511","383258288383258288383258288","R"
"1300100700001","0.0","48907","0.0","L","3","0","20","CARTAGENA DE INDIAS","0.0","2022-03-31T00:00:00.000","1","-0.750","0.0","0",,"BOLÍVAR","SOLING DEL SINU S.A.S. E.S.P.","2022-04-08T00:00:00.000","0.0","2022","0.0","0.0","ISLA FUERTE","R","N","0","0.0","ISLA FUERTE","P","1","617862188935544638617862188","220373411220373411220373411","R"
"1300100700001","0.0","48907","16.56","L","3","17948.3","20","CARTAGENA DE INDIAS","0.0","2022-03-31T00:00:00.000","1","-0.750","0.0","-13537.71",,"BOLÍVAR","SOLING DEL SINU S.A.S. E.S.P.","2022-04-08T00:00:00.000","0.0","2022","0.0","0.0","ISLA FUERTE","R","N","4410.59","0.0","ISLA FUERTE","P","1","251725674683404974251725674","355287314355287314355287314","R"
"1300100700001","0.0","48907","6.05","L","3","6555.03","20","CARTAGENA DE INDIAS","0.0","2022-03-31T00:00:00.000","1","-0.750","0.0","-4944.21",,"BOLÍVAR","SOLING DEL SINU S.A.S. E.S.P.","2022-04-08T00:00:00.000","0.0","2022","0.0","0.0","ISLA FUERTE","R","N","1610.82","0.0","ISLA FUERTE","P","1","400947940751835625400947940","117877629117877629117877629","R"
"1300100700001","0.0","48907","9.36","L","3","10144.69","20","CARTAGENA DE INDIAS","0.0","2022-03-31T00:00:00.000","1","-0.750","0.0","-7651.75",,"BOLÍVAR","SOLING DEL SINU S.A.S. E.S.P.","2022-04-08T00:00:00.000","0.0","2022","0.0","0.0","ISLA FUERTE","R","N","2492.94","0.0","ISLA FUERTE","P","1","5214720812979187252147208","657704266657704266657704266","R"
"1300100700001","0.0","48907","13.54","L","3","14670.79","20","CARTAGENA DE INDIAS","0.0","2022-03-31T00:00:00.000","1","-0.750","0.0","-11065.61",,"BOLÍVAR","SOLING DEL SINU S.A.S. E.S.P.","2022-04-08T00:00:00.000","0.0","2022","0.0","0.0","ISLA FUERTE","R","N","3605.18","0.0","ISLA FUERTE","P","1","514453733467650597514453733","437316824373168243731682","R"
"1300100700001","0.0","48907","11.95","L","3","12953.99","20","CARTAGENA DE INDIAS","0.0","2022-03-31T00:00:00.000","1","-0.750","0.0","-9770.7",,"BOLÍVAR","SOLING DEL SINU S.A.S. E.S.P.","2022-04-08T00:00:00.000","0.0","2022","0.0","0.0","ISLA FUERTE","R","N","3183.29","0.0","ISLA FUERTE","P","1","702564617306618097702564617","114331537114331537114331537","R"
"1300100700001","0.0","48907","9.07","L","3","9832.55","20","CARTAGENA DE INDIAS","0.0","2022-03-31T00:00:00.000","1","-0.750","0.0","-7416.31",,"BOLÍVAR","SOLING DEL SINU S.A.S. E.S.P.","2022-04-08T00:00:00.000","0.0","2022","0.0","0.0","ISLA FUERTE","R","N","2416.24","0.0","ISLA FUERTE","P","1","936185249527288392936185249","933430805933430805933430805","R"
"1300100700001","0.0","48907","15.12","L","3","16387.58","20","CARTAGENA DE INDIAS","0.0","2022-03-31T00:00:00.000","1","-0.750","0.0","-12360.52",,"BOLÍVAR","SOLING DEL SINU S.A.S. E.S.P.","2022-04-08T00:00:00.000","0.0","2022","0.0","0.0","ISLA FUERTE","R","N","4027.06","0.0","ISLA FUERTE","P","1","153412393613249122153412393","765274545765274545765274545","R"
"1300100700001","0.0","48907","12.1","L","3","13110.06","20","CARTAGENA DE INDIAS","0.0","2022-03-31T00:00:00.000","1","-0.750","0.0","-9888.42",,"BOLÍVAR","SOLING DEL SINU S.A.S. E.S.P.","2022-04-08T00:00:00.000","0.0","2022","0.0","0.0","ISLA FUERTE","R","N","3221.64","0.0","ISLA FUERTE","P","1","277017844651113107277017844","167126330167126330167126330","R"
"1300100700001","0.0","48907","14.69","L","3","15919.36","20","CARTAGENA DE INDIAS","0.0","2022-03-31T00:00:00.000","1","-0.750","0.0","-12007.36",,"BOLÍVAR","SOLING DEL SINU S.A.S. E.S.P.","2022-04-08T00:00:00.000","0.0","2022","0.0","0.0","ISLA FUERTE","R","N","3912","0.0","ISLA FUERTE","P","1","680343005984796694680343005","246142414246142414246142414","R"
"1300100700001","0.0","48907","13.97","L","3","15139","20","CARTAGENA DE INDIAS","0.0","2022-03-31T00:00:00.000","1","-0.750","0.0","-11418.77",,"BOLÍVAR","SOLING DEL SINU S.A.S. E.S.P.","2022-04-08T00:00:00.000","0.0","2022","0.0","0.0","ISLA FUERTE","R","N","3720.23","0.0","ISLA FUERTE","P","1","68840296029265145688402960","876426037876426037876426037","R"
"1300100700001","0.0","48907","26.5","L","3","28717.28","20","CARTAGENA DE INDIAS","0.0","2022-03-31T00:00:00.000","1","-0.750","0.0","-21660.34",,"BOLÍVAR","SOLING DEL SINU S.A.S. E.S.P.","2022-04-08T00:00:00.000","0.0","2022","0.0","0.0","ISLA FUERTE","R","N","7056.94","0.0","ISLA FUERTE","P","1","908838360169345181908838360","926358340926358340926358340","R"
"1300100700001","0.0","48907","13.39","L","3","14514.71","20","CARTAGENA DE INDIAS","0.0","2022-03-31T00:00:00.000","1","-0.750","0.0","-10947.89",,"BOLÍVAR","SOLING DEL SINU S.A.S. E.S.P.","2022-04-08T00:00:00.000","0.0","2022","0.0","0.0","ISLA FUERTE","R","N","3566.82","0.0","ISLA FUERTE","P","1","427886109442411613427886109","385492934385492934385492934","R"
"1300100700001","0.0","48907","17.57","L","3","19040.81","20","CARTAGENA DE INDIAS","0.0","2022-03-31T00:00:00.000","1","-0.750","0.0","-14361.75",,"BOLÍVAR","SOLING DEL SINU S.A.S. E.S.P.","2022-04-08T00:00:00.000","0.0","2022","0.0","0.0","ISLA FUERTE","R","N","4679.06","0.0","ISLA FUERTE","P","1","896874482245094524896874482","697595066975950669759506","R"
"1300100700001","0.0","48907","0.0","L","3","0","20","CARTAGENA DE INDIAS","0.0","2022-03-31T00:00:00.000","1","-0.750","0.0","0",,"BOLÍVAR","SOLING DEL SINU S.A.S. E.S.P.","2022-04-08T00:00:00.000","0.0","2022","0.0","0.0","ISLA FUERTE","R","N","0","0.0","ISLA FUERTE","P","1","7648950226475174764895022","707622761707622761707622761","R"
"1300100700001","0.0","48907","21.6","L","3","23410.83","20","CARTAGENA DE INDIAS","0.0","2022-03-31T00:00:00.000","1","-0.750","0.0","-17657.89",,"BOLÍVAR","SOLING DEL SINU S.A.S. E.S.P.","2022-04-08T00:00:00.000","0.0","2022","0.0","0.0","ISLA FUERTE","R","N","5752.94","0.0","ISLA FUERTE","P","1","728046660768561915728046660","150825141508251415082514","R"
"1300100700001","0.0","48907","14.54","L","3","15763.29","20","CARTAGENA DE INDIAS","0.0","2022-03-31T00:00:00.000","1","-0.750","0.0","-11889.64",,"BOLÍVAR","SOLING DEL SINU S.A.S. E.S.P.","2022-04-08T00:00:00.000","0.0","2022","0.0","0.0","ISLA FUERTE","R","N","3873.65","0.0","ISLA FUERTE","P","1","570646416271661918570646416","706023070602307060230","R"
"1300100700001","0.0","48907","13.82","L","3","14982.93","20","CARTAGENA DE INDIAS","0.0","2022-03-31T00:00:00.000","1","-0.750","0.0","-11301.05",,"BOLÍVAR","SOLING DEL SINU S.A.S. E.S.P.","2022-04-08T00:00:00.000","0.0","2022","0.0","0.0","ISLA FUERTE","R","N","3681.88","0.0","ISLA FUERTE","P","1","449489407786513529449489407","172533495172533495172533495","R"
"1300100700001","0.0","48907","29.52","L","3","31994.8","20","CARTAGENA DE INDIAS","0.0","2022-03-31T00:00:00.000","1","-0.750","0.0","-24132.44",,"BOLÍVAR","SOLING DEL SINU S.A.S. E.S.P.","2022-04-08T00:00:00.000","0.0","2022","0.0","0.0","ISLA FUERTE","R","N","7862.36","0.0","ISLA FUERTE","P","1","946157010862409737946157010","514064958514064958514064958","R"
"1300100700001","0.0","48907","15.26","L","3","16543.65","20","CARTAGENA DE INDIAS","0.0","2022-03-31T00:00:00.000","1","-0.750","0.0","-12478.24",,"BOLÍVAR","SOLING DEL SINU S.A.S. E.S.P.","2022-04-08T00:00:00.000","0.0","2022","0.0","0.0","ISLA FUERTE","R","N","4065.41","0.0","ISLA FUERTE","P","1","4434983814730013344349838","296821390296821390296821390","R"
"1300100700001","0.0","48907","8.06","L","3","8740.04","20","CARTAGENA DE INDIAS","0.0","2022-03-31T00:00:00.000","1","-0.750","0.0","-6592.28",,"BOLÍVAR","SOLING DEL SINU S.A.S. E.S.P.","2022-04-08T00:00:00.000","0.0","2022","0.0","0.0","ISLA FUERTE","R","N","2147.76","0.0","ISLA FUERTE","P","1","694910502557885681694910502","330049428330049428330049428","R"
"1300100700001","0.0","48907","6.62","L","3","7179.32","20","CARTAGENA DE INDIAS","0.0","2022-03-31T00:00:00.000","1","-0.750","0.0","-5415.08",,"BOLÍVAR","SOLING DEL SINU S.A.S. E.S.P.","2022-04-08T00:00:00.000","0.0","2022","0.0","0.0","ISLA FUERTE","R","N","1764.24","0.0","ISLA FUERTE","P","1","52860981293937084528609812","236001757236001757236001757","R"
"1300100700001","0.0","48907","8.78","L","3","9520.4","20","CARTAGENA DE INDIAS","0.0","2022-03-31T00:00:00.000","1","-0.750","0.0","-7180.87",,"BOLÍVAR","SOLING DEL SINU S.A.S. E.S.P.","2022-04-08T00:00:00.000","0.0","2022","0.0","0.0","ISLA FUERTE","R","N","2339.53","0.0","ISLA FUERTE","P","1","1274987765223133412749877","301288629301288629301288629","R"
"1300100700001","0.0","48907","15.84","L","3","17167.94","20","CARTAGENA DE INDIAS","0.0","2022-03-31T00:00:00.000","1","-0.750","0.0","-12949.12",,"BOLÍVAR","SOLING DEL SINU S.A.S. E.S.P.","2022-04-08T00:00:00.000","0.0","2022","0.0","0.0","ISLA FUERTE","R","N","4218.82","0.0","ISLA FUERTE","P","1","35364791246074477353647912","458946819458946819458946819","R"
"1300100700001","0.0","48907","0.0","L","3","0","20","CARTAGENA DE INDIAS","0.0","2022-03-31T00:00:00.000","1","-0.750","0.0","0",,"BOLÍVAR","SOLING DEL SINU S.A.S. E.S.P.","2022-04-08T00:00:00.000","0.0","2022","0.0","0.0","ISLA FUERTE","R","N","0","0.0","ISLA FUERTE","P","1","300501869409577278300501869","896475776896475776896475776","R"
"1300100700001","0.0","48907","12.53","L","3","13578.28","20","CARTAGENA DE INDIAS","0.0","2022-03-31T00:00:00.000","1","-0.750","0.0","-10241.57",,"BOLÍVAR","SOLING DEL SINU S.A.S. E.S.P.","2022-04-08T00:00:00.000","0.0","2022","0.0","0.0","ISLA FUERTE","R","N","3336.71","0.0","ISLA FUERTE","P","1","409285577130810034409285577","244051789244051789244051789","R"
"1300100700001","0.0","48907","12.67","L","3","13734.35","20","CARTAGENA DE INDIAS","0.0","2022-03-31T00:00:00.000","1","-0.750","0.0","-10359.29",,"BOLÍVAR","SOLING DEL SINU S.A.S. E.S.P.","2022-04-08T00:00:00.000","0.0","2022","0.0","0.0","ISLA FUERTE","R","N","3375.06","0.0","ISLA FUERTE","P","1","979439013878826352979439013","887649788887649788887649788","R"
"1300100700001","0.0","48907","5.62","L","3","6086.82","20","CARTAGENA DE INDIAS","0.0","2022-03-31T00:00:00.000","1","-0.750","0.0","-4591.05",,"BOLÍVAR","SOLING DEL SINU S.A.S. E.S.P.","2022-04-08T00:00:00.000","0.0","2022","0.0","0.0","ISLA FUERTE","R","N","1495.77","0.0","ISLA FUERTE","P","1","868092366200029382868092366","217244542172445421724454","R"
"1300100700001","0.0","48907","0.0","L","3","0","20","CARTAGENA DE INDIAS","0.0","2022-03-31T00:00:00.000","1","-0.750","0.0","0",,"BOLÍVAR","SOLING DEL SINU S.A.S. E.S.P.","2022-04-08T00:00:00.000","0.0","2022","0.0","0.0","ISLA FUERTE","R","N","0","0.0","ISLA FUERTE","P","1","960457509167223132960457509","884082458840824588408245","R"
"1300100700001","0.0","48907","0.0","L","3","0","20","CARTAGENA DE INDIAS","0.0","2022-03-31T00:00:00.000","1","-0.750","0.0","0",,"BOLÍVAR","SOLING DEL SINU S.A.S. E.S.P.","2022-04-08T00:00:00.000","0.0","2022","0.0","0.0","ISLA FUERTE","R","N","0","0.0","ISLA FUERTE","P","1","136502280136407153136502280","478013192478013192478013192","R"
"1300100700001","0.0","48907","0.0","L","3","0","20","CARTAGENA DE INDIAS","0.0","2022-03-31T00:00:00.000","1","-0.750","0.0","0",,"BOLÍVAR","SOLING DEL SINU S.A.S. E.S.P.","2022-04-08T00:00:00.000","0.0","2022","0.0","0.0","ISLA FUERTE","R","N","0","0.0","ISLA FUERTE","P","1","618712171228924515618712171","252640828252640828252640828","R"
"1300100700001","0.0","48907","12.25","L","3","13281.74","20","CARTAGENA DE INDIAS","0.0","2022-03-31T00:00:00.000","1","-0.750","0.0","-10017.91",,"BOLÍVAR","SOLING DEL SINU S.A.S. E.S.P.","2022-04-08T00:00:00.000","0.0","2022","0.0","0.0","ISLA FUERTE","R","N","3263.83","0.0","ISLA FUERTE","P","1","142591037722249811142591037","151777454151777454151777454","R"
"1300100700001","0.0","48907","0.0","L","3","0","20","CARTAGENA DE INDIAS","0.0","2022-03-31T00:00:00.000","1","-0.750","0.0","0",,"BOLÍVAR","SOLING DEL SINU S.A.S. E.S.P.","2022-04-08T00:00:00.000","0.0","2022","0.0","0.0","ISLA FUERTE","R","N","0","0.0","ISLA FUERTE","P","1","279282155721533145279282155","654448737654448737654448737","R"
"1300100700001","0.0","48907","24.34","L","3","26376.2","20","CARTAGENA DE INDIAS","0.0","2022-03-31T00:00:00.000","1","-0.750","0.0","-19894.55",,"BOLÍVAR","SOLING DEL SINU S.A.S. E.S.P.","2022-04-08T00:00:00.000","0.0","2022","0.0","0.0","ISLA FUERTE","R","N","6481.65","0.0","ISLA FUERTE","P","1","529958530174752015529958530","582571585825715858257158","R"
"1300100700001","0.0","48907","17.57","L","3","19040.81","20","CARTAGENA DE INDIAS","0.0","2022-03-31T00:00:00.000","1","-0.750","0.0","-14361.75",,"BOLÍVAR","SOLING DEL SINU S.A.S. E.S.P.","2022-04-08T00:00:00.000","0.0","2022","0.0","0.0","ISLA FUERTE","R","N","4679.06","0.0","ISLA FUERTE","P","1","842621477391134750842621477","436728743436728743436728743","R"
"1300100700001","0.0","48907","9.94","L","3","10768.98","20","CARTAGENA DE INDIAS","0.0","2022-03-31T00:00:00.000","1","-0.750","0.0","-8122.63",,"BOLÍVAR","SOLING DEL SINU S.A.S. E.S.P.","2022-04-08T00:00:00.000","0.0","2022","0.0","0.0","ISLA FUERTE","R","N","2646.35","0.0","ISLA FUERTE","P","1","339669723283471477339669723","902266697902266697902266697","R"
"1300100700001","0.0","48907","18.72","L","3","20289.39","20","CARTAGENA DE INDIAS","0.0","2022-03-31T00:00:00.000","1","-0.750","0.0","-15303.5",,"BOLÍVAR","SOLING DEL SINU S.A.S. E.S.P.","2022-04-08T00:00:00.000","0.0","2022","0.0","0.0","ISLA FUERTE","R","N","4985.89","0.0","ISLA FUERTE","P","1","962296080247497741962296080","463034931463034931463034931","R"
"1300100700001","0.0","48907","18.29","L","3","19821.17","20","CARTAGENA DE INDIAS","0.0","2022-03-31T00:00:00.000","1","-0.750","0.0","-14950.34",,"BOLÍVAR","SOLING DEL SINU S.A.S. E.S.P.","2022-04-08T00:00:00.000","0.0","2022","0.0","0.0","ISLA FUERTE","R","N","4870.83","0.0","ISLA FUERTE","P","1","1021979026307989210219790","459512628459512628459512628","R"
"1300100700001","0.0","48907","14.26","L","3","15451.15","20","CARTAGENA DE INDIAS","0.0","2022-03-31T00:00:00.000","1","-0.750","0.0","-11654.2",,"BOLÍVAR","SOLING DEL SINU S.A.S. E.S.P.","2022-04-08T00:00:00.000","0.0","2022","0.0","0.0","ISLA FUERTE","R","N","3796.95","0.0","ISLA FUERTE","P","1","514218889439070940514218889","272495493272495493272495493","R"
"1300100700001","0.0","48907","18.86","L","3","20445.46","20","CARTAGENA DE INDIAS","0.0","2022-03-31T00:00:00.000","1","-0.750","0.0","-15421.22",,"BOLÍVAR","SOLING DEL SINU S.A.S. E.S.P.","2022-04-08T00:00:00.000","0.0","2022","0.0","0.0","ISLA FUERTE","R","N","5024.24","0.0","ISLA FUERTE","P","1","280713832259795443280713832","824791781824791781824791781","R"
"1300100700001","0.0","48907","15.84","L","3","17167.94","20","CARTAGENA DE INDIAS","0.0","2022-03-31T00:00:00.000","1","-0.750","0.0","-12949.12",,"BOLÍVAR","SOLING DEL SINU S.A.S. E.S.P.","2022-04-08T00:00:00.000","0.0","2022","0.0","0.0","ISLA FUERTE","R","N","4218.82","0.0","ISLA FUERTE","P","1","852680760891150625852680760","639464676639464676639464676","R"
"1300100700001","0.0","48907","12.21","L","3","13236.87","20","CARTAGENA DE INDIAS","0.0","2022-03-31T00:00:00.000","1","-0.750","0.0","-9984.06",,"BOLÍVAR","SOLING DEL SINU S.A.S. E.S.P.","2022-04-08T00:00:00.000","0.0","2022","0.0","0.0","ISLA FUERTE","R","N","3252.81","0.0","ISLA FUERTE","P","1","750392818451655258750392818","817838004817838004817838004","R"
"1300100700001","0.0","48907","0.0","L","3","0","20","CARTAGENA DE INDIAS","0.0","2022-03-31T00:00:00.000","1","-0.750","0.0","0",,"BOLÍVAR","SOLING DEL SINU S.A.S. E.S.P.","2022-04-08T00:00:00.000","0.0","2022","0.0","0.0","ISLA FUERTE","R","N","0","0.0","ISLA FUERTE","P","1","154999604249154732154999604","939058632939058632939058632","R"
"1300100700001","0.0","48907","0.0","L","3","0","20","CARTAGENA DE INDIAS","0.0","2022-03-31T00:00:00.000","1","-0.750","0.0","0",,"BOLÍVAR","SOLING DEL SINU S.A.S. E.S.P.","2022-04-08T00:00:00.000","0.0","2022","0.0","0.0","ISLA FUERTE","R","N","0","0.0","ISLA FUERTE","P","1","984812974451404211984812974","490038009490038009490038009","R"
"1300100700001","0.0","48907","0.0","L","3","0","20","CARTAGENA DE INDIAS","0.0","2022-03-31T00:00:00.000","1","-0.750","0.0","0",,"BOLÍVAR","SOLING DEL SINU S.A.S. E.S.P.","2022-04-08T00:00:00.000","0.0","2022","0.0","0.0","ISLA FUERTE","R","N","0","0.0","ISLA FUERTE","P","1","885541607681863409885541607","752583458752583458752583458","R"
"1300100700001","0.0","48907","0.0","L","3","0","20","CARTAGENA DE INDIAS","0.0","2022-03-31T00:00:00.000","1","-0.750","0.0","0",,"BOLÍVAR","SOLING DEL SINU S.A.S. E.S.P.","2022-04-08T00:00:00.000","0.0","2022","0.0","0.0","ISLA FUERTE","R","N","0","0.0","ISLA FUERTE","P","1","3444726359626821344472635","896983221896983221896983221","R"
"1300100700001","0.0","48907","0.0","L","3","0","20","CARTAGENA DE INDIAS","0.0","2022-03-31T00:00:00.000","1","-0.750","0.0","0",,"BOLÍVAR","SOLING DEL SINU S.A.S. E.S.P.","2022-04-08T00:00:00.000","0.0","2022","0.0","0.0","ISLA FUERTE","R","N","0","0.0","ISLA FUERTE","P","1","777461277574027563777461277","277640442776404427764044","R"
"1300100700001","0.0","48907","0.0","L","3","0","20","CARTAGENA DE INDIAS","0.0","2022-03-31T00:00:00.000","1","-0.750","0.0","0",,"BOLÍVAR","SOLING DEL SINU S.A.S. E.S.P.","2022-04-08T00:00:00.000","0.0","2022","0.0","0.0","ISLA FUERTE","R","N","0","0.0","ISLA FUERTE","P","1","999972248937373429999972248","497471324497471324497471324","R"
"1300100700001","0.0","48907","10.14","L","3","10990.08","20","CARTAGENA DE INDIAS","0.0","2022-03-31T00:00:00.000","C","-0.270","0.0","-2955.55","220.0","BOLÍVAR","SOLING DEL SINU S.A.S. E.S.P.","2022-04-08T00:00:00.000","0.0","2022","0.0","0.0","ISLA FUERTE","R","N","8034.53","0.0","ISLA FUERTE","P","1","129428889973658035129428889","160113160113160113","R"
"1300100700001","0.0","48907","36.14","L","3","39174.12","20","CARTAGENA DE INDIAS","0.0","2022-03-31T00:00:00.000","C","-0.270","0.0","-10535.06","220.0","BOLÍVAR","SOLING DEL SINU S.A.S. E.S.P.","2022-04-08T00:00:00.000","0.0","2022","0.0","0.0","ISLA FUERTE","R","N","28639.06","0.0","ISLA FUERTE","P","1","715097057718391582715097057","691527921691527921691527921","R"
"1300100700001","0.0","48907","70.08","L","3","75955.14","20","CARTAGENA DE INDIAS","0.0","2022-03-31T00:00:00.000","C","-0.270","0.0","-20426.55","220.0","BOLÍVAR","SOLING DEL SINU S.A.S. E.S.P.","2022-04-08T00:00:00.000","0.0","2022","0.0","0.0","ISLA FUERTE","R","N","55528.59","0.0","ISLA FUERTE","P","1","560939751375733064560939751","532303716532303716532303716","R"
"1300100700001","0.0","48907","20.45","L","3","22162.25","20","CARTAGENA DE INDIAS","0.0","2022-03-31T00:00:00.000","C","-0.270","0.0","-5960.07","220.0","BOLÍVAR","SOLING DEL SINU S.A.S. E.S.P.","2022-04-08T00:00:00.000","0.0","2022","0.0","0.0","ISLA FUERTE","R","N","16202.18","0.0","ISLA FUERTE","P","1","446292859693146625446292859","215372615215372615215372615","R"
"1300100700001","0.0","48907","0.0","L","3","0","20","CARTAGENA DE INDIAS","0.0","2022-03-31T00:00:00.000","C","-0.270","0.0","0","220.0","BOLÍVAR","SOLING DEL SINU S.A.S. E.S.P.","2022-04-08T00:00:00.000","0.0","2022","0.0","0.0","ISLA FUERTE","R","N","0","0.0","ISLA FUERTE","P","1","651750087787552129651750087","838673218838673218838673218","R"
"1300100700001","0.0","48907","41.41","L","3","44883.76","20","CARTAGENA DE INDIAS","0.0","2022-03-31T00:00:00.000","C","-0.270","0.0","-12070.55","220.0","BOLÍVAR","SOLING DEL SINU S.A.S. E.S.P.","2022-04-08T00:00:00.000","0.0","2022","0.0","0.0","ISLA FUERTE","R","N","32813.21","0.0","ISLA FUERTE","P","1","361257727630593173361257727","478249327478249327478249327","R"
"1300100700001","0.0","48907","10.94","L","3","11861.49","20","CARTAGENA DE INDIAS","0.0","2022-03-31T00:00:00.000","C","-0.270","0.0","-3189.9","220.0","BOLÍVAR","SOLING DEL SINU S.A.S. E.S.P.","2022-04-08T00:00:00.000","0.0","2022","0.0","0.0","ISLA FUERTE","R","N","8671.59","0.0","ISLA FUERTE","P","1","239397987185117795239397987","754676260754676260754676260","R"
"1300100700001","0.0","48907","28.51","L","3","30902.29","20","CARTAGENA DE INDIAS","0.0","2022-03-31T00:00:00.000","C","-0.270","0.0","-8310.53","220.0","BOLÍVAR","SOLING DEL SINU S.A.S. E.S.P.","2022-04-08T00:00:00.000","0.0","2022","0.0","0.0","ISLA FUERTE","R","N","22591.76","0.0","ISLA FUERTE","P","1","369012640232421546369012640","278203319278203319278203319","R"
"1300100700001","0.0","48907","78.14","L","3","84695.18","20","CARTAGENA DE INDIAS","0.0","2022-03-31T00:00:00.000","C","-0.270","0.0","-22777","220.0","BOLÍVAR","SOLING DEL SINU S.A.S. E.S.P.","2022-04-08T00:00:00.000","0.0","2022","0.0","0.0","ISLA FUERTE","R","N","61918.18","0.0","ISLA FUERTE","P","1","6640479296150469066404792","274128526274128526274128526","R"
"1300100700001","0.0","48907","6.48","L","3","7023.25","20","CARTAGENA DE INDIAS","0.0","2022-03-31T00:00:00.000","C","-0.270","0.0","-1888.76","220.0","BOLÍVAR","SOLING DEL SINU S.A.S. E.S.P.","2022-04-08T00:00:00.000","0.0","2022","0.0","0.0","ISLA FUERTE","R","N","5134.49","0.0","ISLA FUERTE","P","1","339007429838755147339007429","193042010193042010193042010","R"
"1300100700001","0.0","48907","0.0","L","3","0","20","CARTAGENA DE INDIAS","0.0","2022-03-31T00:00:00.000","C","-0.270","0.0","0","220.0","BOLÍVAR","SOLING DEL SINU S.A.S. E.S.P.","2022-04-08T00:00:00.000","0.0","2022","0.0","0.0","ISLA FUERTE","R","N","0","0.0","ISLA FUERTE","P","1","209219063218360032209219063","749740000749740000749740000","R"
"1300100700001","0.0","48907","12.96","L","3","14046.5","20","CARTAGENA DE INDIAS","0.0","2022-03-31T00:00:00.000","1","-0.750","0.0","-10594.73",,"BOLÍVAR","SOLING DEL SINU S.A.S. E.S.P.","2022-04-08T00:00:00.000","0.0","2022","0.0","0.0","ISLA FUERTE","R","N","3451.77","0.0","ISLA FUERTE","P","1","5835695192144409158356951","214116465214116465214116465","R"
"1300100700001","0.0","48907","14.23","L","3","15423.83","20","CARTAGENA DE INDIAS","0.0","2022-03-31T00:00:00.000","1","-0.750","0.0","-11633.6",,"BOLÍVAR","SOLING DEL SINU S.A.S. E.S.P.","2022-04-08T00:00:00.000","0.0","2022","0.0","0.0","ISLA FUERTE","R","N","3790.23","0.0","ISLA FUERTE","P","1","539990339249899553539990339","670906914670906914670906914","R"
"1300100700001","0.0","48907","0.0","L","3","0","20","CARTAGENA DE INDIAS","0.0","2022-03-31T00:00:00.000","1","-0.750","0.0","0",,"BOLÍVAR","SOLING DEL SINU S.A.S. E.S.P.","2022-04-08T00:00:00.000","0.0","2022","0.0","0.0","ISLA FUERTE","R","N","0","0.0","ISLA FUERTE","P","1","637868975673919661637868975","942028449420284494202844","R"
"1300100700001","0.0","48907","27.5","L","3","29809.79","20","CARTAGENA DE INDIAS","0.0","2022-03-31T00:00:00.000","1","-0.750","0.0","-22484.37",,"BOLÍVAR","SOLING DEL SINU S.A.S. E.S.P.","2022-04-08T00:00:00.000","0.0","2022","0.0","0.0","ISLA FUERTE","R","N","7325.42","0.0","ISLA FUERTE","P","1","916117582676656336916117582","838212158382121583821215","R"
"1300100700001","0.0","48907","8.21","L","3","8896.12","20","CARTAGENA DE INDIAS","0.0","2022-03-31T00:00:00.000","1","-0.750","0.0","-6710",,"BOLÍVAR","SOLING DEL SINU S.A.S. E.S.P.","2022-04-08T00:00:00.000","0.0","2022","0.0","0.0","ISLA FUERTE","R","N","2186.12","0.0","ISLA FUERTE","P","1","369063049882833787369063049","441078141441078141441078141","R"
"1300100700001","0.0","48907","15.41","L","3","16699.72","20","CARTAGENA DE INDIAS","0.0","2022-03-31T00:00:00.000","1","-0.750","0.0","-12595.96",,"BOLÍVAR","SOLING DEL SINU S.A.S. E.S.P.","2022-04-08T00:00:00.000","0.0","2022","0.0","0.0","ISLA FUERTE","R","N","4103.76","0.0","ISLA FUERTE","P","1","538497496567956522538497496","715831067715831067715831067","R"
"1300100700001","0.0","48907","8.06","L","3","8740.04","20","CARTAGENA DE INDIAS","0.0","2022-03-31T00:00:00.000","1","-0.750","0.0","-6592.28",,"BOLÍVAR","SOLING DEL SINU S.A.S. E.S.P.","2022-04-08T00:00:00.000","0.0","2022","0.0","0.0","ISLA FUERTE","R","N","2147.76","0.0","ISLA FUERTE","P","1","402131856833733395402131856","931090114931090114931090114","R"
"1300100700001","0.0","48907","14.69","L","3","15919.36","20","CARTAGENA DE INDIAS","0.0","2022-03-31T00:00:00.000","1","-0.750","0.0","-12007.36",,"BOLÍVAR","SOLING DEL SINU S.A.S. E.S.P.","2022-04-08T00:00:00.000","0.0","2022","0.0","0.0","ISLA FUERTE","R","N","3912","0.0","ISLA FUERTE","P","1","404668320642551879404668320","298424936298424936298424936","R"
"1300100700001","0.0","48907","16.26","L","3","17625.75","20","CARTAGENA DE INDIAS","0.0","2022-03-31T00:00:00.000","1","-0.750","0.0","-13294.43",,"BOLÍVAR","SOLING DEL SINU S.A.S. E.S.P.","2022-04-08T00:00:00.000","0.0","2022","0.0","0.0","ISLA FUERTE","R","N","4331.32","0.0","ISLA FUERTE","P","1","469954770662853292469954770","618197097618197097618197097","R"
"1300100700001","0.0","48907","13.82","L","3","14982.93","20","CARTAGENA DE INDIAS","0.0","2022-03-31T00:00:00.000","1","-0.750","0.0","-11301.05",,"BOLÍVAR","SOLING DEL SINU S.A.S. E.S.P.","2022-04-08T00:00:00.000","0.0","2022","0.0","0.0","ISLA FUERTE","R","N","3681.88","0.0","ISLA FUERTE","P","1","420187087783753786420187087","414514764145147641451476","R"
"1300100700001","0.0","48907","13.82","L","3","14982.93","20","CARTAGENA DE INDIAS","0.0","2022-03-31T00:00:00.000","1","-0.750","0.0","-11301.05",,"BOLÍVAR","SOLING DEL SINU S.A.S. E.S.P.","2022-04-08T00:00:00.000","0.0","2022","0.0","0.0","ISLA FUERTE","R","N","3681.88","0.0","ISLA FUERTE","P","1","2446325395892627244632539","296729995296729995296729995","R"
"1300100700001","0.0","48907","10.22","L","3","11081.13","20","CARTAGENA DE INDIAS","0.0","2022-03-31T00:00:00.000","1","-0.750","0.0","-8358.07",,"BOLÍVAR","SOLING DEL SINU S.A.S. E.S.P.","2022-04-08T00:00:00.000","0.0","2022","0.0","0.0","ISLA FUERTE","R","N","2723.06","0.0","ISLA FUERTE","P","1","894916744816577196894916744","819165301819165301819165301","R"
"1300100700001","0.0","48907","46.31","L","3","50190.22","20","CARTAGENA DE INDIAS","0.0","2022-03-31T00:00:00.000","1","-0.750","0.0","-37856.54",,"BOLÍVAR","SOLING DEL SINU S.A.S. E.S.P.","2022-04-08T00:00:00.000","0.0","2022","0.0","0.0","ISLA FUERTE","R","N","12333.68","0.0","ISLA FUERTE","P","1","140471348633348854140471348","142620811426208114262081","R"
"1300100700001","0.0","48907","9.5","L","3","10300.76","20","CARTAGENA DE INDIAS","0.0","2022-03-31T00:00:00.000","1","-0.750","0.0","-7769.47",,"BOLÍVAR","SOLING DEL SINU S.A.S. E.S.P.","2022-04-08T00:00:00.000","0.0","2022","0.0","0.0","ISLA FUERTE","R","N","2531.29","0.0","ISLA FUERTE","P","1","285727107694066774285727107","873145177873145177873145177","R"
"1300100700001","0.0","48907","10.51","L","3","11393.27","20","CARTAGENA DE INDIAS","0.0","2022-03-31T00:00:00.000","1","-0.750","0.0","-8593.5",,"BOLÍVAR","SOLING DEL SINU S.A.S. E.S.P.","2022-04-08T00:00:00.000","0.0","2022","0.0","0.0","ISLA FUERTE","R","N","2799.77","0.0","ISLA FUERTE","P","1","15499580618140084154995806","389471883389471883389471883","R"
"1300100700001","0.0","48907","23.06","L","3","24991.06","20","CARTAGENA DE INDIAS","0.0","2022-03-31T00:00:00.000","1","-0.750","0.0","-18849.79",,"BOLÍVAR","SOLING DEL SINU S.A.S. E.S.P.","2022-04-08T00:00:00.000","0.0","2022","0.0","0.0","ISLA FUERTE","R","N","6141.27","0.0","ISLA FUERTE","P","1","322600094667529536322600094","165859881658598816585988","R"
"1300100700001","0.0","48907","33.26","L","3","36052.68","20","CARTAGENA DE INDIAS","0.0","2022-03-31T00:00:00.000","1","-0.750","0.0","-27193.14",,"BOLÍVAR","SOLING DEL SINU S.A.S. E.S.P.","2022-04-08T00:00:00.000","0.0","2022","0.0","0.0","ISLA FUERTE","R","N","8859.54","0.0","ISLA FUERTE","P","1","2238563841408984922385638","208175189208175189208175189","R"
"1300100700001","0.0","48907","15.41","L","3","16699.72","20","CARTAGENA DE INDIAS","0.0","2022-03-31T00:00:00.000","1","-0.750","0.0","-12595.96",,"BOLÍVAR","SOLING DEL SINU S.A.S. E.S.P.","2022-04-08T00:00:00.000","0.0","2022","0.0","0.0","ISLA FUERTE","R","N","4103.76","0.0","ISLA FUERTE","P","1","466946433971957876466946433","192932280192932280192932280","R"
"1300100700001","0.0","48907","13.82","L","3","14982.93","20","CARTAGENA DE INDIAS","0.0","2022-03-31T00:00:00.000","1","-0.750","0.0","-11301.05",,"BOLÍVAR","SOLING DEL SINU S.A.S. E.S.P.","2022-04-08T00:00:00.000","0.0","2022","0.0","0.0","ISLA FUERTE","R","N","3681.88","0.0","ISLA FUERTE","P","1","5185872541956261851858725","315420405315420405315420405","R"
"1300100700001","0.0","48907","11.52","L","3","12485.78","20","CARTAGENA DE INDIAS","0.0","2022-03-31T00:00:00.000","1","-0.750","0.0","-9417.54",,"BOLÍVAR","SOLING DEL SINU S.A.S. E.S.P.","2022-04-08T00:00:00.000","0.0","2022","0.0","0.0","ISLA FUERTE","R","N","3068.24","0.0","ISLA FUERTE","P","1","930496426325194025930496426","247680790247680790247680790","R"
"1300100700001","0.0","48907","7.18","L","3","7782.8","20","CARTAGENA DE INDIAS","0.0","2022-03-31T00:00:00.000","1","-0.750","0.0","-5870.27",,"BOLÍVAR","SOLING DEL SINU S.A.S. E.S.P.","2022-04-08T00:00:00.000","0.0","2022","0.0","0.0","ISLA FUERTE","R","N","1912.53","0.0","ISLA FUERTE","P","1","799361972423343217799361972","305066438305066438305066438","R"
"1300100700001","0.0","48907","15.41","L","3","16699.72","20","CARTAGENA DE INDIAS","0.0","2022-03-31T00:00:00.000","1","-0.750","0.0","-12595.96",,"BOLÍVAR","SOLING DEL SINU S.A.S. E.S.P.","2022-04-08T00:00:00.000","0.0","2022","0.0","0.0","ISLA FUERTE","R","N","4103.76","0.0","ISLA FUERTE","P","1","961276417368744360961276417","119046240119046240119046240","R"
"1300100700001","0.0","48907","16.85","L","3","18260.45","20","CARTAGENA DE INDIAS","0.0","2022-03-31T00:00:00.000","1","-0.750","0.0","-13773.15",,"BOLÍVAR","SOLING DEL SINU S.A.S. E.S.P.","2022-04-08T00:00:00.000","0.0","2022","0.0","0.0","ISLA FUERTE","R","N","4487.3","0.0","ISLA FUERTE","P","1","418911453983878550418911453","418757074418757074418757074","R"
"1300100700001","0.0","48907","19.89","L","3","21557.47","20","CARTAGENA DE INDIAS","0.0","2022-03-31T00:00:00.000","1","-0.750","0.0","-16259.97",,"BOLÍVAR","SOLING DEL SINU S.A.S. E.S.P.","2022-04-08T00:00:00.000","0.0","2022","0.0","0.0","ISLA FUERTE","R","N","5297.5","0.0","ISLA FUERTE","P","1","431106065913064441431106065","861423707861423707861423707","R"
"1300100700001","0.0","48907","14.4","L","3","15607.22","20","CARTAGENA DE INDIAS","0.0","2022-03-31T00:00:00.000","1","-0.750","0.0","-11771.92",,"BOLÍVAR","SOLING DEL SINU S.A.S. E.S.P.","2022-04-08T00:00:00.000","0.0","2022","0.0","0.0","ISLA FUERTE","R","N","3835.3","0.0","ISLA FUERTE","P","1","62577244234465275625772442","334924644334924644334924644","R"
"1300100700001","0.0","48907","25.35","L","3","27475.21","20","CARTAGENA DE INDIAS","0.0","2022-03-31T00:00:00.000","1","-0.750","0.0","-20723.49",,"BOLÍVAR","SOLING DEL SINU S.A.S. E.S.P.","2022-04-08T00:00:00.000","0.0","2022","0.0","0.0","ISLA FUERTE","R","N","6751.72","0.0","ISLA FUERTE","P","1","88217347956565848821734","923706591923706591923706591","R"
"1300100700001","0.0","48907","13.1","L","3","14202.57","20","CARTAGENA DE INDIAS","0.0","2022-03-31T00:00:00.000","1","-0.750","0.0","-10712.45",,"BOLÍVAR","SOLING DEL SINU S.A.S. E.S.P.","2022-04-08T00:00:00.000","0.0","2022","0.0","0.0","ISLA FUERTE","R","N","3490.12","0.0","ISLA FUERTE","P","1","493603990579484546493603990","118807104118807104118807104","R"
"1300100700001","0.0","48907","7.78","L","3","8427.9","20","CARTAGENA DE INDIAS","0.0","2022-03-31T00:00:00.000","1","-0.750","0.0","-6356.84",,"BOLÍVAR","SOLING DEL SINU S.A.S. E.S.P.","2022-04-08T00:00:00.000","0.0","2022","0.0","0.0","ISLA FUERTE","R","N","2071.06","0.0","ISLA FUERTE","P","1","293515753280322813293515753","649931666499316664993166","R"
"1300100700001","0.0","48907","0.0","L","3","0","20","CARTAGENA DE INDIAS","0.0","2022-03-31T00:00:00.000","1","-0.750","0.0","0",,"BOLÍVAR","SOLING DEL SINU S.A.S. E.S.P.","2022-04-08T00:00:00.000","0.0","2022","0.0","0.0","ISLA FUERTE","R","N","0","0.0","ISLA FUERTE","P","1","9798836963433191297988369","126549252126549252126549252","R"
"1300100700001","0.0","48907","10.94","L","3","11861.49","20","CARTAGENA DE INDIAS","0.0","2022-03-31T00:00:00.000","1","-0.750","0.0","-8946.66",,"BOLÍVAR","SOLING DEL SINU S.A.S. E.S.P.","2022-04-08T00:00:00.000","0.0","2022","0.0","0.0","ISLA FUERTE","R","N","2914.83","0.0","ISLA FUERTE","P","1","967137747426147178967137747","150408525150408525150408525","R"
"1300100700001","0.0","48907","8.21","L","3","8896.12","20","CARTAGENA DE INDIAS","0.0","2022-03-31T00:00:00.000","1","-0.750","0.0","-6710",,"BOLÍVAR","SOLING DEL SINU S.A.S. E.S.P.","2022-04-08T00:00:00.000","0.0","2022","0.0","0.0","ISLA FUERTE","R","N","2186.12","0.0","ISLA FUERTE","P","1","208577841875295328208577841","865502158865502158865502158","R"
"1300100700001","0.0","48907","0.0","L","3","0","20","CARTAGENA DE INDIAS","0.0","2022-03-31T00:00:00.000","1","-0.750","0.0","0",,"BOLÍVAR","SOLING DEL SINU S.A.S. E.S.P.","2022-04-08T00:00:00.000","0.0","2022","0.0","0.0","ISLA FUERTE","R","N","0","0.0","ISLA FUERTE","P","1","75740949342205073757409493","654156809654156809654156809","R"
"1300100700001","0.0","48907","0.0","L","3","0","20","CARTAGENA DE INDIAS","0.0","2022-03-31T00:00:00.000","1","-0.750","0.0","0",,"BOLÍVAR","SOLING DEL SINU S.A.S. E.S.P.","2022-04-08T00:00:00.000","0.0","2022","0.0","0.0","ISLA FUERTE","R","N","0","0.0","ISLA FUERTE","P","1","750474717888749225750474717","559610342559610342559610342","R"
"1300100700001","0.0","48907","16.56","L","3","17948.3","20","CARTAGENA DE INDIAS","0.0","2022-03-31T00:00:00.000","1","-0.750","0.0","-13537.71",,"BOLÍVAR","SOLING DEL SINU S.A.S. E.S.P.","2022-04-08T00:00:00.000","0.0","2022","0.0","0.0","ISLA FUERTE","R","N","4410.59","0.0","ISLA FUERTE","P","1","16007414159397159160074141","667446558667446558667446558","R"
"1300100700001","0.0","48907","22.32","L","3","24191.19","20","CARTAGENA DE INDIAS","0.0","2022-03-31T00:00:00.000","1","-0.750","0.0","-18246.48",,"BOLÍVAR","SOLING DEL SINU S.A.S. E.S.P.","2022-04-08T00:00:00.000","0.0","2022","0.0","0.0","ISLA FUERTE","R","N","5944.71","0.0","ISLA FUERTE","P","1","577231975391688812577231975","907806472907806472907806472","R"
"1300100700001","0.0","48907","26.44","L","3","28654.86","20","CARTAGENA DE INDIAS","0.0","2022-03-31T00:00:00.000","1","-0.750","0.0","-21613.25",,"BOLÍVAR","SOLING DEL SINU S.A.S. E.S.P.","2022-04-08T00:00:00.000","0.0","2022","0.0","0.0","ISLA FUERTE","R","N","7041.61","0.0","ISLA FUERTE","P","1","392538797445536633392538797","848655170848655170848655170","R"
"1300100700001","0.0","48907","23.33","L","3","25283.7","20","CARTAGENA DE INDIAS","0.0","2022-03-31T00:00:00.000","1","-0.750","0.0","-19070.52",,"BOLÍVAR","SOLING DEL SINU S.A.S. E.S.P.","2022-04-08T00:00:00.000","0.0","2022","0.0","0.0","ISLA FUERTE","R","N","6213.18","0.0","ISLA FUERTE","P","1","619021059526126393619021059","373592599373592599373592599","R"
"1300100700001","0.0","48907","24.19","L","3","26220.13","20","CARTAGENA DE INDIAS","0.0","2022-03-31T00:00:00.000","1","-0.750","0.0","-19776.83",,"BOLÍVAR","SOLING DEL SINU S.A.S. E.S.P.","2022-04-08T00:00:00.000","0.0","2022","0.0","0.0","ISLA FUERTE","R","N","6443.3","0.0","ISLA FUERTE","P","1","578261079571896576578261079","284609859284609859284609859","R"
"1300100700001","0.0","48907","15.55","L","3","16855.8","20","CARTAGENA DE INDIAS","0.0","2022-03-31T00:00:00.000","1","-0.750","0.0","-12713.68",,"BOLÍVAR","SOLING DEL SINU S.A.S. E.S.P.","2022-04-08T00:00:00.000","0.0","2022","0.0","0.0","ISLA FUERTE","R","N","4142.12","0.0","ISLA FUERTE","P","1","908282402554386921908282402","117741819117741819117741819","R"
"1300100700001","0.0","48907","16.18","L","3","17538.61","20","CARTAGENA DE INDIAS","0.0","2022-03-31T00:00:00.000","1","-0.750","0.0","-13228.7",,"BOLÍVAR","SOLING DEL SINU S.A.S. E.S.P.","2022-04-08T00:00:00.000","0.0","2022","0.0","0.0","ISLA FUERTE","R","N","4309.91","0.0","ISLA FUERTE","P","1","36095153077226183609515","279836804279836804279836804","R"
"1300100700001","0.0","48907","23.52","L","3","25491.79","20","CARTAGENA DE INDIAS","0.0","2022-03-31T00:00:00.000","1","-0.750","0.0","-19227.48",,"BOLÍVAR","SOLING DEL SINU S.A.S. E.S.P.","2022-04-08T00:00:00.000","0.0","2022","0.0","0.0","ISLA FUERTE","R","N","6264.31","0.0","ISLA FUERTE","P","1","396626198352484599396626198","642922535642922535642922535","R"
"1300100700001","0.0","48907","0.0","L","3","0","20","CARTAGENA DE INDIAS","0.0","2022-03-31T00:00:00.000","1","-0.750","0.0","0",,"BOLÍVAR","SOLING DEL SINU S.A.S. E.S.P.","2022-04-08T00:00:00.000","0.0","2022","0.0","0.0","ISLA FUERTE","R","N","0","0.0","ISLA FUERTE","P","1","6383891864442394463838918","159885568159885568159885568","R"
"1300100700001","0.0","48907","24.62","L","3","26688.35","20","CARTAGENA DE INDIAS","0.0","2022-03-31T00:00:00.000","1","-0.750","0.0","-20129.99",,"BOLÍVAR","SOLING DEL SINU S.A.S. E.S.P.","2022-04-08T00:00:00.000","0.0","2022","0.0","0.0","ISLA FUERTE","R","N","6558.36","0.0","ISLA FUERTE","P","1","951045454514887539951045454","996704285996704285996704285","R"
"1300100700001","0.0","48907","11.52","L","3","12485.78","20","CARTAGENA DE INDIAS","0.0","2022-03-31T00:00:00.000","1","-0.750","0.0","-9417.54",,"BOLÍVAR","SOLING DEL SINU S.A.S. E.S.P.","2022-04-08T00:00:00.000","0.0","2022","0.0","0.0","ISLA FUERTE","R","N","3068.24","0.0","ISLA FUERTE","P","1","274066501818503551274066501","881300938813009388130093","R"
"1300100700001","0.0","48907","0.0","L","3","0","20","CARTAGENA DE INDIAS","0.0","2022-03-31T00:00:00.000","1","-0.750","0.0","0",,"BOLÍVAR","SOLING DEL SINU S.A.S. E.S.P.","2022-04-08T00:00:00.000","0.0","2022","0.0","0.0","ISLA FUERTE","R","N","0","0.0","ISLA FUERTE","P","1","784761046768032716784761046","410854163410854163410854163","R"
"1300100700001","0.0","48907","21.43","L","3","23223.54","20","CARTAGENA DE INDIAS","0.0","2022-03-31T00:00:00.000","1","-0.750","0.0","-17516.62",,"BOLÍVAR","SOLING DEL SINU S.A.S. E.S.P.","2022-04-08T00:00:00.000","0.0","2022","0.0","0.0","ISLA FUERTE","R","N","5706.92","0.0","ISLA FUERTE","P","1","693872560498806150693872560","592962511592962511592962511","R"
"1300100700001","0.0","48907","0.0","L","3","0","20","CARTAGENA DE INDIAS","0.0","2022-03-31T00:00:00.000","1","-0.750","0.0","0",,"BOLÍVAR","SOLING DEL SINU S.A.S. E.S.P.","2022-04-08T00:00:00.000","0.0","2022","0.0","0.0","ISLA FUERTE","R","N","0","0.0","ISLA FUERTE","P","1","173432245856061477173432245","553415235534152355341523","R"
"1300100700001","0.0","48907","0.0","L","3","0","20","CARTAGENA DE INDIAS","0.0","2022-03-31T00:00:00.000","1","-0.750","0.0","0",,"BOLÍVAR","SOLING DEL SINU S.A.S. E.S.P.","2022-04-08T00:00:00.000","0.0","2022","0.0","0.0","ISLA FUERTE","R","N","0","0.0","ISLA FUERTE","P","1","274657713157368021274657713","252407892252407892252407892","R"
"1300100700001","0.0","48907","0.0","L","3","0","20","CARTAGENA DE INDIAS","0.0","2022-03-31T00:00:00.000","1","-0.750","0.0","0",,"BOLÍVAR","SOLING DEL SINU S.A.S. E.S.P.","2022-04-08T00:00:00.000","0.0","2022","0.0","0.0","ISLA FUERTE","R","N","0","0.0","ISLA FUERTE","P","1","131338077964825695131338077","693279676693279676693279676","R"
"1300100700001","0.0","48907","0.0","L","3","0","20","CARTAGENA DE INDIAS","0.0","2022-03-31T00:00:00.000","1","-0.750","0.0","0",,"BOLÍVAR","SOLING DEL SINU S.A.S. E.S.P.","2022-04-08T00:00:00.000","0.0","2022","0.0","0.0","ISLA FUERTE","R","N","0","0.0","ISLA FUERTE","P","1","9735003875910081897350038","565734519565734519565734519","R"
"1300100700001","0.0","48907","0.0","L","3","0","20","CARTAGENA DE INDIAS","0.0","2022-03-31T00:00:00.000","1","-0.750","0.0","0",,"BOLÍVAR","SOLING DEL SINU S.A.S. E.S.P.","2022-04-08T00:00:00.000","0.0","2022","0.0","0.0","ISLA FUERTE","R","N","0","0.0","ISLA FUERTE","P","1","349907613980085021349907613","706053954706053954706053954","R"
"1300100700001","0.0","48907","0.0","L","3","0","20","CARTAGENA DE INDIAS","0.0","2022-03-31T00:00:00.000","1","-0.750","0.0","0",,"BOLÍVAR","SOLING DEL SINU S.A.S. E.S.P.","2022-04-08T00:00:00.000","0.0","2022","0.0","0.0","ISLA FUERTE","R","N","0","0.0","ISLA FUERTE","P","1","28258536318046661282585363","633414951633414951633414951","R"
"1300100700001","0.0","48907","0.0","L","3","0","20","CARTAGENA DE INDIAS","0.0","2022-03-31T00:00:00.000","1","-0.750","0.0","0",,"BOLÍVAR","SOLING DEL SINU S.A.S. E.S.P.","2022-04-08T00:00:00.000","0.0","2022","0.0","0.0","ISLA FUERTE","R","N","0","0.0","ISLA FUERTE","P","1","149729524347296034149729524","259278012592780125927801","R"
"1300100700001","0.0","48907","0.0","L","3","0","20","CARTAGENA DE INDIAS","0.0","2022-03-31T00:00:00.000","1","-0.750","0.0","0",,"BOLÍVAR","SOLING DEL SINU S.A.S. E.S.P.","2022-04-08T00:00:00.000","0.0","2022","0.0","0.0","ISLA FUERTE","R","N","0","0.0","ISLA FUERTE","P","1","678059349601709386678059349","719012157719012157719012157","R"
"1300100700001","0.0","48907","0.0","L","3","0","20","CARTAGENA DE INDIAS","0.0","2022-03-31T00:00:00.000","1","-0.750","0.0","0",,"BOLÍVAR","SOLING DEL SINU S.A.S. E.S.P.","2022-04-08T00:00:00.000","0.0","2022","0.0","0.0","ISLA FUERTE","R","N","0","0.0","ISLA FUERTE","P","1","478974964782795520478974964","920251704920251704920251704","R"
"1300100700001","0.0","48907","0.0","L","3","0","20","CARTAGENA DE INDIAS","0.0","2022-03-31T00:00:00.000","1","-0.750","0.0","0",,"BOLÍVAR","SOLING DEL SINU S.A.S. E.S.P.","2022-04-08T00:00:00.000","0.0","2022","0.0","0.0","ISLA FUERTE","R","N","0","0.0","ISLA FUERTE","P","1","263263773968273320263263773","436300024436300024436300024","R"
"1300100700001","0.0","48907","0.0","L","3","0","20","CARTAGENA DE INDIAS","0.0","2022-03-31T00:00:00.000","1","-0.750","0.0","0",,"BOLÍVAR","SOLING DEL SINU S.A.S. E.S.P.","2022-04-08T00:00:00.000","0.0","2022","0.0","0.0","ISLA FUERTE","R","N","0","0.0","ISLA FUERTE","P","1","642054480394054362642054480","115874920115874920115874920","R"
"1300100700001","0.0","48907","9.93","L","3","10758.58","20","CARTAGENA DE INDIAS","0.0","2022-03-31T00:00:00.000","C","-0.270","0.0","-2893.29","220.0","BOLÍVAR","SOLING DEL SINU S.A.S. E.S.P.","2022-04-08T00:00:00.000","0.0","2022","0.0","0.0","ISLA FUERTE","R","N","7865.29","0.0","ISLA FUERTE","P","1","463116505341953958463116505","568562662568562662568562662","R"
"1300100700001","0.0","48907","0.0","L","3","0","20","CARTAGENA DE INDIAS","0.0","2022-03-31T00:00:00.000","C","-0.270","0.0","0","220.0","BOLÍVAR","SOLING DEL SINU S.A.S. E.S.P.","2022-04-08T00:00:00.000","0.0","2022","0.0","0.0","ISLA FUERTE","R","N","0","0.0","ISLA FUERTE","P","1","5070128567098551950701285","485191794851917948519179","R"
"1300100700001","0.0","48907","41.18","L","3","44636.65","20","CARTAGENA DE INDIAS","0.0","2022-03-31T00:00:00.000","C","-0.270","0.0","-12004.09","220.0","BOLÍVAR","SOLING DEL SINU S.A.S. E.S.P.","2022-04-08T00:00:00.000","0.0","2022","0.0","0.0","ISLA FUERTE","R","N","32632.56","0.0","ISLA FUERTE","P","1","200507387756332809200507387","566572923566572923566572923","R"
"1300100700001","0.0","48907","0.0","L","3","0","20","CARTAGENA DE INDIAS","0.0","2022-03-31T00:00:00.000","C","-0.270","0.0","0","220.0","BOLÍVAR","SOLING DEL SINU S.A.S. E.S.P.","2022-04-08T00:00:00.000","0.0","2022","0.0","0.0","ISLA FUERTE","R","N","0","0.0","ISLA FUERTE","P","1","784835079727145804784835079","625654334625654334625654334","R"
"1300100700001","0.0","48907","0.0","L","3","0","20","CARTAGENA DE INDIAS","0.0","2022-03-31T00:00:00.000","C","-0.270","0.0","0","220.0","BOLÍVAR","SOLING DEL SINU S.A.S. E.S.P.","2022-04-08T00:00:00.000","0.0","2022","0.0","0.0","ISLA FUERTE","R","N","0","0.0","ISLA FUERTE","P","1","6216396455519738621639645","686291429686291429686291429","R"
"1300100700001","0.0","48907","0.0","L","3","0","20","CARTAGENA DE INDIAS","0.0","2022-03-31T00:00:00.000","1","-0.750","0.0","0",,"BOLÍVAR","SOLING DEL SINU S.A.S. E.S.P.","2022-04-08T00:00:00.000","0.0","2022","0.0","0.0","ISLA FUERTE","R","N","0","0.0","ISLA FUERTE","P","1","726026512731602539726026512","388653863388653863388653863","R"
"1300100700001","0.0","48907","12.96","L","3","14046.5","20","CARTAGENA DE INDIAS","0.0","2022-03-31T00:00:00.000","1","-0.750","0.0","-10594.73",,"BOLÍVAR","SOLING DEL SINU S.A.S. E.S.P.","2022-04-08T00:00:00.000","0.0","2022","0.0","0.0","ISLA FUERTE","R","N","3451.77","0.0","ISLA FUERTE","P","1","194883103316683926194883103","849928642849928642849928642","R"
"1300100700001","0.0","48907","11.29","L","3","12232.16","20","CARTAGENA DE INDIAS","0.0","2022-03-31T00:00:00.000","1","-0.750","0.0","-9226.25",,"BOLÍVAR","SOLING DEL SINU S.A.S. E.S.P.","2022-04-08T00:00:00.000","0.0","2022","0.0","0.0","ISLA FUERTE","R","N","3005.91","0.0","ISLA FUERTE","P","1","288228255150528391288228255","755095090755095090755095090","R"
"1300100700001","0.0","48907","10.08","L","3","10925.05","20","CARTAGENA DE INDIAS","0.0","2022-03-31T00:00:00.000","1","-0.750","0.0","-8240.35",,"BOLÍVAR","SOLING DEL SINU S.A.S. E.S.P.","2022-04-08T00:00:00.000","0.0","2022","0.0","0.0","ISLA FUERTE","R","N","2684.7","0.0","ISLA FUERTE","P","1","676258449975230697676258449","759533335759533335759533335","R"
"1300100700001","0.0","48907","21.89","L","3","23722.97","20","CARTAGENA DE INDIAS","0.0","2022-03-31T00:00:00.000","1","-0.750","0.0","-17893.32",,"BOLÍVAR","SOLING DEL SINU S.A.S. E.S.P.","2022-04-08T00:00:00.000","0.0","2022","0.0","0.0","ISLA FUERTE","R","N","5829.65","0.0","ISLA FUERTE","P","1","940488746872789597940488746","543872475438724754387247","R"
"1300100700001","0.0","48907","10.37","L","3","11237.2","20","CARTAGENA DE INDIAS","0.0","2022-03-31T00:00:00.000","1","-0.750","0.0","-8475.78",,"BOLÍVAR","SOLING DEL SINU S.A.S. E.S.P.","2022-04-08T00:00:00.000","0.0","2022","0.0","0.0","ISLA FUERTE","R","N","2761.42","0.0","ISLA FUERTE","P","1","4403445289413803644034452","126215417126215417126215417","R"
"1300100700001","0.0","48907","14.4","L","3","15607.22","20","CARTAGENA DE INDIAS","0.0","2022-03-31T00:00:00.000","1","-0.750","0.0","-11771.92",,"BOLÍVAR","SOLING DEL SINU S.A.S. E.S.P.","2022-04-08T00:00:00.000","0.0","2022","0.0","0.0","ISLA FUERTE","R","N","3835.3","0.0","ISLA FUERTE","P","1","483874176870751053483874176","513795051379505137950","R"
"1300100700001","0.0","48907","10.94","L","3","11861.49","20","CARTAGENA DE INDIAS","0.0","2022-03-31T00:00:00.000","1","-0.750","0.0","-8946.66",,"BOLÍVAR","SOLING DEL SINU S.A.S. E.S.P.","2022-04-08T00:00:00.000","0.0","2022","0.0","0.0","ISLA FUERTE","R","N","2914.83","0.0","ISLA FUERTE","P","1","886275899415211831886275899","589441824589441824589441824","R"
"1300100700001","0.0","48907","7.06","L","3","7647.54","20","CARTAGENA DE INDIAS","0.0","2022-03-31T00:00:00.000","1","-0.750","0.0","-5768.24",,"BOLÍVAR","SOLING DEL SINU S.A.S. E.S.P.","2022-04-08T00:00:00.000","0.0","2022","0.0","0.0","ISLA FUERTE","R","N","1879.3","0.0","ISLA FUERTE","P","1","7677569882766909767756988","313040935313040935313040935","R"
"1300100700001","0.0","48907","9.22","L","3","9988.62","20","CARTAGENA DE INDIAS","0.0","2022-03-31T00:00:00.000","1","-0.750","0.0","-7534.03",,"BOLÍVAR","SOLING DEL SINU S.A.S. E.S.P.","2022-04-08T00:00:00.000","0.0","2022","0.0","0.0","ISLA FUERTE","R","N","2454.59","0.0","ISLA FUERTE","P","1","608218195588255262608218195","219270997219270997219270997","R"
"1300100700001","0.0","48907","21.17","L","3","22942.61","20","CARTAGENA DE INDIAS","0.0","2022-03-31T00:00:00.000","1","-0.750","0.0","-17304.73",,"BOLÍVAR","SOLING DEL SINU S.A.S. E.S.P.","2022-04-08T00:00:00.000","0.0","2022","0.0","0.0","ISLA FUERTE","R","N","5637.88","0.0","ISLA FUERTE","P","1","4936053468691449549360534","748964057489640574896405","R"
"1300100700001","0.0","48907","15.98","L","3","17324.01","20","CARTAGENA DE INDIAS","0.0","2022-03-31T00:00:00.000","1","-0.750","0.0","-13066.84",,"BOLÍVAR","SOLING DEL SINU S.A.S. E.S.P.","2022-04-08T00:00:00.000","0.0","2022","0.0","0.0","ISLA FUERTE","R","N","4257.17","0.0","ISLA FUERTE","P","1","947823707145768263947823707","537399571537399571537399571","R"
"1300100700001","0.0","48907","9.36","L","3","10144.69","20","CARTAGENA DE INDIAS","0.0","2022-03-31T00:00:00.000","1","-0.750","0.0","-7651.75",,"BOLÍVAR","SOLING DEL SINU S.A.S. E.S.P.","2022-04-08T00:00:00.000","0.0","2022","0.0","0.0","ISLA FUERTE","R","N","2492.94","0.0","ISLA FUERTE","P","1","657782412512274375657782412","550874889550874889550874889","R"
"1300100700001","0.0","48907","10.51","L","3","11393.27","20","CARTAGENA DE INDIAS","0.0","2022-03-31T00:00:00.000","1","-0.750","0.0","-8593.5",,"BOLÍVAR","SOLING DEL SINU S.A.S. E.S.P.","2022-04-08T00:00:00.000","0.0","2022","0.0","0.0","ISLA FUERTE","R","N","2799.77","0.0","ISLA FUERTE","P","1","849283487134769570849283487","742986062742986062742986062","R"
"1300100700001","0.0","48907","21.02","L","3","22786.54","20","CARTAGENA DE INDIAS","0.0","2022-03-31T00:00:00.000","1","-0.750","0.0","-17187.01",,"BOLÍVAR","SOLING DEL SINU S.A.S. E.S.P.","2022-04-08T00:00:00.000","0.0","2022","0.0","0.0","ISLA FUERTE","R","N","5599.53","0.0","ISLA FUERTE","P","1","725179250807123154725179250","497091258497091258497091258","R"
"1300100700001","0.0","48907","10.8","L","3","11705.41","20","CARTAGENA DE INDIAS","0.0","2022-03-31T00:00:00.000","1","-0.750","0.0","-8828.94",,"BOLÍVAR","SOLING DEL SINU S.A.S. E.S.P.","2022-04-08T00:00:00.000","0.0","2022","0.0","0.0","ISLA FUERTE","R","N","2876.47","0.0","ISLA FUERTE","P","1","439041686584156152439041686","824171869824171869824171869","R"
"1300100700001","0.0","48907","29.23","L","3","31682.66","20","CARTAGENA DE INDIAS","0.0","2022-03-31T00:00:00.000","1","-0.750","0.0","-23897",,"BOLÍVAR","SOLING DEL SINU S.A.S. E.S.P.","2022-04-08T00:00:00.000","0.0","2022","0.0","0.0","ISLA FUERTE","R","N","7785.66","0.0","ISLA FUERTE","P","1","775994799710440465775994799","595555385955553859555538","R"
"1300100700001","0.0","48907","0.0","L","3","0","20","CARTAGENA DE INDIAS","0.0","2022-03-31T00:00:00.000","1","-0.750","0.0","0",,"BOLÍVAR","SOLING DEL SINU S.A.S. E.S.P.","2022-04-08T00:00:00.000","0.0","2022","0.0","0.0","ISLA FUERTE","R","N","0","0.0","ISLA FUERTE","P","1","3528059025480715335280590","234317842343178423431784","R"
"1300100700001","0.0","48907","13.97","L","3","15139","20","CARTAGENA DE INDIAS","0.0","2022-03-31T00:00:00.000","1","-0.750","0.0","-11418.77",,"BOLÍVAR","SOLING DEL SINU S.A.S. E.S.P.","2022-04-08T00:00:00.000","0.0","2022","0.0","0.0","ISLA FUERTE","R","N","3720.23","0.0","ISLA FUERTE","P","1","29810249458047415298102494","576816002576816002576816002","R"
"1300100700001","0.0","48907","32.59","L","3","35324.34","20","CARTAGENA DE INDIAS","0.0","2022-03-31T00:00:00.000","1","-0.750","0.0","-26643.79",,"BOLÍVAR","SOLING DEL SINU S.A.S. E.S.P.","2022-04-08T00:00:00.000","0.0","2022","0.0","0.0","ISLA FUERTE","R","N","8680.55","0.0","ISLA FUERTE","P","1","130742833302665086130742833","652136834652136834652136834","R"
"1300100700001","0.0","48907","18.0","L","3","19509.02","20","CARTAGENA DE INDIAS","0.0","2022-03-31T00:00:00.000","1","-0.750","0.0","-14714.9",,"BOLÍVAR","SOLING DEL SINU S.A.S. E.S.P.","2022-04-08T00:00:00.000","0.0","2022","0.0","0.0","ISLA FUERTE","R","N","4794.12","0.0","ISLA FUERTE","P","1","8650229696144582086502296","204542494204542494204542494","R"
"1300100700001","0.0","48907","15.7","L","3","17011.87","20","CARTAGENA DE INDIAS","0.0","2022-03-31T00:00:00.000","1","-0.750","0.0","-12831.4",,"BOLÍVAR","SOLING DEL SINU S.A.S. E.S.P.","2022-04-08T00:00:00.000","0.0","2022","0.0","0.0","ISLA FUERTE","R","N","4180.47","0.0","ISLA FUERTE","P","1","526973369181128346526973369","226926715226926715226926715","R"
"1300100700001","0.0","48907","8.93","L","3","9676.48","20","CARTAGENA DE INDIAS","0.0","2022-03-31T00:00:00.000","1","-0.750","0.0","-7298.59",,"BOLÍVAR","SOLING DEL SINU S.A.S. E.S.P.","2022-04-08T00:00:00.000","0.0","2022","0.0","0.0","ISLA FUERTE","R","N","2377.89","0.0","ISLA FUERTE","P","1","461129971139069408461129971","440550930440550930440550930","R"
"1300100700001","0.0","48907","20.09","L","3","21777.27","20","CARTAGENA DE INDIAS","0.0","2022-03-31T00:00:00.000","1","-0.750","0.0","-16425.76",,"BOLÍVAR","SOLING DEL SINU S.A.S. E.S.P.","2022-04-08T00:00:00.000","0.0","2022","0.0","0.0","ISLA FUERTE","R","N","5351.51","0.0","ISLA FUERTE","P","1","533035206952018169533035206","503725424503725424503725424","R"
"1300100700001","0.0","48907","14.69","L","3","15919.36","20","CARTAGENA DE INDIAS","0.0","2022-03-31T00:00:00.000","1","-0.750","0.0","-12007.36",,"BOLÍVAR","SOLING DEL SINU S.A.S. E.S.P.","2022-04-08T00:00:00.000","0.0","2022","0.0","0.0","ISLA FUERTE","R","N","3912","0.0","ISLA FUERTE","P","1","549100725350984435549100725","476904137476904137476904137","R"
"1300100700001","0.0","48907","0.0","L","3","0","20","CARTAGENA DE INDIAS","0.0","2022-03-31T00:00:00.000","1","-0.750","0.0","0",,"BOLÍVAR","SOLING DEL SINU S.A.S. E.S.P.","2022-04-08T00:00:00.000","0.0","2022","0.0","0.0","ISLA FUERTE","R","N","0","0.0","ISLA FUERTE","P","1","127880003175856061127880003","278674076278674076278674076","R"
"1300100700001","0.0","48907","11.66","L","3","12641.85","20","CARTAGENA DE INDIAS","0.0","2022-03-31T00:00:00.000","1","-0.750","0.0","-9535.26",,"BOLÍVAR","SOLING DEL SINU S.A.S. E.S.P.","2022-04-08T00:00:00.000","0.0","2022","0.0","0.0","ISLA FUERTE","R","N","3106.59","0.0","ISLA FUERTE","P","1","8571751883514703385717518","282746747282746747282746747","R"
"1300100700001","0.0","48907","9.07","L","3","9832.55","20","CARTAGENA DE INDIAS","0.0","2022-03-31T00:00:00.000","1","-0.750","0.0","-7416.31",,"BOLÍVAR","SOLING DEL SINU S.A.S. E.S.P.","2022-04-08T00:00:00.000","0.0","2022","0.0","0.0","ISLA FUERTE","R","N","2416.24","0.0","ISLA FUERTE","P","1","826155013102668468826155013","315440184315440184315440184","R"
"1300100700001","0.0","48907","13.54","L","3","14670.79","20","CARTAGENA DE INDIAS","0.0","2022-03-31T00:00:00.000","1","-0.750","0.0","-11065.61",,"BOLÍVAR","SOLING DEL SINU S.A.S. E.S.P.","2022-04-08T00:00:00.000","0.0","2022","0.0","0.0","ISLA FUERTE","R","N","3605.18","0.0","ISLA FUERTE","P","1","819574273347524515819574273","758047421758047421758047421","R"
"1300100700001","0.0","48907","0.0","L","3","0","20","CARTAGENA DE INDIAS","0.0","2022-03-31T00:00:00.000","1","-0.750","0.0","0",,"BOLÍVAR","SOLING DEL SINU S.A.S. E.S.P.","2022-04-08T00:00:00.000","0.0","2022","0.0","0.0","ISLA FUERTE","R","N","0","0.0","ISLA FUERTE","P","1","158328950969223471158328950","287575092287575092287575092","R"
"1300100700001","0.0","48907","20.16","L","3","21850.11","20","CARTAGENA DE INDIAS","0.0","2022-03-31T00:00:00.000","1","-0.750","0.0","-16480.69",,"BOLÍVAR","SOLING DEL SINU S.A.S. E.S.P.","2022-04-08T00:00:00.000","0.0","2022","0.0","0.0","ISLA FUERTE","R","N","5369.42","0.0","ISLA FUERTE","P","1","2469682612180014824696826","859072680859072680859072680","R"
"1300100700001","0.0","48907","6.48","L","3","7023.25","20","CARTAGENA DE INDIAS","0.0","2022-03-31T00:00:00.000","1","-0.750","0.0","-5297.37",,"BOLÍVAR","SOLING DEL SINU S.A.S. E.S.P.","2022-04-08T00:00:00.000","0.0","2022","0.0","0.0","ISLA FUERTE","R","N","1725.88","0.0","ISLA FUERTE","P","1","334405266982407399334405266","115374436115374436115374436","R"
"1300100700001","0.0","48907","13.39","L","3","14514.71","20","CARTAGENA DE INDIAS","0.0","2022-03-31T00:00:00.000","1","-0.750","0.0","-10947.89",,"BOLÍVAR","SOLING DEL SINU S.A.S. E.S.P.","2022-04-08T00:00:00.000","0.0","2022","0.0","0.0","ISLA FUERTE","R","N","3566.82","0.0","ISLA FUERTE","P","1","125406123872408936125406123","535551619535551619535551619","R"
"1300100700001","0.0","48907","14.98","L","3","16231.51","20","CARTAGENA DE INDIAS","0.0","2022-03-31T00:00:00.000","1","-0.750","0.0","-12242.8",,"BOLÍVAR","SOLING DEL SINU S.A.S. E.S.P.","2022-04-08T00:00:00.000","0.0","2022","0.0","0.0","ISLA FUERTE","R","N","3988.71","0.0","ISLA FUERTE","P","1","326448977947436012326448977","707702145707702145707702145","R"
"1300100700001","0.0","48907","17.86","L","3","19352.95","20","CARTAGENA DE INDIAS","0.0","2022-03-31T00:00:00.000","1","-0.750","0.0","-14597.19",,"BOLÍVAR","SOLING DEL SINU S.A.S. E.S.P.","2022-04-08T00:00:00.000","0.0","2022","0.0","0.0","ISLA FUERTE","R","N","4755.76","0.0","ISLA FUERTE","P","1","854738538790505854854738538","552739225527392255273922","R"
"1300100700001","0.0","48907","14.83","L","3","16075.44","20","CARTAGENA DE INDIAS","0.0","2022-03-31T00:00:00.000","1","-0.750","0.0","-12125.08",,"BOLÍVAR","SOLING DEL SINU S.A.S. E.S.P.","2022-04-08T00:00:00.000","0.0","2022","0.0","0.0","ISLA FUERTE","R","N","3950.36","0.0","ISLA FUERTE","P","1","773353182258138661773353182","771874358771874358771874358","R"
"1300100700001","0.0","48907","22.68","L","3","24581.37","20","CARTAGENA DE INDIAS","0.0","2022-03-31T00:00:00.000","1","-0.750","0.0","-18540.78",,"BOLÍVAR","SOLING DEL SINU S.A.S. E.S.P.","2022-04-08T00:00:00.000","0.0","2022","0.0","0.0","ISLA FUERTE","R","N","6040.59","0.0","ISLA FUERTE","P","1","204341092214692813204341092","804162835804162835804162835","R"
"1300100700001","0.0","48907","8.64","L","3","9364.33","20","CARTAGENA DE INDIAS","0.0","2022-03-31T00:00:00.000","1","-0.750","0.0","-7063.15",,"BOLÍVAR","SOLING DEL SINU S.A.S. E.S.P.","2022-04-08T00:00:00.000","0.0","2022","0.0","0.0","ISLA FUERTE","R","N","2301.18","0.0","ISLA FUERTE","P","1","292732456891419259292732456","711448348711448348711448348","R"
"1300100700001","0.0","48907","15.7","L","3","17011.87","20","CARTAGENA DE INDIAS","0.0","2022-03-31T00:00:00.000","1","-0.750","0.0","-12831.4",,"BOLÍVAR","SOLING DEL SINU S.A.S. E.S.P.","2022-04-08T00:00:00.000","0.0","2022","0.0","0.0","ISLA FUERTE","R","N","4180.47","0.0","ISLA FUERTE","P","1","103566383468260629103566383","494188197494188197494188197","R"
"1300100700001","0.0","48907","0.0","L","3","0","20","CARTAGENA DE INDIAS","0.0","2022-03-31T00:00:00.000","1","-0.750","0.0","0",,"BOLÍVAR","SOLING DEL SINU S.A.S. E.S.P.","2022-04-08T00:00:00.000","0.0","2022","0.0","0.0","ISLA FUERTE","R","N","0","0.0","ISLA FUERTE","P","1","511958308685496081511958308","856937622856937622856937622","R"
"1300100700001","0.0","48907","47.52","L","3","51503.82","20","CARTAGENA DE INDIAS","0.0","2022-03-31T00:00:00.000","1","-0.750","0.0","-38847.35",,"BOLÍVAR","SOLING DEL SINU S.A.S. E.S.P.","2022-04-08T00:00:00.000","0.0","2022","0.0","0.0","ISLA FUERTE","R","N","12656.47","0.0","ISLA FUERTE","P","1","483291779477993958483291779","121503707121503707121503707","R"
"1300100700001","0.0","48907","12.67","L","3","13734.35","20","CARTAGENA DE INDIAS","0.0","2022-03-31T00:00:00.000","1","-0.750","0.0","-10359.29",,"BOLÍVAR","SOLING DEL SINU S.A.S. E.S.P.","2022-04-08T00:00:00.000","0.0","2022","0.0","0.0","ISLA FUERTE","R","N","3375.06","0.0","ISLA FUERTE","P","1","343034113393368502343034113","450993395450993395450993395","R"
"1300100700001","0.0","48907","10.27","L","3","11126.65","20","CARTAGENA DE INDIAS","0.0","2022-03-31T00:00:00.000","1","-0.750","0.0","-8392.4",,"BOLÍVAR","SOLING DEL SINU S.A.S. E.S.P.","2022-04-08T00:00:00.000","0.0","2022","0.0","0.0","ISLA FUERTE","R","N","2734.25","0.0","ISLA FUERTE","P","1","65769369752324794657693697","365613219365613219365613219","R"
"1300100700001","0.0","48907","16.42","L","3","17792.23","20","CARTAGENA DE INDIAS","0.0","2022-03-31T00:00:00.000","1","-0.750","0.0","-13419.99",,"BOLÍVAR","SOLING DEL SINU S.A.S. E.S.P.","2022-04-08T00:00:00.000","0.0","2022","0.0","0.0","ISLA FUERTE","R","N","4372.24","0.0","ISLA FUERTE","P","1","774535281427584635774535281","882062739882062739882062739","R"
"1300100700001","0.0","48907","26.21","L","3","28405.14","20","CARTAGENA DE INDIAS","0.0","2022-03-31T00:00:00.000","1","-0.750","0.0","-21424.9",,"BOLÍVAR","SOLING DEL SINU S.A.S. E.S.P.","2022-04-08T00:00:00.000","0.0","2022","0.0","0.0","ISLA FUERTE","R","N","6980.24","0.0","ISLA FUERTE","P","1","253993264937205625253993264","477450061477450061477450061","R"
"1300100700001","0.0","48907","31.82","L","3","34491.96","20","CARTAGENA DE INDIAS","0.0","2022-03-31T00:00:00.000","1","-0.750","0.0","-26015.95",,"BOLÍVAR","SOLING DEL SINU S.A.S. E.S.P.","2022-04-08T00:00:00.000","0.0","2022","0.0","0.0","ISLA FUERTE","R","N","8476.01","0.0","ISLA FUERTE","P","1","439834575327353511439834575","176406173176406173176406173","R"
"1300100700001","0.0","48907","7.2","L","3","7803.61","20","CARTAGENA DE INDIAS","0.0","2022-03-31T00:00:00.000","1","-0.750","0.0","-5885.96",,"BOLÍVAR","SOLING DEL SINU S.A.S. E.S.P.","2022-04-08T00:00:00.000","0.0","2022","0.0","0.0","ISLA FUERTE","R","N","1917.65","0.0","ISLA FUERTE","P","1","311600498595254561311600498","909733938909733938909733938","R"
"1300100700001","0.0","48907","8.21","L","3","8896.12","20","CARTAGENA DE INDIAS","0.0","2022-03-31T00:00:00.000","1","-0.750","0.0","-6710",,"BOLÍVAR","SOLING DEL SINU S.A.S. E.S.P.","2022-04-08T00:00:00.000","0.0","2022","0.0","0.0","ISLA FUERTE","R","N","2186.12","0.0","ISLA FUERTE","P","1","822551260337281590822551260","806539480653948065394","R"
"1300100700001","0.0","48907","8.64","L","3","9364.33","20","CARTAGENA DE INDIAS","0.0","2022-03-31T00:00:00.000","1","-0.750","0.0","-7063.15",,"BOLÍVAR","SOLING DEL SINU S.A.S. E.S.P.","2022-04-08T00:00:00.000","0.0","2022","0.0","0.0","ISLA FUERTE","R","N","2301.18","0.0","ISLA FUERTE","P","1","66871392477328119668713924","251846504251846504251846504","R"
"1300100700001","0.0","48907","25.49","L","3","27624.78","20","CARTAGENA DE INDIAS","0.0","2022-03-31T00:00:00.000","1","-0.750","0.0","-20836.3",,"BOLÍVAR","SOLING DEL SINU S.A.S. E.S.P.","2022-04-08T00:00:00.000","0.0","2022","0.0","0.0","ISLA FUERTE","R","N","6788.48","0.0","ISLA FUERTE","P","1","299838394508232458299838394","767330672767330672767330672","R"
"1300100700001","0.0","48907","24.17","L","3","26194.12","20","CARTAGENA DE INDIAS","0.0","2022-03-31T00:00:00.000","1","-0.750","0.0","-19757.21",,"BOLÍVAR","SOLING DEL SINU S.A.S. E.S.P.","2022-04-08T00:00:00.000","0.0","2022","0.0","0.0","ISLA FUERTE","R","N","6436.91","0.0","ISLA FUERTE","P","1","210599100765916125210599100","229893912229893912229893912","R"
"1300100700001","0.0","48907","30.03","L","3","32550.81","20","CARTAGENA DE INDIAS","0.0","2022-03-31T00:00:00.000","1","-0.750","0.0","-24551.82",,"BOLÍVAR","SOLING DEL SINU S.A.S. E.S.P.","2022-04-08T00:00:00.000","0.0","2022","0.0","0.0","ISLA FUERTE","R","N","7998.99","0.0","ISLA FUERTE","P","1","1837550714046308018375507","911605323911605323911605323","R"
"1300100700001","0.0","48907","15.84","L","3","17167.94","20","CARTAGENA DE INDIAS","0.0","2022-03-31T00:00:00.000","1","-0.750","0.0","-12949.12",,"BOLÍVAR","SOLING DEL SINU S.A.S. E.S.P.","2022-04-08T00:00:00.000","0.0","2022","0.0","0.0","ISLA FUERTE","R","N","4218.82","0.0","ISLA FUERTE","P","1","69153629259240206691536292","154916941154916941154916941","R"
"1300100700001","0.0","48907","14.69","L","3","15919.36","20","CARTAGENA DE INDIAS","0.0","2022-03-31T00:00:00.000","1","-0.750","0.0","-12007.36",,"BOLÍVAR","SOLING DEL SINU S.A.S. E.S.P.","2022-04-08T00:00:00.000","0.0","2022","0.0","0.0","ISLA FUERTE","R","N","3912","0.0","ISLA FUERTE","P","1","121026034358799798121026034","321425022321425022321425022","R"
"1300100700001","0.0","48907","8.88","L","3","9624.45","20","CARTAGENA DE INDIAS","0.0","2022-03-31T00:00:00.000","1","-0.750","0.0","-7259.35",,"BOLÍVAR","SOLING DEL SINU S.A.S. E.S.P.","2022-04-08T00:00:00.000","0.0","2022","0.0","0.0","ISLA FUERTE","R","N","2365.1","0.0","ISLA FUERTE","P","1","696775849463748051696775849","610189410610189410610189410","R"
"1300100700001","0.0","48907","18.29","L","3","19826.37","20","CARTAGENA DE INDIAS","0.0","2022-03-31T00:00:00.000","1","-0.750","0.0","-14954.27",,"BOLÍVAR","SOLING DEL SINU S.A.S. E.S.P.","2022-04-08T00:00:00.000","0.0","2022","0.0","0.0","ISLA FUERTE","R","N","4872.1","0.0","ISLA FUERTE","P","1","10973699549235465109736995","594672590594672590594672590","R"
"1300100700001","0.0","48907","0.0","L","3","0","20","CARTAGENA DE INDIAS","0.0","2022-03-31T00:00:00.000","1","-0.750","0.0","0",,"BOLÍVAR","SOLING DEL SINU S.A.S. E.S.P.","2022-04-08T00:00:00.000","0.0","2022","0.0","0.0","ISLA FUERTE","R","N","0","0.0","ISLA FUERTE","P","1","742052522469044857742052522","371889838371889838371889838","R"
"1300100700001","0.0","48907","10.22","L","3","11081.13","20","CARTAGENA DE INDIAS","0.0","2022-03-31T00:00:00.000","1","-0.750","0.0","-8358.07",,"BOLÍVAR","SOLING DEL SINU S.A.S. E.S.P.","2022-04-08T00:00:00.000","0.0","2022","0.0","0.0","ISLA FUERTE","R","N","2723.06","0.0","ISLA FUERTE","P","1","576100762365084248576100762","139661997139661997139661997","R"
"1300100700001","0.0","48907","42.68","L","3","46259.8","20","CARTAGENA DE INDIAS","0.0","2022-03-31T00:00:00.000","1","-0.750","0.0","-34891.98",,"BOLÍVAR","SOLING DEL SINU S.A.S. E.S.P.","2022-04-08T00:00:00.000","0.0","2022","0.0","0.0","ISLA FUERTE","R","N","11367.82","0.0","ISLA FUERTE","P","1","54172342414722181541723424","807668495807668495807668495","R"
"1300100700001","0.0","48907","10.8","L","3","11705.41","20","CARTAGENA DE INDIAS","0.0","2022-03-31T00:00:00.000","1","-0.750","0.0","-8828.94",,"BOLÍVAR","SOLING DEL SINU S.A.S. E.S.P.","2022-04-08T00:00:00.000","0.0","2022","0.0","0.0","ISLA FUERTE","R","N","2876.47","0.0","ISLA FUERTE","P","1","8004817242318226480048172","288163968288163968288163968","R"
"1300100700001","0.0","48907","0.0","L","3","0","20","CARTAGENA DE INDIAS","0.0","2022-03-31T00:00:00.000","1","-0.750","0.0","0",,"BOLÍVAR","SOLING DEL SINU S.A.S. E.S.P.","2022-04-08T00:00:00.000","0.0","2022","0.0","0.0","ISLA FUERTE","R","N","0","0.0","ISLA FUERTE","P","1","2478854792503227524788547","206805008206805008206805008","R"
"1300100700001","0.0","48907","0.0","L","3","0","20","CARTAGENA DE INDIAS","0.0","2022-03-31T00:00:00.000","1","-0.750","0.0","0",,"BOLÍVAR","SOLING DEL SINU S.A.S. E.S.P.","2022-04-08T00:00:00.000","0.0","2022","0.0","0.0","ISLA FUERTE","R","N","0","0.0","ISLA FUERTE","P","1","846485724688397672846485724","693859565693859565693859565","R"
"1300100700001","0.0","48907","0.0","L","3","0","20","CARTAGENA DE INDIAS","0.0","2022-03-31T00:00:00.000","1","-0.750","0.0","0",,"BOLÍVAR","SOLING DEL SINU S.A.S. E.S.P.","2022-04-08T00:00:00.000","0.0","2022","0.0","0.0","ISLA FUERTE","R","N","0","0.0","ISLA FUERTE","P","1","436526944378065340436526944","442789849442789849442789849","R"
"1300100700001","0.0","48907","0.0","L","3","0","20","CARTAGENA DE INDIAS","0.0","2022-03-31T00:00:00.000","1","-0.750","0.0","0",,"BOLÍVAR","SOLING DEL SINU S.A.S. E.S.P.","2022-04-08T00:00:00.000","0.0","2022","0.0","0.0","ISLA FUERTE","R","N","0","0.0","ISLA FUERTE","P","1","66498296844232056649829","381920890381920890381920890","R"
"1300100700001","0.0","48907","0.0","L","3","0","20","CARTAGENA DE INDIAS","0.0","2022-03-31T00:00:00.000","1","-0.750","0.0","0",,"BOLÍVAR","SOLING DEL SINU S.A.S. E.S.P.","2022-04-08T00:00:00.000","0.0","2022","0.0","0.0","ISLA FUERTE","R","N","0","0.0","ISLA FUERTE","P","1","567425397899662230567425397","714603063714603063714603063","R"
"1300100700001","0.0","48907","0.0","L","3","0","20","CARTAGENA DE INDIAS","0.0","2022-03-31T00:00:00.000","C","-0.270","0.0","0","220.0","BOLÍVAR","SOLING DEL SINU S.A.S. E.S.P.","2022-04-08T00:00:00.000","0.0","2022","0.0","0.0","ISLA FUERTE","R","N","0","0.0","ISLA FUERTE","P","1","2180194525700966221801945","991172470991172470991172470","R"
"1300100700001","0.0","48907","58.91","L","3","63843.28","20","CARTAGENA DE INDIAS","0.0","2022-03-31T00:00:00.000","C","-0.270","0.0","-17169.32","220.0","BOLÍVAR","SOLING DEL SINU S.A.S. E.S.P.","2022-04-08T00:00:00.000","0.0","2022","0.0","0.0","ISLA FUERTE","R","N","46673.96","0.0","ISLA FUERTE","P","1","154249217694579844154249217","201774206201774206201774206","R"
"1300100700001","0.0","48907","12.82","L","3","13890.43","20","CARTAGENA DE INDIAS","0.0","2022-03-31T00:00:00.000","C","-0.270","0.0","-3735.54","220.0","BOLÍVAR","SOLING DEL SINU S.A.S. E.S.P.","2022-04-08T00:00:00.000","0.0","2022","0.0","0.0","ISLA FUERTE","R","N","10154.89","0.0","ISLA FUERTE","P","1","870310284251898042870310284","603133040603133040603133040","R"
"1300100700001","0.0","48907","31.25","L","3","33867.67","20","CARTAGENA DE INDIAS","0.0","2022-03-31T00:00:00.000","C","-0.270","0.0","-9108","220.0","BOLÍVAR","SOLING DEL SINU S.A.S. E.S.P.","2022-04-08T00:00:00.000","0.0","2022","0.0","0.0","ISLA FUERTE","R","N","24759.67","0.0","ISLA FUERTE","P","1","119487211523761293119487211","279616533279616533279616533","R"
"1300100700001","0.0","48907","30.67","L","3","33243.38","20","CARTAGENA DE INDIAS","0.0","2022-03-31T00:00:00.000","C","-0.270","0.0","-8940.11","220.0","BOLÍVAR","SOLING DEL SINU S.A.S. E.S.P.","2022-04-08T00:00:00.000","0.0","2022","0.0","0.0","ISLA FUERTE","R","N","24303.27","0.0","ISLA FUERTE","P","1","8553624431266236785536244","431819687431819687431819687","R"
"1300100700001","0.0","48907","27.4","L","3","29702.49","20","CARTAGENA DE INDIAS","0.0","2022-03-31T00:00:00.000","C","-0.270","0.0","-7987.86","220.0","BOLÍVAR","SOLING DEL SINU S.A.S. E.S.P.","2022-04-08T00:00:00.000","0.0","2022","0.0","0.0","ISLA FUERTE","R","N","21714.63","0.0","ISLA FUERTE","P","1","802109509943324771802109509","715064759715064759715064759","R"
"1300100700001","0.0","48907","33.29","L","3","36083.89","20","CARTAGENA DE INDIAS","0.0","2022-03-31T00:00:00.000","C","-0.270","0.0","-9704.01","220.0","BOLÍVAR","SOLING DEL SINU S.A.S. E.S.P.","2022-04-08T00:00:00.000","0.0","2022","0.0","0.0","ISLA FUERTE","R","N","26379.88","0.0","ISLA FUERTE","P","1","334350525130692138334350525","108725962108725962108725962","R"
"1300100700001","0.0","48907","75.58","L","3","81918.39","20","CARTAGENA DE INDIAS","0.0","2022-03-31T00:00:00.000","C","-0.270","0.0","-22030.24","220.0","BOLÍVAR","SOLING DEL SINU S.A.S. E.S.P.","2022-04-08T00:00:00.000","0.0","2022","0.0","0.0","ISLA FUERTE","R","N","59888.15","0.0","ISLA FUERTE","P","1","602059674479505078602059674","404938617404938617404938617","R"
"1300100700001","0.0","48907","19.87","L","3","21537.96","20","CARTAGENA DE INDIAS","0.0","2022-03-31T00:00:00.000","C","-0.270","0.0","-5792.19","220.0","BOLÍVAR","SOLING DEL SINU S.A.S. E.S.P.","2022-04-08T00:00:00.000","0.0","2022","0.0","0.0","ISLA FUERTE","R","N","15745.77","0.0","ISLA FUERTE","P","1","263245282642354651263245282","158783745158783745158783745","R"
"1300100700001","0.0","48907","16.56","L","3","17948.3","20","CARTAGENA DE INDIAS","0.0","2022-03-31T00:00:00.000","C","-0.270","0.0","-4826.82","220.0","BOLÍVAR","SOLING DEL SINU S.A.S. E.S.P.","2022-04-08T00:00:00.000","0.0","2022","0.0","0.0","ISLA FUERTE","R","N","13121.48","0.0","ISLA FUERTE","P","1","854502423402495727854502423","172355358172355358172355358","R"
"1300100700001","0.0","48907","6.2","L","3","6721.51","20","CARTAGENA DE INDIAS","0.0","2022-03-31T00:00:00.000","C","-0.270","0.0","-1807.61","220.0","BOLÍVAR","SOLING DEL SINU S.A.S. E.S.P.","2022-04-08T00:00:00.000","0.0","2022","0.0","0.0","ISLA FUERTE","R","N","4913.9","0.0","ISLA FUERTE","P","1","573362608487242221573362608","956491236956491236956491236","R"
"1300100700001","0.0","48907","8.71","L","3","9442.37","20","CARTAGENA DE INDIAS","0.0","2022-03-31T00:00:00.000","C","-0.270","0.0","-2539.33","220.0","BOLÍVAR","SOLING DEL SINU S.A.S. E.S.P.","2022-04-08T00:00:00.000","0.0","2022","0.0","0.0","ISLA FUERTE","R","N","6903.04","0.0","ISLA FUERTE","P","1","71178093863409722711780938","391953093391953093391953093","R"
"1300100700001","0.0","48907","52.12","L","3","56491.63","20","CARTAGENA DE INDIAS","0.0","2022-03-31T00:00:00.000","C","-0.270","0.0","-15192.24","220.0","BOLÍVAR","SOLING DEL SINU S.A.S. E.S.P.","2022-04-08T00:00:00.000","0.0","2022","0.0","0.0","ISLA FUERTE","R","N","41299.39","0.0","ISLA FUERTE","P","1","363619998758192208363619998","223722091223722091223722091","R"
"1300100700001","0.0","48907","16.99","L","3","18416.52","20","CARTAGENA DE INDIAS","0.0","2022-03-31T00:00:00.000","O","-0.390","0.0","-7102.4","220.0","BOLÍVAR","SOLING DEL SINU S.A.S. E.S.P.","2022-04-08T00:00:00.000","0.0","2022","0.0","0.0","ISLA FUERTE","R","N","11314.12","0.0","ISLA FUERTE","P","1","25043592786076818250435927","520604099520604099520604099","R"
"1300100700001","0.0","48907","27.65","L","3","29965.86","20","CARTAGENA DE INDIAS","0.0","2022-03-31T00:00:00.000","1","-0.750","0.0","-22602.09",,"BOLÍVAR","SOLING DEL SINU S.A.S. E.S.P.","2022-04-08T00:00:00.000","0.0","2022","0.0","0.0","ISLA FUERTE","R","N","7363.77","0.0","ISLA FUERTE","P","1","310775760792090055310775760","649248166649248166649248166","R"
"1300100700001","0.0","48907","24.48","L","3","26532.27","20","CARTAGENA DE INDIAS","0.0","2022-03-31T00:00:00.000","1","-0.750","0.0","-20012.27",,"BOLÍVAR","SOLING DEL SINU S.A.S. E.S.P.","2022-04-08T00:00:00.000","0.0","2022","0.0","0.0","ISLA FUERTE","R","N","6520","0.0","ISLA FUERTE","P","1","798292038162124132798292038","776575007776575007776575007","R"
"1300100700001","0.0","48907","14.45","L","3","15659.24","20","CARTAGENA DE INDIAS","0.0","2022-03-31T00:00:00.000","1","-0.750","0.0","-11811.16",,"BOLÍVAR","SOLING DEL SINU S.A.S. E.S.P.","2022-04-08T00:00:00.000","0.0","2022","0.0","0.0","ISLA FUERTE","R","N","3848.08","0.0","ISLA FUERTE","P","1","344920507400511688344920507","102214699102214699102214699","R"
"1300100700001","0.0","48907","75.17","L","3","81469.69","20","CARTAGENA DE INDIAS","0.0","2022-03-31T00:00:00.000","1","-0.750","0.0","-61449.44",,"BOLÍVAR","SOLING DEL SINU S.A.S. E.S.P.","2022-04-08T00:00:00.000","0.0","2022","0.0","0.0","ISLA FUERTE","R","N","20020.25","0.0","ISLA FUERTE","P","1","861662611725774019861662611","156749352156749352156749352","R"
"1300100700001","0.0","48907","0.0","L","3","0","20","CARTAGENA DE INDIAS","0.0","2022-03-31T00:00:00.000","1","-0.750","0.0","0",,"BOLÍVAR","SOLING DEL SINU S.A.S. E.S.P.","2022-04-08T00:00:00.000","0.0","2022","0.0","0.0","ISLA FUERTE","R","N","0","0.0","ISLA FUERTE","P","1","1150511477114652611505114","998500387998500387998500387","R"
"1300100700001","0.0","48907","0.0","L","3","0","20","CARTAGENA DE INDIAS","0.0","2022-03-31T00:00:00.000","1","-0.750","0.0","0",,"BOLÍVAR","SOLING DEL SINU S.A.S. E.S.P.","2022-04-08T00:00:00.000","0.0","2022","0.0","0.0","ISLA FUERTE","R","N","0","0.0","ISLA FUERTE","P","1","3389613961093110533896139","283275284283275284283275284","R"
"1300100700001","0.0","48907","13.1","L","3","14202.57","20","CARTAGENA DE INDIAS","0.0","2022-03-31T00:00:00.000","1","-0.750","0.0","-10712.45",,"BOLÍVAR","SOLING DEL SINU S.A.S. E.S.P.","2022-04-08T00:00:00.000","0.0","2022","0.0","0.0","ISLA FUERTE","R","N","3490.12","0.0","ISLA FUERTE","P","1","548276119235850498548276119","811140369811140369811140369","R"
"1300100700001","0.0","48907","17.14","L","3","18572.59","20","CARTAGENA DE INDIAS","0.0","2022-03-31T00:00:00.000","1","-0.750","0.0","-14008.59",,"BOLÍVAR","SOLING DEL SINU S.A.S. E.S.P.","2022-04-08T00:00:00.000","0.0","2022","0.0","0.0","ISLA FUERTE","R","N","4564","0.0","ISLA FUERTE","P","1","9358838621737061493588386","460606436460606436460606436","R"
"1300100700001","0.0","48907","31.97","L","3","34648.03","20","CARTAGENA DE INDIAS","0.0","2022-03-31T00:00:00.000","1","-0.750","0.0","-26133.67",,"BOLÍVAR","SOLING DEL SINU S.A.S. E.S.P.","2022-04-08T00:00:00.000","0.0","2022","0.0","0.0","ISLA FUERTE","R","N","8514.36","0.0","ISLA FUERTE","P","1","7982844132920649079828441","121247651121247651121247651","R"
"1300100700001","0.0","48907","4.9","L","3","5306.45","20","CARTAGENA DE INDIAS","0.0","2022-03-31T00:00:00.000","1","-0.750","0.0","-4002.45",,"BOLÍVAR","SOLING DEL SINU S.A.S. E.S.P.","2022-04-08T00:00:00.000","0.0","2022","0.0","0.0","ISLA FUERTE","R","N","1304","0.0","ISLA FUERTE","P","1","482033421267565866482033421","136369317136369317136369317","R"
"1300100700001","0.0","48907","8.78","L","3","9520.4","20","CARTAGENA DE INDIAS","0.0","2022-03-31T00:00:00.000","1","-0.750","0.0","-7180.87",,"BOLÍVAR","SOLING DEL SINU S.A.S. E.S.P.","2022-04-08T00:00:00.000","0.0","2022","0.0","0.0","ISLA FUERTE","R","N","2339.53","0.0","ISLA FUERTE","P","1","820684702938058245820684702","364426453644264536442645","R"
"1300100700001","0.0","48907","18.86","L","3","20445.46","20","CARTAGENA DE INDIAS","0.0","2022-03-31T00:00:00.000","1","-0.750","0.0","-15421.22",,"BOLÍVAR","SOLING DEL SINU S.A.S. E.S.P.","2022-04-08T00:00:00.000","0.0","2022","0.0","0.0","ISLA FUERTE","R","N","5024.24","0.0","ISLA FUERTE","P","1","291261645694589689291261645","130354872130354872130354872","R"
"1300100700001","0.0","48907","11.38","L","3","12329.7","20","CARTAGENA DE INDIAS","0.0","2022-03-31T00:00:00.000","1","-0.750","0.0","-9299.82",,"BOLÍVAR","SOLING DEL SINU S.A.S. E.S.P.","2022-04-08T00:00:00.000","0.0","2022","0.0","0.0","ISLA FUERTE","R","N","3029.88","0.0","ISLA FUERTE","P","1","7942243460598701479422434","544921847544921847544921847","R"
"1300100700001","0.0","48907","14.69","L","3","15919.36","20","CARTAGENA DE INDIAS","0.0","2022-03-31T00:00:00.000","1","-0.750","0.0","-12007.36",,"BOLÍVAR","SOLING DEL SINU S.A.S. E.S.P.","2022-04-08T00:00:00.000","0.0","2022","0.0","0.0","ISLA FUERTE","R","N","3912","0.0","ISLA FUERTE","P","1","131149714542321202131149714","220352536220352536220352536","R"
"1300100700001","0.0","48907","6.19","L","3","6711.1","20","CARTAGENA DE INDIAS","0.0","2022-03-31T00:00:00.000","1","-0.750","0.0","-5061.93",,"BOLÍVAR","SOLING DEL SINU S.A.S. E.S.P.","2022-04-08T00:00:00.000","0.0","2022","0.0","0.0","ISLA FUERTE","R","N","1649.17","0.0","ISLA FUERTE","P","1","258020539777451965258020539","211172802111728021117280","R"
"1300100700001","0.0","48907","15.41","L","3","16699.72","20","CARTAGENA DE INDIAS","0.0","2022-03-31T00:00:00.000","1","-0.750","0.0","-12595.96",,"BOLÍVAR","SOLING DEL SINU S.A.S. E.S.P.","2022-04-08T00:00:00.000","0.0","2022","0.0","0.0","ISLA FUERTE","R","N","4103.76","0.0","ISLA FUERTE","P","1","548187224926731843548187224","872239523872239523872239523","R"
"1300100700001","0.0","48907","48.44","L","3","52498.78","20","CARTAGENA DE INDIAS","0.0","2022-03-31T00:00:00.000","1","-0.750","0.0","-39597.81",,"BOLÍVAR","SOLING DEL SINU S.A.S. E.S.P.","2022-04-08T00:00:00.000","0.0","2022","0.0","0.0","ISLA FUERTE","R","N","12900.97","0.0","ISLA FUERTE","P","1","598222535474699234598222535","766470037766470037766470037","R"
"1300100700001","0.0","48907","14.62","L","3","15841.33","20","CARTAGENA DE INDIAS","0.0","2022-03-31T00:00:00.000","1","-0.750","0.0","-11948.5",,"BOLÍVAR","SOLING DEL SINU S.A.S. E.S.P.","2022-04-08T00:00:00.000","0.0","2022","0.0","0.0","ISLA FUERTE","R","N","3892.83","0.0","ISLA FUERTE","P","1","410882223239409843410882223","857281607857281607857281607","R"
"1300100700001","0.0","48907","24.62","L","3","26688.35","20","CARTAGENA DE INDIAS","0.0","2022-03-31T00:00:00.000","1","-0.750","0.0","-20129.99",,"BOLÍVAR","SOLING DEL SINU S.A.S. E.S.P.","2022-04-08T00:00:00.000","0.0","2022","0.0","0.0","ISLA FUERTE","R","N","6558.36","0.0","ISLA FUERTE","P","1","62441358897970764624413588","616106776161067761610677","R"
"1300100700001","0.0","48907","8.06","L","3","8740.04","20","CARTAGENA DE INDIAS","0.0","2022-03-31T00:00:00.000","1","-0.750","0.0","-6592.28",,"BOLÍVAR","SOLING DEL SINU S.A.S. E.S.P.","2022-04-08T00:00:00.000","0.0","2022","0.0","0.0","ISLA FUERTE","R","N","2147.76","0.0","ISLA FUERTE","P","1","175028085236935652175028085","379869279379869279379869279","R"
"1300100700001","0.0","48907","20.98","L","3","22734.52","20","CARTAGENA DE INDIAS","0.0","2022-03-31T00:00:00.000","1","-0.750","0.0","-17147.77",,"BOLÍVAR","SOLING DEL SINU S.A.S. E.S.P.","2022-04-08T00:00:00.000","0.0","2022","0.0","0.0","ISLA FUERTE","R","N","5586.75","0.0","ISLA FUERTE","P","1","659447982729400927659447982","341948405341948405341948405","R"
"1300100700001","0.0","48907","7.1","L","3","7699.56","20","CARTAGENA DE INDIAS","0.0","2022-03-31T00:00:00.000","1","-0.750","0.0","-5807.48",,"BOLÍVAR","SOLING DEL SINU S.A.S. E.S.P.","2022-04-08T00:00:00.000","0.0","2022","0.0","0.0","ISLA FUERTE","R","N","1892.08","0.0","ISLA FUERTE","P","1","6704842773949427967048427","775833922775833922775833922","R"
"1300100700001","0.0","48907","11.95","L","3","12953.99","20","CARTAGENA DE INDIAS","0.0","2022-03-31T00:00:00.000","1","-0.750","0.0","-9770.7",,"BOLÍVAR","SOLING DEL SINU S.A.S. E.S.P.","2022-04-08T00:00:00.000","0.0","2022","0.0","0.0","ISLA FUERTE","R","N","3183.29","0.0","ISLA FUERTE","P","1","589602341150023651589602341","573917200573917200573917200","R"
"1300100700001","0.0","48907","4.32","L","3","4682.17","20","CARTAGENA DE INDIAS","0.0","2022-03-31T00:00:00.000","1","-0.750","0.0","-3531.58",,"BOLÍVAR","SOLING DEL SINU S.A.S. E.S.P.","2022-04-08T00:00:00.000","0.0","2022","0.0","0.0","ISLA FUERTE","R","N","1150.59","0.0","ISLA FUERTE","P","1","561167623197798694561167623","528688397528688397528688397","R"
"1300100700001","0.0","48907","7.9","L","3","8557.96","20","CARTAGENA DE INDIAS","0.0","2022-03-31T00:00:00.000","1","-0.750","0.0","-6454.94",,"BOLÍVAR","SOLING DEL SINU S.A.S. E.S.P.","2022-04-08T00:00:00.000","0.0","2022","0.0","0.0","ISLA FUERTE","R","N","2103.02","0.0","ISLA FUERTE","P","1","38306611595587503830661","761550194761550194761550194","R"
"1300100700001","0.0","48907","10.51","L","3","11393.27","20","CARTAGENA DE INDIAS","0.0","2022-03-31T00:00:00.000","1","-0.750","0.0","-8593.5",,"BOLÍVAR","SOLING DEL SINU S.A.S. E.S.P.","2022-04-08T00:00:00.000","0.0","2022","0.0","0.0","ISLA FUERTE","R","N","2799.77","0.0","ISLA FUERTE","P","1","726158902885549404726158902","934697892934697892934697892","R"
"1300100700001","0.0","48907","5.9","L","3","6398.96","20","CARTAGENA DE INDIAS","0.0","2022-03-31T00:00:00.000","1","-0.750","0.0","-4826.49",,"BOLÍVAR","SOLING DEL SINU S.A.S. E.S.P.","2022-04-08T00:00:00.000","0.0","2022","0.0","0.0","ISLA FUERTE","R","N","1572.47","0.0","ISLA FUERTE","P","1","387930665852317782387930665","161904803161904803161904803","R"
"1300100700001","0.0","48907","7.34","L","3","7959.68","20","CARTAGENA DE INDIAS","0.0","2022-03-31T00:00:00.000","1","-0.750","0.0","-6003.68",,"BOLÍVAR","SOLING DEL SINU S.A.S. E.S.P.","2022-04-08T00:00:00.000","0.0","2022","0.0","0.0","ISLA FUERTE","R","N","1956","0.0","ISLA FUERTE","P","1","964947823555109202964947823","260794842607948426079484","R"
"1300100700001","0.0","48907","17.86","L","3","19352.95","20","CARTAGENA DE INDIAS","0.0","2022-03-31T00:00:00.000","1","-0.750","0.0","-14597.19",,"BOLÍVAR","SOLING DEL SINU S.A.S. E.S.P.","2022-04-08T00:00:00.000","0.0","2022","0.0","0.0","ISLA FUERTE","R","N","4755.76","0.0","ISLA FUERTE","P","1","587940587225678413587940587","876031463876031463876031463","R"
"1300100700001","0.0","48907","0.0","L","3","0","20","CARTAGENA DE INDIAS","0.0","2022-03-31T00:00:00.000","1","-0.750","0.0","0",,"BOLÍVAR","SOLING DEL SINU S.A.S. E.S.P.","2022-04-08T00:00:00.000","0.0","2022","0.0","0.0","ISLA FUERTE","R","N","0","0.0","ISLA FUERTE","P","1","944126302527974753944126302","801974880801974880801974880","R"
"1300100700001","0.0","48907","0.0","L","3","0","20","CARTAGENA DE INDIAS","0.0","2022-03-31T00:00:00.000","1","-0.750","0.0","0",,"BOLÍVAR","SOLING DEL SINU S.A.S. E.S.P.","2022-04-08T00:00:00.000","0.0","2022","0.0","0.0","ISLA FUERTE","R","N","0","0.0","ISLA FUERTE","P","1","706295099933049429706295099","156408015156408015156408015","R"
"1300100700001","0.0","48907","12.57","L","3","13619.9","20","CARTAGENA DE INDIAS","0.0","2022-03-31T00:00:00.000","1","-0.750","0.0","-10272.97",,"BOLÍVAR","SOLING DEL SINU S.A.S. E.S.P.","2022-04-08T00:00:00.000","0.0","2022","0.0","0.0","ISLA FUERTE","R","N","3346.93","0.0","ISLA FUERTE","P","1","320534609698221469320534609","318197185318197185318197185","R"
"1300100700001","0.0","48907","48.42","L","3","52481.88","20","CARTAGENA DE INDIAS","0.0","2022-03-31T00:00:00.000","1","-0.750","0.0","-39585.06",,"BOLÍVAR","SOLING DEL SINU S.A.S. E.S.P.","2022-04-08T00:00:00.000","0.0","2022","0.0","0.0","ISLA FUERTE","R","N","12896.82","0.0","ISLA FUERTE","P","1","499906717655091480499906717","278112330278112330278112330","R"
"1300100700001","0.0","48907","15.12","L","3","16387.58","20","CARTAGENA DE INDIAS","0.0","2022-03-31T00:00:00.000","1","-0.750","0.0","-12360.52",,"BOLÍVAR","SOLING DEL SINU S.A.S. E.S.P.","2022-04-08T00:00:00.000","0.0","2022","0.0","0.0","ISLA FUERTE","R","N","4027.06","0.0","ISLA FUERTE","P","1","456390409125329181456390409","573390525573390525573390525","R"
"1300100700001","0.0","48907","23.33","L","3","25283.7","20","CARTAGENA DE INDIAS","0.0","2022-03-31T00:00:00.000","1","-0.750","0.0","-19070.52",,"BOLÍVAR","SOLING DEL SINU S.A.S. E.S.P.","2022-04-08T00:00:00.000","0.0","2022","0.0","0.0","ISLA FUERTE","R","N","6213.18","0.0","ISLA FUERTE","P","1","180884947781394357180884947","356005344356005344356005344","R"
"1300100700001","0.0","48907","12.82","L","3","13890.43","20","CARTAGENA DE INDIAS","0.0","2022-03-31T00:00:00.000","1","-0.750","0.0","-10477.01",,"BOLÍVAR","SOLING DEL SINU S.A.S. E.S.P.","2022-04-08T00:00:00.000","0.0","2022","0.0","0.0","ISLA FUERTE","R","N","3413.42","0.0","ISLA FUERTE","P","1","662584687425462878662584687","190570107190570107190570107","R"
"1300100700001","0.0","48907","0.0","L","3","0","20","CARTAGENA DE INDIAS","0.0","2022-03-31T00:00:00.000","1","-0.750","0.0","0",,"BOLÍVAR","SOLING DEL SINU S.A.S. E.S.P.","2022-04-08T00:00:00.000","0.0","2022","0.0","0.0","ISLA FUERTE","R","N","0","0.0","ISLA FUERTE","P","1","185521547158471589185521547","364006839364006839364006839","R"
"1300100700001","0.0","48907","21.02","L","3","22786.54","20","CARTAGENA DE INDIAS","0.0","2022-03-31T00:00:00.000","1","-0.750","0.0","-17187.01",,"BOLÍVAR","SOLING DEL SINU S.A.S. E.S.P.","2022-04-08T00:00:00.000","0.0","2022","0.0","0.0","ISLA FUERTE","R","N","5599.53","0.0","ISLA FUERTE","P","1","627766995385347854627766995","406706775406706775406706775","R"
"1300100700001","0.0","48907","14.54","L","3","15763.29","20","CARTAGENA DE INDIAS","0.0","2022-03-31T00:00:00.000","1","-0.750","0.0","-11889.64",,"BOLÍVAR","SOLING DEL SINU S.A.S. E.S.P.","2022-04-08T00:00:00.000","0.0","2022","0.0","0.0","ISLA FUERTE","R","N","3873.65","0.0","ISLA FUERTE","P","1","388862821955760332388862821","539720045397200453972004","R"
"1300100700001","0.0","48907","0.0","L","3","0","20","CARTAGENA DE INDIAS","0.0","2022-03-31T00:00:00.000","1","-0.750","0.0","0",,"BOLÍVAR","SOLING DEL SINU S.A.S. E.S.P.","2022-04-08T00:00:00.000","0.0","2022","0.0","0.0","ISLA FUERTE","R","N","0","0.0","ISLA FUERTE","P","1","909117067985205472909117067","416762684167626841676268","R"
"1300100700001","0.0","48907","0.0","L","3","0","20","CARTAGENA DE INDIAS","0.0","2022-03-31T00:00:00.000","1","-0.750","0.0","0",,"BOLÍVAR","SOLING DEL SINU S.A.S. E.S.P.","2022-04-08T00:00:00.000","0.0","2022","0.0","0.0","ISLA FUERTE","R","N","0","0.0","ISLA FUERTE","P","1","506019464792466510506019464","294801837294801837294801837","R"
"1300100700001","0.0","48907","16.42","L","3","17792.23","20","CARTAGENA DE INDIAS","0.0","2022-03-31T00:00:00.000","1","-0.750","0.0","-13419.99",,"BOLÍVAR","SOLING DEL SINU S.A.S. E.S.P.","2022-04-08T00:00:00.000","0.0","2022","0.0","0.0","ISLA FUERTE","R","N","4372.24","0.0","ISLA FUERTE","P","1","545955664225052821545955664","842370517842370517842370517","R"
"1300100700001","0.0","48907","0.0","L","3","0","20","CARTAGENA DE INDIAS","0.0","2022-03-31T00:00:00.000","1","-0.750","0.0","0",,"BOLÍVAR","SOLING DEL SINU S.A.S. E.S.P.","2022-04-08T00:00:00.000","0.0","2022","0.0","0.0","ISLA FUERTE","R","N","0","0.0","ISLA FUERTE","P","1","7399415124010935173994151","445970002445970002445970002","R"
"1300100700001","0.0","48907","0.0","L","3","0","20","CARTAGENA DE INDIAS","0.0","2022-03-31T00:00:00.000","1","-0.750","0.0","0",,"BOLÍVAR","SOLING DEL SINU S.A.S. E.S.P.","2022-04-08T00:00:00.000","0.0","2022","0.0","0.0","ISLA FUERTE","R","N","0","0.0","ISLA FUERTE","P","1","315620544238474429315620544","989693236989693236989693236","R"
"1300100700001","0.0","48907","0.0","L","3","0","20","CARTAGENA DE INDIAS","0.0","2022-03-31T00:00:00.000","1","-0.750","0.0","0",,"BOLÍVAR","SOLING DEL SINU S.A.S. E.S.P.","2022-04-08T00:00:00.000","0.0","2022","0.0","0.0","ISLA FUERTE","R","N","0","0.0","ISLA FUERTE","P","1","218038832613697478218038832","271935712719357127193571","R"
"1300100700001","0.0","48907","0.0","L","3","0","20","CARTAGENA DE INDIAS","0.0","2022-03-31T00:00:00.000","1","-0.750","0.0","0",,"BOLÍVAR","SOLING DEL SINU S.A.S. E.S.P.","2022-04-08T00:00:00.000","0.0","2022","0.0","0.0","ISLA FUERTE","R","N","0","0.0","ISLA FUERTE","P","1","347766145140576566347766145","891494729891494729891494729","R"
"1300100700001","0.0","48907","0.0","L","3","0","20","CARTAGENA DE INDIAS","0.0","2022-03-31T00:00:00.000","1","-0.750","0.0","0",,"BOLÍVAR","SOLING DEL SINU S.A.S. E.S.P.","2022-04-08T00:00:00.000","0.0","2022","0.0","0.0","ISLA FUERTE","R","N","0","0.0","ISLA FUERTE","P","1","283528561484088490283528561","592573972592573972592573972","R"
"1300100700001","0.0","48907","0.0","L","3","0","20","CARTAGENA DE INDIAS","0.0","2022-03-31T00:00:00.000","1","-0.750","0.0","0",,"BOLÍVAR","SOLING DEL SINU S.A.S. E.S.P.","2022-04-08T00:00:00.000","0.0","2022","0.0","0.0","ISLA FUERTE","R","N","0","0.0","ISLA FUERTE","P","1","354073989337400516354073989","392510682392510682392510682","R"
"1300100700001","0.0","48907","0.0","L","3","0","20","CARTAGENA DE INDIAS","0.0","2022-03-31T00:00:00.000","1","-0.750","0.0","0",,"BOLÍVAR","SOLING DEL SINU S.A.S. E.S.P.","2022-04-08T00:00:00.000","0.0","2022","0.0","0.0","ISLA FUERTE","R","N","0","0.0","ISLA FUERTE","P","1","582646917627802306582646917","244076562244076562244076562","R"
"1300100700001","0.0","48907","0.0","L","3","0","20","CARTAGENA DE INDIAS","0.0","2022-03-31T00:00:00.000","1","-0.750","0.0","0",,"BOLÍVAR","SOLING DEL SINU S.A.S. E.S.P.","2022-04-08T00:00:00.000","0.0","2022","0.0","0.0","ISLA FUERTE","R","N","0","0.0","ISLA FUERTE","P","1","9533209422119698895332094","602725056027250560272505","R"
"1300100700001","0.0","48907","0.0","L","3","0","20","CARTAGENA DE INDIAS","0.0","2022-03-31T00:00:00.000","1","-0.750","0.0","0",,"BOLÍVAR","SOLING DEL SINU S.A.S. E.S.P.","2022-04-08T00:00:00.000","0.0","2022","0.0","0.0","ISLA FUERTE","R","N","0","0.0","ISLA FUERTE","P","1","177662726488917154177662726","460147624460147624460147624","R"
"1300100700001","0.0","48907","0.0","L","3","0","20","CARTAGENA DE INDIAS","0.0","2022-03-31T00:00:00.000","C","-0.270","0.0","0","220.0","BOLÍVAR","SOLING DEL SINU S.A.S. E.S.P.","2022-04-08T00:00:00.000","0.0","2022","0.0","0.0","ISLA FUERTE","R","N","0","0.0","ISLA FUERTE","P","1","128649608532602025128649608","862117651862117651862117651","R"
"1300100700001","0.0","48907","14.83","L","3","16075.44","20","CARTAGENA DE INDIAS","0.0","2022-03-31T00:00:00.000","C","-0.270","0.0","-4323.15","220.0","BOLÍVAR","SOLING DEL SINU S.A.S. E.S.P.","2022-04-08T00:00:00.000","0.0","2022","0.0","0.0","ISLA FUERTE","R","N","11752.29","0.0","ISLA FUERTE","P","1","67810437530425352678104375","784976238784976238784976238","R"
"1300100700001","0.0","48907","0.0","L","3","0","20","CARTAGENA DE INDIAS","0.0","2022-03-31T00:00:00.000","C","-0.270","0.0","0","220.0","BOLÍVAR","SOLING DEL SINU S.A.S. E.S.P.","2022-04-08T00:00:00.000","0.0","2022","0.0","0.0","ISLA FUERTE","R","N","0","0.0","ISLA FUERTE","P","1","43158889075953466431588890","281504272815042728150427","R"
"1300100700001","0.0","48907","68.84","L","3","74616.17","20","CARTAGENA DE INDIAS","0.0","2022-03-31T00:00:00.000","C","-0.270","0.0","-20066.46","220.0","BOLÍVAR","SOLING DEL SINU S.A.S. E.S.P.","2022-04-08T00:00:00.000","0.0","2022","0.0","0.0","ISLA FUERTE","R","N","54549.71","0.0","ISLA FUERTE","P","1","599107352990858433599107352","310270768310270768310270768","R"
"1300100700001","0.0","48907","0.0","L","3","0","20","CARTAGENA DE INDIAS","0.0","2022-03-31T00:00:00.000","C","-0.270","0.0","0","220.0","BOLÍVAR","SOLING DEL SINU S.A.S. E.S.P.","2022-04-08T00:00:00.000","0.0","2022","0.0","0.0","ISLA FUERTE","R","N","0","0.0","ISLA FUERTE","P","1","21102277090929186211022770","540440795404407954044079","R"
"1300100700001","0.0","48907","26.06","L","3","28249.07","20","CARTAGENA DE INDIAS","0.0","2022-03-31T00:00:00.000","C","-0.270","0.0","-7597","220.0","BOLÍVAR","SOLING DEL SINU S.A.S. E.S.P.","2022-04-08T00:00:00.000","0.0","2022","0.0","0.0","ISLA FUERTE","R","N","20652.07","0.0","ISLA FUERTE","P","1","872132713203217492872132713","245633101245633101245633101","R"
"1300100700001","0.0","48907","0.0","L","3","0","20","CARTAGENA DE INDIAS","0.0","2022-03-31T00:00:00.000","C","-0.270","0.0","0","220.0","BOLÍVAR","SOLING DEL SINU S.A.S. E.S.P.","2022-04-08T00:00:00.000","0.0","2022","0.0","0.0","ISLA FUERTE","R","N","0","0.0","ISLA FUERTE","P","1","757372641312882453757372641","569813110569813110569813110","R"
"1300100700001","0.0","48907","8.5","L","3","9208.26","20","CARTAGENA DE INDIAS","0.0","2022-03-31T00:00:00.000","C","-0.270","0.0","-2476.37","220.0","BOLÍVAR","SOLING DEL SINU S.A.S. E.S.P.","2022-04-08T00:00:00.000","0.0","2022","0.0","0.0","ISLA FUERTE","R","N","6731.89","0.0","ISLA FUERTE","P","1","24096374672712852240963746","680784151680784151680784151","R"
"1300100700001","0.0","48907","12.88","L","3","13955.46","20","CARTAGENA DE INDIAS","0.0","2022-03-31T00:00:00.000","C","-0.270","0.0","-3753.03","220.0","BOLÍVAR","SOLING DEL SINU S.A.S. E.S.P.","2022-04-08T00:00:00.000","0.0","2022","0.0","0.0","ISLA FUERTE","R","N","10202.43","0.0","ISLA FUERTE","P","1","848818310872740632848818310","690469253690469253690469253","R"
"1300100700001","0.0","48907","22.32","L","3","24191.19","20","CARTAGENA DE INDIAS","0.0","2022-03-31T00:00:00.000","O","-0.390","0.0","-9329.42","220.0","BOLÍVAR","SOLING DEL SINU S.A.S. E.S.P.","2022-04-08T00:00:00.000","0.0","2022","0.0","0.0","ISLA FUERTE","R","N","14861.77","0.0","ISLA FUERTE","P","1","132143088268757344132143088","116194857116194857116194857","R"
"1300100700001","0.0","48907","7.78","L","3","8427.9","20","CARTAGENA DE INDIAS","0.0","2022-03-31T00:00:00.000","1","-0.750","0.0","-6356.84",,"BOLÍVAR","SOLING DEL SINU S.A.S. E.S.P.","2022-04-08T00:00:00.000","0.0","2022","0.0","0.0","ISLA FUERTE","R","N","2071.06","0.0","ISLA FUERTE","P","1","1213001120950559112130011","736916027369160273691602","R"
"1300100700001","0.0","48907","18.86","L","3","20445.46","20","CARTAGENA DE INDIAS","0.0","2022-03-31T00:00:00.000","1","-0.750","0.0","-15421.22",,"BOLÍVAR","SOLING DEL SINU S.A.S. E.S.P.","2022-04-08T00:00:00.000","0.0","2022","0.0","0.0","ISLA FUERTE","R","N","5024.24","0.0","ISLA FUERTE","P","1","71996265151228078719962651","734394506734394506734394506","R"
"1300100700001","0.0","48907","11.66","L","3","12641.85","20","CARTAGENA DE INDIAS","0.0","2022-03-31T00:00:00.000","1","-0.750","0.0","-9535.26",,"BOLÍVAR","SOLING DEL SINU S.A.S. E.S.P.","2022-04-08T00:00:00.000","0.0","2022","0.0","0.0","ISLA FUERTE","R","N","3106.59","0.0","ISLA FUERTE","P","1","137417578415879191137417578","552740551552740551552740551","R"
"1300100700001","0.0","48907","30.1","L","3","32619.09","20","CARTAGENA DE INDIAS","0.0","2022-03-31T00:00:00.000","1","-0.750","0.0","-24603.32",,"BOLÍVAR","SOLING DEL SINU S.A.S. E.S.P.","2022-04-08T00:00:00.000","0.0","2022","0.0","0.0","ISLA FUERTE","R","N","8015.77","0.0","ISLA FUERTE","P","1","88864819960236902888648199","425640098425640098425640098","R"
"1300100700001","0.0","48907","17.57","L","3","19040.81","20","CARTAGENA DE INDIAS","0.0","2022-03-31T00:00:00.000","1","-0.750","0.0","-14361.75",,"BOLÍVAR","SOLING DEL SINU S.A.S. E.S.P.","2022-04-08T00:00:00.000","0.0","2022","0.0","0.0","ISLA FUERTE","R","N","4679.06","0.0","ISLA FUERTE","P","1","1227901165115433812279011","151529859151529859151529859","R"
"1300100700001","0.0","48907","19.66","L","3","21303.85","20","CARTAGENA DE INDIAS","0.0","2022-03-31T00:00:00.000","1","-0.750","0.0","-16068.68",,"BOLÍVAR","SOLING DEL SINU S.A.S. E.S.P.","2022-04-08T00:00:00.000","0.0","2022","0.0","0.0","ISLA FUERTE","R","N","5235.17","0.0","ISLA FUERTE","P","1","909657867245031898909657867","378639393786393937863939","R"
"1300100700001","0.0","48907","13.44","L","3","14566.74","20","CARTAGENA DE INDIAS","0.0","2022-03-31T00:00:00.000","1","-0.750","0.0","-10987.13",,"BOLÍVAR","SOLING DEL SINU S.A.S. E.S.P.","2022-04-08T00:00:00.000","0.0","2022","0.0","0.0","ISLA FUERTE","R","N","3579.61","0.0","ISLA FUERTE","P","1","446416193698382146446416193","251257244251257244251257244","R"
"1300100700001","0.0","48907","11.81","L","3","12797.92","20","CARTAGENA DE INDIAS","0.0","2022-03-31T00:00:00.000","1","-0.750","0.0","-9652.98",,"BOLÍVAR","SOLING DEL SINU S.A.S. E.S.P.","2022-04-08T00:00:00.000","0.0","2022","0.0","0.0","ISLA FUERTE","R","N","3144.94","0.0","ISLA FUERTE","P","1","749935277306199067749935277","250188348250188348250188348","R"
"1300100700001","0.0","48907","15.55","L","3","16855.8","20","CARTAGENA DE INDIAS","0.0","2022-03-31T00:00:00.000","1","-0.750","0.0","-12713.68",,"BOLÍVAR","SOLING DEL SINU S.A.S. E.S.P.","2022-04-08T00:00:00.000","0.0","2022","0.0","0.0","ISLA FUERTE","R","N","4142.12","0.0","ISLA FUERTE","P","1","2895942229125216728959422","478475106478475106478475106","R"
"1300100700001","0.0","48907","22.75","L","3","24659.41","20","CARTAGENA DE INDIAS","0.0","2022-03-31T00:00:00.000","1","-0.750","0.0","-18599.64",,"BOLÍVAR","SOLING DEL SINU S.A.S. E.S.P.","2022-04-08T00:00:00.000","0.0","2022","0.0","0.0","ISLA FUERTE","R","N","6059.77","0.0","ISLA FUERTE","P","1","71608608731240017160860","439835813439835813439835813","R"
"1300100700001","0.0","48907","10.61","L","3","11497.32","20","CARTAGENA DE INDIAS","0.0","2022-03-31T00:00:00.000","1","-0.750","0.0","-8671.98",,"BOLÍVAR","SOLING DEL SINU S.A.S. E.S.P.","2022-04-08T00:00:00.000","0.0","2022","0.0","0.0","ISLA FUERTE","R","N","2825.34","0.0","ISLA FUERTE","P","1","587840371261740016587840371","566064458566064458566064458","R"
"1300100700001","0.0","48907","11.66","L","3","12641.85","20","CARTAGENA DE INDIAS","0.0","2022-03-31T00:00:00.000","1","-0.750","0.0","-9535.26",,"BOLÍVAR","SOLING DEL SINU S.A.S. E.S.P.","2022-04-08T00:00:00.000","0.0","2022","0.0","0.0","ISLA FUERTE","R","N","3106.59","0.0","ISLA FUERTE","P","1","8505708353983230850570835","766630727666307276663072","R"
"1300100700001","0.0","48907","16.99","L","3","18416.52","20","CARTAGENA DE INDIAS","0.0","2022-03-31T00:00:00.000","1","-0.750","0.0","-13890.87",,"BOLÍVAR","SOLING DEL SINU S.A.S. E.S.P.","2022-04-08T00:00:00.000","0.0","2022","0.0","0.0","ISLA FUERTE","R","N","4525.65","0.0","ISLA FUERTE","P","1","19779096845443525197790968","571329588571329588571329588","R"
"1300100700001","0.0","48907","0.0","L","3","0","20","CARTAGENA DE INDIAS","0.0","2022-03-31T00:00:00.000","1","-0.750","0.0","0",,"BOLÍVAR","SOLING DEL SINU S.A.S. E.S.P.","2022-04-08T00:00:00.000","0.0","2022","0.0","0.0","ISLA FUERTE","R","N","0","0.0","ISLA FUERTE","P","1","374692914717368778374692914","727228530727228530727228530","R"
"1300100700001","0.0","48907","11.38","L","3","12329.7","20","CARTAGENA DE INDIAS","0.0","2022-03-31T00:00:00.000","1","-0.750","0.0","-9299.82",,"BOLÍVAR","SOLING DEL SINU S.A.S. E.S.P.","2022-04-08T00:00:00.000","0.0","2022","0.0","0.0","ISLA FUERTE","R","N","3029.88","0.0","ISLA FUERTE","P","1","5462681417230052254626814","170271417170271417170271417","R"
"1300100700001","0.0","48907","17.36","L","3","18811.9","20","CARTAGENA DE INDIAS","0.0","2022-03-31T00:00:00.000","1","-0.750","0.0","-14189.09",,"BOLÍVAR","SOLING DEL SINU S.A.S. E.S.P.","2022-04-08T00:00:00.000","0.0","2022","0.0","0.0","ISLA FUERTE","R","N","4622.81","0.0","ISLA FUERTE","P","1","415337502443404882415337502","699383686699383686699383686","R"
"1300100700001","0.0","48907","15.41","L","3","16699.72","20","CARTAGENA DE INDIAS","0.0","2022-03-31T00:00:00.000","1","-0.750","0.0","-12595.96",,"BOLÍVAR","SOLING DEL SINU S.A.S. E.S.P.","2022-04-08T00:00:00.000","0.0","2022","0.0","0.0","ISLA FUERTE","R","N","4103.76","0.0","ISLA FUERTE","P","1","759110698678887453759110698","190046125190046125190046125","R"
"1300100700001","0.0","48907","11.81","L","3","12797.92","20","CARTAGENA DE INDIAS","0.0","2022-03-31T00:00:00.000","1","-0.750","0.0","-9652.98",,"BOLÍVAR","SOLING DEL SINU S.A.S. E.S.P.","2022-04-08T00:00:00.000","0.0","2022","0.0","0.0","ISLA FUERTE","R","N","3144.94","0.0","ISLA FUERTE","P","1","512132931873746233512132931","265363792653637926536379","R"
"1300100700001","0.0","48907","15.12","L","3","16387.58","20","CARTAGENA DE INDIAS","0.0","2022-03-31T00:00:00.000","1","-0.750","0.0","-12360.52",,"BOLÍVAR","SOLING DEL SINU S.A.S. E.S.P.","2022-04-08T00:00:00.000","0.0","2022","0.0","0.0","ISLA FUERTE","R","N","4027.06","0.0","ISLA FUERTE","P","1","355090787490527719355090787","247540123247540123247540123","R"
"1300100700001","0.0","48907","0.0","L","3","0","20","CARTAGENA DE INDIAS","0.0","2022-03-31T00:00:00.000","1","-0.750","0.0","0",,"BOLÍVAR","SOLING DEL SINU S.A.S. E.S.P.","2022-04-08T00:00:00.000","0.0","2022","0.0","0.0","ISLA FUERTE","R","N","0","0.0","ISLA FUERTE","P","1","182604693284046693182604693","472758273472758273472758273","R"
"1300100700001","0.0","48907","14.26","L","3","15451.15","20","CARTAGENA DE INDIAS","0.0","2022-03-31T00:00:00.000","1","-0.750","0.0","-11654.2",,"BOLÍVAR","SOLING DEL SINU S.A.S. E.S.P.","2022-04-08T00:00:00.000","0.0","2022","0.0","0.0","ISLA FUERTE","R","N","3796.95","0.0","ISLA FUERTE","P","1","121894049424782603121894049","800457795800457795800457795","R"
"1300100700001","0.0","48907","9.22","L","3","9988.62","20","CARTAGENA DE INDIAS","0.0","2022-03-31T00:00:00.000","1","-0.750","0.0","-7534.03",,"BOLÍVAR","SOLING DEL SINU S.A.S. E.S.P.","2022-04-08T00:00:00.000","0.0","2022","0.0","0.0","ISLA FUERTE","R","N","2454.59","0.0","ISLA FUERTE","P","1","46005076830677315460050768","690700660690700660690700660","R"
"1300100700001","0.0","48907","10.8","L","3","11705.41","20","CARTAGENA DE INDIAS","0.0","2022-03-31T00:00:00.000","1","-0.750","0.0","-8828.94",,"BOLÍVAR","SOLING DEL SINU S.A.S. E.S.P.","2022-04-08T00:00:00.000","0.0","2022","0.0","0.0","ISLA FUERTE","R","N","2876.47","0.0","ISLA FUERTE","P","1","826648980697731578826648980","177861540177861540177861540","R"
"1300100700001","0.0","48907","24.48","L","3","26532.27","20","CARTAGENA DE INDIAS","0.0","2022-03-31T00:00:00.000","1","-0.750","0.0","-20012.27",,"BOLÍVAR","SOLING DEL SINU S.A.S. E.S.P.","2022-04-08T00:00:00.000","0.0","2022","0.0","0.0","ISLA FUERTE","R","N","6520","0.0","ISLA FUERTE","P","1","100714030932825012100714030","332046243332046243332046243","R"
"1300100700001","0.0","48907","10.94","L","3","11861.49","20","CARTAGENA DE INDIAS","0.0","2022-03-31T00:00:00.000","1","-0.750","0.0","-8946.66",,"BOLÍVAR","SOLING DEL SINU S.A.S. E.S.P.","2022-04-08T00:00:00.000","0.0","2022","0.0","0.0","ISLA FUERTE","R","N","2914.83","0.0","ISLA FUERTE","P","1","9630591228568482496305912","784467117844671178446711","R"
"1300100700001","0.0","48907","11.81","L","3","12797.92","20","CARTAGENA DE INDIAS","0.0","2022-03-31T00:00:00.000","1","-0.750","0.0","-9652.98",,"BOLÍVAR","SOLING DEL SINU S.A.S. E.S.P.","2022-04-08T00:00:00.000","0.0","2022","0.0","0.0","ISLA FUERTE","R","N","3144.94","0.0","ISLA FUERTE","P","1","403354251717920847403354251","720378186720378186720378186","R"
"1300100700001","0.0","48907","0.0","L","3","0","20","CARTAGENA DE INDIAS","0.0","2022-03-31T00:00:00.000","1","-0.750","0.0","0",,"BOLÍVAR","SOLING DEL SINU S.A.S. E.S.P.","2022-04-08T00:00:00.000","0.0","2022","0.0","0.0","ISLA FUERTE","R","N","0","0.0","ISLA FUERTE","P","1","4664272105293160466427210","774077103774077103774077103","R"
"1300100700001","0.0","48907","0.0","L","3","0","20","CARTAGENA DE INDIAS","0.0","2022-03-31T00:00:00.000","1","-0.750","0.0","0",,"BOLÍVAR","SOLING DEL SINU S.A.S. E.S.P.","2022-04-08T00:00:00.000","0.0","2022","0.0","0.0","ISLA FUERTE","R","N","0","0.0","ISLA FUERTE","P","1","105527472305827026105527472","113062561113062561113062561","R"
"1300100700001","0.0","48907","19.15","L","3","20757.6","20","CARTAGENA DE INDIAS","0.0","2022-03-31T00:00:00.000","1","-0.750","0.0","-15656.66",,"BOLÍVAR","SOLING DEL SINU S.A.S. E.S.P.","2022-04-08T00:00:00.000","0.0","2022","0.0","0.0","ISLA FUERTE","R","N","5100.94","0.0","ISLA FUERTE","P","1","967661133579231823967661133","113454377113454377113454377","R"
"1300100700001","0.0","48907","17.95","L","3","19457","20","CARTAGENA DE INDIAS","0.0","2022-03-31T00:00:00.000","1","-0.750","0.0","-14675.66",,"BOLÍVAR","SOLING DEL SINU S.A.S. E.S.P.","2022-04-08T00:00:00.000","0.0","2022","0.0","0.0","ISLA FUERTE","R","N","4781.34","0.0","ISLA FUERTE","P","1","84995396153268354849953961","471319084713190847131908","R"
"1300100700001","0.0","48907","24.19","L","3","26220.13","20","CARTAGENA DE INDIAS","0.0","2022-03-31T00:00:00.000","1","-0.750","0.0","-19776.83",,"BOLÍVAR","SOLING DEL SINU S.A.S. E.S.P.","2022-04-08T00:00:00.000","0.0","2022","0.0","0.0","ISLA FUERTE","R","N","6443.3","0.0","ISLA FUERTE","P","1","829585517231302495829585517","211209072211209072211209072","R"
"1300100700001","0.0","48907","25.63","L","3","27780.85","20","CARTAGENA DE INDIAS","0.0","2022-03-31T00:00:00.000","1","-0.750","0.0","-20954.02",,"BOLÍVAR","SOLING DEL SINU S.A.S. E.S.P.","2022-04-08T00:00:00.000","0.0","2022","0.0","0.0","ISLA FUERTE","R","N","6826.83","0.0","ISLA FUERTE","P","1","948229381188788343948229381","869712234869712234869712234","R"
"1300100700001","0.0","48907","0.0","L","3","0","20","CARTAGENA DE INDIAS","0.0","2022-03-31T00:00:00.000","1","-0.750","0.0","0",,"BOLÍVAR","SOLING DEL SINU S.A.S. E.S.P.","2022-04-08T00:00:00.000","0.0","2022","0.0","0.0","ISLA FUERTE","R","N","0","0.0","ISLA FUERTE","P","1","656931718272289538656931718","585386786585386786585386786","R"
"1300100700001","0.0","48907","13.25","L","3","14358.64","20","CARTAGENA DE INDIAS","0.0","2022-03-31T00:00:00.000","1","-0.750","0.0","-10830.17",,"BOLÍVAR","SOLING DEL SINU S.A.S. E.S.P.","2022-04-08T00:00:00.000","0.0","2022","0.0","0.0","ISLA FUERTE","R","N","3528.47","0.0","ISLA FUERTE","P","1","4055207327267062040552073","999340620999340620999340620","R"
"1300100700001","0.0","48907","0.0","L","3","0","20","CARTAGENA DE INDIAS","0.0","2022-03-31T00:00:00.000","1","-0.750","0.0","0",,"BOLÍVAR","SOLING DEL SINU S.A.S. E.S.P.","2022-04-08T00:00:00.000","0.0","2022","0.0","0.0","ISLA FUERTE","R","N","0","0.0","ISLA FUERTE","P","1","907655902231486778907655902","207034000207034000207034000","R"
"1300100700001","0.0","48907","24.53","L","3","26584.3","20","CARTAGENA DE INDIAS","0.0","2022-03-31T00:00:00.000","1","-0.750","0.0","-20051.51",,"BOLÍVAR","SOLING DEL SINU S.A.S. E.S.P.","2022-04-08T00:00:00.000","0.0","2022","0.0","0.0","ISLA FUERTE","R","N","6532.79","0.0","ISLA FUERTE","P","1","596821631536699310596821631","521323502521323502521323502","R"
"1300100700001","0.0","48907","16.85","L","3","18260.45","20","CARTAGENA DE INDIAS","0.0","2022-03-31T00:00:00.000","1","-0.750","0.0","-13773.15",,"BOLÍVAR","SOLING DEL SINU S.A.S. E.S.P.","2022-04-08T00:00:00.000","0.0","2022","0.0","0.0","ISLA FUERTE","R","N","4487.3","0.0","ISLA FUERTE","P","1","822882978170672418822882978","381276073812760738127607","R"
"1300100700001","0.0","48907","21.89","L","3","23722.97","20","CARTAGENA DE INDIAS","0.0","2022-03-31T00:00:00.000","1","-0.750","0.0","-17893.32",,"BOLÍVAR","SOLING DEL SINU S.A.S. E.S.P.","2022-04-08T00:00:00.000","0.0","2022","0.0","0.0","ISLA FUERTE","R","N","5829.65","0.0","ISLA FUERTE","P","1","574297567757412770574297567","884723244884723244884723244","R"
"1300100700001","0.0","48907","11.32","L","3","12267.92","20","CARTAGENA DE INDIAS","0.0","2022-03-31T00:00:00.000","1","-0.750","0.0","-9253.22",,"BOLÍVAR","SOLING DEL SINU S.A.S. E.S.P.","2022-04-08T00:00:00.000","0.0","2022","0.0","0.0","ISLA FUERTE","R","N","3014.7","0.0","ISLA FUERTE","P","1","620954439605382947620954439","184418835184418835184418835","R"
"1300100700001","0.0","48907","0.0","L","3","0","20","CARTAGENA DE INDIAS","0.0","2022-03-31T00:00:00.000","1","-0.750","0.0","0",,"BOLÍVAR","SOLING DEL SINU S.A.S. E.S.P.","2022-04-08T00:00:00.000","0.0","2022","0.0","0.0","ISLA FUERTE","R","N","0","0.0","ISLA FUERTE","P","1","88170672561488886881706725","367244009367244009367244009","R"
"1300100700001","0.0","48907","0.0","L","3","0","20","CARTAGENA DE INDIAS","0.0","2022-03-31T00:00:00.000","1","-0.750","0.0","0",,"BOLÍVAR","SOLING DEL SINU S.A.S. E.S.P.","2022-04-08T00:00:00.000","0.0","2022","0.0","0.0","ISLA FUERTE","R","N","0","0.0","ISLA FUERTE","P","1","342961859884014687342961859","224932532224932532224932532","R"
"1300100700001","0.0","48907","0.0","L","3","0","20","CARTAGENA DE INDIAS","0.0","2022-03-31T00:00:00.000","1","-0.750","0.0","0",,"BOLÍVAR","SOLING DEL SINU S.A.S. E.S.P.","2022-04-08T00:00:00.000","0.0","2022","0.0","0.0","ISLA FUERTE","R","N","0","0.0","ISLA FUERTE","P","1","165710949598725991165710949","858561847858561847858561847","R"
"1300100700001","0.0","48907","0.0","L","3","0","20","CARTAGENA DE INDIAS","0.0","2022-03-31T00:00:00.000","1","-0.750","0.0","0",,"BOLÍVAR","SOLING DEL SINU S.A.S. E.S.P.","2022-04-08T00:00:00.000","0.0","2022","0.0","0.0","ISLA FUERTE","R","N","0","0.0","ISLA FUERTE","P","1","6503179739972511665031797","611233961123396112339","R"
"1300100700001","0.0","48907","0.0","L","3","0","20","CARTAGENA DE INDIAS","0.0","2022-03-31T00:00:00.000","1","-0.750","0.0","0",,"BOLÍVAR","SOLING DEL SINU S.A.S. E.S.P.","2022-04-08T00:00:00.000","0.0","2022","0.0","0.0","ISLA FUERTE","R","N","0","0.0","ISLA FUERTE","P","1","999259867133809518999259867","339994102339994102339994102","R"
"1300100700001","0.0","48907","9.79","L","3","10612.91","20","CARTAGENA DE INDIAS","0.0","2022-03-31T00:00:00.000","C","-0.270","0.0","-2854.12","220.0","BOLÍVAR","SOLING DEL SINU S.A.S. E.S.P.","2022-04-08T00:00:00.000","0.0","2022","0.0","0.0","ISLA FUERTE","R","N","7758.79","0.0","ISLA FUERTE","P","1","113059703454817827113059703","846306162846306162846306162","R"
"1300100700001","0.0","48907","27.79","L","3","30121.93","20","CARTAGENA DE INDIAS","0.0","2022-03-31T00:00:00.000","C","-0.270","0.0","-8100.66","220.0","BOLÍVAR","SOLING DEL SINU S.A.S. E.S.P.","2022-04-08T00:00:00.000","0.0","2022","0.0","0.0","ISLA FUERTE","R","N","22021.27","0.0","ISLA FUERTE","P","1","359851637330725620359851637","902570217902570217902570217","R"
"1300100700001","0.0","48907","0.0","L","3","0","20","CARTAGENA DE INDIAS","0.0","2022-03-31T00:00:00.000","C","-0.270","0.0","0","220.0","BOLÍVAR","SOLING DEL SINU S.A.S. E.S.P.","2022-04-08T00:00:00.000","0.0","2022","0.0","0.0","ISLA FUERTE","R","N","0","0.0","ISLA FUERTE","P","1","27510729444553292751072","939280711939280711939280711","R"
"1300100700001","0.0","48907","19.01","L","3","20601.53","20","CARTAGENA DE INDIAS","0.0","2022-03-31T00:00:00.000","C","-0.270","0.0","-5540.35","220.0","BOLÍVAR","SOLING DEL SINU S.A.S. E.S.P.","2022-04-08T00:00:00.000","0.0","2022","0.0","0.0","ISLA FUERTE","R","N","15061.18","0.0","ISLA FUERTE","P","1","149104205661266913149104205","668563289668563289668563289","R"
"1300100700001","0.0","48907","13.68","L","3","14826.86","20","CARTAGENA DE INDIAS","0.0","2022-03-31T00:00:00.000","C","-0.270","0.0","-3987.37","220.0","BOLÍVAR","SOLING DEL SINU S.A.S. E.S.P.","2022-04-08T00:00:00.000","0.0","2022","0.0","0.0","ISLA FUERTE","R","N","10839.49","0.0","ISLA FUERTE","P","1","8830718548174456883071854","764112667764112667764112667","R"
"1300100700001","0.0","48907","12.77","L","3","13838.4","20","CARTAGENA DE INDIAS","0.0","2022-03-31T00:00:00.000","O","-0.390","0.0","-5336.83","220.0","BOLÍVAR","SOLING DEL SINU S.A.S. E.S.P.","2022-04-08T00:00:00.000","0.0","2022","0.0","0.0","ISLA FUERTE","R","N","8501.57","0.0","ISLA FUERTE","P","1","723937933681651393723937933","304904009304904009304904009","R"
"1300100700001","0.0","48907","13.39","L","3","14514.71","20","CARTAGENA DE INDIAS","0.0","2022-03-31T00:00:00.000","1","-0.750","0.0","-10947.89",,"BOLÍVAR","SOLING DEL SINU S.A.S. E.S.P.","2022-04-08T00:00:00.000","0.0","2022","0.0","0.0","ISLA FUERTE","R","N","3566.82","0.0","ISLA FUERTE","P","1","395051936752339991395051936","983213721983213721983213721","R"
"1300100700001","0.0","48907","9.94","L","3","10768.98","20","CARTAGENA DE INDIAS","0.0","2022-03-31T00:00:00.000","1","-0.750","0.0","-8122.63",,"BOLÍVAR","SOLING DEL SINU S.A.S. E.S.P.","2022-04-08T00:00:00.000","0.0","2022","0.0","0.0","ISLA FUERTE","R","N","2646.35","0.0","ISLA FUERTE","P","1","5825595334276943958255953","356140319356140319356140319","R"
"1300100700001","0.0","48907","7.06","L","3","7647.54","20","CARTAGENA DE INDIAS","0.0","2022-03-31T00:00:00.000","1","-0.750","0.0","-5768.24",,"BOLÍVAR","SOLING DEL SINU S.A.S. E.S.P.","2022-04-08T00:00:00.000","0.0","2022","0.0","0.0","ISLA FUERTE","R","N","1879.3","0.0","ISLA FUERTE","P","1","2534158141747053125341581","110393352110393352110393352","R"
"1300100700001","0.0","48907","15.55","L","3","16855.8","20","CARTAGENA DE INDIAS","0.0","2022-03-31T00:00:00.000","1","-0.750","0.0","-12713.68",,"BOLÍVAR","SOLING DEL SINU S.A.S. E.S.P.","2022-04-08T00:00:00.000","0.0","2022","0.0","0.0","ISLA FUERTE","R","N","4142.12","0.0","ISLA FUERTE","P","1","673658526473746656673658526","610321807610321807610321807","R"
"1300100700001","0.0","48907","9.22","L","3","9988.62","20","CARTAGENA DE INDIAS","0.0","2022-03-31T00:00:00.000","1","-0.750","0.0","-7534.03",,"BOLÍVAR","SOLING DEL SINU S.A.S. E.S.P.","2022-04-08T00:00:00.000","0.0","2022","0.0","0.0","ISLA FUERTE","R","N","2454.59","0.0","ISLA FUERTE","P","1","313556964697832741313556964","377939056377939056377939056","R"
"1300100700001","0.0","48907","11.52","L","3","12485.78","20","CARTAGENA DE INDIAS","0.0","2022-03-31T00:00:00.000","1","-0.750","0.0","-9417.54",,"BOLÍVAR","SOLING DEL SINU S.A.S. E.S.P.","2022-04-08T00:00:00.000","0.0","2022","0.0","0.0","ISLA FUERTE","R","N","3068.24","0.0","ISLA FUERTE","P","1","884914795946510258884914795","579684585796845857968458","R"
"1300100700001","0.0","48907","0.0","L","3","0","20","CARTAGENA DE INDIAS","0.0","2022-03-31T00:00:00.000","1","-0.750","0.0","0",,"BOLÍVAR","SOLING DEL SINU S.A.S. E.S.P.","2022-04-08T00:00:00.000","0.0","2022","0.0","0.0","ISLA FUERTE","R","N","0","0.0","ISLA FUERTE","P","1","595911499668361294595911499","474186802474186802474186802","R"
"1300100700001","0.0","48907","19.54","L","3","21173.79","20","CARTAGENA DE INDIAS","0.0","2022-03-31T00:00:00.000","1","-0.750","0.0","-15970.58",,"BOLÍVAR","SOLING DEL SINU S.A.S. E.S.P.","2022-04-08T00:00:00.000","0.0","2022","0.0","0.0","ISLA FUERTE","R","N","5203.21","0.0","ISLA FUERTE","P","1","364758812286861830364758812","445346042445346042445346042","R"
"1300100700001","0.0","48907","10.37","L","3","11237.2","20","CARTAGENA DE INDIAS","0.0","2022-03-31T00:00:00.000","1","-0.750","0.0","-8475.78",,"BOLÍVAR","SOLING DEL SINU S.A.S. E.S.P.","2022-04-08T00:00:00.000","0.0","2022","0.0","0.0","ISLA FUERTE","R","N","2761.42","0.0","ISLA FUERTE","P","1","90029625046012631900296250","545755761545755761545755761","R"
"1300100700001","0.0","48907","20.45","L","3","22162.25","20","CARTAGENA DE INDIAS","0.0","2022-03-31T00:00:00.000","1","-0.750","0.0","-16716.13",,"BOLÍVAR","SOLING DEL SINU S.A.S. E.S.P.","2022-04-08T00:00:00.000","0.0","2022","0.0","0.0","ISLA FUERTE","R","N","5446.12","0.0","ISLA FUERTE","P","1","818063485650829587818063485","135258903135258903135258903","R"
"1300100700001","0.0","48907","18.86","L","3","20445.46","20","CARTAGENA DE INDIAS","0.0","2022-03-31T00:00:00.000","1","-0.750","0.0","-15421.22",,"BOLÍVAR","SOLING DEL SINU S.A.S. E.S.P.","2022-04-08T00:00:00.000","0.0","2022","0.0","0.0","ISLA FUERTE","R","N","5024.24","0.0","ISLA FUERTE","P","1","2830277295332944328302772","822187885822187885822187885","R"
"1300100700001","0.0","48907","16.24","L","3","17604.94","20","CARTAGENA DE INDIAS","0.0","2022-03-31T00:00:00.000","1","-0.750","0.0","-13278.73",,"BOLÍVAR","SOLING DEL SINU S.A.S. E.S.P.","2022-04-08T00:00:00.000","0.0","2022","0.0","0.0","ISLA FUERTE","R","N","4326.21","0.0","ISLA FUERTE","P","1","184932671650118558184932671","204287526204287526204287526","R"
"1300100700001","0.0","48907","26.09","L","3","28280.28","20","CARTAGENA DE INDIAS","0.0","2022-03-31T00:00:00.000","1","-0.750","0.0","-21330.73",,"BOLÍVAR","SOLING DEL SINU S.A.S. E.S.P.","2022-04-08T00:00:00.000","0.0","2022","0.0","0.0","ISLA FUERTE","R","N","6949.55","0.0","ISLA FUERTE","P","1","219524441243287496219524441","737134731737134731737134731","R"
"1300100700001","0.0","48907","31.68","L","3","34335.88","20","CARTAGENA DE INDIAS","0.0","2022-03-31T00:00:00.000","1","-0.750","0.0","-25898.23",,"BOLÍVAR","SOLING DEL SINU S.A.S. E.S.P.","2022-04-08T00:00:00.000","0.0","2022","0.0","0.0","ISLA FUERTE","R","N","8437.65","0.0","ISLA FUERTE","P","1","748854278249901420748854278","180830011808300118083001","R"
"1300100700001","0.0","48907","20.3","L","3","22006.18","20","CARTAGENA DE INDIAS","0.0","2022-03-31T00:00:00.000","1","-0.750","0.0","-16598.41",,"BOLÍVAR","SOLING DEL SINU S.A.S. E.S.P.","2022-04-08T00:00:00.000","0.0","2022","0.0","0.0","ISLA FUERTE","R","N","5407.77","0.0","ISLA FUERTE","P","1","829214694367768878829214694","606189478606189478606189478","R"
"1300100700001","0.0","48907","7.78","L","3","8427.9","20","CARTAGENA DE INDIAS","0.0","2022-03-31T00:00:00.000","1","-0.750","0.0","-6356.84",,"BOLÍVAR","SOLING DEL SINU S.A.S. E.S.P.","2022-04-08T00:00:00.000","0.0","2022","0.0","0.0","ISLA FUERTE","R","N","2071.06","0.0","ISLA FUERTE","P","1","261445143249800104261445143","699650151699650151699650151","R"
"1300100700001","0.0","48907","8.21","L","3","8896.12","20","CARTAGENA DE INDIAS","0.0","2022-03-31T00:00:00.000","1","-0.750","0.0","-6710",,"BOLÍVAR","SOLING DEL SINU S.A.S. E.S.P.","2022-04-08T00:00:00.000","0.0","2022","0.0","0.0","ISLA FUERTE","R","N","2186.12","0.0","ISLA FUERTE","P","1","891558045874906489155804","945626633945626633945626633","R"
"1300100700001","0.0","48907","18.14","L","3","19665.1","20","CARTAGENA DE INDIAS","0.0","2022-03-31T00:00:00.000","1","-0.750","0.0","-14832.62",,"BOLÍVAR","SOLING DEL SINU S.A.S. E.S.P.","2022-04-08T00:00:00.000","0.0","2022","0.0","0.0","ISLA FUERTE","R","N","4832.48","0.0","ISLA FUERTE","P","1","852938749454568220852938749","149433899149433899149433899","R"
"1300100700001","0.0","48907","7.63","L","3","8271.83","20","CARTAGENA DE INDIAS","0.0","2022-03-31T00:00:00.000","1","-0.750","0.0","-6239.12",,"BOLÍVAR","SOLING DEL SINU S.A.S. E.S.P.","2022-04-08T00:00:00.000","0.0","2022","0.0","0.0","ISLA FUERTE","R","N","2032.71","0.0","ISLA FUERTE","P","1","403726252293351088403726252","825473419825473419825473419","R"
"1300100700001","0.0","48907","0.0","L","3","0","20","CARTAGENA DE INDIAS","0.0","2022-03-31T00:00:00.000","1","-0.750","0.0","0",,"BOLÍVAR","SOLING DEL SINU S.A.S. E.S.P.","2022-04-08T00:00:00.000","0.0","2022","0.0","0.0","ISLA FUERTE","R","N","0","0.0","ISLA FUERTE","P","1","230249886521845598230249886","413905348413905348413905348","R"
"1300100700001","0.0","48907","14.78","L","3","16023.41","20","CARTAGENA DE INDIAS","0.0","2022-03-31T00:00:00.000","1","-0.750","0.0","-12085.84",,"BOLÍVAR","SOLING DEL SINU S.A.S. E.S.P.","2022-04-08T00:00:00.000","0.0","2022","0.0","0.0","ISLA FUERTE","R","N","3937.57","0.0","ISLA FUERTE","P","1","294982435121067138294982435","295399142953991429539914","R"
"1300100700001","0.0","48907","7.63","L","3","8271.83","20","CARTAGENA DE INDIAS","0.0","2022-03-31T00:00:00.000","1","-0.750","0.0","-6239.12",,"BOLÍVAR","SOLING DEL SINU S.A.S. E.S.P.","2022-04-08T00:00:00.000","0.0","2022","0.0","0.0","ISLA FUERTE","R","N","2032.71","0.0","ISLA FUERTE","P","1","664389810467385477664389810","799779373799779373799779373","R"
"1300100700001","0.0","48907","7.49","L","3","8115.75","20","CARTAGENA DE INDIAS","0.0","2022-03-31T00:00:00.000","1","-0.750","0.0","-6121.4",,"BOLÍVAR","SOLING DEL SINU S.A.S. E.S.P.","2022-04-08T00:00:00.000","0.0","2022","0.0","0.0","ISLA FUERTE","R","N","1994.35","0.0","ISLA FUERTE","P","1","1474771123548607314747711","804626627804626627804626627","R"
"1300100700001","0.0","48907","16.85","L","3","18260.45","20","CARTAGENA DE INDIAS","0.0","2022-03-31T00:00:00.000","1","-0.750","0.0","-13773.15",,"BOLÍVAR","SOLING DEL SINU S.A.S. E.S.P.","2022-04-08T00:00:00.000","0.0","2022","0.0","0.0","ISLA FUERTE","R","N","4487.3","0.0","ISLA FUERTE","P","1","309815396709414269309815396","724829119724829119724829119","R"
"1300100700001","0.0","48907","8.74","L","3","9468.38","20","CARTAGENA DE INDIAS","0.0","2022-03-31T00:00:00.000","1","-0.750","0.0","-7141.63",,"BOLÍVAR","SOLING DEL SINU S.A.S. E.S.P.","2022-04-08T00:00:00.000","0.0","2022","0.0","0.0","ISLA FUERTE","R","N","2326.75","0.0","ISLA FUERTE","P","1","658172871179766519658172871","438635756438635756438635756","R"
"1300100700001","0.0","48907","15.84","L","3","17167.94","20","CARTAGENA DE INDIAS","0.0","2022-03-31T00:00:00.000","1","-0.750","0.0","-12949.12",,"BOLÍVAR","SOLING DEL SINU S.A.S. E.S.P.","2022-04-08T00:00:00.000","0.0","2022","0.0","0.0","ISLA FUERTE","R","N","4218.82","0.0","ISLA FUERTE","P","1","536149849548257123536149849","657617176576171765761717","R"
"1300100700001","0.0","48907","9.68","L","3","10488.05","20","CARTAGENA DE INDIAS","0.0","2022-03-31T00:00:00.000","1","-0.750","0.0","-7910.73",,"BOLÍVAR","SOLING DEL SINU S.A.S. E.S.P.","2022-04-08T00:00:00.000","0.0","2022","0.0","0.0","ISLA FUERTE","R","N","2577.32","0.0","ISLA FUERTE","P","1","437112373675267242437112373","191214982191214982191214982","R"
"1300100700001","0.0","48907","9.07","L","3","9832.55","20","CARTAGENA DE INDIAS","0.0","2022-03-31T00:00:00.000","1","-0.750","0.0","-7416.31",,"BOLÍVAR","SOLING DEL SINU S.A.S. E.S.P.","2022-04-08T00:00:00.000","0.0","2022","0.0","0.0","ISLA FUERTE","R","N","2416.24","0.0","ISLA FUERTE","P","1","8255441430027770982554414","526047420526047420526047420","R"
"1300100700001","0.0","48907","16.13","L","3","17480.09","20","CARTAGENA DE INDIAS","0.0","2022-03-31T00:00:00.000","1","-0.750","0.0","-13184.55",,"BOLÍVAR","SOLING DEL SINU S.A.S. E.S.P.","2022-04-08T00:00:00.000","0.0","2022","0.0","0.0","ISLA FUERTE","R","N","4295.54","0.0","ISLA FUERTE","P","1","429339132846478834429339132","495022838495022838495022838","R"
"1300100700001","0.0","48907","19.15","L","3","20757.6","20","CARTAGENA DE INDIAS","0.0","2022-03-31T00:00:00.000","1","-0.750","0.0","-15656.66",,"BOLÍVAR","SOLING DEL SINU S.A.S. E.S.P.","2022-04-08T00:00:00.000","0.0","2022","0.0","0.0","ISLA FUERTE","R","N","5100.94","0.0","ISLA FUERTE","P","1","807197965389181768807197965","824367496824367496824367496","R"
"1300100700001","0.0","48907","21.31","L","3","23098.68","20","CARTAGENA DE INDIAS","0.0","2022-03-31T00:00:00.000","1","-0.750","0.0","-17422.45",,"BOLÍVAR","SOLING DEL SINU S.A.S. E.S.P.","2022-04-08T00:00:00.000","0.0","2022","0.0","0.0","ISLA FUERTE","R","N","5676.23","0.0","ISLA FUERTE","P","1","83641607475710021836416074","182169454182169454182169454","R"
"1300100700001","0.0","48907","30.82","L","3","33399.45","20","CARTAGENA DE INDIAS","0.0","2022-03-31T00:00:00.000","1","-0.750","0.0","-25191.92",,"BOLÍVAR","SOLING DEL SINU S.A.S. E.S.P.","2022-04-08T00:00:00.000","0.0","2022","0.0","0.0","ISLA FUERTE","R","N","8207.53","0.0","ISLA FUERTE","P","1","4921866028938764149218660","176292109176292109176292109","R"
"1300100700001","0.0","48907","11.23","L","3","12173.63","20","CARTAGENA DE INDIAS","0.0","2022-03-31T00:00:00.000","1","-0.750","0.0","-9182.1",,"BOLÍVAR","SOLING DEL SINU S.A.S. E.S.P.","2022-04-08T00:00:00.000","0.0","2022","0.0","0.0","ISLA FUERTE","R","N","2991.53","0.0","ISLA FUERTE","P","1","494976913592022185494976913","373631092373631092373631092","R"
"1300100700001","0.0","48907","21.96","L","3","23796.46","20","CARTAGENA DE INDIAS","0.0","2022-03-31T00:00:00.000","1","-0.750","0.0","-17948.75",,"BOLÍVAR","SOLING DEL SINU S.A.S. E.S.P.","2022-04-08T00:00:00.000","0.0","2022","0.0","0.0","ISLA FUERTE","R","N","5847.71","0.0","ISLA FUERTE","P","1","606525863227490858606525863","558630917558630917558630917","R"
"1300100700001","0.0","48907","21.07","L","3","22833.36","20","CARTAGENA DE INDIAS","0.0","2022-03-31T00:00:00.000","1","-0.750","0.0","-17222.32",,"BOLÍVAR","SOLING DEL SINU S.A.S. E.S.P.","2022-04-08T00:00:00.000","0.0","2022","0.0","0.0","ISLA FUERTE","R","N","5611.04","0.0","ISLA FUERTE","P","1","399014454368297312399014454","881529432881529432881529432","R"
"1300100700001","0.0","48907","12.53","L","3","13578.28","20","CARTAGENA DE INDIAS","0.0","2022-03-31T00:00:00.000","1","-0.750","0.0","-10241.57",,"BOLÍVAR","SOLING DEL SINU S.A.S. E.S.P.","2022-04-08T00:00:00.000","0.0","2022","0.0","0.0","ISLA FUERTE","R","N","3336.71","0.0","ISLA FUERTE","P","1","371930717121378466371930717","595839383595839383595839383","R"
"1300100700001","0.0","48907","11.0","L","3","11922.18","20","CARTAGENA DE INDIAS","0.0","2022-03-31T00:00:00.000","1","-0.750","0.0","-8992.44",,"BOLÍVAR","SOLING DEL SINU S.A.S. E.S.P.","2022-04-08T00:00:00.000","0.0","2022","0.0","0.0","ISLA FUERTE","R","N","2929.74","0.0","ISLA FUERTE","P","1","560350880217838301560350880","222632101222632101222632101","R"
"1300100700001","0.0","48907","11.23","L","3","12173.63","20","CARTAGENA DE INDIAS","0.0","2022-03-31T00:00:00.000","1","-0.750","0.0","-9182.1",,"BOLÍVAR","SOLING DEL SINU S.A.S. E.S.P.","2022-04-08T00:00:00.000","0.0","2022","0.0","0.0","ISLA FUERTE","R","N","2991.53","0.0","ISLA FUERTE","P","1","297659395727148614297659395","456779172456779172456779172","R"
"1300100700001","0.0","48907","32.83","L","3","35584.46","20","CARTAGENA DE INDIAS","0.0","2022-03-31T00:00:00.000","1","-0.750","0.0","-26839.99",,"BOLÍVAR","SOLING DEL SINU S.A.S. E.S.P.","2022-04-08T00:00:00.000","0.0","2022","0.0","0.0","ISLA FUERTE","R","N","8744.47","0.0","ISLA FUERTE","P","1","121009030888442324121009030","512787540512787540512787540","R"
"1300100700001","0.0","48907","10.37","L","3","11237.2","20","CARTAGENA DE INDIAS","0.0","2022-03-31T00:00:00.000","1","-0.750","0.0","-8475.78",,"BOLÍVAR","SOLING DEL SINU S.A.S. E.S.P.","2022-04-08T00:00:00.000","0.0","2022","0.0","0.0","ISLA FUERTE","R","N","2761.42","0.0","ISLA FUERTE","P","1","565463207872969047565463207","640920737640920737640920737","R"
"1300100700001","0.0","48907","19.3","L","3","20913.67","20","CARTAGENA DE INDIAS","0.0","2022-03-31T00:00:00.000","1","-0.750","0.0","-15774.38",,"BOLÍVAR","SOLING DEL SINU S.A.S. E.S.P.","2022-04-08T00:00:00.000","0.0","2022","0.0","0.0","ISLA FUERTE","R","N","5139.29","0.0","ISLA FUERTE","P","1","9110120624477675091101206","660666704660666704660666704","R"
"1300100700001","0.0","48907","9.79","L","3","10612.91","20","CARTAGENA DE INDIAS","0.0","2022-03-31T00:00:00.000","1","-0.750","0.0","-8004.91",,"BOLÍVAR","SOLING DEL SINU S.A.S. E.S.P.","2022-04-08T00:00:00.000","0.0","2022","0.0","0.0","ISLA FUERTE","R","N","2608","0.0","ISLA FUERTE","P","1","457477762101297012457477762","448659181448659181448659181","R"
"1300100700001","0.0","48907","19.87","L","3","21537.96","20","CARTAGENA DE INDIAS","0.0","2022-03-31T00:00:00.000","1","-0.750","0.0","-16245.25",,"BOLÍVAR","SOLING DEL SINU S.A.S. E.S.P.","2022-04-08T00:00:00.000","0.0","2022","0.0","0.0","ISLA FUERTE","R","N","5292.71","0.0","ISLA FUERTE","P","1","338728204423656195338728204","421919004219190042191900","R"
"1300100700001","0.0","48907","0.0","L","3","0","20","CARTAGENA DE INDIAS","0.0","2022-03-31T00:00:00.000","C","-0.270","0.0","0","220.0","BOLÍVAR","SOLING DEL SINU S.A.S. E.S.P.","2022-04-08T00:00:00.000","0.0","2022","0.0","0.0","ISLA FUERTE","R","N","0","0.0","ISLA FUERTE","P","1","982115180407629714982115180","447435786447435786447435786","R"
"1300100700001","0.0","48907","0.0","L","3","0","20","CARTAGENA DE INDIAS","0.0","2022-03-31T00:00:00.000","1","-0.750","0.0","0",,"BOLÍVAR","SOLING DEL SINU S.A.S. E.S.P.","2022-04-08T00:00:00.000","0.0","2022","0.0","0.0","ISLA FUERTE","R","N","0","0.0","ISLA FUERTE","P","1","966880462286114551966880462","814125334814125334814125334","R"
"1300100700001","0.0","48907","0.0","L","3","0","20","CARTAGENA DE INDIAS","0.0","2022-03-31T00:00:00.000","1","-0.750","0.0","0",,"BOLÍVAR","SOLING DEL SINU S.A.S. E.S.P.","2022-04-08T00:00:00.000","0.0","2022","0.0","0.0","ISLA FUERTE","R","N","0","0.0","ISLA FUERTE","P","1","5091293512547117750912935","308829714308829714308829714","R"
"1300100700001","0.0","48907","0.0","L","3","0","20","CARTAGENA DE INDIAS","0.0","2022-03-31T00:00:00.000","1","-0.750","0.0","0",,"BOLÍVAR","SOLING DEL SINU S.A.S. E.S.P.","2022-04-08T00:00:00.000","0.0","2022","0.0","0.0","ISLA FUERTE","R","N","0","0.0","ISLA FUERTE","P","1","859180244200279733859180244","344075361344075361344075361","R"
"1300100700001","0.0","48907","0.0","L","3","0","20","CARTAGENA DE INDIAS","0.0","2022-03-31T00:00:00.000","1","-0.750","0.0","0",,"BOLÍVAR","SOLING DEL SINU S.A.S. E.S.P.","2022-04-08T00:00:00.000","0.0","2022","0.0","0.0","ISLA FUERTE","R","N","0","0.0","ISLA FUERTE","P","1","188531534101896433188531534","786877926786877926786877926","R"
"1300100700001","0.0","48907","20.88","L","3","22630.47","20","CARTAGENA DE INDIAS","0.0","2022-03-31T00:00:00.000","C","-0.270","0.0","-6085.99","220.0","BOLÍVAR","SOLING DEL SINU S.A.S. E.S.P.","2022-04-08T00:00:00.000","0.0","2022","0.0","0.0","ISLA FUERTE","R","N","16544.48","0.0","ISLA FUERTE","P","1","938164560994472987938164560","543338829543338829543338829","R"
"1300100700001","0.0","48907","33.41","L","3","36208.75","20","CARTAGENA DE INDIAS","0.0","2022-03-31T00:00:00.000","C","-0.270","0.0","-9737.59","220.0","BOLÍVAR","SOLING DEL SINU S.A.S. E.S.P.","2022-04-08T00:00:00.000","0.0","2022","0.0","0.0","ISLA FUERTE","R","N","26471.16","0.0","ISLA FUERTE","P","1","703531744260113865703531744","299809998299809998299809998","R"
"1300100700001","0.0","48907","0.0","L","3","0","20","CARTAGENA DE INDIAS","0.0","2022-03-31T00:00:00.000","C","-0.270","0.0","0","220.0","BOLÍVAR","SOLING DEL SINU S.A.S. E.S.P.","2022-04-08T00:00:00.000","0.0","2022","0.0","0.0","ISLA FUERTE","R","N","0","0.0","ISLA FUERTE","P","1","129148389542725552129148389","936278038936278038936278038","R"
"1300100700001","0.0","48907","0.0","L","3","0","20","CARTAGENA DE INDIAS","0.0","2022-03-31T00:00:00.000","C","-0.270","0.0","0","220.0","BOLÍVAR","SOLING DEL SINU S.A.S. E.S.P.","2022-04-08T00:00:00.000","0.0","2022","0.0","0.0","ISLA FUERTE","R","N","0","0.0","ISLA FUERTE","P","1","791032908433757877791032908","639598339639598339639598339","R"
"1300100700001","0.0","48907","9.65","L","3","10456.84","20","CARTAGENA DE INDIAS","0.0","2022-03-31T00:00:00.000","C","-0.270","0.0","-2812.15","220.0","BOLÍVAR","SOLING DEL SINU S.A.S. E.S.P.","2022-04-08T00:00:00.000","0.0","2022","0.0","0.0","ISLA FUERTE","R","N","7644.69","0.0","ISLA FUERTE","P","1","596995481228449331596995481","671850629671850629671850629","R"
"1300100700001","0.0","48907","45.87","L","3","49715.5","20","CARTAGENA DE INDIAS","0.0","2022-03-31T00:00:00.000","C","-0.270","0.0","-13369.94","220.0","BOLÍVAR","SOLING DEL SINU S.A.S. E.S.P.","2022-04-08T00:00:00.000","0.0","2022","0.0","0.0","ISLA FUERTE","R","N","36345.56","0.0","ISLA FUERTE","P","1","148069198719583627148069198","911721184911721184911721184","R"
"1300100700001","0.0","48907","44.5","L","3","48226.31","20","CARTAGENA DE INDIAS","0.0","2022-03-31T00:00:00.000","C","-0.270","0.0","-12969.46","220.0","BOLÍVAR","SOLING DEL SINU S.A.S. E.S.P.","2022-04-08T00:00:00.000","0.0","2022","0.0","0.0","ISLA FUERTE","R","N","35256.85","0.0","ISLA FUERTE","P","1","222775276426944389222775276","706212778706212778706212778","R"
"1300100700001","0.0","48907","4.61","L","3","4994.31","20","CARTAGENA DE INDIAS","0.0","2022-03-31T00:00:00.000","C","-0.270","0.0","-1343.12","220.0","BOLÍVAR","SOLING DEL SINU S.A.S. E.S.P.","2022-04-08T00:00:00.000","0.0","2022","0.0","0.0","ISLA FUERTE","R","N","3651.19","0.0","ISLA FUERTE","P","1","291880299818185807291880299","873736782873736782873736782","R"
"1300100700001","0.0","48907","6.62","L","3","7179.32","20","CARTAGENA DE INDIAS","0.0","2022-03-31T00:00:00.000","C","-0.270","0.0","-1930.73","220.0","BOLÍVAR","SOLING DEL SINU S.A.S. E.S.P.","2022-04-08T00:00:00.000","0.0","2022","0.0","0.0","ISLA FUERTE","R","N","5248.59","0.0","ISLA FUERTE","P","1","16628837814419689166288378","642110302642110302642110302","R"
"1300100700001","0.0","48907","6.19","L","3","6711.1","20","CARTAGENA DE INDIAS","0.0","2022-03-31T00:00:00.000","C","-0.270","0.0","-1804.81","220.0","BOLÍVAR","SOLING DEL SINU S.A.S. E.S.P.","2022-04-08T00:00:00.000","0.0","2022","0.0","0.0","ISLA FUERTE","R","N","4906.29","0.0","ISLA FUERTE","P","1","310804368698172566310804368","700531777700531777700531777","R"
"1300100700001","0.0","48907","11.52","L","3","12485.78","20","CARTAGENA DE INDIAS","0.0","2022-03-31T00:00:00.000","1","-0.750","0.0","-9417.54",,"BOLÍVAR","SOLING DEL SINU S.A.S. E.S.P.","2022-04-08T00:00:00.000","0.0","2022","0.0","0.0","ISLA FUERTE","R","N","3068.24","0.0","ISLA FUERTE","P","1","4913352713655816749133527","193395871933958719339587","R"
"1300100700001","0.0","48907","19.39","L","3","21017.72","20","CARTAGENA DE INDIAS","0.0","2022-03-31T00:00:00.000","1","-0.750","0.0","-15852.86",,"BOLÍVAR","SOLING DEL SINU S.A.S. E.S.P.","2022-04-08T00:00:00.000","0.0","2022","0.0","0.0","ISLA FUERTE","R","N","5164.86","0.0","ISLA FUERTE","P","1","429210004562609683429210004","885030934885030934885030934","R"
"1300100700001","0.0","48907","14.69","L","3","15919.36","20","CARTAGENA DE INDIAS","0.0","2022-03-31T00:00:00.000","1","-0.750","0.0","-12007.36",,"BOLÍVAR","SOLING DEL SINU S.A.S. E.S.P.","2022-04-08T00:00:00.000","0.0","2022","0.0","0.0","ISLA FUERTE","R","N","3912","0.0","ISLA FUERTE","P","1","963944791909645305963944791","807053178807053178807053178","R"
"1300100700001","0.0","48907","34.67","L","3","37576.12","20","CARTAGENA DE INDIAS","0.0","2022-03-31T00:00:00.000","1","-0.750","0.0","-28342.21",,"BOLÍVAR","SOLING DEL SINU S.A.S. E.S.P.","2022-04-08T00:00:00.000","0.0","2022","0.0","0.0","ISLA FUERTE","R","N","9233.91","0.0","ISLA FUERTE","P","1","542208209105782982542208209","149849273149849273149849273","R"
"1300100700001","0.0","48907","25.63","L","3","27780.85","20","CARTAGENA DE INDIAS","0.0","2022-03-31T00:00:00.000","1","-0.750","0.0","-20954.02",,"BOLÍVAR","SOLING DEL SINU S.A.S. E.S.P.","2022-04-08T00:00:00.000","0.0","2022","0.0","0.0","ISLA FUERTE","R","N","6826.83","0.0","ISLA FUERTE","P","1","71568723192388388715687231","299558789299558789299558789","R"
"1300100700001","0.0","48907","12.1","L","3","13110.06","20","CARTAGENA DE INDIAS","0.0","2022-03-31T00:00:00.000","1","-0.750","0.0","-9888.42",,"BOLÍVAR","SOLING DEL SINU S.A.S. E.S.P.","2022-04-08T00:00:00.000","0.0","2022","0.0","0.0","ISLA FUERTE","R","N","3221.64","0.0","ISLA FUERTE","P","1","42417378030615235424173780","445150017445150017445150017","R"
"1300100700001","0.0","48907","0.0","L","3","0","20","CARTAGENA DE INDIAS","0.0","2022-03-31T00:00:00.000","1","-0.750","0.0","0",,"BOLÍVAR","SOLING DEL SINU S.A.S. E.S.P.","2022-04-08T00:00:00.000","0.0","2022","0.0","0.0","ISLA FUERTE","R","N","0","0.0","ISLA FUERTE","P","1","386271985734551551386271985","426750712426750712426750712","R"
"1300100700001","0.0","48907","5.18","L","3","5618.6","20","CARTAGENA DE INDIAS","0.0","2022-03-31T00:00:00.000","1","-0.750","0.0","-4237.89",,"BOLÍVAR","SOLING DEL SINU S.A.S. E.S.P.","2022-04-08T00:00:00.000","0.0","2022","0.0","0.0","ISLA FUERTE","R","N","1380.71","0.0","ISLA FUERTE","P","1","201126049924208045201126049","130541757130541757130541757","R"
"1300100700001","0.0","48907","18.58","L","3","20133.31","20","CARTAGENA DE INDIAS","0.0","2022-03-31T00:00:00.000","1","-0.750","0.0","-15185.78",,"BOLÍVAR","SOLING DEL SINU S.A.S. E.S.P.","2022-04-08T00:00:00.000","0.0","2022","0.0","0.0","ISLA FUERTE","R","N","4947.53","0.0","ISLA FUERTE","P","1","630245241309574366630245241","787759245787759245787759245","R"
"1300100700001","0.0","48907","13.86","L","3","15021.95","20","CARTAGENA DE INDIAS","0.0","2022-03-31T00:00:00.000","1","-0.750","0.0","-11330.48",,"BOLÍVAR","SOLING DEL SINU S.A.S. E.S.P.","2022-04-08T00:00:00.000","0.0","2022","0.0","0.0","ISLA FUERTE","R","N","3691.47","0.0","ISLA FUERTE","P","1","200166189887253761200166189","289791936289791936289791936","R"
"1300100700001","0.0","48907","11.81","L","3","12797.92","20","CARTAGENA DE INDIAS","0.0","2022-03-31T00:00:00.000","1","-0.750","0.0","-9652.98",,"BOLÍVAR","SOLING DEL SINU S.A.S. E.S.P.","2022-04-08T00:00:00.000","0.0","2022","0.0","0.0","ISLA FUERTE","R","N","3144.94","0.0","ISLA FUERTE","P","1","120191018674742029120191018","917566134917566134917566134","R"
"1300100700001","0.0","48907","0.0","L","3","0","20","CARTAGENA DE INDIAS","0.0","2022-03-31T00:00:00.000","1","-0.750","0.0","0",,"BOLÍVAR","SOLING DEL SINU S.A.S. E.S.P.","2022-04-08T00:00:00.000","0.0","2022","0.0","0.0","ISLA FUERTE","R","N","0","0.0","ISLA FUERTE","P","1","687788983495521140687788983","883387499883387499883387499","R"
"1300100700001","0.0","48907","12.96","L","3","14046.5","20","CARTAGENA DE INDIAS","0.0","2022-03-31T00:00:00.000","1","-0.750","0.0","-10594.73",,"BOLÍVAR","SOLING DEL SINU S.A.S. E.S.P.","2022-04-08T00:00:00.000","0.0","2022","0.0","0.0","ISLA FUERTE","R","N","3451.77","0.0","ISLA FUERTE","P","1","176907923171975998176907923","726443770726443770726443770","R"
"1300100700001","0.0","48907","13.25","L","3","14358.64","20","CARTAGENA DE INDIAS","0.0","2022-03-31T00:00:00.000","1","-0.750","0.0","-10830.17",,"BOLÍVAR","SOLING DEL SINU S.A.S. E.S.P.","2022-04-08T00:00:00.000","0.0","2022","0.0","0.0","ISLA FUERTE","R","N","3528.47","0.0","ISLA FUERTE","P","1","13464826954071274134648269","657680428657680428657680428","R"
"1300100700001","0.0","48907","13.82","L","3","14982.93","20","CARTAGENA DE INDIAS","0.0","2022-03-31T00:00:00.000","1","-0.750","0.0","-11301.05",,"BOLÍVAR","SOLING DEL SINU S.A.S. E.S.P.","2022-04-08T00:00:00.000","0.0","2022","0.0","0.0","ISLA FUERTE","R","N","3681.88","0.0","ISLA FUERTE","P","1","899605760856833593899605760","319764078319764078319764078","R"
"1300100700001","0.0","48907","9.79","L","3","10612.91","20","CARTAGENA DE INDIAS","0.0","2022-03-31T00:00:00.000","1","-0.750","0.0","-8004.91",,"BOLÍVAR","SOLING DEL SINU S.A.S. E.S.P.","2022-04-08T00:00:00.000","0.0","2022","0.0","0.0","ISLA FUERTE","R","N","2608","0.0","ISLA FUERTE","P","1","558549755375306878558549755","422335182422335182422335182","R"
"1300100700001","0.0","48907","11.52","L","3","12485.78","20","CARTAGENA DE INDIAS","0.0","2022-03-31T00:00:00.000","1","-0.750","0.0","-9417.54",,"BOLÍVAR","SOLING DEL SINU S.A.S. E.S.P.","2022-04-08T00:00:00.000","0.0","2022","0.0","0.0","ISLA FUERTE","R","N","3068.24","0.0","ISLA FUERTE","P","1","886897737578240312886897737","329470456329470456329470456","R"
"1300100700001","0.0","48907","13.97","L","3","15139","20","CARTAGENA DE INDIAS","0.0","2022-03-31T00:00:00.000","1","-0.750","0.0","-11418.77",,"BOLÍVAR","SOLING DEL SINU S.A.S. E.S.P.","2022-04-08T00:00:00.000","0.0","2022","0.0","0.0","ISLA FUERTE","R","N","3720.23","0.0","ISLA FUERTE","P","1","8111261242590951811126124","223457818223457818223457818","R"
"1300100700001","0.0","48907","27.65","L","3","29965.86","20","CARTAGENA DE INDIAS","0.0","2022-03-31T00:00:00.000","1","-0.750","0.0","-22602.09",,"BOLÍVAR","SOLING DEL SINU S.A.S. E.S.P.","2022-04-08T00:00:00.000","0.0","2022","0.0","0.0","ISLA FUERTE","R","N","7363.77","0.0","ISLA FUERTE","P","1","528413834709577137528413834","309421949309421949309421949","R"
"1300100700001","0.0","48907","10.08","L","3","10925.05","20","CARTAGENA DE INDIAS","0.0","2022-03-31T00:00:00.000","1","-0.750","0.0","-8240.35",,"BOLÍVAR","SOLING DEL SINU S.A.S. E.S.P.","2022-04-08T00:00:00.000","0.0","2022","0.0","0.0","ISLA FUERTE","R","N","2684.7","0.0","ISLA FUERTE","P","1","467665725863648606467665725","378239025378239025378239025","R"
"1300100700001","0.0","48907","24.62","L","3","26688.35","20","CARTAGENA DE INDIAS","0.0","2022-03-31T00:00:00.000","1","-0.750","0.0","-20129.99",,"BOLÍVAR","SOLING DEL SINU S.A.S. E.S.P.","2022-04-08T00:00:00.000","0.0","2022","0.0","0.0","ISLA FUERTE","R","N","6558.36","0.0","ISLA FUERTE","P","1","551167431807275211551167431","710573542710573542710573542","R"
"1300100700001","0.0","48907","0.0","L","3","0","20","CARTAGENA DE INDIAS","0.0","2022-03-31T00:00:00.000","1","-0.750","0.0","0",,"BOLÍVAR","SOLING DEL SINU S.A.S. E.S.P.","2022-04-08T00:00:00.000","0.0","2022","0.0","0.0","ISLA FUERTE","R","N","0","0.0","ISLA FUERTE","P","1","1169634184605032211696341","786071834786071834786071834","R"
"1300100700001","0.0","48907","13.2","L","3","14306.62","20","CARTAGENA DE INDIAS","0.0","2022-03-31T00:00:00.000","1","-0.750","0.0","-10790.93",,"BOLÍVAR","SOLING DEL SINU S.A.S. E.S.P.","2022-04-08T00:00:00.000","0.0","2022","0.0","0.0","ISLA FUERTE","R","N","3515.69","0.0","ISLA FUERTE","P","1","521582843911168152158284","843182110843182110843182110","R"
"1300100700001","0.0","48907","21.02","L","3","22786.54","20","CARTAGENA DE INDIAS","0.0","2022-03-31T00:00:00.000","1","-0.750","0.0","-17187.01",,"BOLÍVAR","SOLING DEL SINU S.A.S. E.S.P.","2022-04-08T00:00:00.000","0.0","2022","0.0","0.0","ISLA FUERTE","R","N","5599.53","0.0","ISLA FUERTE","P","1","905527982231629962905527982","154973166154973166154973166","R"
"1300100700001","0.0","48907","45.34","L","3","49144.86","20","CARTAGENA DE INDIAS","0.0","2022-03-31T00:00:00.000","1","-0.750","0.0","-37068.07",,"BOLÍVAR","SOLING DEL SINU S.A.S. E.S.P.","2022-04-08T00:00:00.000","0.0","2022","0.0","0.0","ISLA FUERTE","R","N","12076.79","0.0","ISLA FUERTE","P","1","864962429592259479864962429","977321018977321018977321018","R"
"1300100700001","0.0","48907","12.67","L","3","13734.35","20","CARTAGENA DE INDIAS","0.0","2022-03-31T00:00:00.000","1","-0.750","0.0","-10359.29",,"BOLÍVAR","SOLING DEL SINU S.A.S. E.S.P.","2022-04-08T00:00:00.000","0.0","2022","0.0","0.0","ISLA FUERTE","R","N","3375.06","0.0","ISLA FUERTE","P","1","972872130198339327972872130","858895338588953385889533","R"
"1300100700001","0.0","48907","11.38","L","3","12329.7","20","CARTAGENA DE INDIAS","0.0","2022-03-31T00:00:00.000","1","-0.750","0.0","-9299.82",,"BOLÍVAR","SOLING DEL SINU S.A.S. E.S.P.","2022-04-08T00:00:00.000","0.0","2022","0.0","0.0","ISLA FUERTE","R","N","3029.88","0.0","ISLA FUERTE","P","1","412588013736376825412588013","931381821931381821931381821","R"
"1300100700001","0.0","48907","12.94","L","3","14020.49","20","CARTAGENA DE INDIAS","0.0","2022-03-31T00:00:00.000","1","-0.750","0.0","-10575.11",,"BOLÍVAR","SOLING DEL SINU S.A.S. E.S.P.","2022-04-08T00:00:00.000","0.0","2022","0.0","0.0","ISLA FUERTE","R","N","3445.38","0.0","ISLA FUERTE","P","1","708525189712051522708525189","486203841486203841486203841","R"
"1300100700001","0.0","48907","8.35","L","3","9052.19","20","CARTAGENA DE INDIAS","0.0","2022-03-31T00:00:00.000","1","-0.750","0.0","-6827.72",,"BOLÍVAR","SOLING DEL SINU S.A.S. E.S.P.","2022-04-08T00:00:00.000","0.0","2022","0.0","0.0","ISLA FUERTE","R","N","2224.47","0.0","ISLA FUERTE","P","1","62446781151423191624467811","215654018215654018215654018","R"
"1300100700001","0.0","48907","6.91","L","3","7491.47","20","CARTAGENA DE INDIAS","0.0","2022-03-31T00:00:00.000","1","-0.750","0.0","-5650.52",,"BOLÍVAR","SOLING DEL SINU S.A.S. E.S.P.","2022-04-08T00:00:00.000","0.0","2022","0.0","0.0","ISLA FUERTE","R","N","1840.95","0.0","ISLA FUERTE","P","1","678900903783710582678900903","519758802519758802519758802","R"
"1300100700001","0.0","48907","11.09","L","3","12017.56","20","CARTAGENA DE INDIAS","0.0","2022-03-31T00:00:00.000","1","-0.750","0.0","-9064.38",,"BOLÍVAR","SOLING DEL SINU S.A.S. E.S.P.","2022-04-08T00:00:00.000","0.0","2022","0.0","0.0","ISLA FUERTE","R","N","2953.18","0.0","ISLA FUERTE","P","1","487337218832378955487337218","370680453370680453370680453","R"
"1300100700001","0.0","48907","12.67","L","3","13734.35","20","CARTAGENA DE INDIAS","0.0","2022-03-31T00:00:00.000","1","-0.750","0.0","-10359.29",,"BOLÍVAR","SOLING DEL SINU S.A.S. E.S.P.","2022-04-08T00:00:00.000","0.0","2022","0.0","0.0","ISLA FUERTE","R","N","3375.06","0.0","ISLA FUERTE","P","1","104943567567135399104943567","669136407669136407669136407","R"
"1300100700001","0.0","48907","15.55","L","3","16855.8","20","CARTAGENA DE INDIAS","0.0","2022-03-31T00:00:00.000","1","-0.750","0.0","-12713.68",,"BOLÍVAR","SOLING DEL SINU S.A.S. E.S.P.","2022-04-08T00:00:00.000","0.0","2022","0.0","0.0","ISLA FUERTE","R","N","4142.12","0.0","ISLA FUERTE","P","1","36174526759535204361745267","446301004463010044630100","R"
"1300100700001","0.0","48907","9.07","L","3","9832.55","20","CARTAGENA DE INDIAS","0.0","2022-03-31T00:00:00.000","1","-0.750","0.0","-7416.31",,"BOLÍVAR","SOLING DEL SINU S.A.S. E.S.P.","2022-04-08T00:00:00.000","0.0","2022","0.0","0.0","ISLA FUERTE","R","N","2416.24","0.0","ISLA FUERTE","P","1","820064250308814598820064250","173889535173889535173889535","R"
"1300100700001","0.0","48907","10.08","L","3","10925.05","20","CARTAGENA DE INDIAS","0.0","2022-03-31T00:00:00.000","1","-0.750","0.0","-8240.35",,"BOLÍVAR","SOLING DEL SINU S.A.S. E.S.P.","2022-04-08T00:00:00.000","0.0","2022","0.0","0.0","ISLA FUERTE","R","N","2684.7","0.0","ISLA FUERTE","P","1","5401489351315883454014893","804637661804637661804637661","R"
"1300100700001","0.0","48907","8.06","L","3","8740.04","20","CARTAGENA DE INDIAS","0.0","2022-03-31T00:00:00.000","1","-0.750","0.0","-6592.28",,"BOLÍVAR","SOLING DEL SINU S.A.S. E.S.P.","2022-04-08T00:00:00.000","0.0","2022","0.0","0.0","ISLA FUERTE","R","N","2147.76","0.0","ISLA FUERTE","P","1","263700171867115904263700171","191946447191946447191946447","R"
"1300100700001","0.0","48907","0.0","L","3","0","20","CARTAGENA DE INDIAS","0.0","2022-03-31T00:00:00.000","1","-0.750","0.0","0",,"BOLÍVAR","SOLING DEL SINU S.A.S. E.S.P.","2022-04-08T00:00:00.000","0.0","2022","0.0","0.0","ISLA FUERTE","R","N","0","0.0","ISLA FUERTE","P","1","596004706742445849596004706","221657425221657425221657425","R"
