fecha_hora,valor,id
2023-01-01T01:00:00,235.32708,Sistema
2023-01-01T02:00:00,237.4847,Sistema
2023-01-01T03:00:00,237.47185,Sistema
2023-01-01T04:00:00,235.48528,Sistema
2023-01-01T05:00:00,228.38619,Sistema
2023-01-01T06:00:00,226.98583,Sistema
2023-01-01T07:00:00,218.97985,Sistema
2023-01-01T08:00:00,219.05194,Sistema
2023-01-01T09:00:00,218.39071,Sistema
2023-01-01T10:00:00,235.25346,Sistema
2023-01-01T11:00:00,229.0655,Sistema
2023-01-01T12:00:00,224.29173,Sistema
2023-01-01T13:00:00,217.88991,Sistema
2023-01-01T14:00:00,214.62547,Sistema
2023-01-01T15:00:00,215.014,Sistema
2023-01-01T16:00:00,217.48451,Sistema
2023-01-01T17:00:00,220.43711,Sistema
2023-01-01T18:00:00,219.33646,Sistema
2023-01-01T19:00:00,190.67855,Sistema
2023-01-01T20:00:00,187.0634,Sistema
2023-01-01T21:00:00,188.84904,Sistema
2023-01-01T22:00:00,192.1119,Sistema
2023-01-01T23:00:00,199.76417,Sistema
2023-01-01T24:00:00,211.44112,Sistema
2023-01-02T01:00:00,222.75153,Sistema
2023-01-02T02:00:00,231.91516,Sistema
2023-01-02T03:00:00,231.74329,Sistema
2023-01-02T04:00:00,223.34216,Sistema
2023-01-02T05:00:00,226.83172,Sistema
2023-01-02T06:00:00,224.97386,Sistema
2023-01-02T07:00:00,223.11088,Sistema
2023-01-02T08:00:00,210.84391,Sistema
2023-01-02T09:00:00,200.87403,Sistema
2023-01-02T10:00:00,188.75392,Sistema
2023-01-02T11:00:00,179.19516,Sistema
2023-01-02T12:00:00,174.07796,Sistema
2023-01-02T13:00:00,171.07431,Sistema
2023-01-02T14:00:00,170.57762,Sistema
2023-01-02T15:00:00,162.14948,Sistema
2023-01-02T16:00:00,163.06131,Sistema
2023-01-02T17:00:00,169.37279,Sistema
2023-01-02T18:00:00,179.87008,Sistema
2023-01-02T19:00:00,165.21137,Sistema
2023-01-02T20:00:00,161.05893,Sistema
2023-01-02T21:00:00,163.52349,Sistema
2023-01-02T22:00:00,169.95279,Sistema
2023-01-02T23:00:00,177.05663,Sistema
2023-01-02T24:00:00,185.76543,Sistema
2023-01-03T01:00:00,198.65769,Sistema
2023-01-03T02:00:00,207.30885,Sistema
2023-01-03T03:00:00,206.58393,Sistema
2023-01-03T04:00:00,198.25808,Sistema
2023-01-03T05:00:00,195.18063,Sistema
2023-01-03T06:00:00,194.6212,Sistema
2023-01-03T07:00:00,193.77845,Sistema
2023-01-03T08:00:00,183.02979,Sistema
2023-01-03T09:00:00,173.11987,Sistema
2023-01-03T10:00:00,168.59061,Sistema
2023-01-03T11:00:00,163.73271,Sistema
2023-01-03T12:00:00,158.86996,Sistema
2023-01-03T13:00:00,158.4577,Sistema
2023-01-03T14:00:00,159.27997,Sistema
2023-01-03T15:00:00,158.30445,Sistema
2023-01-03T16:00:00,158.23855,Sistema
2023-01-03T17:00:00,161.52371,Sistema
2023-01-03T18:00:00,166.01581,Sistema
2023-01-03T19:00:00,155.64143,Sistema
2023-01-03T20:00:00,155.75127,Sistema
2023-01-03T21:00:00,160.94666,Sistema
2023-01-03T22:00:00,166.38289,Sistema
2023-01-03T23:00:00,176.78986,Sistema
2023-01-03T24:00:00,185.01891,Sistema
2023-01-04T01:00:00,191.77233,Sistema
2023-01-04T02:00:00,196.88192,Sistema
2023-01-04T03:00:00,198.25286,Sistema
2023-01-04T04:00:00,191.3693,Sistema
2023-01-04T05:00:00,186.88202,Sistema
2023-01-04T06:00:00,183.77758,Sistema
2023-01-04T07:00:00,184.18364,Sistema
2023-01-04T08:00:00,177.36809,Sistema
2023-01-04T09:00:00,169.15416,Sistema
2023-01-04T10:00:00,159.88722,Sistema
2023-01-04T11:00:00,151.51835,Sistema
2023-01-04T12:00:00,147.78527,Sistema
2023-01-04T13:00:00,148.54874,Sistema
2023-01-04T14:00:00,149.71602,Sistema
2023-01-04T15:00:00,148.78417,Sistema
2023-01-04T16:00:00,149.15093,Sistema
2023-01-04T17:00:00,151.92269,Sistema
2023-01-04T18:00:00,154.32574,Sistema
2023-01-04T19:00:00,150.6582,Sistema
2023-01-04T20:00:00,148.88533,Sistema
2023-01-04T21:00:00,153.11129,Sistema
2023-01-04T22:00:00,161.16486,Sistema
2023-01-04T23:00:00,173.59945,Sistema
2023-01-04T24:00:00,180.50098,Sistema
2023-01-05T01:00:00,191.01218,Sistema
2023-01-05T02:00:00,199.61928,Sistema
2023-01-05T03:00:00,202.69067,Sistema
2023-01-05T04:00:00,200.32492,Sistema
2023-01-05T05:00:00,198.07974,Sistema
2023-01-05T06:00:00,191.76473,Sistema
2023-01-05T07:00:00,190.08524,Sistema
2023-01-05T08:00:00,179.8579,Sistema
2023-01-05T09:00:00,170.69285,Sistema
2023-01-05T10:00:00,165.46526,Sistema
2023-01-05T11:00:00,161.89457,Sistema
2023-01-05T12:00:00,162.46938,Sistema
2023-01-05T13:00:00,164.15601,Sistema
2023-01-05T14:00:00,167.63445,Sistema
2023-01-05T15:00:00,171.08258,Sistema
2023-01-05T16:00:00,165.16427,Sistema
2023-01-05T17:00:00,167.55526,Sistema
2023-01-05T18:00:00,170.88827,Sistema
2023-01-05T19:00:00,161.4032,Sistema
2023-01-05T20:00:00,160.27696,Sistema
2023-01-05T21:00:00,163.82651,Sistema
2023-01-05T22:00:00,171.01317,Sistema
2023-01-05T23:00:00,180.43159,Sistema
2023-01-05T24:00:00,188.51003,Sistema
2023-01-06T01:00:00,196.39672,Sistema
2023-01-06T02:00:00,194.57193,Sistema
2023-01-06T03:00:00,194.98752,Sistema
2023-01-06T04:00:00,197.48242,Sistema
2023-01-06T05:00:00,192.47353,Sistema
2023-01-06T06:00:00,193.19017,Sistema
2023-01-06T07:00:00,195.3363,Sistema
2023-01-06T08:00:00,186.82275,Sistema
2023-01-06T09:00:00,173.60754,Sistema
2023-01-06T10:00:00,171.30111,Sistema
2023-01-06T11:00:00,167.11977,Sistema
2023-01-06T12:00:00,167.65653,Sistema
2023-01-06T13:00:00,171.2992,Sistema
2023-01-06T14:00:00,167.86296,Sistema
2023-01-06T15:00:00,166.39518,Sistema
2023-01-06T16:00:00,167.67635,Sistema
2023-01-06T17:00:00,152.5658,Sistema
2023-01-06T18:00:00,152.62104,Sistema
2023-01-06T19:00:00,143.6459,Sistema
2023-01-06T20:00:00,143.19875,Sistema
2023-01-06T21:00:00,143.82182,Sistema
2023-01-06T22:00:00,148.50901,Sistema
2023-01-06T23:00:00,155.76306,Sistema
2023-01-06T24:00:00,161.20881,Sistema
2023-01-07T01:00:00,161.56263,Sistema
2023-01-07T02:00:00,170.18438,Sistema
2023-01-07T03:00:00,176.3757,Sistema
2023-01-07T04:00:00,172.51828,Sistema
2023-01-07T05:00:00,173.8011,Sistema
2023-01-07T06:00:00,175.34823,Sistema
2023-01-07T07:00:00,173.51183,Sistema
2023-01-07T08:00:00,169.27192,Sistema
2023-01-07T09:00:00,159.84178,Sistema
2023-01-07T10:00:00,156.63,Sistema
2023-01-07T11:00:00,155.96996,Sistema
2023-01-07T12:00:00,153.52086,Sistema
2023-01-07T13:00:00,152.94067,Sistema
2023-01-07T14:00:00,154.96892,Sistema
2023-01-07T15:00:00,156.44667,Sistema
2023-01-07T16:00:00,157.11615,Sistema
2023-01-07T17:00:00,159.14704,Sistema
2023-01-07T18:00:00,161.32424,Sistema
2023-01-07T19:00:00,150.86183,Sistema
2023-01-07T20:00:00,150.4717,Sistema
2023-01-07T21:00:00,154.5512,Sistema
2023-01-07T22:00:00,161.87036,Sistema
2023-01-07T23:00:00,169.69395,Sistema
2023-01-07T24:00:00,177.62954,Sistema
2023-01-08T01:00:00,160.41828,Sistema
2023-01-08T02:00:00,160.2106,Sistema
2023-01-08T03:00:00,139.85395,Sistema
2023-01-08T04:00:00,120.73439,Sistema
2023-01-08T05:00:00,110.25983,Sistema
2023-01-08T06:00:00,106.85975,Sistema
2023-01-08T07:00:00,112.12247,Sistema
2023-01-08T08:00:00,121.0081,Sistema
2023-01-08T09:00:00,127.80141,Sistema
2023-01-08T10:00:00,135.34987,Sistema
2023-01-08T11:00:00,138.25509,Sistema
2023-01-08T12:00:00,139.15174,Sistema
2023-01-08T13:00:00,142.93384,Sistema
2023-01-08T14:00:00,148.06536,Sistema
2023-01-08T15:00:00,150.81512,Sistema
2023-01-08T16:00:00,150.38566,Sistema
2023-01-08T17:00:00,151.59363,Sistema
2023-01-08T18:00:00,150.68909,Sistema
2023-01-08T19:00:00,138.88357,Sistema
2023-01-08T20:00:00,136.58833,Sistema
2023-01-08T21:00:00,140.71015,Sistema
2023-01-08T22:00:00,146.92881,Sistema
2023-01-08T23:00:00,156.8801,Sistema
2023-01-08T24:00:00,157.38792,Sistema
2023-01-09T01:00:00,172.95283,Sistema
2023-01-09T02:00:00,171.82244,Sistema
2023-01-09T03:00:00,159.28055,Sistema
2023-01-09T04:00:00,150.40534,Sistema
2023-01-09T05:00:00,141.74089,Sistema
2023-01-09T06:00:00,138.62601,Sistema
2023-01-09T07:00:00,147.88317,Sistema
2023-01-09T08:00:00,154.57525,Sistema
2023-01-09T09:00:00,163.61101,Sistema
2023-01-09T10:00:00,164.97885,Sistema
2023-01-09T11:00:00,166.36354,Sistema
2023-01-09T12:00:00,162.79887,Sistema
2023-01-09T13:00:00,162.82415,Sistema
2023-01-09T14:00:00,163.35926,Sistema
2023-01-09T15:00:00,165.46121,Sistema
2023-01-09T16:00:00,173.39174,Sistema
2023-01-09T17:00:00,177.97194,Sistema
2023-01-09T18:00:00,178.54179,Sistema
2023-01-09T19:00:00,166.14695,Sistema
2023-01-09T20:00:00,161.81733,Sistema
2023-01-09T21:00:00,165.33799,Sistema
2023-01-09T22:00:00,170.28908,Sistema
2023-01-09T23:00:00,178.60172,Sistema
2023-01-09T24:00:00,188.83273,Sistema
2023-01-10T01:00:00,161.20398,Sistema
2023-01-10T02:00:00,148.14804,Sistema
2023-01-10T03:00:00,133.96031,Sistema
2023-01-10T04:00:00,122.42529,Sistema
2023-01-10T05:00:00,114.86146,Sistema
2023-01-10T06:00:00,109.99031,Sistema
2023-01-10T07:00:00,120.55552,Sistema
2023-01-10T08:00:00,143.78223,Sistema
2023-01-10T09:00:00,147.40182,Sistema
2023-01-10T10:00:00,146.23308,Sistema
2023-01-10T11:00:00,145.59097,Sistema
2023-01-10T12:00:00,143.22184,Sistema
2023-01-10T13:00:00,144.11599,Sistema
2023-01-10T14:00:00,144.14286,Sistema
2023-01-10T15:00:00,143.28344,Sistema
2023-01-10T16:00:00,142.22449,Sistema
2023-01-10T17:00:00,144.63133,Sistema
2023-01-10T18:00:00,147.19121,Sistema
2023-01-10T19:00:00,138.93529,Sistema
2023-01-10T20:00:00,137.2582,Sistema
2023-01-10T21:00:00,140.15181,Sistema
2023-01-10T22:00:00,146.59306,Sistema
2023-01-10T23:00:00,157.98117,Sistema
2023-01-10T24:00:00,150.08561,Sistema
2023-01-11T01:00:00,153.5041,Sistema
2023-01-11T02:00:00,145.55183,Sistema
2023-01-11T03:00:00,147.46751,Sistema
2023-01-11T04:00:00,148.28082,Sistema
2023-01-11T05:00:00,148.28373,Sistema
2023-01-11T06:00:00,146.22266,Sistema
2023-01-11T07:00:00,159.16997,Sistema
2023-01-11T08:00:00,162.6396,Sistema
2023-01-11T09:00:00,163.10442,Sistema
2023-01-11T10:00:00,161.05976,Sistema
2023-01-11T11:00:00,154.3917,Sistema
2023-01-11T12:00:00,145.33629,Sistema
2023-01-11T13:00:00,148.24707,Sistema
2023-01-11T14:00:00,148.77545,Sistema
2023-01-11T15:00:00,141.58762,Sistema
2023-01-11T16:00:00,141.23342,Sistema
2023-01-11T17:00:00,141.68066,Sistema
2023-01-11T18:00:00,142.28546,Sistema
2023-01-11T19:00:00,134.51194,Sistema
2023-01-11T20:00:00,133.06952,Sistema
2023-01-11T21:00:00,135.67553,Sistema
2023-01-11T22:00:00,141.41789,Sistema
2023-01-11T23:00:00,146.2306,Sistema
2023-01-11T24:00:00,137.96837,Sistema
2023-01-12T01:00:00,129.63021,Sistema
2023-01-12T02:00:00,121.01893,Sistema
2023-01-12T03:00:00,111.17076,Sistema
2023-01-12T04:00:00,107.01579,Sistema
2023-01-12T05:00:00,90.9752,Sistema
2023-01-12T06:00:00,76.59078,Sistema
2023-01-12T07:00:00,71.68878,Sistema
2023-01-12T08:00:00,73.86581,Sistema
2023-01-12T09:00:00,80.40113,Sistema
2023-01-12T10:00:00,84.18555,Sistema
2023-01-12T11:00:00,78.90666,Sistema
2023-01-12T12:00:00,78.85793,Sistema
2023-01-12T13:00:00,82.23949,Sistema
2023-01-12T14:00:00,83.0242,Sistema
2023-01-12T15:00:00,83.20006,Sistema
2023-01-12T16:00:00,87.36068,Sistema
2023-01-12T17:00:00,89.33189,Sistema
2023-01-12T18:00:00,88.67361,Sistema
2023-01-12T19:00:00,82.77387,Sistema
2023-01-12T20:00:00,79.55104,Sistema
2023-01-12T21:00:00,77.73738,Sistema
2023-01-12T22:00:00,75.60295,Sistema
2023-01-12T23:00:00,78.05315,Sistema
2023-01-12T24:00:00,82.37816,Sistema
2023-01-13T01:00:00,85.63339,Sistema
2023-01-13T02:00:00,81.61954,Sistema
2023-01-13T03:00:00,83.25589,Sistema
2023-01-13T04:00:00,76.35278,Sistema
2023-01-13T05:00:00,68.93938,Sistema
2023-01-13T06:00:00,66.26627,Sistema
2023-01-13T07:00:00,65.73518,Sistema
2023-01-13T08:00:00,64.96933,Sistema
2023-01-13T09:00:00,63.03413,Sistema
2023-01-13T10:00:00,66.33638,Sistema
2023-01-13T11:00:00,69.77241,Sistema
2023-01-13T12:00:00,64.93675,Sistema
2023-01-13T13:00:00,65.86445,Sistema
2023-01-13T14:00:00,68.04834,Sistema
2023-01-13T15:00:00,72.69326,Sistema
2023-01-13T16:00:00,73.34658,Sistema
2023-01-13T17:00:00,74.84278,Sistema
2023-01-13T18:00:00,79.3428,Sistema
2023-01-13T19:00:00,76.46455,Sistema
2023-01-13T20:00:00,75.48025,Sistema
2023-01-13T21:00:00,78.77959,Sistema
2023-01-13T22:00:00,83.20952,Sistema
2023-01-13T23:00:00,90.95478,Sistema
2023-01-13T24:00:00,94.8612,Sistema
2023-01-14T01:00:00,90.24453,Sistema
2023-01-14T02:00:00,90.58546,Sistema
2023-01-14T03:00:00,89.19569,Sistema
2023-01-14T04:00:00,90.79027,Sistema
2023-01-14T05:00:00,82.6296,Sistema
2023-01-14T06:00:00,78.42767,Sistema
2023-01-14T07:00:00,78.33395,Sistema
2023-01-14T08:00:00,79.55329,Sistema
2023-01-14T09:00:00,76.76257,Sistema
2023-01-14T10:00:00,71.90303,Sistema
2023-01-14T11:00:00,69.37295,Sistema
2023-01-14T12:00:00,71.9062,Sistema
2023-01-14T13:00:00,75.89259,Sistema
2023-01-14T14:00:00,73.26474,Sistema
2023-01-14T15:00:00,64.78198,Sistema
2023-01-14T16:00:00,63.97237,Sistema
2023-01-14T17:00:00,67.23878,Sistema
2023-01-14T18:00:00,65.71774,Sistema
2023-01-14T19:00:00,63.65005,Sistema
2023-01-14T20:00:00,67.85952,Sistema
2023-01-14T21:00:00,70.33544,Sistema
2023-01-14T22:00:00,70.76317,Sistema
2023-01-14T23:00:00,78.0593,Sistema
2023-01-14T24:00:00,81.41853,Sistema
2023-01-15T01:00:00,82.61225,Sistema
2023-01-15T02:00:00,81.08001,Sistema
2023-01-15T03:00:00,87.10354,Sistema
2023-01-15T04:00:00,92.19364,Sistema
2023-01-15T05:00:00,97.7097,Sistema
2023-01-15T06:00:00,98.79217,Sistema
2023-01-15T07:00:00,95.70662,Sistema
2023-01-15T08:00:00,92.51821,Sistema
2023-01-15T09:00:00,92.80521,Sistema
2023-01-15T10:00:00,91.39021,Sistema
2023-01-15T11:00:00,92.36759,Sistema
2023-01-15T12:00:00,86.30664,Sistema
2023-01-15T13:00:00,84.30437,Sistema
2023-01-15T14:00:00,85.87537,Sistema
2023-01-15T15:00:00,89.71567,Sistema
2023-01-15T16:00:00,94.22598,Sistema
2023-01-15T17:00:00,98.11479,Sistema
2023-01-15T18:00:00,100.58856,Sistema
2023-01-15T19:00:00,96.64899,Sistema
2023-01-15T20:00:00,93.72667,Sistema
2023-01-15T21:00:00,95.37248,Sistema
2023-01-15T22:00:00,94.69166,Sistema
2023-01-15T23:00:00,103.06047,Sistema
2023-01-15T24:00:00,108.42643,Sistema
2023-01-16T01:00:00,109.33357,Sistema
2023-01-16T02:00:00,117.03432,Sistema
2023-01-16T03:00:00,118.22516,Sistema
2023-01-16T04:00:00,115.85537,Sistema
2023-01-16T05:00:00,113.8512,Sistema
2023-01-16T06:00:00,111.61498,Sistema
2023-01-16T07:00:00,107.73992,Sistema
2023-01-16T08:00:00,101.08173,Sistema
2023-01-16T09:00:00,96.27925,Sistema
2023-01-16T10:00:00,96.11253,Sistema
2023-01-16T11:00:00,90.66044,Sistema
2023-01-16T12:00:00,87.72615,Sistema
2023-01-16T13:00:00,86.42722,Sistema
2023-01-16T14:00:00,85.22596,Sistema
2023-01-16T15:00:00,85.48673,Sistema
2023-01-16T16:00:00,85.80574,Sistema
2023-01-16T17:00:00,87.17788,Sistema
2023-01-16T18:00:00,89.51457,Sistema
2023-01-16T19:00:00,87.95117,Sistema
2023-01-16T20:00:00,96.53632,Sistema
2023-01-16T21:00:00,100.39326,Sistema
2023-01-16T22:00:00,103.1126,Sistema
2023-01-16T23:00:00,106.52901,Sistema
2023-01-16T24:00:00,114.54698,Sistema
2023-01-17T01:00:00,104.87965,Sistema
2023-01-17T02:00:00,99.1872,Sistema
2023-01-17T03:00:00,94.69696,Sistema
2023-01-17T04:00:00,93.87348,Sistema
2023-01-17T05:00:00,79.30994,Sistema
2023-01-17T06:00:00,74.98645,Sistema
2023-01-17T07:00:00,73.0728,Sistema
2023-01-17T08:00:00,68.73756,Sistema
2023-01-17T09:00:00,64.50573,Sistema
2023-01-17T10:00:00,61.79667,Sistema
2023-01-17T11:00:00,59.86312,Sistema
2023-01-17T12:00:00,58.49248,Sistema
2023-01-17T13:00:00,58.70282,Sistema
2023-01-17T14:00:00,58.23997,Sistema
2023-01-17T15:00:00,60.12143,Sistema
2023-01-17T16:00:00,62.42902,Sistema
2023-01-17T17:00:00,66.38391,Sistema
2023-01-17T18:00:00,71.41729,Sistema
2023-01-17T19:00:00,70.40772,Sistema
2023-01-17T20:00:00,69.45333,Sistema
2023-01-17T21:00:00,71.77189,Sistema
2023-01-17T22:00:00,73.48187,Sistema
2023-01-17T23:00:00,78.53394,Sistema
2023-01-17T24:00:00,82.51259,Sistema
2023-01-18T01:00:00,79.64432,Sistema
2023-01-18T02:00:00,76.87993,Sistema
2023-01-18T03:00:00,74.65982,Sistema
2023-01-18T04:00:00,75.95659,Sistema
2023-01-18T05:00:00,71.94453,Sistema
2023-01-18T06:00:00,68.329,Sistema
2023-01-18T07:00:00,69.38932,Sistema
2023-01-18T08:00:00,69.77968,Sistema
2023-01-18T09:00:00,70.70237,Sistema
2023-01-18T10:00:00,72.14123,Sistema
2023-01-18T11:00:00,70.1453,Sistema
2023-01-18T12:00:00,67.62991,Sistema
2023-01-18T13:00:00,68.97729,Sistema
2023-01-18T14:00:00,70.1104,Sistema
2023-01-18T15:00:00,70.19717,Sistema
2023-01-18T16:00:00,69.589,Sistema
2023-01-18T17:00:00,70.98028,Sistema
2023-01-18T18:00:00,74.97428,Sistema
2023-01-18T19:00:00,72.53896,Sistema
2023-01-18T20:00:00,66.72615,Sistema
2023-01-18T21:00:00,68.04951,Sistema
2023-01-18T22:00:00,73.65813,Sistema
2023-01-18T23:00:00,82.79178,Sistema
2023-01-18T24:00:00,84.34096,Sistema
2023-01-19T01:00:00,85.15828,Sistema
2023-01-19T02:00:00,83.49867,Sistema
2023-01-19T03:00:00,86.27105,Sistema
2023-01-19T04:00:00,87.76115,Sistema
2023-01-19T05:00:00,83.38544,Sistema
2023-01-19T06:00:00,78.35744,Sistema
2023-01-19T07:00:00,77.44662,Sistema
2023-01-19T08:00:00,80.4301,Sistema
2023-01-19T09:00:00,78.70164,Sistema
2023-01-19T10:00:00,78.62216,Sistema
2023-01-19T11:00:00,77.07446,Sistema
2023-01-19T12:00:00,74.45657,Sistema
2023-01-19T13:00:00,72.59999,Sistema
2023-01-19T14:00:00,70.59286,Sistema
2023-01-19T15:00:00,69.6846,Sistema
2023-01-19T16:00:00,69.87412,Sistema
2023-01-19T17:00:00,70.73002,Sistema
2023-01-19T18:00:00,72.65217,Sistema
2023-01-19T19:00:00,71.14385,Sistema
2023-01-19T20:00:00,64.07421,Sistema
2023-01-19T21:00:00,68.4193,Sistema
2023-01-19T22:00:00,74.94234,Sistema
2023-01-19T23:00:00,85.43327,Sistema
2023-01-19T24:00:00,90.53102,Sistema
2023-01-20T01:00:00,93.4802,Sistema
2023-01-20T02:00:00,93.31534,Sistema
2023-01-20T03:00:00,98.47524,Sistema
2023-01-20T04:00:00,103.77558,Sistema
2023-01-20T05:00:00,100.9156,Sistema
2023-01-20T06:00:00,95.77875,Sistema
2023-01-20T07:00:00,100.20346,Sistema
2023-01-20T08:00:00,104.07526,Sistema
2023-01-20T09:00:00,104.40263,Sistema
2023-01-20T10:00:00,99.66313,Sistema
2023-01-20T11:00:00,95.56203,Sistema
2023-01-20T12:00:00,89.19876,Sistema
2023-01-20T13:00:00,93.61049,Sistema
2023-01-20T14:00:00,90.613,Sistema
2023-01-20T15:00:00,87.0972,Sistema
2023-01-20T16:00:00,87.69206,Sistema
2023-01-20T17:00:00,90.17397,Sistema
2023-01-20T18:00:00,93.8312,Sistema
2023-01-20T19:00:00,88.4975,Sistema
2023-01-20T20:00:00,91.37249,Sistema
2023-01-20T21:00:00,94.29074,Sistema
2023-01-20T22:00:00,98.44203,Sistema
2023-01-20T23:00:00,104.47298,Sistema
2023-01-20T24:00:00,106.25651,Sistema
2023-01-21T01:00:00,101.01298,Sistema
2023-01-21T02:00:00,97.09265,Sistema
2023-01-21T03:00:00,99.09815,Sistema
2023-01-21T04:00:00,95.70013,Sistema
2023-01-21T05:00:00,96.42305,Sistema
2023-01-21T06:00:00,92.73908,Sistema
2023-01-21T07:00:00,101.14572,Sistema
2023-01-21T08:00:00,97.66121,Sistema
2023-01-21T09:00:00,88.3798,Sistema
2023-01-21T10:00:00,88.52919,Sistema
2023-01-21T11:00:00,87.84986,Sistema
2023-01-21T12:00:00,87.39977,Sistema
2023-01-21T13:00:00,89.14545,Sistema
2023-01-21T14:00:00,88.89859,Sistema
2023-01-21T15:00:00,89.84976,Sistema
2023-01-21T16:00:00,90.28052,Sistema
2023-01-21T17:00:00,94.10818,Sistema
2023-01-21T18:00:00,93.68822,Sistema
2023-01-21T19:00:00,84.91242,Sistema
2023-01-21T20:00:00,82.48631,Sistema
2023-01-21T21:00:00,82.8522,Sistema
2023-01-21T22:00:00,82.49947,Sistema
2023-01-21T23:00:00,89.29752,Sistema
2023-01-21T24:00:00,97.97714,Sistema
2023-01-22T01:00:00,98.6936,Sistema
2023-01-22T02:00:00,103.43474,Sistema
2023-01-22T03:00:00,106.50881,Sistema
2023-01-22T04:00:00,110.11921,Sistema
2023-01-22T05:00:00,103.21448,Sistema
2023-01-22T06:00:00,96.419,Sistema
2023-01-22T07:00:00,100.51067,Sistema
2023-01-22T08:00:00,74.94165,Sistema
2023-01-22T09:00:00,55.62487,Sistema
2023-01-22T10:00:00,52.98734,Sistema
2023-01-22T11:00:00,51.0618,Sistema
2023-01-22T12:00:00,50.01286,Sistema
2023-01-22T13:00:00,48.52115,Sistema
2023-01-22T14:00:00,48.29566,Sistema
2023-01-22T15:00:00,50.4087,Sistema
2023-01-22T16:00:00,54.31442,Sistema
2023-01-22T17:00:00,57.47213,Sistema
2023-01-22T18:00:00,60.06021,Sistema
2023-01-22T19:00:00,59.40151,Sistema
2023-01-22T20:00:00,53.02744,Sistema
2023-01-22T21:00:00,55.53443,Sistema
2023-01-22T22:00:00,60.57204,Sistema
2023-01-22T23:00:00,69.06767,Sistema
2023-01-22T24:00:00,73.31923,Sistema
2023-01-23T01:00:00,69.72937,Sistema
2023-01-23T02:00:00,65.79314,Sistema
2023-01-23T03:00:00,65.06223,Sistema
2023-01-23T04:00:00,65.54543,Sistema
2023-01-23T05:00:00,61.6498,Sistema
2023-01-23T06:00:00,50.33749,Sistema
2023-01-23T07:00:00,51.00786,Sistema
2023-01-23T08:00:00,53.34062,Sistema
2023-01-23T09:00:00,54.39374,Sistema
2023-01-23T10:00:00,55.30116,Sistema
2023-01-23T11:00:00,52.81579,Sistema
2023-01-23T12:00:00,51.84943,Sistema
2023-01-23T13:00:00,52.05521,Sistema
2023-01-23T14:00:00,52.83891,Sistema
2023-01-23T15:00:00,60.85689,Sistema
2023-01-23T16:00:00,66.14013,Sistema
2023-01-23T17:00:00,67.18386,Sistema
2023-01-23T18:00:00,65.08579,Sistema
2023-01-23T19:00:00,68.33237,Sistema
2023-01-23T20:00:00,69.00457,Sistema
2023-01-23T21:00:00,69.4057,Sistema
2023-01-23T22:00:00,69.7634,Sistema
2023-01-23T23:00:00,69.51979,Sistema
2023-01-23T24:00:00,72.42737,Sistema
2023-01-24T01:00:00,70.5801,Sistema
2023-01-24T02:00:00,68.644,Sistema
2023-01-24T03:00:00,66.69518,Sistema
2023-01-24T04:00:00,66.10538,Sistema
2023-01-24T05:00:00,58.98782,Sistema
2023-01-24T06:00:00,55.57485,Sistema
2023-01-24T07:00:00,54.83159,Sistema
2023-01-24T08:00:00,52.64472,Sistema
2023-01-24T09:00:00,49.5871,Sistema
2023-01-24T10:00:00,48.56794,Sistema
2023-01-24T11:00:00,46.79193,Sistema
2023-01-24T12:00:00,45.81397,Sistema
2023-01-24T13:00:00,48.82647,Sistema
2023-01-24T14:00:00,50.53044,Sistema
2023-01-24T15:00:00,51.94198,Sistema
2023-01-24T16:00:00,52.29349,Sistema
2023-01-24T17:00:00,52.02251,Sistema
2023-01-24T18:00:00,54.3627,Sistema
2023-01-24T19:00:00,54.25947,Sistema
2023-01-24T20:00:00,51.96669,Sistema
2023-01-24T21:00:00,53.68471,Sistema
2023-01-24T22:00:00,62.2509,Sistema
2023-01-24T23:00:00,68.6348,Sistema
2023-01-24T24:00:00,75.02038,Sistema
2023-01-25T01:00:00,72.50731,Sistema
2023-01-25T02:00:00,67.66833,Sistema
2023-01-25T03:00:00,66.79653,Sistema
2023-01-25T04:00:00,65.40119,Sistema
2023-01-25T05:00:00,63.92156,Sistema
2023-01-25T06:00:00,58.23904,Sistema
2023-01-25T07:00:00,55.20644,Sistema
2023-01-25T08:00:00,56.01774,Sistema
2023-01-25T09:00:00,55.83549,Sistema
2023-01-25T10:00:00,61.9383,Sistema
2023-01-25T11:00:00,55.51499,Sistema
2023-01-25T12:00:00,60.44831,Sistema
2023-01-25T13:00:00,64.19737,Sistema
2023-01-25T14:00:00,61.79247,Sistema
2023-01-25T15:00:00,62.63398,Sistema
2023-01-25T16:00:00,65.30014,Sistema
2023-01-25T17:00:00,62.5248,Sistema
2023-01-25T18:00:00,60.33732,Sistema
2023-01-25T19:00:00,63.5273,Sistema
2023-01-25T20:00:00,64.86628,Sistema
2023-01-25T21:00:00,60.01809,Sistema
2023-01-25T22:00:00,61.89013,Sistema
2023-01-25T23:00:00,66.74682,Sistema
2023-01-25T24:00:00,69.6293,Sistema
2023-01-26T01:00:00,69.15229,Sistema
2023-01-26T02:00:00,75.56266,Sistema
2023-01-26T03:00:00,71.2995,Sistema
2023-01-26T04:00:00,69.76415,Sistema
2023-01-26T05:00:00,69.19098,Sistema
2023-01-26T06:00:00,69.82583,Sistema
2023-01-26T07:00:00,77.14637,Sistema
2023-01-26T08:00:00,78.44932,Sistema
2023-01-26T09:00:00,76.74274,Sistema
2023-01-26T10:00:00,76.45635,Sistema
2023-01-26T11:00:00,75.98784,Sistema
2023-01-26T12:00:00,78.40853,Sistema
2023-01-26T13:00:00,78.94442,Sistema
2023-01-26T14:00:00,78.48649,Sistema
2023-01-26T15:00:00,79.63231,Sistema
2023-01-26T16:00:00,89.91692,Sistema
2023-01-26T17:00:00,83.02023,Sistema
2023-01-26T18:00:00,86.80853,Sistema
2023-01-26T19:00:00,85.98444,Sistema
2023-01-26T20:00:00,84.74188,Sistema
2023-01-26T21:00:00,88.05617,Sistema
2023-01-26T22:00:00,91.3885,Sistema
2023-01-26T23:00:00,98.60418,Sistema
2023-01-26T24:00:00,98.32468,Sistema
2023-01-27T01:00:00,95.61603,Sistema
2023-01-27T02:00:00,94.2629,Sistema
2023-01-27T03:00:00,95.98024,Sistema
2023-01-27T04:00:00,96.97172,Sistema
2023-01-27T05:00:00,95.00176,Sistema
2023-01-27T06:00:00,90.52415,Sistema
2023-01-27T07:00:00,90.45964,Sistema
2023-01-27T08:00:00,89.72943,Sistema
2023-01-27T09:00:00,85.0933,Sistema
2023-01-27T10:00:00,81.86681,Sistema
2023-01-27T11:00:00,78.79526,Sistema
2023-01-27T12:00:00,76.43948,Sistema
2023-01-27T13:00:00,78.38639,Sistema
2023-01-27T14:00:00,78.14018,Sistema
2023-01-27T15:00:00,79.93457,Sistema
2023-01-27T16:00:00,81.71057,Sistema
2023-01-27T17:00:00,83.25215,Sistema
2023-01-27T18:00:00,88.52226,Sistema
2023-01-27T19:00:00,86.18223,Sistema
2023-01-27T20:00:00,86.8076,Sistema
2023-01-27T21:00:00,90.20205,Sistema
2023-01-27T22:00:00,87.68757,Sistema
2023-01-27T23:00:00,92.67778,Sistema
2023-01-27T24:00:00,89.15578,Sistema
2023-01-28T01:00:00,95.11176,Sistema
2023-01-28T02:00:00,101.23837,Sistema
2023-01-28T03:00:00,104.52241,Sistema
2023-01-28T04:00:00,106.5772,Sistema
2023-01-28T05:00:00,106.144,Sistema
2023-01-28T06:00:00,104.39067,Sistema
2023-01-28T07:00:00,96.0521,Sistema
2023-01-28T08:00:00,90.95311,Sistema
2023-01-28T09:00:00,84.37635,Sistema
2023-01-28T10:00:00,82.88875,Sistema
2023-01-28T11:00:00,83.39093,Sistema
2023-01-28T12:00:00,83.5005,Sistema
2023-01-28T13:00:00,86.37811,Sistema
2023-01-28T14:00:00,86.20165,Sistema
2023-01-28T15:00:00,85.37659,Sistema
2023-01-28T16:00:00,85.75218,Sistema
2023-01-28T17:00:00,87.54964,Sistema
2023-01-28T18:00:00,88.17883,Sistema
2023-01-28T19:00:00,85.43516,Sistema
2023-01-28T20:00:00,84.38654,Sistema
2023-01-28T21:00:00,86.85604,Sistema
2023-01-28T22:00:00,87.40793,Sistema
2023-01-28T23:00:00,93.23311,Sistema
2023-01-28T24:00:00,98.47238,Sistema
2023-01-29T01:00:00,106.70707,Sistema
2023-01-29T02:00:00,110.31592,Sistema
2023-01-29T03:00:00,113.69472,Sistema
2023-01-29T04:00:00,116.70919,Sistema
2023-01-29T05:00:00,117.47743,Sistema
2023-01-29T06:00:00,123.21288,Sistema
2023-01-29T07:00:00,129.9219,Sistema
2023-01-29T08:00:00,140.27313,Sistema
2023-01-29T09:00:00,130.43668,Sistema
2023-01-29T10:00:00,125.46084,Sistema
2023-01-29T11:00:00,128.67127,Sistema
2023-01-29T12:00:00,130.11382,Sistema
2023-01-29T13:00:00,125.64367,Sistema
2023-01-29T14:00:00,126.82419,Sistema
2023-01-29T15:00:00,138.86329,Sistema
2023-01-29T16:00:00,141.64325,Sistema
2023-01-29T17:00:00,142.23235,Sistema
2023-01-29T18:00:00,128.44757,Sistema
2023-01-29T19:00:00,117.07102,Sistema
2023-01-29T20:00:00,119.0313,Sistema
2023-01-29T21:00:00,114.08148,Sistema
2023-01-29T22:00:00,112.41377,Sistema
2023-01-29T23:00:00,114.85062,Sistema
2023-01-29T24:00:00,119.80975,Sistema
2023-01-30T01:00:00,141.13487,Sistema
2023-01-30T02:00:00,150.04989,Sistema
2023-01-30T03:00:00,157.53685,Sistema
2023-01-30T04:00:00,156.2253,Sistema
2023-01-30T05:00:00,138.5584,Sistema
2023-01-30T06:00:00,128.35584,Sistema
2023-01-30T07:00:00,121.84849,Sistema
2023-01-30T08:00:00,117.177,Sistema
2023-01-30T09:00:00,113.55403,Sistema
2023-01-30T10:00:00,113.43909,Sistema
2023-01-30T11:00:00,111.60134,Sistema
2023-01-30T12:00:00,108.91641,Sistema
2023-01-30T13:00:00,111.85545,Sistema
2023-01-30T14:00:00,113.99495,Sistema
2023-01-30T15:00:00,111.86414,Sistema
2023-01-30T16:00:00,111.80996,Sistema
2023-01-30T17:00:00,115.27596,Sistema
2023-01-30T18:00:00,126.06466,Sistema
2023-01-30T19:00:00,128.59573,Sistema
2023-01-30T20:00:00,131.91448,Sistema
2023-01-30T21:00:00,132.2821,Sistema
2023-01-30T22:00:00,127.97036,Sistema
2023-01-30T23:00:00,129.97392,Sistema
2023-01-30T24:00:00,140.67238,Sistema
2023-01-31T01:00:00,150.93949,Sistema
2023-01-31T02:00:00,156.15393,Sistema
2023-01-31T03:00:00,161.27806,Sistema
2023-01-31T04:00:00,164.59833,Sistema
2023-01-31T05:00:00,159.7809,Sistema
2023-01-31T06:00:00,149.6009,Sistema
2023-01-31T07:00:00,150.31431,Sistema
2023-01-31T08:00:00,145.00644,Sistema
2023-01-31T09:00:00,142.44279,Sistema
2023-01-31T10:00:00,145.90594,Sistema
2023-01-31T11:00:00,158.63833,Sistema
2023-01-31T12:00:00,159.94519,Sistema
2023-01-31T13:00:00,157.57821,Sistema
2023-01-31T14:00:00,157.97436,Sistema
2023-01-31T15:00:00,155.95045,Sistema
2023-01-31T16:00:00,152.82512,Sistema
2023-01-31T17:00:00,155.21006,Sistema
2023-01-31T18:00:00,156.32037,Sistema
2023-01-31T19:00:00,153.44367,Sistema
2023-01-31T20:00:00,152.97,Sistema
2023-01-31T21:00:00,152.94586,Sistema
2023-01-31T22:00:00,156.58,Sistema
2023-01-31T23:00:00,166.18949,Sistema
2023-01-31T24:00:00,182.68509,Sistema
2023-02-01T01:00:00,197.61871,Sistema
2023-02-01T02:00:00,203.13508,Sistema
2023-02-01T03:00:00,208.35046,Sistema
2023-02-01T04:00:00,210.61581,Sistema
2023-02-01T05:00:00,206.56581,Sistema
2023-02-01T06:00:00,192.07564,Sistema
2023-02-01T07:00:00,189.17325,Sistema
2023-02-01T08:00:00,181.83239,Sistema
2023-02-01T09:00:00,173.80855,Sistema
2023-02-01T10:00:00,171.24576,Sistema
2023-02-01T11:00:00,165.29708,Sistema
2023-02-01T12:00:00,160.1304,Sistema
2023-02-01T13:00:00,161.7581,Sistema
2023-02-01T14:00:00,159.51963,Sistema
2023-02-01T15:00:00,151.72427,Sistema
2023-02-01T16:00:00,151.7286,Sistema
2023-02-01T17:00:00,158.57172,Sistema
2023-02-01T18:00:00,163.46129,Sistema
2023-02-01T19:00:00,157.8728,Sistema
2023-02-01T20:00:00,143.9832,Sistema
2023-02-01T21:00:00,147.72172,Sistema
2023-02-01T22:00:00,154.92582,Sistema
2023-02-01T23:00:00,170.41987,Sistema
2023-02-01T24:00:00,188.91112,Sistema
2023-02-02T01:00:00,201.60421,Sistema
2023-02-02T02:00:00,195.41331,Sistema
2023-02-02T03:00:00,187.69365,Sistema
2023-02-02T04:00:00,207.96742,Sistema
2023-02-02T05:00:00,214.65649,Sistema
2023-02-02T06:00:00,206.66008,Sistema
2023-02-02T07:00:00,206.4459,Sistema
2023-02-02T08:00:00,202.44434,Sistema
2023-02-02T09:00:00,195.11143,Sistema
2023-02-02T10:00:00,190.76568,Sistema
2023-02-02T11:00:00,185.45097,Sistema
2023-02-02T12:00:00,180.91681,Sistema
2023-02-02T13:00:00,179.14832,Sistema
2023-02-02T14:00:00,176.74365,Sistema
2023-02-02T15:00:00,176.06821,Sistema
2023-02-02T16:00:00,182.94936,Sistema
2023-02-02T17:00:00,189.74616,Sistema
2023-02-02T18:00:00,200.22392,Sistema
2023-02-02T19:00:00,194.16085,Sistema
2023-02-02T20:00:00,191.60812,Sistema
2023-02-02T21:00:00,192.46592,Sistema
2023-02-02T22:00:00,198.171,Sistema
2023-02-02T23:00:00,219.16459,Sistema
2023-02-02T24:00:00,236.79689,Sistema
2023-02-03T01:00:00,254.22508,Sistema
2023-02-03T02:00:00,255.87856,Sistema
2023-02-03T03:00:00,260.66419,Sistema
2023-02-03T04:00:00,259.06688,Sistema
2023-02-03T05:00:00,249.1648,Sistema
2023-02-03T06:00:00,233.48277,Sistema
2023-02-03T07:00:00,232.55542,Sistema
2023-02-03T08:00:00,224.80735,Sistema
2023-02-03T09:00:00,215.71768,Sistema
2023-02-03T10:00:00,208.23143,Sistema
2023-02-03T11:00:00,199.15207,Sistema
2023-02-03T12:00:00,193.86694,Sistema
2023-02-03T13:00:00,196.12872,Sistema
2023-02-03T14:00:00,194.63782,Sistema
2023-02-03T15:00:00,189.70123,Sistema
2023-02-03T16:00:00,188.4496,Sistema
2023-02-03T17:00:00,192.42126,Sistema
2023-02-03T18:00:00,199.83656,Sistema
2023-02-03T19:00:00,189.56533,Sistema
2023-02-03T20:00:00,184.39055,Sistema
2023-02-03T21:00:00,190.47201,Sistema
2023-02-03T22:00:00,202.15043,Sistema
2023-02-03T23:00:00,215.48761,Sistema
2023-02-03T24:00:00,229.61711,Sistema
2023-02-04T01:00:00,246.0578,Sistema
2023-02-04T02:00:00,255.2446,Sistema
2023-02-04T03:00:00,260.43639,Sistema
2023-02-04T04:00:00,260.21658,Sistema
2023-02-04T05:00:00,260.13869,Sistema
2023-02-04T06:00:00,257.48843,Sistema
2023-02-04T07:00:00,254.00385,Sistema
2023-02-04T08:00:00,241.80664,Sistema
2023-02-04T09:00:00,227.5021,Sistema
2023-02-04T10:00:00,219.18927,Sistema
2023-02-04T11:00:00,211.10384,Sistema
2023-02-04T12:00:00,206.13295,Sistema
2023-02-04T13:00:00,208.02621,Sistema
2023-02-04T14:00:00,210.77635,Sistema
2023-02-04T15:00:00,214.91774,Sistema
2023-02-04T16:00:00,216.66805,Sistema
2023-02-04T17:00:00,221.11436,Sistema
2023-02-04T18:00:00,223.75158,Sistema
2023-02-04T19:00:00,210.55624,Sistema
2023-02-04T20:00:00,207.59414,Sistema
2023-02-04T21:00:00,211.96979,Sistema
2023-02-04T22:00:00,219.14679,Sistema
2023-02-04T23:00:00,228.34628,Sistema
2023-02-04T24:00:00,239.21319,Sistema
2023-02-05T01:00:00,240.38642,Sistema
2023-02-05T02:00:00,252.96273,Sistema
2023-02-05T03:00:00,246.91184,Sistema
2023-02-05T04:00:00,248.27331,Sistema
2023-02-05T05:00:00,246.7654,Sistema
2023-02-05T06:00:00,248.60262,Sistema
2023-02-05T07:00:00,243.31292,Sistema
2023-02-05T08:00:00,237.08116,Sistema
2023-02-05T09:00:00,232.99168,Sistema
2023-02-05T10:00:00,227.22575,Sistema
2023-02-05T11:00:00,222.03689,Sistema
2023-02-05T12:00:00,220.17832,Sistema
2023-02-05T13:00:00,222.75853,Sistema
2023-02-05T14:00:00,226.58646,Sistema
2023-02-05T15:00:00,229.96348,Sistema
2023-02-05T16:00:00,229.27695,Sistema
2023-02-05T17:00:00,230.72702,Sistema
2023-02-05T18:00:00,231.57841,Sistema
2023-02-05T19:00:00,214.0057,Sistema
2023-02-05T20:00:00,201.72545,Sistema
2023-02-05T21:00:00,196.24442,Sistema
2023-02-05T22:00:00,202.06368,Sistema
2023-02-05T23:00:00,211.8465,Sistema
2023-02-05T24:00:00,212.08097,Sistema
2023-02-06T01:00:00,188.23881,Sistema
2023-02-06T02:00:00,160.40576,Sistema
2023-02-06T03:00:00,146.83059,Sistema
2023-02-06T04:00:00,141.93559,Sistema
2023-02-06T05:00:00,138.51739,Sistema
2023-02-06T06:00:00,149.33503,Sistema
2023-02-06T07:00:00,180.90869,Sistema
2023-02-06T08:00:00,185.03556,Sistema
2023-02-06T09:00:00,184.03547,Sistema
2023-02-06T10:00:00,186.16846,Sistema
2023-02-06T11:00:00,189.01321,Sistema
2023-02-06T12:00:00,192.31419,Sistema
2023-02-06T13:00:00,195.27236,Sistema
2023-02-06T14:00:00,194.89921,Sistema
2023-02-06T15:00:00,190.6927,Sistema
2023-02-06T16:00:00,188.0529,Sistema
2023-02-06T17:00:00,190.15066,Sistema
2023-02-06T18:00:00,197.67727,Sistema
2023-02-06T19:00:00,190.88983,Sistema
2023-02-06T20:00:00,185.84945,Sistema
2023-02-06T21:00:00,189.95317,Sistema
2023-02-06T22:00:00,197.77233,Sistema
2023-02-06T23:00:00,207.05283,Sistema
2023-02-06T24:00:00,200.2157,Sistema
2023-02-07T01:00:00,209.65106,Sistema
2023-02-07T02:00:00,216.1552,Sistema
2023-02-07T03:00:00,226.70134,Sistema
2023-02-07T04:00:00,224.02616,Sistema
2023-02-07T05:00:00,212.40198,Sistema
2023-02-07T06:00:00,195.49385,Sistema
2023-02-07T07:00:00,188.84276,Sistema
2023-02-07T08:00:00,188.85675,Sistema
2023-02-07T09:00:00,183.41034,Sistema
2023-02-07T10:00:00,181.20054,Sistema
2023-02-07T11:00:00,176.1349,Sistema
2023-02-07T12:00:00,173.40602,Sistema
2023-02-07T13:00:00,180.4562,Sistema
2023-02-07T14:00:00,184.47598,Sistema
2023-02-07T15:00:00,184.70542,Sistema
2023-02-07T16:00:00,184.7087,Sistema
2023-02-07T17:00:00,189.95267,Sistema
2023-02-07T18:00:00,194.06534,Sistema
2023-02-07T19:00:00,191.11044,Sistema
2023-02-07T20:00:00,186.81687,Sistema
2023-02-07T21:00:00,191.13781,Sistema
2023-02-07T22:00:00,198.11775,Sistema
2023-02-07T23:00:00,196.95469,Sistema
2023-02-07T24:00:00,201.97389,Sistema
2023-02-08T01:00:00,209.91245,Sistema
2023-02-08T02:00:00,201.39528,Sistema
2023-02-08T03:00:00,255.18237,Sistema
2023-02-08T04:00:00,228.1,Sistema
2023-02-08T05:00:00,233.75711,Sistema
2023-02-08T06:00:00,228.55702,Sistema
2023-02-08T07:00:00,232.21048,Sistema
2023-02-08T08:00:00,223.14646,Sistema
2023-02-08T09:00:00,218.3437,Sistema
2023-02-08T10:00:00,211.38533,Sistema
2023-02-08T11:00:00,230.42174,Sistema
2023-02-08T12:00:00,208.09342,Sistema
2023-02-08T13:00:00,210.65854,Sistema
2023-02-08T14:00:00,191.28502,Sistema
2023-02-08T15:00:00,233.30185,Sistema
2023-02-08T16:00:00,190.62874,Sistema
2023-02-08T17:00:00,203.26358,Sistema
2023-02-08T18:00:00,193.02693,Sistema
2023-02-08T19:00:00,209.19079,Sistema
2023-02-08T20:00:00,189.47821,Sistema
2023-02-08T21:00:00,207.70946,Sistema
2023-02-08T22:00:00,194.26198,Sistema
2023-02-08T23:00:00,217.90025,Sistema
2023-02-08T24:00:00,202.90316,Sistema
2023-02-09T01:00:00,212.1359,Sistema
2023-02-09T02:00:00,208.31078,Sistema
2023-02-09T03:00:00,218.81511,Sistema
2023-02-09T04:00:00,215.63713,Sistema
2023-02-09T05:00:00,225.61914,Sistema
2023-02-09T06:00:00,211.92374,Sistema
2023-02-09T07:00:00,207.73161,Sistema
2023-02-09T08:00:00,196.99538,Sistema
2023-02-09T09:00:00,191.02778,Sistema
2023-02-09T10:00:00,213.95801,Sistema
2023-02-09T11:00:00,196.54192,Sistema
2023-02-09T12:00:00,230.17291,Sistema
2023-02-09T13:00:00,188.32564,Sistema
2023-02-09T14:00:00,188.31208,Sistema
2023-02-09T15:00:00,187.16505,Sistema
2023-02-09T16:00:00,187.65921,Sistema
2023-02-09T17:00:00,188.40332,Sistema
2023-02-09T18:00:00,188.28786,Sistema
2023-02-09T19:00:00,188.11439,Sistema
2023-02-09T20:00:00,218.47451,Sistema
2023-02-09T21:00:00,190.81331,Sistema
2023-02-09T22:00:00,210.40454,Sistema
2023-02-09T23:00:00,180.99021,Sistema
2023-02-09T24:00:00,186.73333,Sistema
2023-02-10T01:00:00,189.51338,Sistema
2023-02-10T02:00:00,190.47809,Sistema
2023-02-10T03:00:00,193.36198,Sistema
2023-02-10T04:00:00,188.92361,Sistema
2023-02-10T05:00:00,180.47372,Sistema
2023-02-10T06:00:00,170.6696,Sistema
2023-02-10T07:00:00,173.23652,Sistema
2023-02-10T08:00:00,160.59715,Sistema
2023-02-10T09:00:00,150.4026,Sistema
2023-02-10T10:00:00,147.52626,Sistema
2023-02-10T11:00:00,142.40342,Sistema
2023-02-10T12:00:00,141.11524,Sistema
2023-02-10T13:00:00,144.40189,Sistema
2023-02-10T14:00:00,142.96077,Sistema
2023-02-10T15:00:00,138.07264,Sistema
2023-02-10T16:00:00,137.28231,Sistema
2023-02-10T17:00:00,135.72867,Sistema
2023-02-10T18:00:00,140.71871,Sistema
2023-02-10T19:00:00,142.97497,Sistema
2023-02-10T20:00:00,138.68895,Sistema
2023-02-10T21:00:00,141.83194,Sistema
2023-02-10T22:00:00,145.87116,Sistema
2023-02-10T23:00:00,154.70081,Sistema
2023-02-10T24:00:00,164.89195,Sistema
2023-02-11T01:00:00,169.17911,Sistema
2023-02-11T02:00:00,174.20847,Sistema
2023-02-11T03:00:00,154.24623,Sistema
2023-02-11T04:00:00,147.33984,Sistema
2023-02-11T05:00:00,155.00021,Sistema
2023-02-11T06:00:00,153.44231,Sistema
2023-02-11T07:00:00,161.56459,Sistema
2023-02-11T08:00:00,156.41261,Sistema
2023-02-11T09:00:00,148.94534,Sistema
2023-02-11T10:00:00,143.95808,Sistema
2023-02-11T11:00:00,142.36287,Sistema
2023-02-11T12:00:00,142.13592,Sistema
2023-02-11T13:00:00,145.7845,Sistema
2023-02-11T14:00:00,147.85692,Sistema
2023-02-11T15:00:00,153.54636,Sistema
2023-02-11T16:00:00,152.88225,Sistema
2023-02-11T17:00:00,158.32918,Sistema
2023-02-11T18:00:00,166.57205,Sistema
2023-02-11T19:00:00,166.45752,Sistema
2023-02-11T20:00:00,168.5158,Sistema
2023-02-11T21:00:00,164.79362,Sistema
2023-02-11T22:00:00,168.82214,Sistema
2023-02-11T23:00:00,169.4312,Sistema
2023-02-11T24:00:00,175.38152,Sistema
2023-02-12T01:00:00,163.40178,Sistema
2023-02-12T02:00:00,170.43189,Sistema
2023-02-12T03:00:00,175.5851,Sistema
2023-02-12T04:00:00,184.07211,Sistema
2023-02-12T05:00:00,178.08338,Sistema
2023-02-12T06:00:00,165.46362,Sistema
2023-02-12T07:00:00,166.18574,Sistema
2023-02-12T08:00:00,162.68264,Sistema
2023-02-12T09:00:00,155.93581,Sistema
2023-02-12T10:00:00,153.2385,Sistema
2023-02-12T11:00:00,152.49065,Sistema
2023-02-12T12:00:00,150.04568,Sistema
2023-02-12T13:00:00,150.56581,Sistema
2023-02-12T14:00:00,150.90551,Sistema
2023-02-12T15:00:00,151.98596,Sistema
2023-02-12T16:00:00,152.52861,Sistema
2023-02-12T17:00:00,153.65797,Sistema
2023-02-12T18:00:00,152.99475,Sistema
2023-02-12T19:00:00,144.71328,Sistema
2023-02-12T20:00:00,140.90561,Sistema
2023-02-12T21:00:00,142.62923,Sistema
2023-02-12T22:00:00,147.64247,Sistema
2023-02-12T23:00:00,153.35222,Sistema
2023-02-12T24:00:00,160.90664,Sistema
2023-02-13T01:00:00,162.40149,Sistema
2023-02-13T02:00:00,160.83201,Sistema
2023-02-13T03:00:00,169.75662,Sistema
2023-02-13T04:00:00,181.44365,Sistema
2023-02-13T05:00:00,174.50174,Sistema
2023-02-13T06:00:00,162.72791,Sistema
2023-02-13T07:00:00,160.17823,Sistema
2023-02-13T08:00:00,155.21433,Sistema
2023-02-13T09:00:00,148.69273,Sistema
2023-02-13T10:00:00,146.45208,Sistema
2023-02-13T11:00:00,148.48145,Sistema
2023-02-13T12:00:00,150.94378,Sistema
2023-02-13T13:00:00,157.00828,Sistema
2023-02-13T14:00:00,156.5008,Sistema
2023-02-13T15:00:00,156.79928,Sistema
2023-02-13T16:00:00,160.04259,Sistema
2023-02-13T17:00:00,169.06784,Sistema
2023-02-13T18:00:00,175.67947,Sistema
2023-02-13T19:00:00,168.91043,Sistema
2023-02-13T20:00:00,163.47942,Sistema
2023-02-13T21:00:00,168.41357,Sistema
2023-02-13T22:00:00,178.2945,Sistema
2023-02-13T23:00:00,189.74379,Sistema
2023-02-13T24:00:00,200.45262,Sistema
2023-02-14T01:00:00,211.62188,Sistema
2023-02-14T02:00:00,214.79545,Sistema
2023-02-14T03:00:00,221.7414,Sistema
2023-02-14T04:00:00,224.34009,Sistema
2023-02-14T05:00:00,220.05324,Sistema
2023-02-14T06:00:00,206.03961,Sistema
2023-02-14T07:00:00,199.7453,Sistema
2023-02-14T08:00:00,186.20098,Sistema
2023-02-14T09:00:00,170.07824,Sistema
2023-02-14T10:00:00,152.50978,Sistema
2023-02-14T11:00:00,150.56506,Sistema
2023-02-14T12:00:00,149.34229,Sistema
2023-02-14T13:00:00,151.31516,Sistema
2023-02-14T14:00:00,148.076,Sistema
2023-02-14T15:00:00,143.45132,Sistema
2023-02-14T16:00:00,147.27405,Sistema
2023-02-14T17:00:00,153.98842,Sistema
2023-02-14T18:00:00,162.15613,Sistema
2023-02-14T19:00:00,155.40719,Sistema
2023-02-14T20:00:00,145.13167,Sistema
2023-02-14T21:00:00,148.94046,Sistema
2023-02-14T22:00:00,150.94828,Sistema
2023-02-14T23:00:00,161.00302,Sistema
2023-02-14T24:00:00,172.35489,Sistema
2023-02-15T01:00:00,189.76609,Sistema
2023-02-15T02:00:00,187.13934,Sistema
2023-02-15T03:00:00,189.45306,Sistema
2023-02-15T04:00:00,191.49076,Sistema
2023-02-15T05:00:00,187.817,Sistema
2023-02-15T06:00:00,175.9198,Sistema
2023-02-15T07:00:00,171.37541,Sistema
2023-02-15T08:00:00,161.88741,Sistema
2023-02-15T09:00:00,155.56128,Sistema
2023-02-15T10:00:00,152.64574,Sistema
2023-02-15T11:00:00,150.92936,Sistema
2023-02-15T12:00:00,146.5068,Sistema
2023-02-15T13:00:00,148.64262,Sistema
2023-02-15T14:00:00,146.57492,Sistema
2023-02-15T15:00:00,147.39251,Sistema
2023-02-15T16:00:00,148.13244,Sistema
2023-02-15T17:00:00,149.83291,Sistema
2023-02-15T18:00:00,155.12761,Sistema
2023-02-15T19:00:00,157.85645,Sistema
2023-02-15T20:00:00,152.51175,Sistema
2023-02-15T21:00:00,156.51333,Sistema
2023-02-15T22:00:00,158.25389,Sistema
2023-02-15T23:00:00,168.27258,Sistema
2023-02-15T24:00:00,183.70917,Sistema
2023-02-16T01:00:00,186.85897,Sistema
2023-02-16T02:00:00,187.18787,Sistema
2023-02-16T03:00:00,182.26417,Sistema
2023-02-16T04:00:00,185.20578,Sistema
2023-02-16T05:00:00,163.11283,Sistema
2023-02-16T06:00:00,174.71986,Sistema
2023-02-16T07:00:00,175.65996,Sistema
2023-02-16T08:00:00,173.17196,Sistema
2023-02-16T09:00:00,166.9316,Sistema
2023-02-16T10:00:00,165.60828,Sistema
2023-02-16T11:00:00,162.89831,Sistema
2023-02-16T12:00:00,156.36123,Sistema
2023-02-16T13:00:00,154.77457,Sistema
2023-02-16T14:00:00,153.67896,Sistema
2023-02-16T15:00:00,151.57969,Sistema
2023-02-16T16:00:00,151.12258,Sistema
2023-02-16T17:00:00,153.64268,Sistema
2023-02-16T18:00:00,157.11448,Sistema
2023-02-16T19:00:00,156.12933,Sistema
2023-02-16T20:00:00,153.48524,Sistema
2023-02-16T21:00:00,154.08425,Sistema
2023-02-16T22:00:00,158.98629,Sistema
2023-02-16T23:00:00,171.97447,Sistema
2023-02-16T24:00:00,182.67523,Sistema
2023-02-17T01:00:00,181.76447,Sistema
2023-02-17T02:00:00,167.18643,Sistema
2023-02-17T03:00:00,162.2072,Sistema
2023-02-17T04:00:00,163.53433,Sistema
2023-02-17T05:00:00,158.31659,Sistema
2023-02-17T06:00:00,152.18058,Sistema
2023-02-17T07:00:00,166.48661,Sistema
2023-02-17T08:00:00,164.95151,Sistema
2023-02-17T09:00:00,158.71907,Sistema
2023-02-17T10:00:00,152.87436,Sistema
2023-02-17T11:00:00,141.47307,Sistema
2023-02-17T12:00:00,134.79477,Sistema
2023-02-17T13:00:00,136.73689,Sistema
2023-02-17T14:00:00,138.88713,Sistema
2023-02-17T15:00:00,135.25152,Sistema
2023-02-17T16:00:00,137.35991,Sistema
2023-02-17T17:00:00,139.0671,Sistema
2023-02-17T18:00:00,140.43592,Sistema
2023-02-17T19:00:00,138.68357,Sistema
2023-02-17T20:00:00,135.6419,Sistema
2023-02-17T21:00:00,139.90922,Sistema
2023-02-17T22:00:00,145.05284,Sistema
2023-02-17T23:00:00,155.80531,Sistema
2023-02-17T24:00:00,151.17909,Sistema
2023-02-18T01:00:00,145.22884,Sistema
2023-02-18T02:00:00,136.36747,Sistema
2023-02-18T03:00:00,129.93021,Sistema
2023-02-18T04:00:00,131.39472,Sistema
2023-02-18T05:00:00,131.56711,Sistema
2023-02-18T06:00:00,127.83873,Sistema
2023-02-18T07:00:00,132.79324,Sistema
2023-02-18T08:00:00,130.59076,Sistema
2023-02-18T09:00:00,123.72121,Sistema
2023-02-18T10:00:00,123.37803,Sistema
2023-02-18T11:00:00,121.74432,Sistema
2023-02-18T12:00:00,119.80798,Sistema
2023-02-18T13:00:00,120.26528,Sistema
2023-02-18T14:00:00,117.57061,Sistema
2023-02-18T15:00:00,117.01822,Sistema
2023-02-18T16:00:00,119.01827,Sistema
2023-02-18T17:00:00,121.85638,Sistema
2023-02-18T18:00:00,124.32244,Sistema
2023-02-18T19:00:00,123.98219,Sistema
2023-02-18T20:00:00,117.32184,Sistema
2023-02-18T21:00:00,121.20173,Sistema
2023-02-18T22:00:00,119.03587,Sistema
2023-02-18T23:00:00,120.69492,Sistema
2023-02-18T24:00:00,121.41669,Sistema
2023-02-19T01:00:00,138.5305,Sistema
2023-02-19T02:00:00,150.10952,Sistema
2023-02-19T03:00:00,154.05965,Sistema
2023-02-19T04:00:00,159.19871,Sistema
2023-02-19T05:00:00,166.93041,Sistema
2023-02-19T06:00:00,173.0474,Sistema
2023-02-19T07:00:00,178.54024,Sistema
2023-02-19T08:00:00,175.13171,Sistema
2023-02-19T09:00:00,164.12593,Sistema
2023-02-19T10:00:00,156.56771,Sistema
2023-02-19T11:00:00,154.83547,Sistema
2023-02-19T12:00:00,149.88792,Sistema
2023-02-19T13:00:00,147.64574,Sistema
2023-02-19T14:00:00,147.97755,Sistema
2023-02-19T15:00:00,147.02435,Sistema
2023-02-19T16:00:00,149.99372,Sistema
2023-02-19T17:00:00,154.7321,Sistema
2023-02-19T18:00:00,158.22344,Sistema
2023-02-19T19:00:00,149.11411,Sistema
2023-02-19T20:00:00,141.77785,Sistema
2023-02-19T21:00:00,143.8288,Sistema
2023-02-19T22:00:00,147.10752,Sistema
2023-02-19T23:00:00,155.05307,Sistema
2023-02-19T24:00:00,163.11729,Sistema
2023-02-20T01:00:00,155.88387,Sistema
2023-02-20T02:00:00,155.01089,Sistema
2023-02-20T03:00:00,150.71398,Sistema
2023-02-20T04:00:00,139.35734,Sistema
2023-02-20T05:00:00,136.22781,Sistema
2023-02-20T06:00:00,129.00536,Sistema
2023-02-20T07:00:00,133.20196,Sistema
2023-02-20T08:00:00,123.68632,Sistema
2023-02-20T09:00:00,121.02906,Sistema
2023-02-20T10:00:00,117.87108,Sistema
2023-02-20T11:00:00,112.55723,Sistema
2023-02-20T12:00:00,111.09063,Sistema
2023-02-20T13:00:00,111.8707,Sistema
2023-02-20T14:00:00,110.4495,Sistema
2023-02-20T15:00:00,108.94318,Sistema
2023-02-20T16:00:00,108.85551,Sistema
2023-02-20T17:00:00,113.02473,Sistema
2023-02-20T18:00:00,118.34709,Sistema
2023-02-20T19:00:00,122.14506,Sistema
2023-02-20T20:00:00,111.30496,Sistema
2023-02-20T21:00:00,111.97938,Sistema
2023-02-20T22:00:00,116.39122,Sistema
2023-02-20T23:00:00,117.62283,Sistema
2023-02-20T24:00:00,125.61055,Sistema
2023-02-21T01:00:00,133.36684,Sistema
2023-02-21T02:00:00,133.38496,Sistema
2023-02-21T03:00:00,132.06585,Sistema
2023-02-21T04:00:00,140.30521,Sistema
2023-02-21T05:00:00,138.31117,Sistema
2023-02-21T06:00:00,128.3702,Sistema
2023-02-21T07:00:00,131.85038,Sistema
2023-02-21T08:00:00,126.41192,Sistema
2023-02-21T09:00:00,120.83571,Sistema
2023-02-21T10:00:00,119.36386,Sistema
2023-02-21T11:00:00,116.20831,Sistema
2023-02-21T12:00:00,114.03367,Sistema
2023-02-21T13:00:00,116.80364,Sistema
2023-02-21T14:00:00,119.30842,Sistema
2023-02-21T15:00:00,114.96493,Sistema
2023-02-21T16:00:00,114.30448,Sistema
2023-02-21T17:00:00,114.79317,Sistema
2023-02-21T18:00:00,115.13998,Sistema
2023-02-21T19:00:00,116.13599,Sistema
2023-02-21T20:00:00,111.05616,Sistema
2023-02-21T21:00:00,115.22247,Sistema
2023-02-21T22:00:00,119.82768,Sistema
2023-02-21T23:00:00,130.30393,Sistema
2023-02-21T24:00:00,130.59592,Sistema
2023-02-22T01:00:00,108.38176,Sistema
2023-02-22T02:00:00,97.77115,Sistema
2023-02-22T03:00:00,93.28859,Sistema
2023-02-22T04:00:00,91.82238,Sistema
2023-02-22T05:00:00,95.85221,Sistema
2023-02-22T06:00:00,92.49882,Sistema
2023-02-22T07:00:00,113.98963,Sistema
2023-02-22T08:00:00,113.42399,Sistema
2023-02-22T09:00:00,108.31099,Sistema
2023-02-22T10:00:00,104.64209,Sistema
2023-02-22T11:00:00,103.46113,Sistema
2023-02-22T12:00:00,99.13375,Sistema
2023-02-22T13:00:00,102.07389,Sistema
2023-02-22T14:00:00,100.31364,Sistema
2023-02-22T15:00:00,102.75562,Sistema
2023-02-22T16:00:00,103.38415,Sistema
2023-02-22T17:00:00,104.1971,Sistema
2023-02-22T18:00:00,105.92038,Sistema
2023-02-22T19:00:00,106.03749,Sistema
2023-02-22T20:00:00,101.31792,Sistema
2023-02-22T21:00:00,103.42659,Sistema
2023-02-22T22:00:00,103.39315,Sistema
2023-02-22T23:00:00,104.86529,Sistema
2023-02-22T24:00:00,100.52674,Sistema
2023-02-23T01:00:00,109.75331,Sistema
2023-02-23T02:00:00,100.72484,Sistema
2023-02-23T03:00:00,101.46321,Sistema
2023-02-23T04:00:00,98.31444,Sistema
2023-02-23T05:00:00,96.30523,Sistema
2023-02-23T06:00:00,107.60832,Sistema
2023-02-23T07:00:00,127.74322,Sistema
2023-02-23T08:00:00,119.06042,Sistema
2023-02-23T09:00:00,112.82075,Sistema
2023-02-23T10:00:00,111.86181,Sistema
2023-02-23T11:00:00,105.80588,Sistema
2023-02-23T12:00:00,102.9927,Sistema
2023-02-23T13:00:00,109.41275,Sistema
2023-02-23T14:00:00,108.88389,Sistema
2023-02-23T15:00:00,110.01601,Sistema
2023-02-23T16:00:00,108.67462,Sistema
2023-02-23T17:00:00,113.35834,Sistema
2023-02-23T18:00:00,119.65694,Sistema
2023-02-23T19:00:00,123.59969,Sistema
2023-02-23T20:00:00,119.58434,Sistema
2023-02-23T21:00:00,123.3084,Sistema
2023-02-23T22:00:00,124.07195,Sistema
2023-02-23T23:00:00,119.41548,Sistema
2023-02-23T24:00:00,118.896,Sistema
2023-02-24T01:00:00,117.06055,Sistema
2023-02-24T02:00:00,119.9921,Sistema
2023-02-24T03:00:00,122.7024,Sistema
2023-02-24T04:00:00,124.32896,Sistema
2023-02-24T05:00:00,125.82356,Sistema
2023-02-24T06:00:00,121.73154,Sistema
2023-02-24T07:00:00,132.05756,Sistema
2023-02-24T08:00:00,120.02526,Sistema
2023-02-24T09:00:00,112.46507,Sistema
2023-02-24T10:00:00,109.7884,Sistema
2023-02-24T11:00:00,105.22014,Sistema
2023-02-24T12:00:00,106.75289,Sistema
2023-02-24T13:00:00,114.58204,Sistema
2023-02-24T14:00:00,112.31669,Sistema
2023-02-24T15:00:00,113.98925,Sistema
2023-02-24T16:00:00,110.23859,Sistema
2023-02-24T17:00:00,113.7396,Sistema
2023-02-24T18:00:00,118.83131,Sistema
2023-02-24T19:00:00,118.74886,Sistema
2023-02-24T20:00:00,118.10565,Sistema
2023-02-24T21:00:00,122.18843,Sistema
2023-02-24T22:00:00,124.12518,Sistema
2023-02-24T23:00:00,120.1761,Sistema
2023-02-24T24:00:00,122.41487,Sistema
2023-02-25T01:00:00,112.0129,Sistema
2023-02-25T02:00:00,108.50324,Sistema
2023-02-25T03:00:00,107.03674,Sistema
2023-02-25T04:00:00,103.09786,Sistema
2023-02-25T05:00:00,98.945,Sistema
2023-02-25T06:00:00,101.1638,Sistema
2023-02-25T07:00:00,105.87518,Sistema
2023-02-25T08:00:00,105.09524,Sistema
2023-02-25T09:00:00,105.34469,Sistema
2023-02-25T10:00:00,107.63245,Sistema
2023-02-25T11:00:00,95.91424,Sistema
2023-02-25T12:00:00,97.25293,Sistema
2023-02-25T13:00:00,96.66963,Sistema
2023-02-25T14:00:00,100.19872,Sistema
2023-02-25T15:00:00,100.81847,Sistema
2023-02-25T16:00:00,103.1452,Sistema
2023-02-25T17:00:00,107.17052,Sistema
2023-02-25T18:00:00,109.11618,Sistema
2023-02-25T19:00:00,109.63697,Sistema
2023-02-25T20:00:00,107.65485,Sistema
2023-02-25T21:00:00,110.25607,Sistema
2023-02-25T22:00:00,115.49352,Sistema
2023-02-25T23:00:00,111.78434,Sistema
2023-02-25T24:00:00,109.93786,Sistema
2023-02-26T01:00:00,118.3739,Sistema
2023-02-26T02:00:00,120.13704,Sistema
2023-02-26T03:00:00,123.2075,Sistema
2023-02-26T04:00:00,126.26786,Sistema
2023-02-26T05:00:00,127.73997,Sistema
2023-02-26T06:00:00,125.34825,Sistema
2023-02-26T07:00:00,136.89392,Sistema
2023-02-26T08:00:00,131.74401,Sistema
2023-02-26T09:00:00,132.1806,Sistema
2023-02-26T10:00:00,128.77357,Sistema
2023-02-26T11:00:00,129.39914,Sistema
2023-02-26T12:00:00,124.32992,Sistema
2023-02-26T13:00:00,119.09543,Sistema
2023-02-26T14:00:00,118.59727,Sistema
2023-02-26T15:00:00,115.16038,Sistema
2023-02-26T16:00:00,113.38936,Sistema
2023-02-26T17:00:00,114.95012,Sistema
2023-02-26T18:00:00,117.10969,Sistema
2023-02-26T19:00:00,108.64824,Sistema
2023-02-26T20:00:00,102.54228,Sistema
2023-02-26T21:00:00,105.1972,Sistema
2023-02-26T22:00:00,107.81553,Sistema
2023-02-26T23:00:00,110.11589,Sistema
2023-02-26T24:00:00,114.74478,Sistema
2023-02-27T01:00:00,116.74467,Sistema
2023-02-27T02:00:00,121.85663,Sistema
2023-02-27T03:00:00,124.36646,Sistema
2023-02-27T04:00:00,125.34161,Sistema
2023-02-27T05:00:00,121.61658,Sistema
2023-02-27T06:00:00,112.9823,Sistema
2023-02-27T07:00:00,110.54407,Sistema
2023-02-27T08:00:00,105.48234,Sistema
2023-02-27T09:00:00,100.1603,Sistema
2023-02-27T10:00:00,96.70203,Sistema
2023-02-27T11:00:00,97.98599,Sistema
2023-02-27T12:00:00,98.79193,Sistema
2023-02-27T13:00:00,104.98773,Sistema
2023-02-27T14:00:00,104.77272,Sistema
2023-02-27T15:00:00,101.15756,Sistema
2023-02-27T16:00:00,100.83581,Sistema
2023-02-27T17:00:00,102.57341,Sistema
2023-02-27T18:00:00,106.69301,Sistema
2023-02-27T19:00:00,103.28647,Sistema
2023-02-27T20:00:00,102.57562,Sistema
2023-02-27T21:00:00,106.10495,Sistema
2023-02-27T22:00:00,111.95828,Sistema
2023-02-27T23:00:00,120.46792,Sistema
2023-02-27T24:00:00,125.11293,Sistema
2023-02-28T01:00:00,127.93447,Sistema
2023-02-28T02:00:00,131.05597,Sistema
2023-02-28T03:00:00,133.79993,Sistema
2023-02-28T04:00:00,131.52178,Sistema
2023-02-28T05:00:00,125.81824,Sistema
2023-02-28T06:00:00,116.21773,Sistema
2023-02-28T07:00:00,124.87619,Sistema
2023-02-28T08:00:00,117.4229,Sistema
2023-02-28T09:00:00,120.68678,Sistema
2023-02-28T10:00:00,123.24402,Sistema
2023-02-28T11:00:00,123.44393,Sistema
2023-02-28T12:00:00,121.96619,Sistema
2023-02-28T13:00:00,121.02915,Sistema
2023-02-28T14:00:00,120.15994,Sistema
2023-02-28T15:00:00,116.72298,Sistema
2023-02-28T16:00:00,120.74412,Sistema
2023-02-28T17:00:00,120.61838,Sistema
2023-02-28T18:00:00,124.12307,Sistema
2023-02-28T19:00:00,124.11534,Sistema
2023-02-28T20:00:00,122.21592,Sistema
2023-02-28T21:00:00,127.72208,Sistema
2023-02-28T22:00:00,131.62183,Sistema
2023-02-28T23:00:00,140.64786,Sistema
2023-02-28T24:00:00,148.97972,Sistema
2023-03-01T01:00:00,157.36117,Sistema
2023-03-01T02:00:00,155.88297,Sistema
2023-03-01T03:00:00,160.71065,Sistema
2023-03-01T04:00:00,163.7646,Sistema
2023-03-01T05:00:00,159.17491,Sistema
2023-03-01T06:00:00,149.37085,Sistema
2023-03-01T07:00:00,150.34686,Sistema
2023-03-01T08:00:00,140.84265,Sistema
2023-03-01T09:00:00,134.81301,Sistema
2023-03-01T10:00:00,131.83277,Sistema
2023-03-01T11:00:00,127.51072,Sistema
2023-03-01T12:00:00,123.63742,Sistema
2023-03-01T13:00:00,124.35005,Sistema
2023-03-01T14:00:00,124.38274,Sistema
2023-03-01T15:00:00,127.90187,Sistema
2023-03-01T16:00:00,126.34299,Sistema
2023-03-01T17:00:00,126.05046,Sistema
2023-03-01T18:00:00,131.65873,Sistema
2023-03-01T19:00:00,136.3287,Sistema
2023-03-01T20:00:00,129.33662,Sistema
2023-03-01T21:00:00,132.18932,Sistema
2023-03-01T22:00:00,137.71293,Sistema
2023-03-01T23:00:00,144.79799,Sistema
2023-03-01T24:00:00,149.41953,Sistema
2023-03-02T01:00:00,158.16045,Sistema
2023-03-02T02:00:00,160.3557,Sistema
2023-03-02T03:00:00,160.83006,Sistema
2023-03-02T04:00:00,160.85185,Sistema
2023-03-02T05:00:00,154.85927,Sistema
2023-03-02T06:00:00,143.35166,Sistema
2023-03-02T07:00:00,155.86683,Sistema
2023-03-02T08:00:00,148.46515,Sistema
2023-03-02T09:00:00,139.12927,Sistema
2023-03-02T10:00:00,135.79996,Sistema
2023-03-02T11:00:00,131.8106,Sistema
2023-03-02T12:00:00,134.24184,Sistema
2023-03-02T13:00:00,139.61813,Sistema
2023-03-02T14:00:00,140.42672,Sistema
2023-03-02T15:00:00,138.93685,Sistema
2023-03-02T16:00:00,137.06287,Sistema
2023-03-02T17:00:00,139.5086,Sistema
2023-03-02T18:00:00,141.03769,Sistema
2023-03-02T19:00:00,142.93369,Sistema
2023-03-02T20:00:00,140.88768,Sistema
2023-03-02T21:00:00,138.41254,Sistema
2023-03-02T22:00:00,143.2627,Sistema
2023-03-02T23:00:00,158.40935,Sistema
2023-03-02T24:00:00,163.58213,Sistema
2023-03-03T01:00:00,165.18421,Sistema
2023-03-03T02:00:00,161.96612,Sistema
2023-03-03T03:00:00,167.20432,Sistema
2023-03-03T04:00:00,164.5149,Sistema
2023-03-03T05:00:00,155.76108,Sistema
2023-03-03T06:00:00,144.19233,Sistema
2023-03-03T07:00:00,149.81557,Sistema
2023-03-03T08:00:00,143.67934,Sistema
2023-03-03T09:00:00,136.92297,Sistema
2023-03-03T10:00:00,134.68749,Sistema
2023-03-03T11:00:00,130.4864,Sistema
2023-03-03T12:00:00,128.36116,Sistema
2023-03-03T13:00:00,132.24849,Sistema
2023-03-03T14:00:00,130.08129,Sistema
2023-03-03T15:00:00,128.8395,Sistema
2023-03-03T16:00:00,129.79654,Sistema
2023-03-03T17:00:00,138.2726,Sistema
2023-03-03T18:00:00,138.31916,Sistema
2023-03-03T19:00:00,152.41817,Sistema
2023-03-03T20:00:00,137.96809,Sistema
2023-03-03T21:00:00,142.11277,Sistema
2023-03-03T22:00:00,148.0908,Sistema
2023-03-03T23:00:00,150.61488,Sistema
2023-03-03T24:00:00,166.62846,Sistema
2023-03-04T01:00:00,168.37764,Sistema
2023-03-04T02:00:00,163.46331,Sistema
2023-03-04T03:00:00,169.95762,Sistema
2023-03-04T04:00:00,174.27404,Sistema
2023-03-04T05:00:00,168.44215,Sistema
2023-03-04T06:00:00,157.91886,Sistema
2023-03-04T07:00:00,161.53257,Sistema
2023-03-04T08:00:00,154.01227,Sistema
2023-03-04T09:00:00,152.35318,Sistema
2023-03-04T10:00:00,148.6057,Sistema
2023-03-04T11:00:00,144.2748,Sistema
2023-03-04T12:00:00,141.2209,Sistema
2023-03-04T13:00:00,141.84456,Sistema
2023-03-04T14:00:00,143.22976,Sistema
2023-03-04T15:00:00,144.12992,Sistema
2023-03-04T16:00:00,142.24907,Sistema
2023-03-04T17:00:00,141.52323,Sistema
2023-03-04T18:00:00,141.01887,Sistema
2023-03-04T19:00:00,141.42201,Sistema
2023-03-04T20:00:00,139.69177,Sistema
2023-03-04T21:00:00,143.88936,Sistema
2023-03-04T22:00:00,148.64421,Sistema
2023-03-04T23:00:00,159.48044,Sistema
2023-03-04T24:00:00,164.77343,Sistema
2023-03-05T01:00:00,160.07856,Sistema
2023-03-05T02:00:00,165.28477,Sistema
2023-03-05T03:00:00,165.64219,Sistema
2023-03-05T04:00:00,165.43477,Sistema
2023-03-05T05:00:00,165.70162,Sistema
2023-03-05T06:00:00,166.22989,Sistema
2023-03-05T07:00:00,171.9893,Sistema
2023-03-05T08:00:00,162.41568,Sistema
2023-03-05T09:00:00,156.5422,Sistema
2023-03-05T10:00:00,148.32498,Sistema
2023-03-05T11:00:00,142.69065,Sistema
2023-03-05T12:00:00,139.7139,Sistema
2023-03-05T13:00:00,137.55871,Sistema
2023-03-05T14:00:00,135.57097,Sistema
2023-03-05T15:00:00,136.9828,Sistema
2023-03-05T16:00:00,137.11085,Sistema
2023-03-05T17:00:00,137.48812,Sistema
2023-03-05T18:00:00,138.313,Sistema
2023-03-05T19:00:00,133.8934,Sistema
2023-03-05T20:00:00,135.77969,Sistema
2023-03-05T21:00:00,143.01354,Sistema
2023-03-05T22:00:00,146.42366,Sistema
2023-03-05T23:00:00,135.60851,Sistema
2023-03-05T24:00:00,136.64136,Sistema
2023-03-06T01:00:00,138.45844,Sistema
2023-03-06T02:00:00,137.74577,Sistema
2023-03-06T03:00:00,138.30702,Sistema
2023-03-06T04:00:00,137.1157,Sistema
2023-03-06T05:00:00,128.05593,Sistema
2023-03-06T06:00:00,118.12248,Sistema
2023-03-06T07:00:00,122.78584,Sistema
2023-03-06T08:00:00,123.01684,Sistema
2023-03-06T09:00:00,126.92616,Sistema
2023-03-06T10:00:00,126.2377,Sistema
2023-03-06T11:00:00,127.77227,Sistema
2023-03-06T12:00:00,125.0816,Sistema
2023-03-06T13:00:00,126.18283,Sistema
2023-03-06T14:00:00,121.33073,Sistema
2023-03-06T15:00:00,114.77509,Sistema
2023-03-06T16:00:00,120.18718,Sistema
2023-03-06T17:00:00,125.26645,Sistema
2023-03-06T18:00:00,124.48417,Sistema
2023-03-06T19:00:00,121.27969,Sistema
2023-03-06T20:00:00,127.06036,Sistema
2023-03-06T21:00:00,126.57765,Sistema
2023-03-06T22:00:00,131.39696,Sistema
2023-03-06T23:00:00,144.47712,Sistema
2023-03-06T24:00:00,152.63565,Sistema
2023-03-07T01:00:00,152.60112,Sistema
2023-03-07T02:00:00,143.68196,Sistema
2023-03-07T03:00:00,153.83503,Sistema
2023-03-07T04:00:00,156.67565,Sistema
2023-03-07T05:00:00,158.72013,Sistema
2023-03-07T06:00:00,147.39045,Sistema
2023-03-07T07:00:00,154.65212,Sistema
2023-03-07T08:00:00,153.874,Sistema
2023-03-07T09:00:00,154.99621,Sistema
2023-03-07T10:00:00,153.60277,Sistema
2023-03-07T11:00:00,149.5597,Sistema
2023-03-07T12:00:00,144.69098,Sistema
2023-03-07T13:00:00,147.36724,Sistema
2023-03-07T14:00:00,146.22536,Sistema
2023-03-07T15:00:00,141.97375,Sistema
2023-03-07T16:00:00,135.3299,Sistema
2023-03-07T17:00:00,146.51902,Sistema
2023-03-07T18:00:00,139.08965,Sistema
2023-03-07T19:00:00,137.74194,Sistema
2023-03-07T20:00:00,133.08596,Sistema
2023-03-07T21:00:00,128.26631,Sistema
2023-03-07T22:00:00,135.35073,Sistema
2023-03-07T23:00:00,149.96886,Sistema
2023-03-07T24:00:00,152.73994,Sistema
2023-03-08T01:00:00,151.14059,Sistema
2023-03-08T02:00:00,151.10557,Sistema
2023-03-08T03:00:00,155.07719,Sistema
2023-03-08T04:00:00,155.84161,Sistema
2023-03-08T05:00:00,149.84969,Sistema
2023-03-08T06:00:00,146.00756,Sistema
2023-03-08T07:00:00,147.46743,Sistema
2023-03-08T08:00:00,142.63348,Sistema
2023-03-08T09:00:00,142.9246,Sistema
2023-03-08T10:00:00,138.51912,Sistema
2023-03-08T11:00:00,137.98486,Sistema
2023-03-08T12:00:00,135.9052,Sistema
2023-03-08T13:00:00,141.44524,Sistema
2023-03-08T14:00:00,134.11623,Sistema
2023-03-08T15:00:00,129.41185,Sistema
2023-03-08T16:00:00,129.95916,Sistema
2023-03-08T17:00:00,131.94358,Sistema
2023-03-08T18:00:00,136.71651,Sistema
2023-03-08T19:00:00,131.36428,Sistema
2023-03-08T20:00:00,130.71759,Sistema
2023-03-08T21:00:00,133.20917,Sistema
2023-03-08T22:00:00,137.93869,Sistema
2023-03-08T23:00:00,149.3267,Sistema
2023-03-08T24:00:00,151.54127,Sistema
2023-03-09T01:00:00,154.37341,Sistema
2023-03-09T02:00:00,158.48287,Sistema
2023-03-09T03:00:00,160.924,Sistema
2023-03-09T04:00:00,161.8632,Sistema
2023-03-09T05:00:00,163.99236,Sistema
2023-03-09T06:00:00,153.43633,Sistema
2023-03-09T07:00:00,149.06023,Sistema
2023-03-09T08:00:00,147.0639,Sistema
2023-03-09T09:00:00,139.64838,Sistema
2023-03-09T10:00:00,141.36865,Sistema
2023-03-09T11:00:00,137.98692,Sistema
2023-03-09T12:00:00,135.21802,Sistema
2023-03-09T13:00:00,137.80977,Sistema
2023-03-09T14:00:00,139.1389,Sistema
2023-03-09T15:00:00,137.06672,Sistema
2023-03-09T16:00:00,133.83839,Sistema
2023-03-09T17:00:00,135.49767,Sistema
2023-03-09T18:00:00,138.92532,Sistema
2023-03-09T19:00:00,131.7701,Sistema
2023-03-09T20:00:00,129.7227,Sistema
2023-03-09T21:00:00,134.22338,Sistema
2023-03-09T22:00:00,137.36688,Sistema
2023-03-09T23:00:00,148.31529,Sistema
2023-03-09T24:00:00,158.46612,Sistema
2023-03-10T01:00:00,133.81547,Sistema
2023-03-10T02:00:00,120.13156,Sistema
2023-03-10T03:00:00,108.66499,Sistema
2023-03-10T04:00:00,108.86473,Sistema
2023-03-10T05:00:00,106.79064,Sistema
2023-03-10T06:00:00,104.31775,Sistema
2023-03-10T07:00:00,96.98653,Sistema
2023-03-10T08:00:00,99.01452,Sistema
2023-03-10T09:00:00,94.11726,Sistema
2023-03-10T10:00:00,94.67384,Sistema
2023-03-10T11:00:00,88.46686,Sistema
2023-03-10T12:00:00,84.41556,Sistema
2023-03-10T13:00:00,89.20387,Sistema
2023-03-10T14:00:00,84.36968,Sistema
2023-03-10T15:00:00,85.24635,Sistema
2023-03-10T16:00:00,89.31149,Sistema
2023-03-10T17:00:00,90.61064,Sistema
2023-03-10T18:00:00,91.77165,Sistema
2023-03-10T19:00:00,95.39374,Sistema
2023-03-10T20:00:00,94.19246,Sistema
2023-03-10T21:00:00,97.1214,Sistema
2023-03-10T22:00:00,92.70363,Sistema
2023-03-10T23:00:00,92.67342,Sistema
2023-03-10T24:00:00,78.10932,Sistema
2023-03-11T01:00:00,79.64538,Sistema
2023-03-11T02:00:00,84.53312,Sistema
2023-03-11T03:00:00,87.63919,Sistema
2023-03-11T04:00:00,87.93919,Sistema
2023-03-11T05:00:00,87.34026,Sistema
2023-03-11T06:00:00,89.91195,Sistema
2023-03-11T07:00:00,88.20511,Sistema
2023-03-11T08:00:00,78.31026,Sistema
2023-03-11T09:00:00,77.08347,Sistema
2023-03-11T10:00:00,77.95173,Sistema
2023-03-11T11:00:00,78.83166,Sistema
2023-03-11T12:00:00,80.27913,Sistema
2023-03-11T13:00:00,81.2536,Sistema
2023-03-11T14:00:00,80.88411,Sistema
2023-03-11T15:00:00,82.62484,Sistema
2023-03-11T16:00:00,82.39944,Sistema
2023-03-11T17:00:00,83.42554,Sistema
2023-03-11T18:00:00,86.2488,Sistema
2023-03-11T19:00:00,81.07805,Sistema
2023-03-11T20:00:00,80.66724,Sistema
2023-03-11T21:00:00,89.95731,Sistema
2023-03-11T22:00:00,90.05959,Sistema
2023-03-11T23:00:00,99.74878,Sistema
2023-03-11T24:00:00,88.85847,Sistema
2023-03-12T01:00:00,89.95723,Sistema
2023-03-12T02:00:00,88.16617,Sistema
2023-03-12T03:00:00,95.06982,Sistema
2023-03-12T04:00:00,89.60374,Sistema
2023-03-12T05:00:00,89.44691,Sistema
2023-03-12T06:00:00,91.53183,Sistema
2023-03-12T07:00:00,101.35885,Sistema
2023-03-12T08:00:00,94.08376,Sistema
2023-03-12T09:00:00,83.37153,Sistema
2023-03-12T10:00:00,78.44876,Sistema
2023-03-12T11:00:00,75.27697,Sistema
2023-03-12T12:00:00,73.93713,Sistema
2023-03-12T13:00:00,68.58316,Sistema
2023-03-12T14:00:00,64.113,Sistema
2023-03-12T15:00:00,61.6142,Sistema
2023-03-12T16:00:00,67.35456,Sistema
2023-03-12T17:00:00,69.94287,Sistema
2023-03-12T18:00:00,68.47611,Sistema
2023-03-12T19:00:00,68.63873,Sistema
2023-03-12T20:00:00,69.56479,Sistema
2023-03-12T21:00:00,73.03233,Sistema
2023-03-12T22:00:00,79.31231,Sistema
2023-03-12T23:00:00,81.97436,Sistema
2023-03-12T24:00:00,81.9119,Sistema
2023-03-13T01:00:00,69.92437,Sistema
2023-03-13T02:00:00,67.98881,Sistema
2023-03-13T03:00:00,68.32627,Sistema
2023-03-13T04:00:00,63.73303,Sistema
2023-03-13T05:00:00,61.17564,Sistema
2023-03-13T06:00:00,56.71286,Sistema
2023-03-13T07:00:00,55.36654,Sistema
2023-03-13T08:00:00,52.69924,Sistema
2023-03-13T09:00:00,53.75987,Sistema
2023-03-13T10:00:00,52.76479,Sistema
2023-03-13T11:00:00,51.04179,Sistema
2023-03-13T12:00:00,50.89362,Sistema
2023-03-13T13:00:00,56.86266,Sistema
2023-03-13T14:00:00,55.7786,Sistema
2023-03-13T15:00:00,55.19065,Sistema
2023-03-13T16:00:00,56.21345,Sistema
2023-03-13T17:00:00,56.66766,Sistema
2023-03-13T18:00:00,59.03249,Sistema
2023-03-13T19:00:00,59.59733,Sistema
2023-03-13T20:00:00,60.8547,Sistema
2023-03-13T21:00:00,64.90667,Sistema
2023-03-13T22:00:00,69.35425,Sistema
2023-03-13T23:00:00,73.72194,Sistema
2023-03-13T24:00:00,75.10112,Sistema
2023-03-14T01:00:00,68.98042,Sistema
2023-03-14T02:00:00,69.86469,Sistema
2023-03-14T03:00:00,71.8741,Sistema
2023-03-14T04:00:00,67.20093,Sistema
2023-03-14T05:00:00,57.54476,Sistema
2023-03-14T06:00:00,48.81294,Sistema
2023-03-14T07:00:00,50.75338,Sistema
2023-03-14T08:00:00,49.39519,Sistema
2023-03-14T09:00:00,50.52464,Sistema
2023-03-14T10:00:00,53.18831,Sistema
2023-03-14T11:00:00,56.03172,Sistema
2023-03-14T12:00:00,58.89917,Sistema
2023-03-14T13:00:00,57.90302,Sistema
2023-03-14T14:00:00,55.93396,Sistema
2023-03-14T15:00:00,54.33951,Sistema
2023-03-14T16:00:00,58.41518,Sistema
2023-03-14T17:00:00,60.48645,Sistema
2023-03-14T18:00:00,62.70808,Sistema
2023-03-14T19:00:00,61.5688,Sistema
2023-03-14T20:00:00,61.37681,Sistema
2023-03-14T21:00:00,64.19756,Sistema
2023-03-14T22:00:00,63.73101,Sistema
2023-03-14T23:00:00,68.50198,Sistema
2023-03-14T24:00:00,71.53288,Sistema
2023-03-15T01:00:00,68.47098,Sistema
2023-03-15T02:00:00,62.13931,Sistema
2023-03-15T03:00:00,61.74627,Sistema
2023-03-15T04:00:00,61.9439,Sistema
2023-03-15T05:00:00,60.20315,Sistema
2023-03-15T06:00:00,55.96986,Sistema
2023-03-15T07:00:00,54.64258,Sistema
2023-03-15T08:00:00,54.77367,Sistema
2023-03-15T09:00:00,55.33955,Sistema
2023-03-15T10:00:00,54.66694,Sistema
2023-03-15T11:00:00,50.62368,Sistema
2023-03-15T12:00:00,50.0975,Sistema
2023-03-15T13:00:00,50.70831,Sistema
2023-03-15T14:00:00,53.67429,Sistema
2023-03-15T15:00:00,58.29853,Sistema
2023-03-15T16:00:00,61.58356,Sistema
2023-03-15T17:00:00,61.09829,Sistema
2023-03-15T18:00:00,60.41537,Sistema
2023-03-15T19:00:00,66.95303,Sistema
2023-03-15T20:00:00,65.07951,Sistema
2023-03-15T21:00:00,66.80575,Sistema
2023-03-15T22:00:00,70.46007,Sistema
2023-03-15T23:00:00,75.39183,Sistema
2023-03-15T24:00:00,71.02339,Sistema
2023-03-16T01:00:00,70.94152,Sistema
2023-03-16T02:00:00,73.66663,Sistema
2023-03-16T03:00:00,76.24318,Sistema
2023-03-16T04:00:00,78.35095,Sistema
2023-03-16T05:00:00,77.50882,Sistema
2023-03-16T06:00:00,74.85657,Sistema
2023-03-16T07:00:00,72.71381,Sistema
2023-03-16T08:00:00,72.69967,Sistema
2023-03-16T09:00:00,78.25897,Sistema
2023-03-16T10:00:00,78.91021,Sistema
2023-03-16T11:00:00,76.76626,Sistema
2023-03-16T12:00:00,76.53661,Sistema
2023-03-16T13:00:00,79.79159,Sistema
2023-03-16T14:00:00,78.46692,Sistema
2023-03-16T15:00:00,79.06529,Sistema
2023-03-16T16:00:00,78.19704,Sistema
2023-03-16T17:00:00,77.82857,Sistema
2023-03-16T18:00:00,78.58827,Sistema
2023-03-16T19:00:00,77.78419,Sistema
2023-03-16T20:00:00,77.37013,Sistema
2023-03-16T21:00:00,78.9883,Sistema
2023-03-16T22:00:00,82.96731,Sistema
2023-03-16T23:00:00,87.81648,Sistema
2023-03-16T24:00:00,92.37937,Sistema
2023-03-17T01:00:00,89.32514,Sistema
2023-03-17T02:00:00,91.61683,Sistema
2023-03-17T03:00:00,89.49481,Sistema
2023-03-17T04:00:00,83.4532,Sistema
2023-03-17T05:00:00,84.40068,Sistema
2023-03-17T06:00:00,75.7572,Sistema
2023-03-17T07:00:00,73.73011,Sistema
2023-03-17T08:00:00,73.88968,Sistema
2023-03-17T09:00:00,74.07126,Sistema
2023-03-17T10:00:00,73.17322,Sistema
2023-03-17T11:00:00,75.45149,Sistema
2023-03-17T12:00:00,78.97936,Sistema
2023-03-17T13:00:00,79.57975,Sistema
2023-03-17T14:00:00,82.50146,Sistema
2023-03-17T15:00:00,87.23156,Sistema
2023-03-17T16:00:00,89.50434,Sistema
2023-03-17T17:00:00,98.49173,Sistema
2023-03-17T18:00:00,103.8136,Sistema
2023-03-17T19:00:00,105.81134,Sistema
2023-03-17T20:00:00,94.73637,Sistema
2023-03-17T21:00:00,100.12704,Sistema
2023-03-17T22:00:00,99.38152,Sistema
2023-03-17T23:00:00,95.96769,Sistema
2023-03-17T24:00:00,98.74956,Sistema
2023-03-18T01:00:00,89.30257,Sistema
2023-03-18T02:00:00,79.71247,Sistema
2023-03-18T03:00:00,70.46414,Sistema
2023-03-18T04:00:00,71.66805,Sistema
2023-03-18T05:00:00,70.31182,Sistema
2023-03-18T06:00:00,69.73576,Sistema
2023-03-18T07:00:00,76.00242,Sistema
2023-03-18T08:00:00,74.95479,Sistema
2023-03-18T09:00:00,70.90087,Sistema
2023-03-18T10:00:00,70.63273,Sistema
2023-03-18T11:00:00,72.55626,Sistema
2023-03-18T12:00:00,77.3015,Sistema
2023-03-18T13:00:00,78.02271,Sistema
2023-03-18T14:00:00,76.89892,Sistema
2023-03-18T15:00:00,71.06082,Sistema
2023-03-18T16:00:00,73.00419,Sistema
2023-03-18T17:00:00,76.12725,Sistema
2023-03-18T18:00:00,76.59693,Sistema
2023-03-18T19:00:00,73.54737,Sistema
2023-03-18T20:00:00,73.48056,Sistema
2023-03-18T21:00:00,76.00514,Sistema
2023-03-18T22:00:00,78.27201,Sistema
2023-03-18T23:00:00,82.6295,Sistema
2023-03-18T24:00:00,86.2657,Sistema
2023-03-19T01:00:00,87.25307,Sistema
2023-03-19T02:00:00,89.80583,Sistema
2023-03-19T03:00:00,90.36711,Sistema
2023-03-19T04:00:00,92.36026,Sistema
2023-03-19T05:00:00,91.36081,Sistema
2023-03-19T06:00:00,86.51835,Sistema
2023-03-19T07:00:00,86.13573,Sistema
2023-03-19T08:00:00,82.22701,Sistema
2023-03-19T09:00:00,78.00936,Sistema
2023-03-19T10:00:00,74.28626,Sistema
2023-03-19T11:00:00,72.07563,Sistema
2023-03-19T12:00:00,69.67105,Sistema
2023-03-19T13:00:00,69.29765,Sistema
2023-03-19T14:00:00,71.70426,Sistema
2023-03-19T15:00:00,77.42286,Sistema
2023-03-19T16:00:00,78.80051,Sistema
2023-03-19T17:00:00,78.87875,Sistema
2023-03-19T18:00:00,80.76945,Sistema
2023-03-19T19:00:00,89.3688,Sistema
2023-03-19T20:00:00,77.54914,Sistema
2023-03-19T21:00:00,74.61972,Sistema
2023-03-19T22:00:00,76.78832,Sistema
2023-03-19T23:00:00,76.38156,Sistema
2023-03-19T24:00:00,82.81213,Sistema
2023-03-20T01:00:00,79.20706,Sistema
2023-03-20T02:00:00,77.42105,Sistema
2023-03-20T03:00:00,79.81931,Sistema
2023-03-20T04:00:00,79.65886,Sistema
2023-03-20T05:00:00,76.52293,Sistema
2023-03-20T06:00:00,76.55202,Sistema
2023-03-20T07:00:00,79.65649,Sistema
2023-03-20T08:00:00,73.07213,Sistema
2023-03-20T09:00:00,64.27831,Sistema
2023-03-20T10:00:00,60.66806,Sistema
2023-03-20T11:00:00,57.58436,Sistema
2023-03-20T12:00:00,54.00209,Sistema
2023-03-20T13:00:00,50.14726,Sistema
2023-03-20T14:00:00,48.46653,Sistema
2023-03-20T15:00:00,54.45925,Sistema
2023-03-20T16:00:00,55.88739,Sistema
2023-03-20T17:00:00,54.8288,Sistema
2023-03-20T18:00:00,52.99356,Sistema
2023-03-20T19:00:00,61.28559,Sistema
2023-03-20T20:00:00,65.18228,Sistema
2023-03-20T21:00:00,64.76646,Sistema
2023-03-20T22:00:00,69.90934,Sistema
2023-03-20T23:00:00,70.80058,Sistema
2023-03-20T24:00:00,72.44838,Sistema
2023-03-21T01:00:00,69.86494,Sistema
2023-03-21T02:00:00,65.42778,Sistema
2023-03-21T03:00:00,64.68389,Sistema
2023-03-21T04:00:00,63.75436,Sistema
2023-03-21T05:00:00,62.24185,Sistema
2023-03-21T06:00:00,60.50602,Sistema
2023-03-21T07:00:00,62.73821,Sistema
2023-03-21T08:00:00,72.07609,Sistema
2023-03-21T09:00:00,75.22628,Sistema
2023-03-21T10:00:00,73.00622,Sistema
2023-03-21T11:00:00,70.30255,Sistema
2023-03-21T12:00:00,66.12704,Sistema
2023-03-21T13:00:00,63.42743,Sistema
2023-03-21T14:00:00,66.23679,Sistema
2023-03-21T15:00:00,71.4924,Sistema
2023-03-21T16:00:00,70.32697,Sistema
2023-03-21T17:00:00,65.98978,Sistema
2023-03-21T18:00:00,72.68383,Sistema
2023-03-21T19:00:00,72.22806,Sistema
2023-03-21T20:00:00,75.93807,Sistema
2023-03-21T21:00:00,78.1661,Sistema
2023-03-21T22:00:00,80.33976,Sistema
2023-03-21T23:00:00,84.97994,Sistema
2023-03-21T24:00:00,86.55467,Sistema
2023-03-22T01:00:00,77.25287,Sistema
2023-03-22T02:00:00,79.09704,Sistema
2023-03-22T03:00:00,75.18275,Sistema
2023-03-22T04:00:00,77.6408,Sistema
2023-03-22T05:00:00,78.67456,Sistema
2023-03-22T06:00:00,78.60581,Sistema
2023-03-22T07:00:00,71.7312,Sistema
2023-03-22T08:00:00,68.02746,Sistema
2023-03-22T09:00:00,68.76498,Sistema
2023-03-22T10:00:00,73.18734,Sistema
2023-03-22T11:00:00,75.84994,Sistema
2023-03-22T12:00:00,85.71044,Sistema
2023-03-22T13:00:00,91.00726,Sistema
2023-03-22T14:00:00,93.15728,Sistema
2023-03-22T15:00:00,96.10659,Sistema
2023-03-22T16:00:00,96.00029,Sistema
2023-03-22T17:00:00,97.52124,Sistema
2023-03-22T18:00:00,98.80677,Sistema
2023-03-22T19:00:00,95.14906,Sistema
2023-03-22T20:00:00,96.86912,Sistema
2023-03-22T21:00:00,100.14519,Sistema
2023-03-22T22:00:00,101.6499,Sistema
2023-03-22T23:00:00,97.96628,Sistema
2023-03-22T24:00:00,98.14636,Sistema
2023-03-23T01:00:00,88.65156,Sistema
2023-03-23T02:00:00,87.94246,Sistema
2023-03-23T03:00:00,85.79973,Sistema
2023-03-23T04:00:00,88.92486,Sistema
2023-03-23T05:00:00,90.44544,Sistema
2023-03-23T06:00:00,96.67583,Sistema
2023-03-23T07:00:00,102.69666,Sistema
2023-03-23T08:00:00,105.06932,Sistema
2023-03-23T09:00:00,102.32068,Sistema
2023-03-23T10:00:00,100.82412,Sistema
2023-03-23T11:00:00,96.44994,Sistema
2023-03-23T12:00:00,90.89986,Sistema
2023-03-23T13:00:00,91.83083,Sistema
2023-03-23T14:00:00,90.85348,Sistema
2023-03-23T15:00:00,89.49482,Sistema
2023-03-23T16:00:00,88.92936,Sistema
2023-03-23T17:00:00,90.42016,Sistema
2023-03-23T18:00:00,94.08644,Sistema
2023-03-23T19:00:00,91.81108,Sistema
2023-03-23T20:00:00,96.02578,Sistema
2023-03-23T21:00:00,98.92998,Sistema
2023-03-23T22:00:00,97.97829,Sistema
2023-03-23T23:00:00,98.21748,Sistema
2023-03-23T24:00:00,91.74432,Sistema
2023-03-24T01:00:00,91.50687,Sistema
2023-03-24T02:00:00,83.75604,Sistema
2023-03-24T03:00:00,80.4732,Sistema
2023-03-24T04:00:00,83.41649,Sistema
2023-03-24T05:00:00,91.8157,Sistema
2023-03-24T06:00:00,97.77142,Sistema
2023-03-24T07:00:00,114.93252,Sistema
2023-03-24T08:00:00,101.37973,Sistema
2023-03-24T09:00:00,105.75634,Sistema
2023-03-24T10:00:00,97.35698,Sistema
2023-03-24T11:00:00,98.60383,Sistema
2023-03-24T12:00:00,90.2867,Sistema
2023-03-24T13:00:00,91.08651,Sistema
2023-03-24T14:00:00,99.47364,Sistema
2023-03-24T15:00:00,96.29518,Sistema
2023-03-24T16:00:00,102.91687,Sistema
2023-03-24T17:00:00,103.3453,Sistema
2023-03-24T18:00:00,108.53043,Sistema
2023-03-24T19:00:00,110.33131,Sistema
2023-03-24T20:00:00,109.31372,Sistema
2023-03-24T21:00:00,115.3753,Sistema
2023-03-24T22:00:00,122.01898,Sistema
2023-03-24T23:00:00,130.96663,Sistema
2023-03-24T24:00:00,135.44241,Sistema
2023-03-25T01:00:00,125.80932,Sistema
2023-03-25T02:00:00,123.27993,Sistema
2023-03-25T03:00:00,118.62404,Sistema
2023-03-25T04:00:00,111.24543,Sistema
2023-03-25T05:00:00,111.68051,Sistema
2023-03-25T06:00:00,109.47577,Sistema
2023-03-25T07:00:00,105.96203,Sistema
2023-03-25T08:00:00,93.72434,Sistema
2023-03-25T09:00:00,88.29404,Sistema
2023-03-25T10:00:00,85.92199,Sistema
2023-03-25T11:00:00,86.53446,Sistema
2023-03-25T12:00:00,87.9966,Sistema
2023-03-25T13:00:00,89.86431,Sistema
2023-03-25T14:00:00,91.09985,Sistema
2023-03-25T15:00:00,93.70181,Sistema
2023-03-25T16:00:00,95.54422,Sistema
2023-03-25T17:00:00,98.29416,Sistema
2023-03-25T18:00:00,94.34954,Sistema
2023-03-25T19:00:00,86.50133,Sistema
2023-03-25T20:00:00,90.5959,Sistema
2023-03-25T21:00:00,91.48339,Sistema
2023-03-25T22:00:00,91.55884,Sistema
2023-03-25T23:00:00,95.95467,Sistema
2023-03-25T24:00:00,99.29789,Sistema
2023-03-26T01:00:00,102.88723,Sistema
2023-03-26T02:00:00,103.85474,Sistema
2023-03-26T03:00:00,107.62916,Sistema
2023-03-26T04:00:00,106.88162,Sistema
2023-03-26T05:00:00,102.8411,Sistema
2023-03-26T06:00:00,99.31485,Sistema
2023-03-26T07:00:00,102.87776,Sistema
2023-03-26T08:00:00,99.94401,Sistema
2023-03-26T09:00:00,98.5986,Sistema
2023-03-26T10:00:00,96.92804,Sistema
2023-03-26T11:00:00,90.70294,Sistema
2023-03-26T12:00:00,84.62128,Sistema
2023-03-26T13:00:00,81.79077,Sistema
2023-03-26T14:00:00,78.75941,Sistema
2023-03-26T15:00:00,78.49477,Sistema
2023-03-26T16:00:00,79.37058,Sistema
2023-03-26T17:00:00,80.34138,Sistema
2023-03-26T18:00:00,79.98627,Sistema
2023-03-26T19:00:00,78.45127,Sistema
2023-03-26T20:00:00,90.84685,Sistema
2023-03-26T21:00:00,97.49005,Sistema
2023-03-26T22:00:00,98.97031,Sistema
2023-03-26T23:00:00,103.95735,Sistema
2023-03-26T24:00:00,107.20124,Sistema
2023-03-27T01:00:00,106.21769,Sistema
2023-03-27T02:00:00,100.83285,Sistema
2023-03-27T03:00:00,95.84344,Sistema
2023-03-27T04:00:00,91.04331,Sistema
2023-03-27T05:00:00,75.528,Sistema
2023-03-27T06:00:00,69.59536,Sistema
2023-03-27T07:00:00,64.87481,Sistema
2023-03-27T08:00:00,58.85827,Sistema
2023-03-27T09:00:00,61.68655,Sistema
2023-03-27T10:00:00,65.68786,Sistema
2023-03-27T11:00:00,66.8623,Sistema
2023-03-27T12:00:00,67.50456,Sistema
2023-03-27T13:00:00,70.00254,Sistema
2023-03-27T14:00:00,69.90536,Sistema
2023-03-27T15:00:00,71.91548,Sistema
2023-03-27T16:00:00,71.25842,Sistema
2023-03-27T17:00:00,74.13159,Sistema
2023-03-27T18:00:00,69.76011,Sistema
2023-03-27T19:00:00,66.19865,Sistema
2023-03-27T20:00:00,73.37539,Sistema
2023-03-27T21:00:00,75.63177,Sistema
2023-03-27T22:00:00,79.74021,Sistema
2023-03-27T23:00:00,82.37521,Sistema
2023-03-27T24:00:00,77.77083,Sistema
2023-03-28T01:00:00,70.17261,Sistema
2023-03-28T02:00:00,69.72652,Sistema
2023-03-28T03:00:00,70.89901,Sistema
2023-03-28T04:00:00,71.84877,Sistema
2023-03-28T05:00:00,70.07479,Sistema
2023-03-28T06:00:00,64.9905,Sistema
2023-03-28T07:00:00,63.51077,Sistema
2023-03-28T08:00:00,60.98386,Sistema
2023-03-28T09:00:00,56.94297,Sistema
2023-03-28T10:00:00,55.25284,Sistema
2023-03-28T11:00:00,53.59476,Sistema
2023-03-28T12:00:00,52.05337,Sistema
2023-03-28T13:00:00,52.89169,Sistema
2023-03-28T14:00:00,58.34452,Sistema
2023-03-28T15:00:00,64.15059,Sistema
2023-03-28T16:00:00,65.09502,Sistema
2023-03-28T17:00:00,69.71225,Sistema
2023-03-28T18:00:00,71.58431,Sistema
2023-03-28T19:00:00,72.24925,Sistema
2023-03-28T20:00:00,83.72366,Sistema
2023-03-28T21:00:00,92.87868,Sistema
2023-03-28T22:00:00,96.35586,Sistema
2023-03-28T23:00:00,99.12449,Sistema
2023-03-28T24:00:00,102.07024,Sistema
2023-03-29T01:00:00,104.63745,Sistema
2023-03-29T02:00:00,101.0984,Sistema
2023-03-29T03:00:00,97.56617,Sistema
2023-03-29T04:00:00,97.63712,Sistema
2023-03-29T05:00:00,95.15733,Sistema
2023-03-29T06:00:00,84.06042,Sistema
2023-03-29T07:00:00,74.55745,Sistema
2023-03-29T08:00:00,68.27851,Sistema
2023-03-29T09:00:00,71.04391,Sistema
2023-03-29T10:00:00,71.87926,Sistema
2023-03-29T11:00:00,74.6321,Sistema
2023-03-29T12:00:00,72.22973,Sistema
2023-03-29T13:00:00,73.80045,Sistema
2023-03-29T14:00:00,78.35798,Sistema
2023-03-29T15:00:00,82.26842,Sistema
2023-03-29T16:00:00,84.22883,Sistema
2023-03-29T17:00:00,86.04664,Sistema
2023-03-29T18:00:00,83.44555,Sistema
2023-03-29T19:00:00,68.86204,Sistema
2023-03-29T20:00:00,70.41386,Sistema
2023-03-29T21:00:00,75.39313,Sistema
2023-03-29T22:00:00,78.13745,Sistema
2023-03-29T23:00:00,83.18126,Sistema
2023-03-29T24:00:00,86.93039,Sistema
2023-03-30T01:00:00,83.40639,Sistema
2023-03-30T02:00:00,77.29824,Sistema
2023-03-30T03:00:00,73.41102,Sistema
2023-03-30T04:00:00,74.1204,Sistema
2023-03-30T05:00:00,72.161,Sistema
2023-03-30T06:00:00,68.23606,Sistema
2023-03-30T07:00:00,67.1857,Sistema
2023-03-30T08:00:00,63.75179,Sistema
2023-03-30T09:00:00,60.32645,Sistema
2023-03-30T10:00:00,58.74798,Sistema
2023-03-30T11:00:00,56.68023,Sistema
2023-03-30T12:00:00,55.37363,Sistema
2023-03-30T13:00:00,56.10759,Sistema
2023-03-30T14:00:00,58.41394,Sistema
2023-03-30T15:00:00,63.989,Sistema
2023-03-30T16:00:00,61.42284,Sistema
2023-03-30T17:00:00,57.91708,Sistema
2023-03-30T18:00:00,60.51983,Sistema
2023-03-30T19:00:00,66.35102,Sistema
2023-03-30T20:00:00,66.50598,Sistema
2023-03-30T21:00:00,71.17226,Sistema
2023-03-30T22:00:00,72.73563,Sistema
2023-03-30T23:00:00,78.00459,Sistema
2023-03-30T24:00:00,79.96794,Sistema
2023-03-31T01:00:00,75.85138,Sistema
2023-03-31T02:00:00,75.02169,Sistema
2023-03-31T03:00:00,72.70006,Sistema
2023-03-31T04:00:00,69.49424,Sistema
2023-03-31T05:00:00,68.12691,Sistema
2023-03-31T06:00:00,63.75728,Sistema
2023-03-31T07:00:00,62.76514,Sistema
2023-03-31T08:00:00,60.54541,Sistema
2023-03-31T09:00:00,63.69726,Sistema
2023-03-31T10:00:00,63.47561,Sistema
2023-03-31T11:00:00,60.39753,Sistema
2023-03-31T12:00:00,61.37389,Sistema
2023-03-31T13:00:00,61.1211,Sistema
2023-03-31T14:00:00,63.68947,Sistema
2023-03-31T15:00:00,74.90435,Sistema
2023-03-31T16:00:00,83.89335,Sistema
2023-03-31T17:00:00,84.3943,Sistema
2023-03-31T18:00:00,80.35039,Sistema
2023-03-31T19:00:00,73.93974,Sistema
2023-03-31T20:00:00,74.7037,Sistema
2023-03-31T21:00:00,75.94139,Sistema
2023-03-31T22:00:00,78.7758,Sistema
2023-03-31T23:00:00,82.6142,Sistema
2023-03-31T24:00:00,84.32147,Sistema
2023-04-01T01:00:00,77.16845,Sistema
2023-04-01T02:00:00,76.40999,Sistema
2023-04-01T03:00:00,75.57169,Sistema
2023-04-01T04:00:00,72.26751,Sistema
2023-04-01T05:00:00,73.2349,Sistema
2023-04-01T06:00:00,76.36328,Sistema
2023-04-01T07:00:00,75.45257,Sistema
2023-04-01T08:00:00,73.70592,Sistema
2023-04-01T09:00:00,74.48442,Sistema
2023-04-01T10:00:00,78.4036,Sistema
2023-04-01T11:00:00,79.76508,Sistema
2023-04-01T12:00:00,77.31653,Sistema
2023-04-01T13:00:00,78.40232,Sistema
2023-04-01T14:00:00,79.81194,Sistema
2023-04-01T15:00:00,85.9068,Sistema
2023-04-01T16:00:00,86.73166,Sistema
2023-04-01T17:00:00,91.10014,Sistema
2023-04-01T18:00:00,94.27507,Sistema
2023-04-01T19:00:00,91.81081,Sistema
2023-04-01T20:00:00,90.17616,Sistema
2023-04-01T21:00:00,89.53149,Sistema
2023-04-01T22:00:00,79.85263,Sistema
2023-04-01T23:00:00,78.71808,Sistema
2023-04-01T24:00:00,83.19577,Sistema
2023-04-02T01:00:00,87.62298,Sistema
2023-04-02T02:00:00,88.10226,Sistema
2023-04-02T03:00:00,90.02802,Sistema
2023-04-02T04:00:00,84.90146,Sistema
2023-04-02T05:00:00,79.25717,Sistema
2023-04-02T06:00:00,75.19324,Sistema
2023-04-02T07:00:00,78.43232,Sistema
2023-04-02T08:00:00,78.77077,Sistema
2023-04-02T09:00:00,81.00352,Sistema
2023-04-02T10:00:00,67.19391,Sistema
2023-04-02T11:00:00,73.70166,Sistema
2023-04-02T12:00:00,77.49962,Sistema
2023-04-02T13:00:00,83.01737,Sistema
2023-04-02T14:00:00,84.89707,Sistema
2023-04-02T15:00:00,93.81809,Sistema
2023-04-02T16:00:00,94.27285,Sistema
2023-04-02T17:00:00,101.64079,Sistema
2023-04-02T18:00:00,100.64274,Sistema
2023-04-02T19:00:00,92.31474,Sistema
2023-04-02T20:00:00,91.08541,Sistema
2023-04-02T21:00:00,85.4206,Sistema
2023-04-02T22:00:00,86.73337,Sistema
2023-04-02T23:00:00,90.94882,Sistema
2023-04-02T24:00:00,95.65301,Sistema
2023-04-03T01:00:00,98.33668,Sistema
2023-04-03T02:00:00,95.89553,Sistema
2023-04-03T03:00:00,93.22703,Sistema
2023-04-03T04:00:00,92.84282,Sistema
2023-04-03T05:00:00,91.50368,Sistema
2023-04-03T06:00:00,88.91555,Sistema
2023-04-03T07:00:00,86.34132,Sistema
2023-04-03T08:00:00,79.37437,Sistema
2023-04-03T09:00:00,74.63008,Sistema
2023-04-03T10:00:00,77.17093,Sistema
2023-04-03T11:00:00,77.5658,Sistema
2023-04-03T12:00:00,76.37877,Sistema
2023-04-03T13:00:00,77.12539,Sistema
2023-04-03T14:00:00,79.05887,Sistema
2023-04-03T15:00:00,80.04593,Sistema
2023-04-03T16:00:00,73.7997,Sistema
2023-04-03T17:00:00,71.53415,Sistema
2023-04-03T18:00:00,77.1507,Sistema
2023-04-03T19:00:00,76.69501,Sistema
2023-04-03T20:00:00,80.78551,Sistema
2023-04-03T21:00:00,82.48945,Sistema
2023-04-03T22:00:00,83.76604,Sistema
2023-04-03T23:00:00,93.43409,Sistema
2023-04-03T24:00:00,95.26474,Sistema
2023-04-04T01:00:00,93.86857,Sistema
2023-04-04T02:00:00,87.87705,Sistema
2023-04-04T03:00:00,87.08017,Sistema
2023-04-04T04:00:00,88.1402,Sistema
2023-04-04T05:00:00,86.86936,Sistema
2023-04-04T06:00:00,86.1695,Sistema
2023-04-04T07:00:00,84.13645,Sistema
2023-04-04T08:00:00,78.29349,Sistema
2023-04-04T09:00:00,74.78613,Sistema
2023-04-04T10:00:00,76.98673,Sistema
2023-04-04T11:00:00,77.92346,Sistema
2023-04-04T12:00:00,79.26434,Sistema
2023-04-04T13:00:00,84.65446,Sistema
2023-04-04T14:00:00,88.64301,Sistema
2023-04-04T15:00:00,89.72579,Sistema
2023-04-04T16:00:00,92.62687,Sistema
2023-04-04T17:00:00,94.06278,Sistema
2023-04-04T18:00:00,98.38817,Sistema
2023-04-04T19:00:00,96.21435,Sistema
2023-04-04T20:00:00,99.03847,Sistema
2023-04-04T21:00:00,99.27762,Sistema
2023-04-04T22:00:00,97.49391,Sistema
2023-04-04T23:00:00,98.6177,Sistema
2023-04-04T24:00:00,99.51735,Sistema
2023-04-05T01:00:00,94.82958,Sistema
2023-04-05T02:00:00,94.18936,Sistema
2023-04-05T03:00:00,95.4181,Sistema
2023-04-05T04:00:00,90.10011,Sistema
2023-04-05T05:00:00,83.80209,Sistema
2023-04-05T06:00:00,80.11708,Sistema
2023-04-05T07:00:00,76.02059,Sistema
2023-04-05T08:00:00,72.34983,Sistema
2023-04-05T09:00:00,73.10625,Sistema
2023-04-05T10:00:00,73.14974,Sistema
2023-04-05T11:00:00,71.20303,Sistema
2023-04-05T12:00:00,71.10627,Sistema
2023-04-05T13:00:00,72.84175,Sistema
2023-04-05T14:00:00,74.19572,Sistema
2023-04-05T15:00:00,67.28281,Sistema
2023-04-05T16:00:00,63.80476,Sistema
2023-04-05T17:00:00,65.47421,Sistema
2023-04-05T18:00:00,68.52112,Sistema
2023-04-05T19:00:00,70.43178,Sistema
2023-04-05T20:00:00,76.54801,Sistema
2023-04-05T21:00:00,78.99474,Sistema
2023-04-05T22:00:00,71.71335,Sistema
2023-04-05T23:00:00,76.90636,Sistema
2023-04-05T24:00:00,81.49413,Sistema
2023-04-06T01:00:00,77.62047,Sistema
2023-04-06T02:00:00,73.71317,Sistema
2023-04-06T03:00:00,72.61593,Sistema
2023-04-06T04:00:00,66.73675,Sistema
2023-04-06T05:00:00,64.73539,Sistema
2023-04-06T06:00:00,61.96357,Sistema
2023-04-06T07:00:00,60.7112,Sistema
2023-04-06T08:00:00,58.60317,Sistema
2023-04-06T09:00:00,58.40357,Sistema
2023-04-06T10:00:00,59.4286,Sistema
2023-04-06T11:00:00,59.64858,Sistema
2023-04-06T12:00:00,60.21117,Sistema
2023-04-06T13:00:00,63.92611,Sistema
2023-04-06T14:00:00,70.5386,Sistema
2023-04-06T15:00:00,73.3858,Sistema
2023-04-06T16:00:00,78.01797,Sistema
2023-04-06T17:00:00,81.05122,Sistema
2023-04-06T18:00:00,83.84993,Sistema
2023-04-06T19:00:00,81.79023,Sistema
2023-04-06T20:00:00,81.85734,Sistema
2023-04-06T21:00:00,85.20999,Sistema
2023-04-06T22:00:00,81.37556,Sistema
2023-04-06T23:00:00,78.5487,Sistema
2023-04-06T24:00:00,79.97104,Sistema
2023-04-07T01:00:00,84.24527,Sistema
2023-04-07T02:00:00,86.66756,Sistema
2023-04-07T03:00:00,86.53168,Sistema
2023-04-07T04:00:00,81.85618,Sistema
2023-04-07T05:00:00,74.16781,Sistema
2023-04-07T06:00:00,73.59189,Sistema
2023-04-07T07:00:00,75.32955,Sistema
2023-04-07T08:00:00,73.12997,Sistema
2023-04-07T09:00:00,69.85153,Sistema
2023-04-07T10:00:00,72.07324,Sistema
2023-04-07T11:00:00,70.14849,Sistema
2023-04-07T12:00:00,69.16998,Sistema
2023-04-07T13:00:00,71.51631,Sistema
2023-04-07T14:00:00,76.02462,Sistema
2023-04-07T15:00:00,80.78848,Sistema
2023-04-07T16:00:00,82.04784,Sistema
2023-04-07T17:00:00,85.29662,Sistema
2023-04-07T18:00:00,84.72655,Sistema
2023-04-07T19:00:00,80.54228,Sistema
2023-04-07T20:00:00,81.34555,Sistema
2023-04-07T21:00:00,82.68659,Sistema
2023-04-07T22:00:00,79.84733,Sistema
2023-04-07T23:00:00,78.92565,Sistema
2023-04-07T24:00:00,82.92981,Sistema
2023-04-08T01:00:00,87.64496,Sistema
2023-04-08T02:00:00,90.27669,Sistema
2023-04-08T03:00:00,92.44069,Sistema
2023-04-08T04:00:00,93.70684,Sistema
2023-04-08T05:00:00,93.44822,Sistema
2023-04-08T06:00:00,93.15492,Sistema
2023-04-08T07:00:00,94.1819,Sistema
2023-04-08T08:00:00,90.69698,Sistema
2023-04-08T09:00:00,84.96658,Sistema
2023-04-08T10:00:00,81.40662,Sistema
2023-04-08T11:00:00,77.69207,Sistema
2023-04-08T12:00:00,75.33916,Sistema
2023-04-08T13:00:00,73.91174,Sistema
2023-04-08T14:00:00,73.16221,Sistema
2023-04-08T15:00:00,73.87239,Sistema
2023-04-08T16:00:00,73.64751,Sistema
2023-04-08T17:00:00,73.37522,Sistema
2023-04-08T18:00:00,73.93736,Sistema
2023-04-08T19:00:00,75.46481,Sistema
2023-04-08T20:00:00,78.94361,Sistema
2023-04-08T21:00:00,80.21177,Sistema
2023-04-08T22:00:00,76.82073,Sistema
2023-04-08T23:00:00,83.47066,Sistema
2023-04-08T24:00:00,88.56391,Sistema
2023-04-09T01:00:00,92.31557,Sistema
2023-04-09T02:00:00,93.70381,Sistema
2023-04-09T03:00:00,92.25278,Sistema
2023-04-09T04:00:00,82.99901,Sistema
2023-04-09T05:00:00,76.85346,Sistema
2023-04-09T06:00:00,75.94161,Sistema
2023-04-09T07:00:00,78.01481,Sistema
2023-04-09T08:00:00,77.4114,Sistema
2023-04-09T09:00:00,77.36823,Sistema
2023-04-09T10:00:00,73.76678,Sistema
2023-04-09T11:00:00,62.90411,Sistema
2023-04-09T12:00:00,61.98767,Sistema
2023-04-09T13:00:00,63.74015,Sistema
2023-04-09T14:00:00,62.95336,Sistema
2023-04-09T15:00:00,63.49816,Sistema
2023-04-09T16:00:00,63.84322,Sistema
2023-04-09T17:00:00,66.98783,Sistema
2023-04-09T18:00:00,70.29327,Sistema
2023-04-09T19:00:00,69.53438,Sistema
2023-04-09T20:00:00,70.31844,Sistema
2023-04-09T21:00:00,75.77703,Sistema
2023-04-09T22:00:00,76.21253,Sistema
2023-04-09T23:00:00,73.62685,Sistema
2023-04-09T24:00:00,76.65668,Sistema
2023-04-10T01:00:00,84.48122,Sistema
2023-04-10T02:00:00,79.06182,Sistema
2023-04-10T03:00:00,69.61057,Sistema
2023-04-10T04:00:00,65.67107,Sistema
2023-04-10T05:00:00,61.68729,Sistema
2023-04-10T06:00:00,59.54598,Sistema
2023-04-10T07:00:00,60.03522,Sistema
2023-04-10T08:00:00,54.45156,Sistema
2023-04-10T09:00:00,51.47115,Sistema
2023-04-10T10:00:00,47.67947,Sistema
2023-04-10T11:00:00,47.16017,Sistema
2023-04-10T12:00:00,48.54163,Sistema
2023-04-10T13:00:00,51.9986,Sistema
2023-04-10T14:00:00,61.42456,Sistema
2023-04-10T15:00:00,64.51727,Sistema
2023-04-10T16:00:00,62.69252,Sistema
2023-04-10T17:00:00,60.053,Sistema
2023-04-10T18:00:00,62.85921,Sistema
2023-04-10T19:00:00,64.93405,Sistema
2023-04-10T20:00:00,66.5322,Sistema
2023-04-10T21:00:00,67.71383,Sistema
2023-04-10T22:00:00,72.01676,Sistema
2023-04-10T23:00:00,78.32908,Sistema
2023-04-10T24:00:00,82.98544,Sistema
2023-04-11T01:00:00,83.03628,Sistema
2023-04-11T02:00:00,77.07803,Sistema
2023-04-11T03:00:00,74.27545,Sistema
2023-04-11T04:00:00,72.32315,Sistema
2023-04-11T05:00:00,67.53967,Sistema
2023-04-11T06:00:00,57.69725,Sistema
2023-04-11T07:00:00,54.00729,Sistema
2023-04-11T08:00:00,48.96144,Sistema
2023-04-11T09:00:00,46.82397,Sistema
2023-04-11T10:00:00,45.888,Sistema
2023-04-11T11:00:00,47.90208,Sistema
2023-04-11T12:00:00,52.81324,Sistema
2023-04-11T13:00:00,54.63078,Sistema
2023-04-11T14:00:00,57.0814,Sistema
2023-04-11T15:00:00,56.86571,Sistema
2023-04-11T16:00:00,56.64291,Sistema
2023-04-11T17:00:00,54.34944,Sistema
2023-04-11T18:00:00,56.5003,Sistema
2023-04-11T19:00:00,57.93883,Sistema
2023-04-11T20:00:00,59.77553,Sistema
2023-04-11T21:00:00,62.68901,Sistema
2023-04-11T22:00:00,63.853,Sistema
2023-04-11T23:00:00,71.53476,Sistema
2023-04-11T24:00:00,71.0041,Sistema
2023-04-12T01:00:00,72.94171,Sistema
2023-04-12T02:00:00,71.96304,Sistema
2023-04-12T03:00:00,71.92432,Sistema
2023-04-12T04:00:00,73.68678,Sistema
2023-04-12T05:00:00,70.87171,Sistema
2023-04-12T06:00:00,67.17864,Sistema
2023-04-12T07:00:00,68.0513,Sistema
2023-04-12T08:00:00,68.5204,Sistema
2023-04-12T09:00:00,81.83143,Sistema
2023-04-12T10:00:00,75.27294,Sistema
2023-04-12T11:00:00,69.68069,Sistema
2023-04-12T12:00:00,65.45286,Sistema
2023-04-12T13:00:00,60.96538,Sistema
2023-04-12T14:00:00,57.11423,Sistema
2023-04-12T15:00:00,60.86571,Sistema
2023-04-12T16:00:00,60.26921,Sistema
2023-04-12T17:00:00,61.55061,Sistema
2023-04-12T18:00:00,64.81732,Sistema
2023-04-12T19:00:00,70.02013,Sistema
2023-04-12T20:00:00,68.62236,Sistema
2023-04-12T21:00:00,70.60874,Sistema
2023-04-12T22:00:00,72.03239,Sistema
2023-04-12T23:00:00,77.07158,Sistema
2023-04-12T24:00:00,76.97792,Sistema
2023-04-13T01:00:00,77.24287,Sistema
2023-04-13T02:00:00,74.7081,Sistema
2023-04-13T03:00:00,72.30023,Sistema
2023-04-13T04:00:00,74.15277,Sistema
2023-04-13T05:00:00,76.92182,Sistema
2023-04-13T06:00:00,74.92926,Sistema
2023-04-13T07:00:00,74.53943,Sistema
2023-04-13T08:00:00,71.48789,Sistema
2023-04-13T09:00:00,71.36705,Sistema
2023-04-13T10:00:00,72.27515,Sistema
2023-04-13T11:00:00,71.95432,Sistema
2023-04-13T12:00:00,74.47049,Sistema
2023-04-13T13:00:00,75.50012,Sistema
2023-04-13T14:00:00,76.9834,Sistema
2023-04-13T15:00:00,76.16523,Sistema
2023-04-13T16:00:00,75.36854,Sistema
2023-04-13T17:00:00,74.31055,Sistema
2023-04-13T18:00:00,77.53199,Sistema
2023-04-13T19:00:00,81.76261,Sistema
2023-04-13T20:00:00,81.17908,Sistema
2023-04-13T21:00:00,83.10548,Sistema
2023-04-13T22:00:00,84.49117,Sistema
2023-04-13T23:00:00,89.43254,Sistema
2023-04-13T24:00:00,90.62818,Sistema
2023-04-14T01:00:00,86.39491,Sistema
2023-04-14T02:00:00,84.89365,Sistema
2023-04-14T03:00:00,86.84514,Sistema
2023-04-14T04:00:00,88.80795,Sistema
2023-04-14T05:00:00,85.49358,Sistema
2023-04-14T06:00:00,74.76978,Sistema
2023-04-14T07:00:00,76.38834,Sistema
2023-04-14T08:00:00,73.77665,Sistema
2023-04-14T09:00:00,69.35199,Sistema
2023-04-14T10:00:00,65.47696,Sistema
2023-04-14T11:00:00,62.48311,Sistema
2023-04-14T12:00:00,60.84358,Sistema
2023-04-14T13:00:00,63.2306,Sistema
2023-04-14T14:00:00,73.29724,Sistema
2023-04-14T15:00:00,82.36054,Sistema
2023-04-14T16:00:00,81.85414,Sistema
2023-04-14T17:00:00,77.04475,Sistema
2023-04-14T18:00:00,77.56446,Sistema
2023-04-14T19:00:00,81.63705,Sistema
2023-04-14T20:00:00,83.53945,Sistema
2023-04-14T21:00:00,87.7145,Sistema
2023-04-14T22:00:00,88.32721,Sistema
2023-04-14T23:00:00,93.5731,Sistema
2023-04-14T24:00:00,92.73549,Sistema
2023-04-15T01:00:00,80.75819,Sistema
2023-04-15T02:00:00,77.73087,Sistema
2023-04-15T03:00:00,76.1211,Sistema
2023-04-15T04:00:00,76.09284,Sistema
2023-04-15T05:00:00,76.02053,Sistema
2023-04-15T06:00:00,75.36648,Sistema
2023-04-15T07:00:00,73.25644,Sistema
2023-04-15T08:00:00,68.33945,Sistema
2023-04-15T09:00:00,63.587,Sistema
2023-04-15T10:00:00,61.09895,Sistema
2023-04-15T11:00:00,59.1563,Sistema
2023-04-15T12:00:00,58.16601,Sistema
2023-04-15T13:00:00,59.23633,Sistema
2023-04-15T14:00:00,58.35235,Sistema
2023-04-15T15:00:00,57.03166,Sistema
2023-04-15T16:00:00,49.49514,Sistema
2023-04-15T17:00:00,51.83361,Sistema
2023-04-15T18:00:00,57.29319,Sistema
2023-04-15T19:00:00,55.39736,Sistema
2023-04-15T20:00:00,55.5909,Sistema
2023-04-15T21:00:00,56.83619,Sistema
2023-04-15T22:00:00,59.61649,Sistema
2023-04-15T23:00:00,63.62613,Sistema
2023-04-15T24:00:00,59.41819,Sistema
2023-04-16T01:00:00,71.57676,Sistema
2023-04-16T02:00:00,71.87979,Sistema
2023-04-16T03:00:00,69.85831,Sistema
2023-04-16T04:00:00,60.48126,Sistema
2023-04-16T05:00:00,60.20958,Sistema
2023-04-16T06:00:00,60.61761,Sistema
2023-04-16T07:00:00,64.08109,Sistema
2023-04-16T08:00:00,61.03833,Sistema
2023-04-16T09:00:00,64.07263,Sistema
2023-04-16T10:00:00,60.27636,Sistema
2023-04-16T11:00:00,56.0503,Sistema
2023-04-16T12:00:00,55.00401,Sistema
2023-04-16T13:00:00,53.80941,Sistema
2023-04-16T14:00:00,54.19062,Sistema
2023-04-16T15:00:00,56.33748,Sistema
2023-04-16T16:00:00,56.72332,Sistema
2023-04-16T17:00:00,57.97528,Sistema
2023-04-16T18:00:00,62.15405,Sistema
2023-04-16T19:00:00,60.95924,Sistema
2023-04-16T20:00:00,64.49056,Sistema
2023-04-16T21:00:00,67.2055,Sistema
2023-04-16T22:00:00,64.16412,Sistema
2023-04-16T23:00:00,68.32061,Sistema
2023-04-16T24:00:00,70.78254,Sistema
2023-04-17T01:00:00,70.5252,Sistema
2023-04-17T02:00:00,68.70641,Sistema
2023-04-17T03:00:00,72.77059,Sistema
2023-04-17T04:00:00,77.94303,Sistema
2023-04-17T05:00:00,76.62342,Sistema
2023-04-17T06:00:00,71.59501,Sistema
2023-04-17T07:00:00,70.72465,Sistema
2023-04-17T08:00:00,67.79165,Sistema
2023-04-17T09:00:00,67.34854,Sistema
2023-04-17T10:00:00,67.83391,Sistema
2023-04-17T11:00:00,69.45949,Sistema
2023-04-17T12:00:00,66.15594,Sistema
2023-04-17T13:00:00,67.37299,Sistema
2023-04-17T14:00:00,72.84555,Sistema
2023-04-17T15:00:00,77.35863,Sistema
2023-04-17T16:00:00,78.51731,Sistema
2023-04-17T17:00:00,76.94882,Sistema
2023-04-17T18:00:00,80.67164,Sistema
2023-04-17T19:00:00,81.30851,Sistema
2023-04-17T20:00:00,80.9727,Sistema
2023-04-17T21:00:00,83.62429,Sistema
2023-04-17T22:00:00,85.48485,Sistema
2023-04-17T23:00:00,88.37871,Sistema
2023-04-17T24:00:00,94.27511,Sistema
2023-04-18T01:00:00,94.17151,Sistema
2023-04-18T02:00:00,97.16858,Sistema
2023-04-18T03:00:00,99.53682,Sistema
2023-04-18T04:00:00,100.38847,Sistema
2023-04-18T05:00:00,97.65315,Sistema
2023-04-18T06:00:00,91.98984,Sistema
2023-04-18T07:00:00,91.10195,Sistema
2023-04-18T08:00:00,86.00634,Sistema
2023-04-18T09:00:00,81.08817,Sistema
2023-04-18T10:00:00,78.52089,Sistema
2023-04-18T11:00:00,75.8686,Sistema
2023-04-18T12:00:00,73.95378,Sistema
2023-04-18T13:00:00,74.40351,Sistema
2023-04-18T14:00:00,74.64363,Sistema
2023-04-18T15:00:00,75.49655,Sistema
2023-04-18T16:00:00,75.10217,Sistema
2023-04-18T17:00:00,75.64212,Sistema
2023-04-18T18:00:00,76.59952,Sistema
2023-04-18T19:00:00,77.01964,Sistema
2023-04-18T20:00:00,79.39545,Sistema
2023-04-18T21:00:00,82.00678,Sistema
2023-04-18T22:00:00,85.58885,Sistema
2023-04-18T23:00:00,93.09114,Sistema
2023-04-18T24:00:00,95.68769,Sistema
2023-04-19T01:00:00,91.49773,Sistema
2023-04-19T02:00:00,88.91581,Sistema
2023-04-19T03:00:00,89.82676,Sistema
2023-04-19T04:00:00,86.90938,Sistema
2023-04-19T05:00:00,90.46779,Sistema
2023-04-19T06:00:00,89.48149,Sistema
2023-04-19T07:00:00,90.25548,Sistema
2023-04-19T08:00:00,85.53895,Sistema
2023-04-19T09:00:00,84.10222,Sistema
2023-04-19T10:00:00,83.38386,Sistema
2023-04-19T11:00:00,77.00326,Sistema
2023-04-19T12:00:00,75.58574,Sistema
2023-04-19T13:00:00,81.58101,Sistema
2023-04-19T14:00:00,81.78848,Sistema
2023-04-19T15:00:00,84.78094,Sistema
2023-04-19T16:00:00,84.86678,Sistema
2023-04-19T17:00:00,80.77653,Sistema
2023-04-19T18:00:00,84.45415,Sistema
2023-04-19T19:00:00,86.36783,Sistema
2023-04-19T20:00:00,88.07081,Sistema
2023-04-19T21:00:00,90.91334,Sistema
2023-04-19T22:00:00,90.56066,Sistema
2023-04-19T23:00:00,97.31745,Sistema
2023-04-19T24:00:00,98.30862,Sistema
2023-04-20T01:00:00,108.11308,Sistema
2023-04-20T02:00:00,116.66868,Sistema
2023-04-20T03:00:00,111.59282,Sistema
2023-04-20T04:00:00,112.83558,Sistema
2023-04-20T05:00:00,109.13182,Sistema
2023-04-20T06:00:00,103.03911,Sistema
2023-04-20T07:00:00,100.56282,Sistema
2023-04-20T08:00:00,95.80962,Sistema
2023-04-20T09:00:00,91.17636,Sistema
2023-04-20T10:00:00,87.55935,Sistema
2023-04-20T11:00:00,85.18558,Sistema
2023-04-20T12:00:00,81.70943,Sistema
2023-04-20T13:00:00,82.87636,Sistema
2023-04-20T14:00:00,84.41219,Sistema
2023-04-20T15:00:00,86.34964,Sistema
2023-04-20T16:00:00,84.9056,Sistema
2023-04-20T17:00:00,84.75734,Sistema
2023-04-20T18:00:00,87.58242,Sistema
2023-04-20T19:00:00,83.52138,Sistema
2023-04-20T20:00:00,81.92689,Sistema
2023-04-20T21:00:00,86.63886,Sistema
2023-04-20T22:00:00,91.9628,Sistema
2023-04-20T23:00:00,97.32705,Sistema
2023-04-20T24:00:00,98.31542,Sistema
2023-04-21T01:00:00,97.27917,Sistema
2023-04-21T02:00:00,98.02181,Sistema
2023-04-21T03:00:00,100.12032,Sistema
2023-04-21T04:00:00,92.02451,Sistema
2023-04-21T05:00:00,86.83437,Sistema
2023-04-21T06:00:00,80.24336,Sistema
2023-04-21T07:00:00,78.91906,Sistema
2023-04-21T08:00:00,75.38465,Sistema
2023-04-21T09:00:00,70.50618,Sistema
2023-04-21T10:00:00,72.41986,Sistema
2023-04-21T11:00:00,74.89654,Sistema
2023-04-21T12:00:00,79.42446,Sistema
2023-04-21T13:00:00,84.90571,Sistema
2023-04-21T14:00:00,89.70419,Sistema
2023-04-21T15:00:00,92.53621,Sistema
2023-04-21T16:00:00,91.2895,Sistema
2023-04-21T17:00:00,90.81848,Sistema
2023-04-21T18:00:00,94.0039,Sistema
2023-04-21T19:00:00,95.32371,Sistema
2023-04-21T20:00:00,92.99221,Sistema
2023-04-21T21:00:00,90.56917,Sistema
2023-04-21T22:00:00,92.8199,Sistema
2023-04-21T23:00:00,97.82353,Sistema
2023-04-21T24:00:00,95.84729,Sistema
2023-04-22T01:00:00,96.81125,Sistema
2023-04-22T02:00:00,89.69761,Sistema
2023-04-22T03:00:00,89.8605,Sistema
2023-04-22T04:00:00,92.0047,Sistema
2023-04-22T05:00:00,91.46616,Sistema
2023-04-22T06:00:00,90.43688,Sistema
2023-04-22T07:00:00,88.18303,Sistema
2023-04-22T08:00:00,83.56308,Sistema
2023-04-22T09:00:00,79.44403,Sistema
2023-04-22T10:00:00,79.20574,Sistema
2023-04-22T11:00:00,78.24615,Sistema
2023-04-22T12:00:00,77.56783,Sistema
2023-04-22T13:00:00,81.37698,Sistema
2023-04-22T14:00:00,83.47881,Sistema
2023-04-22T15:00:00,86.55297,Sistema
2023-04-22T16:00:00,85.48482,Sistema
2023-04-22T17:00:00,71.51342,Sistema
2023-04-22T18:00:00,65.89115,Sistema
2023-04-22T19:00:00,73.66825,Sistema
2023-04-22T20:00:00,72.82763,Sistema
2023-04-22T21:00:00,76.21888,Sistema
2023-04-22T22:00:00,75.3726,Sistema
2023-04-22T23:00:00,84.86885,Sistema
2023-04-22T24:00:00,95.20321,Sistema
2023-04-23T01:00:00,102.93916,Sistema
2023-04-23T02:00:00,103.6661,Sistema
2023-04-23T03:00:00,113.86178,Sistema
2023-04-23T04:00:00,121.50065,Sistema
2023-04-23T05:00:00,123.99879,Sistema
2023-04-23T06:00:00,129.36923,Sistema
2023-04-23T07:00:00,132.31978,Sistema
2023-04-23T08:00:00,126.56207,Sistema
2023-04-23T09:00:00,118.31246,Sistema
2023-04-23T10:00:00,110.42755,Sistema
2023-04-23T11:00:00,106.89931,Sistema
2023-04-23T12:00:00,104.027,Sistema
2023-04-23T13:00:00,101.9483,Sistema
2023-04-23T14:00:00,102.01148,Sistema
2023-04-23T15:00:00,103.5202,Sistema
2023-04-23T16:00:00,103.92399,Sistema
2023-04-23T17:00:00,104.85564,Sistema
2023-04-23T18:00:00,110.47253,Sistema
2023-04-23T19:00:00,111.68679,Sistema
2023-04-23T20:00:00,110.11903,Sistema
2023-04-23T21:00:00,114.41643,Sistema
2023-04-23T22:00:00,113.38342,Sistema
2023-04-23T23:00:00,118.81855,Sistema
2023-04-23T24:00:00,125.0904,Sistema
2023-04-24T01:00:00,130.28173,Sistema
2023-04-24T02:00:00,120.3862,Sistema
2023-04-24T03:00:00,124.58672,Sistema
2023-04-24T04:00:00,125.548,Sistema
2023-04-24T05:00:00,121.43891,Sistema
2023-04-24T06:00:00,117.46077,Sistema
2023-04-24T07:00:00,114.20911,Sistema
2023-04-24T08:00:00,105.98409,Sistema
2023-04-24T09:00:00,99.81222,Sistema
2023-04-24T10:00:00,95.49256,Sistema
2023-04-24T11:00:00,93.35898,Sistema
2023-04-24T12:00:00,91.58351,Sistema
2023-04-24T13:00:00,91.06754,Sistema
2023-04-24T14:00:00,97.76698,Sistema
2023-04-24T15:00:00,92.55221,Sistema
2023-04-24T16:00:00,89.4455,Sistema
2023-04-24T17:00:00,95.47267,Sistema
2023-04-24T18:00:00,98.83468,Sistema
2023-04-24T19:00:00,95.34353,Sistema
2023-04-24T20:00:00,92.80087,Sistema
2023-04-24T21:00:00,96.7076,Sistema
2023-04-24T22:00:00,103.56493,Sistema
2023-04-24T23:00:00,114.61755,Sistema
2023-04-24T24:00:00,119.11675,Sistema
2023-04-25T01:00:00,119.79988,Sistema
2023-04-25T02:00:00,112.85913,Sistema
2023-04-25T03:00:00,117.94857,Sistema
2023-04-25T04:00:00,114.21016,Sistema
2023-04-25T05:00:00,110.30606,Sistema
2023-04-25T06:00:00,102.42813,Sistema
2023-04-25T07:00:00,100.83355,Sistema
2023-04-25T08:00:00,98.40008,Sistema
2023-04-25T09:00:00,93.15319,Sistema
2023-04-25T10:00:00,85.26051,Sistema
2023-04-25T11:00:00,80.96105,Sistema
2023-04-25T12:00:00,90.46694,Sistema
2023-04-25T13:00:00,91.01059,Sistema
2023-04-25T14:00:00,91.96368,Sistema
2023-04-25T15:00:00,92.27278,Sistema
2023-04-25T16:00:00,94.02499,Sistema
2023-04-25T17:00:00,96.55056,Sistema
2023-04-25T18:00:00,100.69258,Sistema
2023-04-25T19:00:00,96.97902,Sistema
2023-04-25T20:00:00,91.59965,Sistema
2023-04-25T21:00:00,96.53294,Sistema
2023-04-25T22:00:00,101.90757,Sistema
2023-04-25T23:00:00,106.33986,Sistema
2023-04-25T24:00:00,117.4494,Sistema
2023-04-26T01:00:00,113.60091,Sistema
2023-04-26T02:00:00,110.14707,Sistema
2023-04-26T03:00:00,104.06906,Sistema
2023-04-26T04:00:00,96.93376,Sistema
2023-04-26T05:00:00,90.01432,Sistema
2023-04-26T06:00:00,84.90362,Sistema
2023-04-26T07:00:00,85.08846,Sistema
2023-04-26T08:00:00,84.27634,Sistema
2023-04-26T09:00:00,79.46825,Sistema
2023-04-26T10:00:00,79.47786,Sistema
2023-04-26T11:00:00,75.13189,Sistema
2023-04-26T12:00:00,75.65642,Sistema
2023-04-26T13:00:00,83.71932,Sistema
2023-04-26T14:00:00,87.94641,Sistema
2023-04-26T15:00:00,87.76451,Sistema
2023-04-26T16:00:00,87.7485,Sistema
2023-04-26T17:00:00,91.07488,Sistema
2023-04-26T18:00:00,95.44507,Sistema
2023-04-26T19:00:00,91.81772,Sistema
2023-04-26T20:00:00,91.24964,Sistema
2023-04-26T21:00:00,94.58187,Sistema
2023-04-26T22:00:00,100.54567,Sistema
2023-04-26T23:00:00,106.73272,Sistema
2023-04-26T24:00:00,114.15261,Sistema
2023-04-27T01:00:00,108.01674,Sistema
2023-04-27T02:00:00,97.35343,Sistema
2023-04-27T03:00:00,89.487,Sistema
2023-04-27T04:00:00,88.39874,Sistema
2023-04-27T05:00:00,83.98226,Sistema
2023-04-27T06:00:00,76.21752,Sistema
2023-04-27T07:00:00,77.98799,Sistema
2023-04-27T08:00:00,80.44836,Sistema
2023-04-27T09:00:00,85.88071,Sistema
2023-04-27T10:00:00,86.94449,Sistema
2023-04-27T11:00:00,87.46355,Sistema
2023-04-27T12:00:00,91.56999,Sistema
2023-04-27T13:00:00,94.91727,Sistema
2023-04-27T14:00:00,96.27626,Sistema
2023-04-27T15:00:00,98.68319,Sistema
2023-04-27T16:00:00,98.43297,Sistema
2023-04-27T17:00:00,92.02797,Sistema
2023-04-27T18:00:00,93.59755,Sistema
2023-04-27T19:00:00,97.2168,Sistema
2023-04-27T20:00:00,94.74726,Sistema
2023-04-27T21:00:00,90.10049,Sistema
2023-04-27T22:00:00,87.64087,Sistema
2023-04-27T23:00:00,95.05963,Sistema
2023-04-27T24:00:00,95.30626,Sistema
2023-04-28T01:00:00,94.5846,Sistema
2023-04-28T02:00:00,90.49244,Sistema
2023-04-28T03:00:00,85.01204,Sistema
2023-04-28T04:00:00,83.79109,Sistema
2023-04-28T05:00:00,75.04409,Sistema
2023-04-28T06:00:00,68.61094,Sistema
2023-04-28T07:00:00,66.06626,Sistema
2023-04-28T08:00:00,62.8809,Sistema
2023-04-28T09:00:00,63.65333,Sistema
2023-04-28T10:00:00,66.8785,Sistema
2023-04-28T11:00:00,71.31557,Sistema
2023-04-28T12:00:00,74.36286,Sistema
2023-04-28T13:00:00,76.16115,Sistema
2023-04-28T14:00:00,81.89643,Sistema
2023-04-28T15:00:00,84.75393,Sistema
2023-04-28T16:00:00,83.4678,Sistema
2023-04-28T17:00:00,76.13747,Sistema
2023-04-28T18:00:00,75.61232,Sistema
2023-04-28T19:00:00,81.23975,Sistema
2023-04-28T20:00:00,82.7606,Sistema
2023-04-28T21:00:00,81.5433,Sistema
2023-04-28T22:00:00,80.0609,Sistema
2023-04-28T23:00:00,86.25458,Sistema
2023-04-28T24:00:00,87.73258,Sistema
2023-04-29T01:00:00,87.13157,Sistema
2023-04-29T02:00:00,81.4038,Sistema
2023-04-29T03:00:00,75.22555,Sistema
2023-04-29T04:00:00,70.36933,Sistema
2023-04-29T05:00:00,68.14202,Sistema
2023-04-29T06:00:00,63.55,Sistema
2023-04-29T07:00:00,59.49979,Sistema
2023-04-29T08:00:00,55.64705,Sistema
2023-04-29T09:00:00,52.92608,Sistema
2023-04-29T10:00:00,54.09143,Sistema
2023-04-29T11:00:00,54.50243,Sistema
2023-04-29T12:00:00,54.52536,Sistema
2023-04-29T13:00:00,55.92702,Sistema
2023-04-29T14:00:00,59.66307,Sistema
2023-04-29T15:00:00,62.49759,Sistema
2023-04-29T16:00:00,62.34185,Sistema
2023-04-29T17:00:00,55.96388,Sistema
2023-04-29T18:00:00,58.71288,Sistema
2023-04-29T19:00:00,66.27906,Sistema
2023-04-29T20:00:00,66.55567,Sistema
2023-04-29T21:00:00,69.03009,Sistema
2023-04-29T22:00:00,72.00492,Sistema
2023-04-29T23:00:00,76.45311,Sistema
2023-04-29T24:00:00,78.38018,Sistema
2023-04-30T01:00:00,80.95453,Sistema
2023-04-30T02:00:00,81.97003,Sistema
2023-04-30T03:00:00,82.26485,Sistema
2023-04-30T04:00:00,83.57303,Sistema
2023-04-30T05:00:00,84.59246,Sistema
2023-04-30T06:00:00,81.94584,Sistema
2023-04-30T07:00:00,72.89593,Sistema
2023-04-30T08:00:00,67.63246,Sistema
2023-04-30T09:00:00,62.61444,Sistema
2023-04-30T10:00:00,59.80192,Sistema
2023-04-30T11:00:00,57.44881,Sistema
2023-04-30T12:00:00,56.47185,Sistema
2023-04-30T13:00:00,56.0342,Sistema
2023-04-30T14:00:00,56.51595,Sistema
2023-04-30T15:00:00,57.58252,Sistema
2023-04-30T16:00:00,58.58852,Sistema
2023-04-30T17:00:00,60.21558,Sistema
2023-04-30T18:00:00,66.53276,Sistema
2023-04-30T19:00:00,68.32547,Sistema
2023-04-30T20:00:00,65.11699,Sistema
2023-04-30T21:00:00,69.52082,Sistema
2023-04-30T22:00:00,67.27672,Sistema
2023-04-30T23:00:00,71.77087,Sistema
2023-04-30T24:00:00,74.61708,Sistema
2023-05-01T01:00:00,65.36975,Sistema
2023-05-01T02:00:00,58.32897,Sistema
2023-05-01T03:00:00,59.85476,Sistema
2023-05-01T04:00:00,61.04641,Sistema
2023-05-01T05:00:00,64.31995,Sistema
2023-05-01T06:00:00,69.86994,Sistema
2023-05-01T07:00:00,72.87376,Sistema
2023-05-01T08:00:00,66.66035,Sistema
2023-05-01T09:00:00,62.54318,Sistema
2023-05-01T10:00:00,58.41532,Sistema
2023-05-01T11:00:00,56.79635,Sistema
2023-05-01T12:00:00,55.60049,Sistema
2023-05-01T13:00:00,52.8735,Sistema
2023-05-01T14:00:00,50.37084,Sistema
2023-05-01T15:00:00,50.45444,Sistema
2023-05-01T16:00:00,50.71057,Sistema
2023-05-01T17:00:00,51.48865,Sistema
2023-05-01T18:00:00,56.9686,Sistema
2023-05-01T19:00:00,58.77379,Sistema
2023-05-01T20:00:00,55.75962,Sistema
2023-05-01T21:00:00,53.9496,Sistema
2023-05-01T22:00:00,56.80804,Sistema
2023-05-01T23:00:00,63.14584,Sistema
2023-05-01T24:00:00,65.71848,Sistema
2023-05-02T01:00:00,62.84971,Sistema
2023-05-02T02:00:00,63.5544,Sistema
2023-05-02T03:00:00,57.15473,Sistema
2023-05-02T04:00:00,56.81159,Sistema
2023-05-02T05:00:00,59.17489,Sistema
2023-05-02T06:00:00,58.60977,Sistema
2023-05-02T07:00:00,60.14299,Sistema
2023-05-02T08:00:00,58.2844,Sistema
2023-05-02T09:00:00,53.9078,Sistema
2023-05-02T10:00:00,51.98377,Sistema
2023-05-02T11:00:00,51.31887,Sistema
2023-05-02T12:00:00,52.93855,Sistema
2023-05-02T13:00:00,52.55634,Sistema
2023-05-02T14:00:00,54.37901,Sistema
2023-05-02T15:00:00,57.21811,Sistema
2023-05-02T16:00:00,56.71543,Sistema
2023-05-02T17:00:00,57.55759,Sistema
2023-05-02T18:00:00,58.10769,Sistema
2023-05-02T19:00:00,56.45748,Sistema
2023-05-02T20:00:00,60.07657,Sistema
2023-05-02T21:00:00,64.09745,Sistema
2023-05-02T22:00:00,73.06275,Sistema
2023-05-02T23:00:00,80.32862,Sistema
2023-05-02T24:00:00,87.0619,Sistema
2023-05-03T01:00:00,91.43274,Sistema
2023-05-03T02:00:00,85.22884,Sistema
2023-05-03T03:00:00,80.3548,Sistema
2023-05-03T04:00:00,75.64207,Sistema
2023-05-03T05:00:00,69.33214,Sistema
2023-05-03T06:00:00,58.54064,Sistema
2023-05-03T07:00:00,42.84255,Sistema
2023-05-03T08:00:00,43.04218,Sistema
2023-05-03T09:00:00,45.86964,Sistema
2023-05-03T10:00:00,49.76964,Sistema
2023-05-03T11:00:00,54.39696,Sistema
2023-05-03T12:00:00,59.28247,Sistema
2023-05-03T13:00:00,61.65575,Sistema
2023-05-03T14:00:00,64.72599,Sistema
2023-05-03T15:00:00,66.77042,Sistema
2023-05-03T16:00:00,68.33958,Sistema
2023-05-03T17:00:00,66.75417,Sistema
2023-05-03T18:00:00,67.98789,Sistema
2023-05-03T19:00:00,65.42104,Sistema
2023-05-03T20:00:00,65.71504,Sistema
2023-05-03T21:00:00,67.91645,Sistema
2023-05-03T22:00:00,70.74323,Sistema
2023-05-03T23:00:00,80.22238,Sistema
2023-05-03T24:00:00,84.36855,Sistema
2023-05-04T01:00:00,80.23528,Sistema
2023-05-04T02:00:00,75.22959,Sistema
2023-05-04T03:00:00,74.51128,Sistema
2023-05-04T04:00:00,74.72567,Sistema
2023-05-04T05:00:00,71.82612,Sistema
2023-05-04T06:00:00,63.82625,Sistema
2023-05-04T07:00:00,63.2768,Sistema
2023-05-04T08:00:00,59.68847,Sistema
2023-05-04T09:00:00,56.26458,Sistema
2023-05-04T10:00:00,54.44806,Sistema
2023-05-04T11:00:00,53.17869,Sistema
2023-05-04T12:00:00,53.14731,Sistema
2023-05-04T13:00:00,54.73883,Sistema
2023-05-04T14:00:00,58.45659,Sistema
2023-05-04T15:00:00,62.41058,Sistema
2023-05-04T16:00:00,60.19442,Sistema
2023-05-04T17:00:00,61.90087,Sistema
2023-05-04T18:00:00,66.35889,Sistema
2023-05-04T19:00:00,63.78957,Sistema
2023-05-04T20:00:00,62.63288,Sistema
2023-05-04T21:00:00,64.12621,Sistema
2023-05-04T22:00:00,69.8326,Sistema
2023-05-04T23:00:00,76.13189,Sistema
2023-05-04T24:00:00,80.60464,Sistema
2023-05-05T01:00:00,83.26509,Sistema
2023-05-05T02:00:00,81.00546,Sistema
2023-05-05T03:00:00,83.63883,Sistema
2023-05-05T04:00:00,81.5093,Sistema
2023-05-05T05:00:00,71.09837,Sistema
2023-05-05T06:00:00,60.75207,Sistema
2023-05-05T07:00:00,57.96498,Sistema
2023-05-05T08:00:00,54.53138,Sistema
2023-05-05T09:00:00,57.39132,Sistema
2023-05-05T10:00:00,54.01302,Sistema
2023-05-05T11:00:00,56.8449,Sistema
2023-05-05T12:00:00,58.86973,Sistema
2023-05-05T13:00:00,66.43717,Sistema
2023-05-05T14:00:00,71.98876,Sistema
2023-05-05T15:00:00,70.98128,Sistema
2023-05-05T16:00:00,79.86571,Sistema
2023-05-05T17:00:00,84.99679,Sistema
2023-05-05T18:00:00,87.97484,Sistema
2023-05-05T19:00:00,79.24372,Sistema
2023-05-05T20:00:00,80.10067,Sistema
2023-05-05T21:00:00,83.27839,Sistema
2023-05-05T22:00:00,84.9033,Sistema
2023-05-05T23:00:00,88.01511,Sistema
2023-05-05T24:00:00,93.78543,Sistema
2023-05-06T01:00:00,99.02209,Sistema
2023-05-06T02:00:00,92.57518,Sistema
2023-05-06T03:00:00,92.28099,Sistema
2023-05-06T04:00:00,92.81404,Sistema
2023-05-06T05:00:00,90.34614,Sistema
2023-05-06T06:00:00,85.74519,Sistema
2023-05-06T07:00:00,83.79842,Sistema
2023-05-06T08:00:00,78.37815,Sistema
2023-05-06T09:00:00,76.79071,Sistema
2023-05-06T10:00:00,76.32013,Sistema
2023-05-06T11:00:00,74.78827,Sistema
2023-05-06T12:00:00,72.98347,Sistema
2023-05-06T13:00:00,73.54194,Sistema
2023-05-06T14:00:00,73.9933,Sistema
2023-05-06T15:00:00,78.30818,Sistema
2023-05-06T16:00:00,79.04571,Sistema
2023-05-06T17:00:00,80.94188,Sistema
2023-05-06T18:00:00,81.9411,Sistema
2023-05-06T19:00:00,77.01834,Sistema
2023-05-06T20:00:00,78.32367,Sistema
2023-05-06T21:00:00,80.11884,Sistema
2023-05-06T22:00:00,83.73085,Sistema
2023-05-06T23:00:00,91.44412,Sistema
2023-05-06T24:00:00,93.24079,Sistema
2023-05-07T01:00:00,97.19625,Sistema
2023-05-07T02:00:00,97.47744,Sistema
2023-05-07T03:00:00,100.04383,Sistema
2023-05-07T04:00:00,101.35897,Sistema
2023-05-07T05:00:00,98.94298,Sistema
2023-05-07T06:00:00,94.6281,Sistema
2023-05-07T07:00:00,93.76276,Sistema
2023-05-07T08:00:00,90.79134,Sistema
2023-05-07T09:00:00,88.58807,Sistema
2023-05-07T10:00:00,87.36785,Sistema
2023-05-07T11:00:00,83.71142,Sistema
2023-05-07T12:00:00,81.93097,Sistema
2023-05-07T13:00:00,82.28773,Sistema
2023-05-07T14:00:00,82.31312,Sistema
2023-05-07T15:00:00,86.31513,Sistema
2023-05-07T16:00:00,87.19635,Sistema
2023-05-07T17:00:00,86.1674,Sistema
2023-05-07T18:00:00,87.16621,Sistema
2023-05-07T19:00:00,83.26758,Sistema
2023-05-07T20:00:00,82.60067,Sistema
2023-05-07T21:00:00,86.45617,Sistema
2023-05-07T22:00:00,90.41885,Sistema
2023-05-07T23:00:00,95.60562,Sistema
2023-05-07T24:00:00,100.87831,Sistema
2023-05-08T01:00:00,103.84969,Sistema
2023-05-08T02:00:00,107.64634,Sistema
2023-05-08T03:00:00,110.32002,Sistema
2023-05-08T04:00:00,115.8781,Sistema
2023-05-08T05:00:00,112.87194,Sistema
2023-05-08T06:00:00,105.94972,Sistema
2023-05-08T07:00:00,107.69226,Sistema
2023-05-08T08:00:00,101.38358,Sistema
2023-05-08T09:00:00,101.82747,Sistema
2023-05-08T10:00:00,109.26768,Sistema
2023-05-08T11:00:00,116.50366,Sistema
2023-05-08T12:00:00,126.14325,Sistema
2023-05-08T13:00:00,130.31871,Sistema
2023-05-08T14:00:00,131.28443,Sistema
2023-05-08T15:00:00,131.15345,Sistema
2023-05-08T16:00:00,133.62397,Sistema
2023-05-08T17:00:00,139.81313,Sistema
2023-05-08T18:00:00,145.81423,Sistema
2023-05-08T19:00:00,137.26359,Sistema
2023-05-08T20:00:00,135.07331,Sistema
2023-05-08T21:00:00,138.24359,Sistema
2023-05-08T22:00:00,148.08659,Sistema
2023-05-08T23:00:00,158.01442,Sistema
2023-05-08T24:00:00,169.05224,Sistema
2023-05-09T01:00:00,174.0891,Sistema
2023-05-09T02:00:00,177.97244,Sistema
2023-05-09T03:00:00,183.71332,Sistema
2023-05-09T04:00:00,184.76808,Sistema
2023-05-09T05:00:00,180.7037,Sistema
2023-05-09T06:00:00,171.79108,Sistema
2023-05-09T07:00:00,168.76533,Sistema
2023-05-09T08:00:00,158.42343,Sistema
2023-05-09T09:00:00,147.44229,Sistema
2023-05-09T10:00:00,145.45404,Sistema
2023-05-09T11:00:00,144.17682,Sistema
2023-05-09T12:00:00,142.67896,Sistema
2023-05-09T13:00:00,143.81818,Sistema
2023-05-09T14:00:00,144.81247,Sistema
2023-05-09T15:00:00,144.62985,Sistema
2023-05-09T16:00:00,143.52034,Sistema
2023-05-09T17:00:00,148.00225,Sistema
2023-05-09T18:00:00,150.74581,Sistema
2023-05-09T19:00:00,142.58003,Sistema
2023-05-09T20:00:00,142.81549,Sistema
2023-05-09T21:00:00,151.30835,Sistema
2023-05-09T22:00:00,159.65932,Sistema
2023-05-09T23:00:00,171.4069,Sistema
2023-05-09T24:00:00,180.55409,Sistema
2023-05-10T01:00:00,189.17455,Sistema
2023-05-10T02:00:00,192.89801,Sistema
2023-05-10T03:00:00,189.70013,Sistema
2023-05-10T04:00:00,189.82793,Sistema
2023-05-10T05:00:00,183.15933,Sistema
2023-05-10T06:00:00,172.59493,Sistema
2023-05-10T07:00:00,169.14699,Sistema
2023-05-10T08:00:00,161.70239,Sistema
2023-05-10T09:00:00,156.36365,Sistema
2023-05-10T10:00:00,155.90746,Sistema
2023-05-10T11:00:00,155.02265,Sistema
2023-05-10T12:00:00,153.07912,Sistema
2023-05-10T13:00:00,158.16016,Sistema
2023-05-10T14:00:00,161.95773,Sistema
2023-05-10T15:00:00,164.01649,Sistema
2023-05-10T16:00:00,166.53894,Sistema
2023-05-10T17:00:00,169.36465,Sistema
2023-05-10T18:00:00,175.29586,Sistema
2023-05-10T19:00:00,168.23478,Sistema
2023-05-10T20:00:00,166.27911,Sistema
2023-05-10T21:00:00,170.91459,Sistema
2023-05-10T22:00:00,180.62361,Sistema
2023-05-10T23:00:00,195.58304,Sistema
2023-05-10T24:00:00,207.81142,Sistema
2023-05-11T01:00:00,216.55153,Sistema
2023-05-11T02:00:00,224.91203,Sistema
2023-05-11T03:00:00,222.3624,Sistema
2023-05-11T04:00:00,224.97751,Sistema
2023-05-11T05:00:00,210.19497,Sistema
2023-05-11T06:00:00,198.99148,Sistema
2023-05-11T07:00:00,195.27055,Sistema
2023-05-11T08:00:00,186.05698,Sistema
2023-05-11T09:00:00,180.30859,Sistema
2023-05-11T10:00:00,177.23682,Sistema
2023-05-11T11:00:00,170.33728,Sistema
2023-05-11T12:00:00,169.2086,Sistema
2023-05-11T13:00:00,175.3016,Sistema
2023-05-11T14:00:00,172.47312,Sistema
2023-05-11T15:00:00,169.29673,Sistema
2023-05-11T16:00:00,171.7947,Sistema
2023-05-11T17:00:00,176.18741,Sistema
2023-05-11T18:00:00,180.08145,Sistema
2023-05-11T19:00:00,170.71027,Sistema
2023-05-11T20:00:00,169.02859,Sistema
2023-05-11T21:00:00,174.82909,Sistema
2023-05-11T22:00:00,189.93217,Sistema
2023-05-11T23:00:00,201.19371,Sistema
2023-05-11T24:00:00,215.67837,Sistema
2023-05-12T01:00:00,223.74747,Sistema
2023-05-12T02:00:00,220.48199,Sistema
2023-05-12T03:00:00,225.75196,Sistema
2023-05-12T04:00:00,230.87616,Sistema
2023-05-12T05:00:00,224.97782,Sistema
2023-05-12T06:00:00,203.67911,Sistema
2023-05-12T07:00:00,204.79519,Sistema
2023-05-12T08:00:00,196.11746,Sistema
2023-05-12T09:00:00,187.94645,Sistema
2023-05-12T10:00:00,184.78412,Sistema
2023-05-12T11:00:00,181.43946,Sistema
2023-05-12T12:00:00,176.89204,Sistema
2023-05-12T13:00:00,181.82261,Sistema
2023-05-12T14:00:00,181.971,Sistema
2023-05-12T15:00:00,179.67024,Sistema
2023-05-12T16:00:00,182.08247,Sistema
2023-05-12T17:00:00,185.24376,Sistema
2023-05-12T18:00:00,189.4473,Sistema
2023-05-12T19:00:00,178.23833,Sistema
2023-05-12T20:00:00,179.46201,Sistema
2023-05-12T21:00:00,184.28513,Sistema
2023-05-12T22:00:00,195.90963,Sistema
2023-05-12T23:00:00,210.64436,Sistema
2023-05-12T24:00:00,235.14062,Sistema
2023-05-13T01:00:00,225.86509,Sistema
2023-05-13T02:00:00,237.09317,Sistema
2023-05-13T03:00:00,248.86393,Sistema
2023-05-13T04:00:00,246.2669,Sistema
2023-05-13T05:00:00,245.78918,Sistema
2023-05-13T06:00:00,249.8719,Sistema
2023-05-13T07:00:00,240.17128,Sistema
2023-05-13T08:00:00,209.16552,Sistema
2023-05-13T09:00:00,193.54173,Sistema
2023-05-13T10:00:00,179.34053,Sistema
2023-05-13T11:00:00,167.78522,Sistema
2023-05-13T12:00:00,165.8226,Sistema
2023-05-13T13:00:00,169.06967,Sistema
2023-05-13T14:00:00,176.43218,Sistema
2023-05-13T15:00:00,180.04132,Sistema
2023-05-13T16:00:00,183.37238,Sistema
2023-05-13T17:00:00,187.21846,Sistema
2023-05-13T18:00:00,195.57078,Sistema
2023-05-13T19:00:00,177.6134,Sistema
2023-05-13T20:00:00,176.21736,Sistema
2023-05-13T21:00:00,182.36576,Sistema
2023-05-13T22:00:00,196.03847,Sistema
2023-05-13T23:00:00,210.5802,Sistema
2023-05-13T24:00:00,225.32468,Sistema
2023-05-14T01:00:00,235.30635,Sistema
2023-05-14T02:00:00,235.11246,Sistema
2023-05-14T03:00:00,241.10521,Sistema
2023-05-14T04:00:00,244.61259,Sistema
2023-05-14T05:00:00,245.19128,Sistema
2023-05-14T06:00:00,251.56453,Sistema
2023-05-14T07:00:00,244.65357,Sistema
2023-05-14T08:00:00,239.05384,Sistema
2023-05-14T09:00:00,223.155,Sistema
2023-05-14T10:00:00,211.23323,Sistema
2023-05-14T11:00:00,201.7489,Sistema
2023-05-14T12:00:00,198.52552,Sistema
2023-05-14T13:00:00,200.20261,Sistema
2023-05-14T14:00:00,205.02965,Sistema
2023-05-14T15:00:00,214.45489,Sistema
2023-05-14T16:00:00,220.45755,Sistema
2023-05-14T17:00:00,221.85141,Sistema
2023-05-14T18:00:00,219.17359,Sistema
2023-05-14T19:00:00,200.86313,Sistema
2023-05-14T20:00:00,194.89947,Sistema
2023-05-14T21:00:00,196.30647,Sistema
2023-05-14T22:00:00,206.30071,Sistema
2023-05-14T23:00:00,215.85459,Sistema
2023-05-14T24:00:00,231.24378,Sistema
2023-05-15T01:00:00,234.37422,Sistema
2023-05-15T02:00:00,241.75541,Sistema
2023-05-15T03:00:00,247.34129,Sistema
2023-05-15T04:00:00,248.12058,Sistema
2023-05-15T05:00:00,228.12164,Sistema
2023-05-15T06:00:00,217.38026,Sistema
2023-05-15T07:00:00,207.70402,Sistema
2023-05-15T08:00:00,192.50749,Sistema
2023-05-15T09:00:00,182.58969,Sistema
2023-05-15T10:00:00,187.11518,Sistema
2023-05-15T11:00:00,178.43788,Sistema
2023-05-15T12:00:00,174.25242,Sistema
2023-05-15T13:00:00,179.88141,Sistema
2023-05-15T14:00:00,179.04882,Sistema
2023-05-15T15:00:00,175.20025,Sistema
2023-05-15T16:00:00,179.43594,Sistema
2023-05-15T17:00:00,179.37854,Sistema
2023-05-15T18:00:00,181.96492,Sistema
2023-05-15T19:00:00,180.26872,Sistema
2023-05-15T20:00:00,177.52635,Sistema
2023-05-15T21:00:00,182.69035,Sistema
2023-05-15T22:00:00,198.0724,Sistema
2023-05-15T23:00:00,213.18496,Sistema
2023-05-15T24:00:00,225.60104,Sistema
2023-05-16T01:00:00,222.42858,Sistema
2023-05-16T02:00:00,224.75742,Sistema
2023-05-16T03:00:00,230.53247,Sistema
2023-05-16T04:00:00,237.02126,Sistema
2023-05-16T05:00:00,235.83994,Sistema
2023-05-16T06:00:00,223.62346,Sistema
2023-05-16T07:00:00,209.65093,Sistema
2023-05-16T08:00:00,191.90812,Sistema
2023-05-16T09:00:00,173.90211,Sistema
2023-05-16T10:00:00,165.66716,Sistema
2023-05-16T11:00:00,162.82224,Sistema
2023-05-16T12:00:00,159.77663,Sistema
2023-05-16T13:00:00,169.27469,Sistema
2023-05-16T14:00:00,169.26908,Sistema
2023-05-16T15:00:00,165.10102,Sistema
2023-05-16T16:00:00,166.35752,Sistema
2023-05-16T17:00:00,173.63266,Sistema
2023-05-16T18:00:00,177.99017,Sistema
2023-05-16T19:00:00,176.70326,Sistema
2023-05-16T20:00:00,173.46881,Sistema
2023-05-16T21:00:00,178.52101,Sistema
2023-05-16T22:00:00,186.36141,Sistema
2023-05-16T23:00:00,199.89342,Sistema
2023-05-16T24:00:00,216.18424,Sistema
2023-05-17T01:00:00,224.13137,Sistema
2023-05-17T02:00:00,232.60132,Sistema
2023-05-17T03:00:00,235.72929,Sistema
2023-05-17T04:00:00,236.31187,Sistema
2023-05-17T05:00:00,225.64091,Sistema
2023-05-17T06:00:00,207.05231,Sistema
2023-05-17T07:00:00,197.75006,Sistema
2023-05-17T08:00:00,189.55745,Sistema
2023-05-17T09:00:00,194.49444,Sistema
2023-05-17T10:00:00,188.60346,Sistema
2023-05-17T11:00:00,184.18355,Sistema
2023-05-17T12:00:00,170.65716,Sistema
2023-05-17T13:00:00,171.09976,Sistema
2023-05-17T14:00:00,170.78552,Sistema
2023-05-17T15:00:00,168.18759,Sistema
2023-05-17T16:00:00,168.7331,Sistema
2023-05-17T17:00:00,180.03177,Sistema
2023-05-17T18:00:00,195.36614,Sistema
2023-05-17T19:00:00,193.29565,Sistema
2023-05-17T20:00:00,194.72115,Sistema
2023-05-17T21:00:00,198.1023,Sistema
2023-05-17T22:00:00,202.58778,Sistema
2023-05-17T23:00:00,219.22534,Sistema
2023-05-17T24:00:00,236.34811,Sistema
2023-05-18T01:00:00,252.3963,Sistema
2023-05-18T02:00:00,266.33607,Sistema
2023-05-18T03:00:00,273.41053,Sistema
2023-05-18T04:00:00,268.24949,Sistema
2023-05-18T05:00:00,264.11746,Sistema
2023-05-18T06:00:00,252.34816,Sistema
2023-05-18T07:00:00,246.17455,Sistema
2023-05-18T08:00:00,231.04511,Sistema
2023-05-18T09:00:00,215.08047,Sistema
2023-05-18T10:00:00,203.68932,Sistema
2023-05-18T11:00:00,194.78949,Sistema
2023-05-18T12:00:00,189.3909,Sistema
2023-05-18T13:00:00,195.86157,Sistema
2023-05-18T14:00:00,195.32129,Sistema
2023-05-18T15:00:00,191.14774,Sistema
2023-05-18T16:00:00,189.47713,Sistema
2023-05-18T17:00:00,192.55283,Sistema
2023-05-18T18:00:00,199.09762,Sistema
2023-05-18T19:00:00,192.96218,Sistema
2023-05-18T20:00:00,188.00117,Sistema
2023-05-18T21:00:00,193.85655,Sistema
2023-05-18T22:00:00,205.36235,Sistema
2023-05-18T23:00:00,220.11387,Sistema
2023-05-18T24:00:00,236.59906,Sistema
2023-05-19T01:00:00,246.80027,Sistema
2023-05-19T02:00:00,251.79828,Sistema
2023-05-19T03:00:00,260.17692,Sistema
2023-05-19T04:00:00,262.4807,Sistema
2023-05-19T05:00:00,257.19737,Sistema
2023-05-19T06:00:00,247.00133,Sistema
2023-05-19T07:00:00,241.76775,Sistema
2023-05-19T08:00:00,225.91806,Sistema
2023-05-19T09:00:00,207.72547,Sistema
2023-05-19T10:00:00,200.89575,Sistema
2023-05-19T11:00:00,192.01531,Sistema
2023-05-19T12:00:00,185.15357,Sistema
2023-05-19T13:00:00,191.50633,Sistema
2023-05-19T14:00:00,186.09952,Sistema
2023-05-19T15:00:00,184.49535,Sistema
2023-05-19T16:00:00,185.83944,Sistema
2023-05-19T17:00:00,189.51739,Sistema
2023-05-19T18:00:00,194.33141,Sistema
2023-05-19T19:00:00,189.80928,Sistema
2023-05-19T20:00:00,186.00951,Sistema
2023-05-19T21:00:00,191.24689,Sistema
2023-05-19T22:00:00,202.24094,Sistema
2023-05-19T23:00:00,215.71418,Sistema
2023-05-19T24:00:00,225.31177,Sistema
2023-05-20T01:00:00,235.11413,Sistema
2023-05-20T02:00:00,248.45438,Sistema
2023-05-20T03:00:00,260.92654,Sistema
2023-05-20T04:00:00,266.42768,Sistema
2023-05-20T05:00:00,268.56386,Sistema
2023-05-20T06:00:00,269.42364,Sistema
2023-05-20T07:00:00,265.85787,Sistema
2023-05-20T08:00:00,248.54859,Sistema
2023-05-20T09:00:00,233.40815,Sistema
2023-05-20T10:00:00,222.7411,Sistema
2023-05-20T11:00:00,217.08326,Sistema
2023-05-20T12:00:00,211.20678,Sistema
2023-05-20T13:00:00,213.81305,Sistema
2023-05-20T14:00:00,217.06279,Sistema
2023-05-20T15:00:00,218.07776,Sistema
2023-05-20T16:00:00,215.89978,Sistema
2023-05-20T17:00:00,215.66441,Sistema
2023-05-20T18:00:00,217.13079,Sistema
2023-05-20T19:00:00,204.6915,Sistema
2023-05-20T20:00:00,202.46651,Sistema
2023-05-20T21:00:00,209.78593,Sistema
2023-05-20T22:00:00,220.77494,Sistema
2023-05-20T23:00:00,234.26169,Sistema
2023-05-20T24:00:00,239.09579,Sistema
2023-05-21T01:00:00,238.1067,Sistema
2023-05-21T02:00:00,240.74295,Sistema
2023-05-21T03:00:00,244.24593,Sistema
2023-05-21T04:00:00,243.12834,Sistema
2023-05-21T05:00:00,243.85025,Sistema
2023-05-21T06:00:00,243.23044,Sistema
2023-05-21T07:00:00,244.79176,Sistema
2023-05-21T08:00:00,235.09746,Sistema
2023-05-21T09:00:00,239.95673,Sistema
2023-05-21T10:00:00,228.45536,Sistema
2023-05-21T11:00:00,224.54275,Sistema
2023-05-21T12:00:00,220.00125,Sistema
2023-05-21T13:00:00,220.50733,Sistema
2023-05-21T14:00:00,224.86905,Sistema
2023-05-21T15:00:00,233.47764,Sistema
2023-05-21T16:00:00,238.70841,Sistema
2023-05-21T17:00:00,243.25943,Sistema
2023-05-21T18:00:00,241.65142,Sistema
2023-05-21T19:00:00,219.05707,Sistema
2023-05-21T20:00:00,212.96624,Sistema
2023-05-21T21:00:00,220.32573,Sistema
2023-05-21T22:00:00,229.08931,Sistema
2023-05-21T23:00:00,244.03686,Sistema
2023-05-21T24:00:00,261.96957,Sistema
2023-05-22T01:00:00,274.70668,Sistema
2023-05-22T02:00:00,273.8128,Sistema
2023-05-22T03:00:00,266.91719,Sistema
2023-05-22T04:00:00,286.36303,Sistema
2023-05-22T05:00:00,304.26788,Sistema
2023-05-22T06:00:00,304.94439,Sistema
2023-05-22T07:00:00,304.43758,Sistema
2023-05-22T08:00:00,286.24517,Sistema
2023-05-22T09:00:00,276.48554,Sistema
2023-05-22T10:00:00,257.23993,Sistema
2023-05-22T11:00:00,244.53883,Sistema
2023-05-22T12:00:00,238.61136,Sistema
2023-05-22T13:00:00,230.54002,Sistema
2023-05-22T14:00:00,228.34716,Sistema
2023-05-22T15:00:00,231.34628,Sistema
2023-05-22T16:00:00,224.5988,Sistema
2023-05-22T17:00:00,234.43897,Sistema
2023-05-22T18:00:00,233.41274,Sistema
2023-05-22T19:00:00,212.06351,Sistema
2023-05-22T20:00:00,204.13337,Sistema
2023-05-22T21:00:00,208.89761,Sistema
2023-05-22T22:00:00,219.63462,Sistema
2023-05-22T23:00:00,234.49283,Sistema
2023-05-22T24:00:00,249.26434,Sistema
2023-05-23T01:00:00,246.82982,Sistema
2023-05-23T02:00:00,266.81651,Sistema
2023-05-23T03:00:00,260.55849,Sistema
2023-05-23T04:00:00,257.64484,Sistema
2023-05-23T05:00:00,245.03905,Sistema
2023-05-23T06:00:00,232.45568,Sistema
2023-05-23T07:00:00,223.3951,Sistema
2023-05-23T08:00:00,214.06136,Sistema
2023-05-23T09:00:00,208.44139,Sistema
2023-05-23T10:00:00,199.95798,Sistema
2023-05-23T11:00:00,191.71172,Sistema
2023-05-23T12:00:00,187.86151,Sistema
2023-05-23T13:00:00,180.39563,Sistema
2023-05-23T14:00:00,183.19195,Sistema
2023-05-23T15:00:00,188.22506,Sistema
2023-05-23T16:00:00,196.96502,Sistema
2023-05-23T17:00:00,205.87851,Sistema
2023-05-23T18:00:00,210.81177,Sistema
2023-05-23T19:00:00,203.25666,Sistema
2023-05-23T20:00:00,198.10327,Sistema
2023-05-23T21:00:00,191.7666,Sistema
2023-05-23T22:00:00,202.38312,Sistema
2023-05-23T23:00:00,219.02801,Sistema
2023-05-23T24:00:00,240.7301,Sistema
2023-05-24T01:00:00,245.64947,Sistema
2023-05-24T02:00:00,248.56693,Sistema
2023-05-24T03:00:00,246.30671,Sistema
2023-05-24T04:00:00,251.4298,Sistema
2023-05-24T05:00:00,254.66147,Sistema
2023-05-24T06:00:00,249.06154,Sistema
2023-05-24T07:00:00,240.65297,Sistema
2023-05-24T08:00:00,227.87179,Sistema
2023-05-24T09:00:00,219.57592,Sistema
2023-05-24T10:00:00,216.61428,Sistema
2023-05-24T11:00:00,209.07759,Sistema
2023-05-24T12:00:00,201.51012,Sistema
2023-05-24T13:00:00,201.64326,Sistema
2023-05-24T14:00:00,195.09023,Sistema
2023-05-24T15:00:00,193.37169,Sistema
2023-05-24T16:00:00,192.89912,Sistema
2023-05-24T17:00:00,197.28505,Sistema
2023-05-24T18:00:00,205.09684,Sistema
2023-05-24T19:00:00,195.04567,Sistema
2023-05-24T20:00:00,195.22046,Sistema
2023-05-24T21:00:00,200.96417,Sistema
2023-05-24T22:00:00,213.52459,Sistema
2023-05-24T23:00:00,225.06244,Sistema
2023-05-24T24:00:00,243.68074,Sistema
2023-05-25T01:00:00,254.44414,Sistema
2023-05-25T02:00:00,263.62829,Sistema
2023-05-25T03:00:00,267.53543,Sistema
2023-05-25T04:00:00,264.83713,Sistema
2023-05-25T05:00:00,258.00772,Sistema
2023-05-25T06:00:00,243.98055,Sistema
2023-05-25T07:00:00,241.3463,Sistema
2023-05-25T08:00:00,230.37254,Sistema
2023-05-25T09:00:00,228.28582,Sistema
2023-05-25T10:00:00,222.26577,Sistema
2023-05-25T11:00:00,214.31261,Sistema
2023-05-25T12:00:00,207.50891,Sistema
2023-05-25T13:00:00,203.05241,Sistema
2023-05-25T14:00:00,198.75709,Sistema
2023-05-25T15:00:00,199.9793,Sistema
2023-05-25T16:00:00,200.94016,Sistema
2023-05-25T17:00:00,204.40625,Sistema
2023-05-25T18:00:00,210.56386,Sistema
2023-05-25T19:00:00,197.73431,Sistema
2023-05-25T20:00:00,195.15656,Sistema
2023-05-25T21:00:00,200.88637,Sistema
2023-05-25T22:00:00,205.92652,Sistema
2023-05-25T23:00:00,219.29067,Sistema
2023-05-25T24:00:00,229.83509,Sistema
2023-05-26T01:00:00,233.59668,Sistema
2023-05-26T02:00:00,228.89821,Sistema
2023-05-26T03:00:00,212.69242,Sistema
2023-05-26T04:00:00,205.97438,Sistema
2023-05-26T05:00:00,219.48546,Sistema
2023-05-26T06:00:00,215.86726,Sistema
2023-05-26T07:00:00,214.01368,Sistema
2023-05-26T08:00:00,215.39708,Sistema
2023-05-26T09:00:00,212.6362,Sistema
2023-05-26T10:00:00,208.41296,Sistema
2023-05-26T11:00:00,203.20148,Sistema
2023-05-26T12:00:00,198.19261,Sistema
2023-05-26T13:00:00,204.00617,Sistema
2023-05-26T14:00:00,206.82077,Sistema
2023-05-26T15:00:00,202.9954,Sistema
2023-05-26T16:00:00,205.19268,Sistema
2023-05-26T17:00:00,204.57113,Sistema
2023-05-26T18:00:00,209.4239,Sistema
2023-05-26T19:00:00,195.44308,Sistema
2023-05-26T20:00:00,191.70581,Sistema
2023-05-26T21:00:00,196.70416,Sistema
2023-05-26T22:00:00,207.98995,Sistema
2023-05-26T23:00:00,224.47383,Sistema
2023-05-26T24:00:00,234.52467,Sistema
2023-05-27T01:00:00,241.34815,Sistema
2023-05-27T02:00:00,233.40108,Sistema
2023-05-27T03:00:00,229.8401,Sistema
2023-05-27T04:00:00,231.27248,Sistema
2023-05-27T05:00:00,227.82144,Sistema
2023-05-27T06:00:00,229.15162,Sistema
2023-05-27T07:00:00,227.42973,Sistema
2023-05-27T08:00:00,223.51278,Sistema
2023-05-27T09:00:00,214.51363,Sistema
2023-05-27T10:00:00,202.75938,Sistema
2023-05-27T11:00:00,192.91444,Sistema
2023-05-27T12:00:00,187.27448,Sistema
2023-05-27T13:00:00,188.49756,Sistema
2023-05-27T14:00:00,194.09495,Sistema
2023-05-27T15:00:00,196.89618,Sistema
2023-05-27T16:00:00,199.18839,Sistema
2023-05-27T17:00:00,199.42395,Sistema
2023-05-27T18:00:00,207.47713,Sistema
2023-05-27T19:00:00,192.9094,Sistema
2023-05-27T20:00:00,190.95858,Sistema
2023-05-27T21:00:00,191.60383,Sistema
2023-05-27T22:00:00,200.38571,Sistema
2023-05-27T23:00:00,211.92941,Sistema
2023-05-27T24:00:00,220.80839,Sistema
2023-05-28T01:00:00,233.04888,Sistema
2023-05-28T02:00:00,241.44235,Sistema
2023-05-28T03:00:00,232.09146,Sistema
2023-05-28T04:00:00,229.16944,Sistema
2023-05-28T05:00:00,227.44445,Sistema
2023-05-28T06:00:00,227.45219,Sistema
2023-05-28T07:00:00,214.84612,Sistema
2023-05-28T08:00:00,220.91129,Sistema
2023-05-28T09:00:00,183.20857,Sistema
2023-05-28T10:00:00,185.26565,Sistema
2023-05-28T11:00:00,196.85228,Sistema
2023-05-28T12:00:00,192.24971,Sistema
2023-05-28T13:00:00,188.71384,Sistema
2023-05-28T14:00:00,191.65549,Sistema
2023-05-28T15:00:00,196.75919,Sistema
2023-05-28T16:00:00,201.91174,Sistema
2023-05-28T17:00:00,206.1409,Sistema
2023-05-28T18:00:00,210.61912,Sistema
2023-05-28T19:00:00,198.70951,Sistema
2023-05-28T20:00:00,191.25908,Sistema
2023-05-28T21:00:00,190.57484,Sistema
2023-05-28T22:00:00,198.48893,Sistema
2023-05-28T23:00:00,218.12558,Sistema
2023-05-28T24:00:00,234.83592,Sistema
2023-05-29T01:00:00,214.82757,Sistema
2023-05-29T02:00:00,193.78081,Sistema
2023-05-29T03:00:00,176.38496,Sistema
2023-05-29T04:00:00,174.59886,Sistema
2023-05-29T05:00:00,182.76376,Sistema
2023-05-29T06:00:00,199.45755,Sistema
2023-05-29T07:00:00,207.34089,Sistema
2023-05-29T08:00:00,197.97022,Sistema
2023-05-29T09:00:00,186.95126,Sistema
2023-05-29T10:00:00,178.37114,Sistema
2023-05-29T11:00:00,170.52442,Sistema
2023-05-29T12:00:00,167.65541,Sistema
2023-05-29T13:00:00,170.98107,Sistema
2023-05-29T14:00:00,165.93403,Sistema
2023-05-29T15:00:00,169.69989,Sistema
2023-05-29T16:00:00,170.89701,Sistema
2023-05-29T17:00:00,174.99979,Sistema
2023-05-29T18:00:00,184.25816,Sistema
2023-05-29T19:00:00,172.95752,Sistema
2023-05-29T20:00:00,168.37074,Sistema
2023-05-29T21:00:00,173.59476,Sistema
2023-05-29T22:00:00,185.60488,Sistema
2023-05-29T23:00:00,201.56373,Sistema
2023-05-29T24:00:00,223.14254,Sistema
2023-05-30T01:00:00,211.11509,Sistema
2023-05-30T02:00:00,202.86849,Sistema
2023-05-30T03:00:00,206.34421,Sistema
2023-05-30T04:00:00,206.45964,Sistema
2023-05-30T05:00:00,199.229,Sistema
2023-05-30T06:00:00,189.04707,Sistema
2023-05-30T07:00:00,185.42369,Sistema
2023-05-30T08:00:00,173.30994,Sistema
2023-05-30T09:00:00,164.90173,Sistema
2023-05-30T10:00:00,159.25214,Sistema
2023-05-30T11:00:00,153.62717,Sistema
2023-05-30T12:00:00,150.25131,Sistema
2023-05-30T13:00:00,152.96116,Sistema
2023-05-30T14:00:00,154.2149,Sistema
2023-05-30T15:00:00,155.03697,Sistema
2023-05-30T16:00:00,156.47088,Sistema
2023-05-30T17:00:00,157.96677,Sistema
2023-05-30T18:00:00,163.23095,Sistema
2023-05-30T19:00:00,162.81225,Sistema
2023-05-30T20:00:00,157.32724,Sistema
2023-05-30T21:00:00,155.56625,Sistema
2023-05-30T22:00:00,156.27351,Sistema
2023-05-30T23:00:00,167.72847,Sistema
2023-05-30T24:00:00,179.94479,Sistema
2023-05-31T01:00:00,163.33483,Sistema
2023-05-31T02:00:00,152.25065,Sistema
2023-05-31T03:00:00,136.97922,Sistema
2023-05-31T04:00:00,122.47333,Sistema
2023-05-31T05:00:00,126.0952,Sistema
2023-05-31T06:00:00,143.36562,Sistema
2023-05-31T07:00:00,149.15496,Sistema
2023-05-31T08:00:00,142.09141,Sistema
2023-05-31T09:00:00,137.82168,Sistema
2023-05-31T10:00:00,137.07837,Sistema
2023-05-31T11:00:00,132.65737,Sistema
2023-05-31T12:00:00,133.60788,Sistema
2023-05-31T13:00:00,135.7232,Sistema
2023-05-31T14:00:00,139.34393,Sistema
2023-05-31T15:00:00,142.17735,Sistema
2023-05-31T16:00:00,141.44869,Sistema
2023-05-31T17:00:00,142.22638,Sistema
2023-05-31T18:00:00,144.25075,Sistema
2023-05-31T19:00:00,147.82844,Sistema
2023-05-31T20:00:00,143.987,Sistema
2023-05-31T21:00:00,146.42251,Sistema
2023-05-31T22:00:00,150.38624,Sistema
2023-05-31T23:00:00,159.37923,Sistema
2023-05-31T24:00:00,162.50869,Sistema
2023-06-01T01:00:00,138.83951,Sistema
2023-06-01T02:00:00,134.52408,Sistema
2023-06-01T03:00:00,116.05062,Sistema
2023-06-01T04:00:00,112.78108,Sistema
2023-06-01T05:00:00,106.58289,Sistema
2023-06-01T06:00:00,107.71045,Sistema
2023-06-01T07:00:00,108.05569,Sistema
2023-06-01T08:00:00,108.93475,Sistema
2023-06-01T09:00:00,124.5999,Sistema
2023-06-01T10:00:00,129.55185,Sistema
2023-06-01T11:00:00,124.36541,Sistema
2023-06-01T12:00:00,120.58371,Sistema
2023-06-01T13:00:00,123.14206,Sistema
2023-06-01T14:00:00,123.94602,Sistema
2023-06-01T15:00:00,133.07831,Sistema
2023-06-01T16:00:00,133.47173,Sistema
2023-06-01T17:00:00,130.64542,Sistema
2023-06-01T18:00:00,136.38125,Sistema
2023-06-01T19:00:00,130.78728,Sistema
2023-06-01T20:00:00,127.25492,Sistema
2023-06-01T21:00:00,128.17119,Sistema
2023-06-01T22:00:00,135.70863,Sistema
2023-06-01T23:00:00,134.47301,Sistema
2023-06-01T24:00:00,117.51416,Sistema
2023-06-02T01:00:00,104.30114,Sistema
2023-06-02T02:00:00,103.41263,Sistema
2023-06-02T03:00:00,93.38704,Sistema
2023-06-02T04:00:00,86.34167,Sistema
2023-06-02T05:00:00,84.70011,Sistema
2023-06-02T06:00:00,87.70393,Sistema
2023-06-02T07:00:00,85.84472,Sistema
2023-06-02T08:00:00,81.38987,Sistema
2023-06-02T09:00:00,81.28549,Sistema
2023-06-02T10:00:00,79.14209,Sistema
2023-06-02T11:00:00,72.24328,Sistema
2023-06-02T12:00:00,71.83753,Sistema
2023-06-02T13:00:00,74.52507,Sistema
2023-06-02T14:00:00,77.4435,Sistema
2023-06-02T15:00:00,81.90605,Sistema
2023-06-02T16:00:00,81.36418,Sistema
2023-06-02T17:00:00,81.12126,Sistema
2023-06-02T18:00:00,85.7097,Sistema
2023-06-02T19:00:00,85.35853,Sistema
2023-06-02T20:00:00,82.73805,Sistema
2023-06-02T21:00:00,86.34005,Sistema
2023-06-02T22:00:00,91.46131,Sistema
2023-06-02T23:00:00,93.35297,Sistema
2023-06-02T24:00:00,89.8687,Sistema
2023-06-03T01:00:00,85.89829,Sistema
2023-06-03T02:00:00,87.14026,Sistema
2023-06-03T03:00:00,87.19245,Sistema
2023-06-03T04:00:00,76.48891,Sistema
2023-06-03T05:00:00,72.94828,Sistema
2023-06-03T06:00:00,78.51498,Sistema
2023-06-03T07:00:00,75.44465,Sistema
2023-06-03T08:00:00,73.01591,Sistema
2023-06-03T09:00:00,68.54179,Sistema
2023-06-03T10:00:00,67.65167,Sistema
2023-06-03T11:00:00,67.92561,Sistema
2023-06-03T12:00:00,67.72802,Sistema
2023-06-03T13:00:00,69.5392,Sistema
2023-06-03T14:00:00,75.17364,Sistema
2023-06-03T15:00:00,76.25523,Sistema
2023-06-03T16:00:00,71.33616,Sistema
2023-06-03T17:00:00,69.91955,Sistema
2023-06-03T18:00:00,77.85165,Sistema
2023-06-03T19:00:00,79.06718,Sistema
2023-06-03T20:00:00,73.56838,Sistema
2023-06-03T21:00:00,74.00557,Sistema
2023-06-03T22:00:00,72.48019,Sistema
2023-06-03T23:00:00,76.81353,Sistema
2023-06-03T24:00:00,83.13487,Sistema
2023-06-04T01:00:00,84.56718,Sistema
2023-06-04T02:00:00,83.30391,Sistema
2023-06-04T03:00:00,84.86239,Sistema
2023-06-04T04:00:00,79.89444,Sistema
2023-06-04T05:00:00,77.98176,Sistema
2023-06-04T06:00:00,78.28479,Sistema
2023-06-04T07:00:00,71.54715,Sistema
2023-06-04T08:00:00,67.66942,Sistema
2023-06-04T09:00:00,66.27298,Sistema
2023-06-04T10:00:00,64.86423,Sistema
2023-06-04T11:00:00,66.35041,Sistema
2023-06-04T12:00:00,67.17991,Sistema
2023-06-04T13:00:00,63.19278,Sistema
2023-06-04T14:00:00,67.24532,Sistema
2023-06-04T15:00:00,71.85728,Sistema
2023-06-04T16:00:00,75.72838,Sistema
2023-06-04T17:00:00,77.16039,Sistema
2023-06-04T18:00:00,86.52499,Sistema
2023-06-04T19:00:00,94.78157,Sistema
2023-06-04T20:00:00,92.59438,Sistema
2023-06-04T21:00:00,95.35985,Sistema
2023-06-04T22:00:00,91.78011,Sistema
2023-06-04T23:00:00,94.66291,Sistema
2023-06-04T24:00:00,100.45651,Sistema
2023-06-05T01:00:00,98.4164,Sistema
2023-06-05T02:00:00,92.44706,Sistema
2023-06-05T03:00:00,96.18723,Sistema
2023-06-05T04:00:00,98.12596,Sistema
2023-06-05T05:00:00,99.55601,Sistema
2023-06-05T06:00:00,97.64716,Sistema
2023-06-05T07:00:00,96.36459,Sistema
2023-06-05T08:00:00,92.34045,Sistema
2023-06-05T09:00:00,87.52272,Sistema
2023-06-05T10:00:00,80.56717,Sistema
2023-06-05T11:00:00,74.60842,Sistema
2023-06-05T12:00:00,73.00305,Sistema
2023-06-05T13:00:00,73.76168,Sistema
2023-06-05T14:00:00,78.89711,Sistema
2023-06-05T15:00:00,78.00214,Sistema
2023-06-05T16:00:00,74.52187,Sistema
2023-06-05T17:00:00,77.63107,Sistema
2023-06-05T18:00:00,83.18742,Sistema
2023-06-05T19:00:00,87.8403,Sistema
2023-06-05T20:00:00,84.7574,Sistema
2023-06-05T21:00:00,85.64329,Sistema
2023-06-05T22:00:00,89.78375,Sistema
2023-06-05T23:00:00,93.88042,Sistema
2023-06-05T24:00:00,100.01623,Sistema
2023-06-06T01:00:00,96.74546,Sistema
2023-06-06T02:00:00,97.21712,Sistema
2023-06-06T03:00:00,101.92597,Sistema
2023-06-06T04:00:00,90.52343,Sistema
2023-06-06T05:00:00,83.6887,Sistema
2023-06-06T06:00:00,78.16178,Sistema
2023-06-06T07:00:00,77.86378,Sistema
2023-06-06T08:00:00,71.85681,Sistema
2023-06-06T09:00:00,74.76944,Sistema
2023-06-06T10:00:00,77.14953,Sistema
2023-06-06T11:00:00,77.83238,Sistema
2023-06-06T12:00:00,78.53255,Sistema
2023-06-06T13:00:00,87.31642,Sistema
2023-06-06T14:00:00,94.55169,Sistema
2023-06-06T15:00:00,92.95924,Sistema
2023-06-06T16:00:00,91.33789,Sistema
2023-06-06T17:00:00,90.43102,Sistema
2023-06-06T18:00:00,93.85479,Sistema
2023-06-06T19:00:00,95.89638,Sistema
2023-06-06T20:00:00,90.38674,Sistema
2023-06-06T21:00:00,94.99611,Sistema
2023-06-06T22:00:00,99.57301,Sistema
2023-06-06T23:00:00,104.09513,Sistema
2023-06-06T24:00:00,107.71466,Sistema
2023-06-07T01:00:00,117.52709,Sistema
2023-06-07T02:00:00,122.02329,Sistema
2023-06-07T03:00:00,127.27681,Sistema
2023-06-07T04:00:00,124.65064,Sistema
2023-06-07T05:00:00,126.39259,Sistema
2023-06-07T06:00:00,122.11238,Sistema
2023-06-07T07:00:00,132.9222,Sistema
2023-06-07T08:00:00,126.60774,Sistema
2023-06-07T09:00:00,123.48441,Sistema
2023-06-07T10:00:00,122.21759,Sistema
2023-06-07T11:00:00,113.34846,Sistema
2023-06-07T12:00:00,118.81115,Sistema
2023-06-07T13:00:00,133.28342,Sistema
2023-06-07T14:00:00,140.40723,Sistema
2023-06-07T15:00:00,141.96285,Sistema
2023-06-07T16:00:00,137.16252,Sistema
2023-06-07T17:00:00,138.38884,Sistema
2023-06-07T18:00:00,145.31298,Sistema
2023-06-07T19:00:00,137.93606,Sistema
2023-06-07T20:00:00,133.42746,Sistema
2023-06-07T21:00:00,137.12005,Sistema
2023-06-07T22:00:00,148.64052,Sistema
2023-06-07T23:00:00,162.22748,Sistema
2023-06-07T24:00:00,170.36785,Sistema
2023-06-08T01:00:00,175.93885,Sistema
2023-06-08T02:00:00,170.39177,Sistema
2023-06-08T03:00:00,166.12807,Sistema
2023-06-08T04:00:00,167.97243,Sistema
2023-06-08T05:00:00,168.50146,Sistema
2023-06-08T06:00:00,172.8176,Sistema
2023-06-08T07:00:00,170.38823,Sistema
2023-06-08T08:00:00,161.79184,Sistema
2023-06-08T09:00:00,152.96299,Sistema
2023-06-08T10:00:00,147.57673,Sistema
2023-06-08T11:00:00,142.44423,Sistema
2023-06-08T12:00:00,141.12982,Sistema
2023-06-08T13:00:00,146.7779,Sistema
2023-06-08T14:00:00,153.69153,Sistema
2023-06-08T15:00:00,150.99641,Sistema
2023-06-08T16:00:00,149.20575,Sistema
2023-06-08T17:00:00,152.56105,Sistema
2023-06-08T18:00:00,158.04031,Sistema
2023-06-08T19:00:00,147.731,Sistema
2023-06-08T20:00:00,144.5148,Sistema
2023-06-08T21:00:00,148.18953,Sistema
2023-06-08T22:00:00,157.55481,Sistema
2023-06-08T23:00:00,170.70807,Sistema
2023-06-08T24:00:00,184.08328,Sistema
2023-06-09T01:00:00,183.72977,Sistema
2023-06-09T02:00:00,190.16947,Sistema
2023-06-09T03:00:00,184.36542,Sistema
2023-06-09T04:00:00,178.32034,Sistema
2023-06-09T05:00:00,177.42234,Sistema
2023-06-09T06:00:00,164.69685,Sistema
2023-06-09T07:00:00,163.9515,Sistema
2023-06-09T08:00:00,150.33859,Sistema
2023-06-09T09:00:00,140.9103,Sistema
2023-06-09T10:00:00,138.04473,Sistema
2023-06-09T11:00:00,132.20838,Sistema
2023-06-09T12:00:00,130.35097,Sistema
2023-06-09T13:00:00,134.54268,Sistema
2023-06-09T14:00:00,140.30827,Sistema
2023-06-09T15:00:00,139.51505,Sistema
2023-06-09T16:00:00,140.1998,Sistema
2023-06-09T17:00:00,142.5966,Sistema
2023-06-09T18:00:00,148.12295,Sistema
2023-06-09T19:00:00,144.4388,Sistema
2023-06-09T20:00:00,138.04717,Sistema
2023-06-09T21:00:00,141.59835,Sistema
2023-06-09T22:00:00,150.19746,Sistema
2023-06-09T23:00:00,156.25449,Sistema
2023-06-09T24:00:00,168.6271,Sistema
2023-06-10T01:00:00,161.78822,Sistema
2023-06-10T02:00:00,152.53817,Sistema
2023-06-10T03:00:00,139.76726,Sistema
2023-06-10T04:00:00,142.50284,Sistema
2023-06-10T05:00:00,142.06733,Sistema
2023-06-10T06:00:00,147.0958,Sistema
2023-06-10T07:00:00,150.18915,Sistema
2023-06-10T08:00:00,149.45834,Sistema
2023-06-10T09:00:00,146.39999,Sistema
2023-06-10T10:00:00,141.43794,Sistema
2023-06-10T11:00:00,137.70663,Sistema
2023-06-10T12:00:00,136.61747,Sistema
2023-06-10T13:00:00,137.21324,Sistema
2023-06-10T14:00:00,142.97133,Sistema
2023-06-10T15:00:00,150.68719,Sistema
2023-06-10T16:00:00,152.48977,Sistema
2023-06-10T17:00:00,154.75122,Sistema
2023-06-10T18:00:00,163.18759,Sistema
2023-06-10T19:00:00,128.77901,Sistema
2023-06-10T20:00:00,150.23269,Sistema
2023-06-10T21:00:00,155.19419,Sistema
2023-06-10T22:00:00,159.6765,Sistema
2023-06-10T23:00:00,167.62542,Sistema
2023-06-10T24:00:00,166.92376,Sistema
2023-06-11T01:00:00,164.12059,Sistema
2023-06-11T02:00:00,166.88588,Sistema
2023-06-11T03:00:00,167.84315,Sistema
2023-06-11T04:00:00,173.15228,Sistema
2023-06-11T05:00:00,171.03154,Sistema
2023-06-11T06:00:00,167.06401,Sistema
2023-06-11T07:00:00,163.41637,Sistema
2023-06-11T08:00:00,150.95533,Sistema
2023-06-11T09:00:00,143.25761,Sistema
2023-06-11T10:00:00,138.97588,Sistema
2023-06-11T11:00:00,133.66112,Sistema
2023-06-11T12:00:00,128.51975,Sistema
2023-06-11T13:00:00,128.15322,Sistema
2023-06-11T14:00:00,133.81773,Sistema
2023-06-11T15:00:00,141.09564,Sistema
2023-06-11T16:00:00,149.56218,Sistema
2023-06-11T17:00:00,151.41875,Sistema
2023-06-11T18:00:00,155.76015,Sistema
2023-06-11T19:00:00,142.96876,Sistema
2023-06-11T20:00:00,136.33746,Sistema
2023-06-11T21:00:00,139.944,Sistema
2023-06-11T22:00:00,145.709,Sistema
2023-06-11T23:00:00,159.39746,Sistema
2023-06-11T24:00:00,169.18216,Sistema
2023-06-12T01:00:00,167.06318,Sistema
2023-06-12T02:00:00,165.41187,Sistema
2023-06-12T03:00:00,171.55512,Sistema
2023-06-12T04:00:00,168.62338,Sistema
2023-06-12T05:00:00,166.3408,Sistema
2023-06-12T06:00:00,157.03907,Sistema
2023-06-12T07:00:00,156.69633,Sistema
2023-06-12T08:00:00,143.55737,Sistema
2023-06-12T09:00:00,134.147,Sistema
2023-06-12T10:00:00,126.27477,Sistema
2023-06-12T11:00:00,121.15988,Sistema
2023-06-12T12:00:00,120.36859,Sistema
2023-06-12T13:00:00,118.30907,Sistema
2023-06-12T14:00:00,125.60946,Sistema
2023-06-12T15:00:00,129.00684,Sistema
2023-06-12T16:00:00,131.72297,Sistema
2023-06-12T17:00:00,135.96247,Sistema
2023-06-12T18:00:00,141.11954,Sistema
2023-06-12T19:00:00,131.37336,Sistema
2023-06-12T20:00:00,127.5563,Sistema
2023-06-12T21:00:00,130.37842,Sistema
2023-06-12T22:00:00,136.40463,Sistema
2023-06-12T23:00:00,140.27301,Sistema
2023-06-12T24:00:00,139.07903,Sistema
2023-06-13T01:00:00,124.02463,Sistema
2023-06-13T02:00:00,109.21955,Sistema
2023-06-13T03:00:00,100.15875,Sistema
2023-06-13T04:00:00,110.9666,Sistema
2023-06-13T05:00:00,118.1838,Sistema
2023-06-13T06:00:00,107.67191,Sistema
2023-06-13T07:00:00,100.17328,Sistema
2023-06-13T08:00:00,95.25577,Sistema
2023-06-13T09:00:00,92.61577,Sistema
2023-06-13T10:00:00,92.93296,Sistema
2023-06-13T11:00:00,92.0488,Sistema
2023-06-13T12:00:00,92.58181,Sistema
2023-06-13T13:00:00,96.71256,Sistema
2023-06-13T14:00:00,100.41444,Sistema
2023-06-13T15:00:00,100.38703,Sistema
2023-06-13T16:00:00,101.1593,Sistema
2023-06-13T17:00:00,104.53606,Sistema
2023-06-13T18:00:00,108.93805,Sistema
2023-06-13T19:00:00,108.55502,Sistema
2023-06-13T20:00:00,106.10098,Sistema
2023-06-13T21:00:00,110.04092,Sistema
2023-06-13T22:00:00,117.44662,Sistema
2023-06-13T23:00:00,128.2271,Sistema
2023-06-13T24:00:00,131.67312,Sistema
2023-06-14T01:00:00,129.36013,Sistema
2023-06-14T02:00:00,128.12651,Sistema
2023-06-14T03:00:00,135.8941,Sistema
2023-06-14T04:00:00,129.34211,Sistema
2023-06-14T05:00:00,122.65622,Sistema
2023-06-14T06:00:00,113.76557,Sistema
2023-06-14T07:00:00,111.09929,Sistema
2023-06-14T08:00:00,101.21616,Sistema
2023-06-14T09:00:00,97.94198,Sistema
2023-06-14T10:00:00,85.79642,Sistema
2023-06-14T11:00:00,86.51638,Sistema
2023-06-14T12:00:00,90.49554,Sistema
2023-06-14T13:00:00,103.49404,Sistema
2023-06-14T14:00:00,106.77197,Sistema
2023-06-14T15:00:00,105.85702,Sistema
2023-06-14T16:00:00,104.91094,Sistema
2023-06-14T17:00:00,105.393,Sistema
2023-06-14T18:00:00,111.02381,Sistema
2023-06-14T19:00:00,107.0247,Sistema
2023-06-14T20:00:00,104.33894,Sistema
2023-06-14T21:00:00,107.01291,Sistema
2023-06-14T22:00:00,112.6428,Sistema
2023-06-14T23:00:00,122.40521,Sistema
2023-06-14T24:00:00,125.89578,Sistema
2023-06-15T01:00:00,128.41445,Sistema
2023-06-15T02:00:00,134.7837,Sistema
2023-06-15T03:00:00,128.01492,Sistema
2023-06-15T04:00:00,121.03543,Sistema
2023-06-15T05:00:00,118.55994,Sistema
2023-06-15T06:00:00,112.11045,Sistema
2023-06-15T07:00:00,110.69206,Sistema
2023-06-15T08:00:00,107.1472,Sistema
2023-06-15T09:00:00,102.91366,Sistema
2023-06-15T10:00:00,101.30976,Sistema
2023-06-15T11:00:00,100.62949,Sistema
2023-06-15T12:00:00,102.62283,Sistema
2023-06-15T13:00:00,104.85669,Sistema
2023-06-15T14:00:00,107.17168,Sistema
2023-06-15T15:00:00,108.48666,Sistema
2023-06-15T16:00:00,109.61083,Sistema
2023-06-15T17:00:00,112.3867,Sistema
2023-06-15T18:00:00,111.14138,Sistema
2023-06-15T19:00:00,103.69978,Sistema
2023-06-15T20:00:00,101.35762,Sistema
2023-06-15T21:00:00,105.19969,Sistema
2023-06-15T22:00:00,110.82025,Sistema
2023-06-15T23:00:00,117.33918,Sistema
2023-06-15T24:00:00,125.38579,Sistema
2023-06-16T01:00:00,131.73985,Sistema
2023-06-16T02:00:00,136.71311,Sistema
2023-06-16T03:00:00,136.67664,Sistema
2023-06-16T04:00:00,134.80326,Sistema
2023-06-16T05:00:00,132.98538,Sistema
2023-06-16T06:00:00,125.89836,Sistema
2023-06-16T07:00:00,119.09129,Sistema
2023-06-16T08:00:00,114.94745,Sistema
2023-06-16T09:00:00,110.70857,Sistema
2023-06-16T10:00:00,114.73734,Sistema
2023-06-16T11:00:00,114.85213,Sistema
2023-06-16T12:00:00,114.54108,Sistema
2023-06-16T13:00:00,117.91484,Sistema
2023-06-16T14:00:00,119.30942,Sistema
2023-06-16T15:00:00,117.5208,Sistema
2023-06-16T16:00:00,118.24056,Sistema
2023-06-16T17:00:00,123.62776,Sistema
2023-06-16T18:00:00,125.72216,Sistema
2023-06-16T19:00:00,123.64724,Sistema
2023-06-16T20:00:00,125.74653,Sistema
2023-06-16T21:00:00,129.91656,Sistema
2023-06-16T22:00:00,133.67548,Sistema
2023-06-16T23:00:00,140.02423,Sistema
2023-06-16T24:00:00,148.57022,Sistema
2023-06-17T01:00:00,148.89718,Sistema
2023-06-17T02:00:00,155.02506,Sistema
2023-06-17T03:00:00,156.76204,Sistema
2023-06-17T04:00:00,158.8657,Sistema
2023-06-17T05:00:00,156.93882,Sistema
2023-06-17T06:00:00,157.18367,Sistema
2023-06-17T07:00:00,150.86938,Sistema
2023-06-17T08:00:00,141.37112,Sistema
2023-06-17T09:00:00,133.17964,Sistema
2023-06-17T10:00:00,130.07928,Sistema
2023-06-17T11:00:00,128.44213,Sistema
2023-06-17T12:00:00,133.89882,Sistema
2023-06-17T13:00:00,146.87554,Sistema
2023-06-17T14:00:00,153.73672,Sistema
2023-06-17T15:00:00,157.89939,Sistema
2023-06-17T16:00:00,162.88063,Sistema
2023-06-17T17:00:00,161.55361,Sistema
2023-06-17T18:00:00,158.74815,Sistema
2023-06-17T19:00:00,149.09638,Sistema
2023-06-17T20:00:00,145.3761,Sistema
2023-06-17T21:00:00,146.92615,Sistema
2023-06-17T22:00:00,156.63152,Sistema
2023-06-17T23:00:00,168.31186,Sistema
2023-06-17T24:00:00,181.11747,Sistema
2023-06-18T01:00:00,185.57877,Sistema
2023-06-18T02:00:00,191.32686,Sistema
2023-06-18T03:00:00,197.80298,Sistema
2023-06-18T04:00:00,203.85698,Sistema
2023-06-18T05:00:00,204.0079,Sistema
2023-06-18T06:00:00,194.58572,Sistema
2023-06-18T07:00:00,199.16993,Sistema
2023-06-18T08:00:00,185.52351,Sistema
2023-06-18T09:00:00,179.59336,Sistema
2023-06-18T10:00:00,180.68608,Sistema
2023-06-18T11:00:00,182.1228,Sistema
2023-06-18T12:00:00,182.45311,Sistema
2023-06-18T13:00:00,186.67467,Sistema
2023-06-18T14:00:00,192.75445,Sistema
2023-06-18T15:00:00,196.56064,Sistema
2023-06-18T16:00:00,195.30031,Sistema
2023-06-18T17:00:00,194.40886,Sistema
2023-06-18T18:00:00,200.53539,Sistema
2023-06-18T19:00:00,188.18016,Sistema
2023-06-18T20:00:00,180.41154,Sistema
2023-06-18T21:00:00,183.24001,Sistema
2023-06-18T22:00:00,190.84632,Sistema
2023-06-18T23:00:00,199.04993,Sistema
2023-06-18T24:00:00,214.49162,Sistema
2023-06-19T01:00:00,220.45205,Sistema
2023-06-19T02:00:00,228.87826,Sistema
2023-06-19T03:00:00,239.28136,Sistema
2023-06-19T04:00:00,234.36875,Sistema
2023-06-19T05:00:00,235.66395,Sistema
2023-06-19T06:00:00,238.0427,Sistema
2023-06-19T07:00:00,242.76929,Sistema
2023-06-19T08:00:00,235.78559,Sistema
2023-06-19T09:00:00,222.80535,Sistema
2023-06-19T10:00:00,203.84809,Sistema
2023-06-19T11:00:00,191.54837,Sistema
2023-06-19T12:00:00,191.66503,Sistema
2023-06-19T13:00:00,198.58761,Sistema
2023-06-19T14:00:00,195.50735,Sistema
2023-06-19T15:00:00,193.55052,Sistema
2023-06-19T16:00:00,194.23733,Sistema
2023-06-19T17:00:00,196.6522,Sistema
2023-06-19T18:00:00,201.81335,Sistema
2023-06-19T19:00:00,190.26205,Sistema
2023-06-19T20:00:00,179.94291,Sistema
2023-06-19T21:00:00,181.7618,Sistema
2023-06-19T22:00:00,192.22956,Sistema
2023-06-19T23:00:00,201.07994,Sistema
2023-06-19T24:00:00,224.23454,Sistema
2023-06-20T01:00:00,228.29906,Sistema
2023-06-20T02:00:00,231.12376,Sistema
2023-06-20T03:00:00,230.9539,Sistema
2023-06-20T04:00:00,225.27302,Sistema
2023-06-20T05:00:00,213.00945,Sistema
2023-06-20T06:00:00,212.48601,Sistema
2023-06-20T07:00:00,203.60244,Sistema
2023-06-20T08:00:00,185.72454,Sistema
2023-06-20T09:00:00,174.61987,Sistema
2023-06-20T10:00:00,167.32798,Sistema
2023-06-20T11:00:00,161.64248,Sistema
2023-06-20T12:00:00,164.79706,Sistema
2023-06-20T13:00:00,167.3602,Sistema
2023-06-20T14:00:00,168.91284,Sistema
2023-06-20T15:00:00,166.33593,Sistema
2023-06-20T16:00:00,167.07842,Sistema
2023-06-20T17:00:00,170.82596,Sistema
2023-06-20T18:00:00,178.10355,Sistema
2023-06-20T19:00:00,168.33712,Sistema
2023-06-20T20:00:00,166.01203,Sistema
2023-06-20T21:00:00,171.96174,Sistema
2023-06-20T22:00:00,181.64072,Sistema
2023-06-20T23:00:00,197.26051,Sistema
2023-06-20T24:00:00,210.75236,Sistema
2023-06-21T01:00:00,208.62192,Sistema
2023-06-21T02:00:00,215.60065,Sistema
2023-06-21T03:00:00,224.46507,Sistema
2023-06-21T04:00:00,221.10548,Sistema
2023-06-21T05:00:00,211.30375,Sistema
2023-06-21T06:00:00,201.68728,Sistema
2023-06-21T07:00:00,187.45538,Sistema
2023-06-21T08:00:00,172.28889,Sistema
2023-06-21T09:00:00,160.82729,Sistema
2023-06-21T10:00:00,157.06564,Sistema
2023-06-21T11:00:00,153.57357,Sistema
2023-06-21T12:00:00,151.70022,Sistema
2023-06-21T13:00:00,156.26111,Sistema
2023-06-21T14:00:00,154.42923,Sistema
2023-06-21T15:00:00,153.4192,Sistema
2023-06-21T16:00:00,153.07044,Sistema
2023-06-21T17:00:00,153.19,Sistema
2023-06-21T18:00:00,161.93699,Sistema
2023-06-21T19:00:00,160.8104,Sistema
2023-06-21T20:00:00,157.79928,Sistema
2023-06-21T21:00:00,162.4522,Sistema
2023-06-21T22:00:00,173.09893,Sistema
2023-06-21T23:00:00,185.44761,Sistema
2023-06-21T24:00:00,193.84154,Sistema
2023-06-22T01:00:00,221.18662,Sistema
2023-06-22T02:00:00,233.28455,Sistema
2023-06-22T03:00:00,236.93001,Sistema
2023-06-22T04:00:00,248.15138,Sistema
2023-06-22T05:00:00,241.77988,Sistema
2023-06-22T06:00:00,231.02602,Sistema
2023-06-22T07:00:00,221.9209,Sistema
2023-06-22T08:00:00,206.37161,Sistema
2023-06-22T09:00:00,200.30363,Sistema
2023-06-22T10:00:00,199.25358,Sistema
2023-06-22T11:00:00,196.35519,Sistema
2023-06-22T12:00:00,188.29398,Sistema
2023-06-22T13:00:00,185.45884,Sistema
2023-06-22T14:00:00,185.66348,Sistema
2023-06-22T15:00:00,186.67223,Sistema
2023-06-22T16:00:00,191.2287,Sistema
2023-06-22T17:00:00,195.8871,Sistema
2023-06-22T18:00:00,207.01063,Sistema
2023-06-22T19:00:00,201.16764,Sistema
2023-06-22T20:00:00,195.47373,Sistema
2023-06-22T21:00:00,197.47931,Sistema
2023-06-22T22:00:00,202.00792,Sistema
2023-06-22T23:00:00,214.89631,Sistema
2023-06-22T24:00:00,232.0019,Sistema
2023-06-23T01:00:00,238.85442,Sistema
2023-06-23T02:00:00,237.24765,Sistema
2023-06-23T03:00:00,239.75554,Sistema
2023-06-23T04:00:00,243.01263,Sistema
2023-06-23T05:00:00,231.83348,Sistema
2023-06-23T06:00:00,224.78907,Sistema
2023-06-23T07:00:00,216.53762,Sistema
2023-06-23T08:00:00,202.67291,Sistema
2023-06-23T09:00:00,199.42753,Sistema
2023-06-23T10:00:00,198.88207,Sistema
2023-06-23T11:00:00,193.71628,Sistema
2023-06-23T12:00:00,186.34205,Sistema
2023-06-23T13:00:00,190.56747,Sistema
2023-06-23T14:00:00,195.6174,Sistema
2023-06-23T15:00:00,195.40968,Sistema
2023-06-23T16:00:00,195.94362,Sistema
2023-06-23T17:00:00,199.96036,Sistema
2023-06-23T18:00:00,202.85045,Sistema
2023-06-23T19:00:00,197.96048,Sistema
2023-06-23T20:00:00,195.90535,Sistema
2023-06-23T21:00:00,200.83357,Sistema
2023-06-23T22:00:00,203.40421,Sistema
2023-06-23T23:00:00,215.01192,Sistema
2023-06-23T24:00:00,226.19172,Sistema
2023-06-24T01:00:00,240.92405,Sistema
2023-06-24T02:00:00,240.03211,Sistema
2023-06-24T03:00:00,246.2515,Sistema
2023-06-24T04:00:00,255.10216,Sistema
2023-06-24T05:00:00,256.95662,Sistema
2023-06-24T06:00:00,255.82524,Sistema
2023-06-24T07:00:00,253.1645,Sistema
2023-06-24T08:00:00,244.29281,Sistema
2023-06-24T09:00:00,227.75925,Sistema
2023-06-24T10:00:00,224.02958,Sistema
2023-06-24T11:00:00,224.89387,Sistema
2023-06-24T12:00:00,219.33624,Sistema
2023-06-24T13:00:00,220.85018,Sistema
2023-06-24T14:00:00,223.71365,Sistema
2023-06-24T15:00:00,225.20656,Sistema
2023-06-24T16:00:00,228.43876,Sistema
2023-06-24T17:00:00,230.24382,Sistema
2023-06-24T18:00:00,231.37449,Sistema
2023-06-24T19:00:00,223.86876,Sistema
2023-06-24T20:00:00,221.58243,Sistema
2023-06-24T21:00:00,229.52568,Sistema
2023-06-24T22:00:00,236.80218,Sistema
2023-06-24T23:00:00,253.25562,Sistema
2023-06-24T24:00:00,264.80105,Sistema
2023-06-25T01:00:00,270.07137,Sistema
2023-06-25T02:00:00,261.93263,Sistema
2023-06-25T03:00:00,267.03727,Sistema
2023-06-25T04:00:00,265.04534,Sistema
2023-06-25T05:00:00,266.26151,Sistema
2023-06-25T06:00:00,252.0255,Sistema
2023-06-25T07:00:00,250.92622,Sistema
2023-06-25T08:00:00,247.35436,Sistema
2023-06-25T09:00:00,237.88829,Sistema
2023-06-25T10:00:00,226.16331,Sistema
2023-06-25T11:00:00,221.84006,Sistema
2023-06-25T12:00:00,216.94068,Sistema
2023-06-25T13:00:00,214.36818,Sistema
2023-06-25T14:00:00,215.55009,Sistema
2023-06-25T15:00:00,219.26583,Sistema
2023-06-25T16:00:00,224.42367,Sistema
2023-06-25T17:00:00,232.07594,Sistema
2023-06-25T18:00:00,244.57214,Sistema
2023-06-25T19:00:00,242.01164,Sistema
2023-06-25T20:00:00,230.73542,Sistema
2023-06-25T21:00:00,222.24169,Sistema
2023-06-25T22:00:00,227.31667,Sistema
2023-06-25T23:00:00,243.45619,Sistema
2023-06-25T24:00:00,242.89619,Sistema
2023-06-26T01:00:00,210.83995,Sistema
2023-06-26T02:00:00,193.8738,Sistema
2023-06-26T03:00:00,188.19566,Sistema
2023-06-26T04:00:00,194.15303,Sistema
2023-06-26T05:00:00,203.6616,Sistema
2023-06-26T06:00:00,218.82196,Sistema
2023-06-26T07:00:00,216.22812,Sistema
2023-06-26T08:00:00,216.68894,Sistema
2023-06-26T09:00:00,209.61459,Sistema
2023-06-26T10:00:00,205.89595,Sistema
2023-06-26T11:00:00,202.32405,Sistema
2023-06-26T12:00:00,199.63235,Sistema
2023-06-26T13:00:00,201.37753,Sistema
2023-06-26T14:00:00,201.22001,Sistema
2023-06-26T15:00:00,198.44297,Sistema
2023-06-26T16:00:00,199.13048,Sistema
2023-06-26T17:00:00,206.49438,Sistema
2023-06-26T18:00:00,211.34762,Sistema
2023-06-26T19:00:00,205.77842,Sistema
2023-06-26T20:00:00,202.35074,Sistema
2023-06-26T21:00:00,206.69636,Sistema
2023-06-26T22:00:00,216.72766,Sistema
2023-06-26T23:00:00,227.69343,Sistema
2023-06-26T24:00:00,222.40425,Sistema
2023-06-27T01:00:00,193.7233,Sistema
2023-06-27T02:00:00,170.69084,Sistema
2023-06-27T03:00:00,154.90414,Sistema
2023-06-27T04:00:00,153.15645,Sistema
2023-06-27T05:00:00,156.4699,Sistema
2023-06-27T06:00:00,170.87716,Sistema
2023-06-27T07:00:00,175.89688,Sistema
2023-06-27T08:00:00,171.5993,Sistema
2023-06-27T09:00:00,164.81097,Sistema
2023-06-27T10:00:00,169.06179,Sistema
2023-06-27T11:00:00,172.15526,Sistema
2023-06-27T12:00:00,177.60072,Sistema
2023-06-27T13:00:00,186.52806,Sistema
2023-06-27T14:00:00,185.87165,Sistema
2023-06-27T15:00:00,183.27504,Sistema
2023-06-27T16:00:00,184.85103,Sistema
2023-06-27T17:00:00,184.02584,Sistema
2023-06-27T18:00:00,188.79684,Sistema
2023-06-27T19:00:00,180.03446,Sistema
2023-06-27T20:00:00,179.83798,Sistema
2023-06-27T21:00:00,181.55449,Sistema
2023-06-27T22:00:00,191.42078,Sistema
2023-06-27T23:00:00,184.61793,Sistema
2023-06-27T24:00:00,168.55689,Sistema
2023-06-28T01:00:00,166.59068,Sistema
2023-06-28T02:00:00,170.31127,Sistema
2023-06-28T03:00:00,184.88611,Sistema
2023-06-28T04:00:00,188.31139,Sistema
2023-06-28T05:00:00,185.19893,Sistema
2023-06-28T06:00:00,180.41858,Sistema
2023-06-28T07:00:00,177.50903,Sistema
2023-06-28T08:00:00,171.14932,Sistema
2023-06-28T09:00:00,163.33607,Sistema
2023-06-28T10:00:00,160.57945,Sistema
2023-06-28T11:00:00,158.31739,Sistema
2023-06-28T12:00:00,155.94422,Sistema
2023-06-28T13:00:00,160.59854,Sistema
2023-06-28T14:00:00,161.88081,Sistema
2023-06-28T15:00:00,159.85327,Sistema
2023-06-28T16:00:00,160.51078,Sistema
2023-06-28T17:00:00,166.43839,Sistema
2023-06-28T18:00:00,174.61825,Sistema
2023-06-28T19:00:00,165.69809,Sistema
2023-06-28T20:00:00,159.83848,Sistema
2023-06-28T21:00:00,163.93141,Sistema
2023-06-28T22:00:00,174.43423,Sistema
2023-06-28T23:00:00,189.80554,Sistema
2023-06-28T24:00:00,194.95392,Sistema
2023-06-29T01:00:00,186.42329,Sistema
2023-06-29T02:00:00,181.84122,Sistema
2023-06-29T03:00:00,179.66998,Sistema
2023-06-29T04:00:00,179.04067,Sistema
2023-06-29T05:00:00,176.85992,Sistema
2023-06-29T06:00:00,171.66887,Sistema
2023-06-29T07:00:00,163.98041,Sistema
2023-06-29T08:00:00,158.7922,Sistema
2023-06-29T09:00:00,153.40505,Sistema
2023-06-29T10:00:00,153.82977,Sistema
2023-06-29T11:00:00,159.28494,Sistema
2023-06-29T12:00:00,170.11936,Sistema
2023-06-29T13:00:00,170.89652,Sistema
2023-06-29T14:00:00,170.60386,Sistema
2023-06-29T15:00:00,169.37911,Sistema
2023-06-29T16:00:00,173.78232,Sistema
2023-06-29T17:00:00,178.18781,Sistema
2023-06-29T18:00:00,183.59716,Sistema
2023-06-29T19:00:00,175.6218,Sistema
2023-06-29T20:00:00,170.22606,Sistema
2023-06-29T21:00:00,176.26791,Sistema
2023-06-29T22:00:00,189.64213,Sistema
2023-06-29T23:00:00,205.11149,Sistema
2023-06-29T24:00:00,208.58958,Sistema
2023-06-30T01:00:00,205.87348,Sistema
2023-06-30T02:00:00,203.17104,Sistema
2023-06-30T03:00:00,206.28568,Sistema
2023-06-30T04:00:00,203.69314,Sistema
2023-06-30T05:00:00,204.58411,Sistema
2023-06-30T06:00:00,203.12852,Sistema
2023-06-30T07:00:00,199.23135,Sistema
2023-06-30T08:00:00,191.45659,Sistema
2023-06-30T09:00:00,183.24608,Sistema
2023-06-30T10:00:00,176.70667,Sistema
2023-06-30T11:00:00,169.99279,Sistema
2023-06-30T12:00:00,167.30435,Sistema
2023-06-30T13:00:00,174.25032,Sistema
2023-06-30T14:00:00,172.21605,Sistema
2023-06-30T15:00:00,169.56516,Sistema
2023-06-30T16:00:00,171.12089,Sistema
2023-06-30T17:00:00,176.81161,Sistema
2023-06-30T18:00:00,176.11088,Sistema
2023-06-30T19:00:00,166.95905,Sistema
2023-06-30T20:00:00,167.3265,Sistema
2023-06-30T21:00:00,171.1666,Sistema
2023-06-30T22:00:00,181.28354,Sistema
2023-06-30T23:00:00,190.71599,Sistema
2023-06-30T24:00:00,203.95803,Sistema
2023-07-01T01:00:00,207.86195,Sistema
2023-07-01T02:00:00,207.89877,Sistema
2023-07-01T03:00:00,213.58074,Sistema
2023-07-01T04:00:00,210.10531,Sistema
2023-07-01T05:00:00,207.88668,Sistema
2023-07-01T06:00:00,217.56791,Sistema
2023-07-01T07:00:00,219.75061,Sistema
2023-07-01T08:00:00,206.66197,Sistema
2023-07-01T09:00:00,193.5298,Sistema
2023-07-01T10:00:00,186.74062,Sistema
2023-07-01T11:00:00,180.34676,Sistema
2023-07-01T12:00:00,182.5575,Sistema
2023-07-01T13:00:00,185.57252,Sistema
2023-07-01T14:00:00,191.22779,Sistema
2023-07-01T15:00:00,197.18847,Sistema
2023-07-01T16:00:00,199.66925,Sistema
2023-07-01T17:00:00,204.53314,Sistema
2023-07-01T18:00:00,212.08155,Sistema
2023-07-01T19:00:00,198.23813,Sistema
2023-07-01T20:00:00,199.30135,Sistema
2023-07-01T21:00:00,208.50469,Sistema
2023-07-01T22:00:00,214.7848,Sistema
2023-07-01T23:00:00,226.34779,Sistema
2023-07-01T24:00:00,233.92702,Sistema
2023-07-02T01:00:00,229.54445,Sistema
2023-07-02T02:00:00,233.43424,Sistema
2023-07-02T03:00:00,226.3296,Sistema
2023-07-02T04:00:00,230.56604,Sistema
2023-07-02T05:00:00,235.16469,Sistema
2023-07-02T06:00:00,232.11241,Sistema
2023-07-02T07:00:00,227.85398,Sistema
2023-07-02T08:00:00,228.56776,Sistema
2023-07-02T09:00:00,222.00481,Sistema
2023-07-02T10:00:00,217.24398,Sistema
2023-07-02T11:00:00,211.06353,Sistema
2023-07-02T12:00:00,207.32084,Sistema
2023-07-02T13:00:00,211.0312,Sistema
2023-07-02T14:00:00,216.65357,Sistema
2023-07-02T15:00:00,225.93221,Sistema
2023-07-02T16:00:00,227.54445,Sistema
2023-07-02T17:00:00,231.30445,Sistema
2023-07-02T18:00:00,237.27582,Sistema
2023-07-02T19:00:00,222.52875,Sistema
2023-07-02T20:00:00,213.88345,Sistema
2023-07-02T21:00:00,218.17804,Sistema
2023-07-02T22:00:00,228.85252,Sistema
2023-07-02T23:00:00,240.84512,Sistema
2023-07-02T24:00:00,253.91325,Sistema
2023-07-03T01:00:00,245.47593,Sistema
2023-07-03T02:00:00,243.9502,Sistema
2023-07-03T03:00:00,237.06807,Sistema
2023-07-03T04:00:00,240.2924,Sistema
2023-07-03T05:00:00,240.31911,Sistema
2023-07-03T06:00:00,237.0781,Sistema
2023-07-03T07:00:00,232.93754,Sistema
2023-07-03T08:00:00,227.22339,Sistema
2023-07-03T09:00:00,200.39561,Sistema
2023-07-03T10:00:00,193.05017,Sistema
2023-07-03T11:00:00,192.00648,Sistema
2023-07-03T12:00:00,184.8174,Sistema
2023-07-03T13:00:00,191.09389,Sistema
2023-07-03T14:00:00,195.19627,Sistema
2023-07-03T15:00:00,192.43101,Sistema
2023-07-03T16:00:00,195.78757,Sistema
2023-07-03T17:00:00,202.44352,Sistema
2023-07-03T18:00:00,210.95787,Sistema
2023-07-03T19:00:00,195.94989,Sistema
2023-07-03T20:00:00,186.11251,Sistema
2023-07-03T21:00:00,188.71635,Sistema
2023-07-03T22:00:00,198.77778,Sistema
2023-07-03T23:00:00,208.48913,Sistema
2023-07-03T24:00:00,209.80409,Sistema
2023-07-04T01:00:00,223.63449,Sistema
2023-07-04T02:00:00,222.06885,Sistema
2023-07-04T03:00:00,225.95525,Sistema
2023-07-04T04:00:00,223.86918,Sistema
2023-07-04T05:00:00,227.15891,Sistema
2023-07-04T06:00:00,220.54998,Sistema
2023-07-04T07:00:00,213.06198,Sistema
2023-07-04T08:00:00,196.41385,Sistema
2023-07-04T09:00:00,186.76127,Sistema
2023-07-04T10:00:00,180.54453,Sistema
2023-07-04T11:00:00,175.71173,Sistema
2023-07-04T12:00:00,168.68008,Sistema
2023-07-04T13:00:00,176.86643,Sistema
2023-07-04T14:00:00,181.55012,Sistema
2023-07-04T15:00:00,178.72258,Sistema
2023-07-04T16:00:00,180.44637,Sistema
2023-07-04T17:00:00,183.90215,Sistema
2023-07-04T18:00:00,188.88365,Sistema
2023-07-04T19:00:00,185.18331,Sistema
2023-07-04T20:00:00,175.19889,Sistema
2023-07-04T21:00:00,179.75553,Sistema
2023-07-04T22:00:00,185.44849,Sistema
2023-07-04T23:00:00,199.50282,Sistema
2023-07-04T24:00:00,216.96209,Sistema
2023-07-05T01:00:00,229.674,Sistema
2023-07-05T02:00:00,229.2261,Sistema
2023-07-05T03:00:00,230.15587,Sistema
2023-07-05T04:00:00,237.86919,Sistema
2023-07-05T05:00:00,231.97272,Sistema
2023-07-05T06:00:00,224.16907,Sistema
2023-07-05T07:00:00,217.26536,Sistema
2023-07-05T08:00:00,203.96788,Sistema
2023-07-05T09:00:00,191.70667,Sistema
2023-07-05T10:00:00,192.1247,Sistema
2023-07-05T11:00:00,194.5019,Sistema
2023-07-05T12:00:00,187.6501,Sistema
2023-07-05T13:00:00,187.89374,Sistema
2023-07-05T14:00:00,183.90354,Sistema
2023-07-05T15:00:00,183.43259,Sistema
2023-07-05T16:00:00,182.93979,Sistema
2023-07-05T17:00:00,188.70041,Sistema
2023-07-05T18:00:00,192.76501,Sistema
2023-07-05T19:00:00,183.29806,Sistema
2023-07-05T20:00:00,177.40852,Sistema
2023-07-05T21:00:00,181.47048,Sistema
2023-07-05T22:00:00,192.31388,Sistema
2023-07-05T23:00:00,208.01508,Sistema
2023-07-05T24:00:00,216.8631,Sistema
2023-07-06T01:00:00,224.73474,Sistema
2023-07-06T02:00:00,222.64013,Sistema
2023-07-06T03:00:00,210.90144,Sistema
2023-07-06T04:00:00,211.37948,Sistema
2023-07-06T05:00:00,222.14507,Sistema
2023-07-06T06:00:00,217.48515,Sistema
2023-07-06T07:00:00,209.44806,Sistema
2023-07-06T08:00:00,197.38708,Sistema
2023-07-06T09:00:00,187.81027,Sistema
2023-07-06T10:00:00,181.78449,Sistema
2023-07-06T11:00:00,175.80345,Sistema
2023-07-06T12:00:00,176.32975,Sistema
2023-07-06T13:00:00,181.83911,Sistema
2023-07-06T14:00:00,183.42243,Sistema
2023-07-06T15:00:00,182.50246,Sistema
2023-07-06T16:00:00,184.99815,Sistema
2023-07-06T17:00:00,188.55722,Sistema
2023-07-06T18:00:00,193.28232,Sistema
2023-07-06T19:00:00,186.42659,Sistema
2023-07-06T20:00:00,176.83183,Sistema
2023-07-06T21:00:00,180.06871,Sistema
2023-07-06T22:00:00,187.13186,Sistema
2023-07-06T23:00:00,201.7432,Sistema
2023-07-06T24:00:00,212.97892,Sistema
2023-07-07T01:00:00,217.75463,Sistema
2023-07-07T02:00:00,210.39425,Sistema
2023-07-07T03:00:00,217.12171,Sistema
2023-07-07T04:00:00,212.72968,Sistema
2023-07-07T05:00:00,218.02913,Sistema
2023-07-07T06:00:00,213.28907,Sistema
2023-07-07T07:00:00,206.42959,Sistema
2023-07-07T08:00:00,199.8944,Sistema
2023-07-07T09:00:00,190.3735,Sistema
2023-07-07T10:00:00,186.10611,Sistema
2023-07-07T11:00:00,178.64869,Sistema
2023-07-07T12:00:00,173.91289,Sistema
2023-07-07T13:00:00,176.46015,Sistema
2023-07-07T14:00:00,173.17497,Sistema
2023-07-07T15:00:00,170.60188,Sistema
2023-07-07T16:00:00,173.03282,Sistema
2023-07-07T17:00:00,176.64537,Sistema
2023-07-07T18:00:00,187.09279,Sistema
2023-07-07T19:00:00,181.02388,Sistema
2023-07-07T20:00:00,176.51679,Sistema
2023-07-07T21:00:00,179.13117,Sistema
2023-07-07T22:00:00,188.37208,Sistema
2023-07-07T23:00:00,200.04297,Sistema
2023-07-07T24:00:00,212.2736,Sistema
2023-07-08T01:00:00,206.42077,Sistema
2023-07-08T02:00:00,199.55813,Sistema
2023-07-08T03:00:00,209.20857,Sistema
2023-07-08T04:00:00,212.50182,Sistema
2023-07-08T05:00:00,216.31558,Sistema
2023-07-08T06:00:00,214.35086,Sistema
2023-07-08T07:00:00,203.70959,Sistema
2023-07-08T08:00:00,194.33743,Sistema
2023-07-08T09:00:00,188.22365,Sistema
2023-07-08T10:00:00,185.45297,Sistema
2023-07-08T11:00:00,185.57682,Sistema
2023-07-08T12:00:00,186.79227,Sistema
2023-07-08T13:00:00,189.53674,Sistema
2023-07-08T14:00:00,196.75201,Sistema
2023-07-08T15:00:00,206.07446,Sistema
2023-07-08T16:00:00,208.99666,Sistema
2023-07-08T17:00:00,209.99365,Sistema
2023-07-08T18:00:00,207.52726,Sistema
2023-07-08T19:00:00,200.17483,Sistema
2023-07-08T20:00:00,195.72411,Sistema
2023-07-08T21:00:00,200.04057,Sistema
2023-07-08T22:00:00,209.1221,Sistema
2023-07-08T23:00:00,215.81846,Sistema
2023-07-08T24:00:00,219.32272,Sistema
2023-07-09T01:00:00,239.46613,Sistema
2023-07-09T02:00:00,243.83215,Sistema
2023-07-09T03:00:00,230.49107,Sistema
2023-07-09T04:00:00,219.28256,Sistema
2023-07-09T05:00:00,227.99089,Sistema
2023-07-09T06:00:00,238.22879,Sistema
2023-07-09T07:00:00,239.37135,Sistema
2023-07-09T08:00:00,232.50635,Sistema
2023-07-09T09:00:00,230.71693,Sistema
2023-07-09T10:00:00,232.61741,Sistema
2023-07-09T11:00:00,217.25967,Sistema
2023-07-09T12:00:00,211.0688,Sistema
2023-07-09T13:00:00,209.54609,Sistema
2023-07-09T14:00:00,208.75145,Sistema
2023-07-09T15:00:00,211.43863,Sistema
2023-07-09T16:00:00,214.56358,Sistema
2023-07-09T17:00:00,220.00716,Sistema
2023-07-09T18:00:00,228.69758,Sistema
2023-07-09T19:00:00,217.25641,Sistema
2023-07-09T20:00:00,202.65042,Sistema
2023-07-09T21:00:00,204.73816,Sistema
2023-07-09T22:00:00,209.73906,Sistema
2023-07-09T23:00:00,218.09503,Sistema
2023-07-09T24:00:00,228.16462,Sistema
2023-07-10T01:00:00,202.04319,Sistema
2023-07-10T02:00:00,199.30349,Sistema
2023-07-10T03:00:00,188.61002,Sistema
2023-07-10T04:00:00,187.7778,Sistema
2023-07-10T05:00:00,192.87852,Sistema
2023-07-10T06:00:00,190.8913,Sistema
2023-07-10T07:00:00,183.43439,Sistema
2023-07-10T08:00:00,183.65365,Sistema
2023-07-10T09:00:00,182.54037,Sistema
2023-07-10T10:00:00,179.8594,Sistema
2023-07-10T11:00:00,173.49777,Sistema
2023-07-10T12:00:00,170.96211,Sistema
2023-07-10T13:00:00,179.06199,Sistema
2023-07-10T14:00:00,181.69061,Sistema
2023-07-10T15:00:00,180.45871,Sistema
2023-07-10T16:00:00,181.07945,Sistema
2023-07-10T17:00:00,183.27017,Sistema
2023-07-10T18:00:00,190.72047,Sistema
2023-07-10T19:00:00,185.88681,Sistema
2023-07-10T20:00:00,179.66385,Sistema
2023-07-10T21:00:00,183.64468,Sistema
2023-07-10T22:00:00,196.26191,Sistema
2023-07-10T23:00:00,213.565,Sistema
2023-07-10T24:00:00,220.06963,Sistema
2023-07-11T01:00:00,216.57227,Sistema
2023-07-11T02:00:00,219.35749,Sistema
2023-07-11T03:00:00,217.11052,Sistema
2023-07-11T04:00:00,214.08707,Sistema
2023-07-11T05:00:00,209.50028,Sistema
2023-07-11T06:00:00,200.5456,Sistema
2023-07-11T07:00:00,201.36934,Sistema
2023-07-11T08:00:00,193.85417,Sistema
2023-07-11T09:00:00,176.75133,Sistema
2023-07-11T10:00:00,171.11708,Sistema
2023-07-11T11:00:00,166.91728,Sistema
2023-07-11T12:00:00,163.88453,Sistema
2023-07-11T13:00:00,169.98625,Sistema
2023-07-11T14:00:00,174.40859,Sistema
2023-07-11T15:00:00,172.52021,Sistema
2023-07-11T16:00:00,173.04844,Sistema
2023-07-11T17:00:00,176.18469,Sistema
2023-07-11T18:00:00,184.39862,Sistema
2023-07-11T19:00:00,175.07116,Sistema
2023-07-11T20:00:00,169.2445,Sistema
2023-07-11T21:00:00,171.88786,Sistema
2023-07-11T22:00:00,185.87909,Sistema
2023-07-11T23:00:00,206.87027,Sistema
2023-07-11T24:00:00,222.21251,Sistema
2023-07-12T01:00:00,229.40858,Sistema
2023-07-12T02:00:00,222.66874,Sistema
2023-07-12T03:00:00,226.55831,Sistema
2023-07-12T04:00:00,232.37707,Sistema
2023-07-12T05:00:00,228.28658,Sistema
2023-07-12T06:00:00,215.21186,Sistema
2023-07-12T07:00:00,201.76998,Sistema
2023-07-12T08:00:00,201.55647,Sistema
2023-07-12T09:00:00,191.97799,Sistema
2023-07-12T10:00:00,188.65908,Sistema
2023-07-12T11:00:00,183.32404,Sistema
2023-07-12T12:00:00,181.39105,Sistema
2023-07-12T13:00:00,186.74542,Sistema
2023-07-12T14:00:00,186.02157,Sistema
2023-07-12T15:00:00,183.38675,Sistema
2023-07-12T16:00:00,181.87829,Sistema
2023-07-12T17:00:00,186.30882,Sistema
2023-07-12T18:00:00,187.85263,Sistema
2023-07-12T19:00:00,184.08298,Sistema
2023-07-12T20:00:00,178.32616,Sistema
2023-07-12T21:00:00,173.90596,Sistema
2023-07-12T22:00:00,180.0576,Sistema
2023-07-12T23:00:00,198.02656,Sistema
2023-07-12T24:00:00,214.7553,Sistema
2023-07-13T01:00:00,217.08708,Sistema
2023-07-13T02:00:00,208.73998,Sistema
2023-07-13T03:00:00,214.04663,Sistema
2023-07-13T04:00:00,215.60614,Sistema
2023-07-13T05:00:00,211.14554,Sistema
2023-07-13T06:00:00,201.89176,Sistema
2023-07-13T07:00:00,200.48213,Sistema
2023-07-13T08:00:00,193.75857,Sistema
2023-07-13T09:00:00,184.63338,Sistema
2023-07-13T10:00:00,186.85522,Sistema
2023-07-13T11:00:00,180.58778,Sistema
2023-07-13T12:00:00,177.62966,Sistema
2023-07-13T13:00:00,182.8456,Sistema
2023-07-13T14:00:00,184.28527,Sistema
2023-07-13T15:00:00,180.38161,Sistema
2023-07-13T16:00:00,181.16952,Sistema
2023-07-13T17:00:00,183.61395,Sistema
2023-07-13T18:00:00,191.78077,Sistema
2023-07-13T19:00:00,185.59887,Sistema
2023-07-13T20:00:00,176.69312,Sistema
2023-07-13T21:00:00,184.79322,Sistema
2023-07-13T22:00:00,189.80839,Sistema
2023-07-13T23:00:00,207.56796,Sistema
2023-07-13T24:00:00,219.87841,Sistema
2023-07-14T01:00:00,221.82326,Sistema
2023-07-14T02:00:00,219.09382,Sistema
2023-07-14T03:00:00,225.65485,Sistema
2023-07-14T04:00:00,228.12594,Sistema
2023-07-14T05:00:00,223.07834,Sistema
2023-07-14T06:00:00,213.2573,Sistema
2023-07-14T07:00:00,209.42513,Sistema
2023-07-14T08:00:00,201.33903,Sistema
2023-07-14T09:00:00,198.31906,Sistema
2023-07-14T10:00:00,193.21657,Sistema
2023-07-14T11:00:00,188.9503,Sistema
2023-07-14T12:00:00,187.8193,Sistema
2023-07-14T13:00:00,189.29373,Sistema
2023-07-14T14:00:00,185.83661,Sistema
2023-07-14T15:00:00,183.43637,Sistema
2023-07-14T16:00:00,186.88807,Sistema
2023-07-14T17:00:00,192.16204,Sistema
2023-07-14T18:00:00,199.56269,Sistema
2023-07-14T19:00:00,193.63444,Sistema
2023-07-14T20:00:00,186.24479,Sistema
2023-07-14T21:00:00,189.54178,Sistema
2023-07-14T22:00:00,199.58652,Sistema
2023-07-14T23:00:00,212.75987,Sistema
2023-07-14T24:00:00,226.63966,Sistema
2023-07-15T01:00:00,231.42409,Sistema
2023-07-15T02:00:00,218.46298,Sistema
2023-07-15T03:00:00,204.63509,Sistema
2023-07-15T04:00:00,199.73241,Sistema
2023-07-15T05:00:00,201.16565,Sistema
2023-07-15T06:00:00,209.00059,Sistema
2023-07-15T07:00:00,207.88105,Sistema
2023-07-15T08:00:00,204.42677,Sistema
2023-07-15T09:00:00,193.0584,Sistema
2023-07-15T10:00:00,191.58631,Sistema
2023-07-15T11:00:00,184.7257,Sistema
2023-07-15T12:00:00,184.36048,Sistema
2023-07-15T13:00:00,188.19468,Sistema
2023-07-15T14:00:00,190.54832,Sistema
2023-07-15T15:00:00,192.81833,Sistema
2023-07-15T16:00:00,194.56417,Sistema
2023-07-15T17:00:00,205.7137,Sistema
2023-07-15T18:00:00,222.28028,Sistema
2023-07-15T19:00:00,217.0894,Sistema
2023-07-15T20:00:00,207.70996,Sistema
2023-07-15T21:00:00,202.32632,Sistema
2023-07-15T22:00:00,212.50191,Sistema
2023-07-15T23:00:00,218.81694,Sistema
2023-07-15T24:00:00,226.65914,Sistema
2023-07-16T01:00:00,225.64413,Sistema
2023-07-16T02:00:00,231.34693,Sistema
2023-07-16T03:00:00,221.74957,Sistema
2023-07-16T04:00:00,211.07867,Sistema
2023-07-16T05:00:00,195.9218,Sistema
2023-07-16T06:00:00,184.75483,Sistema
2023-07-16T07:00:00,201.8901,Sistema
2023-07-16T08:00:00,220.176,Sistema
2023-07-16T09:00:00,233.3916,Sistema
2023-07-16T10:00:00,222.83921,Sistema
2023-07-16T11:00:00,210.11572,Sistema
2023-07-16T12:00:00,194.11159,Sistema
2023-07-16T13:00:00,189.87498,Sistema
2023-07-16T14:00:00,191.91842,Sistema
2023-07-16T15:00:00,199.67833,Sistema
2023-07-16T16:00:00,207.66565,Sistema
2023-07-16T17:00:00,214.7514,Sistema
2023-07-16T18:00:00,225.66705,Sistema
2023-07-16T19:00:00,210.99591,Sistema
2023-07-16T20:00:00,197.23819,Sistema
2023-07-16T21:00:00,197.24332,Sistema
2023-07-16T22:00:00,205.98204,Sistema
2023-07-16T23:00:00,217.62987,Sistema
2023-07-16T24:00:00,233.04801,Sistema
2023-07-17T01:00:00,230.66874,Sistema
2023-07-17T02:00:00,219.66457,Sistema
2023-07-17T03:00:00,238.66677,Sistema
2023-07-17T04:00:00,243.63969,Sistema
2023-07-17T05:00:00,238.00048,Sistema
2023-07-17T06:00:00,227.90277,Sistema
2023-07-17T07:00:00,225.699,Sistema
2023-07-17T08:00:00,215.76304,Sistema
2023-07-17T09:00:00,201.78805,Sistema
2023-07-17T10:00:00,199.45177,Sistema
2023-07-17T11:00:00,191.49004,Sistema
2023-07-17T12:00:00,187.9988,Sistema
2023-07-17T13:00:00,190.73168,Sistema
2023-07-17T14:00:00,191.79558,Sistema
2023-07-17T15:00:00,189.72715,Sistema
2023-07-17T16:00:00,191.55315,Sistema
2023-07-17T17:00:00,194.01566,Sistema
2023-07-17T18:00:00,205.43786,Sistema
2023-07-17T19:00:00,190.19866,Sistema
2023-07-17T20:00:00,181.75998,Sistema
2023-07-17T21:00:00,184.64326,Sistema
2023-07-17T22:00:00,195.79431,Sistema
2023-07-17T23:00:00,208.65262,Sistema
2023-07-17T24:00:00,224.18738,Sistema
2023-07-18T01:00:00,224.17356,Sistema
2023-07-18T02:00:00,223.70827,Sistema
2023-07-18T03:00:00,222.65265,Sistema
2023-07-18T04:00:00,225.49081,Sistema
2023-07-18T05:00:00,209.91197,Sistema
2023-07-18T06:00:00,200.15823,Sistema
2023-07-18T07:00:00,197.30656,Sistema
2023-07-18T08:00:00,187.99916,Sistema
2023-07-18T09:00:00,189.11195,Sistema
2023-07-18T10:00:00,190.10144,Sistema
2023-07-18T11:00:00,182.55955,Sistema
2023-07-18T12:00:00,180.40317,Sistema
2023-07-18T13:00:00,180.57119,Sistema
2023-07-18T14:00:00,182.60077,Sistema
2023-07-18T15:00:00,180.50124,Sistema
2023-07-18T16:00:00,180.6811,Sistema
2023-07-18T17:00:00,184.29026,Sistema
2023-07-18T18:00:00,189.0102,Sistema
2023-07-18T19:00:00,174.91204,Sistema
2023-07-18T20:00:00,165.98758,Sistema
2023-07-18T21:00:00,173.39703,Sistema
2023-07-18T22:00:00,183.00661,Sistema
2023-07-18T23:00:00,197.73942,Sistema
2023-07-18T24:00:00,210.79722,Sistema
2023-07-19T01:00:00,187.81027,Sistema
2023-07-19T02:00:00,162.29811,Sistema
2023-07-19T03:00:00,152.02054,Sistema
2023-07-19T04:00:00,153.72614,Sistema
2023-07-19T05:00:00,156.0902,Sistema
2023-07-19T06:00:00,158.51428,Sistema
2023-07-19T07:00:00,151.61819,Sistema
2023-07-19T08:00:00,149.97419,Sistema
2023-07-19T09:00:00,151.37349,Sistema
2023-07-19T10:00:00,157.05082,Sistema
2023-07-19T11:00:00,160.87752,Sistema
2023-07-19T12:00:00,159.5993,Sistema
2023-07-19T13:00:00,161.38177,Sistema
2023-07-19T14:00:00,162.02607,Sistema
2023-07-19T15:00:00,162.58203,Sistema
2023-07-19T16:00:00,164.05767,Sistema
2023-07-19T17:00:00,166.01463,Sistema
2023-07-19T18:00:00,159.72345,Sistema
2023-07-19T19:00:00,155.2225,Sistema
2023-07-19T20:00:00,153.41684,Sistema
2023-07-19T21:00:00,160.30275,Sistema
2023-07-19T22:00:00,165.80218,Sistema
2023-07-19T23:00:00,176.02812,Sistema
2023-07-19T24:00:00,184.55083,Sistema
2023-07-20T01:00:00,181.96067,Sistema
2023-07-20T02:00:00,172.55622,Sistema
2023-07-20T03:00:00,156.99981,Sistema
2023-07-20T04:00:00,153.56982,Sistema
2023-07-20T05:00:00,142.84536,Sistema
2023-07-20T06:00:00,128.60171,Sistema
2023-07-20T07:00:00,114.11735,Sistema
2023-07-20T08:00:00,109.41022,Sistema
2023-07-20T09:00:00,107.66892,Sistema
2023-07-20T10:00:00,108.43734,Sistema
2023-07-20T11:00:00,116.24325,Sistema
2023-07-20T12:00:00,118.94592,Sistema
2023-07-20T13:00:00,116.63361,Sistema
2023-07-20T14:00:00,122.9821,Sistema
2023-07-20T15:00:00,124.0801,Sistema
2023-07-20T16:00:00,125.76306,Sistema
2023-07-20T17:00:00,131.1898,Sistema
2023-07-20T18:00:00,135.23562,Sistema
2023-07-20T19:00:00,135.90088,Sistema
2023-07-20T20:00:00,133.0322,Sistema
2023-07-20T21:00:00,135.64084,Sistema
2023-07-20T22:00:00,136.49798,Sistema
2023-07-20T23:00:00,140.45041,Sistema
2023-07-20T24:00:00,147.54142,Sistema
2023-07-21T01:00:00,152.82235,Sistema
2023-07-21T02:00:00,148.57966,Sistema
2023-07-21T03:00:00,150.98726,Sistema
2023-07-21T04:00:00,147.00284,Sistema
2023-07-21T05:00:00,144.16423,Sistema
2023-07-21T06:00:00,141.99658,Sistema
2023-07-21T07:00:00,146.4639,Sistema
2023-07-21T08:00:00,146.58145,Sistema
2023-07-21T09:00:00,134.4176,Sistema
2023-07-21T10:00:00,133.78891,Sistema
2023-07-21T11:00:00,134.98844,Sistema
2023-07-21T12:00:00,134.37312,Sistema
2023-07-21T13:00:00,136.16256,Sistema
2023-07-21T14:00:00,140.28612,Sistema
2023-07-21T15:00:00,140.63114,Sistema
2023-07-21T16:00:00,144.12382,Sistema
2023-07-21T17:00:00,145.74325,Sistema
2023-07-21T18:00:00,156.30656,Sistema
2023-07-21T19:00:00,152.77057,Sistema
2023-07-21T20:00:00,149.29139,Sistema
2023-07-21T21:00:00,149.99123,Sistema
2023-07-21T22:00:00,160.68055,Sistema
2023-07-21T23:00:00,171.75182,Sistema
2023-07-21T24:00:00,180.46069,Sistema
2023-07-22T01:00:00,181.42845,Sistema
2023-07-22T02:00:00,185.59116,Sistema
2023-07-22T03:00:00,187.0291,Sistema
2023-07-22T04:00:00,188.93069,Sistema
2023-07-22T05:00:00,184.3258,Sistema
2023-07-22T06:00:00,179.87746,Sistema
2023-07-22T07:00:00,176.0255,Sistema
2023-07-22T08:00:00,166.49104,Sistema
2023-07-22T09:00:00,157.69799,Sistema
2023-07-22T10:00:00,151.22667,Sistema
2023-07-22T11:00:00,146.87364,Sistema
2023-07-22T12:00:00,146.6334,Sistema
2023-07-22T13:00:00,151.78661,Sistema
2023-07-22T14:00:00,154.83539,Sistema
2023-07-22T15:00:00,158.45051,Sistema
2023-07-22T16:00:00,161.75371,Sistema
2023-07-22T17:00:00,165.32595,Sistema
2023-07-22T18:00:00,165.89823,Sistema
2023-07-22T19:00:00,150.78645,Sistema
2023-07-22T20:00:00,150.51357,Sistema
2023-07-22T21:00:00,156.8321,Sistema
2023-07-22T22:00:00,165.45402,Sistema
2023-07-22T23:00:00,174.4983,Sistema
2023-07-22T24:00:00,184.26635,Sistema
2023-07-23T01:00:00,186.55466,Sistema
2023-07-23T02:00:00,192.62503,Sistema
2023-07-23T03:00:00,192.12813,Sistema
2023-07-23T04:00:00,185.46072,Sistema
2023-07-23T05:00:00,183.70999,Sistema
2023-07-23T06:00:00,173.93283,Sistema
2023-07-23T07:00:00,164.36542,Sistema
2023-07-23T08:00:00,127.66751,Sistema
2023-07-23T09:00:00,106.8373,Sistema
2023-07-23T10:00:00,105.66389,Sistema
2023-07-23T11:00:00,113.37291,Sistema
2023-07-23T12:00:00,119.38874,Sistema
2023-07-23T13:00:00,123.39948,Sistema
2023-07-23T14:00:00,121.46441,Sistema
2023-07-23T15:00:00,111.84526,Sistema
2023-07-23T16:00:00,109.6333,Sistema
2023-07-23T17:00:00,108.3391,Sistema
2023-07-23T18:00:00,123.08867,Sistema
2023-07-23T19:00:00,120.91098,Sistema
2023-07-23T20:00:00,122.62611,Sistema
2023-07-23T21:00:00,126.91607,Sistema
2023-07-23T22:00:00,132.67733,Sistema
2023-07-23T23:00:00,137.05311,Sistema
2023-07-23T24:00:00,138.593,Sistema
2023-07-24T01:00:00,153.33737,Sistema
2023-07-24T02:00:00,167.6221,Sistema
2023-07-24T03:00:00,180.7309,Sistema
2023-07-24T04:00:00,184.58224,Sistema
2023-07-24T05:00:00,172.81917,Sistema
2023-07-24T06:00:00,170.4104,Sistema
2023-07-24T07:00:00,177.82218,Sistema
2023-07-24T08:00:00,167.75386,Sistema
2023-07-24T09:00:00,157.29048,Sistema
2023-07-24T10:00:00,152.74064,Sistema
2023-07-24T11:00:00,148.3828,Sistema
2023-07-24T12:00:00,154.63927,Sistema
2023-07-24T13:00:00,162.66213,Sistema
2023-07-24T14:00:00,164.08707,Sistema
2023-07-24T15:00:00,163.36237,Sistema
2023-07-24T16:00:00,166.27673,Sistema
2023-07-24T17:00:00,166.41525,Sistema
2023-07-24T18:00:00,171.17861,Sistema
2023-07-24T19:00:00,158.85182,Sistema
2023-07-24T20:00:00,149.58991,Sistema
2023-07-24T21:00:00,150.75423,Sistema
2023-07-24T22:00:00,159.47892,Sistema
2023-07-24T23:00:00,176.16031,Sistema
2023-07-24T24:00:00,190.72837,Sistema
2023-07-25T01:00:00,193.16395,Sistema
2023-07-25T02:00:00,194.24331,Sistema
2023-07-25T03:00:00,200.14421,Sistema
2023-07-25T04:00:00,195.26115,Sistema
2023-07-25T05:00:00,190.8567,Sistema
2023-07-25T06:00:00,185.85842,Sistema
2023-07-25T07:00:00,185.35208,Sistema
2023-07-25T08:00:00,169.5124,Sistema
2023-07-25T09:00:00,162.90794,Sistema
2023-07-25T10:00:00,165.90651,Sistema
2023-07-25T11:00:00,169.77876,Sistema
2023-07-25T12:00:00,169.29884,Sistema
2023-07-25T13:00:00,174.7207,Sistema
2023-07-25T14:00:00,176.7377,Sistema
2023-07-25T15:00:00,171.89135,Sistema
2023-07-25T16:00:00,171.25272,Sistema
2023-07-25T17:00:00,174.09104,Sistema
2023-07-25T18:00:00,183.58596,Sistema
2023-07-25T19:00:00,178.58762,Sistema
2023-07-25T20:00:00,168.19095,Sistema
2023-07-25T21:00:00,172.10986,Sistema
2023-07-25T22:00:00,186.97102,Sistema
2023-07-25T23:00:00,201.42349,Sistema
2023-07-25T24:00:00,206.04672,Sistema
2023-07-26T01:00:00,200.39801,Sistema
2023-07-26T02:00:00,192.76873,Sistema
2023-07-26T03:00:00,174.28822,Sistema
2023-07-26T04:00:00,167.74177,Sistema
2023-07-26T05:00:00,167.20335,Sistema
2023-07-26T06:00:00,174.88904,Sistema
2023-07-26T07:00:00,181.44487,Sistema
2023-07-26T08:00:00,178.85347,Sistema
2023-07-26T09:00:00,181.7226,Sistema
2023-07-26T10:00:00,187.73069,Sistema
2023-07-26T11:00:00,185.42432,Sistema
2023-07-26T12:00:00,185.55239,Sistema
2023-07-26T13:00:00,189.23566,Sistema
2023-07-26T14:00:00,186.60659,Sistema
2023-07-26T15:00:00,181.55409,Sistema
2023-07-26T16:00:00,181.72914,Sistema
2023-07-26T17:00:00,187.00976,Sistema
2023-07-26T18:00:00,199.83952,Sistema
2023-07-26T19:00:00,194.68589,Sistema
2023-07-26T20:00:00,183.07019,Sistema
2023-07-26T21:00:00,184.46305,Sistema
2023-07-26T22:00:00,193.68801,Sistema
2023-07-26T23:00:00,191.26989,Sistema
2023-07-26T24:00:00,182.64162,Sistema
2023-07-27T01:00:00,196.42299,Sistema
2023-07-27T02:00:00,204.32315,Sistema
2023-07-27T03:00:00,215.19551,Sistema
2023-07-27T04:00:00,211.75391,Sistema
2023-07-27T05:00:00,207.03714,Sistema
2023-07-27T06:00:00,201.43952,Sistema
2023-07-27T07:00:00,201.26788,Sistema
2023-07-27T08:00:00,197.0526,Sistema
2023-07-27T09:00:00,190.70557,Sistema
2023-07-27T10:00:00,185.75316,Sistema
2023-07-27T11:00:00,185.01226,Sistema
2023-07-27T12:00:00,186.78966,Sistema
2023-07-27T13:00:00,189.57079,Sistema
2023-07-27T14:00:00,189.2224,Sistema
2023-07-27T15:00:00,186.07115,Sistema
2023-07-27T16:00:00,185.99812,Sistema
2023-07-27T17:00:00,188.74101,Sistema
2023-07-27T18:00:00,195.45353,Sistema
2023-07-27T19:00:00,188.14817,Sistema
2023-07-27T20:00:00,176.15389,Sistema
2023-07-27T21:00:00,180.28133,Sistema
2023-07-27T22:00:00,185.50617,Sistema
2023-07-27T23:00:00,195.30459,Sistema
2023-07-27T24:00:00,217.77616,Sistema
2023-07-28T01:00:00,202.63069,Sistema
2023-07-28T02:00:00,188.63957,Sistema
2023-07-28T03:00:00,183.8691,Sistema
2023-07-28T04:00:00,169.36779,Sistema
2023-07-28T05:00:00,174.12914,Sistema
2023-07-28T06:00:00,172.19501,Sistema
2023-07-28T07:00:00,178.31424,Sistema
2023-07-28T08:00:00,192.81515,Sistema
2023-07-28T09:00:00,192.78632,Sistema
2023-07-28T10:00:00,187.12443,Sistema
2023-07-28T11:00:00,175.526,Sistema
2023-07-28T12:00:00,172.70686,Sistema
2023-07-28T13:00:00,172.19204,Sistema
2023-07-28T14:00:00,171.46493,Sistema
2023-07-28T15:00:00,169.28354,Sistema
2023-07-28T16:00:00,171.29662,Sistema
2023-07-28T17:00:00,174.91645,Sistema
2023-07-28T18:00:00,180.22552,Sistema
2023-07-28T19:00:00,176.0659,Sistema
2023-07-28T20:00:00,167.90079,Sistema
2023-07-28T21:00:00,171.46323,Sistema
2023-07-28T22:00:00,177.64972,Sistema
2023-07-28T23:00:00,189.05782,Sistema
2023-07-28T24:00:00,207.39299,Sistema
2023-07-29T01:00:00,192.04025,Sistema
2023-07-29T02:00:00,177.73013,Sistema
2023-07-29T03:00:00,175.69153,Sistema
2023-07-29T04:00:00,174.93306,Sistema
2023-07-29T05:00:00,168.66723,Sistema
2023-07-29T06:00:00,165.22642,Sistema
2023-07-29T07:00:00,161.10218,Sistema
2023-07-29T08:00:00,163.02008,Sistema
2023-07-29T09:00:00,162.76904,Sistema
2023-07-29T10:00:00,155.5485,Sistema
2023-07-29T11:00:00,158.09456,Sistema
2023-07-29T12:00:00,160.65819,Sistema
2023-07-29T13:00:00,160.50189,Sistema
2023-07-29T14:00:00,165.46689,Sistema
2023-07-29T15:00:00,168.73709,Sistema
2023-07-29T16:00:00,170.17343,Sistema
2023-07-29T17:00:00,173.00185,Sistema
2023-07-29T18:00:00,176.78585,Sistema
2023-07-29T19:00:00,169.14675,Sistema
2023-07-29T20:00:00,158.72234,Sistema
2023-07-29T21:00:00,161.55621,Sistema
2023-07-29T22:00:00,169.99243,Sistema
2023-07-29T23:00:00,173.50231,Sistema
2023-07-29T24:00:00,181.13128,Sistema
2023-07-30T01:00:00,186.73884,Sistema
2023-07-30T02:00:00,180.45538,Sistema
2023-07-30T03:00:00,164.31721,Sistema
2023-07-30T04:00:00,156.08334,Sistema
2023-07-30T05:00:00,162.83164,Sistema
2023-07-30T06:00:00,172.90853,Sistema
2023-07-30T07:00:00,182.53098,Sistema
2023-07-30T08:00:00,181.41319,Sistema
2023-07-30T09:00:00,179.66606,Sistema
2023-07-30T10:00:00,188.62883,Sistema
2023-07-30T11:00:00,186.83673,Sistema
2023-07-30T12:00:00,176.8016,Sistema
2023-07-30T13:00:00,175.06846,Sistema
2023-07-30T14:00:00,175.3599,Sistema
2023-07-30T15:00:00,178.74258,Sistema
2023-07-30T16:00:00,183.494,Sistema
2023-07-30T17:00:00,190.02851,Sistema
2023-07-30T18:00:00,192.62259,Sistema
2023-07-30T19:00:00,180.92375,Sistema
2023-07-30T20:00:00,172.15492,Sistema
2023-07-30T21:00:00,174.23202,Sistema
2023-07-30T22:00:00,177.66686,Sistema
2023-07-30T23:00:00,190.96538,Sistema
2023-07-30T24:00:00,199.8606,Sistema
2023-07-31T01:00:00,205.48568,Sistema
2023-07-31T02:00:00,196.87372,Sistema
2023-07-31T03:00:00,195.53679,Sistema
2023-07-31T04:00:00,193.955,Sistema
2023-07-31T05:00:00,188.87627,Sistema
2023-07-31T06:00:00,182.49509,Sistema
2023-07-31T07:00:00,181.46517,Sistema
2023-07-31T08:00:00,176.27752,Sistema
2023-07-31T09:00:00,179.86956,Sistema
2023-07-31T10:00:00,180.58551,Sistema
2023-07-31T11:00:00,180.73643,Sistema
2023-07-31T12:00:00,182.28878,Sistema
2023-07-31T13:00:00,187.83528,Sistema
2023-07-31T14:00:00,186.94969,Sistema
2023-07-31T15:00:00,186.88887,Sistema
2023-07-31T16:00:00,188.0189,Sistema
2023-07-31T17:00:00,193.32041,Sistema
2023-07-31T18:00:00,200.49737,Sistema
2023-07-31T19:00:00,193.82288,Sistema
2023-07-31T20:00:00,189.92179,Sistema
2023-07-31T21:00:00,189.44512,Sistema
2023-07-31T22:00:00,197.93104,Sistema
2023-07-31T23:00:00,204.32004,Sistema
2023-07-31T24:00:00,190.53655,Sistema
2023-08-01T01:00:00,197.27718,Sistema
2023-08-01T02:00:00,200.04594,Sistema
2023-08-01T03:00:00,195.414,Sistema
2023-08-01T04:00:00,196.94381,Sistema
2023-08-01T05:00:00,193.62751,Sistema
2023-08-01T06:00:00,188.04709,Sistema
2023-08-01T07:00:00,190.93918,Sistema
2023-08-01T08:00:00,192.94743,Sistema
2023-08-01T09:00:00,198.92105,Sistema
2023-08-01T10:00:00,198.24791,Sistema
2023-08-01T11:00:00,191.75563,Sistema
2023-08-01T12:00:00,190.41987,Sistema
2023-08-01T13:00:00,193.74337,Sistema
2023-08-01T14:00:00,188.28345,Sistema
2023-08-01T15:00:00,185.99455,Sistema
2023-08-01T16:00:00,189.49246,Sistema
2023-08-01T17:00:00,197.31191,Sistema
2023-08-01T18:00:00,204.08853,Sistema
2023-08-01T19:00:00,192.68476,Sistema
2023-08-01T20:00:00,182.41846,Sistema
2023-08-01T21:00:00,187.0061,Sistema
2023-08-01T22:00:00,196.75859,Sistema
2023-08-01T23:00:00,199.49031,Sistema
2023-08-01T24:00:00,211.41151,Sistema
2023-08-02T01:00:00,217.61001,Sistema
2023-08-02T02:00:00,218.63278,Sistema
2023-08-02T03:00:00,216.91605,Sistema
2023-08-02T04:00:00,215.42048,Sistema
2023-08-02T05:00:00,216.42036,Sistema
2023-08-02T06:00:00,206.74721,Sistema
2023-08-02T07:00:00,206.87925,Sistema
2023-08-02T08:00:00,210.14917,Sistema
2023-08-02T09:00:00,211.11816,Sistema
2023-08-02T10:00:00,211.74719,Sistema
2023-08-02T11:00:00,203.38891,Sistema
2023-08-02T12:00:00,197.58594,Sistema
2023-08-02T13:00:00,199.61047,Sistema
2023-08-02T14:00:00,199.60527,Sistema
2023-08-02T15:00:00,195.53927,Sistema
2023-08-02T16:00:00,196.01169,Sistema
2023-08-02T17:00:00,197.91803,Sistema
2023-08-02T18:00:00,208.77976,Sistema
2023-08-02T19:00:00,196.86886,Sistema
2023-08-02T20:00:00,190.69583,Sistema
2023-08-02T21:00:00,196.07522,Sistema
2023-08-02T22:00:00,206.89306,Sistema
2023-08-02T23:00:00,220.63799,Sistema
2023-08-02T24:00:00,226.39133,Sistema
2023-08-03T01:00:00,219.21883,Sistema
2023-08-03T02:00:00,210.85576,Sistema
2023-08-03T03:00:00,212.66841,Sistema
2023-08-03T04:00:00,216.40412,Sistema
2023-08-03T05:00:00,209.83823,Sistema
2023-08-03T06:00:00,200.36785,Sistema
2023-08-03T07:00:00,203.10923,Sistema
2023-08-03T08:00:00,198.05897,Sistema
2023-08-03T09:00:00,198.86602,Sistema
2023-08-03T10:00:00,198.56803,Sistema
2023-08-03T11:00:00,194.85698,Sistema
2023-08-03T12:00:00,189.31272,Sistema
2023-08-03T13:00:00,195.28247,Sistema
2023-08-03T14:00:00,191.61503,Sistema
2023-08-03T15:00:00,186.86993,Sistema
2023-08-03T16:00:00,185.91244,Sistema
2023-08-03T17:00:00,183.26086,Sistema
2023-08-03T18:00:00,191.28701,Sistema
2023-08-03T19:00:00,188.98534,Sistema
2023-08-03T20:00:00,186.03263,Sistema
2023-08-03T21:00:00,188.90611,Sistema
2023-08-03T22:00:00,198.20243,Sistema
2023-08-03T23:00:00,211.12567,Sistema
2023-08-03T24:00:00,215.22644,Sistema
2023-08-04T01:00:00,207.25686,Sistema
2023-08-04T02:00:00,206.10566,Sistema
2023-08-04T03:00:00,205.41868,Sistema
2023-08-04T04:00:00,200.93735,Sistema
2023-08-04T05:00:00,200.34184,Sistema
2023-08-04T06:00:00,197.73174,Sistema
2023-08-04T07:00:00,194.0552,Sistema
2023-08-04T08:00:00,188.99805,Sistema
2023-08-04T09:00:00,185.99626,Sistema
2023-08-04T10:00:00,189.00723,Sistema
2023-08-04T11:00:00,184.07637,Sistema
2023-08-04T12:00:00,178.60388,Sistema
2023-08-04T13:00:00,178.17556,Sistema
2023-08-04T14:00:00,176.51714,Sistema
2023-08-04T15:00:00,176.44375,Sistema
2023-08-04T16:00:00,177.73855,Sistema
2023-08-04T17:00:00,180.73868,Sistema
2023-08-04T18:00:00,183.51738,Sistema
2023-08-04T19:00:00,179.21445,Sistema
2023-08-04T20:00:00,177.79761,Sistema
2023-08-04T21:00:00,183.30305,Sistema
2023-08-04T22:00:00,191.05315,Sistema
2023-08-04T23:00:00,202.98359,Sistema
2023-08-04T24:00:00,207.78599,Sistema
2023-08-05T01:00:00,214.16246,Sistema
2023-08-05T02:00:00,218.2241,Sistema
2023-08-05T03:00:00,219.79908,Sistema
2023-08-05T04:00:00,220.58355,Sistema
2023-08-05T05:00:00,216.60187,Sistema
2023-08-05T06:00:00,216.04926,Sistema
2023-08-05T07:00:00,212.68021,Sistema
2023-08-05T08:00:00,200.17513,Sistema
2023-08-05T09:00:00,196.08518,Sistema
2023-08-05T10:00:00,193.60769,Sistema
2023-08-05T11:00:00,187.31342,Sistema
2023-08-05T12:00:00,183.4261,Sistema
2023-08-05T13:00:00,184.7192,Sistema
2023-08-05T14:00:00,186.43619,Sistema
2023-08-05T15:00:00,188.08016,Sistema
2023-08-05T16:00:00,192.1867,Sistema
2023-08-05T17:00:00,198.02085,Sistema
2023-08-05T18:00:00,207.33242,Sistema
2023-08-05T19:00:00,201.46156,Sistema
2023-08-05T20:00:00,200.19972,Sistema
2023-08-05T21:00:00,202.61831,Sistema
2023-08-05T22:00:00,204.45715,Sistema
2023-08-05T23:00:00,216.2365,Sistema
2023-08-05T24:00:00,229.44194,Sistema
2023-08-06T01:00:00,231.47488,Sistema
2023-08-06T02:00:00,242.86171,Sistema
2023-08-06T03:00:00,251.13125,Sistema
2023-08-06T04:00:00,256.50131,Sistema
2023-08-06T05:00:00,252.15909,Sistema
2023-08-06T06:00:00,252.58384,Sistema
2023-08-06T07:00:00,259.54798,Sistema
2023-08-06T08:00:00,245.684,Sistema
2023-08-06T09:00:00,238.72055,Sistema
2023-08-06T10:00:00,240.3992,Sistema
2023-08-06T11:00:00,231.39846,Sistema
2023-08-06T12:00:00,224.81625,Sistema
2023-08-06T13:00:00,220.39071,Sistema
2023-08-06T14:00:00,219.25951,Sistema
2023-08-06T15:00:00,221.29217,Sistema
2023-08-06T16:00:00,222.29225,Sistema
2023-08-06T17:00:00,227.45816,Sistema
2023-08-06T18:00:00,230.05839,Sistema
2023-08-06T19:00:00,214.74389,Sistema
2023-08-06T20:00:00,207.28004,Sistema
2023-08-06T21:00:00,209.74789,Sistema
2023-08-06T22:00:00,216.6377,Sistema
2023-08-06T23:00:00,226.49288,Sistema
2023-08-06T24:00:00,232.87228,Sistema
2023-08-07T01:00:00,223.63263,Sistema
2023-08-07T02:00:00,195.38044,Sistema
2023-08-07T03:00:00,183.68168,Sistema
2023-08-07T04:00:00,186.64094,Sistema
2023-08-07T05:00:00,187.66205,Sistema
2023-08-07T06:00:00,187.01357,Sistema
2023-08-07T07:00:00,180.96509,Sistema
2023-08-07T08:00:00,180.01738,Sistema
2023-08-07T09:00:00,195.39969,Sistema
2023-08-07T10:00:00,201.249,Sistema
2023-08-07T11:00:00,207.24322,Sistema
2023-08-07T12:00:00,211.43597,Sistema
2023-08-07T13:00:00,214.2778,Sistema
2023-08-07T14:00:00,215.4591,Sistema
2023-08-07T15:00:00,217.81819,Sistema
2023-08-07T16:00:00,223.45026,Sistema
2023-08-07T17:00:00,228.19815,Sistema
2023-08-07T18:00:00,229.73476,Sistema
2023-08-07T19:00:00,211.20538,Sistema
2023-08-07T20:00:00,209.96743,Sistema
2023-08-07T21:00:00,213.53084,Sistema
2023-08-07T22:00:00,218.81111,Sistema
2023-08-07T23:00:00,224.81435,Sistema
2023-08-07T24:00:00,230.44713,Sistema
2023-08-08T01:00:00,243.41376,Sistema
2023-08-08T02:00:00,247.07017,Sistema
2023-08-08T03:00:00,252.58352,Sistema
2023-08-08T04:00:00,252.479,Sistema
2023-08-08T05:00:00,248.38233,Sistema
2023-08-08T06:00:00,243.864,Sistema
2023-08-08T07:00:00,239.483,Sistema
2023-08-08T08:00:00,226.58527,Sistema
2023-08-08T09:00:00,216.41222,Sistema
2023-08-08T10:00:00,206.87621,Sistema
2023-08-08T11:00:00,200.44215,Sistema
2023-08-08T12:00:00,194.44111,Sistema
2023-08-08T13:00:00,195.83393,Sistema
2023-08-08T14:00:00,192.20667,Sistema
2023-08-08T15:00:00,188.77902,Sistema
2023-08-08T16:00:00,186.03716,Sistema
2023-08-08T17:00:00,179.78221,Sistema
2023-08-08T18:00:00,185.40231,Sistema
2023-08-08T19:00:00,179.81738,Sistema
2023-08-08T20:00:00,174.92553,Sistema
2023-08-08T21:00:00,175.37554,Sistema
2023-08-08T22:00:00,171.40537,Sistema
2023-08-08T23:00:00,181.52988,Sistema
2023-08-08T24:00:00,193.63021,Sistema
2023-08-09T01:00:00,197.06234,Sistema
2023-08-09T02:00:00,197.55446,Sistema
2023-08-09T03:00:00,202.24002,Sistema
2023-08-09T04:00:00,204.40465,Sistema
2023-08-09T05:00:00,200.49591,Sistema
2023-08-09T06:00:00,188.18911,Sistema
2023-08-09T07:00:00,187.58582,Sistema
2023-08-09T08:00:00,166.30281,Sistema
2023-08-09T09:00:00,156.5707,Sistema
2023-08-09T10:00:00,149.49333,Sistema
2023-08-09T11:00:00,143.57557,Sistema
2023-08-09T12:00:00,140.47586,Sistema
2023-08-09T13:00:00,141.54763,Sistema
2023-08-09T14:00:00,143.70357,Sistema
2023-08-09T15:00:00,143.18514,Sistema
2023-08-09T16:00:00,146.23809,Sistema
2023-08-09T17:00:00,149.52074,Sistema
2023-08-09T18:00:00,147.93717,Sistema
2023-08-09T19:00:00,144.05358,Sistema
2023-08-09T20:00:00,146.89718,Sistema
2023-08-09T21:00:00,151.81713,Sistema
2023-08-09T22:00:00,163.98709,Sistema
2023-08-09T23:00:00,177.87553,Sistema
2023-08-09T24:00:00,190.97175,Sistema
2023-08-10T01:00:00,192.08164,Sistema
2023-08-10T02:00:00,190.85909,Sistema
2023-08-10T03:00:00,193.38343,Sistema
2023-08-10T04:00:00,194.57445,Sistema
2023-08-10T05:00:00,191.11421,Sistema
2023-08-10T06:00:00,184.48752,Sistema
2023-08-10T07:00:00,181.6388,Sistema
2023-08-10T08:00:00,169.43742,Sistema
2023-08-10T09:00:00,164.92062,Sistema
2023-08-10T10:00:00,161.43427,Sistema
2023-08-10T11:00:00,156.8628,Sistema
2023-08-10T12:00:00,152.99305,Sistema
2023-08-10T13:00:00,152.69367,Sistema
2023-08-10T14:00:00,152.5753,Sistema
2023-08-10T15:00:00,150.85426,Sistema
2023-08-10T16:00:00,151.18835,Sistema
2023-08-10T17:00:00,155.24256,Sistema
2023-08-10T18:00:00,157.44335,Sistema
2023-08-10T19:00:00,148.9885,Sistema
2023-08-10T20:00:00,147.69324,Sistema
2023-08-10T21:00:00,153.42445,Sistema
2023-08-10T22:00:00,161.82987,Sistema
2023-08-10T23:00:00,175.84047,Sistema
2023-08-10T24:00:00,188.99817,Sistema
2023-08-11T01:00:00,196.69601,Sistema
2023-08-11T02:00:00,201.52277,Sistema
2023-08-11T03:00:00,204.69932,Sistema
2023-08-11T04:00:00,208.06874,Sistema
2023-08-11T05:00:00,204.40477,Sistema
2023-08-11T06:00:00,199.78753,Sistema
2023-08-11T07:00:00,198.13201,Sistema
2023-08-11T08:00:00,191.02474,Sistema
2023-08-11T09:00:00,188.74316,Sistema
2023-08-11T10:00:00,184.78462,Sistema
2023-08-11T11:00:00,181.14406,Sistema
2023-08-11T12:00:00,175.84392,Sistema
2023-08-11T13:00:00,183.7104,Sistema
2023-08-11T14:00:00,188.68615,Sistema
2023-08-11T15:00:00,188.03329,Sistema
2023-08-11T16:00:00,188.45745,Sistema
2023-08-11T17:00:00,191.26286,Sistema
2023-08-11T18:00:00,197.29954,Sistema
2023-08-11T19:00:00,191.86272,Sistema
2023-08-11T20:00:00,191.19274,Sistema
2023-08-11T21:00:00,197.59381,Sistema
2023-08-11T22:00:00,199.22234,Sistema
2023-08-11T23:00:00,210.83993,Sistema
2023-08-11T24:00:00,224.11584,Sistema
2023-08-12T01:00:00,236.60973,Sistema
2023-08-12T02:00:00,246.75932,Sistema
2023-08-12T03:00:00,258.55333,Sistema
2023-08-12T04:00:00,262.9499,Sistema
2023-08-12T05:00:00,255.89976,Sistema
2023-08-12T06:00:00,251.41138,Sistema
2023-08-12T07:00:00,245.39124,Sistema
2023-08-12T08:00:00,231.21997,Sistema
2023-08-12T09:00:00,215.74879,Sistema
2023-08-12T10:00:00,206.71603,Sistema
2023-08-12T11:00:00,199.83623,Sistema
2023-08-12T12:00:00,195.3685,Sistema
2023-08-12T13:00:00,198.1705,Sistema
2023-08-12T14:00:00,203.04391,Sistema
2023-08-12T15:00:00,205.10527,Sistema
2023-08-12T16:00:00,210.49299,Sistema
2023-08-12T17:00:00,215.08932,Sistema
2023-08-12T18:00:00,217.81079,Sistema
2023-08-12T19:00:00,211.47392,Sistema
2023-08-12T20:00:00,208.83667,Sistema
2023-08-12T21:00:00,215.42348,Sistema
2023-08-12T22:00:00,221.52926,Sistema
2023-08-12T23:00:00,229.47624,Sistema
2023-08-12T24:00:00,239.39458,Sistema
2023-08-13T01:00:00,251.69425,Sistema
2023-08-13T02:00:00,257.87617,Sistema
2023-08-13T03:00:00,256.81857,Sistema
2023-08-13T04:00:00,256.65791,Sistema
2023-08-13T05:00:00,250.6327,Sistema
2023-08-13T06:00:00,252.11055,Sistema
2023-08-13T07:00:00,259.33161,Sistema
2023-08-13T08:00:00,250.40406,Sistema
2023-08-13T09:00:00,236.76723,Sistema
2023-08-13T10:00:00,234.29574,Sistema
2023-08-13T11:00:00,231.78481,Sistema
2023-08-13T12:00:00,215.03999,Sistema
2023-08-13T13:00:00,212.61683,Sistema
2023-08-13T14:00:00,208.65703,Sistema
2023-08-13T15:00:00,214.69596,Sistema
2023-08-13T16:00:00,222.86229,Sistema
2023-08-13T17:00:00,231.88025,Sistema
2023-08-13T18:00:00,236.40604,Sistema
2023-08-13T19:00:00,225.35082,Sistema
2023-08-13T20:00:00,220.18322,Sistema
2023-08-13T21:00:00,219.52087,Sistema
2023-08-13T22:00:00,223.00058,Sistema
2023-08-13T23:00:00,233.9925,Sistema
2023-08-13T24:00:00,246.5961,Sistema
2023-08-14T01:00:00,240.86116,Sistema
2023-08-14T02:00:00,210.51,Sistema
2023-08-14T03:00:00,199.03142,Sistema
2023-08-14T04:00:00,212.84593,Sistema
2023-08-14T05:00:00,218.01969,Sistema
2023-08-14T06:00:00,223.64226,Sistema
2023-08-14T07:00:00,226.90418,Sistema
2023-08-14T08:00:00,201.21401,Sistema
2023-08-14T09:00:00,189.90083,Sistema
2023-08-14T10:00:00,192.0758,Sistema
2023-08-14T11:00:00,187.36435,Sistema
2023-08-14T12:00:00,190.88877,Sistema
2023-08-14T13:00:00,198.16649,Sistema
2023-08-14T14:00:00,196.6707,Sistema
2023-08-14T15:00:00,195.22038,Sistema
2023-08-14T16:00:00,197.614,Sistema
2023-08-14T17:00:00,204.59433,Sistema
2023-08-14T18:00:00,214.18333,Sistema
2023-08-14T19:00:00,213.46045,Sistema
2023-08-14T20:00:00,200.85506,Sistema
2023-08-14T21:00:00,202.58744,Sistema
2023-08-14T22:00:00,212.20169,Sistema
2023-08-14T23:00:00,224.40491,Sistema
2023-08-14T24:00:00,236.17743,Sistema
2023-08-15T01:00:00,253.07216,Sistema
2023-08-15T02:00:00,255.18083,Sistema
2023-08-15T03:00:00,263.70002,Sistema
2023-08-15T04:00:00,251.12088,Sistema
2023-08-15T05:00:00,250.32169,Sistema
2023-08-15T06:00:00,232.12738,Sistema
2023-08-15T07:00:00,239.14254,Sistema
2023-08-15T08:00:00,226.41785,Sistema
2023-08-15T09:00:00,220.31885,Sistema
2023-08-15T10:00:00,209.8989,Sistema
2023-08-15T11:00:00,199.74511,Sistema
2023-08-15T12:00:00,197.47626,Sistema
2023-08-15T13:00:00,199.8737,Sistema
2023-08-15T14:00:00,196.5959,Sistema
2023-08-15T15:00:00,196.32884,Sistema
2023-08-15T16:00:00,198.08968,Sistema
2023-08-15T17:00:00,204.31388,Sistema
2023-08-15T18:00:00,220.34953,Sistema
2023-08-15T19:00:00,211.88202,Sistema
2023-08-15T20:00:00,205.92345,Sistema
2023-08-15T21:00:00,208.76235,Sistema
2023-08-15T22:00:00,217.87924,Sistema
2023-08-15T23:00:00,232.4191,Sistema
2023-08-15T24:00:00,246.70076,Sistema
2023-08-16T01:00:00,265.88606,Sistema
2023-08-16T02:00:00,258.98888,Sistema
2023-08-16T03:00:00,256.02045,Sistema
2023-08-16T04:00:00,248.40898,Sistema
2023-08-16T05:00:00,250.93861,Sistema
2023-08-16T06:00:00,258.96668,Sistema
2023-08-16T07:00:00,262.52788,Sistema
2023-08-16T08:00:00,248.50684,Sistema
2023-08-16T09:00:00,234.19761,Sistema
2023-08-16T10:00:00,226.45928,Sistema
2023-08-16T11:00:00,223.12082,Sistema
2023-08-16T12:00:00,218.27494,Sistema
2023-08-16T13:00:00,223.96583,Sistema
2023-08-16T14:00:00,218.65681,Sistema
2023-08-16T15:00:00,215.06163,Sistema
2023-08-16T16:00:00,218.07234,Sistema
2023-08-16T17:00:00,221.30247,Sistema
2023-08-16T18:00:00,232.38747,Sistema
2023-08-16T19:00:00,226.40797,Sistema
2023-08-16T20:00:00,219.59118,Sistema
2023-08-16T21:00:00,225.06731,Sistema
2023-08-16T22:00:00,232.56529,Sistema
2023-08-16T23:00:00,249.64167,Sistema
2023-08-16T24:00:00,262.71053,Sistema
2023-08-17T01:00:00,247.58272,Sistema
2023-08-17T02:00:00,237.73372,Sistema
2023-08-17T03:00:00,231.69018,Sistema
2023-08-17T04:00:00,225.55835,Sistema
2023-08-17T05:00:00,225.8772,Sistema
2023-08-17T06:00:00,234.47572,Sistema
2023-08-17T07:00:00,237.48747,Sistema
2023-08-17T08:00:00,231.05561,Sistema
2023-08-17T09:00:00,226.01894,Sistema
2023-08-17T10:00:00,221.84657,Sistema
2023-08-17T11:00:00,219.5023,Sistema
2023-08-17T12:00:00,216.30679,Sistema
2023-08-17T13:00:00,225.56489,Sistema
2023-08-17T14:00:00,217.9947,Sistema
2023-08-17T15:00:00,211.73927,Sistema
2023-08-17T16:00:00,209.16559,Sistema
2023-08-17T17:00:00,199.09085,Sistema
2023-08-17T18:00:00,209.75815,Sistema
2023-08-17T19:00:00,203.66565,Sistema
2023-08-17T20:00:00,203.73331,Sistema
2023-08-17T21:00:00,212.04374,Sistema
2023-08-17T22:00:00,219.99181,Sistema
2023-08-17T23:00:00,237.92694,Sistema
2023-08-17T24:00:00,255.60743,Sistema
2023-08-18T01:00:00,263.27125,Sistema
2023-08-18T02:00:00,254.46927,Sistema
2023-08-18T03:00:00,260.83129,Sistema
2023-08-18T04:00:00,260.53735,Sistema
2023-08-18T05:00:00,257.88093,Sistema
2023-08-18T06:00:00,256.10991,Sistema
2023-08-18T07:00:00,252.623,Sistema
2023-08-18T08:00:00,236.93088,Sistema
2023-08-18T09:00:00,224.17702,Sistema
2023-08-18T10:00:00,206.7588,Sistema
2023-08-18T11:00:00,201.44752,Sistema
2023-08-18T12:00:00,200.67419,Sistema
2023-08-18T13:00:00,204.42561,Sistema
2023-08-18T14:00:00,201.5676,Sistema
2023-08-18T15:00:00,195.04675,Sistema
2023-08-18T16:00:00,193.83665,Sistema
2023-08-18T17:00:00,192.64955,Sistema
2023-08-18T18:00:00,200.91244,Sistema
2023-08-18T19:00:00,203.15641,Sistema
2023-08-18T20:00:00,207.49488,Sistema
2023-08-18T21:00:00,215.68225,Sistema
2023-08-18T22:00:00,226.42641,Sistema
2023-08-18T23:00:00,236.69098,Sistema
2023-08-18T24:00:00,245.49281,Sistema
2023-08-19T01:00:00,238.39045,Sistema
2023-08-19T02:00:00,232.61334,Sistema
2023-08-19T03:00:00,237.29124,Sistema
2023-08-19T04:00:00,238.51093,Sistema
2023-08-19T05:00:00,234.5422,Sistema
2023-08-19T06:00:00,234.51915,Sistema
2023-08-19T07:00:00,223.71856,Sistema
2023-08-19T08:00:00,211.65414,Sistema
2023-08-19T09:00:00,202.26509,Sistema
2023-08-19T10:00:00,197.06443,Sistema
2023-08-19T11:00:00,192.98321,Sistema
2023-08-19T12:00:00,178.71255,Sistema
2023-08-19T13:00:00,183.55343,Sistema
2023-08-19T14:00:00,192.96556,Sistema
2023-08-19T15:00:00,195.76988,Sistema
2023-08-19T16:00:00,200.45054,Sistema
2023-08-19T17:00:00,203.54978,Sistema
2023-08-19T18:00:00,205.81109,Sistema
2023-08-19T19:00:00,192.95701,Sistema
2023-08-19T20:00:00,191.07984,Sistema
2023-08-19T21:00:00,200.23165,Sistema
2023-08-19T22:00:00,207.99407,Sistema
2023-08-19T23:00:00,217.99939,Sistema
2023-08-19T24:00:00,222.54805,Sistema
2023-08-20T01:00:00,211.78081,Sistema
2023-08-20T02:00:00,201.89043,Sistema
2023-08-20T03:00:00,195.24393,Sistema
2023-08-20T04:00:00,179.71412,Sistema
2023-08-20T05:00:00,189.24184,Sistema
2023-08-20T06:00:00,203.0517,Sistema
2023-08-20T07:00:00,221.48331,Sistema
2023-08-20T08:00:00,211.31637,Sistema
2023-08-20T09:00:00,202.88307,Sistema
2023-08-20T10:00:00,198.52276,Sistema
2023-08-20T11:00:00,201.18908,Sistema
2023-08-20T12:00:00,209.08508,Sistema
2023-08-20T13:00:00,210.14958,Sistema
2023-08-20T14:00:00,210.79737,Sistema
2023-08-20T15:00:00,211.28938,Sistema
2023-08-20T16:00:00,209.12504,Sistema
2023-08-20T17:00:00,216.53687,Sistema
2023-08-20T18:00:00,222.36128,Sistema
2023-08-20T19:00:00,222.27821,Sistema
2023-08-20T20:00:00,220.2066,Sistema
2023-08-20T21:00:00,221.07047,Sistema
2023-08-20T22:00:00,211.13701,Sistema
2023-08-20T23:00:00,220.50775,Sistema
2023-08-20T24:00:00,235.29585,Sistema
2023-08-21T01:00:00,241.01132,Sistema
2023-08-21T02:00:00,236.74568,Sistema
2023-08-21T03:00:00,238.17027,Sistema
2023-08-21T04:00:00,239.68567,Sistema
2023-08-21T05:00:00,240.90543,Sistema
2023-08-21T06:00:00,244.78549,Sistema
2023-08-21T07:00:00,249.81371,Sistema
2023-08-21T08:00:00,237.42372,Sistema
2023-08-21T09:00:00,216.44138,Sistema
2023-08-21T10:00:00,194.39464,Sistema
2023-08-21T11:00:00,193.8625,Sistema
2023-08-21T12:00:00,206.78064,Sistema
2023-08-21T13:00:00,207.2493,Sistema
2023-08-21T14:00:00,206.06141,Sistema
2023-08-21T15:00:00,210.1582,Sistema
2023-08-21T16:00:00,212.93754,Sistema
2023-08-21T17:00:00,215.64839,Sistema
2023-08-21T18:00:00,216.50895,Sistema
2023-08-21T19:00:00,201.95773,Sistema
2023-08-21T20:00:00,194.67912,Sistema
2023-08-21T21:00:00,198.94455,Sistema
2023-08-21T22:00:00,206.89557,Sistema
2023-08-21T23:00:00,224.47217,Sistema
2023-08-21T24:00:00,222.2206,Sistema
2023-08-22T01:00:00,211.84251,Sistema
2023-08-22T02:00:00,195.8931,Sistema
2023-08-22T03:00:00,184.95973,Sistema
2023-08-22T04:00:00,185.9766,Sistema
2023-08-22T05:00:00,190.58253,Sistema
2023-08-22T06:00:00,198.07789,Sistema
2023-08-22T07:00:00,207.97993,Sistema
2023-08-22T08:00:00,201.22956,Sistema
2023-08-22T09:00:00,201.77408,Sistema
2023-08-22T10:00:00,195.59082,Sistema
2023-08-22T11:00:00,190.34836,Sistema
2023-08-22T12:00:00,184.89494,Sistema
2023-08-22T13:00:00,181.94914,Sistema
2023-08-22T14:00:00,182.02947,Sistema
2023-08-22T15:00:00,179.97321,Sistema
2023-08-22T16:00:00,180.97867,Sistema
2023-08-22T17:00:00,180.17166,Sistema
2023-08-22T18:00:00,185.4624,Sistema
2023-08-22T19:00:00,180.16698,Sistema
2023-08-22T20:00:00,177.9089,Sistema
2023-08-22T21:00:00,182.92994,Sistema
2023-08-22T22:00:00,185.79211,Sistema
2023-08-22T23:00:00,198.18173,Sistema
2023-08-22T24:00:00,218.3744,Sistema
2023-08-23T01:00:00,204.14489,Sistema
2023-08-23T02:00:00,192.60341,Sistema
2023-08-23T03:00:00,162.28092,Sistema
2023-08-23T04:00:00,156.99984,Sistema
2023-08-23T05:00:00,151.05278,Sistema
2023-08-23T06:00:00,139.2427,Sistema
2023-08-23T07:00:00,137.48853,Sistema
2023-08-23T08:00:00,137.14839,Sistema
2023-08-23T09:00:00,135.02609,Sistema
2023-08-23T10:00:00,138.52702,Sistema
2023-08-23T11:00:00,133.93981,Sistema
2023-08-23T12:00:00,131.93819,Sistema
2023-08-23T13:00:00,130.31893,Sistema
2023-08-23T14:00:00,129.81306,Sistema
2023-08-23T15:00:00,133.62086,Sistema
2023-08-23T16:00:00,138.17695,Sistema
2023-08-23T17:00:00,140.76477,Sistema
2023-08-23T18:00:00,153.77046,Sistema
2023-08-23T19:00:00,170.83031,Sistema
2023-08-23T20:00:00,172.19368,Sistema
2023-08-23T21:00:00,161.19606,Sistema
2023-08-23T22:00:00,148.58559,Sistema
2023-08-23T23:00:00,148.71358,Sistema
2023-08-23T24:00:00,142.02373,Sistema
2023-08-24T01:00:00,140.10014,Sistema
2023-08-24T02:00:00,139.82472,Sistema
2023-08-24T03:00:00,142.91814,Sistema
2023-08-24T04:00:00,138.61975,Sistema
2023-08-24T05:00:00,126.39155,Sistema
2023-08-24T06:00:00,119.53202,Sistema
2023-08-24T07:00:00,116.92159,Sistema
2023-08-24T08:00:00,112.44178,Sistema
2023-08-24T09:00:00,111.16165,Sistema
2023-08-24T10:00:00,111.74632,Sistema
2023-08-24T11:00:00,111.65847,Sistema
2023-08-24T12:00:00,107.62094,Sistema
2023-08-24T13:00:00,105.93296,Sistema
2023-08-24T14:00:00,105.38827,Sistema
2023-08-24T15:00:00,108.58315,Sistema
2023-08-24T16:00:00,109.98825,Sistema
2023-08-24T17:00:00,109.3289,Sistema
2023-08-24T18:00:00,113.93044,Sistema
2023-08-24T19:00:00,118.34298,Sistema
2023-08-24T20:00:00,116.27169,Sistema
2023-08-24T21:00:00,113.4173,Sistema
2023-08-24T22:00:00,113.11567,Sistema
2023-08-24T23:00:00,118.01668,Sistema
2023-08-24T24:00:00,120.17913,Sistema
2023-08-25T01:00:00,117.89052,Sistema
2023-08-25T02:00:00,120.19517,Sistema
2023-08-25T03:00:00,115.59693,Sistema
2023-08-25T04:00:00,115.86576,Sistema
2023-08-25T05:00:00,114.38483,Sistema
2023-08-25T06:00:00,115.90252,Sistema
2023-08-25T07:00:00,116.32088,Sistema
2023-08-25T08:00:00,112.47334,Sistema
2023-08-25T09:00:00,105.45007,Sistema
2023-08-25T10:00:00,105.02315,Sistema
2023-08-25T11:00:00,106.78055,Sistema
2023-08-25T12:00:00,107.30301,Sistema
2023-08-25T13:00:00,108.7337,Sistema
2023-08-25T14:00:00,107.92913,Sistema
2023-08-25T15:00:00,118.20121,Sistema
2023-08-25T16:00:00,121.68165,Sistema
2023-08-25T17:00:00,116.99799,Sistema
2023-08-25T18:00:00,125.89498,Sistema
2023-08-25T19:00:00,121.80909,Sistema
2023-08-25T20:00:00,117.01292,Sistema
2023-08-25T21:00:00,116.87365,Sistema
2023-08-25T22:00:00,116.56502,Sistema
2023-08-25T23:00:00,121.84225,Sistema
2023-08-25T24:00:00,119.09555,Sistema
2023-08-26T01:00:00,117.52035,Sistema
2023-08-26T02:00:00,120.28648,Sistema
2023-08-26T03:00:00,124.14195,Sistema
2023-08-26T04:00:00,122.33778,Sistema
2023-08-26T05:00:00,122.89109,Sistema
2023-08-26T06:00:00,124.18127,Sistema
2023-08-26T07:00:00,126.98222,Sistema
2023-08-26T08:00:00,119.49949,Sistema
2023-08-26T09:00:00,115.45344,Sistema
2023-08-26T10:00:00,115.43078,Sistema
2023-08-26T11:00:00,116.16127,Sistema
2023-08-26T12:00:00,109.79209,Sistema
2023-08-26T13:00:00,104.97372,Sistema
2023-08-26T14:00:00,107.33434,Sistema
2023-08-26T15:00:00,106.91407,Sistema
2023-08-26T16:00:00,114.35473,Sistema
2023-08-26T17:00:00,119.23251,Sistema
2023-08-26T18:00:00,125.41489,Sistema
2023-08-26T19:00:00,118.43618,Sistema
2023-08-26T20:00:00,116.66029,Sistema
2023-08-26T21:00:00,118.53964,Sistema
2023-08-26T22:00:00,103.47145,Sistema
2023-08-26T23:00:00,106.97662,Sistema
2023-08-26T24:00:00,105.16734,Sistema
2023-08-27T01:00:00,110.31304,Sistema
2023-08-27T02:00:00,103.51738,Sistema
2023-08-27T03:00:00,110.0507,Sistema
2023-08-27T04:00:00,109.76864,Sistema
2023-08-27T05:00:00,109.85364,Sistema
2023-08-27T06:00:00,108.71036,Sistema
2023-08-27T07:00:00,111.8792,Sistema
2023-08-27T08:00:00,106.83342,Sistema
2023-08-27T09:00:00,108.32682,Sistema
2023-08-27T10:00:00,111.47125,Sistema
2023-08-27T11:00:00,110.69758,Sistema
2023-08-27T12:00:00,107.18663,Sistema
2023-08-27T13:00:00,105.97653,Sistema
2023-08-27T14:00:00,108.84072,Sistema
2023-08-27T15:00:00,105.15124,Sistema
2023-08-27T16:00:00,104.72254,Sistema
2023-08-27T17:00:00,105.72417,Sistema
2023-08-27T18:00:00,110.45209,Sistema
2023-08-27T19:00:00,108.36136,Sistema
2023-08-27T20:00:00,104.74683,Sistema
2023-08-27T21:00:00,109.1522,Sistema
2023-08-27T22:00:00,104.30694,Sistema
2023-08-27T23:00:00,117.87056,Sistema
2023-08-27T24:00:00,123.58908,Sistema
2023-08-28T01:00:00,124.41864,Sistema
2023-08-28T02:00:00,125.31946,Sistema
2023-08-28T03:00:00,123.35752,Sistema
2023-08-28T04:00:00,123.79336,Sistema
2023-08-28T05:00:00,118.91484,Sistema
2023-08-28T06:00:00,115.44861,Sistema
2023-08-28T07:00:00,115.61561,Sistema
2023-08-28T08:00:00,113.07142,Sistema
2023-08-28T09:00:00,110.66382,Sistema
2023-08-28T10:00:00,111.56325,Sistema
2023-08-28T11:00:00,114.34517,Sistema
2023-08-28T12:00:00,117.153,Sistema
2023-08-28T13:00:00,123.25024,Sistema
2023-08-28T14:00:00,123.121,Sistema
2023-08-28T15:00:00,123.17667,Sistema
2023-08-28T16:00:00,123.09351,Sistema
2023-08-28T17:00:00,126.06514,Sistema
2023-08-28T18:00:00,130.46456,Sistema
2023-08-28T19:00:00,127.8992,Sistema
2023-08-28T20:00:00,127.71349,Sistema
2023-08-28T21:00:00,124.21268,Sistema
2023-08-28T22:00:00,127.24515,Sistema
2023-08-28T23:00:00,138.74409,Sistema
2023-08-28T24:00:00,144.97481,Sistema
2023-08-29T01:00:00,150.17046,Sistema
2023-08-29T02:00:00,150.29999,Sistema
2023-08-29T03:00:00,151.78003,Sistema
2023-08-29T04:00:00,153.86739,Sistema
2023-08-29T05:00:00,152.84266,Sistema
2023-08-29T06:00:00,133.59857,Sistema
2023-08-29T07:00:00,126.33492,Sistema
2023-08-29T08:00:00,119.70658,Sistema
2023-08-29T09:00:00,119.48789,Sistema
2023-08-29T10:00:00,118.53773,Sistema
2023-08-29T11:00:00,118.21305,Sistema
2023-08-29T12:00:00,123.87334,Sistema
2023-08-29T13:00:00,129.83215,Sistema
2023-08-29T14:00:00,130.82754,Sistema
2023-08-29T15:00:00,129.13329,Sistema
2023-08-29T16:00:00,127.43717,Sistema
2023-08-29T17:00:00,133.131,Sistema
2023-08-29T18:00:00,135.36714,Sistema
2023-08-29T19:00:00,131.99737,Sistema
2023-08-29T20:00:00,135.44275,Sistema
2023-08-29T21:00:00,142.68399,Sistema
2023-08-29T22:00:00,153.81021,Sistema
2023-08-29T23:00:00,164.06002,Sistema
2023-08-29T24:00:00,176.77561,Sistema
2023-08-30T01:00:00,185.07331,Sistema
2023-08-30T02:00:00,192.13361,Sistema
2023-08-30T03:00:00,202.87429,Sistema
2023-08-30T04:00:00,215.48748,Sistema
2023-08-30T05:00:00,212.52406,Sistema
2023-08-30T06:00:00,202.82704,Sistema
2023-08-30T07:00:00,193.76466,Sistema
2023-08-30T08:00:00,179.65828,Sistema
2023-08-30T09:00:00,170.1818,Sistema
2023-08-30T10:00:00,167.96753,Sistema
2023-08-30T11:00:00,162.03002,Sistema
2023-08-30T12:00:00,162.47583,Sistema
2023-08-30T13:00:00,159.2539,Sistema
2023-08-30T14:00:00,157.90419,Sistema
2023-08-30T15:00:00,155.42,Sistema
2023-08-30T16:00:00,145.37002,Sistema
2023-08-30T17:00:00,148.49887,Sistema
2023-08-30T18:00:00,155.83541,Sistema
2023-08-30T19:00:00,156.50896,Sistema
2023-08-30T20:00:00,152.87687,Sistema
2023-08-30T21:00:00,155.89687,Sistema
2023-08-30T22:00:00,167.30094,Sistema
2023-08-30T23:00:00,180.96866,Sistema
2023-08-30T24:00:00,197.65908,Sistema
2023-08-31T01:00:00,198.42963,Sistema
2023-08-31T02:00:00,207.82705,Sistema
2023-08-31T03:00:00,214.18813,Sistema
2023-08-31T04:00:00,219.82056,Sistema
2023-08-31T05:00:00,220.38642,Sistema
2023-08-31T06:00:00,212.89545,Sistema
2023-08-31T07:00:00,209.21902,Sistema
2023-08-31T08:00:00,197.5792,Sistema
2023-08-31T09:00:00,187.76947,Sistema
2023-08-31T10:00:00,184.91122,Sistema
2023-08-31T11:00:00,181.6694,Sistema
2023-08-31T12:00:00,177.30028,Sistema
2023-08-31T13:00:00,180.51946,Sistema
2023-08-31T14:00:00,180.50783,Sistema
2023-08-31T15:00:00,177.25245,Sistema
2023-08-31T16:00:00,179.99203,Sistema
2023-08-31T17:00:00,185.03648,Sistema
2023-08-31T18:00:00,193.69307,Sistema
2023-08-31T19:00:00,189.01453,Sistema
2023-08-31T20:00:00,187.38522,Sistema
2023-08-31T21:00:00,191.89461,Sistema
2023-08-31T22:00:00,198.04024,Sistema
2023-08-31T23:00:00,204.96706,Sistema
2023-08-31T24:00:00,234.98879,Sistema
2023-09-01T01:00:00,238.16238,Sistema
2023-09-01T02:00:00,241.48268,Sistema
2023-09-01T03:00:00,248.05722,Sistema
2023-09-01T04:00:00,252.3778,Sistema
2023-09-01T05:00:00,250.44899,Sistema
2023-09-01T06:00:00,243.9418,Sistema
2023-09-01T07:00:00,244.70141,Sistema
2023-09-01T08:00:00,240.22208,Sistema
2023-09-01T09:00:00,227.20383,Sistema
2023-09-01T10:00:00,218.83298,Sistema
2023-09-01T11:00:00,210.25273,Sistema
2023-09-01T12:00:00,194.06194,Sistema
2023-09-01T13:00:00,201.00509,Sistema
2023-09-01T14:00:00,200.53514,Sistema
2023-09-01T15:00:00,195.2932,Sistema
2023-09-01T16:00:00,195.59567,Sistema
2023-09-01T17:00:00,196.82709,Sistema
2023-09-01T18:00:00,204.37281,Sistema
2023-09-01T19:00:00,205.70574,Sistema
2023-09-01T20:00:00,208.59985,Sistema
2023-09-01T21:00:00,214.43107,Sistema
2023-09-01T22:00:00,214.90821,Sistema
2023-09-01T23:00:00,222.89447,Sistema
2023-09-01T24:00:00,237.12662,Sistema
2023-09-02T01:00:00,242.50651,Sistema
2023-09-02T02:00:00,248.12161,Sistema
2023-09-02T03:00:00,249.59252,Sistema
2023-09-02T04:00:00,252.67176,Sistema
2023-09-02T05:00:00,253.90118,Sistema
2023-09-02T06:00:00,255.52071,Sistema
2023-09-02T07:00:00,253.81179,Sistema
2023-09-02T08:00:00,242.6277,Sistema
2023-09-02T09:00:00,229.63541,Sistema
2023-09-02T10:00:00,218.42653,Sistema
2023-09-02T11:00:00,210.25102,Sistema
2023-09-02T12:00:00,208.36863,Sistema
2023-09-02T13:00:00,211.18981,Sistema
2023-09-02T14:00:00,214.88363,Sistema
2023-09-02T15:00:00,223.23128,Sistema
2023-09-02T16:00:00,225.31857,Sistema
2023-09-02T17:00:00,231.4549,Sistema
2023-09-02T18:00:00,227.56875,Sistema
2023-09-02T19:00:00,214.1648,Sistema
2023-09-02T20:00:00,214.08877,Sistema
2023-09-02T21:00:00,218.15458,Sistema
2023-09-02T22:00:00,222.60818,Sistema
2023-09-02T23:00:00,226.26797,Sistema
2023-09-02T24:00:00,237.87589,Sistema
2023-09-03T01:00:00,251.69325,Sistema
2023-09-03T02:00:00,259.20549,Sistema
2023-09-03T03:00:00,271.07739,Sistema
2023-09-03T04:00:00,285.72224,Sistema
2023-09-03T05:00:00,290.13697,Sistema
2023-09-03T06:00:00,294.81723,Sistema
2023-09-03T07:00:00,301.92689,Sistema
2023-09-03T08:00:00,285.98282,Sistema
2023-09-03T09:00:00,270.67093,Sistema
2023-09-03T10:00:00,258.26617,Sistema
2023-09-03T11:00:00,248.57099,Sistema
2023-09-03T12:00:00,242.65441,Sistema
2023-09-03T13:00:00,244.13377,Sistema
2023-09-03T14:00:00,248.50291,Sistema
2023-09-03T15:00:00,254.56801,Sistema
2023-09-03T16:00:00,250.36152,Sistema
2023-09-03T17:00:00,249.45013,Sistema
2023-09-03T18:00:00,261.76797,Sistema
2023-09-03T19:00:00,240.67047,Sistema
2023-09-03T20:00:00,228.23094,Sistema
2023-09-03T21:00:00,231.91297,Sistema
2023-09-03T22:00:00,241.54945,Sistema
2023-09-03T23:00:00,251.05436,Sistema
2023-09-03T24:00:00,263.19028,Sistema
2023-09-04T01:00:00,279.10855,Sistema
2023-09-04T02:00:00,287.60199,Sistema
2023-09-04T03:00:00,291.50806,Sistema
2023-09-04T04:00:00,289.83327,Sistema
2023-09-04T05:00:00,282.08405,Sistema
2023-09-04T06:00:00,260.60019,Sistema
2023-09-04T07:00:00,253.81993,Sistema
2023-09-04T08:00:00,235.84348,Sistema
2023-09-04T09:00:00,226.65832,Sistema
2023-09-04T10:00:00,225.94479,Sistema
2023-09-04T11:00:00,214.97589,Sistema
2023-09-04T12:00:00,204.47371,Sistema
2023-09-04T13:00:00,201.45312,Sistema
2023-09-04T14:00:00,196.90302,Sistema
2023-09-04T15:00:00,194.7502,Sistema
2023-09-04T16:00:00,195.20642,Sistema
2023-09-04T17:00:00,198.45046,Sistema
2023-09-04T18:00:00,206.07887,Sistema
2023-09-04T19:00:00,203.30656,Sistema
2023-09-04T20:00:00,204.77176,Sistema
2023-09-04T21:00:00,205.59484,Sistema
2023-09-04T22:00:00,209.3079,Sistema
2023-09-04T23:00:00,223.01002,Sistema
2023-09-04T24:00:00,244.21941,Sistema
2023-09-05T01:00:00,266.98113,Sistema
2023-09-05T02:00:00,279.07865,Sistema
2023-09-05T03:00:00,287.05237,Sistema
2023-09-05T04:00:00,292.4724,Sistema
2023-09-05T05:00:00,292.66557,Sistema
2023-09-05T06:00:00,279.65749,Sistema
2023-09-05T07:00:00,282.57233,Sistema
2023-09-05T08:00:00,268.60151,Sistema
2023-09-05T09:00:00,255.41456,Sistema
2023-09-05T10:00:00,242.49844,Sistema
2023-09-05T11:00:00,233.1754,Sistema
2023-09-05T12:00:00,226.13153,Sistema
2023-09-05T13:00:00,220.63832,Sistema
2023-09-05T14:00:00,212.772,Sistema
2023-09-05T15:00:00,209.48642,Sistema
2023-09-05T16:00:00,211.51258,Sistema
2023-09-05T17:00:00,215.76454,Sistema
2023-09-05T18:00:00,229.87933,Sistema
2023-09-05T19:00:00,219.88142,Sistema
2023-09-05T20:00:00,212.64885,Sistema
2023-09-05T21:00:00,217.34179,Sistema
2023-09-05T22:00:00,228.27117,Sistema
2023-09-05T23:00:00,236.15314,Sistema
2023-09-05T24:00:00,255.41663,Sistema
2023-09-06T01:00:00,277.72035,Sistema
2023-09-06T02:00:00,287.01034,Sistema
2023-09-06T03:00:00,294.71663,Sistema
2023-09-06T04:00:00,298.69252,Sistema
2023-09-06T05:00:00,293.00229,Sistema
2023-09-06T06:00:00,278.92817,Sistema
2023-09-06T07:00:00,274.24144,Sistema
2023-09-06T08:00:00,259.92827,Sistema
2023-09-06T09:00:00,245.41572,Sistema
2023-09-06T10:00:00,230.31165,Sistema
2023-09-06T11:00:00,215.29486,Sistema
2023-09-06T12:00:00,201.87639,Sistema
2023-09-06T13:00:00,203.30238,Sistema
2023-09-06T14:00:00,198.87445,Sistema
2023-09-06T15:00:00,194.44342,Sistema
2023-09-06T16:00:00,194.54797,Sistema
2023-09-06T17:00:00,197.88383,Sistema
2023-09-06T18:00:00,209.92097,Sistema
2023-09-06T19:00:00,207.66667,Sistema
2023-09-06T20:00:00,205.07562,Sistema
2023-09-06T21:00:00,207.74354,Sistema
2023-09-06T22:00:00,218.9058,Sistema
2023-09-06T23:00:00,233.56367,Sistema
2023-09-06T24:00:00,253.49261,Sistema
2023-09-07T01:00:00,257.43614,Sistema
2023-09-07T02:00:00,266.28733,Sistema
2023-09-07T03:00:00,279.95438,Sistema
2023-09-07T04:00:00,288.55934,Sistema
2023-09-07T05:00:00,285.5462,Sistema
2023-09-07T06:00:00,270.43781,Sistema
2023-09-07T07:00:00,264.62686,Sistema
2023-09-07T08:00:00,249.39985,Sistema
2023-09-07T09:00:00,233.26782,Sistema
2023-09-07T10:00:00,227.3798,Sistema
2023-09-07T11:00:00,226.80866,Sistema
2023-09-07T12:00:00,226.48891,Sistema
2023-09-07T13:00:00,228.56452,Sistema
2023-09-07T14:00:00,224.96231,Sistema
2023-09-07T15:00:00,220.90373,Sistema
2023-09-07T16:00:00,221.77349,Sistema
2023-09-07T17:00:00,225.90826,Sistema
2023-09-07T18:00:00,232.683,Sistema
2023-09-07T19:00:00,223.70045,Sistema
2023-09-07T20:00:00,224.65128,Sistema
2023-09-07T21:00:00,230.86501,Sistema
2023-09-07T22:00:00,242.64787,Sistema
2023-09-07T23:00:00,250.99664,Sistema
2023-09-07T24:00:00,265.05417,Sistema
2023-09-08T01:00:00,281.58951,Sistema
2023-09-08T02:00:00,287.73112,Sistema
2023-09-08T03:00:00,295.66688,Sistema
2023-09-08T04:00:00,298.782,Sistema
2023-09-08T05:00:00,296.19133,Sistema
2023-09-08T06:00:00,283.17015,Sistema
2023-09-08T07:00:00,276.9072,Sistema
2023-09-08T08:00:00,259.04743,Sistema
2023-09-08T09:00:00,242.73266,Sistema
2023-09-08T10:00:00,235.78517,Sistema
2023-09-08T11:00:00,231.16017,Sistema
2023-09-08T12:00:00,225.28159,Sistema
2023-09-08T13:00:00,225.79906,Sistema
2023-09-08T14:00:00,222.34139,Sistema
2023-09-08T15:00:00,217.41194,Sistema
2023-09-08T16:00:00,217.32395,Sistema
2023-09-08T17:00:00,220.11675,Sistema
2023-09-08T18:00:00,229.3497,Sistema
2023-09-08T19:00:00,220.82641,Sistema
2023-09-08T20:00:00,220.85062,Sistema
2023-09-08T21:00:00,223.98579,Sistema
2023-09-08T22:00:00,234.49096,Sistema
2023-09-08T23:00:00,248.20071,Sistema
2023-09-08T24:00:00,259.38136,Sistema
2023-09-09T01:00:00,265.52117,Sistema
2023-09-09T02:00:00,273.95447,Sistema
2023-09-09T03:00:00,280.55662,Sistema
2023-09-09T04:00:00,279.08117,Sistema
2023-09-09T05:00:00,278.85364,Sistema
2023-09-09T06:00:00,276.50821,Sistema
2023-09-09T07:00:00,274.11914,Sistema
2023-09-09T08:00:00,257.01717,Sistema
2023-09-09T09:00:00,242.36463,Sistema
2023-09-09T10:00:00,239.84272,Sistema
2023-09-09T11:00:00,228.69581,Sistema
2023-09-09T12:00:00,224.88702,Sistema
2023-09-09T13:00:00,230.10888,Sistema
2023-09-09T14:00:00,235.42014,Sistema
2023-09-09T15:00:00,242.89873,Sistema
2023-09-09T16:00:00,244.34665,Sistema
2023-09-09T17:00:00,248.93515,Sistema
2023-09-09T18:00:00,246.22218,Sistema
2023-09-09T19:00:00,230.88082,Sistema
2023-09-09T20:00:00,236.19824,Sistema
2023-09-09T21:00:00,243.11113,Sistema
2023-09-09T22:00:00,254.49425,Sistema
2023-09-09T23:00:00,266.24723,Sistema
2023-09-09T24:00:00,280.1462,Sistema
2023-09-10T01:00:00,273.40751,Sistema
2023-09-10T02:00:00,281.03445,Sistema
2023-09-10T03:00:00,291.44691,Sistema
2023-09-10T04:00:00,308.97717,Sistema
2023-09-10T05:00:00,310.20486,Sistema
2023-09-10T06:00:00,314.44727,Sistema
2023-09-10T07:00:00,332.73843,Sistema
2023-09-10T08:00:00,328.24573,Sistema
2023-09-10T09:00:00,312.23106,Sistema
2023-09-10T10:00:00,296.07255,Sistema
2023-09-10T11:00:00,283.57619,Sistema
2023-09-10T12:00:00,269.1148,Sistema
2023-09-10T13:00:00,264.92129,Sistema
2023-09-10T14:00:00,264.96082,Sistema
2023-09-10T15:00:00,267.98812,Sistema
2023-09-10T16:00:00,269.74224,Sistema
2023-09-10T17:00:00,277.15278,Sistema
2023-09-10T18:00:00,279.83009,Sistema
2023-09-10T19:00:00,257.47999,Sistema
2023-09-10T20:00:00,246.8021,Sistema
2023-09-10T21:00:00,248.13773,Sistema
2023-09-10T22:00:00,256.65162,Sistema
2023-09-10T23:00:00,267.98482,Sistema
2023-09-10T24:00:00,287.53671,Sistema
2023-09-11T01:00:00,298.89082,Sistema
2023-09-11T02:00:00,315.26375,Sistema
2023-09-11T03:00:00,321.15676,Sistema
2023-09-11T04:00:00,331.35038,Sistema
2023-09-11T05:00:00,323.74861,Sistema
2023-09-11T06:00:00,305.4321,Sistema
2023-09-11T07:00:00,297.78749,Sistema
2023-09-11T08:00:00,274.28383,Sistema
2023-09-11T09:00:00,245.25448,Sistema
2023-09-11T10:00:00,237.0902,Sistema
2023-09-11T11:00:00,228.68816,Sistema
2023-09-11T12:00:00,221.4425,Sistema
2023-09-11T13:00:00,222.25716,Sistema
2023-09-11T14:00:00,216.86612,Sistema
2023-09-11T15:00:00,212.07042,Sistema
2023-09-11T16:00:00,213.08387,Sistema
2023-09-11T17:00:00,219.55765,Sistema
2023-09-11T18:00:00,231.12214,Sistema
2023-09-11T19:00:00,221.77131,Sistema
2023-09-11T20:00:00,217.75101,Sistema
2023-09-11T21:00:00,215.64615,Sistema
2023-09-11T22:00:00,221.4596,Sistema
2023-09-11T23:00:00,236.60095,Sistema
2023-09-11T24:00:00,255.97727,Sistema
2023-09-12T01:00:00,266.4566,Sistema
2023-09-12T02:00:00,277.78083,Sistema
2023-09-12T03:00:00,291.20074,Sistema
2023-09-12T04:00:00,303.90097,Sistema
2023-09-12T05:00:00,296.73069,Sistema
2023-09-12T06:00:00,281.31085,Sistema
2023-09-12T07:00:00,281.47516,Sistema
2023-09-12T08:00:00,267.04496,Sistema
2023-09-12T09:00:00,246.08713,Sistema
2023-09-12T10:00:00,237.27723,Sistema
2023-09-12T11:00:00,229.72344,Sistema
2023-09-12T12:00:00,224.10768,Sistema
2023-09-12T13:00:00,226.13641,Sistema
2023-09-12T14:00:00,221.3919,Sistema
2023-09-12T15:00:00,217.18284,Sistema
2023-09-12T16:00:00,215.3669,Sistema
2023-09-12T17:00:00,219.6991,Sistema
2023-09-12T18:00:00,229.529,Sistema
2023-09-12T19:00:00,219.8719,Sistema
2023-09-12T20:00:00,217.51455,Sistema
2023-09-12T21:00:00,221.55146,Sistema
2023-09-12T22:00:00,231.52211,Sistema
2023-09-12T23:00:00,247.34354,Sistema
2023-09-12T24:00:00,265.0932,Sistema
2023-09-13T01:00:00,280.25313,Sistema
2023-09-13T02:00:00,282.04725,Sistema
2023-09-13T03:00:00,289.03133,Sistema
2023-09-13T04:00:00,296.67775,Sistema
2023-09-13T05:00:00,291.8511,Sistema
2023-09-13T06:00:00,280.92157,Sistema
2023-09-13T07:00:00,267.69041,Sistema
2023-09-13T08:00:00,253.88778,Sistema
2023-09-13T09:00:00,244.27551,Sistema
2023-09-13T10:00:00,236.76017,Sistema
2023-09-13T11:00:00,231.46649,Sistema
2023-09-13T12:00:00,225.1692,Sistema
2023-09-13T13:00:00,225.79319,Sistema
2023-09-13T14:00:00,221.92199,Sistema
2023-09-13T15:00:00,216.98693,Sistema
2023-09-13T16:00:00,215.67965,Sistema
2023-09-13T17:00:00,220.52442,Sistema
2023-09-13T18:00:00,228.39562,Sistema
2023-09-13T19:00:00,219.99918,Sistema
2023-09-13T20:00:00,217.12218,Sistema
2023-09-13T21:00:00,220.15413,Sistema
2023-09-13T22:00:00,228.37774,Sistema
2023-09-13T23:00:00,238.69558,Sistema
2023-09-13T24:00:00,260.12037,Sistema
2023-09-14T01:00:00,269.27119,Sistema
2023-09-14T02:00:00,283.59101,Sistema
2023-09-14T03:00:00,293.99162,Sistema
2023-09-14T04:00:00,296.70426,Sistema
2023-09-14T05:00:00,290.90379,Sistema
2023-09-14T06:00:00,278.07925,Sistema
2023-09-14T07:00:00,272.99512,Sistema
2023-09-14T08:00:00,263.41953,Sistema
2023-09-14T09:00:00,252.59307,Sistema
2023-09-14T10:00:00,244.76015,Sistema
2023-09-14T11:00:00,238.10489,Sistema
2023-09-14T12:00:00,229.70171,Sistema
2023-09-14T13:00:00,230.50964,Sistema
2023-09-14T14:00:00,228.60432,Sistema
2023-09-14T15:00:00,223.41856,Sistema
2023-09-14T16:00:00,222.94371,Sistema
2023-09-14T17:00:00,226.33127,Sistema
2023-09-14T18:00:00,233.94917,Sistema
2023-09-14T19:00:00,220.54349,Sistema
2023-09-14T20:00:00,224.03151,Sistema
2023-09-14T21:00:00,225.47107,Sistema
2023-09-14T22:00:00,233.70426,Sistema
2023-09-14T23:00:00,248.86948,Sistema
2023-09-14T24:00:00,268.47741,Sistema
2023-09-15T01:00:00,285.51107,Sistema
2023-09-15T02:00:00,298.10322,Sistema
2023-09-15T03:00:00,309.02008,Sistema
2023-09-15T04:00:00,319.29261,Sistema
2023-09-15T05:00:00,316.55668,Sistema
2023-09-15T06:00:00,289.92839,Sistema
2023-09-15T07:00:00,284.52573,Sistema
2023-09-15T08:00:00,272.0981,Sistema
2023-09-15T09:00:00,253.53016,Sistema
2023-09-15T10:00:00,236.1959,Sistema
2023-09-15T11:00:00,230.7429,Sistema
2023-09-15T12:00:00,227.46494,Sistema
2023-09-15T13:00:00,231.43985,Sistema
2023-09-15T14:00:00,228.97516,Sistema
2023-09-15T15:00:00,226.33277,Sistema
2023-09-15T16:00:00,228.8169,Sistema
2023-09-15T17:00:00,231.07318,Sistema
2023-09-15T18:00:00,235.73984,Sistema
2023-09-15T19:00:00,226.06078,Sistema
2023-09-15T20:00:00,227.0921,Sistema
2023-09-15T21:00:00,232.2096,Sistema
2023-09-15T22:00:00,244.69461,Sistema
2023-09-15T23:00:00,258.8646,Sistema
2023-09-15T24:00:00,280.60294,Sistema
2023-09-16T01:00:00,289.30468,Sistema
2023-09-16T02:00:00,300.26935,Sistema
2023-09-16T03:00:00,312.12038,Sistema
2023-09-16T04:00:00,318.55544,Sistema
2023-09-16T05:00:00,319.11333,Sistema
2023-09-16T06:00:00,319.21167,Sistema
2023-09-16T07:00:00,310.61502,Sistema
2023-09-16T08:00:00,289.9899,Sistema
2023-09-16T09:00:00,266.57214,Sistema
2023-09-16T10:00:00,250.50268,Sistema
2023-09-16T11:00:00,239.50832,Sistema
2023-09-16T12:00:00,234.53148,Sistema
2023-09-16T13:00:00,235.06388,Sistema
2023-09-16T14:00:00,239.80913,Sistema
2023-09-16T15:00:00,243.98626,Sistema
2023-09-16T16:00:00,249.51487,Sistema
2023-09-16T17:00:00,249.99215,Sistema
2023-09-16T18:00:00,250.87936,Sistema
2023-09-16T19:00:00,233.38516,Sistema
2023-09-16T20:00:00,233.93795,Sistema
2023-09-16T21:00:00,240.58006,Sistema
2023-09-16T22:00:00,253.96297,Sistema
2023-09-16T23:00:00,267.44425,Sistema
2023-09-16T24:00:00,286.52087,Sistema
2023-09-17T01:00:00,292.20969,Sistema
2023-09-17T02:00:00,290.59991,Sistema
2023-09-17T03:00:00,288.16377,Sistema
2023-09-17T04:00:00,294.30919,Sistema
2023-09-17T05:00:00,299.99196,Sistema
2023-09-17T06:00:00,298.2869,Sistema
2023-09-17T07:00:00,307.8203,Sistema
2023-09-17T08:00:00,301.93089,Sistema
2023-09-17T09:00:00,297.26589,Sistema
2023-09-17T10:00:00,283.93264,Sistema
2023-09-17T11:00:00,280.99961,Sistema
2023-09-17T12:00:00,274.88866,Sistema
2023-09-17T13:00:00,261.11561,Sistema
2023-09-17T14:00:00,261.89743,Sistema
2023-09-17T15:00:00,265.1306,Sistema
2023-09-17T16:00:00,265.86814,Sistema
2023-09-17T17:00:00,261.65483,Sistema
2023-09-17T18:00:00,258.03422,Sistema
2023-09-17T19:00:00,238.80287,Sistema
2023-09-17T20:00:00,237.77181,Sistema
2023-09-17T21:00:00,240.10691,Sistema
2023-09-17T22:00:00,246.84267,Sistema
2023-09-17T23:00:00,261.6327,Sistema
2023-09-17T24:00:00,270.55046,Sistema
2023-09-18T01:00:00,285.97878,Sistema
2023-09-18T02:00:00,296.89014,Sistema
2023-09-18T03:00:00,305.89883,Sistema
2023-09-18T04:00:00,307.46278,Sistema
2023-09-18T05:00:00,301.18187,Sistema
2023-09-18T06:00:00,286.10842,Sistema
2023-09-18T07:00:00,271.54231,Sistema
2023-09-18T08:00:00,255.39419,Sistema
2023-09-18T09:00:00,247.92804,Sistema
2023-09-18T10:00:00,239.81741,Sistema
2023-09-18T11:00:00,231.98379,Sistema
2023-09-18T12:00:00,226.57247,Sistema
2023-09-18T13:00:00,224.59196,Sistema
2023-09-18T14:00:00,222.86002,Sistema
2023-09-18T15:00:00,225.30211,Sistema
2023-09-18T16:00:00,227.0988,Sistema
2023-09-18T17:00:00,233.20647,Sistema
2023-09-18T18:00:00,237.14561,Sistema
2023-09-18T19:00:00,224.64441,Sistema
2023-09-18T20:00:00,225.5828,Sistema
2023-09-18T21:00:00,229.85196,Sistema
2023-09-18T22:00:00,242.00685,Sistema
2023-09-18T23:00:00,257.85838,Sistema
2023-09-18T24:00:00,275.95193,Sistema
2023-09-19T01:00:00,287.45889,Sistema
2023-09-19T02:00:00,292.23325,Sistema
2023-09-19T03:00:00,276.44633,Sistema
2023-09-19T04:00:00,282.51556,Sistema
2023-09-19T05:00:00,284.43474,Sistema
2023-09-19T06:00:00,271.01588,Sistema
2023-09-19T07:00:00,269.65792,Sistema
2023-09-19T08:00:00,256.36065,Sistema
2023-09-19T09:00:00,245.39781,Sistema
2023-09-19T10:00:00,241.27766,Sistema
2023-09-19T11:00:00,236.39647,Sistema
2023-09-19T12:00:00,230.27167,Sistema
2023-09-19T13:00:00,230.6554,Sistema
2023-09-19T14:00:00,230.45672,Sistema
2023-09-19T15:00:00,222.85529,Sistema
2023-09-19T16:00:00,223.99842,Sistema
2023-09-19T17:00:00,233.51792,Sistema
2023-09-19T18:00:00,228.73913,Sistema
2023-09-19T19:00:00,219.54288,Sistema
2023-09-19T20:00:00,219.41442,Sistema
2023-09-19T21:00:00,230.12584,Sistema
2023-09-19T22:00:00,242.55278,Sistema
2023-09-19T23:00:00,257.08296,Sistema
2023-09-19T24:00:00,275.55261,Sistema
2023-09-20T01:00:00,288.59231,Sistema
2023-09-20T02:00:00,299.14953,Sistema
2023-09-20T03:00:00,304.02588,Sistema
2023-09-20T04:00:00,310.042,Sistema
2023-09-20T05:00:00,304.3533,Sistema
2023-09-20T06:00:00,286.63017,Sistema
2023-09-20T07:00:00,281.86388,Sistema
2023-09-20T08:00:00,264.5019,Sistema
2023-09-20T09:00:00,250.1625,Sistema
2023-09-20T10:00:00,242.74761,Sistema
2023-09-20T11:00:00,233.24154,Sistema
2023-09-20T12:00:00,225.80289,Sistema
2023-09-20T13:00:00,226.67026,Sistema
2023-09-20T14:00:00,223.8737,Sistema
2023-09-20T15:00:00,221.74405,Sistema
2023-09-20T16:00:00,217.71045,Sistema
2023-09-20T17:00:00,215.09588,Sistema
2023-09-20T18:00:00,219.70461,Sistema
2023-09-20T19:00:00,213.28101,Sistema
2023-09-20T20:00:00,212.01372,Sistema
2023-09-20T21:00:00,225.04649,Sistema
2023-09-20T22:00:00,236.90564,Sistema
2023-09-20T23:00:00,254.32126,Sistema
2023-09-20T24:00:00,272.359,Sistema
2023-09-21T01:00:00,286.77046,Sistema
2023-09-21T02:00:00,293.68978,Sistema
2023-09-21T03:00:00,297.42768,Sistema
2023-09-21T04:00:00,300.72965,Sistema
2023-09-21T05:00:00,296.56264,Sistema
2023-09-21T06:00:00,284.84973,Sistema
2023-09-21T07:00:00,280.44169,Sistema
2023-09-21T08:00:00,262.80319,Sistema
2023-09-21T09:00:00,246.67329,Sistema
2023-09-21T10:00:00,238.29394,Sistema
2023-09-21T11:00:00,235.0463,Sistema
2023-09-21T12:00:00,226.24893,Sistema
2023-09-21T13:00:00,227.00539,Sistema
2023-09-21T14:00:00,224.35292,Sistema
2023-09-21T15:00:00,219.34699,Sistema
2023-09-21T16:00:00,218.58809,Sistema
2023-09-21T17:00:00,221.09431,Sistema
2023-09-21T18:00:00,228.36597,Sistema
2023-09-21T19:00:00,220.05868,Sistema
2023-09-21T20:00:00,222.23026,Sistema
2023-09-21T21:00:00,226.36171,Sistema
2023-09-21T22:00:00,233.46955,Sistema
2023-09-21T23:00:00,248.4689,Sistema
2023-09-21T24:00:00,255.39958,Sistema
2023-09-22T01:00:00,265.64484,Sistema
2023-09-22T02:00:00,274.66848,Sistema
2023-09-22T03:00:00,282.8725,Sistema
2023-09-22T04:00:00,286.15652,Sistema
2023-09-22T05:00:00,281.77628,Sistema
2023-09-22T06:00:00,269.57194,Sistema
2023-09-22T07:00:00,265.32891,Sistema
2023-09-22T08:00:00,250.23702,Sistema
2023-09-22T09:00:00,237.30818,Sistema
2023-09-22T10:00:00,228.3691,Sistema
2023-09-22T11:00:00,212.14308,Sistema
2023-09-22T12:00:00,201.98976,Sistema
2023-09-22T13:00:00,201.98244,Sistema
2023-09-22T14:00:00,200.0186,Sistema
2023-09-22T15:00:00,197.64235,Sistema
2023-09-22T16:00:00,199.30445,Sistema
2023-09-22T17:00:00,194.89655,Sistema
2023-09-22T18:00:00,207.96122,Sistema
2023-09-22T19:00:00,199.39957,Sistema
2023-09-22T20:00:00,197.9191,Sistema
2023-09-22T21:00:00,201.06794,Sistema
2023-09-22T22:00:00,204.49241,Sistema
2023-09-22T23:00:00,221.39208,Sistema
2023-09-22T24:00:00,235.91796,Sistema
2023-09-23T01:00:00,250.88554,Sistema
2023-09-23T02:00:00,263.63066,Sistema
2023-09-23T03:00:00,280.73775,Sistema
2023-09-23T04:00:00,286.86505,Sistema
2023-09-23T05:00:00,287.44679,Sistema
2023-09-23T06:00:00,287.19678,Sistema
2023-09-23T07:00:00,283.70985,Sistema
2023-09-23T08:00:00,264.43908,Sistema
2023-09-23T09:00:00,252.69033,Sistema
2023-09-23T10:00:00,241.16353,Sistema
2023-09-23T11:00:00,228.73827,Sistema
2023-09-23T12:00:00,228.25128,Sistema
2023-09-23T13:00:00,228.20525,Sistema
2023-09-23T14:00:00,228.51603,Sistema
2023-09-23T15:00:00,234.16056,Sistema
2023-09-23T16:00:00,241.97593,Sistema
2023-09-23T17:00:00,245.59549,Sistema
2023-09-23T18:00:00,246.76093,Sistema
2023-09-23T19:00:00,233.86003,Sistema
2023-09-23T20:00:00,236.37265,Sistema
2023-09-23T21:00:00,244.18022,Sistema
2023-09-23T22:00:00,254.10111,Sistema
2023-09-23T23:00:00,265.59096,Sistema
2023-09-23T24:00:00,278.55753,Sistema
2023-09-24T01:00:00,290.45291,Sistema
2023-09-24T02:00:00,300.61887,Sistema
2023-09-24T03:00:00,309.67664,Sistema
2023-09-24T04:00:00,323.64847,Sistema
2023-09-24T05:00:00,326.05908,Sistema
2023-09-24T06:00:00,325.61753,Sistema
2023-09-24T07:00:00,329.87637,Sistema
2023-09-24T08:00:00,314.97258,Sistema
2023-09-24T09:00:00,306.44915,Sistema
2023-09-24T10:00:00,296.07805,Sistema
2023-09-24T11:00:00,286.04895,Sistema
2023-09-24T12:00:00,278.48271,Sistema
2023-09-24T13:00:00,276.03245,Sistema
2023-09-24T14:00:00,266.53742,Sistema
2023-09-24T15:00:00,268.77044,Sistema
2023-09-24T16:00:00,276.91139,Sistema
2023-09-24T17:00:00,278.79464,Sistema
2023-09-24T18:00:00,276.87952,Sistema
2023-09-24T19:00:00,255.05786,Sistema
2023-09-24T20:00:00,249.39026,Sistema
2023-09-24T21:00:00,251.04793,Sistema
2023-09-24T22:00:00,247.65288,Sistema
2023-09-24T23:00:00,263.34675,Sistema
2023-09-24T24:00:00,276.47836,Sistema
2023-09-25T01:00:00,293.56593,Sistema
2023-09-25T02:00:00,296.84728,Sistema
2023-09-25T03:00:00,297.36425,Sistema
2023-09-25T04:00:00,300.53311,Sistema
2023-09-25T05:00:00,293.5353,Sistema
2023-09-25T06:00:00,264.38595,Sistema
2023-09-25T07:00:00,254.72024,Sistema
2023-09-25T08:00:00,238.70981,Sistema
2023-09-25T09:00:00,226.16077,Sistema
2023-09-25T10:00:00,219.03677,Sistema
2023-09-25T11:00:00,212.36436,Sistema
2023-09-25T12:00:00,207.24883,Sistema
2023-09-25T13:00:00,206.92854,Sistema
2023-09-25T14:00:00,197.29667,Sistema
2023-09-25T15:00:00,192.59771,Sistema
2023-09-25T16:00:00,193.09206,Sistema
2023-09-25T17:00:00,197.2992,Sistema
2023-09-25T18:00:00,203.30643,Sistema
2023-09-25T19:00:00,192.93148,Sistema
2023-09-25T20:00:00,191.0398,Sistema
2023-09-25T21:00:00,192.00099,Sistema
2023-09-25T22:00:00,199.1052,Sistema
2023-09-25T23:00:00,212.41226,Sistema
2023-09-25T24:00:00,225.80533,Sistema
2023-09-26T01:00:00,231.0546,Sistema
2023-09-26T02:00:00,243.93738,Sistema
2023-09-26T03:00:00,252.72822,Sistema
2023-09-26T04:00:00,257.67833,Sistema
2023-09-26T05:00:00,258.32538,Sistema
2023-09-26T06:00:00,253.94421,Sistema
2023-09-26T07:00:00,248.96845,Sistema
2023-09-26T08:00:00,236.00344,Sistema
2023-09-26T09:00:00,225.76845,Sistema
2023-09-26T10:00:00,221.18356,Sistema
2023-09-26T11:00:00,211.80366,Sistema
2023-09-26T12:00:00,204.48828,Sistema
2023-09-26T13:00:00,203.99944,Sistema
2023-09-26T14:00:00,200.61332,Sistema
2023-09-26T15:00:00,194.35066,Sistema
2023-09-26T16:00:00,191.23735,Sistema
2023-09-26T17:00:00,193.47817,Sistema
2023-09-26T18:00:00,201.9284,Sistema
2023-09-26T19:00:00,200.3833,Sistema
2023-09-26T20:00:00,201.51529,Sistema
2023-09-26T21:00:00,205.09696,Sistema
2023-09-26T22:00:00,214.6027,Sistema
2023-09-26T23:00:00,231.03499,Sistema
2023-09-26T24:00:00,246.38276,Sistema
2023-09-27T01:00:00,252.59497,Sistema
2023-09-27T02:00:00,260.49617,Sistema
2023-09-27T03:00:00,267.0073,Sistema
2023-09-27T04:00:00,269.52565,Sistema
2023-09-27T05:00:00,264.75964,Sistema
2023-09-27T06:00:00,253.9157,Sistema
2023-09-27T07:00:00,248.86737,Sistema
2023-09-27T08:00:00,236.27023,Sistema
2023-09-27T09:00:00,228.80586,Sistema
2023-09-27T10:00:00,224.91939,Sistema
2023-09-27T11:00:00,216.83586,Sistema
2023-09-27T12:00:00,211.96929,Sistema
2023-09-27T13:00:00,213.97956,Sistema
2023-09-27T14:00:00,212.0237,Sistema
2023-09-27T15:00:00,208.06082,Sistema
2023-09-27T16:00:00,210.5925,Sistema
2023-09-27T17:00:00,218.53044,Sistema
2023-09-27T18:00:00,225.31955,Sistema
2023-09-27T19:00:00,216.41757,Sistema
2023-09-27T20:00:00,216.95465,Sistema
2023-09-27T21:00:00,221.22258,Sistema
2023-09-27T22:00:00,230.39541,Sistema
2023-09-27T23:00:00,245.31575,Sistema
2023-09-27T24:00:00,262.63246,Sistema
2023-09-28T01:00:00,277.78975,Sistema
2023-09-28T02:00:00,285.6894,Sistema
2023-09-28T03:00:00,293.98047,Sistema
2023-09-28T04:00:00,298.8438,Sistema
2023-09-28T05:00:00,295.30167,Sistema
2023-09-28T06:00:00,282.19636,Sistema
2023-09-28T07:00:00,271.79192,Sistema
2023-09-28T08:00:00,254.49422,Sistema
2023-09-28T09:00:00,242.79615,Sistema
2023-09-28T10:00:00,234.92716,Sistema
2023-09-28T11:00:00,228.30797,Sistema
2023-09-28T12:00:00,222.42781,Sistema
2023-09-28T13:00:00,223.05833,Sistema
2023-09-28T14:00:00,216.62713,Sistema
2023-09-28T15:00:00,206.44911,Sistema
2023-09-28T16:00:00,206.90192,Sistema
2023-09-28T17:00:00,212.30337,Sistema
2023-09-28T18:00:00,223.542,Sistema
2023-09-28T19:00:00,218.18455,Sistema
2023-09-28T20:00:00,218.89096,Sistema
2023-09-28T21:00:00,222.98236,Sistema
2023-09-28T22:00:00,233.10183,Sistema
2023-09-28T23:00:00,251.66713,Sistema
2023-09-28T24:00:00,267.07595,Sistema
2023-09-29T01:00:00,280.93484,Sistema
2023-09-29T02:00:00,289.91319,Sistema
2023-09-29T03:00:00,296.95107,Sistema
2023-09-29T04:00:00,299.90454,Sistema
2023-09-29T05:00:00,298.078,Sistema
2023-09-29T06:00:00,286.18971,Sistema
2023-09-29T07:00:00,279.65911,Sistema
2023-09-29T08:00:00,265.3049,Sistema
2023-09-29T09:00:00,250.22105,Sistema
2023-09-29T10:00:00,240.3289,Sistema
2023-09-29T11:00:00,231.65192,Sistema
2023-09-29T12:00:00,225.17224,Sistema
2023-09-29T13:00:00,226.32536,Sistema
2023-09-29T14:00:00,223.93232,Sistema
2023-09-29T15:00:00,219.35881,Sistema
2023-09-29T16:00:00,216.74549,Sistema
2023-09-29T17:00:00,222.33861,Sistema
2023-09-29T18:00:00,231.71545,Sistema
2023-09-29T19:00:00,220.2777,Sistema
2023-09-29T20:00:00,220.83644,Sistema
2023-09-29T21:00:00,223.10772,Sistema
2023-09-29T22:00:00,232.16828,Sistema
2023-09-29T23:00:00,245.52054,Sistema
2023-09-29T24:00:00,259.92812,Sistema
2023-09-30T01:00:00,266.84924,Sistema
2023-09-30T02:00:00,264.59059,Sistema
2023-09-30T03:00:00,269.51321,Sistema
2023-09-30T04:00:00,276.38183,Sistema
2023-09-30T05:00:00,271.93368,Sistema
2023-09-30T06:00:00,273.59787,Sistema
2023-09-30T07:00:00,271.39629,Sistema
2023-09-30T08:00:00,257.0817,Sistema
2023-09-30T09:00:00,244.64661,Sistema
2023-09-30T10:00:00,236.76495,Sistema
2023-09-30T11:00:00,231.34788,Sistema
2023-09-30T12:00:00,227.43746,Sistema
2023-09-30T13:00:00,226.94298,Sistema
2023-09-30T14:00:00,228.67257,Sistema
2023-09-30T15:00:00,231.1235,Sistema
2023-09-30T16:00:00,232.40983,Sistema
2023-09-30T17:00:00,236.32464,Sistema
2023-09-30T18:00:00,235.80528,Sistema
2023-09-30T19:00:00,222.77194,Sistema
2023-09-30T20:00:00,224.39855,Sistema
2023-09-30T21:00:00,231.73896,Sistema
2023-09-30T22:00:00,240.00588,Sistema
2023-09-30T23:00:00,251.59553,Sistema
2023-09-30T24:00:00,266.40053,Sistema
2023-10-01T01:00:00,279.3855,Sistema
2023-10-01T02:00:00,287.2814,Sistema
2023-10-01T03:00:00,291.49008,Sistema
2023-10-01T04:00:00,297.32434,Sistema
2023-10-01T05:00:00,299.01092,Sistema
2023-10-01T06:00:00,307.95148,Sistema
2023-10-01T07:00:00,309.87287,Sistema
2023-10-01T08:00:00,306.32863,Sistema
2023-10-01T09:00:00,295.8406,Sistema
2023-10-01T10:00:00,285.12596,Sistema
2023-10-01T11:00:00,275.30879,Sistema
2023-10-01T12:00:00,266.39441,Sistema
2023-10-01T13:00:00,261.44111,Sistema
2023-10-01T14:00:00,262.25837,Sistema
2023-10-01T15:00:00,270.25739,Sistema
2023-10-01T16:00:00,275.87755,Sistema
2023-10-01T17:00:00,278.64622,Sistema
2023-10-01T18:00:00,275.98356,Sistema
2023-10-01T19:00:00,251.7003,Sistema
2023-10-01T20:00:00,244.90027,Sistema
2023-10-01T21:00:00,246.49443,Sistema
2023-10-01T22:00:00,253.47197,Sistema
2023-10-01T23:00:00,265.31005,Sistema
2023-10-01T24:00:00,281.77175,Sistema
2023-10-02T01:00:00,293.05864,Sistema
2023-10-02T02:00:00,297.81738,Sistema
2023-10-02T03:00:00,298.23796,Sistema
2023-10-02T04:00:00,310.3675,Sistema
2023-10-02T05:00:00,309.13561,Sistema
2023-10-02T06:00:00,295.77022,Sistema
2023-10-02T07:00:00,289.89322,Sistema
2023-10-02T08:00:00,273.88534,Sistema
2023-10-02T09:00:00,262.28794,Sistema
2023-10-02T10:00:00,251.29893,Sistema
2023-10-02T11:00:00,240.53509,Sistema
2023-10-02T12:00:00,234.42741,Sistema
2023-10-02T13:00:00,238.01424,Sistema
2023-10-02T14:00:00,235.42377,Sistema
2023-10-02T15:00:00,231.91115,Sistema
2023-10-02T16:00:00,231.92044,Sistema
2023-10-02T17:00:00,234.67417,Sistema
2023-10-02T18:00:00,240.01692,Sistema
2023-10-02T19:00:00,229.98002,Sistema
2023-10-02T20:00:00,229.17125,Sistema
2023-10-02T21:00:00,233.98003,Sistema
2023-10-02T22:00:00,244.4602,Sistema
2023-10-02T23:00:00,259.29849,Sistema
2023-10-02T24:00:00,276.91132,Sistema
2023-10-03T01:00:00,287.28358,Sistema
2023-10-03T02:00:00,293.83105,Sistema
2023-10-03T03:00:00,299.56947,Sistema
2023-10-03T04:00:00,304.35409,Sistema
2023-10-03T05:00:00,298.34803,Sistema
2023-10-03T06:00:00,282.29117,Sistema
2023-10-03T07:00:00,280.80026,Sistema
2023-10-03T08:00:00,267.6668,Sistema
2023-10-03T09:00:00,249.99232,Sistema
2023-10-03T10:00:00,245.90759,Sistema
2023-10-03T11:00:00,238.26109,Sistema
2023-10-03T12:00:00,231.98065,Sistema
2023-10-03T13:00:00,235.34432,Sistema
2023-10-03T14:00:00,230.71039,Sistema
2023-10-03T15:00:00,232.95442,Sistema
2023-10-03T16:00:00,233.24652,Sistema
2023-10-03T17:00:00,236.61273,Sistema
2023-10-03T18:00:00,241.35711,Sistema
2023-10-03T19:00:00,230.2249,Sistema
2023-10-03T20:00:00,230.13506,Sistema
2023-10-03T21:00:00,231.09524,Sistema
2023-10-03T22:00:00,240.98169,Sistema
2023-10-03T23:00:00,257.29606,Sistema
2023-10-03T24:00:00,271.49397,Sistema
2023-10-04T01:00:00,287.29836,Sistema
2023-10-04T02:00:00,295.86397,Sistema
2023-10-04T03:00:00,299.94953,Sistema
2023-10-04T04:00:00,302.00318,Sistema
2023-10-04T05:00:00,300.5672,Sistema
2023-10-04T06:00:00,289.33698,Sistema
2023-10-04T07:00:00,284.20168,Sistema
2023-10-04T08:00:00,270.01317,Sistema
2023-10-04T09:00:00,257.78679,Sistema
2023-10-04T10:00:00,253.24471,Sistema
2023-10-04T11:00:00,248.13907,Sistema
2023-10-04T12:00:00,241.10856,Sistema
2023-10-04T13:00:00,243.72621,Sistema
2023-10-04T14:00:00,240.17603,Sistema
2023-10-04T15:00:00,234.36738,Sistema
2023-10-04T16:00:00,235.57643,Sistema
2023-10-04T17:00:00,237.98835,Sistema
2023-10-04T18:00:00,241.75101,Sistema
2023-10-04T19:00:00,227.83455,Sistema
2023-10-04T20:00:00,227.0209,Sistema
2023-10-04T21:00:00,232.93764,Sistema
2023-10-04T22:00:00,245.58982,Sistema
2023-10-04T23:00:00,261.40608,Sistema
2023-10-04T24:00:00,279.05971,Sistema
2023-10-05T01:00:00,289.69257,Sistema
2023-10-05T02:00:00,301.60626,Sistema
2023-10-05T03:00:00,308.68502,Sistema
2023-10-05T04:00:00,312.01403,Sistema
2023-10-05T05:00:00,304.98255,Sistema
2023-10-05T06:00:00,296.75842,Sistema
2023-10-05T07:00:00,291.76148,Sistema
2023-10-05T08:00:00,279.19676,Sistema
2023-10-05T09:00:00,266.95787,Sistema
2023-10-05T10:00:00,257.5171,Sistema
2023-10-05T11:00:00,250.36569,Sistema
2023-10-05T12:00:00,245.0858,Sistema
2023-10-05T13:00:00,246.02734,Sistema
2023-10-05T14:00:00,238.97642,Sistema
2023-10-05T15:00:00,219.92533,Sistema
2023-10-05T16:00:00,220.08749,Sistema
2023-10-05T17:00:00,224.15873,Sistema
2023-10-05T18:00:00,227.99785,Sistema
2023-10-05T19:00:00,217.00374,Sistema
2023-10-05T20:00:00,218.2759,Sistema
2023-10-05T21:00:00,228.72538,Sistema
2023-10-05T22:00:00,247.5664,Sistema
2023-10-05T23:00:00,268.41045,Sistema
2023-10-05T24:00:00,284.23627,Sistema
2023-10-06T01:00:00,298.62921,Sistema
2023-10-06T02:00:00,308.56252,Sistema
2023-10-06T03:00:00,315.58917,Sistema
2023-10-06T04:00:00,317.78731,Sistema
2023-10-06T05:00:00,312.35023,Sistema
2023-10-06T06:00:00,303.89375,Sistema
2023-10-06T07:00:00,296.51732,Sistema
2023-10-06T08:00:00,281.87507,Sistema
2023-10-06T09:00:00,267.70105,Sistema
2023-10-06T10:00:00,260.37733,Sistema
2023-10-06T11:00:00,249.8787,Sistema
2023-10-06T12:00:00,243.87768,Sistema
2023-10-06T13:00:00,239.31424,Sistema
2023-10-06T14:00:00,235.44423,Sistema
2023-10-06T15:00:00,230.25395,Sistema
2023-10-06T16:00:00,230.4497,Sistema
2023-10-06T17:00:00,237.84237,Sistema
2023-10-06T18:00:00,242.93605,Sistema
2023-10-06T19:00:00,236.91934,Sistema
2023-10-06T20:00:00,240.09123,Sistema
2023-10-06T21:00:00,243.88792,Sistema
2023-10-06T22:00:00,250.33988,Sistema
2023-10-06T23:00:00,256.42678,Sistema
2023-10-06T24:00:00,288.0495,Sistema
2023-10-07T01:00:00,305.22307,Sistema
2023-10-07T02:00:00,314.59904,Sistema
2023-10-07T03:00:00,321.98679,Sistema
2023-10-07T04:00:00,327.76859,Sistema
2023-10-07T05:00:00,327.95063,Sistema
2023-10-07T06:00:00,327.73552,Sistema
2023-10-07T07:00:00,320.60949,Sistema
2023-10-07T08:00:00,297.67608,Sistema
2023-10-07T09:00:00,280.82549,Sistema
2023-10-07T10:00:00,271.56087,Sistema
2023-10-07T11:00:00,262.83999,Sistema
2023-10-07T12:00:00,256.33067,Sistema
2023-10-07T13:00:00,255.01637,Sistema
2023-10-07T14:00:00,247.65758,Sistema
2023-10-07T15:00:00,249.21091,Sistema
2023-10-07T16:00:00,258.09126,Sistema
2023-10-07T17:00:00,271.13683,Sistema
2023-10-07T18:00:00,277.03449,Sistema
2023-10-07T19:00:00,261.95436,Sistema
2023-10-07T20:00:00,264.37732,Sistema
2023-10-07T21:00:00,275.06734,Sistema
2023-10-07T22:00:00,286.93518,Sistema
2023-10-07T23:00:00,300.57929,Sistema
2023-10-07T24:00:00,315.78892,Sistema
2023-10-08T01:00:00,331.06341,Sistema
2023-10-08T02:00:00,337.55801,Sistema
2023-10-08T03:00:00,339.36273,Sistema
2023-10-08T04:00:00,346.51151,Sistema
2023-10-08T05:00:00,349.56236,Sistema
2023-10-08T06:00:00,354.05132,Sistema
2023-10-08T07:00:00,359.35026,Sistema
2023-10-08T08:00:00,339.38582,Sistema
2023-10-08T09:00:00,307.24275,Sistema
2023-10-08T10:00:00,298.99065,Sistema
2023-10-08T11:00:00,302.5954,Sistema
2023-10-08T12:00:00,297.74219,Sistema
2023-10-08T13:00:00,294.42861,Sistema
2023-10-08T14:00:00,282.39824,Sistema
2023-10-08T15:00:00,293.61838,Sistema
2023-10-08T16:00:00,297.22261,Sistema
2023-10-08T17:00:00,296.17027,Sistema
2023-10-08T18:00:00,293.14934,Sistema
2023-10-08T19:00:00,271.33125,Sistema
2023-10-08T20:00:00,259.59235,Sistema
2023-10-08T21:00:00,243.37083,Sistema
2023-10-08T22:00:00,246.21175,Sistema
2023-10-08T23:00:00,260.47451,Sistema
2023-10-08T24:00:00,275.03927,Sistema
2023-10-09T01:00:00,286.28575,Sistema
2023-10-09T02:00:00,290.98633,Sistema
2023-10-09T03:00:00,293.99122,Sistema
2023-10-09T04:00:00,296.79634,Sistema
2023-10-09T05:00:00,295.5065,Sistema
2023-10-09T06:00:00,291.36081,Sistema
2023-10-09T07:00:00,280.68475,Sistema
2023-10-09T08:00:00,266.63766,Sistema
2023-10-09T09:00:00,244.34402,Sistema
2023-10-09T10:00:00,232.17002,Sistema
2023-10-09T11:00:00,224.73927,Sistema
2023-10-09T12:00:00,221.24302,Sistema
2023-10-09T13:00:00,224.26896,Sistema
2023-10-09T14:00:00,227.0555,Sistema
2023-10-09T15:00:00,226.42392,Sistema
2023-10-09T16:00:00,224.48273,Sistema
2023-10-09T17:00:00,231.8487,Sistema
2023-10-09T18:00:00,242.40755,Sistema
2023-10-09T19:00:00,237.20502,Sistema
2023-10-09T20:00:00,238.79353,Sistema
2023-10-09T21:00:00,245.19605,Sistema
2023-10-09T22:00:00,253.766,Sistema
2023-10-09T23:00:00,271.69246,Sistema
2023-10-09T24:00:00,283.33846,Sistema
2023-10-10T01:00:00,295.43044,Sistema
2023-10-10T02:00:00,299.60376,Sistema
2023-10-10T03:00:00,303.8155,Sistema
2023-10-10T04:00:00,298.1673,Sistema
2023-10-10T05:00:00,296.39694,Sistema
2023-10-10T06:00:00,296.55206,Sistema
2023-10-10T07:00:00,287.06998,Sistema
2023-10-10T08:00:00,268.7156,Sistema
2023-10-10T09:00:00,261.87332,Sistema
2023-10-10T10:00:00,251.06351,Sistema
2023-10-10T11:00:00,242.27935,Sistema
2023-10-10T12:00:00,242.44755,Sistema
2023-10-10T13:00:00,244.60867,Sistema
2023-10-10T14:00:00,239.85399,Sistema
2023-10-10T15:00:00,238.60876,Sistema
2023-10-10T16:00:00,238.38811,Sistema
2023-10-10T17:00:00,240.57062,Sistema
2023-10-10T18:00:00,245.54234,Sistema
2023-10-10T19:00:00,239.74242,Sistema
2023-10-10T20:00:00,241.05889,Sistema
2023-10-10T21:00:00,247.08513,Sistema
2023-10-10T22:00:00,256.56607,Sistema
2023-10-10T23:00:00,275.04757,Sistema
2023-10-10T24:00:00,284.12473,Sistema
2023-10-11T01:00:00,292.13914,Sistema
2023-10-11T02:00:00,295.68444,Sistema
2023-10-11T03:00:00,300.25505,Sistema
2023-10-11T04:00:00,306.36377,Sistema
2023-10-11T05:00:00,298.91647,Sistema
2023-10-11T06:00:00,296.51591,Sistema
2023-10-11T07:00:00,289.01923,Sistema
2023-10-11T08:00:00,274.25059,Sistema
2023-10-11T09:00:00,261.45685,Sistema
2023-10-11T10:00:00,256.61799,Sistema
2023-10-11T11:00:00,247.65233,Sistema
2023-10-11T12:00:00,241.00041,Sistema
2023-10-11T13:00:00,242.24213,Sistema
2023-10-11T14:00:00,241.28031,Sistema
2023-10-11T15:00:00,239.99473,Sistema
2023-10-11T16:00:00,241.64956,Sistema
2023-10-11T17:00:00,247.06959,Sistema
2023-10-11T18:00:00,251.8122,Sistema
2023-10-11T19:00:00,239.66896,Sistema
2023-10-11T20:00:00,238.68946,Sistema
2023-10-11T21:00:00,243.67313,Sistema
2023-10-11T22:00:00,253.1128,Sistema
2023-10-11T23:00:00,268.0312,Sistema
2023-10-11T24:00:00,284.72057,Sistema
2023-10-12T01:00:00,286.31128,Sistema
2023-10-12T02:00:00,292.96601,Sistema
2023-10-12T03:00:00,294.51862,Sistema
2023-10-12T04:00:00,303.18181,Sistema
2023-10-12T05:00:00,299.19331,Sistema
2023-10-12T06:00:00,293.4291,Sistema
2023-10-12T07:00:00,285.23771,Sistema
2023-10-12T08:00:00,264.72935,Sistema
2023-10-12T09:00:00,249.46148,Sistema
2023-10-12T10:00:00,244.39753,Sistema
2023-10-12T11:00:00,234.78925,Sistema
2023-10-12T12:00:00,233.01283,Sistema
2023-10-12T13:00:00,236.94941,Sistema
2023-10-12T14:00:00,234.14498,Sistema
2023-10-12T15:00:00,226.48098,Sistema
2023-10-12T16:00:00,232.09811,Sistema
2023-10-12T17:00:00,237.07475,Sistema
2023-10-12T18:00:00,237.06693,Sistema
2023-10-12T19:00:00,229.81748,Sistema
2023-10-12T20:00:00,232.34922,Sistema
2023-10-12T21:00:00,238.63744,Sistema
2023-10-12T22:00:00,244.01563,Sistema
2023-10-12T23:00:00,261.16705,Sistema
2023-10-12T24:00:00,272.66602,Sistema
2023-10-13T01:00:00,288.1344,Sistema
2023-10-13T02:00:00,299.28506,Sistema
2023-10-13T03:00:00,307.3318,Sistema
2023-10-13T04:00:00,311.02163,Sistema
2023-10-13T05:00:00,306.29881,Sistema
2023-10-13T06:00:00,302.0478,Sistema
2023-10-13T07:00:00,293.32895,Sistema
2023-10-13T08:00:00,273.33214,Sistema
2023-10-13T09:00:00,260.14213,Sistema
2023-10-13T10:00:00,253.53873,Sistema
2023-10-13T11:00:00,241.77812,Sistema
2023-10-13T12:00:00,237.04073,Sistema
2023-10-13T13:00:00,234.29111,Sistema
2023-10-13T14:00:00,223.57892,Sistema
2023-10-13T15:00:00,219.16168,Sistema
2023-10-13T16:00:00,226.55533,Sistema
2023-10-13T17:00:00,239.98878,Sistema
2023-10-13T18:00:00,248.09404,Sistema
2023-10-13T19:00:00,242.36366,Sistema
2023-10-13T20:00:00,247.23561,Sistema
2023-10-13T21:00:00,250.39464,Sistema
2023-10-13T22:00:00,255.74542,Sistema
2023-10-13T23:00:00,265.78539,Sistema
2023-10-13T24:00:00,278.74119,Sistema
2023-10-14T01:00:00,289.52475,Sistema
2023-10-14T02:00:00,299.2181,Sistema
2023-10-14T03:00:00,302.89175,Sistema
2023-10-14T04:00:00,307.19022,Sistema
2023-10-14T05:00:00,313.18697,Sistema
2023-10-14T06:00:00,312.79517,Sistema
2023-10-14T07:00:00,305.09066,Sistema
2023-10-14T08:00:00,276.62613,Sistema
2023-10-14T09:00:00,256.18545,Sistema
2023-10-14T10:00:00,246.24206,Sistema
2023-10-14T11:00:00,236.4034,Sistema
2023-10-14T12:00:00,230.16452,Sistema
2023-10-14T13:00:00,229.16764,Sistema
2023-10-14T14:00:00,232.35237,Sistema
2023-10-14T15:00:00,246.01162,Sistema
2023-10-14T16:00:00,257.48639,Sistema
2023-10-14T17:00:00,260.25452,Sistema
2023-10-14T18:00:00,258.04471,Sistema
2023-10-14T19:00:00,248.97032,Sistema
2023-10-14T20:00:00,255.24294,Sistema
2023-10-14T21:00:00,266.46409,Sistema
2023-10-14T22:00:00,275.99557,Sistema
2023-10-14T23:00:00,288.74279,Sistema
2023-10-14T24:00:00,306.23261,Sistema
2023-10-15T01:00:00,319.51802,Sistema
2023-10-15T02:00:00,319.90006,Sistema
2023-10-15T03:00:00,332.09505,Sistema
2023-10-15T04:00:00,340.80018,Sistema
2023-10-15T05:00:00,342.22112,Sistema
2023-10-15T06:00:00,347.15354,Sistema
2023-10-15T07:00:00,353.34082,Sistema
2023-10-15T08:00:00,338.98751,Sistema
2023-10-15T09:00:00,309.81284,Sistema
2023-10-15T10:00:00,286.29117,Sistema
2023-10-15T11:00:00,280.89288,Sistema
2023-10-15T12:00:00,273.45569,Sistema
2023-10-15T13:00:00,271.13909,Sistema
2023-10-15T14:00:00,270.21558,Sistema
2023-10-15T15:00:00,272.64197,Sistema
2023-10-15T16:00:00,277.1519,Sistema
2023-10-15T17:00:00,279.38228,Sistema
2023-10-15T18:00:00,270.54071,Sistema
2023-10-15T19:00:00,248.79429,Sistema
2023-10-15T20:00:00,248.42566,Sistema
2023-10-15T21:00:00,257.66267,Sistema
2023-10-15T22:00:00,277.65752,Sistema
2023-10-15T23:00:00,290.02847,Sistema
2023-10-15T24:00:00,298.34089,Sistema
2023-10-16T01:00:00,309.47186,Sistema
2023-10-16T02:00:00,314.01014,Sistema
2023-10-16T03:00:00,305.91558,Sistema
2023-10-16T04:00:00,316.91043,Sistema
2023-10-16T05:00:00,313.20455,Sistema
2023-10-16T06:00:00,317.65271,Sistema
2023-10-16T07:00:00,319.75864,Sistema
2023-10-16T08:00:00,298.19806,Sistema
2023-10-16T09:00:00,273.49522,Sistema
2023-10-16T10:00:00,261.41344,Sistema
2023-10-16T11:00:00,254.36189,Sistema
2023-10-16T12:00:00,249.83578,Sistema
2023-10-16T13:00:00,247.98266,Sistema
2023-10-16T14:00:00,249.40541,Sistema
2023-10-16T15:00:00,250.90037,Sistema
2023-10-16T16:00:00,257.28162,Sistema
2023-10-16T17:00:00,256.55701,Sistema
2023-10-16T18:00:00,250.34932,Sistema
2023-10-16T19:00:00,232.54364,Sistema
2023-10-16T20:00:00,231.60827,Sistema
2023-10-16T21:00:00,233.93362,Sistema
2023-10-16T22:00:00,244.20599,Sistema
2023-10-16T23:00:00,262.02364,Sistema
2023-10-16T24:00:00,282.36877,Sistema
2023-10-17T01:00:00,307.87101,Sistema
2023-10-17T02:00:00,332.29068,Sistema
2023-10-17T03:00:00,344.11729,Sistema
2023-10-17T04:00:00,347.43938,Sistema
2023-10-17T05:00:00,343.23401,Sistema
2023-10-17T06:00:00,315.73059,Sistema
2023-10-17T07:00:00,301.65226,Sistema
2023-10-17T08:00:00,283.50773,Sistema
2023-10-17T09:00:00,272.85728,Sistema
2023-10-17T10:00:00,269.79376,Sistema
2023-10-17T11:00:00,262.57533,Sistema
2023-10-17T12:00:00,263.17297,Sistema
2023-10-17T13:00:00,264.93829,Sistema
2023-10-17T14:00:00,262.95765,Sistema
2023-10-17T15:00:00,257.67463,Sistema
2023-10-17T16:00:00,258.52371,Sistema
2023-10-17T17:00:00,259.80456,Sistema
2023-10-17T18:00:00,263.70501,Sistema
2023-10-17T19:00:00,250.88752,Sistema
2023-10-17T20:00:00,253.08806,Sistema
2023-10-17T21:00:00,260.39921,Sistema
2023-10-17T22:00:00,270.58292,Sistema
2023-10-17T23:00:00,288.41711,Sistema
2023-10-17T24:00:00,298.67918,Sistema
2023-10-18T01:00:00,324.95797,Sistema
2023-10-18T02:00:00,321.91407,Sistema
2023-10-18T03:00:00,330.63933,Sistema
2023-10-18T04:00:00,334.11592,Sistema
2023-10-18T05:00:00,327.21992,Sistema
2023-10-18T06:00:00,312.61185,Sistema
2023-10-18T07:00:00,306.55076,Sistema
2023-10-18T08:00:00,279.93057,Sistema
2023-10-18T09:00:00,267.27681,Sistema
2023-10-18T10:00:00,260.40169,Sistema
2023-10-18T11:00:00,254.85127,Sistema
2023-10-18T12:00:00,247.92591,Sistema
2023-10-18T13:00:00,253.02462,Sistema
2023-10-18T14:00:00,253.06537,Sistema
2023-10-18T15:00:00,243.7922,Sistema
2023-10-18T16:00:00,246.09353,Sistema
2023-10-18T17:00:00,252.43542,Sistema
2023-10-18T18:00:00,256.63283,Sistema
2023-10-18T19:00:00,241.63305,Sistema
2023-10-18T20:00:00,241.82049,Sistema
2023-10-18T21:00:00,245.73336,Sistema
2023-10-18T22:00:00,261.77329,Sistema
2023-10-18T23:00:00,275.8944,Sistema
2023-10-18T24:00:00,290.14343,Sistema
2023-10-19T01:00:00,301.91155,Sistema
2023-10-19T02:00:00,309.98155,Sistema
2023-10-19T03:00:00,318.4238,Sistema
2023-10-19T04:00:00,324.81599,Sistema
2023-10-19T05:00:00,319.42839,Sistema
2023-10-19T06:00:00,305.68917,Sistema
2023-10-19T07:00:00,299.27846,Sistema
2023-10-19T08:00:00,283.82961,Sistema
2023-10-19T09:00:00,272.36751,Sistema
2023-10-19T10:00:00,265.02838,Sistema
2023-10-19T11:00:00,256.31341,Sistema
2023-10-19T12:00:00,248.32188,Sistema
2023-10-19T13:00:00,250.24614,Sistema
2023-10-19T14:00:00,247.2205,Sistema
2023-10-19T15:00:00,241.20043,Sistema
2023-10-19T16:00:00,240.94165,Sistema
2023-10-19T17:00:00,245.54182,Sistema
2023-10-19T18:00:00,251.1333,Sistema
2023-10-19T19:00:00,240.99741,Sistema
2023-10-19T20:00:00,242.94336,Sistema
2023-10-19T21:00:00,246.83307,Sistema
2023-10-19T22:00:00,259.37807,Sistema
2023-10-19T23:00:00,276.99775,Sistema
2023-10-19T24:00:00,288.59812,Sistema
2023-10-20T01:00:00,292.89653,Sistema
2023-10-20T02:00:00,317.01143,Sistema
2023-10-20T03:00:00,329.60143,Sistema
2023-10-20T04:00:00,332.14869,Sistema
2023-10-20T05:00:00,327.27116,Sistema
2023-10-20T06:00:00,303.82607,Sistema
2023-10-20T07:00:00,296.63061,Sistema
2023-10-20T08:00:00,283.91734,Sistema
2023-10-20T09:00:00,272.8273,Sistema
2023-10-20T10:00:00,265.61413,Sistema
2023-10-20T11:00:00,253.65445,Sistema
2023-10-20T12:00:00,251.48565,Sistema
2023-10-20T13:00:00,256.80483,Sistema
2023-10-20T14:00:00,248.42723,Sistema
2023-10-20T15:00:00,240.30967,Sistema
2023-10-20T16:00:00,239.76524,Sistema
2023-10-20T17:00:00,249.54413,Sistema
2023-10-20T18:00:00,257.41791,Sistema
2023-10-20T19:00:00,247.72426,Sistema
2023-10-20T20:00:00,249.07289,Sistema
2023-10-20T21:00:00,257.82694,Sistema
2023-10-20T22:00:00,272.76785,Sistema
2023-10-20T23:00:00,289.92236,Sistema
2023-10-20T24:00:00,307.25363,Sistema
2023-10-21T01:00:00,329.06924,Sistema
2023-10-21T02:00:00,342.64224,Sistema
2023-10-21T03:00:00,352.36868,Sistema
2023-10-21T04:00:00,357.91234,Sistema
2023-10-21T05:00:00,357.82944,Sistema
2023-10-21T06:00:00,353.16365,Sistema
2023-10-21T07:00:00,338.17176,Sistema
2023-10-21T08:00:00,304.16812,Sistema
2023-10-21T09:00:00,287.84104,Sistema
2023-10-21T10:00:00,277.46588,Sistema
2023-10-21T11:00:00,268.51734,Sistema
2023-10-21T12:00:00,262.94326,Sistema
2023-10-21T13:00:00,264.93717,Sistema
2023-10-21T14:00:00,268.68027,Sistema
2023-10-21T15:00:00,275.46385,Sistema
2023-10-21T16:00:00,275.82239,Sistema
2023-10-21T17:00:00,277.96726,Sistema
2023-10-21T18:00:00,275.09457,Sistema
2023-10-21T19:00:00,256.04474,Sistema
2023-10-21T20:00:00,259.76073,Sistema
2023-10-21T21:00:00,267.67522,Sistema
2023-10-21T22:00:00,281.75629,Sistema
2023-10-21T23:00:00,296.26871,Sistema
2023-10-21T24:00:00,310.58554,Sistema
2023-10-22T01:00:00,320.17742,Sistema
2023-10-22T02:00:00,324.70407,Sistema
2023-10-22T03:00:00,333.26515,Sistema
2023-10-22T04:00:00,340.46403,Sistema
2023-10-22T05:00:00,346.02434,Sistema
2023-10-22T06:00:00,351.33783,Sistema
2023-10-22T07:00:00,359.10433,Sistema
2023-10-22T08:00:00,345.12795,Sistema
2023-10-22T09:00:00,326.31708,Sistema
2023-10-22T10:00:00,311.02892,Sistema
2023-10-22T11:00:00,299.5178,Sistema
2023-10-22T12:00:00,290.62861,Sistema
2023-10-22T13:00:00,286.61516,Sistema
2023-10-22T14:00:00,286.45247,Sistema
2023-10-22T15:00:00,289.62957,Sistema
2023-10-22T16:00:00,293.30066,Sistema
2023-10-22T17:00:00,297.8297,Sistema
2023-10-22T18:00:00,291.5068,Sistema
2023-10-22T19:00:00,264.29748,Sistema
2023-10-22T20:00:00,260.67657,Sistema
2023-10-22T21:00:00,279.88123,Sistema
2023-10-22T22:00:00,295.30526,Sistema
2023-10-22T23:00:00,314.05589,Sistema
2023-10-22T24:00:00,332.60204,Sistema
2023-10-23T01:00:00,353.00736,Sistema
2023-10-23T02:00:00,364.00513,Sistema
2023-10-23T03:00:00,373.14097,Sistema
2023-10-23T04:00:00,374.15559,Sistema
2023-10-23T05:00:00,364.63888,Sistema
2023-10-23T06:00:00,343.18457,Sistema
2023-10-23T07:00:00,333.96271,Sistema
2023-10-23T08:00:00,318.39444,Sistema
2023-10-23T09:00:00,299.34761,Sistema
2023-10-23T10:00:00,286.53591,Sistema
2023-10-23T11:00:00,266.80846,Sistema
2023-10-23T12:00:00,253.1695,Sistema
2023-10-23T13:00:00,253.85673,Sistema
2023-10-23T14:00:00,252.09153,Sistema
2023-10-23T15:00:00,249.63031,Sistema
2023-10-23T16:00:00,253.97092,Sistema
2023-10-23T17:00:00,259.27688,Sistema
2023-10-23T18:00:00,262.74583,Sistema
2023-10-23T19:00:00,256.6795,Sistema
2023-10-23T20:00:00,257.70362,Sistema
2023-10-23T21:00:00,261.17789,Sistema
2023-10-23T22:00:00,275.52552,Sistema
2023-10-23T23:00:00,292.56167,Sistema
2023-10-23T24:00:00,310.40989,Sistema
2023-10-24T01:00:00,332.97068,Sistema
2023-10-24T02:00:00,338.16256,Sistema
2023-10-24T03:00:00,309.32001,Sistema
2023-10-24T04:00:00,302.6559,Sistema
2023-10-24T05:00:00,286.49433,Sistema
2023-10-24T06:00:00,281.58204,Sistema
2023-10-24T07:00:00,287.50795,Sistema
2023-10-24T08:00:00,282.46877,Sistema
2023-10-24T09:00:00,266.89572,Sistema
2023-10-24T10:00:00,264.67911,Sistema
2023-10-24T11:00:00,260.85677,Sistema
2023-10-24T12:00:00,260.50794,Sistema
2023-10-24T13:00:00,250.10862,Sistema
2023-10-24T14:00:00,238.54979,Sistema
2023-10-24T15:00:00,242.2802,Sistema
2023-10-24T16:00:00,256.45429,Sistema
2023-10-24T17:00:00,244.56425,Sistema
2023-10-24T18:00:00,249.51779,Sistema
2023-10-24T19:00:00,246.40498,Sistema
2023-10-24T20:00:00,258.56852,Sistema
2023-10-24T21:00:00,272.76928,Sistema
2023-10-24T22:00:00,286.74721,Sistema
2023-10-24T23:00:00,318.04856,Sistema
2023-10-24T24:00:00,350.96281,Sistema
2023-10-25T01:00:00,325.58787,Sistema
2023-10-25T02:00:00,315.57346,Sistema
2023-10-25T03:00:00,314.50613,Sistema
2023-10-25T04:00:00,324.50844,Sistema
2023-10-25T05:00:00,339.25741,Sistema
2023-10-25T06:00:00,334.95118,Sistema
2023-10-25T07:00:00,329.23867,Sistema
2023-10-25T08:00:00,314.9433,Sistema
2023-10-25T09:00:00,304.4982,Sistema
2023-10-25T10:00:00,301.9276,Sistema
2023-10-25T11:00:00,290.38887,Sistema
2023-10-25T12:00:00,281.88352,Sistema
2023-10-25T13:00:00,282.86097,Sistema
2023-10-25T14:00:00,282.79243,Sistema
2023-10-25T15:00:00,279.65733,Sistema
2023-10-25T16:00:00,280.34086,Sistema
2023-10-25T17:00:00,261.19502,Sistema
2023-10-25T18:00:00,256.64931,Sistema
2023-10-25T19:00:00,249.66892,Sistema
2023-10-25T20:00:00,252.84232,Sistema
2023-10-25T21:00:00,261.54492,Sistema
2023-10-25T22:00:00,290.98321,Sistema
2023-10-25T23:00:00,307.4874,Sistema
2023-10-25T24:00:00,309.86101,Sistema
2023-10-26T01:00:00,301.84665,Sistema
2023-10-26T02:00:00,305.34017,Sistema
2023-10-26T03:00:00,309.99354,Sistema
2023-10-26T04:00:00,313.67182,Sistema
2023-10-26T05:00:00,306.83042,Sistema
2023-10-26T06:00:00,292.3449,Sistema
2023-10-26T07:00:00,288.93008,Sistema
2023-10-26T08:00:00,274.7448,Sistema
2023-10-26T09:00:00,269.69913,Sistema
2023-10-26T10:00:00,266.59488,Sistema
2023-10-26T11:00:00,264.05084,Sistema
2023-10-26T12:00:00,255.31609,Sistema
2023-10-26T13:00:00,260.32986,Sistema
2023-10-26T14:00:00,259.90975,Sistema
2023-10-26T15:00:00,250.91192,Sistema
2023-10-26T16:00:00,251.19532,Sistema
2023-10-26T17:00:00,260.50349,Sistema
2023-10-26T18:00:00,260.18989,Sistema
2023-10-26T19:00:00,265.9352,Sistema
2023-10-26T20:00:00,267.49034,Sistema
2023-10-26T21:00:00,273.79285,Sistema
2023-10-26T22:00:00,285.00109,Sistema
2023-10-26T23:00:00,292.32078,Sistema
2023-10-26T24:00:00,295.60251,Sistema
2023-10-27T01:00:00,300.20731,Sistema
2023-10-27T02:00:00,295.20004,Sistema
2023-10-27T03:00:00,294.34033,Sistema
2023-10-27T04:00:00,283.4586,Sistema
2023-10-27T05:00:00,273.53906,Sistema
2023-10-27T06:00:00,260.46324,Sistema
2023-10-27T07:00:00,260.34792,Sistema
2023-10-27T08:00:00,255.42134,Sistema
2023-10-27T09:00:00,240.00054,Sistema
2023-10-27T10:00:00,235.57776,Sistema
2023-10-27T11:00:00,220.45196,Sistema
2023-10-27T12:00:00,215.39712,Sistema
2023-10-27T13:00:00,219.18783,Sistema
2023-10-27T14:00:00,223.28203,Sistema
2023-10-27T15:00:00,220.41122,Sistema
2023-10-27T16:00:00,220.26209,Sistema
2023-10-27T17:00:00,234.14639,Sistema
2023-10-27T18:00:00,228.84959,Sistema
2023-10-27T19:00:00,226.1973,Sistema
2023-10-27T20:00:00,232.86198,Sistema
2023-10-27T21:00:00,237.83029,Sistema
2023-10-27T22:00:00,241.43618,Sistema
2023-10-27T23:00:00,243.01469,Sistema
2023-10-27T24:00:00,242.56922,Sistema
2023-10-28T01:00:00,229.37823,Sistema
2023-10-28T02:00:00,219.34192,Sistema
2023-10-28T03:00:00,214.86882,Sistema
2023-10-28T04:00:00,202.91923,Sistema
2023-10-28T05:00:00,200.67117,Sistema
2023-10-28T06:00:00,199.98296,Sistema
2023-10-28T07:00:00,212.04726,Sistema
2023-10-28T08:00:00,215.40694,Sistema
2023-10-28T09:00:00,212.57864,Sistema
2023-10-28T10:00:00,212.15044,Sistema
2023-10-28T11:00:00,209.68825,Sistema
2023-10-28T12:00:00,208.40871,Sistema
2023-10-28T13:00:00,215.08039,Sistema
2023-10-28T14:00:00,217.70619,Sistema
2023-10-28T15:00:00,222.65723,Sistema
2023-10-28T16:00:00,225.15175,Sistema
2023-10-28T17:00:00,226.47057,Sistema
2023-10-28T18:00:00,227.86161,Sistema
2023-10-28T19:00:00,219.22044,Sistema
2023-10-28T20:00:00,222.28239,Sistema
2023-10-28T21:00:00,229.45534,Sistema
2023-10-28T22:00:00,225.19517,Sistema
2023-10-28T23:00:00,237.51341,Sistema
2023-10-28T24:00:00,236.21508,Sistema
2023-10-29T01:00:00,234.40704,Sistema
2023-10-29T02:00:00,221.82741,Sistema
2023-10-29T03:00:00,214.91507,Sistema
2023-10-29T04:00:00,218.27976,Sistema
2023-10-29T05:00:00,221.04706,Sistema
2023-10-29T06:00:00,216.78916,Sistema
2023-10-29T07:00:00,212.78104,Sistema
2023-10-29T08:00:00,203.54566,Sistema
2023-10-29T09:00:00,195.55099,Sistema
2023-10-29T10:00:00,190.37218,Sistema
2023-10-29T11:00:00,184.41883,Sistema
2023-10-29T12:00:00,181.07737,Sistema
2023-10-29T13:00:00,180.96774,Sistema
2023-10-29T14:00:00,182.79469,Sistema
2023-10-29T15:00:00,187.97024,Sistema
2023-10-29T16:00:00,193.65293,Sistema
2023-10-29T17:00:00,192.59706,Sistema
2023-10-29T18:00:00,200.63249,Sistema
2023-10-29T19:00:00,200.61853,Sistema
2023-10-29T20:00:00,202.84834,Sistema
2023-10-29T21:00:00,195.66204,Sistema
2023-10-29T22:00:00,187.83909,Sistema
2023-10-29T23:00:00,191.28859,Sistema
2023-10-29T24:00:00,199.28876,Sistema
2023-10-30T01:00:00,203.16073,Sistema
2023-10-30T02:00:00,202.12705,Sistema
2023-10-30T03:00:00,196.78301,Sistema
2023-10-30T04:00:00,197.88082,Sistema
2023-10-30T05:00:00,198.10979,Sistema
2023-10-30T06:00:00,194.57013,Sistema
2023-10-30T07:00:00,180.12759,Sistema
2023-10-30T08:00:00,179.40406,Sistema
2023-10-30T09:00:00,178.52298,Sistema
2023-10-30T10:00:00,185.8548,Sistema
2023-10-30T11:00:00,192.51218,Sistema
2023-10-30T12:00:00,177.96453,Sistema
2023-10-30T13:00:00,181.33179,Sistema
2023-10-30T14:00:00,191.94885,Sistema
2023-10-30T15:00:00,197.89286,Sistema
2023-10-30T16:00:00,206.06496,Sistema
2023-10-30T17:00:00,212.15661,Sistema
2023-10-30T18:00:00,213.42458,Sistema
2023-10-30T19:00:00,207.89932,Sistema
2023-10-30T20:00:00,209.77274,Sistema
2023-10-30T21:00:00,213.9285,Sistema
2023-10-30T22:00:00,209.41445,Sistema
2023-10-30T23:00:00,208.97505,Sistema
2023-10-30T24:00:00,212.55137,Sistema
2023-10-31T01:00:00,208.65806,Sistema
2023-10-31T02:00:00,201.38205,Sistema
2023-10-31T03:00:00,199.34292,Sistema
2023-10-31T04:00:00,193.45507,Sistema
2023-10-31T05:00:00,195.25976,Sistema
2023-10-31T06:00:00,203.4394,Sistema
2023-10-31T07:00:00,207.55883,Sistema
2023-10-31T08:00:00,203.46889,Sistema
2023-10-31T09:00:00,195.2006,Sistema
2023-10-31T10:00:00,205.59136,Sistema
2023-10-31T11:00:00,192.31977,Sistema
2023-10-31T12:00:00,198.51092,Sistema
2023-10-31T13:00:00,201.93983,Sistema
2023-10-31T14:00:00,197.73938,Sistema
2023-10-31T15:00:00,188.18879,Sistema
2023-10-31T16:00:00,189.16978,Sistema
2023-10-31T17:00:00,193.41755,Sistema
2023-10-31T18:00:00,191.90448,Sistema
2023-10-31T19:00:00,195.2359,Sistema
2023-10-31T20:00:00,196.89148,Sistema
2023-10-31T21:00:00,189.00409,Sistema
2023-10-31T22:00:00,193.73581,Sistema
2023-10-31T23:00:00,186.14371,Sistema
2023-10-31T24:00:00,180.17033,Sistema
2023-11-01T01:00:00,172.49791,Sistema
2023-11-01T02:00:00,160.87495,Sistema
2023-11-01T03:00:00,170.23984,Sistema
2023-11-01T04:00:00,160.73162,Sistema
2023-11-01T05:00:00,142.11672,Sistema
2023-11-01T06:00:00,137.22391,Sistema
2023-11-01T07:00:00,153.33019,Sistema
2023-11-01T08:00:00,164.62715,Sistema
2023-11-01T09:00:00,182.61645,Sistema
2023-11-01T10:00:00,167.22595,Sistema
2023-11-01T11:00:00,173.58932,Sistema
2023-11-01T12:00:00,167.55455,Sistema
2023-11-01T13:00:00,167.26707,Sistema
2023-11-01T14:00:00,170.93591,Sistema
2023-11-01T15:00:00,181.21909,Sistema
2023-11-01T16:00:00,187.78018,Sistema
2023-11-01T17:00:00,187.19851,Sistema
2023-11-01T18:00:00,179.53695,Sistema
2023-11-01T19:00:00,176.08908,Sistema
2023-11-01T20:00:00,178.90891,Sistema
2023-11-01T21:00:00,182.22968,Sistema
2023-11-01T22:00:00,175.20235,Sistema
2023-11-01T23:00:00,165.28764,Sistema
2023-11-01T24:00:00,163.67987,Sistema
2023-11-02T01:00:00,165.1581,Sistema
2023-11-02T02:00:00,148.62835,Sistema
2023-11-02T03:00:00,148.26817,Sistema
2023-11-02T04:00:00,141.03315,Sistema
2023-11-02T05:00:00,139.01157,Sistema
2023-11-02T06:00:00,135.89095,Sistema
2023-11-02T07:00:00,136.99469,Sistema
2023-11-02T08:00:00,137.86389,Sistema
2023-11-02T09:00:00,157.56363,Sistema
2023-11-02T10:00:00,172.58159,Sistema
2023-11-02T11:00:00,169.35212,Sistema
2023-11-02T12:00:00,165.02467,Sistema
2023-11-02T13:00:00,172.62689,Sistema
2023-11-02T14:00:00,177.62252,Sistema
2023-11-02T15:00:00,181.14505,Sistema
2023-11-02T16:00:00,181.71281,Sistema
2023-11-02T17:00:00,190.20236,Sistema
2023-11-02T18:00:00,191.81665,Sistema
2023-11-02T19:00:00,190.02374,Sistema
2023-11-02T20:00:00,190.76972,Sistema
2023-11-02T21:00:00,189.3105,Sistema
2023-11-02T22:00:00,179.6831,Sistema
2023-11-02T23:00:00,182.82389,Sistema
2023-11-02T24:00:00,167.84931,Sistema
2023-11-03T01:00:00,229.5361,Sistema
2023-11-03T02:00:00,226.13313,Sistema
2023-11-03T03:00:00,223.91356,Sistema
2023-11-03T04:00:00,213.19423,Sistema
2023-11-03T05:00:00,202.06607,Sistema
2023-11-03T06:00:00,191.21081,Sistema
2023-11-03T07:00:00,187.19582,Sistema
2023-11-03T08:00:00,179.64197,Sistema
2023-11-03T09:00:00,174.14893,Sistema
2023-11-03T10:00:00,175.13451,Sistema
2023-11-03T11:00:00,171.64573,Sistema
2023-11-03T12:00:00,167.41001,Sistema
2023-11-03T13:00:00,168.42029,Sistema
2023-11-03T14:00:00,167.58366,Sistema
2023-11-03T15:00:00,166.59591,Sistema
2023-11-03T16:00:00,160.63681,Sistema
2023-11-03T17:00:00,179.61402,Sistema
2023-11-03T18:00:00,202.81237,Sistema
2023-11-03T19:00:00,190.84772,Sistema
2023-11-03T20:00:00,194.98517,Sistema
2023-11-03T21:00:00,186.7947,Sistema
2023-11-03T22:00:00,179.03983,Sistema
2023-11-03T23:00:00,172.74068,Sistema
2023-11-03T24:00:00,182.32016,Sistema
2023-11-04T01:00:00,120.1376,Sistema
2023-11-04T02:00:00,109.83383,Sistema
2023-11-04T03:00:00,105.8274,Sistema
2023-11-04T04:00:00,105.22321,Sistema
2023-11-04T05:00:00,103.14996,Sistema
2023-11-04T06:00:00,103.88512,Sistema
2023-11-04T07:00:00,109.7232,Sistema
2023-11-04T08:00:00,101.82629,Sistema
2023-11-04T09:00:00,95.33786,Sistema
2023-11-04T10:00:00,96.4318,Sistema
2023-11-04T11:00:00,96.81355,Sistema
2023-11-04T12:00:00,96.45452,Sistema
2023-11-04T13:00:00,104.92496,Sistema
2023-11-04T14:00:00,109.44878,Sistema
2023-11-04T15:00:00,115.71173,Sistema
2023-11-04T16:00:00,118.32667,Sistema
2023-11-04T17:00:00,121.67439,Sistema
2023-11-04T18:00:00,133.02469,Sistema
2023-11-04T19:00:00,139.14716,Sistema
2023-11-04T20:00:00,144.21834,Sistema
2023-11-04T21:00:00,148.90515,Sistema
2023-11-04T22:00:00,138.56936,Sistema
2023-11-04T23:00:00,131.18165,Sistema
2023-11-04T24:00:00,133.42807,Sistema
2023-11-05T01:00:00,117.65303,Sistema
2023-11-05T02:00:00,122.06325,Sistema
2023-11-05T03:00:00,112.93464,Sistema
2023-11-05T04:00:00,115.54218,Sistema
2023-11-05T05:00:00,118.55484,Sistema
2023-11-05T06:00:00,123.47186,Sistema
2023-11-05T07:00:00,125.68468,Sistema
2023-11-05T08:00:00,121.71029,Sistema
2023-11-05T09:00:00,118.81757,Sistema
2023-11-05T10:00:00,118.35744,Sistema
2023-11-05T11:00:00,123.23426,Sistema
2023-11-05T12:00:00,135.7941,Sistema
2023-11-05T13:00:00,148.55403,Sistema
2023-11-05T14:00:00,160.05721,Sistema
2023-11-05T15:00:00,165.87144,Sistema
2023-11-05T16:00:00,167.3446,Sistema
2023-11-05T17:00:00,167.82348,Sistema
2023-11-05T18:00:00,167.78466,Sistema
2023-11-05T19:00:00,157.11377,Sistema
2023-11-05T20:00:00,145.14895,Sistema
2023-11-05T21:00:00,141.08469,Sistema
2023-11-05T22:00:00,137.60361,Sistema
2023-11-05T23:00:00,133.9717,Sistema
2023-11-05T24:00:00,123.99017,Sistema
2023-11-06T01:00:00,120.42407,Sistema
2023-11-06T02:00:00,121.53251,Sistema
2023-11-06T03:00:00,124.45865,Sistema
2023-11-06T04:00:00,127.05692,Sistema
2023-11-06T05:00:00,121.97777,Sistema
2023-11-06T06:00:00,117.18159,Sistema
2023-11-06T07:00:00,108.46792,Sistema
2023-11-06T08:00:00,100.44126,Sistema
2023-11-06T09:00:00,100.89206,Sistema
2023-11-06T10:00:00,114.51752,Sistema
2023-11-06T11:00:00,117.91751,Sistema
2023-11-06T12:00:00,117.36254,Sistema
2023-11-06T13:00:00,110.79506,Sistema
2023-11-06T14:00:00,109.6815,Sistema
2023-11-06T15:00:00,124.00951,Sistema
2023-11-06T16:00:00,139.22333,Sistema
2023-11-06T17:00:00,146.08278,Sistema
2023-11-06T18:00:00,161.06977,Sistema
2023-11-06T19:00:00,167.27299,Sistema
2023-11-06T20:00:00,169.46174,Sistema
2023-11-06T21:00:00,169.43015,Sistema
2023-11-06T22:00:00,160.39921,Sistema
2023-11-06T23:00:00,163.41742,Sistema
2023-11-06T24:00:00,151.23658,Sistema
2023-11-07T01:00:00,153.58505,Sistema
2023-11-07T02:00:00,154.61411,Sistema
2023-11-07T03:00:00,159.3525,Sistema
2023-11-07T04:00:00,166.94393,Sistema
2023-11-07T05:00:00,161.29557,Sistema
2023-11-07T06:00:00,154.15558,Sistema
2023-11-07T07:00:00,160.32344,Sistema
2023-11-07T08:00:00,166.17931,Sistema
2023-11-07T09:00:00,174.33605,Sistema
2023-11-07T10:00:00,190.3318,Sistema
2023-11-07T11:00:00,196.25742,Sistema
2023-11-07T12:00:00,199.48629,Sistema
2023-11-07T13:00:00,197.25967,Sistema
2023-11-07T14:00:00,188.92254,Sistema
2023-11-07T15:00:00,198.60034,Sistema
2023-11-07T16:00:00,204.67678,Sistema
2023-11-07T17:00:00,212.03405,Sistema
2023-11-07T18:00:00,210.98409,Sistema
2023-11-07T19:00:00,207.15353,Sistema
2023-11-07T20:00:00,194.82627,Sistema
2023-11-07T21:00:00,178.98123,Sistema
2023-11-07T22:00:00,173.52542,Sistema
2023-11-07T23:00:00,155.17676,Sistema
2023-11-07T24:00:00,142.65703,Sistema
2023-11-08T01:00:00,126.45828,Sistema
2023-11-08T02:00:00,122.31274,Sistema
2023-11-08T03:00:00,122.2102,Sistema
2023-11-08T04:00:00,122.53822,Sistema
2023-11-08T05:00:00,118.82034,Sistema
2023-11-08T06:00:00,116.32005,Sistema
2023-11-08T07:00:00,115.46664,Sistema
2023-11-08T08:00:00,111.83584,Sistema
2023-11-08T09:00:00,128.04946,Sistema
2023-11-08T10:00:00,142.07199,Sistema
2023-11-08T11:00:00,152.11478,Sistema
2023-11-08T12:00:00,157.98502,Sistema
2023-11-08T13:00:00,163.87162,Sistema
2023-11-08T14:00:00,164.49304,Sistema
2023-11-08T15:00:00,163.08891,Sistema
2023-11-08T16:00:00,163.30224,Sistema
2023-11-08T17:00:00,165.9341,Sistema
2023-11-08T18:00:00,161.58237,Sistema
2023-11-08T19:00:00,167.57007,Sistema
2023-11-08T20:00:00,170.68832,Sistema
2023-11-08T21:00:00,171.26365,Sistema
2023-11-08T22:00:00,154.74822,Sistema
2023-11-08T23:00:00,159.92395,Sistema
2023-11-08T24:00:00,168.6599,Sistema
2023-11-09T01:00:00,167.64534,Sistema
2023-11-09T02:00:00,171.9364,Sistema
2023-11-09T03:00:00,175.62919,Sistema
2023-11-09T04:00:00,186.834,Sistema
2023-11-09T05:00:00,186.98866,Sistema
2023-11-09T06:00:00,176.93138,Sistema
2023-11-09T07:00:00,177.89953,Sistema
2023-11-09T08:00:00,169.01954,Sistema
2023-11-09T09:00:00,163.57667,Sistema
2023-11-09T10:00:00,160.3284,Sistema
2023-11-09T11:00:00,168.03825,Sistema
2023-11-09T12:00:00,173.0069,Sistema
2023-11-09T13:00:00,173.53596,Sistema
2023-11-09T14:00:00,174.39438,Sistema
2023-11-09T15:00:00,176.71182,Sistema
2023-11-09T16:00:00,177.11965,Sistema
2023-11-09T17:00:00,180.57835,Sistema
2023-11-09T18:00:00,186.79409,Sistema
2023-11-09T19:00:00,182.53099,Sistema
2023-11-09T20:00:00,182.21847,Sistema
2023-11-09T21:00:00,187.08711,Sistema
2023-11-09T22:00:00,184.42735,Sistema
2023-11-09T23:00:00,183.95168,Sistema
2023-11-09T24:00:00,196.71637,Sistema
2023-11-10T01:00:00,221.42113,Sistema
2023-11-10T02:00:00,225.91708,Sistema
2023-11-10T03:00:00,232.35055,Sistema
2023-11-10T04:00:00,243.11123,Sistema
2023-11-10T05:00:00,230.6174,Sistema
2023-11-10T06:00:00,223.72468,Sistema
2023-11-10T07:00:00,213.07633,Sistema
2023-11-10T08:00:00,211.17026,Sistema
2023-11-10T09:00:00,208.32882,Sistema
2023-11-10T10:00:00,205.92369,Sistema
2023-11-10T11:00:00,206.87948,Sistema
2023-11-10T12:00:00,203.62799,Sistema
2023-11-10T13:00:00,206.3214,Sistema
2023-11-10T14:00:00,209.82987,Sistema
2023-11-10T15:00:00,217.48378,Sistema
2023-11-10T16:00:00,221.03871,Sistema
2023-11-10T17:00:00,222.61973,Sistema
2023-11-10T18:00:00,226.81739,Sistema
2023-11-10T19:00:00,224.75017,Sistema
2023-11-10T20:00:00,225.34505,Sistema
2023-11-10T21:00:00,224.85285,Sistema
2023-11-10T22:00:00,225.83893,Sistema
2023-11-10T23:00:00,225.79805,Sistema
2023-11-10T24:00:00,222.91451,Sistema
2023-11-11T01:00:00,212.86362,Sistema
2023-11-11T02:00:00,215.64363,Sistema
2023-11-11T03:00:00,197.92349,Sistema
2023-11-11T04:00:00,194.12183,Sistema
2023-11-11T05:00:00,194.46625,Sistema
2023-11-11T06:00:00,189.51156,Sistema
2023-11-11T07:00:00,192.57241,Sistema
2023-11-11T08:00:00,197.44313,Sistema
2023-11-11T09:00:00,199.56375,Sistema
2023-11-11T10:00:00,202.17124,Sistema
2023-11-11T11:00:00,206.51646,Sistema
2023-11-11T12:00:00,209.93897,Sistema
2023-11-11T13:00:00,214.77708,Sistema
2023-11-11T14:00:00,217.2917,Sistema
2023-11-11T15:00:00,221.38286,Sistema
2023-11-11T16:00:00,230.40492,Sistema
2023-11-11T17:00:00,236.56684,Sistema
2023-11-11T18:00:00,230.58816,Sistema
2023-11-11T19:00:00,217.30255,Sistema
2023-11-11T20:00:00,219.23893,Sistema
2023-11-11T21:00:00,214.08574,Sistema
2023-11-11T22:00:00,201.61004,Sistema
2023-11-11T23:00:00,207.92338,Sistema
2023-11-11T24:00:00,221.47986,Sistema
2023-11-12T01:00:00,226.12229,Sistema
2023-11-12T02:00:00,235.14976,Sistema
2023-11-12T03:00:00,238.62528,Sistema
2023-11-12T04:00:00,243.54824,Sistema
2023-11-12T05:00:00,242.02748,Sistema
2023-11-12T06:00:00,235.18544,Sistema
2023-11-12T07:00:00,221.63415,Sistema
2023-11-12T08:00:00,213.47593,Sistema
2023-11-12T09:00:00,210.41012,Sistema
2023-11-12T10:00:00,213.3707,Sistema
2023-11-12T11:00:00,217.08812,Sistema
2023-11-12T12:00:00,212.84073,Sistema
2023-11-12T13:00:00,302.07362,Sistema
2023-11-12T14:00:00,218.2544,Sistema
2023-11-12T15:00:00,222.96724,Sistema
2023-11-12T16:00:00,227.46447,Sistema
2023-11-12T17:00:00,229.65852,Sistema
2023-11-12T18:00:00,230.08554,Sistema
2023-11-12T19:00:00,220.73788,Sistema
2023-11-12T20:00:00,216.93058,Sistema
2023-11-12T21:00:00,219.62238,Sistema
2023-11-12T22:00:00,231.04104,Sistema
2023-11-12T23:00:00,244.60009,Sistema
2023-11-12T24:00:00,249.07086,Sistema
2023-11-13T01:00:00,253.45044,Sistema
2023-11-13T02:00:00,247.05847,Sistema
2023-11-13T03:00:00,240.57045,Sistema
2023-11-13T04:00:00,244.02439,Sistema
2023-11-13T05:00:00,240.07863,Sistema
2023-11-13T06:00:00,239.38549,Sistema
2023-11-13T07:00:00,237.9795,Sistema
2023-11-13T08:00:00,224.23446,Sistema
2023-11-13T09:00:00,209.16564,Sistema
2023-11-13T10:00:00,200.95455,Sistema
2023-11-13T11:00:00,190.77205,Sistema
2023-11-13T12:00:00,178.26606,Sistema
2023-11-13T13:00:00,175.72399,Sistema
2023-11-13T14:00:00,177.14345,Sistema
2023-11-13T15:00:00,180.49569,Sistema
2023-11-13T16:00:00,180.57367,Sistema
2023-11-13T17:00:00,228.54997,Sistema
2023-11-13T18:00:00,188.09014,Sistema
2023-11-13T19:00:00,175.57115,Sistema
2023-11-13T20:00:00,176.04218,Sistema
2023-11-13T21:00:00,178.96535,Sistema
2023-11-13T22:00:00,187.59293,Sistema
2023-11-13T23:00:00,204.67602,Sistema
2023-11-13T24:00:00,221.79113,Sistema
2023-11-14T01:00:00,232.15052,Sistema
2023-11-14T02:00:00,243.63657,Sistema
2023-11-14T03:00:00,250.21283,Sistema
2023-11-14T04:00:00,257.6267,Sistema
2023-11-14T05:00:00,258.00438,Sistema
2023-11-14T06:00:00,259.8017,Sistema
2023-11-14T07:00:00,257.90464,Sistema
2023-11-14T08:00:00,246.06453,Sistema
2023-11-14T09:00:00,231.4513,Sistema
2023-11-14T10:00:00,219.26196,Sistema
2023-11-14T11:00:00,211.58412,Sistema
2023-11-14T12:00:00,209.93886,Sistema
2023-11-14T13:00:00,217.35137,Sistema
2023-11-14T14:00:00,219.61788,Sistema
2023-11-14T15:00:00,220.92141,Sistema
2023-11-14T16:00:00,223.32431,Sistema
2023-11-14T17:00:00,225.83169,Sistema
2023-11-14T18:00:00,226.19357,Sistema
2023-11-14T19:00:00,219.90241,Sistema
2023-11-14T20:00:00,221.57088,Sistema
2023-11-14T21:00:00,227.03114,Sistema
2023-11-14T22:00:00,229.6096,Sistema
2023-11-14T23:00:00,241.6656,Sistema
2023-11-14T24:00:00,256.85093,Sistema
2023-11-15T01:00:00,284.00037,Sistema
2023-11-15T02:00:00,283.55444,Sistema
2023-11-15T03:00:00,281.7606,Sistema
2023-11-15T04:00:00,285.73983,Sistema
2023-11-15T05:00:00,295.41561,Sistema
2023-11-15T06:00:00,291.32516,Sistema
2023-11-15T07:00:00,280.60652,Sistema
2023-11-15T08:00:00,258.39537,Sistema
2023-11-15T09:00:00,231.25768,Sistema
2023-11-15T10:00:00,222.10413,Sistema
2023-11-15T11:00:00,217.77415,Sistema
2023-11-15T12:00:00,217.90489,Sistema
2023-11-15T13:00:00,219.5608,Sistema
2023-11-15T14:00:00,228.19306,Sistema
2023-11-15T15:00:00,236.75417,Sistema
2023-11-15T16:00:00,236.12809,Sistema
2023-11-15T17:00:00,231.22942,Sistema
2023-11-15T18:00:00,223.70855,Sistema
2023-11-15T19:00:00,219.15512,Sistema
2023-11-15T20:00:00,222.16917,Sistema
2023-11-15T21:00:00,225.47314,Sistema
2023-11-15T22:00:00,221.31039,Sistema
2023-11-15T23:00:00,232.73702,Sistema
2023-11-15T24:00:00,224.68782,Sistema
2023-11-16T01:00:00,246.42402,Sistema
2023-11-16T02:00:00,222.77308,Sistema
2023-11-16T03:00:00,210.84712,Sistema
2023-11-16T04:00:00,208.91666,Sistema
2023-11-16T05:00:00,204.96968,Sistema
2023-11-16T06:00:00,197.62546,Sistema
2023-11-16T07:00:00,197.56389,Sistema
2023-11-16T08:00:00,189.08649,Sistema
2023-11-16T09:00:00,180.91762,Sistema
2023-11-16T10:00:00,179.85567,Sistema
2023-11-16T11:00:00,182.51937,Sistema
2023-11-16T12:00:00,184.76257,Sistema
2023-11-16T13:00:00,189.44942,Sistema
2023-11-16T14:00:00,191.15028,Sistema
2023-11-16T15:00:00,193.65746,Sistema
2023-11-16T16:00:00,191.19118,Sistema
2023-11-16T17:00:00,194.30091,Sistema
2023-11-16T18:00:00,200.62238,Sistema
2023-11-16T19:00:00,192.84308,Sistema
2023-11-16T20:00:00,193.99766,Sistema
2023-11-16T21:00:00,198.21296,Sistema
2023-11-16T22:00:00,200.80426,Sistema
2023-11-16T23:00:00,204.95484,Sistema
2023-11-16T24:00:00,209.73478,Sistema
2023-11-17T01:00:00,203.14373,Sistema
2023-11-17T02:00:00,194.3848,Sistema
2023-11-17T03:00:00,189.60295,Sistema
2023-11-17T04:00:00,191.69958,Sistema
2023-11-17T05:00:00,188.28744,Sistema
2023-11-17T06:00:00,186.01311,Sistema
2023-11-17T07:00:00,186.2613,Sistema
2023-11-17T08:00:00,170.75852,Sistema
2023-11-17T09:00:00,165.81658,Sistema
2023-11-17T10:00:00,161.53752,Sistema
2023-11-17T11:00:00,158.11401,Sistema
2023-11-17T12:00:00,148.28954,Sistema
2023-11-17T13:00:00,154.69686,Sistema
2023-11-17T14:00:00,158.01859,Sistema
2023-11-17T15:00:00,155.57935,Sistema
2023-11-17T16:00:00,152.51737,Sistema
2023-11-17T17:00:00,157.6789,Sistema
2023-11-17T18:00:00,160.25442,Sistema
2023-11-17T19:00:00,155.56831,Sistema
2023-11-17T20:00:00,157.97486,Sistema
2023-11-17T21:00:00,160.96171,Sistema
2023-11-17T22:00:00,161.95139,Sistema
2023-11-17T23:00:00,169.16986,Sistema
2023-11-17T24:00:00,178.06484,Sistema
2023-11-18T01:00:00,178.72562,Sistema
2023-11-18T02:00:00,179.29911,Sistema
2023-11-18T03:00:00,191.56318,Sistema
2023-11-18T04:00:00,197.64611,Sistema
2023-11-18T05:00:00,202.32387,Sistema
2023-11-18T06:00:00,202.57839,Sistema
2023-11-18T07:00:00,207.5585,Sistema
2023-11-18T08:00:00,204.94472,Sistema
2023-11-18T09:00:00,200.98524,Sistema
2023-11-18T10:00:00,198.08711,Sistema
2023-11-18T11:00:00,191.49099,Sistema
2023-11-18T12:00:00,195.23294,Sistema
2023-11-18T13:00:00,193.05974,Sistema
2023-11-18T14:00:00,192.73574,Sistema
2023-11-18T15:00:00,191.8099,Sistema
2023-11-18T16:00:00,192.86652,Sistema
2023-11-18T17:00:00,195.29793,Sistema
2023-11-18T18:00:00,189.40824,Sistema
2023-11-18T19:00:00,177.09614,Sistema
2023-11-18T20:00:00,180.08081,Sistema
2023-11-18T21:00:00,185.29883,Sistema
2023-11-18T22:00:00,184.4927,Sistema
2023-11-18T23:00:00,186.93754,Sistema
2023-11-18T24:00:00,194.62772,Sistema
2023-11-19T01:00:00,199.93099,Sistema
2023-11-19T02:00:00,199.65148,Sistema
2023-11-19T03:00:00,201.79203,Sistema
2023-11-19T04:00:00,209.0914,Sistema
2023-11-19T05:00:00,207.34115,Sistema
2023-11-19T06:00:00,210.40505,Sistema
2023-11-19T07:00:00,202.30761,Sistema
2023-11-19T08:00:00,196.8451,Sistema
2023-11-19T09:00:00,206.30994,Sistema
2023-11-19T10:00:00,207.89889,Sistema
2023-11-19T11:00:00,205.21893,Sistema
2023-11-19T12:00:00,200.44158,Sistema
2023-11-19T13:00:00,207.08054,Sistema
2023-11-19T14:00:00,215.04809,Sistema
2023-11-19T15:00:00,213.91314,Sistema
2023-11-19T16:00:00,216.95287,Sistema
2023-11-19T17:00:00,213.00585,Sistema
2023-11-19T18:00:00,199.01193,Sistema
2023-11-19T19:00:00,191.59519,Sistema
2023-11-19T20:00:00,193.31449,Sistema
2023-11-19T21:00:00,196.38445,Sistema
2023-11-19T22:00:00,196.72547,Sistema
2023-11-19T23:00:00,206.23281,Sistema
2023-11-19T24:00:00,222.87826,Sistema
2023-11-20T01:00:00,221.67366,Sistema
2023-11-20T02:00:00,212.12823,Sistema
2023-11-20T03:00:00,188.17843,Sistema
2023-11-20T04:00:00,197.26816,Sistema
2023-11-20T05:00:00,199.26031,Sistema
2023-11-20T06:00:00,198.86529,Sistema
2023-11-20T07:00:00,201.45016,Sistema
2023-11-20T08:00:00,205.36906,Sistema
2023-11-20T09:00:00,208.75749,Sistema
2023-11-20T10:00:00,202.45575,Sistema
2023-11-20T11:00:00,196.42886,Sistema
2023-11-20T12:00:00,191.66754,Sistema
2023-11-20T13:00:00,193.55269,Sistema
2023-11-20T14:00:00,197.84591,Sistema
2023-11-20T15:00:00,202.74231,Sistema
2023-11-20T16:00:00,200.60135,Sistema
2023-11-20T17:00:00,194.54694,Sistema
2023-11-20T18:00:00,194.7833,Sistema
2023-11-20T19:00:00,183.97387,Sistema
2023-11-20T20:00:00,186.80445,Sistema
2023-11-20T21:00:00,192.78537,Sistema
2023-11-20T22:00:00,202.09029,Sistema
2023-11-20T23:00:00,205.11843,Sistema
2023-11-20T24:00:00,207.30464,Sistema
2023-11-21T01:00:00,195.01223,Sistema
2023-11-21T02:00:00,188.39806,Sistema
2023-11-21T03:00:00,174.54461,Sistema
2023-11-21T04:00:00,174.57062,Sistema
2023-11-21T05:00:00,169.75334,Sistema
2023-11-21T06:00:00,153.67365,Sistema
2023-11-21T07:00:00,149.83094,Sistema
2023-11-21T08:00:00,149.90417,Sistema
2023-11-21T09:00:00,155.29198,Sistema
2023-11-21T10:00:00,152.29488,Sistema
2023-11-21T11:00:00,158.15982,Sistema
2023-11-21T12:00:00,161.19528,Sistema
2023-11-21T13:00:00,166.73271,Sistema
2023-11-21T14:00:00,171.87577,Sistema
2023-11-21T15:00:00,182.99951,Sistema
2023-11-21T16:00:00,189.21626,Sistema
2023-11-21T17:00:00,189.37619,Sistema
2023-11-21T18:00:00,191.01173,Sistema
2023-11-21T19:00:00,183.68695,Sistema
2023-11-21T20:00:00,182.26813,Sistema
2023-11-21T21:00:00,185.13569,Sistema
2023-11-21T22:00:00,173.59048,Sistema
2023-11-21T23:00:00,171.75041,Sistema
2023-11-21T24:00:00,157.29342,Sistema
2023-11-22T01:00:00,153.23713,Sistema
2023-11-22T02:00:00,147.99274,Sistema
2023-11-22T03:00:00,146.6537,Sistema
2023-11-22T04:00:00,136.6141,Sistema
2023-11-22T05:00:00,138.8649,Sistema
2023-11-22T06:00:00,137.30922,Sistema
2023-11-22T07:00:00,135.76666,Sistema
2023-11-22T08:00:00,134.5506,Sistema
2023-11-22T09:00:00,143.21458,Sistema
2023-11-22T10:00:00,146.95986,Sistema
2023-11-22T11:00:00,153.34989,Sistema
2023-11-22T12:00:00,154.5436,Sistema
2023-11-22T13:00:00,162.07214,Sistema
2023-11-22T14:00:00,169.13032,Sistema
2023-11-22T15:00:00,165.35202,Sistema
2023-11-22T16:00:00,170.17072,Sistema
2023-11-22T17:00:00,170.03735,Sistema
2023-11-22T18:00:00,172.88714,Sistema
2023-11-22T19:00:00,172.06847,Sistema
2023-11-22T20:00:00,171.49083,Sistema
2023-11-22T21:00:00,171.19069,Sistema
2023-11-22T22:00:00,164.16938,Sistema
2023-11-22T23:00:00,159.03525,Sistema
2023-11-22T24:00:00,156.77632,Sistema
2023-11-23T01:00:00,142.26214,Sistema
2023-11-23T02:00:00,137.09621,Sistema
2023-11-23T03:00:00,142.84844,Sistema
2023-11-23T04:00:00,141.879,Sistema
2023-11-23T05:00:00,143.60054,Sistema
2023-11-23T06:00:00,141.94739,Sistema
2023-11-23T07:00:00,141.43774,Sistema
2023-11-23T08:00:00,137.28706,Sistema
2023-11-23T09:00:00,134.38133,Sistema
2023-11-23T10:00:00,141.41802,Sistema
2023-11-23T11:00:00,143.2811,Sistema
2023-11-23T12:00:00,139.7861,Sistema
2023-11-23T13:00:00,139.1266,Sistema
2023-11-23T14:00:00,143.61113,Sistema
2023-11-23T15:00:00,147.2057,Sistema
2023-11-23T16:00:00,155.9523,Sistema
2023-11-23T17:00:00,156.84417,Sistema
2023-11-23T18:00:00,163.09859,Sistema
2023-11-23T19:00:00,161.74684,Sistema
2023-11-23T20:00:00,162.73571,Sistema
2023-11-23T21:00:00,160.50342,Sistema
2023-11-23T22:00:00,159.22574,Sistema
2023-11-23T23:00:00,157.15831,Sistema
2023-11-23T24:00:00,155.72888,Sistema
2023-11-24T01:00:00,153.90639,Sistema
2023-11-24T02:00:00,148.7429,Sistema
2023-11-24T03:00:00,135.45057,Sistema
2023-11-24T04:00:00,137.71465,Sistema
2023-11-24T05:00:00,135.55252,Sistema
2023-11-24T06:00:00,121.63594,Sistema
2023-11-24T07:00:00,122.64001,Sistema
2023-11-24T08:00:00,126.83617,Sistema
2023-11-24T09:00:00,135.11184,Sistema
2023-11-24T10:00:00,144.62655,Sistema
2023-11-24T11:00:00,142.60185,Sistema
2023-11-24T12:00:00,148.26281,Sistema
2023-11-24T13:00:00,158.07767,Sistema
2023-11-24T14:00:00,163.00624,Sistema
2023-11-24T15:00:00,165.11672,Sistema
2023-11-24T16:00:00,166.21895,Sistema
2023-11-24T17:00:00,166.71507,Sistema
2023-11-24T18:00:00,175.9903,Sistema
2023-11-24T19:00:00,171.06448,Sistema
2023-11-24T20:00:00,174.47814,Sistema
2023-11-24T21:00:00,177.14719,Sistema
2023-11-24T22:00:00,175.44422,Sistema
2023-11-24T23:00:00,160.06717,Sistema
2023-11-24T24:00:00,153.64917,Sistema
2023-11-25T01:00:00,159.83895,Sistema
2023-11-25T02:00:00,171.77731,Sistema
2023-11-25T03:00:00,177.02653,Sistema
2023-11-25T04:00:00,180.61907,Sistema
2023-11-25T05:00:00,175.65591,Sistema
2023-11-25T06:00:00,180.46873,Sistema
2023-11-25T07:00:00,186.64544,Sistema
2023-11-25T08:00:00,176.82462,Sistema
2023-11-25T09:00:00,167.74244,Sistema
2023-11-25T10:00:00,157.74189,Sistema
2023-11-25T11:00:00,154.76791,Sistema
2023-11-25T12:00:00,152.34115,Sistema
2023-11-25T13:00:00,154.35623,Sistema
2023-11-25T14:00:00,156.42353,Sistema
2023-11-25T15:00:00,158.03612,Sistema
2023-11-25T16:00:00,159.70278,Sistema
2023-11-25T17:00:00,164.00704,Sistema
2023-11-25T18:00:00,169.46892,Sistema
2023-11-25T19:00:00,162.41138,Sistema
2023-11-25T20:00:00,170.07715,Sistema
2023-11-25T21:00:00,175.99071,Sistema
2023-11-25T22:00:00,185.18105,Sistema
2023-11-25T23:00:00,183.32856,Sistema
2023-11-25T24:00:00,190.80402,Sistema
2023-11-26T01:00:00,193.01685,Sistema
2023-11-26T02:00:00,193.24938,Sistema
2023-11-26T03:00:00,194.91588,Sistema
2023-11-26T04:00:00,197.14232,Sistema
2023-11-26T05:00:00,197.87442,Sistema
2023-11-26T06:00:00,187.86289,Sistema
2023-11-26T07:00:00,182.80761,Sistema
2023-11-26T08:00:00,176.01205,Sistema
2023-11-26T09:00:00,168.27737,Sistema
2023-11-26T10:00:00,161.84161,Sistema
2023-11-26T11:00:00,157.94192,Sistema
2023-11-26T12:00:00,150.83966,Sistema
2023-11-26T13:00:00,154.18222,Sistema
2023-11-26T14:00:00,162.2336,Sistema
2023-11-26T15:00:00,172.72053,Sistema
2023-11-26T16:00:00,171.92131,Sistema
2023-11-26T17:00:00,174.75704,Sistema
2023-11-26T18:00:00,171.55889,Sistema
2023-11-26T19:00:00,151.98108,Sistema
2023-11-26T20:00:00,151.82818,Sistema
2023-11-26T21:00:00,153.58968,Sistema
2023-11-26T22:00:00,155.05282,Sistema
2023-11-26T23:00:00,158.66258,Sistema
2023-11-26T24:00:00,165.91888,Sistema
2023-11-27T01:00:00,171.07223,Sistema
2023-11-27T02:00:00,166.57826,Sistema
2023-11-27T03:00:00,168.32697,Sistema
2023-11-27T04:00:00,170.92878,Sistema
2023-11-27T05:00:00,169.43523,Sistema
2023-11-27T06:00:00,171.24792,Sistema
2023-11-27T07:00:00,167.03847,Sistema
2023-11-27T08:00:00,158.19884,Sistema
2023-11-27T09:00:00,156.42204,Sistema
2023-11-27T10:00:00,151.49611,Sistema
2023-11-27T11:00:00,152.33303,Sistema
2023-11-27T12:00:00,156.94919,Sistema
2023-11-27T13:00:00,162.60721,Sistema
2023-11-27T14:00:00,165.65205,Sistema
2023-11-27T15:00:00,166.44967,Sistema
2023-11-27T16:00:00,173.32602,Sistema
2023-11-27T17:00:00,181.29255,Sistema
2023-11-27T18:00:00,184.95433,Sistema
2023-11-27T19:00:00,187.47248,Sistema
2023-11-27T20:00:00,187.64176,Sistema
2023-11-27T21:00:00,187.5004,Sistema
2023-11-27T22:00:00,195.76775,Sistema
2023-11-27T23:00:00,208.19338,Sistema
2023-11-27T24:00:00,214.59971,Sistema
2023-11-28T01:00:00,217.67412,Sistema
2023-11-28T02:00:00,209.51817,Sistema
2023-11-28T03:00:00,209.80453,Sistema
2023-11-28T04:00:00,214.58332,Sistema
2023-11-28T05:00:00,214.77789,Sistema
2023-11-28T06:00:00,208.46779,Sistema
2023-11-28T07:00:00,197.06723,Sistema
2023-11-28T08:00:00,184.51891,Sistema
2023-11-28T09:00:00,177.3916,Sistema
2023-11-28T10:00:00,176.1184,Sistema
2023-11-28T11:00:00,174.26102,Sistema
2023-11-28T12:00:00,170.81156,Sistema
2023-11-28T13:00:00,173.39521,Sistema
2023-11-28T14:00:00,183.07579,Sistema
2023-11-28T15:00:00,187.32276,Sistema
2023-11-28T16:00:00,191.87985,Sistema
2023-11-28T17:00:00,192.51895,Sistema
2023-11-28T18:00:00,192.83719,Sistema
2023-11-28T19:00:00,196.79544,Sistema
2023-11-28T20:00:00,197.94851,Sistema
2023-11-28T21:00:00,200.68188,Sistema
2023-11-28T22:00:00,207.75055,Sistema
2023-11-28T23:00:00,217.16339,Sistema
2023-11-28T24:00:00,218.69539,Sistema
2023-11-29T01:00:00,228.84558,Sistema
2023-11-29T02:00:00,218.52856,Sistema
2023-11-29T03:00:00,225.09673,Sistema
2023-11-29T04:00:00,230.85752,Sistema
2023-11-29T05:00:00,228.1589,Sistema
2023-11-29T06:00:00,227.35462,Sistema
2023-11-29T07:00:00,216.46945,Sistema
2023-11-29T08:00:00,203.41278,Sistema
2023-11-29T09:00:00,194.43038,Sistema
2023-11-29T10:00:00,195.9848,Sistema
2023-11-29T11:00:00,191.34059,Sistema
2023-11-29T12:00:00,185.843,Sistema
2023-11-29T13:00:00,193.13238,Sistema
2023-11-29T14:00:00,193.36686,Sistema
2023-11-29T15:00:00,193.19739,Sistema
2023-11-29T16:00:00,197.85387,Sistema
2023-11-29T17:00:00,198.63942,Sistema
2023-11-29T18:00:00,203.24248,Sistema
2023-11-29T19:00:00,198.20627,Sistema
2023-11-29T20:00:00,197.84177,Sistema
2023-11-29T21:00:00,204.38365,Sistema
2023-11-29T22:00:00,213.91623,Sistema
2023-11-29T23:00:00,230.1054,Sistema
2023-11-29T24:00:00,245.08155,Sistema
2023-11-30T01:00:00,252.09789,Sistema
2023-11-30T02:00:00,257.49161,Sistema
2023-11-30T03:00:00,261.91762,Sistema
2023-11-30T04:00:00,263.49147,Sistema
2023-11-30T05:00:00,262.45681,Sistema
2023-11-30T06:00:00,260.21961,Sistema
2023-11-30T07:00:00,256.48116,Sistema
2023-11-30T08:00:00,242.93479,Sistema
2023-11-30T09:00:00,242.01848,Sistema
2023-11-30T10:00:00,233.61731,Sistema
2023-11-30T11:00:00,224.94066,Sistema
2023-11-30T12:00:00,213.89345,Sistema
2023-11-30T13:00:00,213.71668,Sistema
2023-11-30T14:00:00,213.11917,Sistema
2023-11-30T15:00:00,206.81606,Sistema
2023-11-30T16:00:00,207.9851,Sistema
2023-11-30T17:00:00,213.58893,Sistema
2023-11-30T18:00:00,217.98112,Sistema
2023-11-30T19:00:00,210.24376,Sistema
2023-11-30T20:00:00,210.41923,Sistema
2023-11-30T21:00:00,218.05691,Sistema
2023-11-30T22:00:00,226.40374,Sistema
2023-11-30T23:00:00,234.50817,Sistema
2023-11-30T24:00:00,246.80125,Sistema
2023-12-01T01:00:00,263.41691,Sistema
2023-12-01T02:00:00,276.74729,Sistema
2023-12-01T03:00:00,277.47929,Sistema
2023-12-01T04:00:00,280.23385,Sistema
2023-12-01T05:00:00,283.64011,Sistema
2023-12-01T06:00:00,283.30113,Sistema
2023-12-01T07:00:00,281.49967,Sistema
2023-12-01T08:00:00,263.71426,Sistema
2023-12-01T09:00:00,247.99181,Sistema
2023-12-01T10:00:00,232.4984,Sistema
2023-12-01T11:00:00,213.95649,Sistema
2023-12-01T12:00:00,219.95354,Sistema
2023-12-01T13:00:00,231.76993,Sistema
2023-12-01T14:00:00,229.26911,Sistema
2023-12-01T15:00:00,222.39124,Sistema
2023-12-01T16:00:00,221.63811,Sistema
2023-12-01T17:00:00,225.72978,Sistema
2023-12-01T18:00:00,231.73468,Sistema
2023-12-01T19:00:00,231.0715,Sistema
2023-12-01T20:00:00,232.31124,Sistema
2023-12-01T21:00:00,237.90429,Sistema
2023-12-01T22:00:00,236.81183,Sistema
2023-12-01T23:00:00,246.96659,Sistema
2023-12-01T24:00:00,262.26196,Sistema
2023-12-02T01:00:00,273.70976,Sistema
2023-12-02T02:00:00,274.94793,Sistema
2023-12-02T03:00:00,277.97041,Sistema
2023-12-02T04:00:00,281.05227,Sistema
2023-12-02T05:00:00,275.79283,Sistema
2023-12-02T06:00:00,276.57345,Sistema
2023-12-02T07:00:00,270.97767,Sistema
2023-12-02T08:00:00,273.73071,Sistema
2023-12-02T09:00:00,263.46026,Sistema
2023-12-02T10:00:00,251.39188,Sistema
2023-12-02T11:00:00,243.47848,Sistema
2023-12-02T12:00:00,242.95816,Sistema
2023-12-02T13:00:00,253.19749,Sistema
2023-12-02T14:00:00,257.33824,Sistema
2023-12-02T15:00:00,259.62965,Sistema
2023-12-02T16:00:00,265.19756,Sistema
2023-12-02T17:00:00,269.1959,Sistema
2023-12-02T18:00:00,267.57133,Sistema
2023-12-02T19:00:00,254.08041,Sistema
2023-12-02T20:00:00,260.46859,Sistema
2023-12-02T21:00:00,266.24578,Sistema
2023-12-02T22:00:00,271.07595,Sistema
2023-12-02T23:00:00,273.31798,Sistema
2023-12-02T24:00:00,279.49183,Sistema
2023-12-03T01:00:00,288.32717,Sistema
2023-12-03T02:00:00,301.43971,Sistema
2023-12-03T03:00:00,317.21351,Sistema
2023-12-03T04:00:00,325.54799,Sistema
2023-12-03T05:00:00,332.53091,Sistema
2023-12-03T06:00:00,336.66874,Sistema
2023-12-03T07:00:00,337.84875,Sistema
2023-12-03T08:00:00,327.61832,Sistema
2023-12-03T09:00:00,314.67345,Sistema
2023-12-03T10:00:00,314.85009,Sistema
2023-12-03T11:00:00,315.74497,Sistema
2023-12-03T12:00:00,302.31248,Sistema
2023-12-03T13:00:00,293.43401,Sistema
2023-12-03T14:00:00,293.04434,Sistema
2023-12-03T15:00:00,294.81208,Sistema
2023-12-03T16:00:00,299.83435,Sistema
2023-12-03T17:00:00,310.00003,Sistema
2023-12-03T18:00:00,306.9895,Sistema
2023-12-03T19:00:00,282.73371,Sistema
2023-12-03T20:00:00,280.12826,Sistema
2023-12-03T21:00:00,284.89503,Sistema
2023-12-03T22:00:00,280.42192,Sistema
2023-12-03T23:00:00,280.73344,Sistema
2023-12-03T24:00:00,278.63332,Sistema
2023-12-04T01:00:00,282.18774,Sistema
2023-12-04T02:00:00,294.76836,Sistema
2023-12-04T03:00:00,298.81563,Sistema
2023-12-04T04:00:00,293.83134,Sistema
2023-12-04T05:00:00,292.40779,Sistema
2023-12-04T06:00:00,294.7738,Sistema
2023-12-04T07:00:00,300.63866,Sistema
2023-12-04T08:00:00,289.47674,Sistema
2023-12-04T09:00:00,278.72198,Sistema
2023-12-04T10:00:00,266.14665,Sistema
2023-12-04T11:00:00,255.48324,Sistema
2023-12-04T12:00:00,250.43472,Sistema
2023-12-04T13:00:00,257.07804,Sistema
2023-12-04T14:00:00,262.69504,Sistema
2023-12-04T15:00:00,257.44271,Sistema
2023-12-04T16:00:00,252.77932,Sistema
2023-12-04T17:00:00,256.93762,Sistema
2023-12-04T18:00:00,262.53382,Sistema
2023-12-04T19:00:00,253.0261,Sistema
2023-12-04T20:00:00,251.40432,Sistema
2023-12-04T21:00:00,246.69215,Sistema
2023-12-04T22:00:00,245.4917,Sistema
2023-12-04T23:00:00,239.23145,Sistema
2023-12-04T24:00:00,247.4846,Sistema
2023-12-05T01:00:00,258.82805,Sistema
2023-12-05T02:00:00,271.00944,Sistema
2023-12-05T03:00:00,275.65924,Sistema
2023-12-05T04:00:00,272.26581,Sistema
2023-12-05T05:00:00,275.50924,Sistema
2023-12-05T06:00:00,268.09163,Sistema
2023-12-05T07:00:00,258.57531,Sistema
2023-12-05T08:00:00,238.91115,Sistema
2023-12-05T09:00:00,227.60726,Sistema
2023-12-05T10:00:00,222.75356,Sistema
2023-12-05T11:00:00,215.05008,Sistema
2023-12-05T12:00:00,208.78779,Sistema
2023-12-05T13:00:00,206.83149,Sistema
2023-12-05T14:00:00,205.27666,Sistema
2023-12-05T15:00:00,211.47743,Sistema
2023-12-05T16:00:00,213.73771,Sistema
2023-12-05T17:00:00,218.33287,Sistema
2023-12-05T18:00:00,225.27573,Sistema
2023-12-05T19:00:00,219.1783,Sistema
2023-12-05T20:00:00,219.44713,Sistema
2023-12-05T21:00:00,222.83568,Sistema
2023-12-05T22:00:00,231.64012,Sistema
2023-12-05T23:00:00,245.97674,Sistema
2023-12-05T24:00:00,261.13026,Sistema
2023-12-06T01:00:00,284.39868,Sistema
2023-12-06T02:00:00,294.21354,Sistema
2023-12-06T03:00:00,301.76131,Sistema
2023-12-06T04:00:00,306.97803,Sistema
2023-12-06T05:00:00,306.04709,Sistema
2023-12-06T06:00:00,300.35896,Sistema
2023-12-06T07:00:00,284.87587,Sistema
2023-12-06T08:00:00,267.23335,Sistema
2023-12-06T09:00:00,253.9644,Sistema
2023-12-06T10:00:00,247.21713,Sistema
2023-12-06T11:00:00,246.41697,Sistema
2023-12-06T12:00:00,239.86862,Sistema
2023-12-06T13:00:00,240.99548,Sistema
2023-12-06T14:00:00,237.48746,Sistema
2023-12-06T15:00:00,233.35723,Sistema
2023-12-06T16:00:00,237.84978,Sistema
2023-12-06T17:00:00,240.69577,Sistema
2023-12-06T18:00:00,247.50225,Sistema
2023-12-06T19:00:00,236.8916,Sistema
2023-12-06T20:00:00,240.11355,Sistema
2023-12-06T21:00:00,243.33601,Sistema
2023-12-06T22:00:00,250.56648,Sistema
2023-12-06T23:00:00,257.1826,Sistema
2023-12-06T24:00:00,269.30536,Sistema
2023-12-07T01:00:00,280.27908,Sistema
2023-12-07T02:00:00,289.46587,Sistema
2023-12-07T03:00:00,296.54503,Sistema
2023-12-07T04:00:00,302.74601,Sistema
2023-12-07T05:00:00,309.05869,Sistema
2023-12-07T06:00:00,300.75165,Sistema
2023-12-07T07:00:00,291.34291,Sistema
2023-12-07T08:00:00,270.97222,Sistema
2023-12-07T09:00:00,255.8278,Sistema
2023-12-07T10:00:00,247.31186,Sistema
2023-12-07T11:00:00,240.44861,Sistema
2023-12-07T12:00:00,233.18777,Sistema
2023-12-07T13:00:00,234.55743,Sistema
2023-12-07T14:00:00,228.76563,Sistema
2023-12-07T15:00:00,214.45732,Sistema
2023-12-07T16:00:00,223.6576,Sistema
2023-12-07T17:00:00,237.07682,Sistema
2023-12-07T18:00:00,245.31698,Sistema
2023-12-07T19:00:00,239.00372,Sistema
2023-12-07T20:00:00,247.58403,Sistema
2023-12-07T21:00:00,255.97001,Sistema
2023-12-07T22:00:00,271.83518,Sistema
2023-12-07T23:00:00,278.70759,Sistema
2023-12-07T24:00:00,287.05439,Sistema
2023-12-08T01:00:00,302.4263,Sistema
2023-12-08T02:00:00,311.73842,Sistema
2023-12-08T03:00:00,319.1193,Sistema
2023-12-08T04:00:00,324.74373,Sistema
2023-12-08T05:00:00,326.59618,Sistema
2023-12-08T06:00:00,329.62968,Sistema
2023-12-08T07:00:00,338.44381,Sistema
2023-12-08T08:00:00,325.59179,Sistema
2023-12-08T09:00:00,311.08039,Sistema
2023-12-08T10:00:00,293.01233,Sistema
2023-12-08T11:00:00,280.02076,Sistema
2023-12-08T12:00:00,288.26452,Sistema
2023-12-08T13:00:00,285.39262,Sistema
2023-12-08T14:00:00,286.53861,Sistema
2023-12-08T15:00:00,290.45037,Sistema
2023-12-08T16:00:00,293.08835,Sistema
2023-12-08T17:00:00,294.96358,Sistema
2023-12-08T18:00:00,293.51454,Sistema
2023-12-08T19:00:00,269.17425,Sistema
2023-12-08T20:00:00,276.47103,Sistema
2023-12-08T21:00:00,272.1233,Sistema
2023-12-08T22:00:00,294.42475,Sistema
2023-12-08T23:00:00,291.73099,Sistema
2023-12-08T24:00:00,303.12651,Sistema
2023-12-09T01:00:00,313.69786,Sistema
2023-12-09T02:00:00,320.96243,Sistema
2023-12-09T03:00:00,320.03998,Sistema
2023-12-09T04:00:00,323.85164,Sistema
2023-12-09T05:00:00,325.09333,Sistema
2023-12-09T06:00:00,319.2381,Sistema
2023-12-09T07:00:00,311.77252,Sistema
2023-12-09T08:00:00,291.4549,Sistema
2023-12-09T09:00:00,275.60336,Sistema
2023-12-09T10:00:00,265.05551,Sistema
2023-12-09T11:00:00,253.92384,Sistema
2023-12-09T12:00:00,252.11057,Sistema
2023-12-09T13:00:00,262.31768,Sistema
2023-12-09T14:00:00,273.01514,Sistema
2023-12-09T15:00:00,273.75397,Sistema
2023-12-09T16:00:00,276.5611,Sistema
2023-12-09T17:00:00,280.18458,Sistema
2023-12-09T18:00:00,281.04929,Sistema
2023-12-09T19:00:00,261.33845,Sistema
2023-12-09T20:00:00,263.00587,Sistema
2023-12-09T21:00:00,272.28062,Sistema
2023-12-09T22:00:00,287.78167,Sistema
2023-12-09T23:00:00,294.02846,Sistema
2023-12-09T24:00:00,303.88957,Sistema
2023-12-10T01:00:00,324.77635,Sistema
2023-12-10T02:00:00,337.96784,Sistema
2023-12-10T03:00:00,353.39055,Sistema
2023-12-10T04:00:00,360.53207,Sistema
2023-12-10T05:00:00,361.10923,Sistema
2023-12-10T06:00:00,354.28673,Sistema
2023-12-10T07:00:00,360.53983,Sistema
2023-12-10T08:00:00,347.46806,Sistema
2023-12-10T09:00:00,335.98617,Sistema
2023-12-10T10:00:00,324.27625,Sistema
2023-12-10T11:00:00,319.95811,Sistema
2023-12-10T12:00:00,304.364,Sistema
2023-12-10T13:00:00,291.47918,Sistema
2023-12-10T14:00:00,295.3939,Sistema
2023-12-10T15:00:00,297.9468,Sistema
2023-12-10T16:00:00,300.15418,Sistema
2023-12-10T17:00:00,301.01973,Sistema
2023-12-10T18:00:00,296.89917,Sistema
2023-12-10T19:00:00,271.61958,Sistema
2023-12-10T20:00:00,268.86281,Sistema
2023-12-10T21:00:00,262.95274,Sistema
2023-12-10T22:00:00,268.80289,Sistema
2023-12-10T23:00:00,274.57011,Sistema
2023-12-10T24:00:00,287.17614,Sistema
2023-12-11T01:00:00,298.16537,Sistema
2023-12-11T02:00:00,306.0965,Sistema
2023-12-11T03:00:00,311.98806,Sistema
2023-12-11T04:00:00,319.39555,Sistema
2023-12-11T05:00:00,313.28526,Sistema
2023-12-11T06:00:00,303.81223,Sistema
2023-12-11T07:00:00,295.74353,Sistema
2023-12-11T08:00:00,274.57914,Sistema
2023-12-11T09:00:00,256.82762,Sistema
2023-12-11T10:00:00,249.16896,Sistema
2023-12-11T11:00:00,249.32396,Sistema
2023-12-11T12:00:00,246.97229,Sistema
2023-12-11T13:00:00,256.77965,Sistema
2023-12-11T14:00:00,254.45267,Sistema
2023-12-11T15:00:00,245.83177,Sistema
2023-12-11T16:00:00,251.28813,Sistema
2023-12-11T17:00:00,259.33471,Sistema
2023-12-11T18:00:00,269.23087,Sistema
2023-12-11T19:00:00,255.33238,Sistema
2023-12-11T20:00:00,253.21582,Sistema
2023-12-11T21:00:00,260.93485,Sistema
2023-12-11T22:00:00,269.67279,Sistema
2023-12-11T23:00:00,279.5552,Sistema
2023-12-11T24:00:00,289.27308,Sistema
2023-12-12T01:00:00,316.94966,Sistema
2023-12-12T02:00:00,317.04714,Sistema
2023-12-12T03:00:00,318.74142,Sistema
2023-12-12T04:00:00,322.4888,Sistema
2023-12-12T05:00:00,317.62627,Sistema
2023-12-12T06:00:00,311.90055,Sistema
2023-12-12T07:00:00,305.572,Sistema
2023-12-12T08:00:00,288.52812,Sistema
2023-12-12T09:00:00,274.5988,Sistema
2023-12-12T10:00:00,264.56928,Sistema
2023-12-12T11:00:00,254.12519,Sistema
2023-12-12T12:00:00,244.11393,Sistema
2023-12-12T13:00:00,244.01272,Sistema
2023-12-12T14:00:00,244.37844,Sistema
2023-12-12T15:00:00,246.59089,Sistema
2023-12-12T16:00:00,248.56289,Sistema
2023-12-12T17:00:00,253.5785,Sistema
2023-12-12T18:00:00,262.9834,Sistema
2023-12-12T19:00:00,253.15868,Sistema
2023-12-12T20:00:00,253.64283,Sistema
2023-12-12T21:00:00,259.94554,Sistema
2023-12-12T22:00:00,267.02896,Sistema
2023-12-12T23:00:00,275.00406,Sistema
2023-12-12T24:00:00,286.48991,Sistema
2023-12-13T01:00:00,323.40076,Sistema
2023-12-13T02:00:00,332.4085,Sistema
2023-12-13T03:00:00,334.68309,Sistema
2023-12-13T04:00:00,335.47208,Sistema
2023-12-13T05:00:00,338.07037,Sistema
2023-12-13T06:00:00,331.00879,Sistema
2023-12-13T07:00:00,322.17812,Sistema
2023-12-13T08:00:00,291.18296,Sistema
2023-12-13T09:00:00,275.2867,Sistema
2023-12-13T10:00:00,272.78131,Sistema
2023-12-13T11:00:00,271.68043,Sistema
2023-12-13T12:00:00,255.65721,Sistema
2023-12-13T13:00:00,259.01394,Sistema
2023-12-13T14:00:00,254.9368,Sistema
2023-12-13T15:00:00,251.36309,Sistema
2023-12-13T16:00:00,251.31769,Sistema
2023-12-13T17:00:00,256.08706,Sistema
2023-12-13T18:00:00,256.63486,Sistema
2023-12-13T19:00:00,252.91336,Sistema
2023-12-13T20:00:00,252.48852,Sistema
2023-12-13T21:00:00,260.26677,Sistema
2023-12-13T22:00:00,265.35358,Sistema
2023-12-13T23:00:00,279.85354,Sistema
2023-12-13T24:00:00,286.51837,Sistema
2023-12-14T01:00:00,302.04142,Sistema
2023-12-14T02:00:00,311.41995,Sistema
2023-12-14T03:00:00,319.87201,Sistema
2023-12-14T04:00:00,333.19028,Sistema
2023-12-14T05:00:00,335.36865,Sistema
2023-12-14T06:00:00,331.01614,Sistema
2023-12-14T07:00:00,328.56857,Sistema
2023-12-14T08:00:00,321.38767,Sistema
2023-12-14T09:00:00,306.51003,Sistema
2023-12-14T10:00:00,299.49644,Sistema
2023-12-14T11:00:00,281.0127,Sistema
2023-12-14T12:00:00,273.04066,Sistema
2023-12-14T13:00:00,269.79744,Sistema
2023-12-14T14:00:00,247.0588,Sistema
2023-12-14T15:00:00,243.88519,Sistema
2023-12-14T16:00:00,244.0689,Sistema
2023-12-14T17:00:00,245.37337,Sistema
2023-12-14T18:00:00,257.18162,Sistema
2023-12-14T19:00:00,244.45549,Sistema
2023-12-14T20:00:00,244.54582,Sistema
2023-12-14T21:00:00,253.31455,Sistema
2023-12-14T22:00:00,270.03107,Sistema
2023-12-14T23:00:00,285.74718,Sistema
2023-12-14T24:00:00,305.59023,Sistema
2023-12-15T01:00:00,320.36709,Sistema
2023-12-15T02:00:00,332.96416,Sistema
2023-12-15T03:00:00,330.58967,Sistema
2023-12-15T04:00:00,334.34096,Sistema
2023-12-15T05:00:00,333.75724,Sistema
2023-12-15T06:00:00,325.20169,Sistema
2023-12-15T07:00:00,316.19561,Sistema
2023-12-15T08:00:00,293.57531,Sistema
2023-12-15T09:00:00,284.74845,Sistema
2023-12-15T10:00:00,280.23472,Sistema
2023-12-15T11:00:00,274.89502,Sistema
2023-12-15T12:00:00,272.28342,Sistema
2023-12-15T13:00:00,274.93448,Sistema
2023-12-15T14:00:00,278.01668,Sistema
2023-12-15T15:00:00,272.26156,Sistema
2023-12-15T16:00:00,274.0928,Sistema
2023-12-15T17:00:00,281.7098,Sistema
2023-12-15T18:00:00,283.36476,Sistema
2023-12-15T19:00:00,273.72834,Sistema
2023-12-15T20:00:00,276.35094,Sistema
2023-12-15T21:00:00,283.55379,Sistema
2023-12-15T22:00:00,293.56644,Sistema
2023-12-15T23:00:00,302.08457,Sistema
2023-12-15T24:00:00,316.77104,Sistema
2023-12-16T01:00:00,322.34747,Sistema
2023-12-16T02:00:00,326.03359,Sistema
2023-12-16T03:00:00,337.26775,Sistema
2023-12-16T04:00:00,349.67414,Sistema
2023-12-16T05:00:00,348.34425,Sistema
2023-12-16T06:00:00,349.84266,Sistema
2023-12-16T07:00:00,350.30373,Sistema
2023-12-16T08:00:00,331.02434,Sistema
2023-12-16T09:00:00,306.4594,Sistema
2023-12-16T10:00:00,297.25986,Sistema
2023-12-16T11:00:00,292.97131,Sistema
2023-12-16T12:00:00,288.32807,Sistema
2023-12-16T13:00:00,288.74371,Sistema
2023-12-16T14:00:00,291.67712,Sistema
2023-12-16T15:00:00,293.21332,Sistema
2023-12-16T16:00:00,296.38762,Sistema
2023-12-16T17:00:00,301.57771,Sistema
2023-12-16T18:00:00,298.14723,Sistema
2023-12-16T19:00:00,284.28302,Sistema
2023-12-16T20:00:00,288.6057,Sistema
2023-12-16T21:00:00,295.57394,Sistema
2023-12-16T22:00:00,299.68632,Sistema
2023-12-16T23:00:00,309.62087,Sistema
2023-12-16T24:00:00,323.86274,Sistema
2023-12-17T01:00:00,344.04192,Sistema
2023-12-17T02:00:00,349.53011,Sistema
2023-12-17T03:00:00,369.7126,Sistema
2023-12-17T04:00:00,378.59914,Sistema
2023-12-17T05:00:00,383.80432,Sistema
2023-12-17T06:00:00,386.18544,Sistema
2023-12-17T07:00:00,387.92138,Sistema
2023-12-17T08:00:00,371.48234,Sistema
2023-12-17T09:00:00,369.30328,Sistema
2023-12-17T10:00:00,364.10158,Sistema
2023-12-17T11:00:00,334.41336,Sistema
2023-12-17T12:00:00,328.98151,Sistema
2023-12-17T13:00:00,320.58855,Sistema
2023-12-17T14:00:00,317.35531,Sistema
2023-12-17T15:00:00,318.15088,Sistema
2023-12-17T16:00:00,327.27324,Sistema
2023-12-17T17:00:00,329.86834,Sistema
2023-12-17T18:00:00,329.88881,Sistema
2023-12-17T19:00:00,300.53707,Sistema
2023-12-17T20:00:00,292.3796,Sistema
2023-12-17T21:00:00,294.17493,Sistema
2023-12-17T22:00:00,292.8851,Sistema
2023-12-17T23:00:00,303.0318,Sistema
2023-12-17T24:00:00,321.91993,Sistema
2023-12-18T01:00:00,327.66593,Sistema
2023-12-18T02:00:00,325.57207,Sistema
2023-12-18T03:00:00,326.25795,Sistema
2023-12-18T04:00:00,324.55244,Sistema
2023-12-18T05:00:00,321.15621,Sistema
2023-12-18T06:00:00,313.12827,Sistema
2023-12-18T07:00:00,302.03225,Sistema
2023-12-18T08:00:00,273.81075,Sistema
2023-12-18T09:00:00,261.46229,Sistema
2023-12-18T10:00:00,248.54904,Sistema
2023-12-18T11:00:00,239.14723,Sistema
2023-12-18T12:00:00,231.80165,Sistema
2023-12-18T13:00:00,233.26121,Sistema
2023-12-18T14:00:00,233.93064,Sistema
2023-12-18T15:00:00,229.60136,Sistema
2023-12-18T16:00:00,234.45621,Sistema
2023-12-18T17:00:00,239.17615,Sistema
2023-12-18T18:00:00,238.27243,Sistema
2023-12-18T19:00:00,224.59235,Sistema
2023-12-18T20:00:00,222.32284,Sistema
2023-12-18T21:00:00,225.18914,Sistema
2023-12-18T22:00:00,227.74491,Sistema
2023-12-18T23:00:00,239.09029,Sistema
2023-12-18T24:00:00,253.76869,Sistema
2023-12-19T01:00:00,250.3096,Sistema
2023-12-19T02:00:00,248.56082,Sistema
2023-12-19T03:00:00,253.04105,Sistema
2023-12-19T04:00:00,250.59497,Sistema
2023-12-19T05:00:00,242.27408,Sistema
2023-12-19T06:00:00,251.31621,Sistema
2023-12-19T07:00:00,255.83254,Sistema
2023-12-19T08:00:00,253.22795,Sistema
2023-12-19T09:00:00,243.82105,Sistema
2023-12-19T10:00:00,242.15863,Sistema
2023-12-19T11:00:00,238.99298,Sistema
2023-12-19T12:00:00,246.10953,Sistema
2023-12-19T13:00:00,241.09129,Sistema
2023-12-19T14:00:00,243.20965,Sistema
2023-12-19T15:00:00,239.17737,Sistema
2023-12-19T16:00:00,238.52457,Sistema
2023-12-19T17:00:00,243.99665,Sistema
2023-12-19T18:00:00,257.58291,Sistema
2023-12-19T19:00:00,257.39188,Sistema
2023-12-19T20:00:00,257.28615,Sistema
2023-12-19T21:00:00,247.13956,Sistema
2023-12-19T22:00:00,250.81674,Sistema
2023-12-19T23:00:00,256.55851,Sistema
2023-12-19T24:00:00,263.42031,Sistema
2023-12-20T01:00:00,245.05381,Sistema
2023-12-20T02:00:00,224.8152,Sistema
2023-12-20T03:00:00,219.91769,Sistema
2023-12-20T04:00:00,219.55049,Sistema
2023-12-20T05:00:00,224.94311,Sistema
2023-12-20T06:00:00,234.53844,Sistema
2023-12-20T07:00:00,228.74184,Sistema
2023-12-20T08:00:00,217.45614,Sistema
2023-12-20T09:00:00,216.01149,Sistema
2023-12-20T10:00:00,211.15302,Sistema
2023-12-20T11:00:00,214.56788,Sistema
2023-12-20T12:00:00,212.46171,Sistema
2023-12-20T13:00:00,208.15504,Sistema
2023-12-20T14:00:00,211.303,Sistema
2023-12-20T15:00:00,209.5227,Sistema
2023-12-20T16:00:00,212.14619,Sistema
2023-12-20T17:00:00,215.75595,Sistema
2023-12-20T18:00:00,218.27875,Sistema
2023-12-20T19:00:00,207.51783,Sistema
2023-12-20T20:00:00,206.16906,Sistema
2023-12-20T21:00:00,205.05052,Sistema
2023-12-20T22:00:00,215.37751,Sistema
2023-12-20T23:00:00,222.4929,Sistema
2023-12-20T24:00:00,235.18791,Sistema
2023-12-21T01:00:00,224.12607,Sistema
2023-12-21T02:00:00,215.43216,Sistema
2023-12-21T03:00:00,212.51757,Sistema
2023-12-21T04:00:00,210.69667,Sistema
2023-12-21T05:00:00,209.17105,Sistema
2023-12-21T06:00:00,206.35216,Sistema
2023-12-21T07:00:00,206.97241,Sistema
2023-12-21T08:00:00,200.95089,Sistema
2023-12-21T09:00:00,197.79538,Sistema
2023-12-21T10:00:00,193.20591,Sistema
2023-12-21T11:00:00,185.53276,Sistema
2023-12-21T12:00:00,181.15469,Sistema
2023-12-21T13:00:00,183.6782,Sistema
2023-12-21T14:00:00,183.14012,Sistema
2023-12-21T15:00:00,182.10143,Sistema
2023-12-21T16:00:00,185.80396,Sistema
2023-12-21T17:00:00,192.37835,Sistema
2023-12-21T18:00:00,198.45627,Sistema
2023-12-21T19:00:00,189.33009,Sistema
2023-12-21T20:00:00,184.95316,Sistema
2023-12-21T21:00:00,189.27552,Sistema
2023-12-21T22:00:00,190.1256,Sistema
2023-12-21T23:00:00,197.9722,Sistema
2023-12-21T24:00:00,200.91597,Sistema
2023-12-22T01:00:00,205.07279,Sistema
2023-12-22T02:00:00,208.89639,Sistema
2023-12-22T03:00:00,211.58925,Sistema
2023-12-22T04:00:00,208.74,Sistema
2023-12-22T05:00:00,207.07949,Sistema
2023-12-22T06:00:00,205.41115,Sistema
2023-12-22T07:00:00,196.3901,Sistema
2023-12-22T08:00:00,187.11233,Sistema
2023-12-22T09:00:00,178.71189,Sistema
2023-12-22T10:00:00,173.4853,Sistema
2023-12-22T11:00:00,171.91795,Sistema
2023-12-22T12:00:00,171.63712,Sistema
2023-12-22T13:00:00,170.99344,Sistema
2023-12-22T14:00:00,169.38334,Sistema
2023-12-22T15:00:00,168.36931,Sistema
2023-12-22T16:00:00,170.08606,Sistema
2023-12-22T17:00:00,175.15521,Sistema
2023-12-22T18:00:00,176.78166,Sistema
2023-12-22T19:00:00,169.77047,Sistema
2023-12-22T20:00:00,173.10354,Sistema
2023-12-22T21:00:00,174.2685,Sistema
2023-12-22T22:00:00,181.70532,Sistema
2023-12-22T23:00:00,186.32429,Sistema
2023-12-22T24:00:00,201.87692,Sistema
2023-12-23T01:00:00,210.14716,Sistema
2023-12-23T02:00:00,218.90045,Sistema
2023-12-23T03:00:00,233.80156,Sistema
2023-12-23T04:00:00,239.75293,Sistema
2023-12-23T05:00:00,238.69556,Sistema
2023-12-23T06:00:00,236.00108,Sistema
2023-12-23T07:00:00,237.83871,Sistema
2023-12-23T08:00:00,230.83373,Sistema
2023-12-23T09:00:00,224.80878,Sistema
2023-12-23T10:00:00,219.01278,Sistema
2023-12-23T11:00:00,212.6059,Sistema
2023-12-23T12:00:00,211.28638,Sistema
2023-12-23T13:00:00,214.72691,Sistema
2023-12-23T14:00:00,216.40003,Sistema
2023-12-23T15:00:00,216.47623,Sistema
2023-12-23T16:00:00,216.62283,Sistema
2023-12-23T17:00:00,221.27926,Sistema
2023-12-23T18:00:00,226.46378,Sistema
2023-12-23T19:00:00,212.23903,Sistema
2023-12-23T20:00:00,212.17103,Sistema
2023-12-23T21:00:00,218.46348,Sistema
2023-12-23T22:00:00,224.92961,Sistema
2023-12-23T23:00:00,233.48671,Sistema
2023-12-23T24:00:00,251.00845,Sistema
2023-12-24T01:00:00,264.08117,Sistema
2023-12-24T02:00:00,282.0906,Sistema
2023-12-24T03:00:00,288.02903,Sistema
2023-12-24T04:00:00,299.77177,Sistema
2023-12-24T05:00:00,294.76578,Sistema
2023-12-24T06:00:00,292.88878,Sistema
2023-12-24T07:00:00,306.70564,Sistema
2023-12-24T08:00:00,294.6589,Sistema
2023-12-24T09:00:00,287.32393,Sistema
2023-12-24T10:00:00,276.30108,Sistema
2023-12-24T11:00:00,278.4635,Sistema
2023-12-24T12:00:00,275.53004,Sistema
2023-12-24T13:00:00,275.10517,Sistema
2023-12-24T14:00:00,273.58501,Sistema
2023-12-24T15:00:00,273.10094,Sistema
2023-12-24T16:00:00,274.10099,Sistema
2023-12-24T17:00:00,277.47859,Sistema
2023-12-24T18:00:00,275.79111,Sistema
2023-12-24T19:00:00,250.74068,Sistema
2023-12-24T20:00:00,252.42224,Sistema
2023-12-24T21:00:00,263.92709,Sistema
2023-12-24T22:00:00,281.10246,Sistema
2023-12-24T23:00:00,296.77236,Sistema
2023-12-24T24:00:00,300.27122,Sistema
2023-12-25T01:00:00,306.28913,Sistema
2023-12-25T02:00:00,308.80535,Sistema
2023-12-25T03:00:00,315.78987,Sistema
2023-12-25T04:00:00,316.70961,Sistema
2023-12-25T05:00:00,310.7698,Sistema
2023-12-25T06:00:00,301.12873,Sistema
2023-12-25T07:00:00,308.06416,Sistema
2023-12-25T08:00:00,309.5827,Sistema
2023-12-25T09:00:00,305.1597,Sistema
2023-12-25T10:00:00,297.60043,Sistema
2023-12-25T11:00:00,287.99529,Sistema
2023-12-25T12:00:00,281.24858,Sistema
2023-12-25T13:00:00,282.15597,Sistema
2023-12-25T14:00:00,294.45677,Sistema
2023-12-25T15:00:00,299.54516,Sistema
2023-12-25T16:00:00,304.18277,Sistema
2023-12-25T17:00:00,309.18506,Sistema
2023-12-25T18:00:00,312.60545,Sistema
2023-12-25T19:00:00,285.35266,Sistema
2023-12-25T20:00:00,288.85896,Sistema
2023-12-25T21:00:00,293.98217,Sistema
2023-12-25T22:00:00,303.72368,Sistema
2023-12-25T23:00:00,315.63564,Sistema
2023-12-25T24:00:00,312.35882,Sistema
2023-12-26T01:00:00,277.36078,Sistema
2023-12-26T02:00:00,250.82751,Sistema
2023-12-26T03:00:00,236.72113,Sistema
2023-12-26T04:00:00,243.21495,Sistema
2023-12-26T05:00:00,241.76012,Sistema
2023-12-26T06:00:00,238.66194,Sistema
2023-12-26T07:00:00,239.67748,Sistema
2023-12-26T08:00:00,250.22303,Sistema
2023-12-26T09:00:00,247.61136,Sistema
2023-12-26T10:00:00,237.15633,Sistema
2023-12-26T11:00:00,235.72769,Sistema
2023-12-26T12:00:00,235.16844,Sistema
2023-12-26T13:00:00,236.21221,Sistema
2023-12-26T14:00:00,233.42031,Sistema
2023-12-26T15:00:00,228.27577,Sistema
2023-12-26T16:00:00,228.95663,Sistema
2023-12-26T17:00:00,232.37602,Sistema
2023-12-26T18:00:00,237.99227,Sistema
2023-12-26T19:00:00,243.78344,Sistema
2023-12-26T20:00:00,236.99857,Sistema
2023-12-26T21:00:00,234.51405,Sistema
2023-12-26T22:00:00,229.35663,Sistema
2023-12-26T23:00:00,223.89892,Sistema
2023-12-26T24:00:00,231.28419,Sistema
2023-12-27T01:00:00,246.41166,Sistema
2023-12-27T02:00:00,247.0857,Sistema
2023-12-27T03:00:00,242.13854,Sistema
2023-12-27T04:00:00,243.00099,Sistema
2023-12-27T05:00:00,240.68949,Sistema
2023-12-27T06:00:00,240.57802,Sistema
2023-12-27T07:00:00,239.51961,Sistema
2023-12-27T08:00:00,232.124,Sistema
2023-12-27T09:00:00,229.65972,Sistema
2023-12-27T10:00:00,227.81446,Sistema
2023-12-27T11:00:00,223.77539,Sistema
2023-12-27T12:00:00,225.547,Sistema
2023-12-27T13:00:00,227.78666,Sistema
2023-12-27T14:00:00,235.77673,Sistema
2023-12-27T15:00:00,236.50748,Sistema
2023-12-27T16:00:00,232.21623,Sistema
2023-12-27T17:00:00,234.54762,Sistema
2023-12-27T18:00:00,247.5207,Sistema
2023-12-27T19:00:00,243.1923,Sistema
2023-12-27T20:00:00,236.32367,Sistema
2023-12-27T21:00:00,234.95558,Sistema
2023-12-27T22:00:00,228.84615,Sistema
2023-12-27T23:00:00,229.40593,Sistema
2023-12-27T24:00:00,234.03728,Sistema
2023-12-28T01:00:00,241.00523,Sistema
2023-12-28T02:00:00,245.98727,Sistema
2023-12-28T03:00:00,250.89996,Sistema
2023-12-28T04:00:00,251.97389,Sistema
2023-12-28T05:00:00,250.23829,Sistema
2023-12-28T06:00:00,251.36507,Sistema
2023-12-28T07:00:00,253.22159,Sistema
2023-12-28T08:00:00,241.2628,Sistema
2023-12-28T09:00:00,231.7231,Sistema
2023-12-28T10:00:00,233.62181,Sistema
2023-12-28T11:00:00,246.72374,Sistema
2023-12-28T12:00:00,243.06649,Sistema
2023-12-28T13:00:00,245.42891,Sistema
2023-12-28T14:00:00,244.94656,Sistema
2023-12-28T15:00:00,238.42592,Sistema
2023-12-28T16:00:00,237.72078,Sistema
2023-12-28T17:00:00,237.54548,Sistema
2023-12-28T18:00:00,237.36721,Sistema
2023-12-28T19:00:00,226.72319,Sistema
2023-12-28T20:00:00,219.89807,Sistema
2023-12-28T21:00:00,219.64434,Sistema
2023-12-28T22:00:00,210.19592,Sistema
2023-12-28T23:00:00,209.3776,Sistema
2023-12-28T24:00:00,218.68236,Sistema
2023-12-29T01:00:00,231.32846,Sistema
2023-12-29T02:00:00,237.74203,Sistema
2023-12-29T03:00:00,239.21409,Sistema
2023-12-29T04:00:00,243.39583,Sistema
2023-12-29T05:00:00,249.67727,Sistema
2023-12-29T06:00:00,254.70136,Sistema
2023-12-29T07:00:00,256.02167,Sistema
2023-12-29T08:00:00,252.84826,Sistema
2023-12-29T09:00:00,249.46346,Sistema
2023-12-29T10:00:00,238.99747,Sistema
2023-12-29T11:00:00,234.85335,Sistema
2023-12-29T12:00:00,232.51634,Sistema
2023-12-29T13:00:00,231.81235,Sistema
2023-12-29T14:00:00,232.8211,Sistema
2023-12-29T15:00:00,230.52182,Sistema
2023-12-29T16:00:00,226.45353,Sistema
2023-12-29T17:00:00,230.48519,Sistema
2023-12-29T18:00:00,231.74545,Sistema
2023-12-29T19:00:00,221.03154,Sistema
2023-12-29T20:00:00,215.91517,Sistema
2023-12-29T21:00:00,211.59298,Sistema
2023-12-29T22:00:00,207.52533,Sistema
2023-12-29T23:00:00,215.60361,Sistema
2023-12-29T24:00:00,226.26547,Sistema
2023-12-30T01:00:00,208.7952,Sistema
2023-12-30T02:00:00,189.48423,Sistema
2023-12-30T03:00:00,176.80424,Sistema
2023-12-30T04:00:00,162.06904,Sistema
2023-12-30T05:00:00,143.30574,Sistema
2023-12-30T06:00:00,133.45867,Sistema
2023-12-30T07:00:00,133.11463,Sistema
2023-12-30T08:00:00,127.49015,Sistema
2023-12-30T09:00:00,115.24153,Sistema
2023-12-30T10:00:00,110.8505,Sistema
2023-12-30T11:00:00,109.10791,Sistema
2023-12-30T12:00:00,110.42959,Sistema
2023-12-30T13:00:00,111.59345,Sistema
2023-12-30T14:00:00,114.69434,Sistema
2023-12-30T15:00:00,114.34829,Sistema
2023-12-30T16:00:00,111.12622,Sistema
2023-12-30T17:00:00,117.07636,Sistema
2023-12-30T18:00:00,132.8476,Sistema
2023-12-30T19:00:00,130.26037,Sistema
2023-12-30T20:00:00,126.87522,Sistema
2023-12-30T21:00:00,128.20951,Sistema
2023-12-30T22:00:00,126.12128,Sistema
2023-12-30T23:00:00,117.01577,Sistema
2023-12-30T24:00:00,111.77446,Sistema
2023-12-31T01:00:00,118.89924,Sistema
2023-12-31T02:00:00,115.2839,Sistema
2023-12-31T03:00:00,103.66584,Sistema
2023-12-31T04:00:00,99.35708,Sistema
2023-12-31T05:00:00,94.41494,Sistema
2023-12-31T06:00:00,94.55677,Sistema
2023-12-31T07:00:00,97.17051,Sistema
2023-12-31T08:00:00,96.02391,Sistema
2023-12-31T09:00:00,97.52814,Sistema
2023-12-31T10:00:00,94.46096,Sistema
2023-12-31T11:00:00,93.01309,Sistema
2023-12-31T12:00:00,91.20286,Sistema
2023-12-31T13:00:00,89.66674,Sistema
2023-12-31T14:00:00,92.48302,Sistema
2023-12-31T15:00:00,95.27834,Sistema
2023-12-31T16:00:00,98.79715,Sistema
2023-12-31T17:00:00,107.54315,Sistema
2023-12-31T18:00:00,108.82249,Sistema
2023-12-31T19:00:00,108.15195,Sistema
2023-12-31T20:00:00,103.70004,Sistema
2023-12-31T21:00:00,100.83172,Sistema
2023-12-31T22:00:00,102.01471,Sistema
2023-12-31T23:00:00,106.56267,Sistema
2023-12-31T24:00:00,109.4973,Sistema
