fecha_hora,valor,id
2023-01-01T01:00:00,235.32708,Sistema
2023-01-01T02:00:00,237.4847,Sistema
2023-01-01T03:00:00,237.47185,Sistema
2023-01-01T04:00:00,235.48528,Sistema
2023-01-01T05:00:00,228.38619,Sistema
2023-01-01T06:00:00,226.98583,Sistema
2023-01-01T07:00:00,218.97985,Sistema
2023-01-01T08:00:00,219.05194,Sistema
2023-01-01T09:00:00,218.39071,Sistema
2023-01-01T10:00:00,235.25346,Sistema
2023-01-01T11:00:00,229.0655,Sistema
2023-01-01T12:00:00,224.29173,Sistema
2023-01-01T13:00:00,217.88991,Sistema
2023-01-01T14:00:00,214.62547,Sistema
2023-01-01T15:00:00,215.014,Sistema
2023-01-01T16:00:00,217.48451,Sistema
2023-01-01T17:00:00,220.43711,Sistema
2023-01-01T18:00:00,219.33646,Sistema
2023-01-01T19:00:00,190.67855,Sistema
2023-01-01T20:00:00,187.0634,Sistema
2023-01-01T21:00:00,188.84904,Sistema
2023-01-01T22:00:00,192.1119,Sistema
2023-01-01T23:00:00,199.76417,Sistema
2023-01-01T24:00:00,211.44112,Sistema
2023-01-02T01:00:00,222.75153,Sistema
2023-01-02T02:00:00,231.91516,Sistema
2023-01-02T03:00:00,231.74329,Sistema
2023-01-02T04:00:00,223.34216,Sistema
2023-01-02T05:00:00,226.83172,Sistema
2023-01-02T06:00:00,224.97386,Sistema
2023-01-02T07:00:00,223.11088,Sistema
2023-01-02T08:00:00,210.84391,Sistema
2023-01-02T09:00:00,200.87403,Sistema
2023-01-02T10:00:00,188.75392,Sistema
2023-01-02T11:00:00,179.19516,Sistema
2023-01-02T12:00:00,174.07796,Sistema
2023-01-02T13:00:00,171.07431,Sistema
2023-01-02T14:00:00,170.57762,Sistema
2023-01-02T15:00:00,162.14948,Sistema
2023-01-02T16:00:00,163.06131,Sistema
2023-01-02T17:00:00,169.37279,Sistema
2023-01-02T18:00:00,179.87008,Sistema
2023-01-02T19:00:00,165.21137,Sistema
2023-01-02T20:00:00,161.05893,Sistema
2023-01-02T21:00:00,163.52349,Sistema
2023-01-02T22:00:00,169.95279,Sistema
2023-01-02T23:00:00,177.05663,Sistema
2023-01-02T24:00:00,185.76543,Sistema
2023-01-03T01:00:00,198.65769,Sistema
2023-01-03T02:00:00,207.30885,Sistema
2023-01-03T03:00:00,206.58393,Sistema
2023-01-03T04:00:00,198.25808,Sistema
2023-01-03T05:00:00,195.18063,Sistema
2023-01-03T06:00:00,194.6212,Sistema
2023-01-03T07:00:00,193.77845,Sistema
2023-01-03T08:00:00,183.02979,Sistema
2023-01-03T09:00:00,173.11987,Sistema
2023-01-03T10:00:00,168.59061,Sistema
2023-01-03T11:00:00,163.73271,Sistema
2023-01-03T12:00:00,158.86996,Sistema
2023-01-03T13:00:00,158.4577,Sistema
2023-01-03T14:00:00,159.27997,Sistema
2023-01-03T15:00:00,158.30445,Sistema
2023-01-03T16:00:00,158.23855,Sistema
2023-01-03T17:00:00,161.52371,Sistema
2023-01-03T18:00:00,166.01581,Sistema
2023-01-03T19:00:00,155.64143,Sistema
2023-01-03T20:00:00,155.75127,Sistema
2023-01-03T21:00:00,160.94666,Sistema
2023-01-03T22:00:00,166.38289,Sistema
2023-01-03T23:00:00,176.78986,Sistema
2023-01-03T24:00:00,185.01891,Sistema
2023-01-04T01:00:00,191.77233,Sistema
2023-01-04T02:00:00,196.88192,Sistema
2023-01-04T03:00:00,198.25286,Sistema
2023-01-04T04:00:00,191.3693,Sistema
2023-01-04T05:00:00,186.88202,Sistema
2023-01-04T06:00:00,183.77758,Sistema
2023-01-04T07:00:00,184.18364,Sistema
2023-01-04T08:00:00,177.36809,Sistema
2023-01-04T09:00:00,169.15416,Sistema
2023-01-04T10:00:00,159.88722,Sistema
2023-01-04T11:00:00,151.51835,Sistema
2023-01-04T12:00:00,147.78527,Sistema
2023-01-04T13:00:00,148.54874,Sistema
2023-01-04T14:00:00,149.71602,Sistema
2023-01-04T15:00:00,148.78417,Sistema
2023-01-04T16:00:00,149.15093,Sistema
2023-01-04T17:00:00,151.92269,Sistema
2023-01-04T18:00:00,154.32574,Sistema
2023-01-04T19:00:00,150.6582,Sistema
2023-01-04T20:00:00,148.88533,Sistema
2023-01-04T21:00:00,153.11129,Sistema
2023-01-04T22:00:00,161.16486,Sistema
2023-01-04T23:00:00,173.59945,Sistema
2023-01-04T24:00:00,180.50098,Sistema
2023-01-05T01:00:00,191.01218,Sistema
2023-01-05T02:00:00,199.61928,Sistema
2023-01-05T03:00:00,202.69067,Sistema
2023-01-05T04:00:00,200.32492,Sistema
2023-01-05T05:00:00,198.07974,Sistema
2023-01-05T06:00:00,191.76473,Sistema
2023-01-05T07:00:00,190.08524,Sistema
2023-01-05T08:00:00,179.8579,Sistema
2023-01-05T09:00:00,170.69285,Sistema
2023-01-05T10:00:00,165.46526,Sistema
2023-01-05T11:00:00,161.89457,Sistema
2023-01-05T12:00:00,162.46938,Sistema
2023-01-05T13:00:00,164.15601,Sistema
2023-01-05T14:00:00,167.63445,Sistema
2023-01-05T15:00:00,171.08258,Sistema
2023-01-05T16:00:00,165.16427,Sistema
2023-01-05T17:00:00,167.55526,Sistema
2023-01-05T18:00:00,170.88827,Sistema
2023-01-05T19:00:00,161.4032,Sistema
2023-01-05T20:00:00,160.27696,Sistema
2023-01-05T21:00:00,163.82651,Sistema
2023-01-05T22:00:00,171.01317,Sistema
2023-01-05T23:00:00,180.43159,Sistema
2023-01-05T24:00:00,188.51003,Sistema
2023-01-06T01:00:00,196.39672,Sistema
2023-01-06T02:00:00,194.57193,Sistema
2023-01-06T03:00:00,194.98752,Sistema
2023-01-06T04:00:00,197.48242,Sistema
2023-01-06T05:00:00,192.47353,Sistema
2023-01-06T06:00:00,193.19017,Sistema
2023-01-06T07:00:00,195.3363,Sistema
2023-01-06T08:00:00,186.82275,Sistema
2023-01-06T09:00:00,173.60754,Sistema
2023-01-06T10:00:00,171.30111,Sistema
2023-01-06T11:00:00,167.11977,Sistema
2023-01-06T12:00:00,167.65653,Sistema
2023-01-06T13:00:00,171.2992,Sistema
2023-01-06T14:00:00,167.86296,Sistema
2023-01-06T15:00:00,166.39518,Sistema
2023-01-06T16:00:00,167.67635,Sistema
2023-01-06T17:00:00,152.5658,Sistema
2023-01-06T18:00:00,152.62104,Sistema
2023-01-06T19:00:00,143.6459,Sistema
2023-01-06T20:00:00,143.19875,Sistema
2023-01-06T21:00:00,143.82182,Sistema
2023-01-06T22:00:00,148.50901,Sistema
2023-01-06T23:00:00,155.76306,Sistema
2023-01-06T24:00:00,161.20881,Sistema
2023-01-07T01:00:00,161.56263,Sistema
2023-01-07T02:00:00,170.18438,Sistema
2023-01-07T03:00:00,176.3757,Sistema
2023-01-07T04:00:00,172.51828,Sistema
2023-01-07T05:00:00,173.8011,Sistema
2023-01-07T06:00:00,175.34823,Sistema
2023-01-07T07:00:00,173.51183,Sistema
2023-01-07T08:00:00,169.27192,Sistema
2023-01-07T09:00:00,159.84178,Sistema
2023-01-07T10:00:00,156.63,Sistema
2023-01-07T11:00:00,155.96996,Sistema
2023-01-07T12:00:00,153.52086,Sistema
2023-01-07T13:00:00,152.94067,Sistema
2023-01-07T14:00:00,154.96892,Sistema
2023-01-07T15:00:00,156.44667,Sistema
2023-01-07T16:00:00,157.11615,Sistema
2023-01-07T17:00:00,159.14704,Sistema
2023-01-07T18:00:00,161.32424,Sistema
2023-01-07T19:00:00,150.86183,Sistema
2023-01-07T20:00:00,150.4717,Sistema
2023-01-07T21:00:00,154.5512,Sistema
2023-01-07T22:00:00,161.87036,Sistema
2023-01-07T23:00:00,169.69395,Sistema
2023-01-07T24:00:00,177.62954,Sistema
2023-01-08T01:00:00,160.41828,Sistema
2023-01-08T02:00:00,160.2106,Sistema
2023-01-08T03:00:00,139.85395,Sistema
2023-01-08T04:00:00,120.73439,Sistema
2023-01-08T05:00:00,110.25983,Sistema
2023-01-08T06:00:00,106.85975,Sistema
2023-01-08T07:00:00,112.12247,Sistema
2023-01-08T08:00:00,121.0081,Sistema
2023-01-08T09:00:00,127.80141,Sistema
2023-01-08T10:00:00,135.34987,Sistema
2023-01-08T11:00:00,138.25509,Sistema
2023-01-08T12:00:00,139.15174,Sistema
2023-01-08T13:00:00,142.93384,Sistema
2023-01-08T14:00:00,148.06536,Sistema
2023-01-08T15:00:00,150.81512,Sistema
2023-01-08T16:00:00,150.38566,Sistema
2023-01-08T17:00:00,151.59363,Sistema
2023-01-08T18:00:00,150.68909,Sistema
2023-01-08T19:00:00,138.88357,Sistema
2023-01-08T20:00:00,136.58833,Sistema
2023-01-08T21:00:00,140.71015,Sistema
2023-01-08T22:00:00,146.92881,Sistema
2023-01-08T23:00:00,156.8801,Sistema
2023-01-08T24:00:00,157.38792,Sistema
2023-01-09T01:00:00,172.95283,Sistema
2023-01-09T02:00:00,171.82244,Sistema
2023-01-09T03:00:00,159.28055,Sistema
2023-01-09T04:00:00,150.40534,Sistema
2023-01-09T05:00:00,141.74089,Sistema
2023-01-09T06:00:00,138.62601,Sistema
2023-01-09T07:00:00,147.88317,Sistema
2023-01-09T08:00:00,154.57525,Sistema
2023-01-09T09:00:00,163.61101,Sistema
2023-01-09T10:00:00,164.97885,Sistema
2023-01-09T11:00:00,166.36354,Sistema
2023-01-09T12:00:00,162.79887,Sistema
2023-01-09T13:00:00,162.82415,Sistema
2023-01-09T14:00:00,163.35926,Sistema
2023-01-09T15:00:00,165.46121,Sistema
2023-01-09T16:00:00,173.39174,Sistema
2023-01-09T17:00:00,177.97194,Sistema
2023-01-09T18:00:00,178.54179,Sistema
2023-01-09T19:00:00,166.14695,Sistema
2023-01-09T20:00:00,161.81733,Sistema
2023-01-09T21:00:00,165.33799,Sistema
2023-01-09T22:00:00,170.28908,Sistema
2023-01-09T23:00:00,178.60172,Sistema
2023-01-09T24:00:00,188.83273,Sistema
2023-01-10T01:00:00,161.20398,Sistema
2023-01-10T02:00:00,148.14804,Sistema
2023-01-10T03:00:00,133.96031,Sistema
2023-01-10T04:00:00,122.42529,Sistema
2023-01-10T05:00:00,114.86146,Sistema
2023-01-10T06:00:00,109.99031,Sistema
2023-01-10T07:00:00,120.55552,Sistema
2023-01-10T08:00:00,143.78223,Sistema
2023-01-10T09:00:00,147.40182,Sistema
2023-01-10T10:00:00,146.23308,Sistema
2023-01-10T11:00:00,145.59097,Sistema
2023-01-10T12:00:00,143.22184,Sistema
2023-01-10T13:00:00,144.11599,Sistema
2023-01-10T14:00:00,144.14286,Sistema
2023-01-10T15:00:00,143.28344,Sistema
2023-01-10T16:00:00,142.22449,Sistema
2023-01-10T17:00:00,144.63133,Sistema
2023-01-10T18:00:00,147.19121,Sistema
2023-01-10T19:00:00,138.93529,Sistema
2023-01-10T20:00:00,137.2582,Sistema
2023-01-10T21:00:00,140.15181,Sistema
2023-01-10T22:00:00,146.59306,Sistema
2023-01-10T23:00:00,157.98117,Sistema
2023-01-10T24:00:00,150.08561,Sistema
2023-01-11T01:00:00,153.5041,Sistema
2023-01-11T02:00:00,145.55183,Sistema
2023-01-11T03:00:00,147.46751,Sistema
2023-01-11T04:00:00,148.28082,Sistema
2023-01-11T05:00:00,148.28373,Sistema
2023-01-11T06:00:00,146.22266,Sistema
2023-01-11T07:00:00,159.16997,Sistema
2023-01-11T08:00:00,162.6396,Sistema
2023-01-11T09:00:00,163.10442,Sistema
2023-01-11T10:00:00,161.05976,Sistema
2023-01-11T11:00:00,154.3917,Sistema
2023-01-11T12:00:00,145.33629,Sistema
2023-01-11T13:00:00,148.24707,Sistema
2023-01-11T14:00:00,148.77545,Sistema
2023-01-11T15:00:00,141.58762,Sistema
2023-01-11T16:00:00,141.23342,Sistema
2023-01-11T17:00:00,141.68066,Sistema
2023-01-11T18:00:00,142.28546,Sistema
2023-01-11T19:00:00,134.51194,Sistema
2023-01-11T20:00:00,133.06952,Sistema
2023-01-11T21:00:00,135.67553,Sistema
2023-01-11T22:00:00,141.41789,Sistema
2023-01-11T23:00:00,146.2306,Sistema
2023-01-11T24:00:00,137.96837,Sistema
2023-01-12T01:00:00,129.63021,Sistema
2023-01-12T02:00:00,121.01893,Sistema
2023-01-12T03:00:00,111.17076,Sistema
2023-01-12T04:00:00,107.01579,Sistema
2023-01-12T05:00:00,90.9752,Sistema
2023-01-12T06:00:00,76.59078,Sistema
2023-01-12T07:00:00,71.68878,Sistema
2023-01-12T08:00:00,73.86581,Sistema
2023-01-12T09:00:00,80.40113,Sistema
2023-01-12T10:00:00,84.18555,Sistema
2023-01-12T11:00:00,78.90666,Sistema
2023-01-12T12:00:00,78.85793,Sistema
2023-01-12T13:00:00,82.23949,Sistema
2023-01-12T14:00:00,83.0242,Sistema
2023-01-12T15:00:00,83.20006,Sistema
2023-01-12T16:00:00,87.36068,Sistema
2023-01-12T17:00:00,89.33189,Sistema
2023-01-12T18:00:00,88.67361,Sistema
2023-01-12T19:00:00,82.77387,Sistema
2023-01-12T20:00:00,79.55104,Sistema
2023-01-12T21:00:00,77.73738,Sistema
2023-01-12T22:00:00,75.60295,Sistema
2023-01-12T23:00:00,78.05315,Sistema
2023-01-12T24:00:00,82.37816,Sistema
2023-01-13T01:00:00,85.63339,Sistema
2023-01-13T02:00:00,81.61954,Sistema
2023-01-13T03:00:00,83.25589,Sistema
2023-01-13T04:00:00,76.35278,Sistema
2023-01-13T05:00:00,68.93938,Sistema
2023-01-13T06:00:00,66.26627,Sistema
2023-01-13T07:00:00,65.73518,Sistema
2023-01-13T08:00:00,64.96933,Sistema
2023-01-13T09:00:00,63.03413,Sistema
2023-01-13T10:00:00,66.33638,Sistema
2023-01-13T11:00:00,69.77241,Sistema
2023-01-13T12:00:00,64.93675,Sistema
2023-01-13T13:00:00,65.86445,Sistema
2023-01-13T14:00:00,68.04834,Sistema
2023-01-13T15:00:00,72.69326,Sistema
2023-01-13T16:00:00,73.34658,Sistema
2023-01-13T17:00:00,74.84278,Sistema
2023-01-13T18:00:00,79.3428,Sistema
2023-01-13T19:00:00,76.46455,Sistema
2023-01-13T20:00:00,75.48025,Sistema
2023-01-13T21:00:00,78.77959,Sistema
2023-01-13T22:00:00,83.20952,Sistema
2023-01-13T23:00:00,90.95478,Sistema
2023-01-13T24:00:00,94.8612,Sistema
2023-01-14T01:00:00,90.24453,Sistema
2023-01-14T02:00:00,90.58546,Sistema
2023-01-14T03:00:00,89.19569,Sistema
2023-01-14T04:00:00,90.79027,Sistema
2023-01-14T05:00:00,82.6296,Sistema
2023-01-14T06:00:00,78.42767,Sistema
2023-01-14T07:00:00,78.33395,Sistema
2023-01-14T08:00:00,79.55329,Sistema
2023-01-14T09:00:00,76.76257,Sistema
2023-01-14T10:00:00,71.90303,Sistema
2023-01-14T11:00:00,69.37295,Sistema
2023-01-14T12:00:00,71.9062,Sistema
2023-01-14T13:00:00,75.89259,Sistema
2023-01-14T14:00:00,73.26474,Sistema
2023-01-14T15:00:00,64.78198,Sistema
2023-01-14T16:00:00,63.97237,Sistema
2023-01-14T17:00:00,67.23878,Sistema
2023-01-14T18:00:00,65.71774,Sistema
2023-01-14T19:00:00,63.65005,Sistema
2023-01-14T20:00:00,67.85952,Sistema
2023-01-14T21:00:00,70.33544,Sistema
2023-01-14T22:00:00,70.76317,Sistema
2023-01-14T23:00:00,78.0593,Sistema
2023-01-14T24:00:00,81.41853,Sistema
2023-01-15T01:00:00,82.61225,Sistema
2023-01-15T02:00:00,81.08001,Sistema
2023-01-15T03:00:00,87.10354,Sistema
2023-01-15T04:00:00,92.19364,Sistema
2023-01-15T05:00:00,97.7097,Sistema
2023-01-15T06:00:00,98.79217,Sistema
2023-01-15T07:00:00,95.70662,Sistema
2023-01-15T08:00:00,92.51821,Sistema
2023-01-15T09:00:00,92.80521,Sistema
2023-01-15T10:00:00,91.39021,Sistema
2023-01-15T11:00:00,92.36759,Sistema
2023-01-15T12:00:00,86.30664,Sistema
2023-01-15T13:00:00,84.30437,Sistema
2023-01-15T14:00:00,85.87537,Sistema
2023-01-15T15:00:00,89.71567,Sistema
2023-01-15T16:00:00,94.22598,Sistema
2023-01-15T17:00:00,98.11479,Sistema
2023-01-15T18:00:00,100.58856,Sistema
2023-01-15T19:00:00,96.64899,Sistema
2023-01-15T20:00:00,93.72667,Sistema
2023-01-15T21:00:00,95.37248,Sistema
2023-01-15T22:00:00,94.69166,Sistema
2023-01-15T23:00:00,103.06047,Sistema
2023-01-15T24:00:00,108.42643,Sistema
2023-01-16T01:00:00,109.33357,Sistema
2023-01-16T02:00:00,117.03432,Sistema
2023-01-16T03:00:00,118.22516,Sistema
2023-01-16T04:00:00,115.85537,Sistema
2023-01-16T05:00:00,113.8512,Sistema
2023-01-16T06:00:00,111.61498,Sistema
2023-01-16T07:00:00,107.73992,Sistema
2023-01-16T08:00:00,101.08173,Sistema
2023-01-16T09:00:00,96.27925,Sistema
2023-01-16T10:00:00,96.11253,Sistema
2023-01-16T11:00:00,90.66044,Sistema
2023-01-16T12:00:00,87.72615,Sistema
2023-01-16T13:00:00,86.42722,Sistema
2023-01-16T14:00:00,85.22596,Sistema
2023-01-16T15:00:00,85.48673,Sistema
2023-01-16T16:00:00,85.80574,Sistema
2023-01-16T17:00:00,87.17788,Sistema
2023-01-16T18:00:00,89.51457,Sistema
2023-01-16T19:00:00,87.95117,Sistema
2023-01-16T20:00:00,96.53632,Sistema
2023-01-16T21:00:00,100.39326,Sistema
2023-01-16T22:00:00,103.1126,Sistema
2023-01-16T23:00:00,106.52901,Sistema
2023-01-16T24:00:00,114.54698,Sistema
2023-01-17T01:00:00,104.87965,Sistema
2023-01-17T02:00:00,99.1872,Sistema
2023-01-17T03:00:00,94.69696,Sistema
2023-01-17T04:00:00,93.87348,Sistema
2023-01-17T05:00:00,79.30994,Sistema
2023-01-17T06:00:00,74.98645,Sistema
2023-01-17T07:00:00,73.0728,Sistema
2023-01-17T08:00:00,68.73756,Sistema
2023-01-17T09:00:00,64.50573,Sistema
2023-01-17T10:00:00,61.79667,Sistema
2023-01-17T11:00:00,59.86312,Sistema
2023-01-17T12:00:00,58.49248,Sistema
2023-01-17T13:00:00,58.70282,Sistema
2023-01-17T14:00:00,58.23997,Sistema
2023-01-17T15:00:00,60.12143,Sistema
2023-01-17T16:00:00,62.42902,Sistema
2023-01-17T17:00:00,66.38391,Sistema
2023-01-17T18:00:00,71.41729,Sistema
2023-01-17T19:00:00,70.40772,Sistema
2023-01-17T20:00:00,69.45333,Sistema
2023-01-17T21:00:00,71.77189,Sistema
2023-01-17T22:00:00,73.48187,Sistema
2023-01-17T23:00:00,78.53394,Sistema
2023-01-17T24:00:00,82.51259,Sistema
2023-01-18T01:00:00,79.64432,Sistema
2023-01-18T02:00:00,76.87993,Sistema
2023-01-18T03:00:00,74.65982,Sistema
2023-01-18T04:00:00,75.95659,Sistema
2023-01-18T05:00:00,71.94453,Sistema
2023-01-18T06:00:00,68.329,Sistema
2023-01-18T07:00:00,69.38932,Sistema
2023-01-18T08:00:00,69.77968,Sistema
2023-01-18T09:00:00,70.70237,Sistema
2023-01-18T10:00:00,72.14123,Sistema
2023-01-18T11:00:00,70.1453,Sistema
2023-01-18T12:00:00,67.62991,Sistema
2023-01-18T13:00:00,68.97729,Sistema
2023-01-18T14:00:00,70.1104,Sistema
2023-01-18T15:00:00,70.19717,Sistema
2023-01-18T16:00:00,69.589,Sistema
2023-01-18T17:00:00,70.98028,Sistema
2023-01-18T18:00:00,74.97428,Sistema
2023-01-18T19:00:00,72.53896,Sistema
2023-01-18T20:00:00,66.72615,Sistema
2023-01-18T21:00:00,68.04951,Sistema
2023-01-18T22:00:00,73.65813,Sistema
2023-01-18T23:00:00,82.79178,Sistema
2023-01-18T24:00:00,84.34096,Sistema
2023-01-19T01:00:00,85.15828,Sistema
2023-01-19T02:00:00,83.49867,Sistema
2023-01-19T03:00:00,86.27105,Sistema
2023-01-19T04:00:00,87.76115,Sistema
2023-01-19T05:00:00,83.38544,Sistema
2023-01-19T06:00:00,78.35744,Sistema
2023-01-19T07:00:00,77.44662,Sistema
2023-01-19T08:00:00,80.4301,Sistema
2023-01-19T09:00:00,78.70164,Sistema
2023-01-19T10:00:00,78.62216,Sistema
2023-01-19T11:00:00,77.07446,Sistema
2023-01-19T12:00:00,74.45657,Sistema
2023-01-19T13:00:00,72.59999,Sistema
2023-01-19T14:00:00,70.59286,Sistema
2023-01-19T15:00:00,69.6846,Sistema
2023-01-19T16:00:00,69.87412,Sistema
2023-01-19T17:00:00,70.73002,Sistema
2023-01-19T18:00:00,72.65217,Sistema
2023-01-19T19:00:00,71.14385,Sistema
2023-01-19T20:00:00,64.07421,Sistema
2023-01-19T21:00:00,68.4193,Sistema
2023-01-19T22:00:00,74.94234,Sistema
2023-01-19T23:00:00,85.43327,Sistema
2023-01-19T24:00:00,90.53102,Sistema
2023-01-20T01:00:00,93.4802,Sistema
2023-01-20T02:00:00,93.31534,Sistema
2023-01-20T03:00:00,98.47524,Sistema
2023-01-20T04:00:00,103.77558,Sistema
2023-01-20T05:00:00,100.9156,Sistema
2023-01-20T06:00:00,95.77875,Sistema
2023-01-20T07:00:00,100.20346,Sistema
2023-01-20T08:00:00,104.07526,Sistema
2023-01-20T09:00:00,104.40263,Sistema
2023-01-20T10:00:00,99.66313,Sistema
2023-01-20T11:00:00,95.56203,Sistema
2023-01-20T12:00:00,89.19876,Sistema
2023-01-20T13:00:00,93.61049,Sistema
2023-01-20T14:00:00,90.613,Sistema
2023-01-20T15:00:00,87.0972,Sistema
2023-01-20T16:00:00,87.69206,Sistema
2023-01-20T17:00:00,90.17397,Sistema
2023-01-20T18:00:00,93.8312,Sistema
2023-01-20T19:00:00,88.4975,Sistema
2023-01-20T20:00:00,91.37249,Sistema
2023-01-20T21:00:00,94.29074,Sistema
2023-01-20T22:00:00,98.44203,Sistema
2023-01-20T23:00:00,104.47298,Sistema
2023-01-20T24:00:00,106.25651,Sistema
2023-01-21T01:00:00,101.01298,Sistema
2023-01-21T02:00:00,97.09265,Sistema
2023-01-21T03:00:00,99.09815,Sistema
2023-01-21T04:00:00,95.70013,Sistema
2023-01-21T05:00:00,96.42305,Sistema
2023-01-21T06:00:00,92.73908,Sistema
2023-01-21T07:00:00,101.14572,Sistema
2023-01-21T08:00:00,97.66121,Sistema
2023-01-21T09:00:00,88.3798,Sistema
2023-01-21T10:00:00,88.52919,Sistema
2023-01-21T11:00:00,87.84986,Sistema
2023-01-21T12:00:00,87.39977,Sistema
2023-01-21T13:00:00,89.14545,Sistema
2023-01-21T14:00:00,88.89859,Sistema
2023-01-21T15:00:00,89.84976,Sistema
2023-01-21T16:00:00,90.28052,Sistema
2023-01-21T17:00:00,94.10818,Sistema
2023-01-21T18:00:00,93.68822,Sistema
2023-01-21T19:00:00,84.91242,Sistema
2023-01-21T20:00:00,82.48631,Sistema
2023-01-21T21:00:00,82.8522,Sistema
2023-01-21T22:00:00,82.49947,Sistema
2023-01-21T23:00:00,89.29752,Sistema
2023-01-21T24:00:00,97.97714,Sistema
2023-01-22T01:00:00,98.6936,Sistema
2023-01-22T02:00:00,103.43474,Sistema
2023-01-22T03:00:00,106.50881,Sistema
2023-01-22T04:00:00,110.11921,Sistema
2023-01-22T05:00:00,103.21448,Sistema
2023-01-22T06:00:00,96.419,Sistema
2023-01-22T07:00:00,100.51067,Sistema
2023-01-22T08:00:00,74.94165,Sistema
2023-01-22T09:00:00,55.62487,Sistema
2023-01-22T10:00:00,52.98734,Sistema
2023-01-22T11:00:00,51.0618,Sistema
2023-01-22T12:00:00,50.01286,Sistema
2023-01-22T13:00:00,48.52115,Sistema
2023-01-22T14:00:00,48.29566,Sistema
2023-01-22T15:00:00,50.4087,Sistema
2023-01-22T16:00:00,54.31442,Sistema
2023-01-22T17:00:00,57.47213,Sistema
2023-01-22T18:00:00,60.06021,Sistema
2023-01-22T19:00:00,59.40151,Sistema
2023-01-22T20:00:00,53.02744,Sistema
2023-01-22T21:00:00,55.53443,Sistema
2023-01-22T22:00:00,60.57204,Sistema
2023-01-22T23:00:00,69.06767,Sistema
2023-01-22T24:00:00,73.31923,Sistema
2023-01-23T01:00:00,69.72937,Sistema
2023-01-23T02:00:00,65.79314,Sistema
2023-01-23T03:00:00,65.06223,Sistema
2023-01-23T04:00:00,65.54543,Sistema
2023-01-23T05:00:00,61.6498,Sistema
2023-01-23T06:00:00,50.33749,Sistema
2023-01-23T07:00:00,51.00786,Sistema
2023-01-23T08:00:00,53.34062,Sistema
2023-01-23T09:00:00,54.39374,Sistema
2023-01-23T10:00:00,55.30116,Sistema
2023-01-23T11:00:00,52.81579,Sistema
2023-01-23T12:00:00,51.84943,Sistema
2023-01-23T13:00:00,52.05521,Sistema
2023-01-23T14:00:00,52.83891,Sistema
2023-01-23T15:00:00,60.85689,Sistema
2023-01-23T16:00:00,66.14013,Sistema
2023-01-23T17:00:00,67.18386,Sistema
2023-01-23T18:00:00,65.08579,Sistema
2023-01-23T19:00:00,68.33237,Sistema
2023-01-23T20:00:00,69.00457,Sistema
2023-01-23T21:00:00,69.4057,Sistema
2023-01-23T22:00:00,69.7634,Sistema
2023-01-23T23:00:00,69.51979,Sistema
2023-01-23T24:00:00,72.42737,Sistema
2023-01-24T01:00:00,70.5801,Sistema
2023-01-24T02:00:00,68.644,Sistema
2023-01-24T03:00:00,66.69518,Sistema
2023-01-24T04:00:00,66.10538,Sistema
2023-01-24T05:00:00,58.98782,Sistema
2023-01-24T06:00:00,55.57485,Sistema
2023-01-24T07:00:00,54.83159,Sistema
2023-01-24T08:00:00,52.64472,Sistema
2023-01-24T09:00:00,49.5871,Sistema
2023-01-24T10:00:00,48.56794,Sistema
2023-01-24T11:00:00,46.79193,Sistema
2023-01-24T12:00:00,45.81397,Sistema
2023-01-24T13:00:00,48.82647,Sistema
2023-01-24T14:00:00,50.53044,Sistema
2023-01-24T15:00:00,51.94198,Sistema
2023-01-24T16:00:00,52.29349,Sistema
2023-01-24T17:00:00,52.02251,Sistema
2023-01-24T18:00:00,54.3627,Sistema
2023-01-24T19:00:00,54.25947,Sistema
2023-01-24T20:00:00,51.96669,Sistema
2023-01-24T21:00:00,53.68471,Sistema
2023-01-24T22:00:00,62.2509,Sistema
2023-01-24T23:00:00,68.6348,Sistema
2023-01-24T24:00:00,75.02038,Sistema
2023-01-25T01:00:00,72.50731,Sistema
2023-01-25T02:00:00,67.66833,Sistema
2023-01-25T03:00:00,66.79653,Sistema
2023-01-25T04:00:00,65.40119,Sistema
2023-01-25T05:00:00,63.92156,Sistema
2023-01-25T06:00:00,58.23904,Sistema
2023-01-25T07:00:00,55.20644,Sistema
2023-01-25T08:00:00,56.01774,Sistema
2023-01-25T09:00:00,55.83549,Sistema
2023-01-25T10:00:00,61.9383,Sistema
2023-01-25T11:00:00,55.51499,Sistema
2023-01-25T12:00:00,60.44831,Sistema
2023-01-25T13:00:00,64.19737,Sistema
2023-01-25T14:00:00,61.79247,Sistema
2023-01-25T15:00:00,62.63398,Sistema
2023-01-25T16:00:00,65.30014,Sistema
2023-01-25T17:00:00,62.5248,Sistema
2023-01-25T18:00:00,60.33732,Sistema
2023-01-25T19:00:00,63.5273,Sistema
2023-01-25T20:00:00,64.86628,Sistema
2023-01-25T21:00:00,60.01809,Sistema
2023-01-25T22:00:00,61.89013,Sistema
2023-01-25T23:00:00,66.74682,Sistema
2023-01-25T24:00:00,69.6293,Sistema
2023-01-26T01:00:00,69.15229,Sistema
2023-01-26T02:00:00,75.56266,Sistema
2023-01-26T03:00:00,71.2995,Sistema
2023-01-26T04:00:00,69.76415,Sistema
2023-01-26T05:00:00,69.19098,Sistema
2023-01-26T06:00:00,69.82583,Sistema
2023-01-26T07:00:00,77.14637,Sistema
2023-01-26T08:00:00,78.44932,Sistema
2023-01-26T09:00:00,76.74274,Sistema
2023-01-26T10:00:00,76.45635,Sistema
2023-01-26T11:00:00,75.98784,Sistema
2023-01-26T12:00:00,78.40853,Sistema
2023-01-26T13:00:00,78.94442,Sistema
2023-01-26T14:00:00,78.48649,Sistema
2023-01-26T15:00:00,79.63231,Sistema
2023-01-26T16:00:00,89.91692,Sistema
2023-01-26T17:00:00,83.02023,Sistema
2023-01-26T18:00:00,86.80853,Sistema
2023-01-26T19:00:00,85.98444,Sistema
2023-01-26T20:00:00,84.74188,Sistema
2023-01-26T21:00:00,88.05617,Sistema
2023-01-26T22:00:00,91.3885,Sistema
2023-01-26T23:00:00,98.60418,Sistema
2023-01-26T24:00:00,98.32468,Sistema
2023-01-27T01:00:00,95.61603,Sistema
2023-01-27T02:00:00,94.2629,Sistema
2023-01-27T03:00:00,95.98024,Sistema
2023-01-27T04:00:00,96.97172,Sistema
2023-01-27T05:00:00,95.00176,Sistema
2023-01-27T06:00:00,90.52415,Sistema
2023-01-27T07:00:00,90.45964,Sistema
2023-01-27T08:00:00,89.72943,Sistema
2023-01-27T09:00:00,85.0933,Sistema
2023-01-27T10:00:00,81.86681,Sistema
2023-01-27T11:00:00,78.79526,Sistema
2023-01-27T12:00:00,76.43948,Sistema
2023-01-27T13:00:00,78.38639,Sistema
2023-01-27T14:00:00,78.14018,Sistema
2023-01-27T15:00:00,79.93457,Sistema
2023-01-27T16:00:00,81.71057,Sistema
2023-01-27T17:00:00,83.25215,Sistema
2023-01-27T18:00:00,88.52226,Sistema
2023-01-27T19:00:00,86.18223,Sistema
2023-01-27T20:00:00,86.8076,Sistema
2023-01-27T21:00:00,90.20205,Sistema
2023-01-27T22:00:00,87.68757,Sistema
2023-01-27T23:00:00,92.67778,Sistema
2023-01-27T24:00:00,89.15578,Sistema
2023-01-28T01:00:00,95.11176,Sistema
2023-01-28T02:00:00,101.23837,Sistema
2023-01-28T03:00:00,104.52241,Sistema
2023-01-28T04:00:00,106.5772,Sistema
2023-01-28T05:00:00,106.144,Sistema
2023-01-28T06:00:00,104.39067,Sistema
2023-01-28T07:00:00,96.0521,Sistema
2023-01-28T08:00:00,90.95311,Sistema
2023-01-28T09:00:00,84.37635,Sistema
2023-01-28T10:00:00,82.88875,Sistema
2023-01-28T11:00:00,83.39093,Sistema
2023-01-28T12:00:00,83.5005,Sistema
2023-01-28T13:00:00,86.37811,Sistema
2023-01-28T14:00:00,86.20165,Sistema
2023-01-28T15:00:00,85.37659,Sistema
2023-01-28T16:00:00,85.75218,Sistema
2023-01-28T17:00:00,87.54964,Sistema
2023-01-28T18:00:00,88.17883,Sistema
2023-01-28T19:00:00,85.43516,Sistema
2023-01-28T20:00:00,84.38654,Sistema
2023-01-28T21:00:00,86.85604,Sistema
2023-01-28T22:00:00,87.40793,Sistema
2023-01-28T23:00:00,93.23311,Sistema
2023-01-28T24:00:00,98.47238,Sistema
2023-01-29T01:00:00,106.70707,Sistema
2023-01-29T02:00:00,110.31592,Sistema
2023-01-29T03:00:00,113.69472,Sistema
2023-01-29T04:00:00,116.70919,Sistema
2023-01-29T05:00:00,117.47743,Sistema
2023-01-29T06:00:00,123.21288,Sistema
2023-01-29T07:00:00,129.9219,Sistema
2023-01-29T08:00:00,140.27313,Sistema
2023-01-29T09:00:00,130.43668,Sistema
2023-01-29T10:00:00,125.46084,Sistema
2023-01-29T11:00:00,128.67127,Sistema
2023-01-29T12:00:00,130.11382,Sistema
2023-01-29T13:00:00,125.64367,Sistema
2023-01-29T14:00:00,126.82419,Sistema
2023-01-29T15:00:00,138.86329,Sistema
2023-01-29T16:00:00,141.64325,Sistema
2023-01-29T17:00:00,142.23235,Sistema
2023-01-29T18:00:00,128.44757,Sistema
2023-01-29T19:00:00,117.07102,Sistema
2023-01-29T20:00:00,119.0313,Sistema
2023-01-29T21:00:00,114.08148,Sistema
2023-01-29T22:00:00,112.41377,Sistema
2023-01-29T23:00:00,114.85062,Sistema
2023-01-29T24:00:00,119.80975,Sistema
2023-01-30T01:00:00,141.13487,Sistema
2023-01-30T02:00:00,150.04989,Sistema
2023-01-30T03:00:00,157.53685,Sistema
2023-01-30T04:00:00,156.2253,Sistema
2023-01-30T05:00:00,138.5584,Sistema
2023-01-30T06:00:00,128.35584,Sistema
2023-01-30T07:00:00,121.84849,Sistema
2023-01-30T08:00:00,117.177,Sistema
2023-01-30T09:00:00,113.55403,Sistema
2023-01-30T10:00:00,113.43909,Sistema
2023-01-30T11:00:00,111.60134,Sistema
2023-01-30T12:00:00,108.91641,Sistema
2023-01-30T13:00:00,111.85545,Sistema
2023-01-30T14:00:00,113.99495,Sistema
2023-01-30T15:00:00,111.86414,Sistema
2023-01-30T16:00:00,111.80996,Sistema
2023-01-30T17:00:00,115.27596,Sistema
2023-01-30T18:00:00,126.06466,Sistema
2023-01-30T19:00:00,128.59573,Sistema
2023-01-30T20:00:00,131.91448,Sistema
2023-01-30T21:00:00,132.2821,Sistema
2023-01-30T22:00:00,127.97036,Sistema
2023-01-30T23:00:00,129.97392,Sistema
2023-01-30T24:00:00,140.67238,Sistema
2023-01-31T01:00:00,150.93949,Sistema
2023-01-31T02:00:00,156.15393,Sistema
2023-01-31T03:00:00,161.27806,Sistema
2023-01-31T04:00:00,164.59833,Sistema
2023-01-31T05:00:00,159.7809,Sistema
2023-01-31T06:00:00,149.6009,Sistema
2023-01-31T07:00:00,150.31431,Sistema
2023-01-31T08:00:00,145.00644,Sistema
2023-01-31T09:00:00,142.44279,Sistema
2023-01-31T10:00:00,145.90594,Sistema
2023-01-31T11:00:00,158.63833,Sistema
2023-01-31T12:00:00,159.94519,Sistema
2023-01-31T13:00:00,157.57821,Sistema
2023-01-31T14:00:00,157.97436,Sistema
2023-01-31T15:00:00,155.95045,Sistema
2023-01-31T16:00:00,152.82512,Sistema
2023-01-31T17:00:00,155.21006,Sistema
2023-01-31T18:00:00,156.32037,Sistema
2023-01-31T19:00:00,153.44367,Sistema
2023-01-31T20:00:00,152.97,Sistema
2023-01-31T21:00:00,152.94586,Sistema
2023-01-31T22:00:00,156.58,Sistema
2023-01-31T23:00:00,166.18949,Sistema
2023-01-31T24:00:00,182.68509,Sistema
2023-02-01T01:00:00,197.61871,Sistema
2023-02-01T02:00:00,203.13508,Sistema
2023-02-01T03:00:00,208.35046,Sistema
2023-02-01T04:00:00,210.61581,Sistema
2023-02-01T05:00:00,206.56581,Sistema
2023-02-01T06:00:00,192.07564,Sistema
2023-02-01T07:00:00,189.17325,Sistema
2023-02-01T08:00:00,181.83239,Sistema
2023-02-01T09:00:00,173.80855,Sistema
2023-02-01T10:00:00,171.24576,Sistema
2023-02-01T11:00:00,165.29708,Sistema
2023-02-01T12:00:00,160.1304,Sistema
2023-02-01T13:00:00,161.7581,Sistema
2023-02-01T14:00:00,159.51963,Sistema
2023-02-01T15:00:00,151.72427,Sistema
2023-02-01T16:00:00,151.7286,Sistema
2023-02-01T17:00:00,158.57172,Sistema
2023-02-01T18:00:00,163.46129,Sistema
2023-02-01T19:00:00,157.8728,Sistema
2023-02-01T20:00:00,143.9832,Sistema
2023-02-01T21:00:00,147.72172,Sistema
2023-02-01T22:00:00,154.92582,Sistema
2023-02-01T23:00:00,170.41987,Sistema
2023-02-01T24:00:00,188.91112,Sistema
2023-02-02T01:00:00,201.60421,Sistema
2023-02-02T02:00:00,195.41331,Sistema
2023-02-02T03:00:00,187.69365,Sistema
2023-02-02T04:00:00,207.96742,Sistema
2023-02-02T05:00:00,214.65649,Sistema
2023-02-02T06:00:00,206.66008,Sistema
2023-02-02T07:00:00,206.4459,Sistema
2023-02-02T08:00:00,202.44434,Sistema
2023-02-02T09:00:00,195.11143,Sistema
2023-02-02T10:00:00,190.76568,Sistema
2023-02-02T11:00:00,185.45097,Sistema
2023-02-02T12:00:00,180.91681,Sistema
2023-02-02T13:00:00,179.14832,Sistema
2023-02-02T14:00:00,176.74365,Sistema
2023-02-02T15:00:00,176.06821,Sistema
2023-02-02T16:00:00,182.94936,Sistema
2023-02-02T17:00:00,189.74616,Sistema
2023-02-02T18:00:00,200.22392,Sistema
2023-02-02T19:00:00,194.16085,Sistema
2023-02-02T20:00:00,191.60812,Sistema
2023-02-02T21:00:00,192.46592,Sistema
2023-02-02T22:00:00,198.171,Sistema
2023-02-02T23:00:00,219.16459,Sistema
2023-02-02T24:00:00,236.79689,Sistema
2023-02-03T01:00:00,254.22508,Sistema
2023-02-03T02:00:00,255.87856,Sistema
2023-02-03T03:00:00,260.66419,Sistema
2023-02-03T04:00:00,259.06688,Sistema
2023-02-03T05:00:00,249.1648,Sistema
2023-02-03T06:00:00,233.48277,Sistema
2023-02-03T07:00:00,232.55542,Sistema
2023-02-03T08:00:00,224.80735,Sistema
2023-02-03T09:00:00,215.71768,Sistema
2023-02-03T10:00:00,208.23143,Sistema
2023-02-03T11:00:00,199.15207,Sistema
2023-02-03T12:00:00,193.86694,Sistema
2023-02-03T13:00:00,196.12872,Sistema
2023-02-03T14:00:00,194.63782,Sistema
2023-02-03T15:00:00,189.70123,Sistema
2023-02-03T16:00:00,188.4496,Sistema
2023-02-03T17:00:00,192.42126,Sistema
2023-02-03T18:00:00,199.83656,Sistema
2023-02-03T19:00:00,189.56533,Sistema
2023-02-03T20:00:00,184.39055,Sistema
2023-02-03T21:00:00,190.47201,Sistema
2023-02-03T22:00:00,202.15043,Sistema
2023-02-03T23:00:00,215.48761,Sistema
2023-02-03T24:00:00,229.61711,Sistema
2023-02-04T01:00:00,246.0578,Sistema
2023-02-04T02:00:00,255.2446,Sistema
2023-02-04T03:00:00,260.43639,Sistema
2023-02-04T04:00:00,260.21658,Sistema
2023-02-04T05:00:00,260.13869,Sistema
2023-02-04T06:00:00,257.48843,Sistema
2023-02-04T07:00:00,254.00385,Sistema
2023-02-04T08:00:00,241.80664,Sistema
2023-02-04T09:00:00,227.5021,Sistema
2023-02-04T10:00:00,219.18927,Sistema
2023-02-04T11:00:00,211.10384,Sistema
2023-02-04T12:00:00,206.13295,Sistema
2023-02-04T13:00:00,208.02621,Sistema
2023-02-04T14:00:00,210.77635,Sistema
2023-02-04T15:00:00,214.91774,Sistema
2023-02-04T16:00:00,216.66805,Sistema
2023-02-04T17:00:00,221.11436,Sistema
2023-02-04T18:00:00,223.75158,Sistema
2023-02-04T19:00:00,210.55624,Sistema
2023-02-04T20:00:00,207.59414,Sistema
2023-02-04T21:00:00,211.96979,Sistema
2023-02-04T22:00:00,219.14679,Sistema
2023-02-04T23:00:00,228.34628,Sistema
2023-02-04T24:00:00,239.21319,Sistema
2023-02-05T01:00:00,240.38642,Sistema
2023-02-05T02:00:00,252.96273,Sistema
2023-02-05T03:00:00,246.91184,Sistema
2023-02-05T04:00:00,248.27331,Sistema
2023-02-05T05:00:00,246.7654,Sistema
2023-02-05T06:00:00,248.60262,Sistema
2023-02-05T07:00:00,243.31292,Sistema
2023-02-05T08:00:00,237.08116,Sistema
2023-02-05T09:00:00,232.99168,Sistema
2023-02-05T10:00:00,227.22575,Sistema
2023-02-05T11:00:00,222.03689,Sistema
2023-02-05T12:00:00,220.17832,Sistema
2023-02-05T13:00:00,222.75853,Sistema
2023-02-05T14:00:00,226.58646,Sistema
2023-02-05T15:00:00,229.96348,Sistema
2023-02-05T16:00:00,229.27695,Sistema
2023-02-05T17:00:00,230.72702,Sistema
2023-02-05T18:00:00,231.57841,Sistema
2023-02-05T19:00:00,214.0057,Sistema
2023-02-05T20:00:00,201.72545,Sistema
2023-02-05T21:00:00,196.24442,Sistema
2023-02-05T22:00:00,202.06368,Sistema
2023-02-05T23:00:00,211.8465,Sistema
2023-02-05T24:00:00,212.08097,Sistema
2023-02-06T01:00:00,188.23881,Sistema
2023-02-06T02:00:00,160.40576,Sistema
2023-02-06T03:00:00,146.83059,Sistema
2023-02-06T04:00:00,141.93559,Sistema
2023-02-06T05:00:00,138.51739,Sistema
2023-02-06T06:00:00,149.33503,Sistema
2023-02-06T07:00:00,180.90869,Sistema
2023-02-06T08:00:00,185.03556,Sistema
2023-02-06T09:00:00,184.03547,Sistema
2023-02-06T10:00:00,186.16846,Sistema
2023-02-06T11:00:00,189.01321,Sistema
2023-02-06T12:00:00,192.31419,Sistema
2023-02-06T13:00:00,195.27236,Sistema
2023-02-06T14:00:00,194.89921,Sistema
2023-02-06T15:00:00,190.6927,Sistema
2023-02-06T16:00:00,188.0529,Sistema
2023-02-06T17:00:00,190.15066,Sistema
2023-02-06T18:00:00,197.67727,Sistema
2023-02-06T19:00:00,190.88983,Sistema
2023-02-06T20:00:00,185.84945,Sistema
2023-02-06T21:00:00,189.95317,Sistema
2023-02-06T22:00:00,197.77233,Sistema
2023-02-06T23:00:00,207.05283,Sistema
2023-02-06T24:00:00,200.2157,Sistema
2023-02-07T01:00:00,209.65106,Sistema
2023-02-07T02:00:00,216.1552,Sistema
2023-02-07T03:00:00,226.70134,Sistema
2023-02-07T04:00:00,224.02616,Sistema
2023-02-07T05:00:00,212.40198,Sistema
2023-02-07T06:00:00,195.49385,Sistema
2023-02-07T07:00:00,188.84276,Sistema
2023-02-07T08:00:00,188.85675,Sistema
2023-02-07T09:00:00,183.41034,Sistema
2023-02-07T10:00:00,181.20054,Sistema
2023-02-07T11:00:00,176.1349,Sistema
2023-02-07T12:00:00,173.40602,Sistema
2023-02-07T13:00:00,180.4562,Sistema
2023-02-07T14:00:00,184.47598,Sistema
2023-02-07T15:00:00,184.70542,Sistema
2023-02-07T16:00:00,184.7087,Sistema
2023-02-07T17:00:00,189.95267,Sistema
2023-02-07T18:00:00,194.06534,Sistema
2023-02-07T19:00:00,191.11044,Sistema
2023-02-07T20:00:00,186.81687,Sistema
2023-02-07T21:00:00,191.13781,Sistema
2023-02-07T22:00:00,198.11775,Sistema
2023-02-07T23:00:00,196.95469,Sistema
2023-02-07T24:00:00,201.97389,Sistema
2023-02-08T01:00:00,209.91245,Sistema
2023-02-08T02:00:00,201.39528,Sistema
2023-02-08T03:00:00,255.18237,Sistema
2023-02-08T04:00:00,228.1,Sistema
2023-02-08T05:00:00,233.75711,Sistema
2023-02-08T06:00:00,228.55702,Sistema
2023-02-08T07:00:00,232.21048,Sistema
2023-02-08T08:00:00,223.14646,Sistema
2023-02-08T09:00:00,218.3437,Sistema
2023-02-08T10:00:00,211.38533,Sistema
2023-02-08T11:00:00,230.42174,Sistema
2023-02-08T12:00:00,208.09342,Sistema
2023-02-08T13:00:00,210.65854,Sistema
2023-02-08T14:00:00,191.28502,Sistema
2023-02-08T15:00:00,233.30185,Sistema
2023-02-08T16:00:00,190.62874,Sistema
2023-02-08T17:00:00,203.26358,Sistema
2023-02-08T18:00:00,193.02693,Sistema
2023-02-08T19:00:00,209.19079,Sistema
2023-02-08T20:00:00,189.47821,Sistema
2023-02-08T21:00:00,207.70946,Sistema
2023-02-08T22:00:00,194.26198,Sistema
2023-02-08T23:00:00,217.90025,Sistema
2023-02-08T24:00:00,202.90316,Sistema
2023-02-09T01:00:00,212.1359,Sistema
2023-02-09T02:00:00,208.31078,Sistema
2023-02-09T03:00:00,218.81511,Sistema
2023-02-09T04:00:00,215.63713,Sistema
2023-02-09T05:00:00,225.61914,Sistema
2023-02-09T06:00:00,211.92374,Sistema
2023-02-09T07:00:00,207.73161,Sistema
2023-02-09T08:00:00,196.99538,Sistema
2023-02-09T09:00:00,191.02778,Sistema
2023-02-09T10:00:00,213.95801,Sistema
2023-02-09T11:00:00,196.54192,Sistema
2023-02-09T12:00:00,230.17291,Sistema
2023-02-09T13:00:00,188.32564,Sistema
2023-02-09T14:00:00,188.31208,Sistema
2023-02-09T15:00:00,187.16505,Sistema
2023-02-09T16:00:00,187.65921,Sistema
2023-02-09T17:00:00,188.40332,Sistema
2023-02-09T18:00:00,188.28786,Sistema
2023-02-09T19:00:00,188.11439,Sistema
2023-02-09T20:00:00,218.47451,Sistema
2023-02-09T21:00:00,190.81331,Sistema
2023-02-09T22:00:00,210.40454,Sistema
2023-02-09T23:00:00,180.99021,Sistema
2023-02-09T24:00:00,186.73333,Sistema
2023-02-10T01:00:00,189.51338,Sistema
2023-02-10T02:00:00,190.47809,Sistema
2023-02-10T03:00:00,193.36198,Sistema
2023-02-10T04:00:00,188.92361,Sistema
2023-02-10T05:00:00,180.47372,Sistema
2023-02-10T06:00:00,170.6696,Sistema
2023-02-10T07:00:00,173.23652,Sistema
2023-02-10T08:00:00,160.59715,Sistema
2023-02-10T09:00:00,150.4026,Sistema
2023-02-10T10:00:00,147.52626,Sistema
2023-02-10T11:00:00,142.40342,Sistema
2023-02-10T12:00:00,141.11524,Sistema
2023-02-10T13:00:00,144.40189,Sistema
2023-02-10T14:00:00,142.96077,Sistema
2023-02-10T15:00:00,138.07264,Sistema
2023-02-10T16:00:00,137.28231,Sistema
2023-02-10T17:00:00,135.72867,Sistema
2023-02-10T18:00:00,140.71871,Sistema
2023-02-10T19:00:00,142.97497,Sistema
2023-02-10T20:00:00,138.68895,Sistema
2023-02-10T21:00:00,141.83194,Sistema
2023-02-10T22:00:00,145.87116,Sistema
2023-02-10T23:00:00,154.70081,Sistema
2023-02-10T24:00:00,164.89195,Sistema
2023-02-11T01:00:00,169.17911,Sistema
2023-02-11T02:00:00,174.20847,Sistema
2023-02-11T03:00:00,154.24623,Sistema
2023-02-11T04:00:00,147.33984,Sistema
2023-02-11T05:00:00,155.00021,Sistema
2023-02-11T06:00:00,153.44231,Sistema
2023-02-11T07:00:00,161.56459,Sistema
2023-02-11T08:00:00,156.41261,Sistema
2023-02-11T09:00:00,148.94534,Sistema
2023-02-11T10:00:00,143.95808,Sistema
2023-02-11T11:00:00,142.36287,Sistema
2023-02-11T12:00:00,142.13592,Sistema
2023-02-11T13:00:00,145.7845,Sistema
2023-02-11T14:00:00,147.85692,Sistema
2023-02-11T15:00:00,153.54636,Sistema
2023-02-11T16:00:00,152.88225,Sistema
2023-02-11T17:00:00,158.32918,Sistema
2023-02-11T18:00:00,166.57205,Sistema
2023-02-11T19:00:00,166.45752,Sistema
2023-02-11T20:00:00,168.5158,Sistema
2023-02-11T21:00:00,164.79362,Sistema
2023-02-11T22:00:00,168.82214,Sistema
2023-02-11T23:00:00,169.4312,Sistema
2023-02-11T24:00:00,175.38152,Sistema
2023-02-12T01:00:00,163.40178,Sistema
2023-02-12T02:00:00,170.43189,Sistema
2023-02-12T03:00:00,175.5851,Sistema
2023-02-12T04:00:00,184.07211,Sistema
2023-02-12T05:00:00,178.08338,Sistema
2023-02-12T06:00:00,165.46362,Sistema
2023-02-12T07:00:00,166.18574,Sistema
2023-02-12T08:00:00,162.68264,Sistema
2023-02-12T09:00:00,155.93581,Sistema
2023-02-12T10:00:00,153.2385,Sistema
2023-02-12T11:00:00,152.49065,Sistema
2023-02-12T12:00:00,150.04568,Sistema
2023-02-12T13:00:00,150.56581,Sistema
2023-02-12T14:00:00,150.90551,Sistema
2023-02-12T15:00:00,151.98596,Sistema
2023-02-12T16:00:00,152.52861,Sistema
2023-02-12T17:00:00,153.65797,Sistema
2023-02-12T18:00:00,152.99475,Sistema
2023-02-12T19:00:00,144.71328,Sistema
2023-02-12T20:00:00,140.90561,Sistema
2023-02-12T21:00:00,142.62923,Sistema
2023-02-12T22:00:00,147.64247,Sistema
2023-02-12T23:00:00,153.35222,Sistema
2023-02-12T24:00:00,160.90664,Sistema
2023-02-13T01:00:00,162.40149,Sistema
2023-02-13T02:00:00,160.83201,Sistema
2023-02-13T03:00:00,169.75662,Sistema
2023-02-13T04:00:00,181.44365,Sistema
2023-02-13T05:00:00,174.50174,Sistema
2023-02-13T06:00:00,162.72791,Sistema
2023-02-13T07:00:00,160.17823,Sistema
2023-02-13T08:00:00,155.21433,Sistema
2023-02-13T09:00:00,148.69273,Sistema
2023-02-13T10:00:00,146.45208,Sistema
2023-02-13T11:00:00,148.48145,Sistema
2023-02-13T12:00:00,150.94378,Sistema
2023-02-13T13:00:00,157.00828,Sistema
2023-02-13T14:00:00,156.5008,Sistema
2023-02-13T15:00:00,156.79928,Sistema
2023-02-13T16:00:00,160.04259,Sistema
2023-02-13T17:00:00,169.06784,Sistema
2023-02-13T18:00:00,175.67947,Sistema
2023-02-13T19:00:00,168.91043,Sistema
2023-02-13T20:00:00,163.47942,Sistema
2023-02-13T21:00:00,168.41357,Sistema
2023-02-13T22:00:00,178.2945,Sistema
2023-02-13T23:00:00,189.74379,Sistema
2023-02-13T24:00:00,200.45262,Sistema
2023-02-14T01:00:00,211.62188,Sistema
2023-02-14T02:00:00,214.79545,Sistema
2023-02-14T03:00:00,221.7414,Sistema
2023-02-14T04:00:00,224.34009,Sistema
2023-02-14T05:00:00,220.05324,Sistema
2023-02-14T06:00:00,206.03961,Sistema
2023-02-14T07:00:00,199.7453,Sistema
2023-02-14T08:00:00,186.20098,Sistema
2023-02-14T09:00:00,170.07824,Sistema
2023-02-14T10:00:00,152.50978,Sistema
2023-02-14T11:00:00,150.56506,Sistema
2023-02-14T12:00:00,149.34229,Sistema
2023-02-14T13:00:00,151.31516,Sistema
2023-02-14T14:00:00,148.076,Sistema
2023-02-14T15:00:00,143.45132,Sistema
2023-02-14T16:00:00,147.27405,Sistema
2023-02-14T17:00:00,153.98842,Sistema
2023-02-14T18:00:00,162.15613,Sistema
2023-02-14T19:00:00,155.40719,Sistema
2023-02-14T20:00:00,145.13167,Sistema
2023-02-14T21:00:00,148.94046,Sistema
2023-02-14T22:00:00,150.94828,Sistema
2023-02-14T23:00:00,161.00302,Sistema
2023-02-14T24:00:00,172.35489,Sistema
2023-02-15T01:00:00,189.76609,Sistema
2023-02-15T02:00:00,187.13934,Sistema
2023-02-15T03:00:00,189.45306,Sistema
2023-02-15T04:00:00,191.49076,Sistema
2023-02-15T05:00:00,187.817,Sistema
2023-02-15T06:00:00,175.9198,Sistema
2023-02-15T07:00:00,171.37541,Sistema
2023-02-15T08:00:00,161.88741,Sistema
2023-02-15T09:00:00,155.56128,Sistema
2023-02-15T10:00:00,152.64574,Sistema
2023-02-15T11:00:00,150.92936,Sistema
2023-02-15T12:00:00,146.5068,Sistema
2023-02-15T13:00:00,148.64262,Sistema
2023-02-15T14:00:00,146.57492,Sistema
2023-02-15T15:00:00,147.39251,Sistema
2023-02-15T16:00:00,148.13244,Sistema
2023-02-15T17:00:00,149.83291,Sistema
2023-02-15T18:00:00,155.12761,Sistema
2023-02-15T19:00:00,157.85645,Sistema
2023-02-15T20:00:00,152.51175,Sistema
2023-02-15T21:00:00,156.51333,Sistema
2023-02-15T22:00:00,158.25389,Sistema
2023-02-15T23:00:00,168.27258,Sistema
2023-02-15T24:00:00,183.70917,Sistema
2023-02-16T01:00:00,186.85897,Sistema
2023-02-16T02:00:00,187.18787,Sistema
2023-02-16T03:00:00,182.26417,Sistema
2023-02-16T04:00:00,185.20578,Sistema
2023-02-16T05:00:00,163.11283,Sistema
2023-02-16T06:00:00,174.71986,Sistema
2023-02-16T07:00:00,175.65996,Sistema
2023-02-16T08:00:00,173.17196,Sistema
2023-02-16T09:00:00,166.9316,Sistema
2023-02-16T10:00:00,165.60828,Sistema
2023-02-16T11:00:00,162.89831,Sistema
2023-02-16T12:00:00,156.36123,Sistema
2023-02-16T13:00:00,154.77457,Sistema
2023-02-16T14:00:00,153.67896,Sistema
2023-02-16T15:00:00,151.57969,Sistema
2023-02-16T16:00:00,151.12258,Sistema
2023-02-16T17:00:00,153.64268,Sistema
2023-02-16T18:00:00,157.11448,Sistema
2023-02-16T19:00:00,156.12933,Sistema
2023-02-16T20:00:00,153.48524,Sistema
2023-02-16T21:00:00,154.08425,Sistema
2023-02-16T22:00:00,158.98629,Sistema
2023-02-16T23:00:00,171.97447,Sistema
2023-02-16T24:00:00,182.67523,Sistema
2023-02-17T01:00:00,181.76447,Sistema
2023-02-17T02:00:00,167.18643,Sistema
2023-02-17T03:00:00,162.2072,Sistema
2023-02-17T04:00:00,163.53433,Sistema
2023-02-17T05:00:00,158.31659,Sistema
2023-02-17T06:00:00,152.18058,Sistema
2023-02-17T07:00:00,166.48661,Sistema
2023-02-17T08:00:00,164.95151,Sistema
2023-02-17T09:00:00,158.71907,Sistema
2023-02-17T10:00:00,152.87436,Sistema
2023-02-17T11:00:00,141.47307,Sistema
2023-02-17T12:00:00,134.79477,Sistema
2023-02-17T13:00:00,136.73689,Sistema
2023-02-17T14:00:00,138.88713,Sistema
2023-02-17T15:00:00,135.25152,Sistema
2023-02-17T16:00:00,137.35991,Sistema
2023-02-17T17:00:00,139.0671,Sistema
2023-02-17T18:00:00,140.43592,Sistema
2023-02-17T19:00:00,138.68357,Sistema
2023-02-17T20:00:00,135.6419,Sistema
2023-02-17T21:00:00,139.90922,Sistema
2023-02-17T22:00:00,145.05284,Sistema
2023-02-17T23:00:00,155.80531,Sistema
2023-02-17T24:00:00,151.17909,Sistema
2023-02-18T01:00:00,145.22884,Sistema
2023-02-18T02:00:00,136.36747,Sistema
2023-02-18T03:00:00,129.93021,Sistema
2023-02-18T04:00:00,131.39472,Sistema
2023-02-18T05:00:00,131.56711,Sistema
2023-02-18T06:00:00,127.83873,Sistema
2023-02-18T07:00:00,132.79324,Sistema
2023-02-18T08:00:00,130.59076,Sistema
2023-02-18T09:00:00,123.72121,Sistema
2023-02-18T10:00:00,123.37803,Sistema
2023-02-18T11:00:00,121.74432,Sistema
2023-02-18T12:00:00,119.80798,Sistema
2023-02-18T13:00:00,120.26528,Sistema
2023-02-18T14:00:00,117.57061,Sistema
2023-02-18T15:00:00,117.01822,Sistema
2023-02-18T16:00:00,119.01827,Sistema
2023-02-18T17:00:00,121.85638,Sistema
2023-02-18T18:00:00,124.32244,Sistema
2023-02-18T19:00:00,123.98219,Sistema
2023-02-18T20:00:00,117.32184,Sistema
2023-02-18T21:00:00,121.20173,Sistema
2023-02-18T22:00:00,119.03587,Sistema
2023-02-18T23:00:00,120.69492,Sistema
2023-02-18T24:00:00,121.41669,Sistema
2023-02-19T01:00:00,138.5305,Sistema
2023-02-19T02:00:00,150.10952,Sistema
2023-02-19T03:00:00,154.05965,Sistema
2023-02-19T04:00:00,159.19871,Sistema
2023-02-19T05:00:00,166.93041,Sistema
2023-02-19T06:00:00,173.0474,Sistema
2023-02-19T07:00:00,178.54024,Sistema
2023-02-19T08:00:00,175.13171,Sistema
2023-02-19T09:00:00,164.12593,Sistema
2023-02-19T10:00:00,156.56771,Sistema
2023-02-19T11:00:00,154.83547,Sistema
2023-02-19T12:00:00,149.88792,Sistema
2023-02-19T13:00:00,147.64574,Sistema
2023-02-19T14:00:00,147.97755,Sistema
2023-02-19T15:00:00,147.02435,Sistema
2023-02-19T16:00:00,149.99372,Sistema
2023-02-19T17:00:00,154.7321,Sistema
2023-02-19T18:00:00,158.22344,Sistema
2023-02-19T19:00:00,149.11411,Sistema
2023-02-19T20:00:00,141.77785,Sistema
2023-02-19T21:00:00,143.8288,Sistema
2023-02-19T22:00:00,147.10752,Sistema
2023-02-19T23:00:00,155.05307,Sistema
2023-02-19T24:00:00,163.11729,Sistema
2023-02-20T01:00:00,155.88387,Sistema
2023-02-20T02:00:00,155.01089,Sistema
2023-02-20T03:00:00,150.71398,Sistema
2023-02-20T04:00:00,139.35734,Sistema
2023-02-20T05:00:00,136.22781,Sistema
2023-02-20T06:00:00,129.00536,Sistema
2023-02-20T07:00:00,133.20196,Sistema
2023-02-20T08:00:00,123.68632,Sistema
2023-02-20T09:00:00,121.02906,Sistema
2023-02-20T10:00:00,117.87108,Sistema
2023-02-20T11:00:00,112.55723,Sistema
2023-02-20T12:00:00,111.09063,Sistema
2023-02-20T13:00:00,111.8707,Sistema
2023-02-20T14:00:00,110.4495,Sistema
2023-02-20T15:00:00,108.94318,Sistema
2023-02-20T16:00:00,108.85551,Sistema
2023-02-20T17:00:00,113.02473,Sistema
2023-02-20T18:00:00,118.34709,Sistema
2023-02-20T19:00:00,122.14506,Sistema
2023-02-20T20:00:00,111.30496,Sistema
2023-02-20T21:00:00,111.97938,Sistema
2023-02-20T22:00:00,116.39122,Sistema
2023-02-20T23:00:00,117.62283,Sistema
2023-02-20T24:00:00,125.61055,Sistema
2023-02-21T01:00:00,133.36684,Sistema
2023-02-21T02:00:00,133.38496,Sistema
2023-02-21T03:00:00,132.06585,Sistema
2023-02-21T04:00:00,140.30521,Sistema
2023-02-21T05:00:00,138.31117,Sistema
2023-02-21T06:00:00,128.3702,Sistema
2023-02-21T07:00:00,131.85038,Sistema
2023-02-21T08:00:00,126.41192,Sistema
2023-02-21T09:00:00,120.83571,Sistema
2023-02-21T10:00:00,119.36386,Sistema
2023-02-21T11:00:00,116.20831,Sistema
2023-02-21T12:00:00,114.03367,Sistema
2023-02-21T13:00:00,116.80364,Sistema
2023-02-21T14:00:00,119.30842,Sistema
2023-02-21T15:00:00,114.96493,Sistema
2023-02-21T16:00:00,114.30448,Sistema
2023-02-21T17:00:00,114.79317,Sistema
2023-02-21T18:00:00,115.13998,Sistema
2023-02-21T19:00:00,116.13599,Sistema
2023-02-21T20:00:00,111.05616,Sistema
2023-02-21T21:00:00,115.22247,Sistema
2023-02-21T22:00:00,119.82768,Sistema
2023-02-21T23:00:00,130.30393,Sistema
2023-02-21T24:00:00,130.59592,Sistema
2023-02-22T01:00:00,108.38176,Sistema
2023-02-22T02:00:00,97.77115,Sistema
2023-02-22T03:00:00,93.28859,Sistema
2023-02-22T04:00:00,91.82238,Sistema
2023-02-22T05:00:00,95.85221,Sistema
2023-02-22T06:00:00,92.49882,Sistema
2023-02-22T07:00:00,113.98963,Sistema
2023-02-22T08:00:00,113.42399,Sistema
2023-02-22T09:00:00,108.31099,Sistema
2023-02-22T10:00:00,104.64209,Sistema
2023-02-22T11:00:00,103.46113,Sistema
2023-02-22T12:00:00,99.13375,Sistema
2023-02-22T13:00:00,102.07389,Sistema
2023-02-22T14:00:00,100.31364,Sistema
2023-02-22T15:00:00,102.75562,Sistema
2023-02-22T16:00:00,103.38415,Sistema
2023-02-22T17:00:00,104.1971,Sistema
2023-02-22T18:00:00,105.92038,Sistema
2023-02-22T19:00:00,106.03749,Sistema
2023-02-22T20:00:00,101.31792,Sistema
2023-02-22T21:00:00,103.42659,Sistema
2023-02-22T22:00:00,103.39315,Sistema
2023-02-22T23:00:00,104.86529,Sistema
2023-02-22T24:00:00,100.52674,Sistema
2023-02-23T01:00:00,109.75331,Sistema
2023-02-23T02:00:00,100.72484,Sistema
2023-02-23T03:00:00,101.46321,Sistema
2023-02-23T04:00:00,98.31444,Sistema
2023-02-23T05:00:00,96.30523,Sistema
2023-02-23T06:00:00,107.60832,Sistema
2023-02-23T07:00:00,127.74322,Sistema
2023-02-23T08:00:00,119.06042,Sistema
2023-02-23T09:00:00,112.82075,Sistema
2023-02-23T10:00:00,111.86181,Sistema
2023-02-23T11:00:00,105.80588,Sistema
2023-02-23T12:00:00,102.9927,Sistema
2023-02-23T13:00:00,109.41275,Sistema
2023-02-23T14:00:00,108.88389,Sistema
2023-02-23T15:00:00,110.01601,Sistema
2023-02-23T16:00:00,108.67462,Sistema
2023-02-23T17:00:00,113.35834,Sistema
2023-02-23T18:00:00,119.65694,Sistema
2023-02-23T19:00:00,123.59969,Sistema
2023-02-23T20:00:00,119.58434,Sistema
2023-02-23T21:00:00,123.3084,Sistema
2023-02-23T22:00:00,124.07195,Sistema
2023-02-23T23:00:00,119.41548,Sistema
2023-02-23T24:00:00,118.896,Sistema
2023-02-24T01:00:00,117.06055,Sistema
2023-02-24T02:00:00,119.9921,Sistema
2023-02-24T03:00:00,122.7024,Sistema
2023-02-24T04:00:00,124.32896,Sistema
2023-02-24T05:00:00,125.82356,Sistema
2023-02-24T06:00:00,121.73154,Sistema
2023-02-24T07:00:00,132.05756,Sistema
2023-02-24T08:00:00,120.02526,Sistema
2023-02-24T09:00:00,112.46507,Sistema
2023-02-24T10:00:00,109.7884,Sistema
2023-02-24T11:00:00,105.22014,Sistema
2023-02-24T12:00:00,106.75289,Sistema
2023-02-24T13:00:00,114.58204,Sistema
2023-02-24T14:00:00,112.31669,Sistema
2023-02-24T15:00:00,113.98925,Sistema
2023-02-24T16:00:00,110.23859,Sistema
2023-02-24T17:00:00,113.7396,Sistema
2023-02-24T18:00:00,118.83131,Sistema
2023-02-24T19:00:00,118.74886,Sistema
2023-02-24T20:00:00,118.10565,Sistema
2023-02-24T21:00:00,122.18843,Sistema
2023-02-24T22:00:00,124.12518,Sistema
2023-02-24T23:00:00,120.1761,Sistema
2023-02-24T24:00:00,122.41487,Sistema
2023-02-25T01:00:00,112.0129,Sistema
2023-02-25T02:00:00,108.50324,Sistema
2023-02-25T03:00:00,107.03674,Sistema
2023-02-25T04:00:00,103.09786,Sistema
2023-02-25T05:00:00,98.945,Sistema
2023-02-25T06:00:00,101.1638,Sistema
2023-02-25T07:00:00,105.87518,Sistema
2023-02-25T08:00:00,105.09524,Sistema
2023-02-25T09:00:00,105.34469,Sistema
2023-02-25T10:00:00,107.63245,Sistema
2023-02-25T11:00:00,95.91424,Sistema
2023-02-25T12:00:00,97.25293,Sistema
2023-02-25T13:00:00,96.66963,Sistema
2023-02-25T14:00:00,100.19872,Sistema
2023-02-25T15:00:00,100.81847,Sistema
2023-02-25T16:00:00,103.1452,Sistema
2023-02-25T17:00:00,107.17052,Sistema
2023-02-25T18:00:00,109.11618,Sistema
2023-02-25T19:00:00,109.63697,Sistema
2023-02-25T20:00:00,107.65485,Sistema
2023-02-25T21:00:00,110.25607,Sistema
2023-02-25T22:00:00,115.49352,Sistema
2023-02-25T23:00:00,111.78434,Sistema
2023-02-25T24:00:00,109.93786,Sistema
2023-02-26T01:00:00,118.3739,Sistema
2023-02-26T02:00:00,120.13704,Sistema
2023-02-26T03:00:00,123.2075,Sistema
2023-02-26T04:00:00,126.26786,Sistema
2023-02-26T05:00:00,127.73997,Sistema
2023-02-26T06:00:00,125.34825,Sistema
2023-02-26T07:00:00,136.89392,Sistema
2023-02-26T08:00:00,131.74401,Sistema
2023-02-26T09:00:00,132.1806,Sistema
2023-02-26T10:00:00,128.77357,Sistema
2023-02-26T11:00:00,129.39914,Sistema
2023-02-26T12:00:00,124.32992,Sistema
2023-02-26T13:00:00,119.09543,Sistema
2023-02-26T14:00:00,118.59727,Sistema
2023-02-26T15:00:00,115.16038,Sistema
2023-02-26T16:00:00,113.38936,Sistema
2023-02-26T17:00:00,114.95012,Sistema
2023-02-26T18:00:00,117.10969,Sistema
2023-02-26T19:00:00,108.64824,Sistema
2023-02-26T20:00:00,102.54228,Sistema
2023-02-26T21:00:00,105.1972,Sistema
2023-02-26T22:00:00,107.81553,Sistema
2023-02-26T23:00:00,110.11589,Sistema
2023-02-26T24:00:00,114.74478,Sistema
2023-02-27T01:00:00,116.74467,Sistema
2023-02-27T02:00:00,121.85663,Sistema
2023-02-27T03:00:00,124.36646,Sistema
2023-02-27T04:00:00,125.34161,Sistema
2023-02-27T05:00:00,121.61658,Sistema
2023-02-27T06:00:00,112.9823,Sistema
2023-02-27T07:00:00,110.54407,Sistema
2023-02-27T08:00:00,105.48234,Sistema
2023-02-27T09:00:00,100.1603,Sistema
2023-02-27T10:00:00,96.70203,Sistema
2023-02-27T11:00:00,97.98599,Sistema
2023-02-27T12:00:00,98.79193,Sistema
2023-02-27T13:00:00,104.98773,Sistema
2023-02-27T14:00:00,104.77272,Sistema
2023-02-27T15:00:00,101.15756,Sistema
2023-02-27T16:00:00,100.83581,Sistema
2023-02-27T17:00:00,102.57341,Sistema
2023-02-27T18:00:00,106.69301,Sistema
2023-02-27T19:00:00,103.28647,Sistema
2023-02-27T20:00:00,102.57562,Sistema
2023-02-27T21:00:00,106.10495,Sistema
2023-02-27T22:00:00,111.95828,Sistema
2023-02-27T23:00:00,120.46792,Sistema
2023-02-27T24:00:00,125.11293,Sistema
2023-02-28T01:00:00,127.93447,Sistema
2023-02-28T02:00:00,131.05597,Sistema
2023-02-28T03:00:00,133.79993,Sistema
2023-02-28T04:00:00,131.52178,Sistema
2023-02-28T05:00:00,125.81824,Sistema
2023-02-28T06:00:00,116.21773,Sistema
2023-02-28T07:00:00,124.87619,Sistema
2023-02-28T08:00:00,117.4229,Sistema
2023-02-28T09:00:00,120.68678,Sistema
2023-02-28T10:00:00,123.24402,Sistema
2023-02-28T11:00:00,123.44393,Sistema
2023-02-28T12:00:00,121.96619,Sistema
2023-02-28T13:00:00,121.02915,Sistema
2023-02-28T14:00:00,120.15994,Sistema
2023-02-28T15:00:00,116.72298,Sistema
2023-02-28T16:00:00,120.74412,Sistema
2023-02-28T17:00:00,120.61838,Sistema
2023-02-28T18:00:00,124.12307,Sistema
2023-02-28T19:00:00,124.11534,Sistema
2023-02-28T20:00:00,122.21592,Sistema
2023-02-28T21:00:00,127.72208,Sistema
2023-02-28T22:00:00,131.62183,Sistema
2023-02-28T23:00:00,140.64786,Sistema
2023-02-28T24:00:00,148.97972,Sistema
2023-03-01T01:00:00,157.36117,Sistema
2023-03-01T02:00:00,155.88297,Sistema
2023-03-01T03:00:00,160.71065,Sistema
2023-03-01T04:00:00,163.7646,Sistema
2023-03-01T05:00:00,159.17491,Sistema
2023-03-01T06:00:00,149.37085,Sistema
2023-03-01T07:00:00,150.34686,Sistema
2023-03-01T08:00:00,140.84265,Sistema
2023-03-01T09:00:00,134.81301,Sistema
2023-03-01T10:00:00,131.83277,Sistema
2023-03-01T11:00:00,127.51072,Sistema
2023-03-01T12:00:00,123.63742,Sistema
2023-03-01T13:00:00,124.35005,Sistema
2023-03-01T14:00:00,124.38274,Sistema
2023-03-01T15:00:00,127.90187,Sistema
2023-03-01T16:00:00,126.34299,Sistema
2023-03-01T17:00:00,126.05046,Sistema
2023-03-01T18:00:00,131.65873,Sistema
2023-03-01T19:00:00,136.3287,Sistema
2023-03-01T20:00:00,129.33662,Sistema
2023-03-01T21:00:00,132.18932,Sistema
2023-03-01T22:00:00,137.71293,Sistema
2023-03-01T23:00:00,144.79799,Sistema
2023-03-01T24:00:00,149.41953,Sistema
2023-03-02T01:00:00,158.16045,Sistema
2023-03-02T02:00:00,160.3557,Sistema
2023-03-02T03:00:00,160.83006,Sistema
2023-03-02T04:00:00,160.85185,Sistema
2023-03-02T05:00:00,154.85927,Sistema
2023-03-02T06:00:00,143.35166,Sistema
2023-03-02T07:00:00,155.86683,Sistema
2023-03-02T08:00:00,148.46515,Sistema
2023-03-02T09:00:00,139.12927,Sistema
2023-03-02T10:00:00,135.79996,Sistema
2023-03-02T11:00:00,131.8106,Sistema
2023-03-02T12:00:00,134.24184,Sistema
2023-03-02T13:00:00,139.61813,Sistema
2023-03-02T14:00:00,140.42672,Sistema
2023-03-02T15:00:00,138.93685,Sistema
2023-03-02T16:00:00,137.06287,Sistema
2023-03-02T17:00:00,139.5086,Sistema
2023-03-02T18:00:00,141.03769,Sistema
2023-03-02T19:00:00,142.93369,Sistema
2023-03-02T20:00:00,140.88768,Sistema
2023-03-02T21:00:00,138.41254,Sistema
2023-03-02T22:00:00,143.2627,Sistema
2023-03-02T23:00:00,158.40935,Sistema
2023-03-02T24:00:00,163.58213,Sistema
2023-03-03T01:00:00,165.18421,Sistema
2023-03-03T02:00:00,161.96612,Sistema
2023-03-03T03:00:00,167.20432,Sistema
2023-03-03T04:00:00,164.5149,Sistema
2023-03-03T05:00:00,155.76108,Sistema
2023-03-03T06:00:00,144.19233,Sistema
2023-03-03T07:00:00,149.81557,Sistema
2023-03-03T08:00:00,143.67934,Sistema
2023-03-03T09:00:00,136.92297,Sistema
2023-03-03T10:00:00,134.68749,Sistema
2023-03-03T11:00:00,130.4864,Sistema
2023-03-03T12:00:00,128.36116,Sistema
2023-03-03T13:00:00,132.24849,Sistema
2023-03-03T14:00:00,130.08129,Sistema
2023-03-03T15:00:00,128.8395,Sistema
2023-03-03T16:00:00,129.79654,Sistema
2023-03-03T17:00:00,138.2726,Sistema
2023-03-03T18:00:00,138.31916,Sistema
2023-03-03T19:00:00,152.41817,Sistema
2023-03-03T20:00:00,137.96809,Sistema
2023-03-03T21:00:00,142.11277,Sistema
2023-03-03T22:00:00,148.0908,Sistema
2023-03-03T23:00:00,150.61488,Sistema
2023-03-03T24:00:00,166.62846,Sistema
2023-03-04T01:00:00,168.37764,Sistema
2023-03-04T02:00:00,163.46331,Sistema
2023-03-04T03:00:00,169.95762,Sistema
2023-03-04T04:00:00,174.27404,Sistema
2023-03-04T05:00:00,168.44215,Sistema
2023-03-04T06:00:00,157.91886,Sistema
2023-03-04T07:00:00,161.53257,Sistema
2023-03-04T08:00:00,154.01227,Sistema
2023-03-04T09:00:00,152.35318,Sistema
2023-03-04T10:00:00,148.6057,Sistema
2023-03-04T11:00:00,144.2748,Sistema
2023-03-04T12:00:00,141.2209,Sistema
2023-03-04T13:00:00,141.84456,Sistema
2023-03-04T14:00:00,143.22976,Sistema
2023-03-04T15:00:00,144.12992,Sistema
2023-03-04T16:00:00,142.24907,Sistema
2023-03-04T17:00:00,141.52323,Sistema
2023-03-04T18:00:00,141.01887,Sistema
2023-03-04T19:00:00,141.42201,Sistema
2023-03-04T20:00:00,139.69177,Sistema
2023-03-04T21:00:00,143.88936,Sistema
2023-03-04T22:00:00,148.64421,Sistema
2023-03-04T23:00:00,159.48044,Sistema
2023-03-04T24:00:00,164.77343,Sistema
2023-03-05T01:00:00,160.07856,Sistema
2023-03-05T02:00:00,165.28477,Sistema
2023-03-05T03:00:00,165.64219,Sistema
2023-03-05T04:00:00,165.43477,Sistema
2023-03-05T05:00:00,165.70162,Sistema
2023-03-05T06:00:00,166.22989,Sistema
2023-03-05T07:00:00,171.9893,Sistema
2023-03-05T08:00:00,162.41568,Sistema
2023-03-05T09:00:00,156.5422,Sistema
2023-03-05T10:00:00,148.32498,Sistema
2023-03-05T11:00:00,142.69065,Sistema
2023-03-05T12:00:00,139.7139,Sistema
2023-03-05T13:00:00,137.55871,Sistema
2023-03-05T14:00:00,135.57097,Sistema
2023-03-05T15:00:00,136.9828,Sistema
2023-03-05T16:00:00,137.11085,Sistema
2023-03-05T17:00:00,137.48812,Sistema
2023-03-05T18:00:00,138.313,Sistema
2023-03-05T19:00:00,133.8934,Sistema
2023-03-05T20:00:00,135.77969,Sistema
2023-03-05T21:00:00,143.01354,Sistema
2023-03-05T22:00:00,146.42366,Sistema
2023-03-05T23:00:00,135.60851,Sistema
2023-03-05T24:00:00,136.64136,Sistema
2023-03-06T01:00:00,138.45844,Sistema
2023-03-06T02:00:00,137.74577,Sistema
2023-03-06T03:00:00,138.30702,Sistema
2023-03-06T04:00:00,137.1157,Sistema
2023-03-06T05:00:00,128.05593,Sistema
2023-03-06T06:00:00,118.12248,Sistema
2023-03-06T07:00:00,122.78584,Sistema
2023-03-06T08:00:00,123.01684,Sistema
2023-03-06T09:00:00,126.92616,Sistema
2023-03-06T10:00:00,126.2377,Sistema
2023-03-06T11:00:00,127.77227,Sistema
2023-03-06T12:00:00,125.0816,Sistema
2023-03-06T13:00:00,126.18283,Sistema
2023-03-06T14:00:00,121.33073,Sistema
2023-03-06T15:00:00,114.77509,Sistema
2023-03-06T16:00:00,120.18718,Sistema
2023-03-06T17:00:00,125.26645,Sistema
2023-03-06T18:00:00,124.48417,Sistema
2023-03-06T19:00:00,121.27969,Sistema
2023-03-06T20:00:00,127.06036,Sistema
2023-03-06T21:00:00,126.57765,Sistema
2023-03-06T22:00:00,131.39696,Sistema
2023-03-06T23:00:00,144.47712,Sistema
2023-03-06T24:00:00,152.63565,Sistema
2023-03-07T01:00:00,152.60112,Sistema
2023-03-07T02:00:00,143.68196,Sistema
2023-03-07T03:00:00,153.83503,Sistema
2023-03-07T04:00:00,156.67565,Sistema
2023-03-07T05:00:00,158.72013,Sistema
2023-03-07T06:00:00,147.39045,Sistema
2023-03-07T07:00:00,154.65212,Sistema
2023-03-07T08:00:00,153.874,Sistema
2023-03-07T09:00:00,154.99621,Sistema
2023-03-07T10:00:00,153.60277,Sistema
2023-03-07T11:00:00,149.5597,Sistema
2023-03-07T12:00:00,144.69098,Sistema
2023-03-07T13:00:00,147.36724,Sistema
2023-03-07T14:00:00,146.22536,Sistema
2023-03-07T15:00:00,141.97375,Sistema
2023-03-07T16:00:00,135.3299,Sistema
2023-03-07T17:00:00,146.51902,Sistema
2023-03-07T18:00:00,139.08965,Sistema
2023-03-07T19:00:00,137.74194,Sistema
2023-03-07T20:00:00,133.08596,Sistema
2023-03-07T21:00:00,128.26631,Sistema
2023-03-07T22:00:00,135.35073,Sistema
2023-03-07T23:00:00,149.96886,Sistema
2023-03-07T24:00:00,152.73994,Sistema
2023-03-08T01:00:00,151.14059,Sistema
2023-03-08T02:00:00,151.10557,Sistema
2023-03-08T03:00:00,155.07719,Sistema
2023-03-08T04:00:00,155.84161,Sistema
2023-03-08T05:00:00,149.84969,Sistema
2023-03-08T06:00:00,146.00756,Sistema
2023-03-08T07:00:00,147.46743,Sistema
2023-03-08T08:00:00,142.63348,Sistema
2023-03-08T09:00:00,142.9246,Sistema
2023-03-08T10:00:00,138.51912,Sistema
2023-03-08T11:00:00,137.98486,Sistema
2023-03-08T12:00:00,135.9052,Sistema
2023-03-08T13:00:00,141.44524,Sistema
2023-03-08T14:00:00,134.11623,Sistema
2023-03-08T15:00:00,129.41185,Sistema
2023-03-08T16:00:00,129.95916,Sistema
2023-03-08T17:00:00,131.94358,Sistema
2023-03-08T18:00:00,136.71651,Sistema
2023-03-08T19:00:00,131.36428,Sistema
2023-03-08T20:00:00,130.71759,Sistema
2023-03-08T21:00:00,133.20917,Sistema
2023-03-08T22:00:00,137.93869,Sistema
2023-03-08T23:00:00,149.3267,Sistema
2023-03-08T24:00:00,151.54127,Sistema
2023-03-09T01:00:00,154.37341,Sistema
2023-03-09T02:00:00,158.48287,Sistema
2023-03-09T03:00:00,160.924,Sistema
2023-03-09T04:00:00,161.8632,Sistema
2023-03-09T05:00:00,163.99236,Sistema
2023-03-09T06:00:00,153.43633,Sistema
2023-03-09T07:00:00,149.06023,Sistema
2023-03-09T08:00:00,147.0639,Sistema
2023-03-09T09:00:00,139.64838,Sistema
2023-03-09T10:00:00,141.36865,Sistema
2023-03-09T11:00:00,137.98692,Sistema
2023-03-09T12:00:00,135.21802,Sistema
2023-03-09T13:00:00,137.80977,Sistema
2023-03-09T14:00:00,139.1389,Sistema
2023-03-09T15:00:00,137.06672,Sistema
2023-03-09T16:00:00,133.83839,Sistema
2023-03-09T17:00:00,135.49767,Sistema
2023-03-09T18:00:00,138.92532,Sistema
2023-03-09T19:00:00,131.7701,Sistema
2023-03-09T20:00:00,129.7227,Sistema
2023-03-09T21:00:00,134.22338,Sistema
2023-03-09T22:00:00,137.36688,Sistema
2023-03-09T23:00:00,148.31529,Sistema
2023-03-09T24:00:00,158.46612,Sistema
2023-03-10T01:00:00,133.81547,Sistema
2023-03-10T02:00:00,120.13156,Sistema
2023-03-10T03:00:00,108.66499,Sistema
2023-03-10T04:00:00,108.86473,Sistema
2023-03-10T05:00:00,106.79064,Sistema
2023-03-10T06:00:00,104.31775,Sistema
2023-03-10T07:00:00,96.98653,Sistema
2023-03-10T08:00:00,99.01452,Sistema
2023-03-10T09:00:00,94.11726,Sistema
2023-03-10T10:00:00,94.67384,Sistema
2023-03-10T11:00:00,88.46686,Sistema
2023-03-10T12:00:00,84.41556,Sistema
2023-03-10T13:00:00,89.20387,Sistema
2023-03-10T14:00:00,84.36968,Sistema
2023-03-10T15:00:00,85.24635,Sistema
2023-03-10T16:00:00,89.31149,Sistema
2023-03-10T17:00:00,90.61064,Sistema
2023-03-10T18:00:00,91.77165,Sistema
2023-03-10T19:00:00,95.39374,Sistema
2023-03-10T20:00:00,94.19246,Sistema
2023-03-10T21:00:00,97.1214,Sistema
2023-03-10T22:00:00,92.70363,Sistema
2023-03-10T23:00:00,92.67342,Sistema
2023-03-10T24:00:00,78.10932,Sistema
2023-03-11T01:00:00,79.64538,Sistema
2023-03-11T02:00:00,84.53312,Sistema
2023-03-11T03:00:00,87.63919,Sistema
2023-03-11T04:00:00,87.93919,Sistema
2023-03-11T05:00:00,87.34026,Sistema
2023-03-11T06:00:00,89.91195,Sistema
2023-03-11T07:00:00,88.20511,Sistema
2023-03-11T08:00:00,78.31026,Sistema
2023-03-11T09:00:00,77.08347,Sistema
2023-03-11T10:00:00,77.95173,Sistema
2023-03-11T11:00:00,78.83166,Sistema
2023-03-11T12:00:00,80.27913,Sistema
2023-03-11T13:00:00,81.2536,Sistema
2023-03-11T14:00:00,80.88411,Sistema
2023-03-11T15:00:00,82.62484,Sistema
2023-03-11T16:00:00,82.39944,Sistema
2023-03-11T17:00:00,83.42554,Sistema
2023-03-11T18:00:00,86.2488,Sistema
2023-03-11T19:00:00,81.07805,Sistema
2023-03-11T20:00:00,80.66724,Sistema
2023-03-11T21:00:00,89.95731,Sistema
2023-03-11T22:00:00,90.05959,Sistema
2023-03-11T23:00:00,99.74878,Sistema
2023-03-11T24:00:00,88.85847,Sistema
2023-03-12T01:00:00,89.95723,Sistema
2023-03-12T02:00:00,88.16617,Sistema
2023-03-12T03:00:00,95.06982,Sistema
2023-03-12T04:00:00,89.60374,Sistema
2023-03-12T05:00:00,89.44691,Sistema
2023-03-12T06:00:00,91.53183,Sistema
2023-03-12T07:00:00,101.35885,Sistema
2023-03-12T08:00:00,94.08376,Sistema
2023-03-12T09:00:00,83.37153,Sistema
2023-03-12T10:00:00,78.44876,Sistema
2023-03-12T11:00:00,75.27697,Sistema
2023-03-12T12:00:00,73.93713,Sistema
2023-03-12T13:00:00,68.58316,Sistema
2023-03-12T14:00:00,64.113,Sistema
2023-03-12T15:00:00,61.6142,Sistema
2023-03-12T16:00:00,67.35456,Sistema
2023-03-12T17:00:00,69.94287,Sistema
2023-03-12T18:00:00,68.47611,Sistema
2023-03-12T19:00:00,68.63873,Sistema
2023-03-12T20:00:00,69.56479,Sistema
2023-03-12T21:00:00,73.03233,Sistema
2023-03-12T22:00:00,79.31231,Sistema
2023-03-12T23:00:00,81.97436,Sistema
2023-03-12T24:00:00,81.9119,Sistema
2023-03-13T01:00:00,69.92437,Sistema
2023-03-13T02:00:00,67.98881,Sistema
2023-03-13T03:00:00,68.32627,Sistema
2023-03-13T04:00:00,63.73303,Sistema
2023-03-13T05:00:00,61.17564,Sistema
2023-03-13T06:00:00,56.71286,Sistema
2023-03-13T07:00:00,55.36654,Sistema
2023-03-13T08:00:00,52.69924,Sistema
2023-03-13T09:00:00,53.75987,Sistema
2023-03-13T10:00:00,52.76479,Sistema
2023-03-13T11:00:00,51.04179,Sistema
2023-03-13T12:00:00,50.89362,Sistema
2023-03-13T13:00:00,56.86266,Sistema
2023-03-13T14:00:00,55.7786,Sistema
2023-03-13T15:00:00,55.19065,Sistema
2023-03-13T16:00:00,56.21345,Sistema
2023-03-13T17:00:00,56.66766,Sistema
2023-03-13T18:00:00,59.03249,Sistema
2023-03-13T19:00:00,59.59733,Sistema
2023-03-13T20:00:00,60.8547,Sistema
2023-03-13T21:00:00,64.90667,Sistema
2023-03-13T22:00:00,69.35425,Sistema
2023-03-13T23:00:00,73.72194,Sistema
2023-03-13T24:00:00,75.10112,Sistema
2023-03-14T01:00:00,68.98042,Sistema
2023-03-14T02:00:00,69.86469,Sistema
2023-03-14T03:00:00,71.8741,Sistema
2023-03-14T04:00:00,67.20093,Sistema
2023-03-14T05:00:00,57.54476,Sistema
2023-03-14T06:00:00,48.81294,Sistema
2023-03-14T07:00:00,50.75338,Sistema
2023-03-14T08:00:00,49.39519,Sistema
2023-03-14T09:00:00,50.52464,Sistema
2023-03-14T10:00:00,53.18831,Sistema
2023-03-14T11:00:00,56.03172,Sistema
2023-03-14T12:00:00,58.89917,Sistema
2023-03-14T13:00:00,57.90302,Sistema
2023-03-14T14:00:00,55.93396,Sistema
2023-03-14T15:00:00,54.33951,Sistema
2023-03-14T16:00:00,58.41518,Sistema
2023-03-14T17:00:00,60.48645,Sistema
2023-03-14T18:00:00,62.70808,Sistema
2023-03-14T19:00:00,61.5688,Sistema
2023-03-14T20:00:00,61.37681,Sistema
2023-03-14T21:00:00,64.19756,Sistema
2023-03-14T22:00:00,63.73101,Sistema
2023-03-14T23:00:00,68.50198,Sistema
2023-03-14T24:00:00,71.53288,Sistema
2023-03-15T01:00:00,68.47098,Sistema
2023-03-15T02:00:00,62.13931,Sistema
2023-03-15T03:00:00,61.74627,Sistema
2023-03-15T04:00:00,61.9439,Sistema
2023-03-15T05:00:00,60.20315,Sistema
2023-03-15T06:00:00,55.96986,Sistema
2023-03-15T07:00:00,54.64258,Sistema
2023-03-15T08:00:00,54.77367,Sistema
2023-03-15T09:00:00,55.33955,Sistema
2023-03-15T10:00:00,54.66694,Sistema
2023-03-15T11:00:00,50.62368,Sistema
2023-03-15T12:00:00,50.0975,Sistema
2023-03-15T13:00:00,50.70831,Sistema
2023-03-15T14:00:00,53.67429,Sistema
2023-03-15T15:00:00,58.29853,Sistema
2023-03-15T16:00:00,61.58356,Sistema
2023-03-15T17:00:00,61.09829,Sistema
2023-03-15T18:00:00,60.41537,Sistema
2023-03-15T19:00:00,66.95303,Sistema
2023-03-15T20:00:00,65.07951,Sistema
2023-03-15T21:00:00,66.80575,Sistema
2023-03-15T22:00:00,70.46007,Sistema
2023-03-15T23:00:00,75.39183,Sistema
2023-03-15T24:00:00,71.02339,Sistema
2023-03-16T01:00:00,70.94152,Sistema
2023-03-16T02:00:00,73.66663,Sistema
2023-03-16T03:00:00,76.24318,Sistema
2023-03-16T04:00:00,78.35095,Sistema
2023-03-16T05:00:00,77.50882,Sistema
2023-03-16T06:00:00,74.85657,Sistema
2023-03-16T07:00:00,72.71381,Sistema
2023-03-16T08:00:00,72.69967,Sistema
2023-03-16T09:00:00,78.25897,Sistema
2023-03-16T10:00:00,78.91021,Sistema
2023-03-16T11:00:00,76.76626,Sistema
2023-03-16T12:00:00,76.53661,Sistema
2023-03-16T13:00:00,79.79159,Sistema
2023-03-16T14:00:00,78.46692,Sistema
2023-03-16T15:00:00,79.06529,Sistema
2023-03-16T16:00:00,78.19704,Sistema
2023-03-16T17:00:00,77.82857,Sistema
2023-03-16T18:00:00,78.58827,Sistema
2023-03-16T19:00:00,77.78419,Sistema
2023-03-16T20:00:00,77.37013,Sistema
2023-03-16T21:00:00,78.9883,Sistema
2023-03-16T22:00:00,82.96731,Sistema
2023-03-16T23:00:00,87.81648,Sistema
2023-03-16T24:00:00,92.37937,Sistema
2023-03-17T01:00:00,89.32514,Sistema
2023-03-17T02:00:00,91.61683,Sistema
2023-03-17T03:00:00,89.49481,Sistema
2023-03-17T04:00:00,83.4532,Sistema
2023-03-17T05:00:00,84.40068,Sistema
2023-03-17T06:00:00,75.7572,Sistema
2023-03-17T07:00:00,73.73011,Sistema
2023-03-17T08:00:00,73.88968,Sistema
2023-03-17T09:00:00,74.07126,Sistema
2023-03-17T10:00:00,73.17322,Sistema
2023-03-17T11:00:00,75.45149,Sistema
2023-03-17T12:00:00,78.97936,Sistema
2023-03-17T13:00:00,79.57975,Sistema
2023-03-17T14:00:00,82.50146,Sistema
2023-03-17T15:00:00,87.23156,Sistema
2023-03-17T16:00:00,89.50434,Sistema
2023-03-17T17:00:00,98.49173,Sistema
2023-03-17T18:00:00,103.8136,Sistema
2023-03-17T19:00:00,105.81134,Sistema
2023-03-17T20:00:00,94.73637,Sistema
2023-03-17T21:00:00,100.12704,Sistema
2023-03-17T22:00:00,99.38152,Sistema
2023-03-17T23:00:00,95.96769,Sistema
2023-03-17T24:00:00,98.74956,Sistema
2023-03-18T01:00:00,89.30257,Sistema
2023-03-18T02:00:00,79.71247,Sistema
2023-03-18T03:00:00,70.46414,Sistema
2023-03-18T04:00:00,71.66805,Sistema
2023-03-18T05:00:00,70.31182,Sistema
2023-03-18T06:00:00,69.73576,Sistema
2023-03-18T07:00:00,76.00242,Sistema
2023-03-18T08:00:00,74.95479,Sistema
2023-03-18T09:00:00,70.90087,Sistema
2023-03-18T10:00:00,70.63273,Sistema
2023-03-18T11:00:00,72.55626,Sistema
2023-03-18T12:00:00,77.3015,Sistema
2023-03-18T13:00:00,78.02271,Sistema
2023-03-18T14:00:00,76.89892,Sistema
2023-03-18T15:00:00,71.06082,Sistema
2023-03-18T16:00:00,73.00419,Sistema
2023-03-18T17:00:00,76.12725,Sistema
2023-03-18T18:00:00,76.59693,Sistema
2023-03-18T19:00:00,73.54737,Sistema
2023-03-18T20:00:00,73.48056,Sistema
2023-03-18T21:00:00,76.00514,Sistema
2023-03-18T22:00:00,78.27201,Sistema
2023-03-18T23:00:00,82.6295,Sistema
2023-03-18T24:00:00,86.2657,Sistema
2023-03-19T01:00:00,87.25307,Sistema
2023-03-19T02:00:00,89.80583,Sistema
2023-03-19T03:00:00,90.36711,Sistema
2023-03-19T04:00:00,92.36026,Sistema
2023-03-19T05:00:00,91.36081,Sistema
2023-03-19T06:00:00,86.51835,Sistema
2023-03-19T07:00:00,86.13573,Sistema
2023-03-19T08:00:00,82.22701,Sistema
2023-03-19T09:00:00,78.00936,Sistema
2023-03-19T10:00:00,74.28626,Sistema
2023-03-19T11:00:00,72.07563,Sistema
2023-03-19T12:00:00,69.67105,Sistema
2023-03-19T13:00:00,69.29765,Sistema
2023-03-19T14:00:00,71.70426,Sistema
2023-03-19T15:00:00,77.42286,Sistema
2023-03-19T16:00:00,78.80051,Sistema
2023-03-19T17:00:00,78.87875,Sistema
2023-03-19T18:00:00,80.76945,Sistema
2023-03-19T19:00:00,89.3688,Sistema
2023-03-19T20:00:00,77.54914,Sistema
2023-03-19T21:00:00,74.61972,Sistema
2023-03-19T22:00:00,76.78832,Sistema
2023-03-19T23:00:00,76.38156,Sistema
2023-03-19T24:00:00,82.81213,Sistema
2023-03-20T01:00:00,79.20706,Sistema
2023-03-20T02:00:00,77.42105,Sistema
2023-03-20T03:00:00,79.81931,Sistema
2023-03-20T04:00:00,79.65886,Sistema
2023-03-20T05:00:00,76.52293,Sistema
2023-03-20T06:00:00,76.55202,Sistema
2023-03-20T07:00:00,79.65649,Sistema
2023-03-20T08:00:00,73.07213,Sistema
2023-03-20T09:00:00,64.27831,Sistema
2023-03-20T10:00:00,60.66806,Sistema
2023-03-20T11:00:00,57.58436,Sistema
2023-03-20T12:00:00,54.00209,Sistema
2023-03-20T13:00:00,50.14726,Sistema
2023-03-20T14:00:00,48.46653,Sistema
2023-03-20T15:00:00,54.45925,Sistema
2023-03-20T16:00:00,55.88739,Sistema
2023-03-20T17:00:00,54.8288,Sistema
2023-03-20T18:00:00,52.99356,Sistema
2023-03-20T19:00:00,61.28559,Sistema
2023-03-20T20:00:00,65.18228,Sistema
2023-03-20T21:00:00,64.76646,Sistema
2023-03-20T22:00:00,69.90934,Sistema
2023-03-20T23:00:00,70.80058,Sistema
2023-03-20T24:00:00,72.44838,Sistema
2023-03-21T01:00:00,69.86494,Sistema
2023-03-21T02:00:00,65.42778,Sistema
2023-03-21T03:00:00,64.68389,Sistema
2023-03-21T04:00:00,63.75436,Sistema
2023-03-21T05:00:00,62.24185,Sistema
2023-03-21T06:00:00,60.50602,Sistema
2023-03-21T07:00:00,62.73821,Sistema
2023-03-21T08:00:00,72.07609,Sistema
2023-03-21T09:00:00,75.22628,Sistema
2023-03-21T10:00:00,73.00622,Sistema
2023-03-21T11:00:00,70.30255,Sistema
2023-03-21T12:00:00,66.12704,Sistema
2023-03-21T13:00:00,63.42743,Sistema
2023-03-21T14:00:00,66.23679,Sistema
2023-03-21T15:00:00,71.4924,Sistema
2023-03-21T16:00:00,70.32697,Sistema
2023-03-21T17:00:00,65.98978,Sistema
2023-03-21T18:00:00,72.68383,Sistema
2023-03-21T19:00:00,72.22806,Sistema
2023-03-21T20:00:00,75.93807,Sistema
2023-03-21T21:00:00,78.1661,Sistema
2023-03-21T22:00:00,80.33976,Sistema
2023-03-21T23:00:00,84.97994,Sistema
2023-03-21T24:00:00,86.55467,Sistema
2023-03-22T01:00:00,77.25287,Sistema
2023-03-22T02:00:00,79.09704,Sistema
2023-03-22T03:00:00,75.18275,Sistema
2023-03-22T04:00:00,77.6408,Sistema
2023-03-22T05:00:00,78.67456,Sistema
2023-03-22T06:00:00,78.60581,Sistema
2023-03-22T07:00:00,71.7312,Sistema
2023-03-22T08:00:00,68.02746,Sistema
2023-03-22T09:00:00,68.76498,Sistema
2023-03-22T10:00:00,73.18734,Sistema
2023-03-22T11:00:00,75.84994,Sistema
2023-03-22T12:00:00,85.71044,Sistema
2023-03-22T13:00:00,91.00726,Sistema
2023-03-22T14:00:00,93.15728,Sistema
2023-03-22T15:00:00,96.10659,Sistema
2023-03-22T16:00:00,96.00029,Sistema
2023-03-22T17:00:00,97.52124,Sistema
2023-03-22T18:00:00,98.80677,Sistema
2023-03-22T19:00:00,95.14906,Sistema
2023-03-22T20:00:00,96.86912,Sistema
2023-03-22T21:00:00,100.14519,Sistema
2023-03-22T22:00:00,101.6499,Sistema
2023-03-22T23:00:00,97.96628,Sistema
2023-03-22T24:00:00,98.14636,Sistema
2023-03-23T01:00:00,88.65156,Sistema
2023-03-23T02:00:00,87.94246,Sistema
2023-03-23T03:00:00,85.79973,Sistema
2023-03-23T04:00:00,88.92486,Sistema
2023-03-23T05:00:00,90.44544,Sistema
2023-03-23T06:00:00,96.67583,Sistema
2023-03-23T07:00:00,102.69666,Sistema
2023-03-23T08:00:00,105.06932,Sistema
2023-03-23T09:00:00,102.32068,Sistema
2023-03-23T10:00:00,100.82412,Sistema
2023-03-23T11:00:00,96.44994,Sistema
2023-03-23T12:00:00,90.89986,Sistema
2023-03-23T13:00:00,91.83083,Sistema
2023-03-23T14:00:00,90.85348,Sistema
2023-03-23T15:00:00,89.49482,Sistema
2023-03-23T16:00:00,88.92936,Sistema
2023-03-23T17:00:00,90.42016,Sistema
2023-03-23T18:00:00,94.08644,Sistema
2023-03-23T19:00:00,91.81108,Sistema
2023-03-23T20:00:00,96.02578,Sistema
2023-03-23T21:00:00,98.92998,Sistema
2023-03-23T22:00:00,97.97829,Sistema
2023-03-23T23:00:00,98.21748,Sistema
2023-03-23T24:00:00,91.74432,Sistema
2023-03-24T01:00:00,91.50687,Sistema
2023-03-24T02:00:00,83.75604,Sistema
2023-03-24T03:00:00,80.4732,Sistema
2023-03-24T04:00:00,83.41649,Sistema
2023-03-24T05:00:00,91.8157,Sistema
2023-03-24T06:00:00,97.77142,Sistema
2023-03-24T07:00:00,114.93252,Sistema
2023-03-24T08:00:00,101.37973,Sistema
2023-03-24T09:00:00,105.75634,Sistema
2023-03-24T10:00:00,97.35698,Sistema
2023-03-24T11:00:00,98.60383,Sistema
2023-03-24T12:00:00,90.2867,Sistema
2023-03-24T13:00:00,91.08651,Sistema
2023-03-24T14:00:00,99.47364,Sistema
2023-03-24T15:00:00,96.29518,Sistema
2023-03-24T16:00:00,102.91687,Sistema
2023-03-24T17:00:00,103.3453,Sistema
2023-03-24T18:00:00,108.53043,Sistema
2023-03-24T19:00:00,110.33131,Sistema
2023-03-24T20:00:00,109.31372,Sistema
2023-03-24T21:00:00,115.3753,Sistema
2023-03-24T22:00:00,122.01898,Sistema
2023-03-24T23:00:00,130.96663,Sistema
2023-03-24T24:00:00,135.44241,Sistema
2023-03-25T01:00:00,125.80932,Sistema
2023-03-25T02:00:00,123.27993,Sistema
2023-03-25T03:00:00,118.62404,Sistema
2023-03-25T04:00:00,111.24543,Sistema
2023-03-25T05:00:00,111.68051,Sistema
2023-03-25T06:00:00,109.47577,Sistema
2023-03-25T07:00:00,105.96203,Sistema
2023-03-25T08:00:00,93.72434,Sistema
2023-03-25T09:00:00,88.29404,Sistema
2023-03-25T10:00:00,85.92199,Sistema
2023-03-25T11:00:00,86.53446,Sistema
2023-03-25T12:00:00,87.9966,Sistema
2023-03-25T13:00:00,89.86431,Sistema
2023-03-25T14:00:00,91.09985,Sistema
2023-03-25T15:00:00,93.70181,Sistema
2023-03-25T16:00:00,95.54422,Sistema
2023-03-25T17:00:00,98.29416,Sistema
2023-03-25T18:00:00,94.34954,Sistema
2023-03-25T19:00:00,86.50133,Sistema
2023-03-25T20:00:00,90.5959,Sistema
2023-03-25T21:00:00,91.48339,Sistema
2023-03-25T22:00:00,91.55884,Sistema
2023-03-25T23:00:00,95.95467,Sistema
2023-03-25T24:00:00,99.29789,Sistema
2023-03-26T01:00:00,102.88723,Sistema
2023-03-26T02:00:00,103.85474,Sistema
2023-03-26T03:00:00,107.62916,Sistema
2023-03-26T04:00:00,106.88162,Sistema
2023-03-26T05:00:00,102.8411,Sistema
2023-03-26T06:00:00,99.31485,Sistema
2023-03-26T07:00:00,102.87776,Sistema
2023-03-26T08:00:00,99.94401,Sistema
2023-03-26T09:00:00,98.5986,Sistema
2023-03-26T10:00:00,96.92804,Sistema
2023-03-26T11:00:00,90.70294,Sistema
2023-03-26T12:00:00,84.62128,Sistema
2023-03-26T13:00:00,81.79077,Sistema
2023-03-26T14:00:00,78.75941,Sistema
2023-03-26T15:00:00,78.49477,Sistema
2023-03-26T16:00:00,79.37058,Sistema
2023-03-26T17:00:00,80.34138,Sistema
2023-03-26T18:00:00,79.98627,Sistema
2023-03-26T19:00:00,78.45127,Sistema
2023-03-26T20:00:00,90.84685,Sistema
2023-03-26T21:00:00,97.49005,Sistema
2023-03-26T22:00:00,98.97031,Sistema
2023-03-26T23:00:00,103.95735,Sistema
2023-03-26T24:00:00,107.20124,Sistema
2023-03-27T01:00:00,106.21769,Sistema
2023-03-27T02:00:00,100.83285,Sistema
2023-03-27T03:00:00,95.84344,Sistema
2023-03-27T04:00:00,91.04331,Sistema
2023-03-27T05:00:00,75.528,Sistema
2023-03-27T06:00:00,69.59536,Sistema
2023-03-27T07:00:00,64.87481,Sistema
2023-03-27T08:00:00,58.85827,Sistema
2023-03-27T09:00:00,61.68655,Sistema
2023-03-27T10:00:00,65.68786,Sistema
2023-03-27T11:00:00,66.8623,Sistema
2023-03-27T12:00:00,67.50456,Sistema
2023-03-27T13:00:00,70.00254,Sistema
2023-03-27T14:00:00,69.90536,Sistema
2023-03-27T15:00:00,71.91548,Sistema
2023-03-27T16:00:00,71.25842,Sistema
2023-03-27T17:00:00,74.13159,Sistema
2023-03-27T18:00:00,69.76011,Sistema
2023-03-27T19:00:00,66.19865,Sistema
2023-03-27T20:00:00,73.37539,Sistema
2023-03-27T21:00:00,75.63177,Sistema
2023-03-27T22:00:00,79.74021,Sistema
2023-03-27T23:00:00,82.37521,Sistema
2023-03-27T24:00:00,77.77083,Sistema
2023-03-28T01:00:00,70.17261,Sistema
2023-03-28T02:00:00,69.72652,Sistema
2023-03-28T03:00:00,70.89901,Sistema
2023-03-28T04:00:00,71.84877,Sistema
2023-03-28T05:00:00,70.07479,Sistema
2023-03-28T06:00:00,64.9905,Sistema
2023-03-28T07:00:00,63.51077,Sistema
2023-03-28T08:00:00,60.98386,Sistema
2023-03-28T09:00:00,56.94297,Sistema
2023-03-28T10:00:00,55.25284,Sistema
2023-03-28T11:00:00,53.59476,Sistema
2023-03-28T12:00:00,52.05337,Sistema
2023-03-28T13:00:00,52.89169,Sistema
2023-03-28T14:00:00,58.34452,Sistema
2023-03-28T15:00:00,64.15059,Sistema
2023-03-28T16:00:00,65.09502,Sistema
2023-03-28T17:00:00,69.71225,Sistema
2023-03-28T18:00:00,71.58431,Sistema
2023-03-28T19:00:00,72.24925,Sistema
2023-03-28T20:00:00,83.72366,Sistema
2023-03-28T21:00:00,92.87868,Sistema
2023-03-28T22:00:00,96.35586,Sistema
2023-03-28T23:00:00,99.12449,Sistema
2023-03-28T24:00:00,102.07024,Sistema
2023-03-29T01:00:00,104.63745,Sistema
2023-03-29T02:00:00,101.0984,Sistema
2023-03-29T03:00:00,97.56617,Sistema
2023-03-29T04:00:00,97.63712,Sistema
2023-03-29T05:00:00,95.15733,Sistema
2023-03-29T06:00:00,84.06042,Sistema
2023-03-29T07:00:00,74.55745,Sistema
2023-03-29T08:00:00,68.27851,Sistema
2023-03-29T09:00:00,71.04391,Sistema
2023-03-29T10:00:00,71.87926,Sistema
2023-03-29T11:00:00,74.6321,Sistema
2023-03-29T12:00:00,72.22973,Sistema
2023-03-29T13:00:00,73.80045,Sistema
2023-03-29T14:00:00,78.35798,Sistema
2023-03-29T15:00:00,82.26842,Sistema
2023-03-29T16:00:00,84.22883,Sistema
2023-03-29T17:00:00,86.04664,Sistema
2023-03-29T18:00:00,83.44555,Sistema
2023-03-29T19:00:00,68.86204,Sistema
2023-03-29T20:00:00,70.41386,Sistema
2023-03-29T21:00:00,75.39313,Sistema
2023-03-29T22:00:00,78.13745,Sistema
2023-03-29T23:00:00,83.18126,Sistema
2023-03-29T24:00:00,86.93039,Sistema
2023-03-30T01:00:00,83.40639,Sistema
2023-03-30T02:00:00,77.29824,Sistema
2023-03-30T03:00:00,73.41102,Sistema
2023-03-30T04:00:00,74.1204,Sistema
2023-03-30T05:00:00,72.161,Sistema
2023-03-30T06:00:00,68.23606,Sistema
2023-03-30T07:00:00,67.1857,Sistema
2023-03-30T08:00:00,63.75179,Sistema
2023-03-30T09:00:00,60.32645,Sistema
2023-03-30T10:00:00,58.74798,Sistema
2023-03-30T11:00:00,56.68023,Sistema
2023-03-30T12:00:00,55.37363,Sistema
2023-03-30T13:00:00,56.10759,Sistema
2023-03-30T14:00:00,58.41394,Sistema
2023-03-30T15:00:00,63.989,Sistema
2023-03-30T16:00:00,61.42284,Sistema
2023-03-30T17:00:00,57.91708,Sistema
2023-03-30T18:00:00,60.51983,Sistema
2023-03-30T19:00:00,66.35102,Sistema
2023-03-30T20:00:00,66.50598,Sistema
2023-03-30T21:00:00,71.17226,Sistema
2023-03-30T22:00:00,72.73563,Sistema
2023-03-30T23:00:00,78.00459,Sistema
2023-03-30T24:00:00,79.96794,Sistema
2023-03-31T01:00:00,75.85138,Sistema
2023-03-31T02:00:00,75.02169,Sistema
2023-03-31T03:00:00,72.70006,Sistema
2023-03-31T04:00:00,69.49424,Sistema
2023-03-31T05:00:00,68.12691,Sistema
2023-03-31T06:00:00,63.75728,Sistema
2023-03-31T07:00:00,62.76514,Sistema
2023-03-31T08:00:00,60.54541,Sistema
2023-03-31T09:00:00,63.69726,Sistema
2023-03-31T10:00:00,63.47561,Sistema
2023-03-31T11:00:00,60.39753,Sistema
2023-03-31T12:00:00,61.37389,Sistema
2023-03-31T13:00:00,61.1211,Sistema
2023-03-31T14:00:00,63.68947,Sistema
2023-03-31T15:00:00,74.90435,Sistema
2023-03-31T16:00:00,83.89335,Sistema
2023-03-31T17:00:00,84.3943,Sistema
2023-03-31T18:00:00,80.35039,Sistema
2023-03-31T19:00:00,73.93974,Sistema
2023-03-31T20:00:00,74.7037,Sistema
2023-03-31T21:00:00,75.94139,Sistema
2023-03-31T22:00:00,78.7758,Sistema
2023-03-31T23:00:00,82.6142,Sistema
2023-03-31T24:00:00,84.32147,Sistema
2023-04-01T01:00:00,77.16845,Sistema
2023-04-01T02:00:00,76.40999,Sistema
2023-04-01T03:00:00,75.57169,Sistema
2023-04-01T04:00:00,72.26751,Sistema
2023-04-01T05:00:00,73.2349,Sistema
2023-04-01T06:00:00,76.36328,Sistema
2023-04-01T07:00:00,75.45257,Sistema
2023-04-01T08:00:00,73.70592,Sistema
2023-04-01T09:00:00,74.48442,Sistema
2023-04-01T10:00:00,78.4036,Sistema
2023-04-01T11:00:00,79.76508,Sistema
2023-04-01T12:00:00,77.31653,Sistema
2023-04-01T13:00:00,78.40232,Sistema
2023-04-01T14:00:00,79.81194,Sistema
2023-04-01T15:00:00,85.9068,Sistema
2023-04-01T16:00:00,86.73166,Sistema
2023-04-01T17:00:00,91.10014,Sistema
2023-04-01T18:00:00,94.27507,Sistema
2023-04-01T19:00:00,91.81081,Sistema
2023-04-01T20:00:00,90.17616,Sistema
2023-04-01T21:00:00,89.53149,Sistema
2023-04-01T22:00:00,79.85263,Sistema
2023-04-01T23:00:00,78.71808,Sistema
2023-04-01T24:00:00,83.19577,Sistema
2023-04-02T01:00:00,87.62298,Sistema
2023-04-02T02:00:00,88.10226,Sistema
2023-04-02T03:00:00,90.02802,Sistema
2023-04-02T04:00:00,84.90146,Sistema
2023-04-02T05:00:00,79.25717,Sistema
2023-04-02T06:00:00,75.19324,Sistema
2023-04-02T07:00:00,78.43232,Sistema
2023-04-02T08:00:00,78.77077,Sistema
2023-04-02T09:00:00,81.00352,Sistema
2023-04-02T10:00:00,67.19391,Sistema
2023-04-02T11:00:00,73.70166,Sistema
2023-04-02T12:00:00,77.49962,Sistema
2023-04-02T13:00:00,83.01737,Sistema
2023-04-02T14:00:00,84.89707,Sistema
2023-04-02T15:00:00,93.81809,Sistema
2023-04-02T16:00:00,94.27285,Sistema
2023-04-02T17:00:00,101.64079,Sistema
2023-04-02T18:00:00,100.64274,Sistema
2023-04-02T19:00:00,92.31474,Sistema
2023-04-02T20:00:00,91.08541,Sistema
2023-04-02T21:00:00,85.4206,Sistema
2023-04-02T22:00:00,86.73337,Sistema
2023-04-02T23:00:00,90.94882,Sistema
2023-04-02T24:00:00,95.65301,Sistema
2023-04-03T01:00:00,98.33668,Sistema
2023-04-03T02:00:00,95.89553,Sistema
2023-04-03T03:00:00,93.22703,Sistema
2023-04-03T04:00:00,92.84282,Sistema
2023-04-03T05:00:00,91.50368,Sistema
2023-04-03T06:00:00,88.91555,Sistema
2023-04-03T07:00:00,86.34132,Sistema
2023-04-03T08:00:00,79.37437,Sistema
2023-04-03T09:00:00,74.63008,Sistema
2023-04-03T10:00:00,77.17093,Sistema
2023-04-03T11:00:00,77.5658,Sistema
2023-04-03T12:00:00,76.37877,Sistema
2023-04-03T13:00:00,77.12539,Sistema
2023-04-03T14:00:00,79.05887,Sistema
2023-04-03T15:00:00,80.04593,Sistema
2023-04-03T16:00:00,73.7997,Sistema
2023-04-03T17:00:00,71.53415,Sistema
2023-04-03T18:00:00,77.1507,Sistema
2023-04-03T19:00:00,76.69501,Sistema
2023-04-03T20:00:00,80.78551,Sistema
2023-04-03T21:00:00,82.48945,Sistema
2023-04-03T22:00:00,83.76604,Sistema
2023-04-03T23:00:00,93.43409,Sistema
2023-04-03T24:00:00,95.26474,Sistema
2023-04-04T01:00:00,93.86857,Sistema
2023-04-04T02:00:00,87.87705,Sistema
2023-04-04T03:00:00,87.08017,Sistema
2023-04-04T04:00:00,88.1402,Sistema
2023-04-04T05:00:00,86.86936,Sistema
2023-04-04T06:00:00,86.1695,Sistema
2023-04-04T07:00:00,84.13645,Sistema
2023-04-04T08:00:00,78.29349,Sistema
2023-04-04T09:00:00,74.78613,Sistema
2023-04-04T10:00:00,76.98673,Sistema
2023-04-04T11:00:00,77.92346,Sistema
2023-04-04T12:00:00,79.26434,Sistema
2023-04-04T13:00:00,84.65446,Sistema
2023-04-04T14:00:00,88.64301,Sistema
2023-04-04T15:00:00,89.72579,Sistema
2023-04-04T16:00:00,92.62687,Sistema
2023-04-04T17:00:00,94.06278,Sistema
2023-04-04T18:00:00,98.38817,Sistema
2023-04-04T19:00:00,96.21435,Sistema
2023-04-04T20:00:00,99.03847,Sistema
2023-04-04T21:00:00,99.27762,Sistema
2023-04-04T22:00:00,97.49391,Sistema
2023-04-04T23:00:00,98.6177,Sistema
2023-04-04T24:00:00,99.51735,Sistema
2023-04-05T01:00:00,94.82958,Sistema
2023-04-05T02:00:00,94.18936,Sistema
2023-04-05T03:00:00,95.4181,Sistema
2023-04-05T04:00:00,90.10011,Sistema
2023-04-05T05:00:00,83.80209,Sistema
2023-04-05T06:00:00,80.11708,Sistema
2023-04-05T07:00:00,76.02059,Sistema
2023-04-05T08:00:00,72.34983,Sistema
2023-04-05T09:00:00,73.10625,Sistema
2023-04-05T10:00:00,73.14974,Sistema
2023-04-05T11:00:00,71.20303,Sistema
2023-04-05T12:00:00,71.10627,Sistema
2023-04-05T13:00:00,72.84175,Sistema
2023-04-05T14:00:00,74.19572,Sistema
2023-04-05T15:00:00,67.28281,Sistema
2023-04-05T16:00:00,63.80476,Sistema
2023-04-05T17:00:00,65.47421,Sistema
2023-04-05T18:00:00,68.52112,Sistema
2023-04-05T19:00:00,70.43178,Sistema
2023-04-05T20:00:00,76.54801,Sistema
2023-04-05T21:00:00,78.99474,Sistema
2023-04-05T22:00:00,71.71335,Sistema
2023-04-05T23:00:00,76.90636,Sistema
2023-04-05T24:00:00,81.49413,Sistema
2023-04-06T01:00:00,77.62047,Sistema
2023-04-06T02:00:00,73.71317,Sistema
2023-04-06T03:00:00,72.61593,Sistema
2023-04-06T04:00:00,66.73675,Sistema
2023-04-06T05:00:00,64.73539,Sistema
2023-04-06T06:00:00,61.96357,Sistema
2023-04-06T07:00:00,60.7112,Sistema
2023-04-06T08:00:00,58.60317,Sistema
2023-04-06T09:00:00,58.40357,Sistema
2023-04-06T10:00:00,59.4286,Sistema
2023-04-06T11:00:00,59.64858,Sistema
2023-04-06T12:00:00,60.21117,Sistema
2023-04-06T13:00:00,63.92611,Sistema
2023-04-06T14:00:00,70.5386,Sistema
2023-04-06T15:00:00,73.3858,Sistema
2023-04-06T16:00:00,78.01797,Sistema
2023-04-06T17:00:00,81.05122,Sistema
2023-04-06T18:00:00,83.84993,Sistema
2023-04-06T19:00:00,81.79023,Sistema
2023-04-06T20:00:00,81.85734,Sistema
2023-04-06T21:00:00,85.20999,Sistema
2023-04-06T22:00:00,81.37556,Sistema
2023-04-06T23:00:00,78.5487,Sistema
2023-04-06T24:00:00,79.97104,Sistema
2023-04-07T01:00:00,84.24527,Sistema
2023-04-07T02:00:00,86.66756,Sistema
2023-04-07T03:00:00,86.53168,Sistema
2023-04-07T04:00:00,81.85618,Sistema
2023-04-07T05:00:00,74.16781,Sistema
2023-04-07T06:00:00,73.59189,Sistema
2023-04-07T07:00:00,75.32955,Sistema
2023-04-07T08:00:00,73.12997,Sistema
2023-04-07T09:00:00,69.85153,Sistema
2023-04-07T10:00:00,72.07324,Sistema
2023-04-07T11:00:00,70.14849,Sistema
2023-04-07T12:00:00,69.16998,Sistema
2023-04-07T13:00:00,71.51631,Sistema
2023-04-07T14:00:00,76.02462,Sistema
2023-04-07T15:00:00,80.78848,Sistema
2023-04-07T16:00:00,82.04784,Sistema
2023-04-07T17:00:00,85.29662,Sistema
2023-04-07T18:00:00,84.72655,Sistema
2023-04-07T19:00:00,80.54228,Sistema
2023-04-07T20:00:00,81.34555,Sistema
2023-04-07T21:00:00,82.68659,Sistema
2023-04-07T22:00:00,79.84733,Sistema
2023-04-07T23:00:00,78.92565,Sistema
2023-04-07T24:00:00,82.92981,Sistema
2023-04-08T01:00:00,87.64496,Sistema
2023-04-08T02:00:00,90.27669,Sistema
2023-04-08T03:00:00,92.44069,Sistema
2023-04-08T04:00:00,93.70684,Sistema
2023-04-08T05:00:00,93.44822,Sistema
2023-04-08T06:00:00,93.15492,Sistema
2023-04-08T07:00:00,94.1819,Sistema
2023-04-08T08:00:00,90.69698,Sistema
2023-04-08T09:00:00,84.96658,Sistema
2023-04-08T10:00:00,81.40662,Sistema
2023-04-08T11:00:00,77.69207,Sistema
2023-04-08T12:00:00,75.33916,Sistema
2023-04-08T13:00:00,73.91174,Sistema
2023-04-08T14:00:00,73.16221,Sistema
2023-04-08T15:00:00,73.87239,Sistema
2023-04-08T16:00:00,73.64751,Sistema
2023-04-08T17:00:00,73.37522,Sistema
2023-04-08T18:00:00,73.93736,Sistema
2023-04-08T19:00:00,75.46481,Sistema
2023-04-08T20:00:00,78.94361,Sistema
2023-04-08T21:00:00,80.21177,Sistema
2023-04-08T22:00:00,76.82073,Sistema
2023-04-08T23:00:00,83.47066,Sistema
2023-04-08T24:00:00,88.56391,Sistema
2023-04-09T01:00:00,92.31557,Sistema
2023-04-09T02:00:00,93.70381,Sistema
2023-04-09T03:00:00,92.25278,Sistema
2023-04-09T04:00:00,82.99901,Sistema
2023-04-09T05:00:00,76.85346,Sistema
2023-04-09T06:00:00,75.94161,Sistema
2023-04-09T07:00:00,78.01481,Sistema
2023-04-09T08:00:00,77.4114,Sistema
2023-04-09T09:00:00,77.36823,Sistema
2023-04-09T10:00:00,73.76678,Sistema
2023-04-09T11:00:00,62.90411,Sistema
2023-04-09T12:00:00,61.98767,Sistema
2023-04-09T13:00:00,63.74015,Sistema
2023-04-09T14:00:00,62.95336,Sistema
2023-04-09T15:00:00,63.49816,Sistema
2023-04-09T16:00:00,63.84322,Sistema
2023-04-09T17:00:00,66.98783,Sistema
2023-04-09T18:00:00,70.29327,Sistema
2023-04-09T19:00:00,69.53438,Sistema
2023-04-09T20:00:00,70.31844,Sistema
2023-04-09T21:00:00,75.77703,Sistema
2023-04-09T22:00:00,76.21253,Sistema
2023-04-09T23:00:00,73.62685,Sistema
2023-04-09T24:00:00,76.65668,Sistema
2023-04-10T01:00:00,84.48122,Sistema
2023-04-10T02:00:00,79.06182,Sistema
2023-04-10T03:00:00,69.61057,Sistema
2023-04-10T04:00:00,65.67107,Sistema
2023-04-10T05:00:00,61.68729,Sistema
2023-04-10T06:00:00,59.54598,Sistema
2023-04-10T07:00:00,60.03522,Sistema
2023-04-10T08:00:00,54.45156,Sistema
2023-04-10T09:00:00,51.47115,Sistema
2023-04-10T10:00:00,47.67947,Sistema
2023-04-10T11:00:00,47.16017,Sistema
2023-04-10T12:00:00,48.54163,Sistema
2023-04-10T13:00:00,51.9986,Sistema
2023-04-10T14:00:00,61.42456,Sistema
2023-04-10T15:00:00,64.51727,Sistema
2023-04-10T16:00:00,62.69252,Sistema
2023-04-10T17:00:00,60.053,Sistema
2023-04-10T18:00:00,62.85921,Sistema
2023-04-10T19:00:00,64.93405,Sistema
2023-04-10T20:00:00,66.5322,Sistema
2023-04-10T21:00:00,67.71383,Sistema
2023-04-10T22:00:00,72.01676,Sistema
2023-04-10T23:00:00,78.32908,Sistema
2023-04-10T24:00:00,82.98544,Sistema
2023-04-11T01:00:00,83.03628,Sistema
2023-04-11T02:00:00,77.07803,Sistema
2023-04-11T03:00:00,74.27545,Sistema
2023-04-11T04:00:00,72.32315,Sistema
2023-04-11T05:00:00,67.53967,Sistema
2023-04-11T06:00:00,57.69725,Sistema
2023-04-11T07:00:00,54.00729,Sistema
2023-04-11T08:00:00,48.96144,Sistema
2023-04-11T09:00:00,46.82397,Sistema
2023-04-11T10:00:00,45.888,Sistema
2023-04-11T11:00:00,47.90208,Sistema
2023-04-11T12:00:00,52.81324,Sistema
2023-04-11T13:00:00,54.63078,Sistema
2023-04-11T14:00:00,57.0814,Sistema
2023-04-11T15:00:00,56.86571,Sistema
2023-04-11T16:00:00,56.64291,Sistema
2023-04-11T17:00:00,54.34944,Sistema
2023-04-11T18:00:00,56.5003,Sistema
2023-04-11T19:00:00,57.93883,Sistema
2023-04-11T20:00:00,59.77553,Sistema
2023-04-11T21:00:00,62.68901,Sistema
2023-04-11T22:00:00,63.853,Sistema
2023-04-11T23:00:00,71.53476,Sistema
2023-04-11T24:00:00,71.0041,Sistema
2023-04-12T01:00:00,72.94171,Sistema
2023-04-12T02:00:00,71.96304,Sistema
2023-04-12T03:00:00,71.92432,Sistema
2023-04-12T04:00:00,73.68678,Sistema
2023-04-12T05:00:00,70.87171,Sistema
2023-04-12T06:00:00,67.17864,Sistema
2023-04-12T07:00:00,68.0513,Sistema
2023-04-12T08:00:00,68.5204,Sistema
2023-04-12T09:00:00,81.83143,Sistema
2023-04-12T10:00:00,75.27294,Sistema
2023-04-12T11:00:00,69.68069,Sistema
2023-04-12T12:00:00,65.45286,Sistema
2023-04-12T13:00:00,60.96538,Sistema
2023-04-12T14:00:00,57.11423,Sistema
2023-04-12T15:00:00,60.86571,Sistema
2023-04-12T16:00:00,60.26921,Sistema
2023-04-12T17:00:00,61.55061,Sistema
2023-04-12T18:00:00,64.81732,Sistema
2023-04-12T19:00:00,70.02013,Sistema
2023-04-12T20:00:00,68.62236,Sistema
2023-04-12T21:00:00,70.60874,Sistema
2023-04-12T22:00:00,72.03239,Sistema
2023-04-12T23:00:00,77.07158,Sistema
2023-04-12T24:00:00,76.97792,Sistema
2023-04-13T01:00:00,77.24287,Sistema
2023-04-13T02:00:00,74.7081,Sistema
2023-04-13T03:00:00,72.30023,Sistema
2023-04-13T04:00:00,74.15277,Sistema
2023-04-13T05:00:00,76.92182,Sistema
2023-04-13T06:00:00,74.92926,Sistema
2023-04-13T07:00:00,74.53943,Sistema
2023-04-13T08:00:00,71.48789,Sistema
2023-04-13T09:00:00,71.36705,Sistema
2023-04-13T10:00:00,72.27515,Sistema
2023-04-13T11:00:00,71.95432,Sistema
2023-04-13T12:00:00,74.47049,Sistema
2023-04-13T13:00:00,75.50012,Sistema
2023-04-13T14:00:00,76.9834,Sistema
2023-04-13T15:00:00,76.16523,Sistema
2023-04-13T16:00:00,75.36854,Sistema
2023-04-13T17:00:00,74.31055,Sistema
2023-04-13T18:00:00,77.53199,Sistema
2023-04-13T19:00:00,81.76261,Sistema
2023-04-13T20:00:00,81.17908,Sistema
2023-04-13T21:00:00,83.10548,Sistema
2023-04-13T22:00:00,84.49117,Sistema
2023-04-13T23:00:00,89.43254,Sistema
2023-04-13T24:00:00,90.62818,Sistema
2023-04-14T01:00:00,86.39491,Sistema
2023-04-14T02:00:00,84.89365,Sistema
2023-04-14T03:00:00,86.84514,Sistema
2023-04-14T04:00:00,88.80795,Sistema
2023-04-14T05:00:00,85.49358,Sistema
2023-04-14T06:00:00,74.76978,Sistema
2023-04-14T07:00:00,76.38834,Sistema
2023-04-14T08:00:00,73.77665,Sistema
2023-04-14T09:00:00,69.35199,Sistema
2023-04-14T10:00:00,65.47696,Sistema
2023-04-14T11:00:00,62.48311,Sistema
2023-04-14T12:00:00,60.84358,Sistema
2023-04-14T13:00:00,63.2306,Sistema
2023-04-14T14:00:00,73.29724,Sistema
2023-04-14T15:00:00,82.36054,Sistema
2023-04-14T16:00:00,81.85414,Sistema
2023-04-14T17:00:00,77.04475,Sistema
2023-04-14T18:00:00,77.56446,Sistema
2023-04-14T19:00:00,81.63705,Sistema
2023-04-14T20:00:00,83.53945,Sistema
2023-04-14T21:00:00,87.7145,Sistema
2023-04-14T22:00:00,88.32721,Sistema
2023-04-14T23:00:00,93.5731,Sistema
2023-04-14T24:00:00,92.73549,Sistema
2023-04-15T01:00:00,80.75819,Sistema
2023-04-15T02:00:00,77.73087,Sistema
2023-04-15T03:00:00,76.1211,Sistema
2023-04-15T04:00:00,76.09284,Sistema
2023-04-15T05:00:00,76.02053,Sistema
2023-04-15T06:00:00,75.36648,Sistema
2023-04-15T07:00:00,73.25644,Sistema
2023-04-15T08:00:00,68.33945,Sistema
2023-04-15T09:00:00,63.587,Sistema
2023-04-15T10:00:00,61.09895,Sistema
2023-04-15T11:00:00,59.1563,Sistema
2023-04-15T12:00:00,58.16601,Sistema
2023-04-15T13:00:00,59.23633,Sistema
2023-04-15T14:00:00,58.35235,Sistema
2023-04-15T15:00:00,57.03166,Sistema
2023-04-15T16:00:00,49.49514,Sistema
2023-04-15T17:00:00,51.83361,Sistema
2023-04-15T18:00:00,57.29319,Sistema
2023-04-15T19:00:00,55.39736,Sistema
2023-04-15T20:00:00,55.5909,Sistema
2023-04-15T21:00:00,56.83619,Sistema
2023-04-15T22:00:00,59.61649,Sistema
2023-04-15T23:00:00,63.62613,Sistema
2023-04-15T24:00:00,59.41819,Sistema
2023-04-16T01:00:00,71.57676,Sistema
2023-04-16T02:00:00,71.87979,Sistema
2023-04-16T03:00:00,69.85831,Sistema
2023-04-16T04:00:00,60.48126,Sistema
2023-04-16T05:00:00,60.20958,Sistema
2023-04-16T06:00:00,60.61761,Sistema
2023-04-16T07:00:00,64.08109,Sistema
2023-04-16T08:00:00,61.03833,Sistema
2023-04-16T09:00:00,64.07263,Sistema
2023-04-16T10:00:00,60.27636,Sistema
2023-04-16T11:00:00,56.0503,Sistema
2023-04-16T12:00:00,55.00401,Sistema
2023-04-16T13:00:00,53.80941,Sistema
2023-04-16T14:00:00,54.19062,Sistema
2023-04-16T15:00:00,56.33748,Sistema
2023-04-16T16:00:00,56.72332,Sistema
2023-04-16T17:00:00,57.97528,Sistema
2023-04-16T18:00:00,62.15405,Sistema
2023-04-16T19:00:00,60.95924,Sistema
2023-04-16T20:00:00,64.49056,Sistema
2023-04-16T21:00:00,67.2055,Sistema
2023-04-16T22:00:00,64.16412,Sistema
2023-04-16T23:00:00,68.32061,Sistema
2023-04-16T24:00:00,70.78254,Sistema
2023-04-17T01:00:00,70.5252,Sistema
2023-04-17T02:00:00,68.70641,Sistema
2023-04-17T03:00:00,72.77059,Sistema
2023-04-17T04:00:00,77.94303,Sistema
2023-04-17T05:00:00,76.62342,Sistema
2023-04-17T06:00:00,71.59501,Sistema
2023-04-17T07:00:00,70.72465,Sistema
2023-04-17T08:00:00,67.79165,Sistema
2023-04-17T09:00:00,67.34854,Sistema
2023-04-17T10:00:00,67.83391,Sistema
2023-04-17T11:00:00,69.45949,Sistema
2023-04-17T12:00:00,66.15594,Sistema
2023-04-17T13:00:00,67.37299,Sistema
2023-04-17T14:00:00,72.84555,Sistema
2023-04-17T15:00:00,77.35863,Sistema
2023-04-17T16:00:00,78.51731,Sistema
2023-04-17T17:00:00,76.94882,Sistema
2023-04-17T18:00:00,80.67164,Sistema
2023-04-17T19:00:00,81.30851,Sistema
2023-04-17T20:00:00,80.9727,Sistema
2023-04-17T21:00:00,83.62429,Sistema
2023-04-17T22:00:00,85.48485,Sistema
2023-04-17T23:00:00,88.37871,Sistema
2023-04-17T24:00:00,94.27511,Sistema
2023-04-18T01:00:00,94.17151,Sistema
2023-04-18T02:00:00,97.16858,Sistema
2023-04-18T03:00:00,99.53682,Sistema
2023-04-18T04:00:00,100.38847,Sistema
2023-04-18T05:00:00,97.65315,Sistema
2023-04-18T06:00:00,91.98984,Sistema
2023-04-18T07:00:00,91.10195,Sistema
2023-04-18T08:00:00,86.00634,Sistema
2023-04-18T09:00:00,81.08817,Sistema
2023-04-18T10:00:00,78.52089,Sistema
2023-04-18T11:00:00,75.8686,Sistema
2023-04-18T12:00:00,73.95378,Sistema
2023-04-18T13:00:00,74.40351,Sistema
2023-04-18T14:00:00,74.64363,Sistema
2023-04-18T15:00:00,75.49655,Sistema
2023-04-18T16:00:00,75.10217,Sistema
2023-04-18T17:00:00,75.64212,Sistema
2023-04-18T18:00:00,76.59952,Sistema
2023-04-18T19:00:00,77.01964,Sistema
2023-04-18T20:00:00,79.39545,Sistema
2023-04-18T21:00:00,82.00678,Sistema
2023-04-18T22:00:00,85.58885,Sistema
2023-04-18T23:00:00,93.09114,Sistema
2023-04-18T24:00:00,95.68769,Sistema
2023-04-19T01:00:00,91.49773,Sistema
2023-04-19T02:00:00,88.91581,Sistema
2023-04-19T03:00:00,89.82676,Sistema
2023-04-19T04:00:00,86.90938,Sistema
2023-04-19T05:00:00,90.46779,Sistema
2023-04-19T06:00:00,89.48149,Sistema
2023-04-19T07:00:00,90.25548,Sistema
2023-04-19T08:00:00,85.53895,Sistema
2023-04-19T09:00:00,84.10222,Sistema
2023-04-19T10:00:00,83.38386,Sistema
2023-04-19T11:00:00,77.00326,Sistema
2023-04-19T12:00:00,75.58574,Sistema
2023-04-19T13:00:00,81.58101,Sistema
2023-04-19T14:00:00,81.78848,Sistema
2023-04-19T15:00:00,84.78094,Sistema
2023-04-19T16:00:00,84.86678,Sistema
2023-04-19T17:00:00,80.77653,Sistema
2023-04-19T18:00:00,84.45415,Sistema
2023-04-19T19:00:00,86.36783,Sistema
2023-04-19T20:00:00,88.07081,Sistema
2023-04-19T21:00:00,90.91334,Sistema
2023-04-19T22:00:00,90.56066,Sistema
2023-04-19T23:00:00,97.31745,Sistema
2023-04-19T24:00:00,98.30862,Sistema
2023-04-20T01:00:00,108.11308,Sistema
2023-04-20T02:00:00,116.66868,Sistema
2023-04-20T03:00:00,111.59282,Sistema
2023-04-20T04:00:00,112.83558,Sistema
2023-04-20T05:00:00,109.13182,Sistema
2023-04-20T06:00:00,103.03911,Sistema
2023-04-20T07:00:00,100.56282,Sistema
2023-04-20T08:00:00,95.80962,Sistema
2023-04-20T09:00:00,91.17636,Sistema
2023-04-20T10:00:00,87.55935,Sistema
2023-04-20T11:00:00,85.18558,Sistema
2023-04-20T12:00:00,81.70943,Sistema
2023-04-20T13:00:00,82.87636,Sistema
2023-04-20T14:00:00,84.41219,Sistema
2023-04-20T15:00:00,86.34964,Sistema
2023-04-20T16:00:00,84.9056,Sistema
2023-04-20T17:00:00,84.75734,Sistema
2023-04-20T18:00:00,87.58242,Sistema
2023-04-20T19:00:00,83.52138,Sistema
2023-04-20T20:00:00,81.92689,Sistema
2023-04-20T21:00:00,86.63886,Sistema
2023-04-20T22:00:00,91.9628,Sistema
2023-04-20T23:00:00,97.32705,Sistema
2023-04-20T24:00:00,98.31542,Sistema
2023-04-21T01:00:00,97.27917,Sistema
2023-04-21T02:00:00,98.02181,Sistema
2023-04-21T03:00:00,100.12032,Sistema
2023-04-21T04:00:00,92.02451,Sistema
2023-04-21T05:00:00,86.83437,Sistema
2023-04-21T06:00:00,80.24336,Sistema
2023-04-21T07:00:00,78.91906,Sistema
2023-04-21T08:00:00,75.38465,Sistema
2023-04-21T09:00:00,70.50618,Sistema
2023-04-21T10:00:00,72.41986,Sistema
2023-04-21T11:00:00,74.89654,Sistema
2023-04-21T12:00:00,79.42446,Sistema
2023-04-21T13:00:00,84.90571,Sistema
2023-04-21T14:00:00,89.70419,Sistema
2023-04-21T15:00:00,92.53621,Sistema
2023-04-21T16:00:00,91.2895,Sistema
2023-04-21T17:00:00,90.81848,Sistema
2023-04-21T18:00:00,94.0039,Sistema
2023-04-21T19:00:00,95.32371,Sistema
2023-04-21T20:00:00,92.99221,Sistema
2023-04-21T21:00:00,90.56917,Sistema
2023-04-21T22:00:00,92.8199,Sistema
2023-04-21T23:00:00,97.82353,Sistema
2023-04-21T24:00:00,95.84729,Sistema
2023-04-22T01:00:00,96.81125,Sistema
2023-04-22T02:00:00,89.69761,Sistema
2023-04-22T03:00:00,89.8605,Sistema
2023-04-22T04:00:00,92.0047,Sistema
2023-04-22T05:00:00,91.46616,Sistema
2023-04-22T06:00:00,90.43688,Sistema
2023-04-22T07:00:00,88.18303,Sistema
2023-04-22T08:00:00,83.56308,Sistema
2023-04-22T09:00:00,79.44403,Sistema
2023-04-22T10:00:00,79.20574,Sistema
2023-04-22T11:00:00,78.24615,Sistema
2023-04-22T12:00:00,77.56783,Sistema
2023-04-22T13:00:00,81.37698,Sistema
2023-04-22T14:00:00,83.47881,Sistema
2023-04-22T15:00:00,86.55297,Sistema
2023-04-22T16:00:00,85.48482,Sistema
2023-04-22T17:00:00,71.51342,Sistema
2023-04-22T18:00:00,65.89115,Sistema
2023-04-22T19:00:00,73.66825,Sistema
2023-04-22T20:00:00,72.82763,Sistema
2023-04-22T21:00:00,76.21888,Sistema
2023-04-22T22:00:00,75.3726,Sistema
2023-04-22T23:00:00,84.86885,Sistema
2023-04-22T24:00:00,95.20321,Sistema
2023-04-23T01:00:00,102.93916,Sistema
2023-04-23T02:00:00,103.6661,Sistema
2023-04-23T03:00:00,113.86178,Sistema
2023-04-23T04:00:00,121.50065,Sistema
2023-04-23T05:00:00,123.99879,Sistema
2023-04-23T06:00:00,129.36923,Sistema
2023-04-23T07:00:00,132.31978,Sistema
2023-04-23T08:00:00,126.56207,Sistema
2023-04-23T09:00:00,118.31246,Sistema
2023-04-23T10:00:00,110.42755,Sistema
2023-04-23T11:00:00,106.89931,Sistema
2023-04-23T12:00:00,104.027,Sistema
2023-04-23T13:00:00,101.9483,Sistema
2023-04-23T14:00:00,102.01148,Sistema
2023-04-23T15:00:00,103.5202,Sistema
2023-04-23T16:00:00,103.92399,Sistema
2023-04-23T17:00:00,104.85564,Sistema
2023-04-23T18:00:00,110.47253,Sistema
2023-04-23T19:00:00,111.68679,Sistema
2023-04-23T20:00:00,110.11903,Sistema
2023-04-23T21:00:00,114.41643,Sistema
2023-04-23T22:00:00,113.38342,Sistema
2023-04-23T23:00:00,118.81855,Sistema
2023-04-23T24:00:00,125.0904,Sistema
2023-04-24T01:00:00,130.28173,Sistema
2023-04-24T02:00:00,120.3862,Sistema
2023-04-24T03:00:00,124.58672,Sistema
2023-04-24T04:00:00,125.548,Sistema
2023-04-24T05:00:00,121.43891,Sistema
2023-04-24T06:00:00,117.46077,Sistema
2023-04-24T07:00:00,114.20911,Sistema
2023-04-24T08:00:00,105.98409,Sistema
2023-04-24T09:00:00,99.81222,Sistema
2023-04-24T10:00:00,95.49256,Sistema
2023-04-24T11:00:00,93.35898,Sistema
2023-04-24T12:00:00,91.58351,Sistema
2023-04-24T13:00:00,91.06754,Sistema
2023-04-24T14:00:00,97.76698,Sistema
2023-04-24T15:00:00,92.55221,Sistema
2023-04-24T16:00:00,89.4455,Sistema
2023-04-24T17:00:00,95.47267,Sistema
2023-04-24T18:00:00,98.83468,Sistema
2023-04-24T19:00:00,95.34353,Sistema
2023-04-24T20:00:00,92.80087,Sistema
2023-04-24T21:00:00,96.7076,Sistema
2023-04-24T22:00:00,103.56493,Sistema
2023-04-24T23:00:00,114.61755,Sistema
2023-04-24T24:00:00,119.11675,Sistema
2023-04-25T01:00:00,119.79988,Sistema
2023-04-25T02:00:00,112.85913,Sistema
2023-04-25T03:00:00,117.94857,Sistema
2023-04-25T04:00:00,114.21016,Sistema
2023-04-25T05:00:00,110.30606,Sistema
2023-04-25T06:00:00,102.42813,Sistema
2023-04-25T07:00:00,100.83355,Sistema
2023-04-25T08:00:00,98.40008,Sistema
2023-04-25T09:00:00,93.15319,Sistema
2023-04-25T10:00:00,85.26051,Sistema
2023-04-25T11:00:00,80.96105,Sistema
2023-04-25T12:00:00,90.46694,Sistema
2023-04-25T13:00:00,91.01059,Sistema
2023-04-25T14:00:00,91.96368,Sistema
2023-04-25T15:00:00,92.27278,Sistema
2023-04-25T16:00:00,94.02499,Sistema
2023-04-25T17:00:00,96.55056,Sistema
2023-04-25T18:00:00,100.69258,Sistema
2023-04-25T19:00:00,96.97902,Sistema
2023-04-25T20:00:00,91.59965,Sistema
2023-04-25T21:00:00,96.53294,Sistema
2023-04-25T22:00:00,101.90757,Sistema
2023-04-25T23:00:00,106.33986,Sistema
2023-04-25T24:00:00,117.4494,Sistema
2023-04-26T01:00:00,113.60091,Sistema
2023-04-26T02:00:00,110.14707,Sistema
2023-04-26T03:00:00,104.06906,Sistema
2023-04-26T04:00:00,96.93376,Sistema
2023-04-26T05:00:00,90.01432,Sistema
2023-04-26T06:00:00,84.90362,Sistema
2023-04-26T07:00:00,85.08846,Sistema
2023-04-26T08:00:00,84.27634,Sistema
2023-04-26T09:00:00,79.46825,Sistema
2023-04-26T10:00:00,79.47786,Sistema
2023-04-26T11:00:00,75.13189,Sistema
2023-04-26T12:00:00,75.65642,Sistema
2023-04-26T13:00:00,83.71932,Sistema
2023-04-26T14:00:00,87.94641,Sistema
2023-04-26T15:00:00,87.76451,Sistema
2023-04-26T16:00:00,87.7485,Sistema
2023-04-26T17:00:00,91.07488,Sistema
2023-04-26T18:00:00,95.44507,Sistema
2023-04-26T19:00:00,91.81772,Sistema
2023-04-26T20:00:00,91.24964,Sistema
2023-04-26T21:00:00,94.58187,Sistema
2023-04-26T22:00:00,100.54567,Sistema
2023-04-26T23:00:00,106.73272,Sistema
2023-04-26T24:00:00,114.15261,Sistema
2023-04-27T01:00:00,108.01674,Sistema
2023-04-27T02:00:00,97.35343,Sistema
2023-04-27T03:00:00,89.487,Sistema
2023-04-27T04:00:00,88.39874,Sistema
2023-04-27T05:00:00,83.98226,Sistema
2023-04-27T06:00:00,76.21752,Sistema
2023-04-27T07:00:00,77.98799,Sistema
2023-04-27T08:00:00,80.44836,Sistema
2023-04-27T09:00:00,85.88071,Sistema
2023-04-27T10:00:00,86.94449,Sistema
2023-04-27T11:00:00,87.46355,Sistema
2023-04-27T12:00:00,91.56999,Sistema
2023-04-27T13:00:00,94.91727,Sistema
2023-04-27T14:00:00,96.27626,Sistema
2023-04-27T15:00:00,98.68319,Sistema
2023-04-27T16:00:00,98.43297,Sistema
2023-04-27T17:00:00,92.02797,Sistema
2023-04-27T18:00:00,93.59755,Sistema
2023-04-27T19:00:00,97.2168,Sistema
2023-04-27T20:00:00,94.74726,Sistema
2023-04-27T21:00:00,90.10049,Sistema
2023-04-27T22:00:00,87.64087,Sistema
2023-04-27T23:00:00,95.05963,Sistema
2023-04-27T24:00:00,95.30626,Sistema
2023-04-28T01:00:00,94.5846,Sistema
2023-04-28T02:00:00,90.49244,Sistema
2023-04-28T03:00:00,85.01204,Sistema
2023-04-28T04:00:00,83.79109,Sistema
2023-04-28T05:00:00,75.04409,Sistema
2023-04-28T06:00:00,68.61094,Sistema
2023-04-28T07:00:00,66.06626,Sistema
2023-04-28T08:00:00,62.8809,Sistema
2023-04-28T09:00:00,63.65333,Sistema
2023-04-28T10:00:00,66.8785,Sistema
2023-04-28T11:00:00,71.31557,Sistema
2023-04-28T12:00:00,74.36286,Sistema
2023-04-28T13:00:00,76.16115,Sistema
2023-04-28T14:00:00,81.89643,Sistema
2023-04-28T15:00:00,84.75393,Sistema
2023-04-28T16:00:00,83.4678,Sistema
2023-04-28T17:00:00,76.13747,Sistema
2023-04-28T18:00:00,75.61232,Sistema
2023-04-28T19:00:00,81.23975,Sistema
2023-04-28T20:00:00,82.7606,Sistema
2023-04-28T21:00:00,81.5433,Sistema
2023-04-28T22:00:00,80.0609,Sistema
2023-04-28T23:00:00,86.25458,Sistema
2023-04-28T24:00:00,87.73258,Sistema
2023-04-29T01:00:00,87.13157,Sistema
2023-04-29T02:00:00,81.4038,Sistema
2023-04-29T03:00:00,75.22555,Sistema
2023-04-29T04:00:00,70.36933,Sistema
2023-04-29T05:00:00,68.14202,Sistema
2023-04-29T06:00:00,63.55,Sistema
2023-04-29T07:00:00,59.49979,Sistema
2023-04-29T08:00:00,55.64705,Sistema
2023-04-29T09:00:00,52.92608,Sistema
2023-04-29T10:00:00,54.09143,Sistema
2023-04-29T11:00:00,54.50243,Sistema
2023-04-29T12:00:00,54.52536,Sistema
2023-04-29T13:00:00,55.92702,Sistema
2023-04-29T14:00:00,59.66307,Sistema
2023-04-29T15:00:00,62.49759,Sistema
2023-04-29T16:00:00,62.34185,Sistema
2023-04-29T17:00:00,55.96388,Sistema
2023-04-29T18:00:00,58.71288,Sistema
2023-04-29T19:00:00,66.27906,Sistema
2023-04-29T20:00:00,66.55567,Sistema
2023-04-29T21:00:00,69.03009,Sistema
2023-04-29T22:00:00,72.00492,Sistema
2023-04-29T23:00:00,76.45311,Sistema
2023-04-29T24:00:00,78.38018,Sistema
2023-04-30T01:00:00,80.95453,Sistema
2023-04-30T02:00:00,81.97003,Sistema
2023-04-30T03:00:00,82.26485,Sistema
2023-04-30T04:00:00,83.57303,Sistema
2023-04-30T05:00:00,84.59246,Sistema
2023-04-30T06:00:00,81.94584,Sistema
2023-04-30T07:00:00,72.89593,Sistema
2023-04-30T08:00:00,67.63246,Sistema
2023-04-30T09:00:00,62.61444,Sistema
2023-04-30T10:00:00,59.80192,Sistema
2023-04-30T11:00:00,57.44881,Sistema
2023-04-30T12:00:00,56.47185,Sistema
2023-04-30T13:00:00,56.0342,Sistema
2023-04-30T14:00:00,56.51595,Sistema
2023-04-30T15:00:00,57.58252,Sistema
2023-04-30T16:00:00,58.58852,Sistema
2023-04-30T17:00:00,60.21558,Sistema
2023-04-30T18:00:00,66.53276,Sistema
2023-04-30T19:00:00,68.32547,Sistema
2023-04-30T20:00:00,65.11699,Sistema
2023-04-30T21:00:00,69.52082,Sistema
2023-04-30T22:00:00,67.27672,Sistema
2023-04-30T23:00:00,71.77087,Sistema
2023-04-30T24:00:00,74.61708,Sistema
2023-05-01T01:00:00,65.36975,Sistema
2023-05-01T02:00:00,58.32897,Sistema
2023-05-01T03:00:00,59.85476,Sistema
2023-05-01T04:00:00,61.04641,Sistema
2023-05-01T05:00:00,64.31995,Sistema
2023-05-01T06:00:00,69.86994,Sistema
2023-05-01T07:00:00,72.87376,Sistema
2023-05-01T08:00:00,66.66035,Sistema
2023-05-01T09:00:00,62.54318,Sistema
2023-05-01T10:00:00,58.41532,Sistema
2023-05-01T11:00:00,56.79635,Sistema
2023-05-01T12:00:00,55.60049,Sistema
2023-05-01T13:00:00,52.8735,Sistema
2023-05-01T14:00:00,50.37084,Sistema
2023-05-01T15:00:00,50.45444,Sistema
2023-05-01T16:00:00,50.71057,Sistema
2023-05-01T17:00:00,51.48865,Sistema
2023-05-01T18:00:00,56.9686,Sistema
2023-05-01T19:00:00,58.77379,Sistema
2023-05-01T20:00:00,55.75962,Sistema
2023-05-01T21:00:00,53.9496,Sistema
2023-05-01T22:00:00,56.80804,Sistema
2023-05-01T23:00:00,63.14584,Sistema
2023-05-01T24:00:00,65.71848,Sistema
2023-05-02T01:00:00,62.84971,Sistema
2023-05-02T02:00:00,63.5544,Sistema
2023-05-02T03:00:00,57.15473,Sistema
2023-05-02T04:00:00,56.81159,Sistema
2023-05-02T05:00:00,59.17489,Sistema
2023-05-02T06:00:00,58.60977,Sistema
2023-05-02T07:00:00,60.14299,Sistema
2023-05-02T08:00:00,58.2844,Sistema
2023-05-02T09:00:00,53.9078,Sistema
2023-05-02T10:00:00,51.98377,Sistema
2023-05-02T11:00:00,51.31887,Sistema
2023-05-02T12:00:00,52.93855,Sistema
2023-05-02T13:00:00,52.55634,Sistema
2023-05-02T14:00:00,54.37901,Sistema
2023-05-02T15:00:00,57.21811,Sistema
2023-05-02T16:00:00,56.71543,Sistema
2023-05-02T17:00:00,57.55759,Sistema
2023-05-02T18:00:00,58.10769,Sistema
2023-05-02T19:00:00,56.45748,Sistema
2023-05-02T20:00:00,60.07657,Sistema
2023-05-02T21:00:00,64.09745,Sistema
2023-05-02T22:00:00,73.06275,Sistema
2023-05-02T23:00:00,80.32862,Sistema
2023-05-02T24:00:00,87.0619,Sistema
2023-05-03T01:00:00,91.43274,Sistema
2023-05-03T02:00:00,85.22884,Sistema
2023-05-03T03:00:00,80.3548,Sistema
2023-05-03T04:00:00,75.64207,Sistema
2023-05-03T05:00:00,69.33214,Sistema
2023-05-03T06:00:00,58.54064,Sistema
2023-05-03T07:00:00,42.84255,Sistema
2023-05-03T08:00:00,43.04218,Sistema
2023-05-03T09:00:00,45.86964,Sistema
2023-05-03T10:00:00,49.76964,Sistema
2023-05-03T11:00:00,54.39696,Sistema
2023-05-03T12:00:00,59.28247,Sistema
2023-05-03T13:00:00,61.65575,Sistema
2023-05-03T14:00:00,64.72599,Sistema
2023-05-03T15:00:00,66.77042,Sistema
2023-05-03T16:00:00,68.33958,Sistema
2023-05-03T17:00:00,66.75417,Sistema
2023-05-03T18:00:00,67.98789,Sistema
2023-05-03T19:00:00,65.42104,Sistema
2023-05-03T20:00:00,65.71504,Sistema
2023-05-03T21:00:00,67.91645,Sistema
2023-05-03T22:00:00,70.74323,Sistema
2023-05-03T23:00:00,80.22238,Sistema
2023-05-03T24:00:00,84.36855,Sistema
2023-05-04T01:00:00,80.23528,Sistema
2023-05-04T02:00:00,75.22959,Sistema
2023-05-04T03:00:00,74.51128,Sistema
2023-05-04T04:00:00,74.72567,Sistema
2023-05-04T05:00:00,71.82612,Sistema
2023-05-04T06:00:00,63.82625,Sistema
2023-05-04T07:00:00,63.2768,Sistema
2023-05-04T08:00:00,59.68847,Sistema
2023-05-04T09:00:00,56.26458,Sistema
2023-05-04T10:00:00,54.44806,Sistema
2023-05-04T11:00:00,53.17869,Sistema
2023-05-04T12:00:00,53.14731,Sistema
2023-05-04T13:00:00,54.73883,Sistema
2023-05-04T14:00:00,58.45659,Sistema
2023-05-04T15:00:00,62.41058,Sistema
2023-05-04T16:00:00,60.19442,Sistema
2023-05-04T17:00:00,61.90087,Sistema
2023-05-04T18:00:00,66.35889,Sistema
2023-05-04T19:00:00,63.78957,Sistema
2023-05-04T20:00:00,62.63288,Sistema
2023-05-04T21:00:00,64.12621,Sistema
2023-05-04T22:00:00,69.8326,Sistema
2023-05-04T23:00:00,76.13189,Sistema
2023-05-04T24:00:00,80.60464,Sistema
2023-05-05T01:00:00,83.26509,Sistema
2023-05-05T02:00:00,81.00546,Sistema
2023-05-05T03:00:00,83.63883,Sistema
2023-05-05T04:00:00,81.5093,Sistema
2023-05-05T05:00:00,71.09837,Sistema
2023-05-05T06:00:00,60.75207,Sistema
2023-05-05T07:00:00,57.96498,Sistema
2023-05-05T08:00:00,54.53138,Sistema
2023-05-05T09:00:00,57.39132,Sistema
2023-05-05T10:00:00,54.01302,Sistema
2023-05-05T11:00:00,56.8449,Sistema
2023-05-05T12:00:00,58.86973,Sistema
2023-05-05T13:00:00,66.43717,Sistema
2023-05-05T14:00:00,71.98876,Sistema
2023-05-05T15:00:00,70.98128,Sistema
2023-05-05T16:00:00,79.86571,Sistema
2023-05-05T17:00:00,84.99679,Sistema
2023-05-05T18:00:00,87.97484,Sistema
2023-05-05T19:00:00,79.24372,Sistema
2023-05-05T20:00:00,80.10067,Sistema
2023-05-05T21:00:00,83.27839,Sistema
2023-05-05T22:00:00,84.9033,Sistema
2023-05-05T23:00:00,88.01511,Sistema
2023-05-05T24:00:00,93.78543,Sistema
2023-05-06T01:00:00,99.02209,Sistema
2023-05-06T02:00:00,92.57518,Sistema
2023-05-06T03:00:00,92.28099,Sistema
2023-05-06T04:00:00,92.81404,Sistema
2023-05-06T05:00:00,90.34614,Sistema
2023-05-06T06:00:00,85.74519,Sistema
2023-05-06T07:00:00,83.79842,Sistema
2023-05-06T08:00:00,78.37815,Sistema
2023-05-06T09:00:00,76.79071,Sistema
2023-05-06T10:00:00,76.32013,Sistema
2023-05-06T11:00:00,74.78827,Sistema
2023-05-06T12:00:00,72.98347,Sistema
2023-05-06T13:00:00,73.54194,Sistema
2023-05-06T14:00:00,73.9933,Sistema
2023-05-06T15:00:00,78.30818,Sistema
2023-05-06T16:00:00,79.04571,Sistema
2023-05-06T17:00:00,80.94188,Sistema
2023-05-06T18:00:00,81.9411,Sistema
2023-05-06T19:00:00,77.01834,Sistema
2023-05-06T20:00:00,78.32367,Sistema
2023-05-06T21:00:00,80.11884,Sistema
2023-05-06T22:00:00,83.73085,Sistema
2023-05-06T23:00:00,91.44412,Sistema
2023-05-06T24:00:00,93.24079,Sistema
2023-05-07T01:00:00,97.19625,Sistema
2023-05-07T02:00:00,97.47744,Sistema
2023-05-07T03:00:00,100.04383,Sistema
2023-05-07T04:00:00,101.35897,Sistema
2023-05-07T05:00:00,98.94298,Sistema
2023-05-07T06:00:00,94.6281,Sistema
2023-05-07T07:00:00,93.76276,Sistema
2023-05-07T08:00:00,90.79134,Sistema
2023-05-07T09:00:00,88.58807,Sistema
2023-05-07T10:00:00,87.36785,Sistema
2023-05-07T11:00:00,83.71142,Sistema
2023-05-07T12:00:00,81.93097,Sistema
2023-05-07T13:00:00,82.28773,Sistema
2023-05-07T14:00:00,82.31312,Sistema
2023-05-07T15:00:00,86.31513,Sistema
2023-05-07T16:00:00,87.19635,Sistema
2023-05-07T17:00:00,86.1674,Sistema
2023-05-07T18:00:00,87.16621,Sistema
2023-05-07T19:00:00,83.26758,Sistema
2023-05-07T20:00:00,82.60067,Sistema
2023-05-07T21:00:00,86.45617,Sistema
2023-05-07T22:00:00,90.41885,Sistema
2023-05-07T23:00:00,95.60562,Sistema
2023-05-07T24:00:00,100.87831,Sistema
2023-05-08T01:00:00,103.84969,Sistema
2023-05-08T02:00:00,107.64634,Sistema
2023-05-08T03:00:00,110.32002,Sistema
2023-05-08T04:00:00,115.8781,Sistema
2023-05-08T05:00:00,112.87194,Sistema
2023-05-08T06:00:00,105.94972,Sistema
2023-05-08T07:00:00,107.69226,Sistema
2023-05-08T08:00:00,101.38358,Sistema
2023-05-08T09:00:00,101.82747,Sistema
2023-05-08T10:00:00,109.26768,Sistema
2023-05-08T11:00:00,116.50366,Sistema
2023-05-08T12:00:00,126.14325,Sistema
2023-05-08T13:00:00,130.31871,Sistema
2023-05-08T14:00:00,131.28443,Sistema
2023-05-08T15:00:00,131.15345,Sistema
2023-05-08T16:00:00,133.62397,Sistema
2023-05-08T17:00:00,139.81313,Sistema
2023-05-08T18:00:00,145.81423,Sistema
2023-05-08T19:00:00,137.26359,Sistema
2023-05-08T20:00:00,135.07331,Sistema
2023-05-08T21:00:00,138.24359,Sistema
2023-05-08T22:00:00,148.08659,Sistema
2023-05-08T23:00:00,158.01442,Sistema
2023-05-08T24:00:00,169.05224,Sistema
2023-05-09T01:00:00,174.0891,Sistema
2023-05-09T02:00:00,177.97244,Sistema
2023-05-09T03:00:00,183.71332,Sistema
2023-05-09T04:00:00,184.76808,Sistema
2023-05-09T05:00:00,180.7037,Sistema
2023-05-09T06:00:00,171.79108,Sistema
2023-05-09T07:00:00,168.76533,Sistema
2023-05-09T08:00:00,158.42343,Sistema
2023-05-09T09:00:00,147.44229,Sistema
2023-05-09T10:00:00,145.45404,Sistema
2023-05-09T11:00:00,144.17682,Sistema
2023-05-09T12:00:00,142.67896,Sistema
2023-05-09T13:00:00,143.81818,Sistema
2023-05-09T14:00:00,144.81247,Sistema
2023-05-09T15:00:00,144.62985,Sistema
2023-05-09T16:00:00,143.52034,Sistema
2023-05-09T17:00:00,148.00225,Sistema
2023-05-09T18:00:00,150.74581,Sistema
2023-05-09T19:00:00,142.58003,Sistema
2023-05-09T20:00:00,142.81549,Sistema
2023-05-09T21:00:00,151.30835,Sistema
2023-05-09T22:00:00,159.65932,Sistema
2023-05-09T23:00:00,171.4069,Sistema
2023-05-09T24:00:00,180.55409,Sistema
2023-05-10T01:00:00,189.17455,Sistema
2023-05-10T02:00:00,192.89801,Sistema
2023-05-10T03:00:00,189.70013,Sistema
2023-05-10T04:00:00,189.82793,Sistema
2023-05-10T05:00:00,183.15933,Sistema
2023-05-10T06:00:00,172.59493,Sistema
2023-05-10T07:00:00,169.14699,Sistema
2023-05-10T08:00:00,161.70239,Sistema
2023-05-10T09:00:00,156.36365,Sistema
2023-05-10T10:00:00,155.90746,Sistema
2023-05-10T11:00:00,155.02265,Sistema
2023-05-10T12:00:00,153.07912,Sistema
2023-05-10T13:00:00,158.16016,Sistema
2023-05-10T14:00:00,161.95773,Sistema
2023-05-10T15:00:00,164.01649,Sistema
2023-05-10T16:00:00,166.53894,Sistema
2023-05-10T17:00:00,169.36465,Sistema
2023-05-10T18:00:00,175.29586,Sistema
2023-05-10T19:00:00,168.23478,Sistema
2023-05-10T20:00:00,166.27911,Sistema
2023-05-10T21:00:00,170.91459,Sistema
2023-05-10T22:00:00,180.62361,Sistema
2023-05-10T23:00:00,195.58304,Sistema
2023-05-10T24:00:00,207.81142,Sistema
2023-05-11T01:00:00,216.55153,Sistema
2023-05-11T02:00:00,224.91203,Sistema
2023-05-11T03:00:00,222.3624,Sistema
2023-05-11T04:00:00,224.97751,Sistema
2023-05-11T05:00:00,210.19497,Sistema
2023-05-11T06:00:00,198.99148,Sistema
2023-05-11T07:00:00,195.27055,Sistema
2023-05-11T08:00:00,186.05698,Sistema
2023-05-11T09:00:00,180.30859,Sistema
2023-05-11T10:00:00,177.23682,Sistema
2023-05-11T11:00:00,170.33728,Sistema
2023-05-11T12:00:00,169.2086,Sistema
2023-05-11T13:00:00,175.3016,Sistema
2023-05-11T14:00:00,172.47312,Sistema
2023-05-11T15:00:00,169.29673,Sistema
2023-05-11T16:00:00,171.7947,Sistema
2023-05-11T17:00:00,176.18741,Sistema
2023-05-11T18:00:00,180.08145,Sistema
2023-05-11T19:00:00,170.71027,Sistema
2023-05-11T20:00:00,169.02859,Sistema
2023-05-11T21:00:00,174.82909,Sistema
2023-05-11T22:00:00,189.93217,Sistema
2023-05-11T23:00:00,201.19371,Sistema
2023-05-11T24:00:00,215.67837,Sistema
2023-05-12T01:00:00,223.74747,Sistema
2023-05-12T02:00:00,220.48199,Sistema
2023-05-12T03:00:00,225.75196,Sistema
2023-05-12T04:00:00,230.87616,Sistema
2023-05-12T05:00:00,224.97782,Sistema
2023-05-12T06:00:00,203.67911,Sistema
2023-05-12T07:00:00,204.79519,Sistema
2023-05-12T08:00:00,196.11746,Sistema
2023-05-12T09:00:00,187.94645,Sistema
2023-05-12T10:00:00,184.78412,Sistema
2023-05-12T11:00:00,181.43946,Sistema
2023-05-12T12:00:00,176.89204,Sistema
2023-05-12T13:00:00,181.82261,Sistema
2023-05-12T14:00:00,181.971,Sistema
2023-05-12T15:00:00,179.67024,Sistema
2023-05-12T16:00:00,182.08247,Sistema
2023-05-12T17:00:00,185.24376,Sistema
2023-05-12T18:00:00,189.4473,Sistema
2023-05-12T19:00:00,178.23833,Sistema
2023-05-12T20:00:00,179.46201,Sistema
2023-05-12T21:00:00,184.28513,Sistema
2023-05-12T22:00:00,195.90963,Sistema
2023-05-12T23:00:00,210.64436,Sistema
2023-05-12T24:00:00,235.14062,Sistema
2023-05-13T01:00:00,225.86509,Sistema
2023-05-13T02:00:00,237.09317,Sistema
2023-05-13T03:00:00,248.86393,Sistema
2023-05-13T04:00:00,246.2669,Sistema
2023-05-13T05:00:00,245.78918,Sistema
2023-05-13T06:00:00,249.8719,Sistema
2023-05-13T07:00:00,240.17128,Sistema
2023-05-13T08:00:00,209.16552,Sistema
2023-05-13T09:00:00,193.54173,Sistema
2023-05-13T10:00:00,179.34053,Sistema
2023-05-13T11:00:00,167.78522,Sistema
2023-05-13T12:00:00,165.8226,Sistema
2023-05-13T13:00:00,169.06967,Sistema
2023-05-13T14:00:00,176.43218,Sistema
2023-05-13T15:00:00,180.04132,Sistema
2023-05-13T16:00:00,183.37238,Sistema
2023-05-13T17:00:00,187.21846,Sistema
2023-05-13T18:00:00,195.57078,Sistema
2023-05-13T19:00:00,177.6134,Sistema
2023-05-13T20:00:00,176.21736,Sistema
2023-05-13T21:00:00,182.36576,Sistema
2023-05-13T22:00:00,196.03847,Sistema
2023-05-13T23:00:00,210.5802,Sistema
2023-05-13T24:00:00,225.32468,Sistema
2023-05-14T01:00:00,235.30635,Sistema
2023-05-14T02:00:00,235.11246,Sistema
2023-05-14T03:00:00,241.10521,Sistema
2023-05-14T04:00:00,244.61259,Sistema
2023-05-14T05:00:00,245.19128,Sistema
2023-05-14T06:00:00,251.56453,Sistema
2023-05-14T07:00:00,244.65357,Sistema
2023-05-14T08:00:00,239.05384,Sistema
2023-05-14T09:00:00,223.155,Sistema
2023-05-14T10:00:00,211.23323,Sistema
2023-05-14T11:00:00,201.7489,Sistema
2023-05-14T12:00:00,198.52552,Sistema
2023-05-14T13:00:00,200.20261,Sistema
2023-05-14T14:00:00,205.02965,Sistema
2023-05-14T15:00:00,214.45489,Sistema
2023-05-14T16:00:00,220.45755,Sistema
2023-05-14T17:00:00,221.85141,Sistema
2023-05-14T18:00:00,219.17359,Sistema
2023-05-14T19:00:00,200.86313,Sistema
2023-05-14T20:00:00,194.89947,Sistema
2023-05-14T21:00:00,196.30647,Sistema
2023-05-14T22:00:00,206.30071,Sistema
2023-05-14T23:00:00,215.85459,Sistema
2023-05-14T24:00:00,231.24378,Sistema
2023-05-15T01:00:00,234.37422,Sistema
2023-05-15T02:00:00,241.75541,Sistema
2023-05-15T03:00:00,247.34129,Sistema
2023-05-15T04:00:00,248.12058,Sistema
2023-05-15T05:00:00,228.12164,Sistema
2023-05-15T06:00:00,217.38026,Sistema
2023-05-15T07:00:00,207.70402,Sistema
2023-05-15T08:00:00,192.50749,Sistema
2023-05-15T09:00:00,182.58969,Sistema
2023-05-15T10:00:00,187.11518,Sistema
2023-05-15T11:00:00,178.43788,Sistema
2023-05-15T12:00:00,174.25242,Sistema
2023-05-15T13:00:00,179.88141,Sistema
2023-05-15T14:00:00,179.04882,Sistema
2023-05-15T15:00:00,175.20025,Sistema
2023-05-15T16:00:00,179.43594,Sistema
2023-05-15T17:00:00,179.37854,Sistema
2023-05-15T18:00:00,181.96492,Sistema
2023-05-15T19:00:00,180.26872,Sistema
2023-05-15T20:00:00,177.52635,Sistema
2023-05-15T21:00:00,182.69035,Sistema
2023-05-15T22:00:00,198.0724,Sistema
2023-05-15T23:00:00,213.18496,Sistema
2023-05-15T24:00:00,225.60104,Sistema
2023-05-16T01:00:00,222.42858,Sistema
2023-05-16T02:00:00,224.75742,Sistema
2023-05-16T03:00:00,230.53247,Sistema
2023-05-16T04:00:00,237.02126,Sistema
2023-05-16T05:00:00,235.83994,Sistema
2023-05-16T06:00:00,223.62346,Sistema
2023-05-16T07:00:00,209.65093,Sistema
2023-05-16T08:00:00,191.90812,Sistema
2023-05-16T09:00:00,173.90211,Sistema
2023-05-16T10:00:00,165.66716,Sistema
2023-05-16T11:00:00,162.82224,Sistema
2023-05-16T12:00:00,159.77663,Sistema
2023-05-16T13:00:00,169.27469,Sistema
2023-05-16T14:00:00,169.26908,Sistema
2023-05-16T15:00:00,165.10102,Sistema
2023-05-16T16:00:00,166.35752,Sistema
2023-05-16T17:00:00,173.63266,Sistema
2023-05-16T18:00:00,177.99017,Sistema
2023-05-16T19:00:00,176.70326,Sistema
2023-05-16T20:00:00,173.46881,Sistema
2023-05-16T21:00:00,178.52101,Sistema
2023-05-16T22:00:00,186.36141,Sistema
2023-05-16T23:00:00,199.89342,Sistema
2023-05-16T24:00:00,216.18424,Sistema
2023-05-17T01:00:00,224.13137,Sistema
2023-05-17T02:00:00,232.60132,Sistema
2023-05-17T03:00:00,235.72929,Sistema
2023-05-17T04:00:00,236.31187,Sistema
2023-05-17T05:00:00,225.64091,Sistema
2023-05-17T06:00:00,207.05231,Sistema
2023-05-17T07:00:00,197.75006,Sistema
2023-05-17T08:00:00,189.55745,Sistema
2023-05-17T09:00:00,194.49444,Sistema
2023-05-17T10:00:00,188.60346,Sistema
2023-05-17T11:00:00,184.18355,Sistema
2023-05-17T12:00:00,170.65716,Sistema
2023-05-17T13:00:00,171.09976,Sistema
2023-05-17T14:00:00,170.78552,Sistema
2023-05-17T15:00:00,168.18759,Sistema
2023-05-17T16:00:00,168.7331,Sistema
2023-05-17T17:00:00,180.03177,Sistema
2023-05-17T18:00:00,195.36614,Sistema
2023-05-17T19:00:00,193.29565,Sistema
2023-05-17T20:00:00,194.72115,Sistema
2023-05-17T21:00:00,198.1023,Sistema
2023-05-17T22:00:00,202.58778,Sistema
2023-05-17T23:00:00,219.22534,Sistema
2023-05-17T24:00:00,236.34811,Sistema
2023-05-18T01:00:00,252.3963,Sistema
2023-05-18T02:00:00,266.33607,Sistema
2023-05-18T03:00:00,273.41053,Sistema
2023-05-18T04:00:00,268.24949,Sistema
2023-05-18T05:00:00,264.11746,Sistema
2023-05-18T06:00:00,252.34816,Sistema
2023-05-18T07:00:00,246.17455,Sistema
2023-05-18T08:00:00,231.04511,Sistema
2023-05-18T09:00:00,215.08047,Sistema
2023-05-18T10:00:00,203.68932,Sistema
2023-05-18T11:00:00,194.78949,Sistema
2023-05-18T12:00:00,189.3909,Sistema
2023-05-18T13:00:00,195.86157,Sistema
2023-05-18T14:00:00,195.32129,Sistema
2023-05-18T15:00:00,191.14774,Sistema
2023-05-18T16:00:00,189.47713,Sistema
2023-05-18T17:00:00,192.55283,Sistema
2023-05-18T18:00:00,199.09762,Sistema
2023-05-18T19:00:00,192.96218,Sistema
2023-05-18T20:00:00,188.00117,Sistema
2023-05-18T21:00:00,193.85655,Sistema
2023-05-18T22:00:00,205.36235,Sistema
2023-05-18T23:00:00,220.11387,Sistema
2023-05-18T24:00:00,236.59906,Sistema
2023-05-19T01:00:00,246.80027,Sistema
2023-05-19T02:00:00,251.79828,Sistema
2023-05-19T03:00:00,260.17692,Sistema
2023-05-19T04:00:00,262.4807,Sistema
2023-05-19T05:00:00,257.19737,Sistema
2023-05-19T06:00:00,247.00133,Sistema
2023-05-19T07:00:00,241.76775,Sistema
2023-05-19T08:00:00,225.91806,Sistema
2023-05-19T09:00:00,207.72547,Sistema
2023-05-19T10:00:00,200.89575,Sistema
2023-05-19T11:00:00,192.01531,Sistema
2023-05-19T12:00:00,185.15357,Sistema
2023-05-19T13:00:00,191.50633,Sistema
2023-05-19T14:00:00,186.09952,Sistema
2023-05-19T15:00:00,184.49535,Sistema
2023-05-19T16:00:00,185.83944,Sistema
2023-05-19T17:00:00,189.51739,Sistema
2023-05-19T18:00:00,194.33141,Sistema
2023-05-19T19:00:00,189.80928,Sistema
2023-05-19T20:00:00,186.00951,Sistema
2023-05-19T21:00:00,191.24689,Sistema
2023-05-19T22:00:00,202.24094,Sistema
2023-05-19T23:00:00,215.71418,Sistema
2023-05-19T24:00:00,225.31177,Sistema
2023-05-20T01:00:00,235.11413,Sistema
2023-05-20T02:00:00,248.45438,Sistema
2023-05-20T03:00:00,260.92654,Sistema
2023-05-20T04:00:00,266.42768,Sistema
2023-05-20T05:00:00,268.56386,Sistema
2023-05-20T06:00:00,269.42364,Sistema
2023-05-20T07:00:00,265.85787,Sistema
2023-05-20T08:00:00,248.54859,Sistema
2023-05-20T09:00:00,233.40815,Sistema
2023-05-20T10:00:00,222.7411,Sistema
2023-05-20T11:00:00,217.08326,Sistema
2023-05-20T12:00:00,211.20678,Sistema
2023-05-20T13:00:00,213.81305,Sistema
2023-05-20T14:00:00,217.06279,Sistema
2023-05-20T15:00:00,218.07776,Sistema
2023-05-20T16:00:00,215.89978,Sistema
2023-05-20T17:00:00,215.66441,Sistema
2023-05-20T18:00:00,217.13079,Sistema
2023-05-20T19:00:00,204.6915,Sistema
2023-05-20T20:00:00,202.46651,Sistema
2023-05-20T21:00:00,209.78593,Sistema
2023-05-20T22:00:00,220.77494,Sistema
2023-05-20T23:00:00,234.26169,Sistema
2023-05-20T24:00:00,239.09579,Sistema
2023-05-21T01:00:00,238.1067,Sistema
2023-05-21T02:00:00,240.74295,Sistema
2023-05-21T03:00:00,244.24593,Sistema
2023-05-21T04:00:00,243.12834,Sistema
2023-05-21T05:00:00,243.85025,Sistema
2023-05-21T06:00:00,243.23044,Sistema
2023-05-21T07:00:00,244.79176,Sistema
2023-05-21T08:00:00,235.09746,Sistema
2023-05-21T09:00:00,239.95673,Sistema
2023-05-21T10:00:00,228.45536,Sistema
2023-05-21T11:00:00,224.54275,Sistema
2023-05-21T12:00:00,220.00125,Sistema
2023-05-21T13:00:00,220.50733,Sistema
2023-05-21T14:00:00,224.86905,Sistema
2023-05-21T15:00:00,233.47764,Sistema
2023-05-21T16:00:00,238.70841,Sistema
2023-05-21T17:00:00,243.25943,Sistema
2023-05-21T18:00:00,241.65142,Sistema
2023-05-21T19:00:00,219.05707,Sistema
2023-05-21T20:00:00,212.96624,Sistema
2023-05-21T21:00:00,220.32573,Sistema
2023-05-21T22:00:00,229.08931,Sistema
2023-05-21T23:00:00,244.03686,Sistema
2023-05-21T24:00:00,261.96957,Sistema
2023-05-22T01:00:00,274.70668,Sistema
2023-05-22T02:00:00,273.8128,Sistema
2023-05-22T03:00:00,266.91719,Sistema
2023-05-22T04:00:00,286.36303,Sistema
2023-05-22T05:00:00,304.26788,Sistema
2023-05-22T06:00:00,304.94439,Sistema
2023-05-22T07:00:00,304.43758,Sistema
2023-05-22T08:00:00,286.24517,Sistema
2023-05-22T09:00:00,276.48554,Sistema
2023-05-22T10:00:00,257.23993,Sistema
2023-05-22T11:00:00,244.53883,Sistema
2023-05-22T12:00:00,238.61136,Sistema
2023-05-22T13:00:00,230.54002,Sistema
2023-05-22T14:00:00,228.34716,Sistema
2023-05-22T15:00:00,231.34628,Sistema
2023-05-22T16:00:00,224.5988,Sistema
2023-05-22T17:00:00,234.43897,Sistema
2023-05-22T18:00:00,233.41274,Sistema
2023-05-22T19:00:00,212.06351,Sistema
2023-05-22T20:00:00,204.13337,Sistema
2023-05-22T21:00:00,208.89761,Sistema
2023-05-22T22:00:00,219.63462,Sistema
2023-05-22T23:00:00,234.49283,Sistema
2023-05-22T24:00:00,249.26434,Sistema
2023-05-23T01:00:00,246.82982,Sistema
2023-05-23T02:00:00,266.81651,Sistema
2023-05-23T03:00:00,260.55849,Sistema
2023-05-23T04:00:00,257.64484,Sistema
2023-05-23T05:00:00,245.03905,Sistema
2023-05-23T06:00:00,232.45568,Sistema
2023-05-23T07:00:00,223.3951,Sistema
2023-05-23T08:00:00,214.06136,Sistema
2023-05-23T09:00:00,208.44139,Sistema
2023-05-23T10:00:00,199.95798,Sistema
2023-05-23T11:00:00,191.71172,Sistema
2023-05-23T12:00:00,187.86151,Sistema
2023-05-23T13:00:00,180.39563,Sistema
2023-05-23T14:00:00,183.19195,Sistema
2023-05-23T15:00:00,188.22506,Sistema
2023-05-23T16:00:00,196.96502,Sistema
2023-05-23T17:00:00,205.87851,Sistema
2023-05-23T18:00:00,210.81177,Sistema
2023-05-23T19:00:00,203.25666,Sistema
2023-05-23T20:00:00,198.10327,Sistema
2023-05-23T21:00:00,191.7666,Sistema
2023-05-23T22:00:00,202.38312,Sistema
2023-05-23T23:00:00,219.02801,Sistema
2023-05-23T24:00:00,240.7301,Sistema
2023-05-24T01:00:00,245.64947,Sistema
2023-05-24T02:00:00,248.56693,Sistema
2023-05-24T03:00:00,246.30671,Sistema
2023-05-24T04:00:00,251.4298,Sistema
2023-05-24T05:00:00,254.66147,Sistema
2023-05-24T06:00:00,249.06154,Sistema
2023-05-24T07:00:00,240.65297,Sistema
2023-05-24T08:00:00,227.87179,Sistema
2023-05-24T09:00:00,219.57592,Sistema
2023-05-24T10:00:00,216.61428,Sistema
2023-05-24T11:00:00,209.07759,Sistema
2023-05-24T12:00:00,201.51012,Sistema
2023-05-24T13:00:00,201.64326,Sistema
2023-05-24T14:00:00,195.09023,Sistema
2023-05-24T15:00:00,193.37169,Sistema
2023-05-24T16:00:00,192.89912,Sistema
2023-05-24T17:00:00,197.28505,Sistema
2023-05-24T18:00:00,205.09684,Sistema
2023-05-24T19:00:00,195.04567,Sistema
2023-05-24T20:00:00,195.22046,Sistema
2023-05-24T21:00:00,200.96417,Sistema
2023-05-24T22:00:00,213.52459,Sistema
2023-05-24T23:00:00,225.06244,Sistema
2023-05-24T24:00:00,243.68074,Sistema
2023-05-25T01:00:00,254.44414,Sistema
2023-05-25T02:00:00,263.62829,Sistema
2023-05-25T03:00:00,267.53543,Sistema
2023-05-25T04:00:00,264.83713,Sistema
2023-05-25T05:00:00,258.00772,Sistema
2023-05-25T06:00:00,243.98055,Sistema
2023-05-25T07:00:00,241.3463,Sistema
2023-05-25T08:00:00,230.37254,Sistema
2023-05-25T09:00:00,228.28582,Sistema
2023-05-25T10:00:00,222.26577,Sistema
2023-05-25T11:00:00,214.31261,Sistema
2023-05-25T12:00:00,207.50891,Sistema
2023-05-25T13:00:00,203.05241,Sistema
2023-05-25T14:00:00,198.75709,Sistema
2023-05-25T15:00:00,199.9793,Sistema
2023-05-25T16:00:00,200.94016,Sistema
2023-05-25T17:00:00,204.40625,Sistema
2023-05-25T18:00:00,210.56386,Sistema
2023-05-25T19:00:00,197.73431,Sistema
2023-05-25T20:00:00,195.15656,Sistema
2023-05-25T21:00:00,200.88637,Sistema
2023-05-25T22:00:00,205.92652,Sistema
2023-05-25T23:00:00,219.29067,Sistema
2023-05-25T24:00:00,229.83509,Sistema
2023-05-26T01:00:00,233.59668,Sistema
2023-05-26T02:00:00,228.89821,Sistema
2023-05-26T03:00:00,212.69242,Sistema
2023-05-26T04:00:00,205.97438,Sistema
2023-05-26T05:00:00,219.48546,Sistema
2023-05-26T06:00:00,215.86726,Sistema
2023-05-26T07:00:00,214.01368,Sistema
2023-05-26T08:00:00,215.39708,Sistema
2023-05-26T09:00:00,212.6362,Sistema
2023-05-26T10:00:00,208.41296,Sistema
2023-05-26T11:00:00,203.20148,Sistema
2023-05-26T12:00:00,198.19261,Sistema
2023-05-26T13:00:00,204.00617,Sistema
2023-05-26T14:00:00,206.82077,Sistema
2023-05-26T15:00:00,202.9954,Sistema
2023-05-26T16:00:00,205.19268,Sistema
2023-05-26T17:00:00,204.57113,Sistema
2023-05-26T18:00:00,209.4239,Sistema
2023-05-26T19:00:00,195.44308,Sistema
2023-05-26T20:00:00,191.70581,Sistema
2023-05-26T21:00:00,196.70416,Sistema
2023-05-26T22:00:00,207.98995,Sistema
2023-05-26T23:00:00,224.47383,Sistema
2023-05-26T24:00:00,234.52467,Sistema
2023-05-27T01:00:00,241.34815,Sistema
2023-05-27T02:00:00,233.40108,Sistema
2023-05-27T03:00:00,229.8401,Sistema
2023-05-27T04:00:00,231.27248,Sistema
2023-05-27T05:00:00,227.82144,Sistema
2023-05-27T06:00:00,229.15162,Sistema
2023-05-27T07:00:00,227.42973,Sistema
2023-05-27T08:00:00,223.51278,Sistema
2023-05-27T09:00:00,214.51363,Sistema
2023-05-27T10:00:00,202.75938,Sistema
2023-05-27T11:00:00,192.91444,Sistema
2023-05-27T12:00:00,187.27448,Sistema
2023-05-27T13:00:00,188.49756,Sistema
2023-05-27T14:00:00,194.09495,Sistema
2023-05-27T15:00:00,196.89618,Sistema
2023-05-27T16:00:00,199.18839,Sistema
2023-05-27T17:00:00,199.42395,Sistema
2023-05-27T18:00:00,207.47713,Sistema
2023-05-27T19:00:00,192.9094,Sistema
2023-05-27T20:00:00,190.95858,Sistema
2023-05-27T21:00:00,191.60383,Sistema
2023-05-27T22:00:00,200.38571,Sistema
2023-05-27T23:00:00,211.92941,Sistema
2023-05-27T24:00:00,220.80839,Sistema
2023-05-28T01:00:00,233.04888,Sistema
2023-05-28T02:00:00,241.44235,Sistema
2023-05-28T03:00:00,232.09146,Sistema
2023-05-28T04:00:00,229.16944,Sistema
2023-05-28T05:00:00,227.44445,Sistema
2023-05-28T06:00:00,227.45219,Sistema
2023-05-28T07:00:00,214.84612,Sistema
2023-05-28T08:00:00,220.91129,Sistema
2023-05-28T09:00:00,183.20857,Sistema
2023-05-28T10:00:00,185.26565,Sistema
2023-05-28T11:00:00,196.85228,Sistema
2023-05-28T12:00:00,192.24971,Sistema
2023-05-28T13:00:00,188.71384,Sistema
2023-05-28T14:00:00,191.65549,Sistema
2023-05-28T15:00:00,196.75919,Sistema
2023-05-28T16:00:00,201.91174,Sistema
2023-05-28T17:00:00,206.1409,Sistema
2023-05-28T18:00:00,210.61912,Sistema
2023-05-28T19:00:00,198.70951,Sistema
2023-05-28T20:00:00,191.25908,Sistema
2023-05-28T21:00:00,190.57484,Sistema
2023-05-28T22:00:00,198.48893,Sistema
2023-05-28T23:00:00,218.12558,Sistema
2023-05-28T24:00:00,234.83592,Sistema
2023-05-29T01:00:00,214.82757,Sistema
2023-05-29T02:00:00,193.78081,Sistema
2023-05-29T03:00:00,176.38496,Sistema
2023-05-29T04:00:00,174.59886,Sistema
2023-05-29T05:00:00,182.76376,Sistema
2023-05-29T06:00:00,199.45755,Sistema
2023-05-29T07:00:00,207.34089,Sistema
2023-05-29T08:00:00,197.97022,Sistema
2023-05-29T09:00:00,186.95126,Sistema
2023-05-29T10:00:00,178.37114,Sistema
2023-05-29T11:00:00,170.52442,Sistema
2023-05-29T12:00:00,167.65541,Sistema
2023-05-29T13:00:00,170.98107,Sistema
2023-05-29T14:00:00,165.93403,Sistema
2023-05-29T15:00:00,169.69989,Sistema
2023-05-29T16:00:00,170.89701,Sistema
2023-05-29T17:00:00,174.99979,Sistema
2023-05-29T18:00:00,184.25816,Sistema
2023-05-29T19:00:00,172.95752,Sistema
2023-05-29T20:00:00,168.37074,Sistema
2023-05-29T21:00:00,173.59476,Sistema
2023-05-29T22:00:00,185.60488,Sistema
2023-05-29T23:00:00,201.56373,Sistema
2023-05-29T24:00:00,223.14254,Sistema
2023-05-30T01:00:00,211.11509,Sistema
2023-05-30T02:00:00,202.86849,Sistema
2023-05-30T03:00:00,206.34421,Sistema
2023-05-30T04:00:00,206.45964,Sistema
2023-05-30T05:00:00,199.229,Sistema
2023-05-30T06:00:00,189.04707,Sistema
2023-05-30T07:00:00,185.42369,Sistema
2023-05-30T08:00:00,173.30994,Sistema
2023-05-30T09:00:00,164.90173,Sistema
2023-05-30T10:00:00,159.25214,Sistema
2023-05-30T11:00:00,153.62717,Sistema
2023-05-30T12:00:00,150.25131,Sistema
2023-05-30T13:00:00,152.96116,Sistema
2023-05-30T14:00:00,154.2149,Sistema
2023-05-30T15:00:00,155.03697,Sistema
2023-05-30T16:00:00,156.47088,Sistema
2023-05-30T17:00:00,157.96677,Sistema
2023-05-30T18:00:00,163.23095,Sistema
2023-05-30T19:00:00,162.81225,Sistema
2023-05-30T20:00:00,157.32724,Sistema
2023-05-30T21:00:00,155.56625,Sistema
2023-05-30T22:00:00,156.27351,Sistema
2023-05-30T23:00:00,167.72847,Sistema
2023-05-30T24:00:00,179.94479,Sistema
2023-05-31T01:00:00,163.33483,Sistema
2023-05-31T02:00:00,152.25065,Sistema
2023-05-31T03:00:00,136.97922,Sistema
2023-05-31T04:00:00,122.47333,Sistema
2023-05-31T05:00:00,126.0952,Sistema
2023-05-31T06:00:00,143.36562,Sistema
2023-05-31T07:00:00,149.15496,Sistema
2023-05-31T08:00:00,142.09141,Sistema
2023-05-31T09:00:00,137.82168,Sistema
2023-05-31T10:00:00,137.07837,Sistema
2023-05-31T11:00:00,132.65737,Sistema
2023-05-31T12:00:00,133.60788,Sistema
2023-05-31T13:00:00,135.7232,Sistema
2023-05-31T14:00:00,139.34393,Sistema
2023-05-31T15:00:00,142.17735,Sistema
2023-05-31T16:00:00,141.44869,Sistema
2023-05-31T17:00:00,142.22638,Sistema
2023-05-31T18:00:00,144.25075,Sistema
2023-05-31T19:00:00,147.82844,Sistema
2023-05-31T20:00:00,143.987,Sistema
2023-05-31T21:00:00,146.42251,Sistema
2023-05-31T22:00:00,150.38624,Sistema
2023-05-31T23:00:00,159.37923,Sistema
2023-05-31T24:00:00,162.50869,Sistema
2023-06-01T01:00:00,138.83951,Sistema
2023-06-01T02:00:00,134.52408,Sistema
2023-06-01T03:00:00,116.05062,Sistema
2023-06-01T04:00:00,112.78108,Sistema
2023-06-01T05:00:00,106.58289,Sistema
2023-06-01T06:00:00,107.71045,Sistema
2023-06-01T07:00:00,108.05569,Sistema
2023-06-01T08:00:00,108.93475,Sistema
2023-06-01T09:00:00,124.5999,Sistema
2023-06-01T10:00:00,129.55185,Sistema
2023-06-01T11:00:00,124.36541,Sistema
2023-06-01T12:00:00,120.58371,Sistema
2023-06-01T13:00:00,123.14206,Sistema
2023-06-01T14:00:00,123.94602,Sistema
2023-06-01T15:00:00,133.07831,Sistema
2023-06-01T16:00:00,133.47173,Sistema
2023-06-01T17:00:00,130.64542,Sistema
2023-06-01T18:00:00,136.38125,Sistema
2023-06-01T19:00:00,130.78728,Sistema
2023-06-01T20:00:00,127.25492,Sistema
2023-06-01T21:00:00,128.17119,Sistema
2023-06-01T22:00:00,135.70863,Sistema
2023-06-01T23:00:00,134.47301,Sistema
2023-06-01T24:00:00,117.51416,Sistema
2023-06-02T01:00:00,104.30114,Sistema
2023-06-02T02:00:00,103.41263,Sistema
2023-06-02T03:00:00,93.38704,Sistema
2023-06-02T04:00:00,86.34167,Sistema
2023-06-02T05:00:00,84.70011,Sistema
2023-06-02T06:00:00,87.70393,Sistema
2023-06-02T07:00:00,85.84472,Sistema
2023-06-02T08:00:00,81.38987,Sistema
2023-06-02T09:00:00,81.28549,Sistema
2023-06-02T10:00:00,79.14209,Sistema
2023-06-02T11:00:00,72.24328,Sistema
2023-06-02T12:00:00,71.83753,Sistema
2023-06-02T13:00:00,74.52507,Sistema
2023-06-02T14:00:00,77.4435,Sistema
2023-06-02T15:00:00,81.90605,Sistema
2023-06-02T16:00:00,81.36418,Sistema
2023-06-02T17:00:00,81.12126,Sistema
2023-06-02T18:00:00,85.7097,Sistema
2023-06-02T19:00:00,85.35853,Sistema
2023-06-02T20:00:00,82.73805,Sistema
2023-06-02T21:00:00,86.34005,Sistema
2023-06-02T22:00:00,91.46131,Sistema
2023-06-02T23:00:00,93.35297,Sistema
2023-06-02T24:00:00,89.8687,Sistema
2023-06-03T01:00:00,85.89829,Sistema
2023-06-03T02:00:00,87.14026,Sistema
2023-06-03T03:00:00,87.19245,Sistema
2023-06-03T04:00:00,76.48891,Sistema
2023-06-03T05:00:00,72.94828,Sistema
2023-06-03T06:00:00,78.51498,Sistema
2023-06-03T07:00:00,75.44465,Sistema
2023-06-03T08:00:00,73.01591,Sistema
2023-06-03T09:00:00,68.54179,Sistema
2023-06-03T10:00:00,67.65167,Sistema
2023-06-03T11:00:00,67.92561,Sistema
2023-06-03T12:00:00,67.72802,Sistema
2023-06-03T13:00:00,69.5392,Sistema
2023-06-03T14:00:00,75.17364,Sistema
2023-06-03T15:00:00,76.25523,Sistema
2023-06-03T16:00:00,71.33616,Sistema
2023-06-03T17:00:00,69.91955,Sistema
2023-06-03T18:00:00,77.85165,Sistema
2023-06-03T19:00:00,79.06718,Sistema
2023-06-03T20:00:00,73.56838,Sistema
2023-06-03T21:00:00,74.00557,Sistema
2023-06-03T22:00:00,72.48019,Sistema
2023-06-03T23:00:00,76.81353,Sistema
2023-06-03T24:00:00,83.13487,Sistema
2023-06-04T01:00:00,84.56718,Sistema
2023-06-04T02:00:00,83.30391,Sistema
2023-06-04T03:00:00,84.86239,Sistema
2023-06-04T04:00:00,79.89444,Sistema
2023-06-04T05:00:00,77.98176,Sistema
2023-06-04T06:00:00,78.28479,Sistema
2023-06-04T07:00:00,71.54715,Sistema
2023-06-04T08:00:00,67.66942,Sistema
2023-06-04T09:00:00,66.27298,Sistema
2023-06-04T10:00:00,64.86423,Sistema
2023-06-04T11:00:00,66.35041,Sistema
2023-06-04T12:00:00,67.17991,Sistema
2023-06-04T13:00:00,63.19278,Sistema
2023-06-04T14:00:00,67.24532,Sistema
2023-06-04T15:00:00,71.85728,Sistema
2023-06-04T16:00:00,75.72838,Sistema
2023-06-04T17:00:00,77.16039,Sistema
2023-06-04T18:00:00,86.52499,Sistema
2023-06-04T19:00:00,94.78157,Sistema
2023-06-04T20:00:00,92.59438,Sistema
2023-06-04T21:00:00,95.35985,Sistema
2023-06-04T22:00:00,91.78011,Sistema
2023-06-04T23:00:00,94.66291,Sistema
2023-06-04T24:00:00,100.45651,Sistema
2023-06-05T01:00:00,98.4164,Sistema
2023-06-05T02:00:00,92.44706,Sistema
2023-06-05T03:00:00,96.18723,Sistema
2023-06-05T04:00:00,98.12596,Sistema
2023-06-05T05:00:00,99.55601,Sistema
2023-06-05T06:00:00,97.64716,Sistema
2023-06-05T07:00:00,96.36459,Sistema
2023-06-05T08:00:00,92.34045,Sistema
2023-06-05T09:00:00,87.52272,Sistema
2023-06-05T10:00:00,80.56717,Sistema
2023-06-05T11:00:00,74.60842,Sistema
2023-06-05T12:00:00,73.00305,Sistema
2023-06-05T13:00:00,73.76168,Sistema
2023-06-05T14:00:00,78.89711,Sistema
2023-06-05T15:00:00,78.00214,Sistema
2023-06-05T16:00:00,74.52187,Sistema
2023-06-05T17:00:00,77.63107,Sistema
2023-06-05T18:00:00,83.18742,Sistema
2023-06-05T19:00:00,87.8403,Sistema
2023-06-05T20:00:00,84.7574,Sistema
2023-06-05T21:00:00,85.64329,Sistema
2023-06-05T22:00:00,89.78375,Sistema
2023-06-05T23:00:00,93.88042,Sistema
2023-06-05T24:00:00,100.01623,Sistema
2023-06-06T01:00:00,96.74546,Sistema
2023-06-06T02:00:00,97.21712,Sistema
2023-06-06T03:00:00,101.92597,Sistema
2023-06-06T04:00:00,90.52343,Sistema
2023-06-06T05:00:00,83.6887,Sistema
2023-06-06T06:00:00,78.16178,Sistema
2023-06-06T07:00:00,77.86378,Sistema
2023-06-06T08:00:00,71.85681,Sistema
2023-06-06T09:00:00,74.76944,Sistema
2023-06-06T10:00:00,77.14953,Sistema
2023-06-06T11:00:00,77.83238,Sistema
2023-06-06T12:00:00,78.53255,Sistema
2023-06-06T13:00:00,87.31642,Sistema
2023-06-06T14:00:00,94.55169,Sistema
2023-06-06T15:00:00,92.95924,Sistema
2023-06-06T16:00:00,91.33789,Sistema
2023-06-06T17:00:00,90.43102,Sistema
2023-06-06T18:00:00,93.85479,Sistema
2023-06-06T19:00:00,95.89638,Sistema
2023-06-06T20:00:00,90.38674,Sistema
2023-06-06T21:00:00,94.99611,Sistema
2023-06-06T22:00:00,99.57301,Sistema
2023-06-06T23:00:00,104.09513,Sistema
2023-06-06T24:00:00,107.71466,Sistema
2023-06-07T01:00:00,117.52709,Sistema
2023-06-07T02:00:00,122.02329,Sistema
2023-06-07T03:00:00,127.27681,Sistema
2023-06-07T04:00:00,124.65064,Sistema
2023-06-07T05:00:00,126.39259,Sistema
2023-06-07T06:00:00,122.11238,Sistema
2023-06-07T07:00:00,132.9222,Sistema
2023-06-07T08:00:00,126.60774,Sistema
2023-06-07T09:00:00,123.48441,Sistema
2023-06-07T10:00:00,122.21759,Sistema
2023-06-07T11:00:00,113.34846,Sistema
2023-06-07T12:00:00,118.81115,Sistema
2023-06-07T13:00:00,133.28342,Sistema
2023-06-07T14:00:00,140.40723,Sistema
2023-06-07T15:00:00,141.96285,Sistema
2023-06-07T16:00:00,137.16252,Sistema
2023-06-07T17:00:00,138.38884,Sistema
2023-06-07T18:00:00,145.31298,Sistema
2023-06-07T19:00:00,137.93606,Sistema
2023-06-07T20:00:00,133.42746,Sistema
2023-06-07T21:00:00,137.12005,Sistema
2023-06-07T22:00:00,148.64052,Sistema
2023-06-07T23:00:00,162.22748,Sistema
2023-06-07T24:00:00,170.36785,Sistema
2023-06-08T01:00:00,175.93885,Sistema
2023-06-08T02:00:00,170.39177,Sistema
2023-06-08T03:00:00,166.12807,Sistema
2023-06-08T04:00:00,167.97243,Sistema
2023-06-08T05:00:00,168.50146,Sistema
2023-06-08T06:00:00,172.8176,Sistema
2023-06-08T07:00:00,170.38823,Sistema
2023-06-08T08:00:00,161.79184,Sistema
2023-06-08T09:00:00,152.96299,Sistema
2023-06-08T10:00:00,147.57673,Sistema
2023-06-08T11:00:00,142.44423,Sistema
2023-06-08T12:00:00,141.12982,Sistema
2023-06-08T13:00:00,146.7779,Sistema
2023-06-08T14:00:00,153.69153,Sistema
2023-06-08T15:00:00,150.99641,Sistema
2023-06-08T16:00:00,149.20575,Sistema
2023-06-08T17:00:00,152.56105,Sistema
2023-06-08T18:00:00,158.04031,Sistema
2023-06-08T19:00:00,147.731,Sistema
2023-06-08T20:00:00,144.5148,Sistema
2023-06-08T21:00:00,148.18953,Sistema
2023-06-08T22:00:00,157.55481,Sistema
2023-06-08T23:00:00,170.70807,Sistema
2023-06-08T24:00:00,184.08328,Sistema
2023-06-09T01:00:00,183.72977,Sistema
2023-06-09T02:00:00,190.16947,Sistema
2023-06-09T03:00:00,184.36542,Sistema
2023-06-09T04:00:00,178.32034,Sistema
2023-06-09T05:00:00,177.42234,Sistema
2023-06-09T06:00:00,164.69685,Sistema
2023-06-09T07:00:00,163.9515,Sistema
2023-06-09T08:00:00,150.33859,Sistema
2023-06-09T09:00:00,140.9103,Sistema
2023-06-09T10:00:00,138.04473,Sistema
2023-06-09T11:00:00,132.20838,Sistema
2023-06-09T12:00:00,130.35097,Sistema
2023-06-09T13:00:00,134.54268,Sistema
2023-06-09T14:00:00,140.30827,Sistema
2023-06-09T15:00:00,139.51505,Sistema
2023-06-09T16:00:00,140.1998,Sistema
2023-06-09T17:00:00,142.5966,Sistema
2023-06-09T18:00:00,148.12295,Sistema
2023-06-09T19:00:00,144.4388,Sistema
2023-06-09T20:00:00,138.04717,Sistema
2023-06-09T21:00:00,141.59835,Sistema
2023-06-09T22:00:00,150.19746,Sistema
2023-06-09T23:00:00,156.25449,Sistema
2023-06-09T24:00:00,168.6271,Sistema
2023-06-10T01:00:00,161.78822,Sistema
2023-06-10T02:00:00,152.53817,Sistema
2023-06-10T03:00:00,139.76726,Sistema
2023-06-10T04:00:00,142.50284,Sistema
2023-06-10T05:00:00,142.06733,Sistema
2023-06-10T06:00:00,147.0958,Sistema
2023-06-10T07:00:00,150.18915,Sistema
2023-06-10T08:00:00,149.45834,Sistema
2023-06-10T09:00:00,146.39999,Sistema
2023-06-10T10:00:00,141.43794,Sistema
2023-06-10T11:00:00,137.70663,Sistema
2023-06-10T12:00:00,136.61747,Sistema
2023-06-10T13:00:00,137.21324,Sistema
2023-06-10T14:00:00,142.97133,Sistema
2023-06-10T15:00:00,150.68719,Sistema
2023-06-10T16:00:00,152.48977,Sistema
2023-06-10T17:00:00,154.75122,Sistema
2023-06-10T18:00:00,163.18759,Sistema
2023-06-10T19:00:00,128.77901,Sistema
2023-06-10T20:00:00,150.23269,Sistema
2023-06-10T21:00:00,155.19419,Sistema
2023-06-10T22:00:00,159.6765,Sistema
2023-06-10T23:00:00,167.62542,Sistema
2023-06-10T24:00:00,166.92376,Sistema
2023-06-11T01:00:00,164.12059,Sistema
2023-06-11T02:00:00,166.88588,Sistema
2023-06-11T03:00:00,167.84315,Sistema
2023-06-11T04:00:00,173.15228,Sistema
2023-06-11T05:00:00,171.03154,Sistema
2023-06-11T06:00:00,167.06401,Sistema
2023-06-11T07:00:00,163.41637,Sistema
2023-06-11T08:00:00,150.95533,Sistema
2023-06-11T09:00:00,143.25761,Sistema
2023-06-11T10:00:00,138.97588,Sistema
2023-06-11T11:00:00,133.66112,Sistema
2023-06-11T12:00:00,128.51975,Sistema
2023-06-11T13:00:00,128.15322,Sistema
2023-06-11T14:00:00,133.81773,Sistema
2023-06-11T15:00:00,141.09564,Sistema
2023-06-11T16:00:00,149.56218,Sistema
2023-06-11T17:00:00,151.41875,Sistema
2023-06-11T18:00:00,155.76015,Sistema
2023-06-11T19:00:00,142.96876,Sistema
2023-06-11T20:00:00,136.33746,Sistema
2023-06-11T21:00:00,139.944,Sistema
2023-06-11T22:00:00,145.709,Sistema
2023-06-11T23:00:00,159.39746,Sistema
2023-06-11T24:00:00,169.18216,Sistema
2023-06-12T01:00:00,167.06318,Sistema
2023-06-12T02:00:00,165.41187,Sistema
2023-06-12T03:00:00,171.55512,Sistema
2023-06-12T04:00:00,168.62338,Sistema
2023-06-12T05:00:00,166.3408,Sistema
2023-06-12T06:00:00,157.03907,Sistema
2023-06-12T07:00:00,156.69633,Sistema
2023-06-12T08:00:00,143.55737,Sistema
2023-06-12T09:00:00,134.147,Sistema
2023-06-12T10:00:00,126.27477,Sistema
2023-06-12T11:00:00,121.15988,Sistema
2023-06-12T12:00:00,120.36859,Sistema
2023-06-12T13:00:00,118.30907,Sistema
2023-06-12T14:00:00,125.60946,Sistema
2023-06-12T15:00:00,129.00684,Sistema
2023-06-12T16:00:00,131.72297,Sistema
2023-06-12T17:00:00,135.96247,Sistema
2023-06-12T18:00:00,141.11954,Sistema
2023-06-12T19:00:00,131.37336,Sistema
2023-06-12T20:00:00,127.5563,Sistema
2023-06-12T21:00:00,130.37842,Sistema
2023-06-12T22:00:00,136.40463,Sistema
2023-06-12T23:00:00,140.27301,Sistema
2023-06-12T24:00:00,139.07903,Sistema
2023-06-13T01:00:00,124.02463,Sistema
2023-06-13T02:00:00,109.21955,Sistema
2023-06-13T03:00:00,100.15875,Sistema
2023-06-13T04:00:00,110.9666,Sistema
2023-06-13T05:00:00,118.1838,Sistema
2023-06-13T06:00:00,107.67191,Sistema
2023-06-13T07:00:00,100.17328,Sistema
2023-06-13T08:00:00,95.25577,Sistema
2023-06-13T09:00:00,92.61577,Sistema
2023-06-13T10:00:00,92.93296,Sistema
2023-06-13T11:00:00,92.0488,Sistema
2023-06-13T12:00:00,92.58181,Sistema
2023-06-13T13:00:00,96.71256,Sistema
2023-06-13T14:00:00,100.41444,Sistema
2023-06-13T15:00:00,100.38703,Sistema
2023-06-13T16:00:00,101.1593,Sistema
2023-06-13T17:00:00,104.53606,Sistema
2023-06-13T18:00:00,108.93805,Sistema
2023-06-13T19:00:00,108.55502,Sistema
2023-06-13T20:00:00,106.10098,Sistema
2023-06-13T21:00:00,110.04092,Sistema
2023-06-13T22:00:00,117.44662,Sistema
2023-06-13T23:00:00,128.2271,Sistema
2023-06-13T24:00:00,131.67312,Sistema
2023-06-14T01:00:00,129.36013,Sistema
2023-06-14T02:00:00,128.12651,Sistema
2023-06-14T03:00:00,135.8941,Sistema
2023-06-14T04:00:00,129.34211,Sistema
2023-06-14T05:00:00,122.65622,Sistema
2023-06-14T06:00:00,113.76557,Sistema
2023-06-14T07:00:00,111.09929,Sistema
2023-06-14T08:00:00,101.21616,Sistema
2023-06-14T09:00:00,97.94198,Sistema
2023-06-14T10:00:00,85.79642,Sistema
2023-06-14T11:00:00,86.51638,Sistema
2023-06-14T12:00:00,90.49554,Sistema
2023-06-14T13:00:00,103.49404,Sistema
2023-06-14T14:00:00,106.77197,Sistema
2023-06-14T15:00:00,105.85702,Sistema
2023-06-14T16:00:00,104.91094,Sistema
2023-06-14T17:00:00,105.393,Sistema
2023-06-14T18:00:00,111.02381,Sistema
2023-06-14T19:00:00,107.0247,Sistema
2023-06-14T20:00:00,104.33894,Sistema
2023-06-14T21:00:00,107.01291,Sistema
2023-06-14T22:00:00,112.6428,Sistema
2023-06-14T23:00:00,122.40521,Sistema
2023-06-14T24:00:00,125.89578,Sistema
2023-06-15T01:00:00,128.41445,Sistema
2023-06-15T02:00:00,134.7837,Sistema
2023-06-15T03:00:00,128.01492,Sistema
2023-06-15T04:00:00,121.03543,Sistema
2023-06-15T05:00:00,118.55994,Sistema
2023-06-15T06:00:00,112.11045,Sistema
2023-06-15T07:00:00,110.69206,Sistema
2023-06-15T08:00:00,107.1472,Sistema
2023-06-15T09:00:00,102.91366,Sistema
2023-06-15T10:00:00,101.30976,Sistema
2023-06-15T11:00:00,100.62949,Sistema
2023-06-15T12:00:00,102.62283,Sistema
2023-06-15T13:00:00,104.85669,Sistema
2023-06-15T14:00:00,107.17168,Sistema
2023-06-15T15:00:00,108.48666,Sistema
2023-06-15T16:00:00,109.61083,Sistema
2023-06-15T17:00:00,112.3867,Sistema
2023-06-15T18:00:00,111.14138,Sistema
2023-06-15T19:00:00,103.69978,Sistema
2023-06-15T20:00:00,101.35762,Sistema
2023-06-15T21:00:00,105.19969,Sistema
2023-06-15T22:00:00,110.82025,Sistema
2023-06-15T23:00:00,117.33918,Sistema
2023-06-15T24:00:00,125.38579,Sistema
2023-06-16T01:00:00,131.73985,Sistema
2023-06-16T02:00:00,136.71311,Sistema
2023-06-16T03:00:00,136.67664,Sistema
2023-06-16T04:00:00,134.80326,Sistema
2023-06-16T05:00:00,132.98538,Sistema
2023-06-16T06:00:00,125.89836,Sistema
2023-06-16T07:00:00,119.09129,Sistema
2023-06-16T08:00:00,114.94745,Sistema
2023-06-16T09:00:00,110.70857,Sistema
2023-06-16T10:00:00,114.73734,Sistema
2023-06-16T11:00:00,114.85213,Sistema
2023-06-16T12:00:00,114.54108,Sistema
2023-06-16T13:00:00,117.91484,Sistema
2023-06-16T14:00:00,119.30942,Sistema
2023-06-16T15:00:00,117.5208,Sistema
2023-06-16T16:00:00,118.24056,Sistema
2023-06-16T17:00:00,123.62776,Sistema
2023-06-16T18:00:00,125.72216,Sistema
2023-06-16T19:00:00,123.64724,Sistema
2023-06-16T20:00:00,125.74653,Sistema
2023-06-16T21:00:00,129.91656,Sistema
2023-06-16T22:00:00,133.67548,Sistema
2023-06-16T23:00:00,140.02423,Sistema
2023-06-16T24:00:00,148.57022,Sistema
2023-06-17T01:00:00,148.89718,Sistema
2023-06-17T02:00:00,155.02506,Sistema
2023-06-17T03:00:00,156.76204,Sistema
2023-06-17T04:00:00,158.8657,Sistema
2023-06-17T05:00:00,156.93882,Sistema
2023-06-17T06:00:00,157.18367,Sistema
2023-06-17T07:00:00,150.86938,Sistema
2023-06-17T08:00:00,141.37112,Sistema
2023-06-17T09:00:00,133.17964,Sistema
2023-06-17T10:00:00,130.07928,Sistema
2023-06-17T11:00:00,128.44213,Sistema
2023-06-17T12:00:00,133.89882,Sistema
2023-06-17T13:00:00,146.87554,Sistema
2023-06-17T14:00:00,153.73672,Sistema
2023-06-17T15:00:00,157.89939,Sistema
2023-06-17T16:00:00,162.88063,Sistema
2023-06-17T17:00:00,161.55361,Sistema
2023-06-17T18:00:00,158.74815,Sistema
2023-06-17T19:00:00,149.09638,Sistema
2023-06-17T20:00:00,145.3761,Sistema
2023-06-17T21:00:00,146.92615,Sistema
2023-06-17T22:00:00,156.63152,Sistema
2023-06-17T23:00:00,168.31186,Sistema
2023-06-17T24:00:00,181.11747,Sistema
2023-06-18T01:00:00,185.57877,Sistema
2023-06-18T02:00:00,191.32686,Sistema
2023-06-18T03:00:00,197.80298,Sistema
2023-06-18T04:00:00,203.85698,Sistema
2023-06-18T05:00:00,204.0079,Sistema
2023-06-18T06:00:00,194.58572,Sistema
2023-06-18T07:00:00,199.16993,Sistema
2023-06-18T08:00:00,185.52351,Sistema
2023-06-18T09:00:00,179.59336,Sistema
2023-06-18T10:00:00,180.68608,Sistema
2023-06-18T11:00:00,182.1228,Sistema
2023-06-18T12:00:00,182.45311,Sistema
2023-06-18T13:00:00,186.67467,Sistema
2023-06-18T14:00:00,192.75445,Sistema
2023-06-18T15:00:00,196.56064,Sistema
2023-06-18T16:00:00,195.30031,Sistema
2023-06-18T17:00:00,194.40886,Sistema
2023-06-18T18:00:00,200.53539,Sistema
2023-06-18T19:00:00,188.18016,Sistema
2023-06-18T20:00:00,180.41154,Sistema
2023-06-18T21:00:00,183.24001,Sistema
2023-06-18T22:00:00,190.84632,Sistema
2023-06-18T23:00:00,199.04993,Sistema
2023-06-18T24:00:00,214.49162,Sistema
2023-06-19T01:00:00,220.45205,Sistema
2023-06-19T02:00:00,228.87826,Sistema
2023-06-19T03:00:00,239.28136,Sistema
2023-06-19T04:00:00,234.36875,Sistema
2023-06-19T05:00:00,235.66395,Sistema
2023-06-19T06:00:00,238.0427,Sistema
2023-06-19T07:00:00,242.76929,Sistema
2023-06-19T08:00:00,235.78559,Sistema
2023-06-19T09:00:00,222.80535,Sistema
2023-06-19T10:00:00,203.84809,Sistema
2023-06-19T11:00:00,191.54837,Sistema
2023-06-19T12:00:00,191.66503,Sistema
2023-06-19T13:00:00,198.58761,Sistema
2023-06-19T14:00:00,195.50735,Sistema
2023-06-19T15:00:00,193.55052,Sistema
2023-06-19T16:00:00,194.23733,Sistema
2023-06-19T17:00:00,196.6522,Sistema
2023-06-19T18:00:00,201.81335,Sistema
2023-06-19T19:00:00,190.26205,Sistema
2023-06-19T20:00:00,179.94291,Sistema
2023-06-19T21:00:00,181.7618,Sistema
2023-06-19T22:00:00,192.22956,Sistema
2023-06-19T23:00:00,201.07994,Sistema
2023-06-19T24:00:00,224.23454,Sistema
2023-06-20T01:00:00,228.29906,Sistema
2023-06-20T02:00:00,231.12376,Sistema
2023-06-20T03:00:00,230.9539,Sistema
2023-06-20T04:00:00,225.27302,Sistema
2023-06-20T05:00:00,213.00945,Sistema
2023-06-20T06:00:00,212.48601,Sistema
2023-06-20T07:00:00,203.60244,Sistema
2023-06-20T08:00:00,185.72454,Sistema
2023-06-20T09:00:00,174.61987,Sistema
2023-06-20T10:00:00,167.32798,Sistema
2023-06-20T11:00:00,161.64248,Sistema
2023-06-20T12:00:00,164.79706,Sistema
2023-06-20T13:00:00,167.3602,Sistema
2023-06-20T14:00:00,168.91284,Sistema
2023-06-20T15:00:00,166.33593,Sistema
2023-06-20T16:00:00,167.07842,Sistema
2023-06-20T17:00:00,170.82596,Sistema
2023-06-20T18:00:00,178.10355,Sistema
2023-06-20T19:00:00,168.33712,Sistema
2023-06-20T20:00:00,166.01203,Sistema
2023-06-20T21:00:00,171.96174,Sistema
2023-06-20T22:00:00,181.64072,Sistema
2023-06-20T23:00:00,197.26051,Sistema
2023-06-20T24:00:00,210.75236,Sistema
2023-06-21T01:00:00,208.62192,Sistema
2023-06-21T02:00:00,215.60065,Sistema
2023-06-21T03:00:00,224.46507,Sistema
2023-06-21T04:00:00,221.10548,Sistema
2023-06-21T05:00:00,211.30375,Sistema
2023-06-21T06:00:00,201.68728,Sistema
2023-06-21T07:00:00,187.45538,Sistema
2023-06-21T08:00:00,172.28889,Sistema
2023-06-21T09:00:00,160.82729,Sistema
2023-06-21T10:00:00,157.06564,Sistema
2023-06-21T11:00:00,153.57357,Sistema
2023-06-21T12:00:00,151.70022,Sistema
2023-06-21T13:00:00,156.26111,Sistema
2023-06-21T14:00:00,154.42923,Sistema
2023-06-21T15:00:00,153.4192,Sistema
2023-06-21T16:00:00,153.07044,Sistema
2023-06-21T17:00:00,153.19,Sistema
2023-06-21T18:00:00,161.93699,Sistema
2023-06-21T19:00:00,160.8104,Sistema
2023-06-21T20:00:00,157.79928,Sistema
2023-06-21T21:00:00,162.4522,Sistema
2023-06-21T22:00:00,173.09893,Sistema
2023-06-21T23:00:00,185.44761,Sistema
2023-06-21T24:00:00,193.84154,Sistema
2023-06-22T01:00:00,221.18662,Sistema
2023-06-22T02:00:00,233.28455,Sistema
2023-06-22T03:00:00,236.93001,Sistema
2023-06-22T04:00:00,248.15138,Sistema
2023-06-22T05:00:00,241.77988,Sistema
2023-06-22T06:00:00,231.02602,Sistema
2023-06-22T07:00:00,221.9209,Sistema
2023-06-22T08:00:00,206.37161,Sistema
2023-06-22T09:00:00,200.30363,Sistema
2023-06-22T10:00:00,199.25358,Sistema
2023-06-22T11:00:00,196.35519,Sistema
2023-06-22T12:00:00,188.29398,Sistema
2023-06-22T13:00:00,185.45884,Sistema
2023-06-22T14:00:00,185.66348,Sistema
2023-06-22T15:00:00,186.67223,Sistema
2023-06-22T16:00:00,191.2287,Sistema
2023-06-22T17:00:00,195.8871,Sistema
2023-06-22T18:00:00,207.01063,Sistema
2023-06-22T19:00:00,201.16764,Sistema
2023-06-22T20:00:00,195.47373,Sistema
2023-06-22T21:00:00,197.47931,Sistema
2023-06-22T22:00:00,202.00792,Sistema
2023-06-22T23:00:00,214.89631,Sistema
2023-06-22T24:00:00,232.0019,Sistema
2023-06-23T01:00:00,238.85442,Sistema
2023-06-23T02:00:00,237.24765,Sistema
2023-06-23T03:00:00,239.75554,Sistema
2023-06-23T04:00:00,243.01263,Sistema
2023-06-23T05:00:00,231.83348,Sistema
2023-06-23T06:00:00,224.78907,Sistema
2023-06-23T07:00:00,216.53762,Sistema
2023-06-23T08:00:00,202.67291,Sistema
2023-06-23T09:00:00,199.42753,Sistema
2023-06-23T10:00:00,198.88207,Sistema
2023-06-23T11:00:00,193.71628,Sistema
2023-06-23T12:00:00,186.34205,Sistema
2023-06-23T13:00:00,190.56747,Sistema
2023-06-23T14:00:00,195.6174,Sistema
2023-06-23T15:00:00,195.40968,Sistema
2023-06-23T16:00:00,195.94362,Sistema
2023-06-23T17:00:00,199.96036,Sistema
2023-06-23T18:00:00,202.85045,Sistema
2023-06-23T19:00:00,197.96048,Sistema
2023-06-23T20:00:00,195.90535,Sistema
2023-06-23T21:00:00,200.83357,Sistema
2023-06-23T22:00:00,203.40421,Sistema
2023-06-23T23:00:00,215.01192,Sistema
2023-06-23T24:00:00,226.19172,Sistema
2023-06-24T01:00:00,240.92405,Sistema
2023-06-24T02:00:00,240.03211,Sistema
2023-06-24T03:00:00,246.2515,Sistema
2023-06-24T04:00:00,255.10216,Sistema
2023-06-24T05:00:00,256.95662,Sistema
2023-06-24T06:00:00,255.82524,Sistema
2023-06-24T07:00:00,253.1645,Sistema
2023-06-24T08:00:00,244.29281,Sistema
2023-06-24T09:00:00,227.75925,Sistema
2023-06-24T10:00:00,224.02958,Sistema
2023-06-24T11:00:00,224.89387,Sistema
2023-06-24T12:00:00,219.33624,Sistema
2023-06-24T13:00:00,220.85018,Sistema
2023-06-24T14:00:00,223.71365,Sistema
2023-06-24T15:00:00,225.20656,Sistema
2023-06-24T16:00:00,228.43876,Sistema
2023-06-24T17:00:00,230.24382,Sistema
2023-06-24T18:00:00,231.37449,Sistema
2023-06-24T19:00:00,223.86876,Sistema
2023-06-24T20:00:00,221.58243,Sistema
2023-06-24T21:00:00,229.52568,Sistema
2023-06-24T22:00:00,236.80218,Sistema
2023-06-24T23:00:00,253.25562,Sistema
2023-06-24T24:00:00,264.80105,Sistema
2023-06-25T01:00:00,270.07137,Sistema
2023-06-25T02:00:00,261.93263,Sistema
2023-06-25T03:00:00,267.03727,Sistema
2023-06-25T04:00:00,265.04534,Sistema
2023-06-25T05:00:00,266.26151,Sistema
2023-06-25T06:00:00,252.0255,Sistema
2023-06-25T07:00:00,250.92622,Sistema
2023-06-25T08:00:00,247.35436,Sistema
2023-06-25T09:00:00,237.88829,Sistema
2023-06-25T10:00:00,226.16331,Sistema
2023-06-25T11:00:00,221.84006,Sistema
2023-06-25T12:00:00,216.94068,Sistema
2023-06-25T13:00:00,214.36818,Sistema
2023-06-25T14:00:00,215.55009,Sistema
2023-06-25T15:00:00,219.26583,Sistema
2023-06-25T16:00:00,224.42367,Sistema
2023-06-25T17:00:00,232.07594,Sistema
2023-06-25T18:00:00,244.57214,Sistema
2023-06-25T19:00:00,242.01164,Sistema
2023-06-25T20:00:00,230.73542,Sistema
2023-06-25T21:00:00,222.24169,Sistema
2023-06-25T22:00:00,227.31667,Sistema
2023-06-25T23:00:00,243.45619,Sistema
2023-06-25T24:00:00,242.89619,Sistema
2023-06-26T01:00:00,210.83995,Sistema
2023-06-26T02:00:00,193.8738,Sistema
2023-06-26T03:00:00,188.19566,Sistema
2023-06-26T04:00:00,194.15303,Sistema
2023-06-26T05:00:00,203.6616,Sistema
2023-06-26T06:00:00,218.82196,Sistema
2023-06-26T07:00:00,216.22812,Sistema
2023-06-26T08:00:00,216.68894,Sistema
2023-06-26T09:00:00,209.61459,Sistema
2023-06-26T10:00:00,205.89595,Sistema
2023-06-26T11:00:00,202.32405,Sistema
2023-06-26T12:00:00,199.63235,Sistema
2023-06-26T13:00:00,201.37753,Sistema
2023-06-26T14:00:00,201.22001,Sistema
2023-06-26T15:00:00,198.44297,Sistema
2023-06-26T16:00:00,199.13048,Sistema
2023-06-26T17:00:00,206.49438,Sistema
2023-06-26T18:00:00,211.34762,Sistema
2023-06-26T19:00:00,205.77842,Sistema
2023-06-26T20:00:00,202.35074,Sistema
2023-06-26T21:00:00,206.69636,Sistema
2023-06-26T22:00:00,216.72766,Sistema
2023-06-26T23:00:00,227.69343,Sistema
2023-06-26T24:00:00,222.40425,Sistema
2023-06-27T01:00:00,193.7233,Sistema
2023-06-27T02:00:00,170.69084,Sistema
2023-06-27T03:00:00,154.90414,Sistema
2023-06-27T04:00:00,153.15645,Sistema
2023-06-27T05:00:00,156.4699,Sistema
2023-06-27T06:00:00,170.87716,Sistema
2023-06-27T07:00:00,175.89688,Sistema
2023-06-27T08:00:00,171.5993,Sistema
2023-06-27T09:00:00,164.81097,Sistema
2023-06-27T10:00:00,169.06179,Sistema
2023-06-27T11:00:00,172.15526,Sistema
2023-06-27T12:00:00,177.60072,Sistema
2023-06-27T13:00:00,186.52806,Sistema
2023-06-27T14:00:00,185.87165,Sistema
2023-06-27T15:00:00,183.27504,Sistema
2023-06-27T16:00:00,184.85103,Sistema
2023-06-27T17:00:00,184.02584,Sistema
2023-06-27T18:00:00,188.79684,Sistema
2023-06-27T19:00:00,180.03446,Sistema
2023-06-27T20:00:00,179.83798,Sistema
2023-06-27T21:00:00,181.55449,Sistema
2023-06-27T22:00:00,191.42078,Sistema
2023-06-27T23:00:00,184.61793,Sistema
2023-06-27T24:00:00,168.55689,Sistema
2023-06-28T01:00:00,166.59068,Sistema
2023-06-28T02:00:00,170.31127,Sistema
2023-06-28T03:00:00,184.88611,Sistema
2023-06-28T04:00:00,188.31139,Sistema
2023-06-28T05:00:00,185.19893,Sistema
2023-06-28T06:00:00,180.41858,Sistema
2023-06-28T07:00:00,177.50903,Sistema
2023-06-28T08:00:00,171.14932,Sistema
2023-06-28T09:00:00,163.33607,Sistema
2023-06-28T10:00:00,160.57945,Sistema
2023-06-28T11:00:00,158.31739,Sistema
2023-06-28T12:00:00,155.94422,Sistema
2023-06-28T13:00:00,160.59854,Sistema
2023-06-28T14:00:00,161.88081,Sistema
2023-06-28T15:00:00,159.85327,Sistema
2023-06-28T16:00:00,160.51078,Sistema
2023-06-28T17:00:00,166.43839,Sistema
2023-06-28T18:00:00,174.61825,Sistema
2023-06-28T19:00:00,165.69809,Sistema
2023-06-28T20:00:00,159.83848,Sistema
2023-06-28T21:00:00,163.93141,Sistema
2023-06-28T22:00:00,174.43423,Sistema
2023-06-28T23:00:00,189.80554,Sistema
2023-06-28T24:00:00,194.95392,Sistema
2023-06-29T01:00:00,186.42329,Sistema
2023-06-29T02:00:00,181.84122,Sistema
2023-06-29T03:00:00,179.66998,Sistema
2023-06-29T04:00:00,179.04067,Sistema
2023-06-29T05:00:00,176.85992,Sistema
2023-06-29T06:00:00,171.66887,Sistema
2023-06-29T07:00:00,163.98041,Sistema
2023-06-29T08:00:00,158.7922,Sistema
2023-06-29T09:00:00,153.40505,Sistema
2023-06-29T10:00:00,153.82977,Sistema
2023-06-29T11:00:00,159.28494,Sistema
2023-06-29T12:00:00,170.11936,Sistema
2023-06-29T13:00:00,170.89652,Sistema
2023-06-29T14:00:00,170.60386,Sistema
2023-06-29T15:00:00,169.37911,Sistema
2023-06-29T16:00:00,173.78232,Sistema
2023-06-29T17:00:00,178.18781,Sistema
2023-06-29T18:00:00,183.59716,Sistema
2023-06-29T19:00:00,175.6218,Sistema
2023-06-29T20:00:00,170.22606,Sistema
2023-06-29T21:00:00,176.26791,Sistema
2023-06-29T22:00:00,189.64213,Sistema
2023-06-29T23:00:00,205.11149,Sistema
2023-06-29T24:00:00,208.58958,Sistema
2023-06-30T01:00:00,205.87348,Sistema
2023-06-30T02:00:00,203.17104,Sistema
2023-06-30T03:00:00,206.28568,Sistema
2023-06-30T04:00:00,203.69314,Sistema
2023-06-30T05:00:00,204.58411,Sistema
2023-06-30T06:00:00,203.12852,Sistema
2023-06-30T07:00:00,199.23135,Sistema
2023-06-30T08:00:00,191.45659,Sistema
2023-06-30T09:00:00,183.24608,Sistema
2023-06-30T10:00:00,176.70667,Sistema
2023-06-30T11:00:00,169.99279,Sistema
2023-06-30T12:00:00,167.30435,Sistema
2023-06-30T13:00:00,174.25032,Sistema
2023-06-30T14:00:00,172.21605,Sistema
2023-06-30T15:00:00,169.56516,Sistema
2023-06-30T16:00:00,171.12089,Sistema
2023-06-30T17:00:00,176.81161,Sistema
2023-06-30T18:00:00,176.11088,Sistema
2023-06-30T19:00:00,166.95905,Sistema
2023-06-30T20:00:00,167.3265,Sistema
2023-06-30T21:00:00,171.1666,Sistema
2023-06-30T22:00:00,181.28354,Sistema
2023-06-30T23:00:00,190.71599,Sistema
2023-06-30T24:00:00,203.95803,Sistema
2023-07-01T01:00:00,207.86195,Sistema
2023-07-01T02:00:00,207.89877,Sistema
2023-07-01T03:00:00,213.58074,Sistema
2023-07-01T04:00:00,210.10531,Sistema
2023-07-01T05:00:00,207.88668,Sistema
2023-07-01T06:00:00,217.56791,Sistema
2023-07-01T07:00:00,219.75061,Sistema
2023-07-01T08:00:00,206.66197,Sistema
2023-07-01T09:00:00,193.5298,Sistema
2023-07-01T10:00:00,186.74062,Sistema
2023-07-01T11:00:00,180.34676,Sistema
2023-07-01T12:00:00,182.5575,Sistema
2023-07-01T13:00:00,185.57252,Sistema
2023-07-01T14:00:00,191.22779,Sistema
2023-07-01T15:00:00,197.18847,Sistema
2023-07-01T16:00:00,199.66925,Sistema
2023-07-01T17:00:00,204.53314,Sistema
2023-07-01T18:00:00,212.08155,Sistema
2023-07-01T19:00:00,198.23813,Sistema
2023-07-01T20:00:00,199.30135,Sistema
2023-07-01T21:00:00,208.50469,Sistema
2023-07-01T22:00:00,214.7848,Sistema
2023-07-01T23:00:00,226.34779,Sistema
2023-07-01T24:00:00,233.92702,Sistema
2023-07-02T01:00:00,229.54445,Sistema
2023-07-02T02:00:00,233.43424,Sistema
2023-07-02T03:00:00,226.3296,Sistema
2023-07-02T04:00:00,230.56604,Sistema
2023-07-02T05:00:00,235.16469,Sistema
2023-07-02T06:00:00,232.11241,Sistema
2023-07-02T07:00:00,227.85398,Sistema
2023-07-02T08:00:00,228.56776,Sistema
2023-07-02T09:00:00,222.00481,Sistema
2023-07-02T10:00:00,217.24398,Sistema
2023-07-02T11:00:00,211.06353,Sistema
2023-07-02T12:00:00,207.32084,Sistema
2023-07-02T13:00:00,211.0312,Sistema
2023-07-02T14:00:00,216.65357,Sistema
2023-07-02T15:00:00,225.93221,Sistema
2023-07-02T16:00:00,227.54445,Sistema
2023-07-02T17:00:00,231.30445,Sistema
2023-07-02T18:00:00,237.27582,Sistema
2023-07-02T19:00:00,222.52875,Sistema
2023-07-02T20:00:00,213.88345,Sistema
2023-07-02T21:00:00,218.17804,Sistema
2023-07-02T22:00:00,228.85252,Sistema
2023-07-02T23:00:00,240.84512,Sistema
2023-07-02T24:00:00,253.91325,Sistema
2023-07-03T01:00:00,245.47593,Sistema
2023-07-03T02:00:00,243.9502,Sistema
2023-07-03T03:00:00,237.06807,Sistema
2023-07-03T04:00:00,240.2924,Sistema
2023-07-03T05:00:00,240.31911,Sistema
2023-07-03T06:00:00,237.0781,Sistema
2023-07-03T07:00:00,232.93754,Sistema
2023-07-03T08:00:00,227.22339,Sistema
2023-07-03T09:00:00,200.39561,Sistema
2023-07-03T10:00:00,193.05017,Sistema
2023-07-03T11:00:00,192.00648,Sistema
2023-07-03T12:00:00,184.8174,Sistema
2023-07-03T13:00:00,191.09389,Sistema
2023-07-03T14:00:00,195.19627,Sistema
2023-07-03T15:00:00,192.43101,Sistema
2023-07-03T16:00:00,195.78757,Sistema
2023-07-03T17:00:00,202.44352,Sistema
2023-07-03T18:00:00,210.95787,Sistema
2023-07-03T19:00:00,195.94989,Sistema
2023-07-03T20:00:00,186.11251,Sistema
2023-07-03T21:00:00,188.71635,Sistema
2023-07-03T22:00:00,198.77778,Sistema
2023-07-03T23:00:00,208.48913,Sistema
2023-07-03T24:00:00,209.80409,Sistema
2023-07-04T01:00:00,223.63449,Sistema
2023-07-04T02:00:00,222.06885,Sistema
2023-07-04T03:00:00,225.95525,Sistema
2023-07-04T04:00:00,223.86918,Sistema
2023-07-04T05:00:00,227.15891,Sistema
2023-07-04T06:00:00,220.54998,Sistema
2023-07-04T07:00:00,213.06198,Sistema
2023-07-04T08:00:00,196.41385,Sistema
2023-07-04T09:00:00,186.76127,Sistema
2023-07-04T10:00:00,180.54453,Sistema
2023-07-04T11:00:00,175.71173,Sistema
2023-07-04T12:00:00,168.68008,Sistema
2023-07-04T13:00:00,176.86643,Sistema
2023-07-04T14:00:00,181.55012,Sistema
2023-07-04T15:00:00,178.72258,Sistema
2023-07-04T16:00:00,180.44637,Sistema
2023-07-04T17:00:00,183.90215,Sistema
2023-07-04T18:00:00,188.88365,Sistema
2023-07-04T19:00:00,185.18331,Sistema
2023-07-04T20:00:00,175.19889,Sistema
2023-07-04T21:00:00,179.75553,Sistema
2023-07-04T22:00:00,185.44849,Sistema
2023-07-04T23:00:00,199.50282,Sistema
2023-07-04T24:00:00,216.96209,Sistema
2023-07-05T01:00:00,229.674,Sistema
2023-07-05T02:00:00,229.2261,Sistema
2023-07-05T03:00:00,230.15587,Sistema
2023-07-05T04:00:00,237.86919,Sistema
2023-07-05T05:00:00,231.97272,Sistema
2023-07-05T06:00:00,224.16907,Sistema
2023-07-05T07:00:00,217.26536,Sistema
2023-07-05T08:00:00,203.96788,Sistema
2023-07-05T09:00:00,191.70667,Sistema
2023-07-05T10:00:00,192.1247,Sistema
2023-07-05T11:00:00,194.5019,Sistema
2023-07-05T12:00:00,187.6501,Sistema
2023-07-05T13:00:00,187.89374,Sistema
2023-07-05T14:00:00,183.90354,Sistema
2023-07-05T15:00:00,183.43259,Sistema
2023-07-05T16:00:00,182.93979,Sistema
2023-07-05T17:00:00,188.70041,Sistema
2023-07-05T18:00:00,192.76501,Sistema
2023-07-05T19:00:00,183.29806,Sistema
2023-07-05T20:00:00,177.40852,Sistema
2023-07-05T21:00:00,181.47048,Sistema
2023-07-05T22:00:00,192.31388,Sistema
2023-07-05T23:00:00,208.01508,Sistema
2023-07-05T24:00:00,216.8631,Sistema
2023-07-06T01:00:00,224.73474,Sistema
2023-07-06T02:00:00,222.64013,Sistema
2023-07-06T03:00:00,210.90144,Sistema
2023-07-06T04:00:00,211.37948,Sistema
2023-07-06T05:00:00,222.14507,Sistema
2023-07-06T06:00:00,217.48515,Sistema
2023-07-06T07:00:00,209.44806,Sistema
2023-07-06T08:00:00,197.38708,Sistema
2023-07-06T09:00:00,187.81027,Sistema
2023-07-06T10:00:00,181.78449,Sistema
2023-07-06T11:00:00,175.80345,Sistema
2023-07-06T12:00:00,176.32975,Sistema
2023-07-06T13:00:00,181.83911,Sistema
2023-07-06T14:00:00,183.42243,Sistema
2023-07-06T15:00:00,182.50246,Sistema
2023-07-06T16:00:00,184.99815,Sistema
2023-07-06T17:00:00,188.55722,Sistema
2023-07-06T18:00:00,193.28232,Sistema
2023-07-06T19:00:00,186.42659,Sistema
2023-07-06T20:00:00,176.83183,Sistema
2023-07-06T21:00:00,180.06871,Sistema
2023-07-06T22:00:00,187.13186,Sistema
2023-07-06T23:00:00,201.7432,Sistema
2023-07-06T24:00:00,212.97892,Sistema
2023-07-07T01:00:00,217.75463,Sistema
2023-07-07T02:00:00,210.39425,Sistema
2023-07-07T03:00:00,217.12171,Sistema
2023-07-07T04:00:00,212.72968,Sistema
2023-07-07T05:00:00,218.02913,Sistema
2023-07-07T06:00:00,213.28907,Sistema
2023-07-07T07:00:00,206.42959,Sistema
2023-07-07T08:00:00,199.8944,Sistema
2023-07-07T09:00:00,190.3735,Sistema
2023-07-07T10:00:00,186.10611,Sistema
2023-07-07T11:00:00,178.64869,Sistema
2023-07-07T12:00:00,173.91289,Sistema
2023-07-07T13:00:00,176.46015,Sistema
2023-07-07T14:00:00,173.17497,Sistema
2023-07-07T15:00:00,170.60188,Sistema
2023-07-07T16:00:00,173.03282,Sistema
2023-07-07T17:00:00,176.64537,Sistema
2023-07-07T18:00:00,187.09279,Sistema
2023-07-07T19:00:00,181.02388,Sistema
2023-07-07T20:00:00,176.51679,Sistema
2023-07-07T21:00:00,179.13117,Sistema
2023-07-07T22:00:00,188.37208,Sistema
2023-07-07T23:00:00,200.04297,Sistema
2023-07-07T24:00:00,212.2736,Sistema
2023-07-08T01:00:00,206.42077,Sistema
2023-07-08T02:00:00,199.55813,Sistema
2023-07-08T03:00:00,209.20857,Sistema
2023-07-08T04:00:00,212.50182,Sistema
2023-07-08T05:00:00,216.31558,Sistema
2023-07-08T06:00:00,214.35086,Sistema
2023-07-08T07:00:00,203.70959,Sistema
2023-07-08T08:00:00,194.33743,Sistema
2023-07-08T09:00:00,188.22365,Sistema
2023-07-08T10:00:00,185.45297,Sistema
2023-07-08T11:00:00,185.57682,Sistema
2023-07-08T12:00:00,186.79227,Sistema
2023-07-08T13:00:00,189.53674,Sistema
2023-07-08T14:00:00,196.75201,Sistema
2023-07-08T15:00:00,206.07446,Sistema
2023-07-08T16:00:00,208.99666,Sistema
2023-07-08T17:00:00,209.99365,Sistema
2023-07-08T18:00:00,207.52726,Sistema
2023-07-08T19:00:00,200.17483,Sistema
2023-07-08T20:00:00,195.72411,Sistema
2023-07-08T21:00:00,200.04057,Sistema
2023-07-08T22:00:00,209.1221,Sistema
2023-07-08T23:00:00,215.81846,Sistema
2023-07-08T24:00:00,219.32272,Sistema
2023-07-09T01:00:00,239.46613,Sistema
2023-07-09T02:00:00,243.83215,Sistema
2023-07-09T03:00:00,230.49107,Sistema
2023-07-09T04:00:00,219.28256,Sistema
2023-07-09T05:00:00,227.99089,Sistema
2023-07-09T06:00:00,238.22879,Sistema
2023-07-09T07:00:00,239.37135,Sistema
2023-07-09T08:00:00,232.50635,Sistema
2023-07-09T09:00:00,230.71693,Sistema
2023-07-09T10:00:00,232.61741,Sistema
2023-07-09T11:00:00,217.25967,Sistema
2023-07-09T12:00:00,211.0688,Sistema
2023-07-09T13:00:00,209.54609,Sistema
2023-07-09T14:00:00,208.75145,Sistema
2023-07-09T15:00:00,211.43863,Sistema
2023-07-09T16:00:00,214.56358,Sistema
2023-07-09T17:00:00,220.00716,Sistema
2023-07-09T18:00:00,228.69758,Sistema
2023-07-09T19:00:00,217.25641,Sistema
2023-07-09T20:00:00,202.65042,Sistema
2023-07-09T21:00:00,204.73816,Sistema
2023-07-09T22:00:00,209.73906,Sistema
2023-07-09T23:00:00,218.09503,Sistema
2023-07-09T24:00:00,228.16462,Sistema
2023-07-10T01:00:00,202.04319,Sistema
2023-07-10T02:00:00,199.30349,Sistema
2023-07-10T03:00:00,188.61002,Sistema
2023-07-10T04:00:00,187.7778,Sistema
2023-07-10T05:00:00,192.87852,Sistema
2023-07-10T06:00:00,190.8913,Sistema
2023-07-10T07:00:00,183.43439,Sistema
2023-07-10T08:00:00,183.65365,Sistema
2023-07-10T09:00:00,182.54037,Sistema
2023-07-10T10:00:00,179.8594,Sistema
2023-07-10T11:00:00,173.49777,Sistema
2023-07-10T12:00:00,170.96211,Sistema
2023-07-10T13:00:00,179.06199,Sistema
2023-07-10T14:00:00,181.69061,Sistema
2023-07-10T15:00:00,180.45871,Sistema
2023-07-10T16:00:00,181.07945,Sistema
2023-07-10T17:00:00,183.27017,Sistema
2023-07-10T18:00:00,190.72047,Sistema
2023-07-10T19:00:00,185.88681,Sistema
2023-07-10T20:00:00,179.66385,Sistema
2023-07-10T21:00:00,183.64468,Sistema
2023-07-10T22:00:00,196.26191,Sistema
2023-07-10T23:00:00,213.565,Sistema
2023-07-10T24:00:00,220.06963,Sistema
2023-07-11T01:00:00,216.57227,Sistema
2023-07-11T02:00:00,219.35749,Sistema
2023-07-11T03:00:00,217.11052,Sistema
2023-07-11T04:00:00,214.08707,Sistema
2023-07-11T05:00:00,209.50028,Sistema
2023-07-11T06:00:00,200.5456,Sistema
2023-07-11T07:00:00,201.36934,Sistema
2023-07-11T08:00:00,193.85417,Sistema
2023-07-11T09:00:00,176.75133,Sistema
2023-07-11T10:00:00,171.11708,Sistema
2023-07-11T11:00:00,166.91728,Sistema
2023-07-11T12:00:00,163.88453,Sistema
2023-07-11T13:00:00,169.98625,Sistema
2023-07-11T14:00:00,174.40859,Sistema
2023-07-11T15:00:00,172.52021,Sistema
2023-07-11T16:00:00,173.04844,Sistema
2023-07-11T17:00:00,176.18469,Sistema
2023-07-11T18:00:00,184.39862,Sistema
2023-07-11T19:00:00,175.07116,Sistema
2023-07-11T20:00:00,169.2445,Sistema
2023-07-11T21:00:00,171.88786,Sistema
2023-07-11T22:00:00,185.87909,Sistema
2023-07-11T23:00:00,206.87027,Sistema
2023-07-11T24:00:00,222.21251,Sistema
2023-07-12T01:00:00,229.40858,Sistema
2023-07-12T02:00:00,222.66874,Sistema
2023-07-12T03:00:00,226.55831,Sistema
2023-07-12T04:00:00,232.37707,Sistema
2023-07-12T05:00:00,228.28658,Sistema
2023-07-12T06:00:00,215.21186,Sistema
2023-07-12T07:00:00,201.76998,Sistema
2023-07-12T08:00:00,201.55647,Sistema
2023-07-12T09:00:00,191.97799,Sistema
2023-07-12T10:00:00,188.65908,Sistema
2023-07-12T11:00:00,183.32404,Sistema
2023-07-12T12:00:00,181.39105,Sistema
2023-07-12T13:00:00,186.74542,Sistema
2023-07-12T14:00:00,186.02157,Sistema
2023-07-12T15:00:00,183.38675,Sistema
2023-07-12T16:00:00,181.87829,Sistema
2023-07-12T17:00:00,186.30882,Sistema
2023-07-12T18:00:00,187.85263,Sistema
2023-07-12T19:00:00,184.08298,Sistema
2023-07-12T20:00:00,178.32616,Sistema
2023-07-12T21:00:00,173.90596,Sistema
2023-07-12T22:00:00,180.0576,Sistema
2023-07-12T23:00:00,198.02656,Sistema
2023-07-12T24:00:00,214.7553,Sistema
2023-07-13T01:00:00,217.08708,Sistema
2023-07-13T02:00:00,208.73998,Sistema
2023-07-13T03:00:00,214.04663,Sistema
2023-07-13T04:00:00,215.60614,Sistema
2023-07-13T05:00:00,211.14554,Sistema
2023-07-13T06:00:00,201.89176,Sistema
2023-07-13T07:00:00,200.48213,Sistema
2023-07-13T08:00:00,193.75857,Sistema
2023-07-13T09:00:00,184.63338,Sistema
2023-07-13T10:00:00,186.85522,Sistema
2023-07-13T11:00:00,180.58778,Sistema
2023-07-13T12:00:00,177.62966,Sistema
2023-07-13T13:00:00,182.8456,Sistema
2023-07-13T14:00:00,184.28527,Sistema
2023-07-13T15:00:00,180.38161,Sistema
2023-07-13T16:00:00,181.16952,Sistema
2023-07-13T17:00:00,183.61395,Sistema
2023-07-13T18:00:00,191.78077,Sistema
2023-07-13T19:00:00,185.59887,Sistema
2023-07-13T20:00:00,176.69312,Sistema
2023-07-13T21:00:00,184.79322,Sistema
2023-07-13T22:00:00,189.80839,Sistema
2023-07-13T23:00:00,207.56796,Sistema
2023-07-13T24:00:00,219.87841,Sistema
2023-07-14T01:00:00,221.82326,Sistema
2023-07-14T02:00:00,219.09382,Sistema
2023-07-14T03:00:00,225.65485,Sistema
2023-07-14T04:00:00,228.12594,Sistema
2023-07-14T05:00:00,223.07834,Sistema
2023-07-14T06:00:00,213.2573,Sistema
2023-07-14T07:00:00,209.42513,Sistema
2023-07-14T08:00:00,201.33903,Sistema
2023-07-14T09:00:00,198.31906,Sistema
2023-07-14T10:00:00,193.21657,Sistema
2023-07-14T11:00:00,188.9503,Sistema
2023-07-14T12:00:00,187.8193,Sistema
2023-07-14T13:00:00,189.29373,Sistema
2023-07-14T14:00:00,185.83661,Sistema
2023-07-14T15:00:00,183.43637,Sistema
2023-07-14T16:00:00,186.88807,Sistema
2023-07-14T17:00:00,192.16204,Sistema
2023-07-14T18:00:00,199.56269,Sistema
2023-07-14T19:00:00,193.63444,Sistema
2023-07-14T20:00:00,186.24479,Sistema
2023-07-14T21:00:00,189.54178,Sistema
2023-07-14T22:00:00,199.58652,Sistema
2023-07-14T23:00:00,212.75987,Sistema
2023-07-14T24:00:00,226.63966,Sistema
2023-07-15T01:00:00,231.42409,Sistema
2023-07-15T02:00:00,218.46298,Sistema
2023-07-15T03:00:00,204.63509,Sistema
2023-07-15T04:00:00,199.73241,Sistema
2023-07-15T05:00:00,201.16565,Sistema
2023-07-15T06:00:00,209.00059,Sistema
2023-07-15T07:00:00,207.88105,Sistema
2023-07-15T08:00:00,204.42677,Sistema
2023-07-15T09:00:00,193.0584,Sistema
2023-07-15T10:00:00,191.58631,Sistema
2023-07-15T11:00:00,184.7257,Sistema
2023-07-15T12:00:00,184.36048,Sistema
2023-07-15T13:00:00,188.19468,Sistema
2023-07-15T14:00:00,190.54832,Sistema
2023-07-15T15:00:00,192.81833,Sistema
2023-07-15T16:00:00,194.56417,Sistema
2023-07-15T17:00:00,205.7137,Sistema
2023-07-15T18:00:00,222.28028,Sistema
2023-07-15T19:00:00,217.0894,Sistema
2023-07-15T20:00:00,207.70996,Sistema
2023-07-15T21:00:00,202.32632,Sistema
2023-07-15T22:00:00,212.50191,Sistema
2023-07-15T23:00:00,218.81694,Sistema
2023-07-15T24:00:00,226.65914,Sistema
2023-07-16T01:00:00,225.64413,Sistema
2023-07-16T02:00:00,231.34693,Sistema
2023-07-16T03:00:00,221.74957,Sistema
2023-07-16T04:00:00,211.07867,Sistema
2023-07-16T05:00:00,195.9218,Sistema
2023-07-16T06:00:00,184.75483,Sistema
2023-07-16T07:00:00,201.8901,Sistema
2023-07-16T08:00:00,220.176,Sistema
2023-07-16T09:00:00,233.3916,Sistema
2023-07-16T10:00:00,222.83921,Sistema
2023-07-16T11:00:00,210.11572,Sistema
2023-07-16T12:00:00,194.11159,Sistema
2023-07-16T13:00:00,189.87498,Sistema
2023-07-16T14:00:00,191.91842,Sistema
2023-07-16T15:00:00,199.67833,Sistema
2023-07-16T16:00:00,207.66565,Sistema
2023-07-16T17:00:00,214.7514,Sistema
2023-07-16T18:00:00,225.66705,Sistema
2023-07-16T19:00:00,210.99591,Sistema
2023-07-16T20:00:00,197.23819,Sistema
2023-07-16T21:00:00,197.24332,Sistema
2023-07-16T22:00:00,205.98204,Sistema
2023-07-16T23:00:00,217.62987,Sistema
2023-07-16T24:00:00,233.04801,Sistema
2023-07-17T01:00:00,230.66874,Sistema
2023-07-17T02:00:00,219.66457,Sistema
2023-07-17T03:00:00,238.66677,Sistema
2023-07-17T04:00:00,243.63969,Sistema
2023-07-17T05:00:00,238.00048,Sistema
2023-07-17T06:00:00,227.90277,Sistema
2023-07-17T07:00:00,225.699,Sistema
2023-07-17T08:00:00,215.76304,Sistema
2023-07-17T09:00:00,201.78805,Sistema
2023-07-17T10:00:00,199.45177,Sistema
2023-07-17T11:00:00,191.49004,Sistema
2023-07-17T12:00:00,187.9988,Sistema
2023-07-17T13:00:00,190.73168,Sistema
2023-07-17T14:00:00,191.79558,Sistema
2023-07-17T15:00:00,189.72715,Sistema
2023-07-17T16:00:00,191.55315,Sistema
2023-07-17T17:00:00,194.01566,Sistema
2023-07-17T18:00:00,205.43786,Sistema
2023-07-17T19:00:00,190.19866,Sistema
2023-07-17T20:00:00,181.75998,Sistema
2023-07-17T21:00:00,184.64326,Sistema
2023-07-17T22:00:00,195.79431,Sistema
2023-07-17T23:00:00,208.65262,Sistema
2023-07-17T24:00:00,224.18738,Sistema
2023-07-18T01:00:00,224.17356,Sistema
2023-07-18T02:00:00,223.70827,Sistema
2023-07-18T03:00:00,222.65265,Sistema
2023-07-18T04:00:00,225.49081,Sistema
2023-07-18T05:00:00,209.91197,Sistema
2023-07-18T06:00:00,200.15823,Sistema
2023-07-18T07:00:00,197.30656,Sistema
2023-07-18T08:00:00,187.99916,Sistema
2023-07-18T09:00:00,189.11195,Sistema
2023-07-18T10:00:00,190.10144,Sistema
2023-07-18T11:00:00,182.55955,Sistema
2023-07-18T12:00:00,180.40317,Sistema
2023-07-18T13:00:00,180.57119,Sistema
2023-07-18T14:00:00,182.60077,Sistema
2023-07-18T15:00:00,180.50124,Sistema
2023-07-18T16:00:00,180.6811,Sistema
2023-07-18T17:00:00,184.29026,Sistema
2023-07-18T18:00:00,189.0102,Sistema
2023-07-18T19:00:00,174.91204,Sistema
2023-07-18T20:00:00,165.98758,Sistema
2023-07-18T21:00:00,173.39703,Sistema
2023-07-18T22:00:00,183.00661,Sistema
2023-07-18T23:00:00,197.73942,Sistema
2023-07-18T24:00:00,210.79722,Sistema
2023-07-19T01:00:00,187.81027,Sistema
2023-07-19T02:00:00,162.29811,Sistema
2023-07-19T03:00:00,152.02054,Sistema
2023-07-19T04:00:00,153.72614,Sistema
2023-07-19T05:00:00,156.0902,Sistema
2023-07-19T06:00:00,158.51428,Sistema
2023-07-19T07:00:00,151.61819,Sistema
2023-07-19T08:00:00,149.97419,Sistema
2023-07-19T09:00:00,151.37349,Sistema
2023-07-19T10:00:00,157.05082,Sistema
2023-07-19T11:00:00,160.87752,Sistema
2023-07-19T12:00:00,159.5993,Sistema
2023-07-19T13:00:00,161.38177,Sistema
2023-07-19T14:00:00,162.02607,Sistema
2023-07-19T15:00:00,162.58203,Sistema
2023-07-19T16:00:00,164.05767,Sistema
2023-07-19T17:00:00,166.01463,Sistema
2023-07-19T18:00:00,159.72345,Sistema
2023-07-19T19:00:00,155.2225,Sistema
2023-07-19T20:00:00,153.41684,Sistema
2023-07-19T21:00:00,160.30275,Sistema
2023-07-19T22:00:00,165.80218,Sistema
2023-07-19T23:00:00,176.02812,Sistema
2023-07-19T24:00:00,184.55083,Sistema
2023-07-20T01:00:00,181.96067,Sistema
2023-07-20T02:00:00,172.55622,Sistema
2023-07-20T03:00:00,156.99981,Sistema
2023-07-20T04:00:00,153.56982,Sistema
2023-07-20T05:00:00,142.84536,Sistema
2023-07-20T06:00:00,128.60171,Sistema
2023-07-20T07:00:00,114.11735,Sistema
2023-07-20T08:00:00,109.41022,Sistema
2023-07-20T09:00:00,107.66892,Sistema
2023-07-20T10:00:00,108.43734,Sistema
2023-07-20T11:00:00,116.24325,Sistema
2023-07-20T12:00:00,118.94592,Sistema
2023-07-20T13:00:00,116.63361,Sistema
2023-07-20T14:00:00,122.9821,Sistema
2023-07-20T15:00:00,124.0801,Sistema
2023-07-20T16:00:00,125.76306,Sistema
2023-07-20T17:00:00,131.1898,Sistema
2023-07-20T18:00:00,135.23562,Sistema
2023-07-20T19:00:00,135.90088,Sistema
2023-07-20T20:00:00,133.0322,Sistema
2023-07-20T21:00:00,135.64084,Sistema
2023-07-20T22:00:00,136.49798,Sistema
2023-07-20T23:00:00,140.45041,Sistema
2023-07-20T24:00:00,147.54142,Sistema
2023-07-21T01:00:00,152.82235,Sistema
2023-07-21T02:00:00,148.57966,Sistema
2023-07-21T03:00:00,150.98726,Sistema
2023-07-21T04:00:00,147.00284,Sistema
2023-07-21T05:00:00,144.16423,Sistema
2023-07-21T06:00:00,141.99658,Sistema
2023-07-21T07:00:00,146.4639,Sistema
2023-07-21T08:00:00,146.58145,Sistema
2023-07-21T09:00:00,134.4176,Sistema
2023-07-21T10:00:00,133.78891,Sistema
2023-07-21T11:00:00,134.98844,Sistema
2023-07-21T12:00:00,134.37312,Sistema
2023-07-21T13:00:00,136.16256,Sistema
2023-07-21T14:00:00,140.28612,Sistema
2023-07-21T15:00:00,140.63114,Sistema
2023-07-21T16:00:00,144.12382,Sistema
2023-07-21T17:00:00,145.74325,Sistema
2023-07-21T18:00:00,156.30656,Sistema
2023-07-21T19:00:00,152.77057,Sistema
2023-07-21T20:00:00,149.29139,Sistema
2023-07-21T21:00:00,149.99123,Sistema
2023-07-21T22:00:00,160.68055,Sistema
2023-07-21T23:00:00,171.75182,Sistema
2023-07-21T24:00:00,180.46069,Sistema
2023-07-22T01:00:00,181.42845,Sistema
2023-07-22T02:00:00,185.59116,Sistema
2023-07-22T03:00:00,187.0291,Sistema
2023-07-22T04:00:00,188.93069,Sistema
2023-07-22T05:00:00,184.3258,Sistema
2023-07-22T06:00:00,179.87746,Sistema
2023-07-22T07:00:00,176.0255,Sistema
2023-07-22T08:00:00,166.49104,Sistema
2023-07-22T09:00:00,157.69799,Sistema
2023-07-22T10:00:00,151.22667,Sistema
2023-07-22T11:00:00,146.87364,Sistema
2023-07-22T12:00:00,146.6334,Sistema
2023-07-22T13:00:00,151.78661,Sistema
2023-07-22T14:00:00,154.83539,Sistema
2023-07-22T15:00:00,158.45051,Sistema
2023-07-22T16:00:00,161.75371,Sistema
2023-07-22T17:00:00,165.32595,Sistema
2023-07-22T18:00:00,165.89823,Sistema
2023-07-22T19:00:00,150.78645,Sistema
2023-07-22T20:00:00,150.51357,Sistema
2023-07-22T21:00:00,156.8321,Sistema
2023-07-22T22:00:00,165.45402,Sistema
2023-07-22T23:00:00,174.4983,Sistema
2023-07-22T24:00:00,184.26635,Sistema
2023-07-23T01:00:00,186.55466,Sistema
2023-07-23T02:00:00,192.62503,Sistema
2023-07-23T03:00:00,192.12813,Sistema
2023-07-23T04:00:00,185.46072,Sistema
2023-07-23T05:00:00,183.70999,Sistema
2023-07-23T06:00:00,173.93283,Sistema
2023-07-23T07:00:00,164.36542,Sistema
2023-07-23T08:00:00,127.66751,Sistema
2023-07-23T09:00:00,106.8373,Sistema
2023-07-23T10:00:00,105.66389,Sistema
2023-07-23T11:00:00,113.37291,Sistema
2023-07-23T12:00:00,119.38874,Sistema
2023-07-23T13:00:00,123.39948,Sistema
2023-07-23T14:00:00,121.46441,Sistema
2023-07-23T15:00:00,111.84526,Sistema
2023-07-23T16:00:00,109.6333,Sistema
2023-07-23T17:00:00,108.3391,Sistema
2023-07-23T18:00:00,123.08867,Sistema
2023-07-23T19:00:00,120.91098,Sistema
2023-07-23T20:00:00,122.62611,Sistema
2023-07-23T21:00:00,126.91607,Sistema
2023-07-23T22:00:00,132.67733,Sistema
2023-07-23T23:00:00,137.05311,Sistema
2023-07-23T24:00:00,138.593,Sistema
2023-07-24T01:00:00,153.33737,Sistema
2023-07-24T02:00:00,167.6221,Sistema
2023-07-24T03:00:00,180.7309,Sistema
2023-07-24T04:00:00,184.58224,Sistema
2023-07-24T05:00:00,172.81917,Sistema
2023-07-24T06:00:00,170.4104,Sistema
2023-07-24T07:00:00,177.82218,Sistema
2023-07-24T08:00:00,167.75386,Sistema
2023-07-24T09:00:00,157.29048,Sistema
2023-07-24T10:00:00,152.74064,Sistema
2023-07-24T11:00:00,148.3828,Sistema
2023-07-24T12:00:00,154.63927,Sistema
2023-07-24T13:00:00,162.66213,Sistema
2023-07-24T14:00:00,164.08707,Sistema
2023-07-24T15:00:00,163.36237,Sistema
2023-07-24T16:00:00,166.27673,Sistema
2023-07-24T17:00:00,166.41525,Sistema
2023-07-24T18:00:00,171.17861,Sistema
2023-07-24T19:00:00,158.85182,Sistema
2023-07-24T20:00:00,149.58991,Sistema
2023-07-24T21:00:00,150.75423,Sistema
2023-07-24T22:00:00,159.47892,Sistema
2023-07-24T23:00:00,176.16031,Sistema
2023-07-24T24:00:00,190.72837,Sistema
2023-07-25T01:00:00,193.16395,Sistema
2023-07-25T02:00:00,194.24331,Sistema
2023-07-25T03:00:00,200.14421,Sistema
2023-07-25T04:00:00,195.26115,Sistema
2023-07-25T05:00:00,190.8567,Sistema
2023-07-25T06:00:00,185.85842,Sistema
2023-07-25T07:00:00,185.35208,Sistema
2023-07-25T08:00:00,169.5124,Sistema
2023-07-25T09:00:00,162.90794,Sistema
2023-07-25T10:00:00,165.90651,Sistema
2023-07-25T11:00:00,169.77876,Sistema
2023-07-25T12:00:00,169.29884,Sistema
2023-07-25T13:00:00,174.7207,Sistema
2023-07-25T14:00:00,176.7377,Sistema
2023-07-25T15:00:00,171.89135,Sistema
2023-07-25T16:00:00,171.25272,Sistema
2023-07-25T17:00:00,174.09104,Sistema
2023-07-25T18:00:00,183.58596,Sistema
2023-07-25T19:00:00,178.58762,Sistema
2023-07-25T20:00:00,168.19095,Sistema
2023-07-25T21:00:00,172.10986,Sistema
2023-07-25T22:00:00,186.97102,Sistema
2023-07-25T23:00:00,201.42349,Sistema
2023-07-25T24:00:00,206.04672,Sistema
2023-07-26T01:00:00,200.39801,Sistema
2023-07-26T02:00:00,192.76873,Sistema
2023-07-26T03:00:00,174.28822,Sistema
2023-07-26T04:00:00,167.74177,Sistema
2023-07-26T05:00:00,167.20335,Sistema
2023-07-26T06:00:00,174.88904,Sistema
2023-07-26T07:00:00,181.44487,Sistema
2023-07-26T08:00:00,178.85347,Sistema
2023-07-26T09:00:00,181.7226,Sistema
2023-07-26T10:00:00,187.73069,Sistema
2023-07-26T11:00:00,185.42432,Sistema
2023-07-26T12:00:00,185.55239,Sistema
2023-07-26T13:00:00,189.23566,Sistema
2023-07-26T14:00:00,186.60659,Sistema
2023-07-26T15:00:00,181.55409,Sistema
2023-07-26T16:00:00,181.72914,Sistema
2023-07-26T17:00:00,187.00976,Sistema
2023-07-26T18:00:00,199.83952,Sistema
2023-07-26T19:00:00,194.68589,Sistema
2023-07-26T20:00:00,183.07019,Sistema
2023-07-26T21:00:00,184.46305,Sistema
2023-07-26T22:00:00,193.68801,Sistema
2023-07-26T23:00:00,191.26989,Sistema
2023-07-26T24:00:00,182.64162,Sistema
2023-07-27T01:00:00,196.42299,Sistema
2023-07-27T02:00:00,204.32315,Sistema
2023-07-27T03:00:00,215.19551,Sistema
2023-07-27T04:00:00,211.75391,Sistema
2023-07-27T05:00:00,207.03714,Sistema
2023-07-27T06:00:00,201.43952,Sistema
2023-07-27T07:00:00,201.26788,Sistema
2023-07-27T08:00:00,197.0526,Sistema
2023-07-27T09:00:00,190.70557,Sistema
2023-07-27T10:00:00,185.75316,Sistema
2023-07-27T11:00:00,185.01226,Sistema
2023-07-27T12:00:00,186.78966,Sistema
2023-07-27T13:00:00,189.57079,Sistema
2023-07-27T14:00:00,189.2224,Sistema
2023-07-27T15:00:00,186.07115,Sistema
2023-07-27T16:00:00,185.99812,Sistema
2023-07-27T17:00:00,188.74101,Sistema
2023-07-27T18:00:00,195.45353,Sistema
2023-07-27T19:00:00,188.14817,Sistema
2023-07-27T20:00:00,176.15389,Sistema
2023-07-27T21:00:00,180.28133,Sistema
2023-07-27T22:00:00,185.50617,Sistema
2023-07-27T23:00:00,195.30459,Sistema
2023-07-27T24:00:00,217.77616,Sistema
2023-07-28T01:00:00,202.63069,Sistema
2023-07-28T02:00:00,188.63957,Sistema
2023-07-28T03:00:00,183.8691,Sistema
2023-07-28T04:00:00,169.36779,Sistema
2023-07-28T05:00:00,174.12914,Sistema
2023-07-28T06:00:00,172.19501,Sistema
2023-07-28T07:00:00,178.31424,Sistema
2023-07-28T08:00:00,192.81515,Sistema
2023-07-28T09:00:00,192.78632,Sistema
2023-07-28T10:00:00,187.12443,Sistema
2023-07-28T11:00:00,175.526,Sistema
2023-07-28T12:00:00,172.70686,Sistema
2023-07-28T13:00:00,172.19204,Sistema
2023-07-28T14:00:00,171.46493,Sistema
2023-07-28T15:00:00,169.28354,Sistema
2023-07-28T16:00:00,171.29662,Sistema
2023-07-28T17:00:00,174.91645,Sistema
2023-07-28T18:00:00,180.22552,Sistema
2023-07-28T19:00:00,176.0659,Sistema
2023-07-28T20:00:00,167.90079,Sistema
2023-07-28T21:00:00,171.46323,Sistema
2023-07-28T22:00:00,177.64972,Sistema
2023-07-28T23:00:00,189.05782,Sistema
2023-07-28T24:00:00,207.39299,Sistema
2023-07-29T01:00:00,192.04025,Sistema
2023-07-29T02:00:00,177.73013,Sistema
2023-07-29T03:00:00,175.69153,Sistema
2023-07-29T04:00:00,174.93306,Sistema
2023-07-29T05:00:00,168.66723,Sistema
2023-07-29T06:00:00,165.22642,Sistema
2023-07-29T07:00:00,161.10218,Sistema
2023-07-29T08:00:00,163.02008,Sistema
2023-07-29T09:00:00,162.76904,Sistema
2023-07-29T10:00:00,155.5485,Sistema
2023-07-29T11:00:00,158.09456,Sistema
2023-07-29T12:00:00,160.65819,Sistema
2023-07-29T13:00:00,160.50189,Sistema
2023-07-29T14:00:00,165.46689,Sistema
2023-07-29T15:00:00,168.73709,Sistema
2023-07-29T16:00:00,170.17343,Sistema
2023-07-29T17:00:00,173.00185,Sistema
2023-07-29T18:00:00,176.78585,Sistema
2023-07-29T19:00:00,169.14675,Sistema
2023-07-29T20:00:00,158.72234,Sistema
2023-07-29T21:00:00,161.55621,Sistema
2023-07-29T22:00:00,169.99243,Sistema
2023-07-29T23:00:00,173.50231,Sistema
2023-07-29T24:00:00,181.13128,Sistema
2023-07-30T01:00:00,186.73884,Sistema
2023-07-30T02:00:00,180.45538,Sistema
2023-07-30T03:00:00,164.31721,Sistema
2023-07-30T04:00:00,156.08334,Sistema
2023-07-30T05:00:00,162.83164,Sistema
2023-07-30T06:00:00,172.90853,Sistema
2023-07-30T07:00:00,182.53098,Sistema
2023-07-30T08:00:00,181.41319,Sistema
2023-07-30T09:00:00,179.66606,Sistema
2023-07-30T10:00:00,188.62883,Sistema
2023-07-30T11:00:00,186.83673,Sistema
2023-07-30T12:00:00,176.8016,Sistema
2023-07-30T13:00:00,175.06846,Sistema
2023-07-30T14:00:00,175.3599,Sistema
2023-07-30T15:00:00,178.74258,Sistema
2023-07-30T16:00:00,183.494,Sistema
2023-07-30T17:00:00,190.02851,Sistema
2023-07-30T18:00:00,192.62259,Sistema
2023-07-30T19:00:00,180.92375,Sistema
2023-07-30T20:00:00,172.15492,Sistema
2023-07-30T21:00:00,174.23202,Sistema
2023-07-30T22:00:00,177.66686,Sistema
2023-07-30T23:00:00,190.96538,Sistema
2023-07-30T24:00:00,199.8606,Sistema
2023-07-31T01:00:00,205.48568,Sistema
2023-07-31T02:00:00,196.87372,Sistema
2023-07-31T03:00:00,195.53679,Sistema
2023-07-31T04:00:00,193.955,Sistema
2023-07-31T05:00:00,188.87627,Sistema
2023-07-31T06:00:00,182.49509,Sistema
2023-07-31T07:00:00,181.46517,Sistema
2023-07-31T08:00:00,176.27752,Sistema
2023-07-31T09:00:00,179.86956,Sistema
2023-07-31T10:00:00,180.58551,Sistema
2023-07-31T11:00:00,180.73643,Sistema
2023-07-31T12:00:00,182.28878,Sistema
2023-07-31T13:00:00,187.83528,Sistema
2023-07-31T14:00:00,186.94969,Sistema
2023-07-31T15:00:00,186.88887,Sistema
2023-07-31T16:00:00,188.0189,Sistema
2023-07-31T17:00:00,193.32041,Sistema
2023-07-31T18:00:00,200.49737,Sistema
2023-07-31T19:00:00,193.82288,Sistema
2023-07-31T20:00:00,189.92179,Sistema
2023-07-31T21:00:00,189.44512,Sistema
2023-07-31T22:00:00,197.93104,Sistema
2023-07-31T23:00:00,204.32004,Sistema
2023-07-31T24:00:00,190.53655,Sistema
2023-08-01T01:00:00,197.27718,Sistema
2023-08-01T02:00:00,200.04594,Sistema
2023-08-01T03:00:00,195.414,Sistema
2023-08-01T04:00:00,196.94381,Sistema
2023-08-01T05:00:00,193.62751,Sistema
2023-08-01T06:00:00,188.04709,Sistema
2023-08-01T07:00:00,190.93918,Sistema
2023-08-01T08:00:00,192.94743,Sistema
2023-08-01T09:00:00,198.92105,Sistema
2023-08-01T10:00:00,198.24791,Sistema
2023-08-01T11:00:00,191.75563,Sistema
2023-08-01T12:00:00,190.41987,Sistema
2023-08-01T13:00:00,193.74337,Sistema
2023-08-01T14:00:00,188.28345,Sistema
2023-08-01T15:00:00,185.99455,Sistema
2023-08-01T16:00:00,189.49246,Sistema
2023-08-01T17:00:00,197.31191,Sistema
2023-08-01T18:00:00,204.08853,Sistema
2023-08-01T19:00:00,192.68476,Sistema
2023-08-01T20:00:00,182.41846,Sistema
2023-08-01T21:00:00,187.0061,Sistema
2023-08-01T22:00:00,196.75859,Sistema
2023-08-01T23:00:00,199.49031,Sistema
2023-08-01T24:00:00,211.41151,Sistema
2023-08-02T01:00:00,217.61001,Sistema
2023-08-02T02:00:00,218.63278,Sistema
2023-08-02T03:00:00,216.91605,Sistema
2023-08-02T04:00:00,215.42048,Sistema
2023-08-02T05:00:00,216.42036,Sistema
2023-08-02T06:00:00,206.74721,Sistema
2023-08-02T07:00:00,206.87925,Sistema
2023-08-02T08:00:00,210.14917,Sistema
2023-08-02T09:00:00,211.11816,Sistema
2023-08-02T10:00:00,211.74719,Sistema
2023-08-02T11:00:00,203.38891,Sistema
2023-08-02T12:00:00,197.58594,Sistema
2023-08-02T13:00:00,199.61047,Sistema
2023-08-02T14:00:00,199.60527,Sistema
2023-08-02T15:00:00,195.53927,Sistema
2023-08-02T16:00:00,196.01169,Sistema
2023-08-02T17:00:00,197.91803,Sistema
2023-08-02T18:00:00,208.77976,Sistema
2023-08-02T19:00:00,196.86886,Sistema
2023-08-02T20:00:00,190.69583,Sistema
2023-08-02T21:00:00,196.07522,Sistema
2023-08-02T22:00:00,206.89306,Sistema
2023-08-02T23:00:00,220.63799,Sistema
2023-08-02T24:00:00,226.39133,Sistema
2023-08-03T01:00:00,219.21883,Sistema
2023-08-03T02:00:00,210.85576,Sistema
2023-08-03T03:00:00,212.66841,Sistema
2023-08-03T04:00:00,216.40412,Sistema
2023-08-03T05:00:00,209.83823,Sistema
2023-08-03T06:00:00,200.36785,Sistema
2023-08-03T07:00:00,203.10923,Sistema
2023-08-03T08:00:00,198.05897,Sistema
2023-08-03T09:00:00,198.86602,Sistema
2023-08-03T10:00:00,198.56803,Sistema
2023-08-03T11:00:00,194.85698,Sistema
2023-08-03T12:00:00,189.31272,Sistema
2023-08-03T13:00:00,195.28247,Sistema
2023-08-03T14:00:00,191.61503,Sistema
2023-08-03T15:00:00,186.86993,Sistema
2023-08-03T16:00:00,185.91244,Sistema
2023-08-03T17:00:00,183.26086,Sistema
2023-08-03T18:00:00,191.28701,Sistema
2023-08-03T19:00:00,188.98534,Sistema
2023-08-03T20:00:00,186.03263,Sistema
2023-08-03T21:00:00,188.90611,Sistema
2023-08-03T22:00:00,198.20243,Sistema
2023-08-03T23:00:00,211.12567,Sistema
2023-08-03T24:00:00,215.22644,Sistema
2023-08-04T01:00:00,207.25686,Sistema
2023-08-04T02:00:00,206.10566,Sistema
2023-08-04T03:00:00,205.41868,Sistema
2023-08-04T04:00:00,200.93735,Sistema
2023-08-04T05:00:00,200.34184,Sistema
2023-08-04T06:00:00,197.73174,Sistema
2023-08-04T07:00:00,194.0552,Sistema
2023-08-04T08:00:00,188.99805,Sistema
2023-08-04T09:00:00,185.99626,Sistema
2023-08-04T10:00:00,189.00723,Sistema
2023-08-04T11:00:00,184.07637,Sistema
2023-08-04T12:00:00,178.60388,Sistema
2023-08-04T13:00:00,178.17556,Sistema
2023-08-04T14:00:00,176.51714,Sistema
2023-08-04T15:00:00,176.44375,Sistema
2023-08-04T16:00:00,177.73855,Sistema
2023-08-04T17:00:00,180.73868,Sistema
2023-08-04T18:00:00,183.51738,Sistema
2023-08-04T19:00:00,179.21445,Sistema
2023-08-04T20:00:00,177.79761,Sistema
2023-08-04T21:00:00,183.30305,Sistema
2023-08-04T22:00:00,191.05315,Sistema
2023-08-04T23:00:00,202.98359,Sistema
2023-08-04T24:00:00,207.78599,Sistema
2023-08-05T01:00:00,214.16246,Sistema
2023-08-05T02:00:00,218.2241,Sistema
2023-08-05T03:00:00,219.79908,Sistema
2023-08-05T04:00:00,220.58355,Sistema
2023-08-05T05:00:00,216.60187,Sistema
2023-08-05T06:00:00,216.04926,Sistema
2023-08-05T07:00:00,212.68021,Sistema
2023-08-05T08:00:00,200.17513,Sistema
2023-08-05T09:00:00,196.08518,Sistema
2023-08-05T10:00:00,193.60769,Sistema
2023-08-05T11:00:00,187.31342,Sistema
2023-08-05T12:00:00,183.4261,Sistema
2023-08-05T13:00:00,184.7192,Sistema
2023-08-05T14:00:00,186.43619,Sistema
2023-08-05T15:00:00,188.08016,Sistema
2023-08-05T16:00:00,192.1867,Sistema
2023-08-05T17:00:00,198.02085,Sistema
2023-08-05T18:00:00,207.33242,Sistema
2023-08-05T19:00:00,201.46156,Sistema
2023-08-05T20:00:00,200.19972,Sistema
2023-08-05T21:00:00,202.61831,Sistema
2023-08-05T22:00:00,204.45715,Sistema
2023-08-05T23:00:00,216.2365,Sistema
2023-08-05T24:00:00,229.44194,Sistema
2023-08-06T01:00:00,231.47488,Sistema
2023-08-06T02:00:00,242.86171,Sistema
2023-08-06T03:00:00,251.13125,Sistema
2023-08-06T04:00:00,256.50131,Sistema
2023-08-06T05:00:00,252.15909,Sistema
2023-08-06T06:00:00,252.58384,Sistema
2023-08-06T07:00:00,259.54798,Sistema
2023-08-06T08:00:00,245.684,Sistema
2023-08-06T09:00:00,238.72055,Sistema
2023-08-06T10:00:00,240.3992,Sistema
2023-08-06T11:00:00,231.39846,Sistema
2023-08-06T12:00:00,224.81625,Sistema
2023-08-06T13:00:00,220.39071,Sistema
2023-08-06T14:00:00,219.25951,Sistema
2023-08-06T15:00:00,221.29217,Sistema
2023-08-06T16:00:00,222.29225,Sistema
2023-08-06T17:00:00,227.45816,Sistema
2023-08-06T18:00:00,230.05839,Sistema
2023-08-06T19:00:00,214.74389,Sistema
2023-08-06T20:00:00,207.28004,Sistema
2023-08-06T21:00:00,209.74789,Sistema
2023-08-06T22:00:00,216.6377,Sistema
2023-08-06T23:00:00,226.49288,Sistema
2023-08-06T24:00:00,232.87228,Sistema
2023-08-07T01:00:00,223.63263,Sistema
2023-08-07T02:00:00,195.38044,Sistema
2023-08-07T03:00:00,183.68168,Sistema
2023-08-07T04:00:00,186.64094,Sistema
2023-08-07T05:00:00,187.66205,Sistema
2023-08-07T06:00:00,187.01357,Sistema
2023-08-07T07:00:00,180.96509,Sistema
2023-08-07T08:00:00,180.01738,Sistema
2023-08-07T09:00:00,195.39969,Sistema
2023-08-07T10:00:00,201.249,Sistema
2023-08-07T11:00:00,207.24322,Sistema
2023-08-07T12:00:00,211.43597,Sistema
2023-08-07T13:00:00,214.2778,Sistema
2023-08-07T14:00:00,215.4591,Sistema
2023-08-07T15:00:00,217.81819,Sistema
2023-08-07T16:00:00,223.45026,Sistema
2023-08-07T17:00:00,228.19815,Sistema
2023-08-07T18:00:00,229.73476,Sistema
2023-08-07T19:00:00,211.20538,Sistema
2023-08-07T20:00:00,209.96743,Sistema
2023-08-07T21:00:00,213.53084,Sistema
2023-08-07T22:00:00,218.81111,Sistema
2023-08-07T23:00:00,224.81435,Sistema
2023-08-07T24:00:00,230.44713,Sistema
2023-08-08T01:00:00,243.41376,Sistema
2023-08-08T02:00:00,247.07017,Sistema
2023-08-08T03:00:00,252.58352,Sistema
2023-08-08T04:00:00,252.479,Sistema
2023-08-08T05:00:00,248.38233,Sistema
2023-08-08T06:00:00,243.864,Sistema
2023-08-08T07:00:00,239.483,Sistema
2023-08-08T08:00:00,226.58527,Sistema
2023-08-08T09:00:00,216.41222,Sistema
2023-08-08T10:00:00,206.87621,Sistema
2023-08-08T11:00:00,200.44215,Sistema
2023-08-08T12:00:00,194.44111,Sistema
2023-08-08T13:00:00,195.83393,Sistema
2023-08-08T14:00:00,192.20667,Sistema
2023-08-08T15:00:00,188.77902,Sistema
2023-08-08T16:00:00,186.03716,Sistema
2023-08-08T17:00:00,179.78221,Sistema
2023-08-08T18:00:00,185.40231,Sistema
2023-08-08T19:00:00,179.81738,Sistema
2023-08-08T20:00:00,174.92553,Sistema
2023-08-08T21:00:00,175.37554,Sistema
2023-08-08T22:00:00,171.40537,Sistema
2023-08-08T23:00:00,181.52988,Sistema
2023-08-08T24:00:00,193.63021,Sistema
2023-08-09T01:00:00,197.06234,Sistema
2023-08-09T02:00:00,197.55446,Sistema
2023-08-09T03:00:00,202.24002,Sistema
2023-08-09T04:00:00,204.40465,Sistema
2023-08-09T05:00:00,200.49591,Sistema
2023-08-09T06:00:00,188.18911,Sistema
2023-08-09T07:00:00,187.58582,Sistema
2023-08-09T08:00:00,166.30281,Sistema
2023-08-09T09:00:00,156.5707,Sistema
2023-08-09T10:00:00,149.49333,Sistema
2023-08-09T11:00:00,143.57557,Sistema
2023-08-09T12:00:00,140.47586,Sistema
2023-08-09T13:00:00,141.54763,Sistema
2023-08-09T14:00:00,143.70357,Sistema
2023-08-09T15:00:00,143.18514,Sistema
2023-08-09T16:00:00,146.23809,Sistema
2023-08-09T17:00:00,149.52074,Sistema
2023-08-09T18:00:00,147.93717,Sistema
2023-08-09T19:00:00,144.05358,Sistema
2023-08-09T20:00:00,146.89718,Sistema
2023-08-09T21:00:00,151.81713,Sistema
2023-08-09T22:00:00,163.98709,Sistema
2023-08-09T23:00:00,177.87553,Sistema
2023-08-09T24:00:00,190.97175,Sistema
2023-08-10T01:00:00,192.08164,Sistema
2023-08-10T02:00:00,190.85909,Sistema
2023-08-10T03:00:00,193.38343,Sistema
2023-08-10T04:00:00,194.57445,Sistema
2023-08-10T05:00:00,191.11421,Sistema
2023-08-10T06:00:00,184.48752,Sistema
2023-08-10T07:00:00,181.6388,Sistema
2023-08-10T08:00:00,169.43742,Sistema
2023-08-10T09:00:00,164.92062,Sistema
2023-08-10T10:00:00,161.43427,Sistema
2023-08-10T11:00:00,156.8628,Sistema
2023-08-10T12:00:00,152.99305,Sistema
2023-08-10T13:00:00,152.69367,Sistema
2023-08-10T14:00:00,152.5753,Sistema
2023-08-10T15:00:00,150.85426,Sistema
2023-08-10T16:00:00,151.18835,Sistema
2023-08-10T17:00:00,155.24256,Sistema
2023-08-10T18:00:00,157.44335,Sistema
2023-08-10T19:00:00,148.9885,Sistema
2023-08-10T20:00:00,147.69324,Sistema
2023-08-10T21:00:00,153.42445,Sistema
2023-08-10T22:00:00,161.82987,Sistema
2023-08-10T23:00:00,175.84047,Sistema
2023-08-10T24:00:00,188.99817,Sistema
2023-08-11T01:00:00,196.69601,Sistema
2023-08-11T02:00:00,201.52277,Sistema
2023-08-11T03:00:00,204.69932,Sistema
2023-08-11T04:00:00,208.06874,Sistema
2023-08-11T05:00:00,204.40477,Sistema
2023-08-11T06:00:00,199.78753,Sistema
2023-08-11T07:00:00,198.13201,Sistema
2023-08-11T08:00:00,191.02474,Sistema
2023-08-11T09:00:00,188.74316,Sistema
2023-08-11T10:00:00,184.78462,Sistema
2023-08-11T11:00:00,181.14406,Sistema
2023-08-11T12:00:00,175.84392,Sistema
2023-08-11T13:00:00,183.7104,Sistema
2023-08-11T14:00:00,188.68615,Sistema
2023-08-11T15:00:00,188.03329,Sistema
2023-08-11T16:00:00,188.45745,Sistema
2023-08-11T17:00:00,191.26286,Sistema
2023-08-11T18:00:00,197.29954,Sistema
2023-08-11T19:00:00,191.86272,Sistema
2023-08-11T20:00:00,191.19274,Sistema
2023-08-11T21:00:00,197.59381,Sistema
2023-08-11T22:00:00,199.22234,Sistema
2023-08-11T23:00:00,210.83993,Sistema
2023-08-11T24:00:00,224.11584,Sistema
2023-08-12T01:00:00,236.60973,Sistema
2023-08-12T02:00:00,246.75932,Sistema
2023-08-12T03:00:00,258.55333,Sistema
2023-08-12T04:00:00,262.9499,Sistema
2023-08-12T05:00:00,255.89976,Sistema
2023-08-12T06:00:00,251.41138,Sistema
2023-08-12T07:00:00,245.39124,Sistema
2023-08-12T08:00:00,231.21997,Sistema
2023-08-12T09:00:00,215.74879,Sistema
2023-08-12T10:00:00,206.71603,Sistema
2023-08-12T11:00:00,199.83623,Sistema
2023-08-12T12:00:00,195.3685,Sistema
2023-08-12T13:00:00,198.1705,Sistema
2023-08-12T14:00:00,203.04391,Sistema
2023-08-12T15:00:00,205.10527,Sistema
2023-08-12T16:00:00,210.49299,Sistema
2023-08-12T17:00:00,215.08932,Sistema
2023-08-12T18:00:00,217.81079,Sistema
2023-08-12T19:00:00,211.47392,Sistema
2023-08-12T20:00:00,208.83667,Sistema
2023-08-12T21:00:00,215.42348,Sistema
2023-08-12T22:00:00,221.52926,Sistema
2023-08-12T23:00:00,229.47624,Sistema
2023-08-12T24:00:00,239.39458,Sistema
2023-08-13T01:00:00,251.69425,Sistema
2023-08-13T02:00:00,257.87617,Sistema
2023-08-13T03:00:00,256.81857,Sistema
2023-08-13T04:00:00,256.65791,Sistema
2023-08-13T05:00:00,250.6327,Sistema
2023-08-13T06:00:00,252.11055,Sistema
2023-08-13T07:00:00,259.33161,Sistema
2023-08-13T08:00:00,250.40406,Sistema
2023-08-13T09:00:00,236.76723,Sistema
2023-08-13T10:00:00,234.29574,Sistema
2023-08-13T11:00:00,231.78481,Sistema
2023-08-13T12:00:00,215.03999,Sistema
2023-08-13T13:00:00,212.61683,Sistema
2023-08-13T14:00:00,208.65703,Sistema
2023-08-13T15:00:00,214.69596,Sistema
2023-08-13T16:00:00,222.86229,Sistema
2023-08-13T17:00:00,231.88025,Sistema
2023-08-13T18:00:00,236.40604,Sistema
2023-08-13T19:00:00,225.35082,Sistema
2023-08-13T20:00:00,220.18322,Sistema
2023-08-13T21:00:00,219.52087,Sistema
2023-08-13T22:00:00,223.00058,Sistema
2023-08-13T23:00:00,233.9925,Sistema
2023-08-13T24:00:00,246.5961,Sistema
2023-08-14T01:00:00,240.86116,Sistema
2023-08-14T02:00:00,210.51,Sistema
2023-08-14T03:00:00,199.03142,Sistema
2023-08-14T04:00:00,212.84593,Sistema
2023-08-14T05:00:00,218.01969,Sistema
2023-08-14T06:00:00,223.64226,Sistema
2023-08-14T07:00:00,226.90418,Sistema
2023-08-14T08:00:00,201.21401,Sistema
2023-08-14T09:00:00,189.90083,Sistema
2023-08-14T10:00:00,192.0758,Sistema
2023-08-14T11:00:00,187.36435,Sistema
2023-08-14T12:00:00,190.88877,Sistema
2023-08-14T13:00:00,198.16649,Sistema
2023-08-14T14:00:00,196.6707,Sistema
2023-08-14T15:00:00,195.22038,Sistema
2023-08-14T16:00:00,197.614,Sistema
2023-08-14T17:00:00,204.59433,Sistema
2023-08-14T18:00:00,214.18333,Sistema
2023-08-14T19:00:00,213.46045,Sistema
2023-08-14T20:00:00,200.85506,Sistema
2023-08-14T21:00:00,202.58744,Sistema
2023-08-14T22:00:00,212.20169,Sistema
2023-08-14T23:00:00,224.40491,Sistema
2023-08-14T24:00:00,236.17743,Sistema
2023-08-15T01:00:00,253.07216,Sistema
2023-08-15T02:00:00,255.18083,Sistema
2023-08-15T03:00:00,263.70002,Sistema
2023-08-15T04:00:00,251.12088,Sistema
2023-08-15T05:00:00,250.32169,Sistema
2023-08-15T06:00:00,232.12738,Sistema
2023-08-15T07:00:00,239.14254,Sistema
2023-08-15T08:00:00,226.41785,Sistema
2023-08-15T09:00:00,220.31885,Sistema
2023-08-15T10:00:00,209.8989,Sistema
2023-08-15T11:00:00,199.74511,Sistema
2023-08-15T12:00:00,197.47626,Sistema
2023-08-15T13:00:00,199.8737,Sistema
2023-08-15T14:00:00,196.5959,Sistema
2023-08-15T15:00:00,196.32884,Sistema
2023-08-15T16:00:00,198.08968,Sistema
2023-08-15T17:00:00,204.31388,Sistema
2023-08-15T18:00:00,220.34953,Sistema
2023-08-15T19:00:00,211.88202,Sistema
2023-08-15T20:00:00,205.92345,Sistema
2023-08-15T21:00:00,208.76235,Sistema
2023-08-15T22:00:00,217.87924,Sistema
2023-08-15T23:00:00,232.4191,Sistema
2023-08-15T24:00:00,246.70076,Sistema
2023-08-16T01:00:00,265.88606,Sistema
2023-08-16T02:00:00,258.98888,Sistema
2023-08-16T03:00:00,256.02045,Sistema
2023-08-16T04:00:00,248.40898,Sistema
2023-08-16T05:00:00,250.93861,Sistema
2023-08-16T06:00:00,258.96668,Sistema
2023-08-16T07:00:00,262.52788,Sistema
2023-08-16T08:00:00,248.50684,Sistema
2023-08-16T09:00:00,234.19761,Sistema
2023-08-16T10:00:00,226.45928,Sistema
2023-08-16T11:00:00,223.12082,Sistema
2023-08-16T12:00:00,218.27494,Sistema
2023-08-16T13:00:00,223.96583,Sistema
2023-08-16T14:00:00,218.65681,Sistema
2023-08-16T15:00:00,215.06163,Sistema
2023-08-16T16:00:00,218.07234,Sistema
2023-08-16T17:00:00,221.30247,Sistema
2023-08-16T18:00:00,232.38747,Sistema
2023-08-16T19:00:00,226.40797,Sistema
2023-08-16T20:00:00,219.59118,Sistema
2023-08-16T21:00:00,225.06731,Sistema
2023-08-16T22:00:00,232.56529,Sistema
2023-08-16T23:00:00,249.64167,Sistema
2023-08-16T24:00:00,262.71053,Sistema
2023-08-17T01:00:00,247.58272,Sistema
2023-08-17T02:00:00,237.73372,Sistema
2023-08-17T03:00:00,231.69018,Sistema
2023-08-17T04:00:00,225.55835,Sistema
2023-08-17T05:00:00,225.8772,Sistema
2023-08-17T06:00:00,234.47572,Sistema
2023-08-17T07:00:00,237.48747,Sistema
2023-08-17T08:00:00,231.05561,Sistema
2023-08-17T09:00:00,226.01894,Sistema
2023-08-17T10:00:00,221.84657,Sistema
2023-08-17T11:00:00,219.5023,Sistema
2023-08-17T12:00:00,216.30679,Sistema
2023-08-17T13:00:00,225.56489,Sistema
2023-08-17T14:00:00,217.9947,Sistema
2023-08-17T15:00:00,211.73927,Sistema
2023-08-17T16:00:00,209.16559,Sistema
2023-08-17T17:00:00,199.09085,Sistema
2023-08-17T18:00:00,209.75815,Sistema
2023-08-17T19:00:00,203.66565,Sistema
2023-08-17T20:00:00,203.73331,Sistema
2023-08-17T21:00:00,212.04374,Sistema
2023-08-17T22:00:00,219.99181,Sistema
2023-08-17T23:00:00,237.92694,Sistema
2023-08-17T24:00:00,255.60743,Sistema
2023-08-18T01:00:00,263.27125,Sistema
2023-08-18T02:00:00,254.46927,Sistema
2023-08-18T03:00:00,260.83129,Sistema
2023-08-18T04:00:00,260.53735,Sistema
2023-08-18T05:00:00,257.88093,Sistema
2023-08-18T06:00:00,256.10991,Sistema
2023-08-18T07:00:00,252.623,Sistema
2023-08-18T08:00:00,236.93088,Sistema
2023-08-18T09:00:00,224.17702,Sistema
2023-08-18T10:00:00,206.7588,Sistema
2023-08-18T11:00:00,201.44752,Sistema
2023-08-18T12:00:00,200.67419,Sistema
2023-08-18T13:00:00,204.42561,Sistema
2023-08-18T14:00:00,201.5676,Sistema
2023-08-18T15:00:00,195.04675,Sistema
2023-08-18T16:00:00,193.83665,Sistema
2023-08-18T17:00:00,192.64955,Sistema
2023-08-18T18:00:00,200.91244,Sistema
2023-08-18T19:00:00,203.15641,Sistema
2023-08-18T20:00:00,207.49488,Sistema
2023-08-18T21:00:00,215.68225,Sistema
2023-08-18T22:00:00,226.42641,Sistema
2023-08-18T23:00:00,236.69098,Sistema
2023-08-18T24:00:00,245.49281,Sistema
2023-08-19T01:00:00,238.39045,Sistema
2023-08-19T02:00:00,232.61334,Sistema
2023-08-19T03:00:00,237.29124,Sistema
2023-08-19T04:00:00,238.51093,Sistema
2023-08-19T05:00:00,234.5422,Sistema
2023-08-19T06:00:00,234.51915,Sistema
2023-08-19T07:00:00,223.71856,Sistema
2023-08-19T08:00:00,211.65414,Sistema
2023-08-19T09:00:00,202.26509,Sistema
2023-08-19T10:00:00,197.06443,Sistema
2023-08-19T11:00:00,192.98321,Sistema
2023-08-19T12:00:00,178.71255,Sistema
2023-08-19T13:00:00,183.55343,Sistema
2023-08-19T14:00:00,192.96556,Sistema
2023-08-19T15:00:00,195.76988,Sistema
2023-08-19T16:00:00,200.45054,Sistema
2023-08-19T17:00:00,203.54978,Sistema
2023-08-19T18:00:00,205.81109,Sistema
2023-08-19T19:00:00,192.95701,Sistema
2023-08-19T20:00:00,191.07984,Sistema
2023-08-19T21:00:00,200.23165,Sistema
2023-08-19T22:00:00,207.99407,Sistema
2023-08-19T23:00:00,217.99939,Sistema
2023-08-19T24:00:00,222.54805,Sistema
2023-08-20T01:00:00,211.78081,Sistema
2023-08-20T02:00:00,201.89043,Sistema
2023-08-20T03:00:00,195.24393,Sistema
2023-08-20T04:00:00,179.71412,Sistema
2023-08-20T05:00:00,189.24184,Sistema
2023-08-20T06:00:00,203.0517,Sistema
2023-08-20T07:00:00,221.48331,Sistema
2023-08-20T08:00:00,211.31637,Sistema
2023-08-20T09:00:00,202.88307,Sistema
2023-08-20T10:00:00,198.52276,Sistema
2023-08-20T11:00:00,201.18908,Sistema
2023-08-20T12:00:00,209.08508,Sistema
2023-08-20T13:00:00,210.14958,Sistema
2023-08-20T14:00:00,210.79737,Sistema
2023-08-20T15:00:00,211.28938,Sistema
2023-08-20T16:00:00,209.12504,Sistema
2023-08-20T17:00:00,216.53687,Sistema
2023-08-20T18:00:00,222.36128,Sistema
2023-08-20T19:00:00,222.27821,Sistema
2023-08-20T20:00:00,220.2066,Sistema
2023-08-20T21:00:00,221.07047,Sistema
2023-08-20T22:00:00,211.13701,Sistema
2023-08-20T23:00:00,220.50775,Sistema
2023-08-20T24:00:00,235.29585,Sistema
2023-08-21T01:00:00,241.01132,Sistema
2023-08-21T02:00:00,236.74568,Sistema
2023-08-21T03:00:00,238.17027,Sistema
2023-08-21T04:00:00,239.68567,Sistema
2023-08-21T05:00:00,240.90543,Sistema
2023-08-21T06:00:00,244.78549,Sistema
2023-08-21T07:00:00,249.81371,Sistema
2023-08-21T08:00:00,237.42372,Sistema
2023-08-21T09:00:00,216.44138,Sistema
2023-08-21T10:00:00,194.39464,Sistema
2023-08-21T11:00:00,193.8625,Sistema
2023-08-21T12:00:00,206.78064,Sistema
2023-08-21T13:00:00,207.2493,Sistema
2023-08-21T14:00:00,206.06141,Sistema
2023-08-21T15:00:00,210.1582,Sistema
2023-08-21T16:00:00,212.93754,Sistema
2023-08-21T17:00:00,215.64839,Sistema
2023-08-21T18:00:00,216.50895,Sistema
2023-08-21T19:00:00,201.95773,Sistema
2023-08-21T20:00:00,194.67912,Sistema
2023-08-21T21:00:00,198.94455,Sistema
2023-08-21T22:00:00,206.89557,Sistema
2023-08-21T23:00:00,224.47217,Sistema
2023-08-21T24:00:00,222.2206,Sistema
2023-08-22T01:00:00,211.84251,Sistema
2023-08-22T02:00:00,195.8931,Sistema
2023-08-22T03:00:00,184.95973,Sistema
2023-08-22T04:00:00,185.9766,Sistema
2023-08-22T05:00:00,190.58253,Sistema
2023-08-22T06:00:00,198.07789,Sistema
2023-08-22T07:00:00,207.97993,Sistema
2023-08-22T08:00:00,201.22956,Sistema
2023-08-22T09:00:00,201.77408,Sistema
2023-08-22T10:00:00,195.59082,Sistema
2023-08-22T11:00:00,190.34836,Sistema
2023-08-22T12:00:00,184.89494,Sistema
2023-08-22T13:00:00,181.94914,Sistema
2023-08-22T14:00:00,182.02947,Sistema
2023-08-22T15:00:00,179.97321,Sistema
2023-08-22T16:00:00,180.97867,Sistema
2023-08-22T17:00:00,180.17166,Sistema
2023-08-22T18:00:00,185.4624,Sistema
2023-08-22T19:00:00,180.16698,Sistema
2023-08-22T20:00:00,177.9089,Sistema
2023-08-22T21:00:00,182.92994,Sistema
2023-08-22T22:00:00,185.79211,Sistema
2023-08-22T23:00:00,198.18173,Sistema
2023-08-22T24:00:00,218.3744,Sistema
2023-08-23T01:00:00,204.14489,Sistema
2023-08-23T02:00:00,192.60341,Sistema
2023-08-23T03:00:00,162.28092,Sistema
2023-08-23T04:00:00,156.99984,Sistema
2023-08-23T05:00:00,151.05278,Sistema
2023-08-23T06:00:00,139.2427,Sistema
2023-08-23T07:00:00,137.48853,Sistema
2023-08-23T08:00:00,137.14839,Sistema
2023-08-23T09:00:00,135.02609,Sistema
2023-08-23T10:00:00,138.52702,Sistema
2023-08-23T11:00:00,133.93981,Sistema
2023-08-23T12:00:00,131.93819,Sistema
2023-08-23T13:00:00,130.31893,Sistema
2023-08-23T14:00:00,129.81306,Sistema
2023-08-23T15:00:00,133.62086,Sistema
2023-08-23T16:00:00,138.17695,Sistema
2023-08-23T17:00:00,140.76477,Sistema
2023-08-23T18:00:00,153.77046,Sistema
2023-08-23T19:00:00,170.83031,Sistema
2023-08-23T20:00:00,172.19368,Sistema
2023-08-23T21:00:00,161.19606,Sistema
2023-08-23T22:00:00,148.58559,Sistema
2023-08-23T23:00:00,148.71358,Sistema
2023-08-23T24:00:00,142.02373,Sistema
2023-08-24T01:00:00,140.10014,Sistema
2023-08-24T02:00:00,139.82472,Sistema
2023-08-24T03:00:00,142.91814,Sistema
2023-08-24T04:00:00,138.61975,Sistema
2023-08-24T05:00:00,126.39155,Sistema
2023-08-24T06:00:00,119.53202,Sistema
2023-08-24T07:00:00,116.92159,Sistema
2023-08-24T08:00:00,112.44178,Sistema
2023-08-24T09:00:00,111.16165,Sistema
2023-08-24T10:00:00,111.74632,Sistema
2023-08-24T11:00:00,111.65847,Sistema
2023-08-24T12:00:00,107.62094,Sistema
2023-08-24T13:00:00,105.93296,Sistema
2023-08-24T14:00:00,105.38827,Sistema
2023-08-24T15:00:00,108.58315,Sistema
2023-08-24T16:00:00,109.98825,Sistema
2023-08-24T17:00:00,109.3289,Sistema
2023-08-24T18:00:00,113.93044,Sistema
2023-08-24T19:00:00,118.34298,Sistema
2023-08-24T20:00:00,116.27169,Sistema
2023-08-24T21:00:00,113.4173,Sistema
2023-08-24T22:00:00,113.11567,Sistema
2023-08-24T23:00:00,118.01668,Sistema
2023-08-24T24:00:00,120.17913,Sistema
2023-08-25T01:00:00,117.89052,Sistema
2023-08-25T02:00:00,120.19517,Sistema
2023-08-25T03:00:00,115.59693,Sistema
2023-08-25T04:00:00,115.86576,Sistema
2023-08-25T05:00:00,114.38483,Sistema
2023-08-25T06:00:00,115.90252,Sistema
2023-08-25T07:00:00,116.32088,Sistema
2023-08-25T08:00:00,112.47334,Sistema
2023-08-25T09:00:00,105.45007,Sistema
2023-08-25T10:00:00,105.02315,Sistema
2023-08-25T11:00:00,106.78055,Sistema
2023-08-25T12:00:00,107.30301,Sistema
2023-08-25T13:00:00,108.7337,Sistema
2023-08-25T14:00:00,107.92913,Sistema
2023-08-25T15:00:00,118.20121,Sistema
2023-08-25T16:00:00,121.68165,Sistema
2023-08-25T17:00:00,116.99799,Sistema
2023-08-25T18:00:00,125.89498,Sistema
2023-08-25T19:00:00,121.80909,Sistema
2023-08-25T20:00:00,117.01292,Sistema
2023-08-25T21:00:00,116.87365,Sistema
2023-08-25T22:00:00,116.56502,Sistema
2023-08-25T23:00:00,121.84225,Sistema
2023-08-25T24:00:00,119.09555,Sistema
2023-08-26T01:00:00,117.52035,Sistema
2023-08-26T02:00:00,120.28648,Sistema
2023-08-26T03:00:00,124.14195,Sistema
2023-08-26T04:00:00,122.33778,Sistema
2023-08-26T05:00:00,122.89109,Sistema
2023-08-26T06:00:00,124.18127,Sistema
2023-08-26T07:00:00,126.98222,Sistema
2023-08-26T08:00:00,119.49949,Sistema
2023-08-26T09:00:00,115.45344,Sistema
2023-08-26T10:00:00,115.43078,Sistema
2023-08-26T11:00:00,116.16127,Sistema
2023-08-26T12:00:00,109.79209,Sistema
2023-08-26T13:00:00,104.97372,Sistema
2023-08-26T14:00:00,107.33434,Sistema
2023-08-26T15:00:00,106.91407,Sistema
2023-08-26T16:00:00,114.35473,Sistema
2023-08-26T17:00:00,119.23251,Sistema
2023-08-26T18:00:00,125.41489,Sistema
2023-08-26T19:00:00,118.43618,Sistema
2023-08-26T20:00:00,116.66029,Sistema
2023-08-26T21:00:00,118.53964,Sistema
2023-08-26T22:00:00,103.47145,Sistema
2023-08-26T23:00:00,106.97662,Sistema
2023-08-26T24:00:00,105.16734,Sistema
2023-08-27T01:00:00,110.31304,Sistema
2023-08-27T02:00:00,103.51738,Sistema
2023-08-27T03:00:00,110.0507,Sistema
2023-08-27T04:00:00,109.76864,Sistema
2023-08-27T05:00:00,109.85364,Sistema
2023-08-27T06:00:00,108.71036,Sistema
2023-08-27T07:00:00,111.8792,Sistema
2023-08-27T08:00:00,106.83342,Sistema
2023-08-27T09:00:00,108.32682,Sistema
2023-08-27T10:00:00,111.47125,Sistema
2023-08-27T11:00:00,110.69758,Sistema
2023-08-27T12:00:00,107.18663,Sistema
2023-08-27T13:00:00,105.97653,Sistema
2023-08-27T14:00:00,108.84072,Sistema
2023-08-27T15:00:00,105.15124,Sistema
2023-08-27T16:00:00,104.72254,Sistema
2023-08-27T17:00:00,105.72417,Sistema
2023-08-27T18:00:00,110.45209,Sistema
2023-08-27T19:00:00,108.36136,Sistema
2023-08-27T20:00:00,104.74683,Sistema
2023-08-27T21:00:00,109.1522,Sistema
2023-08-27T22:00:00,104.30694,Sistema
2023-08-27T23:00:00,117.87056,Sistema
2023-08-27T24:00:00,123.58908,Sistema
2023-08-28T01:00:00,124.41864,Sistema
2023-08-28T02:00:00,125.31946,Sistema
2023-08-28T03:00:00,123.35752,Sistema
2023-08-28T04:00:00,123.79336,Sistema
2023-08-28T05:00:00,118.91484,Sistema
2023-08-28T06:00:00,115.44861,Sistema
2023-08-28T07:00:00,115.61561,Sistema
2023-08-28T08:00:00,113.07142,Sistema
2023-08-28T09:00:00,110.66382,Sistema
2023-08-28T10:00:00,111.56325,Sistema
2023-08-28T11:00:00,114.34517,Sistema
2023-08-28T12:00:00,117.153,Sistema
2023-08-28T13:00:00,123.25024,Sistema
2023-08-28T14:00:00,123.121,Sistema
2023-08-28T15:00:00,123.17667,Sistema
2023-08-28T16:00:00,123.09351,Sistema
2023-08-28T17:00:00,126.06514,Sistema
2023-08-28T18:00:00,130.46456,Sistema
2023-08-28T19:00:00,127.8992,Sistema
2023-08-28T20:00:00,127.71349,Sistema
2023-08-28T21:00:00,124.21268,Sistema
2023-08-28T22:00:00,127.24515,Sistema
2023-08-28T23:00:00,138.74409,Sistema
2023-08-28T24:00:00,144.97481,Sistema
2023-08-29T01:00:00,150.17046,Sistema
2023-08-29T02:00:00,150.29999,Sistema
2023-08-29T03:00:00,151.78003,Sistema
2023-08-29T04:00:00,153.86739,Sistema
2023-08-29T05:00:00,152.84266,Sistema
2023-08-29T06:00:00,133.59857,Sistema
2023-08-29T07:00:00,126.33492,Sistema
2023-08-29T08:00:00,119.70658,Sistema
2023-08-29T09:00:00,119.48789,Sistema
2023-08-29T10:00:00,118.53773,Sistema
2023-08-29T11:00:00,118.21305,Sistema
2023-08-29T12:00:00,123.87334,Sistema
2023-08-29T13:00:00,129.83215,Sistema
2023-08-29T14:00:00,130.82754,Sistema
2023-08-29T15:00:00,129.13329,Sistema
2023-08-29T16:00:00,127.43717,Sistema
2023-08-29T17:00:00,133.131,Sistema
2023-08-29T18:00:00,135.36714,Sistema
2023-08-29T19:00:00,131.99737,Sistema
2023-08-29T20:00:00,135.44275,Sistema
2023-08-29T21:00:00,142.68399,Sistema
2023-08-29T22:00:00,153.81021,Sistema
2023-08-29T23:00:00,164.06002,Sistema
2023-08-29T24:00:00,176.77561,Sistema
2023-08-30T01:00:00,185.07331,Sistema
2023-08-30T02:00:00,192.13361,Sistema
2023-08-30T03:00:00,202.87429,Sistema
2023-08-30T04:00:00,215.48748,Sistema
2023-08-30T05:00:00,212.52406,Sistema
2023-08-30T06:00:00,202.82704,Sistema
2023-08-30T07:00:00,193.76466,Sistema
2023-08-30T08:00:00,179.65828,Sistema
2023-08-30T09:00:00,170.1818,Sistema
2023-08-30T10:00:00,167.96753,Sistema
2023-08-30T11:00:00,162.03002,Sistema
2023-08-30T12:00:00,162.47583,Sistema
2023-08-30T13:00:00,159.2539,Sistema
2023-08-30T14:00:00,157.90419,Sistema
2023-08-30T15:00:00,155.42,Sistema
2023-08-30T16:00:00,145.37002,Sistema
2023-08-30T17:00:00,148.49887,Sistema
2023-08-30T18:00:00,155.83541,Sistema
2023-08-30T19:00:00,156.50896,Sistema
2023-08-30T20:00:00,152.87687,Sistema
2023-08-30T21:00:00,155.89687,Sistema
2023-08-30T22:00:00,167.30094,Sistema
2023-08-30T23:00:00,180.96866,Sistema
2023-08-30T24:00:00,197.65908,Sistema
2023-08-31T01:00:00,198.42963,Sistema
2023-08-31T02:00:00,207.82705,Sistema
2023-08-31T03:00:00,214.18813,Sistema
2023-08-31T04:00:00,219.82056,Sistema
2023-08-31T05:00:00,220.38642,Sistema
2023-08-31T06:00:00,212.89545,Sistema
2023-08-31T07:00:00,209.21902,Sistema
2023-08-31T08:00:00,197.5792,Sistema
2023-08-31T09:00:00,187.76947,Sistema
2023-08-31T10:00:00,184.91122,Sistema
2023-08-31T11:00:00,181.6694,Sistema
2023-08-31T12:00:00,177.30028,Sistema
2023-08-31T13:00:00,180.51946,Sistema
2023-08-31T14:00:00,180.50783,Sistema
2023-08-31T15:00:00,177.25245,Sistema
2023-08-31T16:00:00,179.99203,Sistema
2023-08-31T17:00:00,185.03648,Sistema
2023-08-31T18:00:00,193.69307,Sistema
2023-08-31T19:00:00,189.01453,Sistema
2023-08-31T20:00:00,187.38522,Sistema
2023-08-31T21:00:00,191.89461,Sistema
2023-08-31T22:00:00,198.04024,Sistema
2023-08-31T23:00:00,204.96706,Sistema
2023-08-31T24:00:00,234.98879,Sistema
2023-09-01T01:00:00,238.16238,Sistema
2023-09-01T02:00:00,241.48268,Sistema
2023-09-01T03:00:00,248.05722,Sistema
2023-09-01T04:00:00,252.3778,Sistema
2023-09-01T05:00:00,250.44899,Sistema
2023-09-01T06:00:00,243.9418,Sistema
2023-09-01T07:00:00,244.70141,Sistema
2023-09-01T08:00:00,240.22208,Sistema
2023-09-01T09:00:00,227.20383,Sistema
2023-09-01T10:00:00,218.83298,Sistema
2023-09-01T11:00:00,210.25273,Sistema
2023-09-01T12:00:00,194.06194,Sistema
2023-09-01T13:00:00,201.00509,Sistema
2023-09-01T14:00:00,200.53514,Sistema
2023-09-01T15:00:00,195.2932,Sistema
2023-09-01T16:00:00,195.59567,Sistema
2023-09-01T17:00:00,196.82709,Sistema
2023-09-01T18:00:00,204.37281,Sistema
2023-09-01T19:00:00,205.70574,Sistema
2023-09-01T20:00:00,208.59985,Sistema
2023-09-01T21:00:00,214.43107,Sistema
2023-09-01T22:00:00,214.90821,Sistema
2023-09-01T23:00:00,222.89447,Sistema
2023-09-01T24:00:00,237.12662,Sistema
2023-09-02T01:00:00,242.50651,Sistema
2023-09-02T02:00:00,248.12161,Sistema
2023-09-02T03:00:00,249.59252,Sistema
2023-09-02T04:00:00,252.67176,Sistema
2023-09-02T05:00:00,253.90118,Sistema
2023-09-02T06:00:00,255.52071,Sistema
2023-09-02T07:00:00,253.81179,Sistema
2023-09-02T08:00:00,242.6277,Sistema
2023-09-02T09:00:00,229.63541,Sistema
2023-09-02T10:00:00,218.42653,Sistema
2023-09-02T11:00:00,210.25102,Sistema
2023-09-02T12:00:00,208.36863,Sistema
2023-09-02T13:00:00,211.18981,Sistema
2023-09-02T14:00:00,214.88363,Sistema
2023-09-02T15:00:00,223.23128,Sistema
2023-09-02T16:00:00,225.31857,Sistema
2023-09-02T17:00:00,231.4549,Sistema
2023-09-02T18:00:00,227.56875,Sistema
2023-09-02T19:00:00,214.1648,Sistema
2023-09-02T20:00:00,214.08877,Sistema
2023-09-02T21:00:00,218.15458,Sistema
2023-09-02T22:00:00,222.60818,Sistema
2023-09-02T23:00:00,226.26797,Sistema
2023-09-02T24:00:00,237.87589,Sistema
2023-09-03T01:00:00,251.69325,Sistema
2023-09-03T02:00:00,259.20549,Sistema
2023-09-03T03:00:00,271.07739,Sistema
2023-09-03T04:00:00,285.72224,Sistema
2023-09-03T05:00:00,290.13697,Sistema
2023-09-03T06:00:00,294.81723,Sistema
2023-09-03T07:00:00,301.92689,Sistema
2023-09-03T08:00:00,285.98282,Sistema
2023-09-03T09:00:00,270.67093,Sistema
2023-09-03T10:00:00,258.26617,Sistema
2023-09-03T11:00:00,248.57099,Sistema
2023-09-03T12:00:00,242.65441,Sistema
2023-09-03T13:00:00,244.13377,Sistema
2023-09-03T14:00:00,248.50291,Sistema
2023-09-03T15:00:00,254.56801,Sistema
2023-09-03T16:00:00,250.36152,Sistema
2023-09-03T17:00:00,249.45013,Sistema
2023-09-03T18:00:00,261.76797,Sistema
2023-09-03T19:00:00,240.67047,Sistema
2023-09-03T20:00:00,228.23094,Sistema
2023-09-03T21:00:00,231.91297,Sistema
2023-09-03T22:00:00,241.54945,Sistema
2023-09-03T23:00:00,251.05436,Sistema
2023-09-03T24:00:00,263.19028,Sistema
2023-09-04T01:00:00,279.10855,Sistema
2023-09-04T02:00:00,287.60199,Sistema
2023-09-04T03:00:00,291.50806,Sistema
2023-09-04T04:00:00,289.83327,Sistema
2023-09-04T05:00:00,282.08405,Sistema
2023-09-04T06:00:00,260.60019,Sistema
2023-09-04T07:00:00,253.81993,Sistema
2023-09-04T08:00:00,235.84348,Sistema
2023-09-04T09:00:00,226.65832,Sistema
2023-09-04T10:00:00,225.94479,Sistema
2023-09-04T11:00:00,214.97589,Sistema
2023-09-04T12:00:00,204.47371,Sistema
2023-09-04T13:00:00,201.45312,Sistema
2023-09-04T14:00:00,196.90302,Sistema
2023-09-04T15:00:00,194.7502,Sistema
2023-09-04T16:00:00,195.20642,Sistema
2023-09-04T17:00:00,198.45046,Sistema
2023-09-04T18:00:00,206.07887,Sistema
2023-09-04T19:00:00,203.30656,Sistema
2023-09-04T20:00:00,204.77176,Sistema
2023-09-04T21:00:00,205.59484,Sistema
2023-09-04T22:00:00,209.3079,Sistema
2023-09-04T23:00:00,223.01002,Sistema
2023-09-04T24:00:00,244.21941,Sistema
2023-09-05T01:00:00,266.98113,Sistema
2023-09-05T02:00:00,279.07865,Sistema
2023-09-05T03:00:00,287.05237,Sistema
2023-09-05T04:00:00,292.4724,Sistema
2023-09-05T05:00:00,292.66557,Sistema
2023-09-05T06:00:00,279.65749,Sistema
2023-09-05T07:00:00,282.57233,Sistema
2023-09-05T08:00:00,268.60151,Sistema
2023-09-05T09:00:00,255.41456,Sistema
2023-09-05T10:00:00,242.49844,Sistema
2023-09-05T11:00:00,233.1754,Sistema
2023-09-05T12:00:00,226.13153,Sistema
2023-09-05T13:00:00,220.63832,Sistema
2023-09-05T14:00:00,212.772,Sistema
2023-09-05T15:00:00,209.48642,Sistema
2023-09-05T16:00:00,211.51258,Sistema
2023-09-05T17:00:00,215.76454,Sistema
2023-09-05T18:00:00,229.87933,Sistema
2023-09-05T19:00:00,219.88142,Sistema
2023-09-05T20:00:00,212.64885,Sistema
2023-09-05T21:00:00,217.34179,Sistema
2023-09-05T22:00:00,228.27117,Sistema
2023-09-05T23:00:00,236.15314,Sistema
2023-09-05T24:00:00,255.41663,Sistema
2023-09-06T01:00:00,277.72035,Sistema
2023-09-06T02:00:00,287.01034,Sistema
2023-09-06T03:00:00,294.71663,Sistema
2023-09-06T04:00:00,298.69252,Sistema
2023-09-06T05:00:00,293.00229,Sistema
2023-09-06T06:00:00,278.92817,Sistema
2023-09-06T07:00:00,274.24144,Sistema
2023-09-06T08:00:00,259.92827,Sistema
2023-09-06T09:00:00,245.41572,Sistema
2023-09-06T10:00:00,230.31165,Sistema
2023-09-06T11:00:00,215.29486,Sistema
2023-09-06T12:00:00,201.87639,Sistema
2023-09-06T13:00:00,203.30238,Sistema
2023-09-06T14:00:00,198.87445,Sistema
2023-09-06T15:00:00,194.44342,Sistema
2023-09-06T16:00:00,194.54797,Sistema
2023-09-06T17:00:00,197.88383,Sistema
2023-09-06T18:00:00,209.92097,Sistema
2023-09-06T19:00:00,207.66667,Sistema
2023-09-06T20:00:00,205.07562,Sistema
2023-09-06T21:00:00,207.74354,Sistema
2023-09-06T22:00:00,218.9058,Sistema
2023-09-06T23:00:00,233.56367,Sistema
2023-09-06T24:00:00,253.49261,Sistema
2023-09-07T01:00:00,257.43614,Sistema
2023-09-07T02:00:00,266.28733,Sistema
2023-09-07T03:00:00,279.95438,Sistema
2023-09-07T04:00:00,288.55934,Sistema
2023-09-07T05:00:00,285.5462,Sistema
2023-09-07T06:00:00,270.43781,Sistema
2023-09-07T07:00:00,264.62686,Sistema
2023-09-07T08:00:00,249.39985,Sistema
2023-09-07T09:00:00,233.26782,Sistema
2023-09-07T10:00:00,227.3798,Sistema
2023-09-07T11:00:00,226.80866,Sistema
2023-09-07T12:00:00,226.48891,Sistema
2023-09-07T13:00:00,228.56452,Sistema
2023-09-07T14:00:00,224.96231,Sistema
2023-09-07T15:00:00,220.90373,Sistema
2023-09-07T16:00:00,221.77349,Sistema
2023-09-07T17:00:00,225.90826,Sistema
2023-09-07T18:00:00,232.683,Sistema
2023-09-07T19:00:00,223.70045,Sistema
2023-09-07T20:00:00,224.65128,Sistema
2023-09-07T21:00:00,230.86501,Sistema
2023-09-07T22:00:00,242.64787,Sistema
2023-09-07T23:00:00,250.99664,Sistema
2023-09-07T24:00:00,265.05417,Sistema
2023-09-08T01:00:00,281.58951,Sistema
2023-09-08T02:00:00,287.73112,Sistema
2023-09-08T03:00:00,295.66688,Sistema
2023-09-08T04:00:00,298.782,Sistema
2023-09-08T05:00:00,296.19133,Sistema
2023-09-08T06:00:00,283.17015,Sistema
2023-09-08T07:00:00,276.9072,Sistema
2023-09-08T08:00:00,259.04743,Sistema
2023-09-08T09:00:00,242.73266,Sistema
2023-09-08T10:00:00,235.78517,Sistema
2023-09-08T11:00:00,231.16017,Sistema
2023-09-08T12:00:00,225.28159,Sistema
2023-09-08T13:00:00,225.79906,Sistema
2023-09-08T14:00:00,222.34139,Sistema
2023-09-08T15:00:00,217.41194,Sistema
2023-09-08T16:00:00,217.32395,Sistema
2023-09-08T17:00:00,220.11675,Sistema
2023-09-08T18:00:00,229.3497,Sistema
2023-09-08T19:00:00,220.82641,Sistema
2023-09-08T20:00:00,220.85062,Sistema
2023-09-08T21:00:00,223.98579,Sistema
2023-09-08T22:00:00,234.49096,Sistema
2023-09-08T23:00:00,248.20071,Sistema
2023-09-08T24:00:00,259.38136,Sistema
2023-09-09T01:00:00,265.52117,Sistema
2023-09-09T02:00:00,273.95447,Sistema
2023-09-09T03:00:00,280.55662,Sistema
2023-09-09T04:00:00,279.08117,Sistema
2023-09-09T05:00:00,278.85364,Sistema
2023-09-09T06:00:00,276.50821,Sistema
2023-09-09T07:00:00,274.11914,Sistema
2023-09-09T08:00:00,257.01717,Sistema
2023-09-09T09:00:00,242.36463,Sistema
2023-09-09T10:00:00,239.84272,Sistema
2023-09-09T11:00:00,228.69581,Sistema
2023-09-09T12:00:00,224.88702,Sistema
2023-09-09T13:00:00,230.10888,Sistema
2023-09-09T14:00:00,235.42014,Sistema
2023-09-09T15:00:00,242.89873,Sistema
2023-09-09T16:00:00,244.34665,Sistema
2023-09-09T17:00:00,248.93515,Sistema
2023-09-09T18:00:00,246.22218,Sistema
2023-09-09T19:00:00,230.88082,Sistema
2023-09-09T20:00:00,236.19824,Sistema
2023-09-09T21:00:00,243.11113,Sistema
2023-09-09T22:00:00,254.49425,Sistema
2023-09-09T23:00:00,266.24723,Sistema
2023-09-09T24:00:00,280.1462,Sistema
2023-09-10T01:00:00,273.40751,Sistema
2023-09-10T02:00:00,281.03445,Sistema
2023-09-10T03:00:00,291.44691,Sistema
2023-09-10T04:00:00,308.97717,Sistema
2023-09-10T05:00:00,310.20486,Sistema
2023-09-10T06:00:00,314.44727,Sistema
2023-09-10T07:00:00,332.73843,Sistema
2023-09-10T08:00:00,328.24573,Sistema
2023-09-10T09:00:00,312.23106,Sistema
2023-09-10T10:00:00,296.07255,Sistema
2023-09-10T11:00:00,283.57619,Sistema
2023-09-10T12:00:00,269.1148,Sistema
2023-09-10T13:00:00,264.92129,Sistema
2023-09-10T14:00:00,264.96082,Sistema
2023-09-10T15:00:00,267.98812,Sistema
2023-09-10T16:00:00,269.74224,Sistema
2023-09-10T17:00:00,277.15278,Sistema
2023-09-10T18:00:00,279.83009,Sistema
2023-09-10T19:00:00,257.47999,Sistema
2023-09-10T20:00:00,246.8021,Sistema
2023-09-10T21:00:00,248.13773,Sistema
2023-09-10T22:00:00,256.65162,Sistema
2023-09-10T23:00:00,267.98482,Sistema
2023-09-10T24:00:00,287.53671,Sistema
2023-09-11T01:00:00,298.89082,Sistema
2023-09-11T02:00:00,315.26375,Sistema
2023-09-11T03:00:00,321.15676,Sistema
2023-09-11T04:00:00,331.35038,Sistema
2023-09-11T05:00:00,323.74861,Sistema
2023-09-11T06:00:00,305.4321,Sistema
2023-09-11T07:00:00,297.78749,Sistema
2023-09-11T08:00:00,274.28383,Sistema
2023-09-11T09:00:00,245.25448,Sistema
2023-09-11T10:00:00,237.0902,Sistema
2023-09-11T11:00:00,228.68816,Sistema
2023-09-11T12:00:00,221.4425,Sistema
2023-09-11T13:00:00,222.25716,Sistema
2023-09-11T14:00:00,216.86612,Sistema
2023-09-11T15:00:00,212.07042,Sistema
2023-09-11T16:00:00,213.08387,Sistema
2023-09-11T17:00:00,219.55765,Sistema
2023-09-11T18:00:00,231.12214,Sistema
2023-09-11T19:00:00,221.77131,Sistema
2023-09-11T20:00:00,217.75101,Sistema
2023-09-11T21:00:00,215.64615,Sistema
2023-09-11T22:00:00,221.4596,Sistema
2023-09-11T23:00:00,236.60095,Sistema
2023-09-11T24:00:00,255.97727,Sistema
2023-09-12T01:00:00,266.4566,Sistema
2023-09-12T02:00:00,277.78083,Sistema
2023-09-12T03:00:00,291.20074,Sistema
2023-09-12T04:00:00,303.90097,Sistema
2023-09-12T05:00:00,296.73069,Sistema
2023-09-12T06:00:00,281.31085,Sistema
2023-09-12T07:00:00,281.47516,Sistema
2023-09-12T08:00:00,267.04496,Sistema
2023-09-12T09:00:00,246.08713,Sistema
2023-09-12T10:00:00,237.27723,Sistema
2023-09-12T11:00:00,229.72344,Sistema
2023-09-12T12:00:00,224.10768,Sistema
2023-09-12T13:00:00,226.13641,Sistema
2023-09-12T14:00:00,221.3919,Sistema
2023-09-12T15:00:00,217.18284,Sistema
2023-09-12T16:00:00,215.3669,Sistema
2023-09-12T17:00:00,219.6991,Sistema
2023-09-12T18:00:00,229.529,Sistema
2023-09-12T19:00:00,219.8719,Sistema
2023-09-12T20:00:00,217.51455,Sistema
2023-09-12T21:00:00,221.55146,Sistema
2023-09-12T22:00:00,231.52211,Sistema
2023-09-12T23:00:00,247.34354,Sistema
2023-09-12T24:00:00,265.0932,Sistema
2023-09-13T01:00:00,280.25313,Sistema
2023-09-13T02:00:00,282.04725,Sistema
2023-09-13T03:00:00,289.03133,Sistema
2023-09-13T04:00:00,296.67775,Sistema
2023-09-13T05:00:00,291.8511,Sistema
2023-09-13T06:00:00,280.92157,Sistema
2023-09-13T07:00:00,267.69041,Sistema
2023-09-13T08:00:00,253.88778,Sistema
2023-09-13T09:00:00,244.27551,Sistema
2023-09-13T10:00:00,236.76017,Sistema
2023-09-13T11:00:00,231.46649,Sistema
2023-09-13T12:00:00,225.1692,Sistema
2023-09-13T13:00:00,225.79319,Sistema
2023-09-13T14:00:00,221.92199,Sistema
2023-09-13T15:00:00,216.98693,Sistema
2023-09-13T16:00:00,215.67965,Sistema
2023-09-13T17:00:00,220.52442,Sistema
2023-09-13T18:00:00,228.39562,Sistema
2023-09-13T19:00:00,219.99918,Sistema
2023-09-13T20:00:00,217.12218,Sistema
2023-09-13T21:00:00,220.15413,Sistema
2023-09-13T22:00:00,228.37774,Sistema
2023-09-13T23:00:00,238.69558,Sistema
2023-09-13T24:00:00,260.12037,Sistema
2023-09-14T01:00:00,269.27119,Sistema
2023-09-14T02:00:00,283.59101,Sistema
2023-09-14T03:00:00,293.99162,Sistema
2023-09-14T04:00:00,296.70426,Sistema
2023-09-14T05:00:00,290.90379,Sistema
2023-09-14T06:00:00,278.07925,Sistema
2023-09-14T07:00:00,272.99512,Sistema
2023-09-14T08:00:00,263.41953,Sistema
2023-09-14T09:00:00,252.59307,Sistema
2023-09-14T10:00:00,244.76015,Sistema
2023-09-14T11:00:00,238.10489,Sistema
2023-09-14T12:00:00,229.70171,Sistema
2023-09-14T13:00:00,230.50964,Sistema
2023-09-14T14:00:00,228.60432,Sistema
2023-09-14T15:00:00,223.41856,Sistema
2023-09-14T16:00:00,222.94371,Sistema
2023-09-14T17:00:00,226.33127,Sistema
2023-09-14T18:00:00,233.94917,Sistema
2023-09-14T19:00:00,220.54349,Sistema
2023-09-14T20:00:00,224.03151,Sistema
2023-09-14T21:00:00,225.47107,Sistema
2023-09-14T22:00:00,233.70426,Sistema
2023-09-14T23:00:00,248.86948,Sistema
2023-09-14T24:00:00,268.47741,Sistema
2023-09-15T01:00:00,285.51107,Sistema
2023-09-15T02:00:00,298.10322,Sistema
2023-09-15T03:00:00,309.02008,Sistema
2023-09-15T04:00:00,319.29261,Sistema
2023-09-15T05:00:00,316.55668,Sistema
2023-09-15T06:00:00,289.92839,Sistema
2023-09-15T07:00:00,284.52573,Sistema
2023-09-15T08:00:00,272.0981,Sistema
2023-09-15T09:00:00,253.53016,Sistema
2023-09-15T10:00:00,236.1959,Sistema
2023-09-15T11:00:00,230.7429,Sistema
2023-09-15T12:00:00,227.46494,Sistema
2023-09-15T13:00:00,231.43985,Sistema
2023-09-15T14:00:00,228.97516,Sistema
2023-09-15T15:00:00,226.33277,Sistema
2023-09-15T16:00:00,228.8169,Sistema
2023-09-15T17:00:00,231.07318,Sistema
2023-09-15T18:00:00,235.73984,Sistema
2023-09-15T19:00:00,226.06078,Sistema
2023-09-15T20:00:00,227.0921,Sistema
2023-09-15T21:00:00,232.2096,Sistema
2023-09-15T22:00:00,244.69461,Sistema
2023-09-15T23:00:00,258.8646,Sistema
2023-09-15T24:00:00,280.60294,Sistema
2023-09-16T01:00:00,289.30468,Sistema
2023-09-16T02:00:00,300.26935,Sistema
2023-09-16T03:00:00,312.12038,Sistema
2023-09-16T04:00:00,318.55544,Sistema
2023-09-16T05:00:00,319.11333,Sistema
2023-09-16T06:00:00,319.21167,Sistema
2023-09-16T07:00:00,310.61502,Sistema
2023-09-16T08:00:00,289.9899,Sistema
2023-09-16T09:00:00,266.57214,Sistema
2023-09-16T10:00:00,250.50268,Sistema
2023-09-16T11:00:00,239.50832,Sistema
2023-09-16T12:00:00,234.53148,Sistema
2023-09-16T13:00:00,235.06388,Sistema
2023-09-16T14:00:00,239.80913,Sistema
2023-09-16T15:00:00,243.98626,Sistema
2023-09-16T16:00:00,249.51487,Sistema
2023-09-16T17:00:00,249.99215,Sistema
2023-09-16T18:00:00,250.87936,Sistema
2023-09-16T19:00:00,233.38516,Sistema
2023-09-16T20:00:00,233.93795,Sistema
2023-09-16T21:00:00,240.58006,Sistema
2023-09-16T22:00:00,253.96297,Sistema
2023-09-16T23:00:00,267.44425,Sistema
2023-09-16T24:00:00,286.52087,Sistema
2023-09-17T01:00:00,292.20969,Sistema
2023-09-17T02:00:00,290.59991,Sistema
2023-09-17T03:00:00,288.16377,Sistema
2023-09-17T04:00:00,294.30919,Sistema
2023-09-17T05:00:00,299.99196,Sistema
2023-09-17T06:00:00,298.2869,Sistema
2023-09-17T07:00:00,307.8203,Sistema
2023-09-17T08:00:00,301.93089,Sistema
2023-09-17T09:00:00,297.26589,Sistema
2023-09-17T10:00:00,283.93264,Sistema
2023-09-17T11:00:00,280.99961,Sistema
2023-09-17T12:00:00,274.88866,Sistema
2023-09-17T13:00:00,261.11561,Sistema
2023-09-17T14:00:00,261.89743,Sistema
2023-09-17T15:00:00,265.1306,Sistema
2023-09-17T16:00:00,265.86814,Sistema
2023-09-17T17:00:00,261.65483,Sistema
2023-09-17T18:00:00,258.03422,Sistema
2023-09-17T19:00:00,238.80287,Sistema
2023-09-17T20:00:00,237.77181,Sistema
2023-09-17T21:00:00,240.10691,Sistema
2023-09-17T22:00:00,246.84267,Sistema
2023-09-17T23:00:00,261.6327,Sistema
2023-09-17T24:00:00,270.55046,Sistema
2023-09-18T01:00:00,285.97878,Sistema
2023-09-18T02:00:00,296.89014,Sistema
2023-09-18T03:00:00,305.89883,Sistema
2023-09-18T04:00:00,307.46278,Sistema
2023-09-18T05:00:00,301.18187,Sistema
2023-09-18T06:00:00,286.10842,Sistema
2023-09-18T07:00:00,271.54231,Sistema
2023-09-18T08:00:00,255.39419,Sistema
2023-09-18T09:00:00,247.92804,Sistema
2023-09-18T10:00:00,239.81741,Sistema
2023-09-18T11:00:00,231.98379,Sistema
2023-09-18T12:00:00,226.57247,Sistema
2023-09-18T13:00:00,224.59196,Sistema
2023-09-18T14:00:00,222.86002,Sistema
2023-09-18T15:00:00,225.30211,Sistema
2023-09-18T16:00:00,227.0988,Sistema
2023-09-18T17:00:00,233.20647,Sistema
2023-09-18T18:00:00,237.14561,Sistema
2023-09-18T19:00:00,224.64441,Sistema
2023-09-18T20:00:00,225.5828,Sistema
2023-09-18T21:00:00,229.85196,Sistema
2023-09-18T22:00:00,242.00685,Sistema
2023-09-18T23:00:00,257.85838,Sistema
2023-09-18T24:00:00,275.95193,Sistema
2023-09-19T01:00:00,287.45889,Sistema
2023-09-19T02:00:00,292.23325,Sistema
2023-09-19T03:00:00,276.44633,Sistema
2023-09-19T04:00:00,282.51556,Sistema
2023-09-19T05:00:00,284.43474,Sistema
2023-09-19T06:00:00,271.01588,Sistema
2023-09-19T07:00:00,269.65792,Sistema
2023-09-19T08:00:00,256.36065,Sistema
2023-09-19T09:00:00,245.39781,Sistema
2023-09-19T10:00:00,241.27766,Sistema
2023-09-19T11:00:00,236.39647,Sistema
2023-09-19T12:00:00,230.27167,Sistema
2023-09-19T13:00:00,230.6554,Sistema
2023-09-19T14:00:00,230.45672,Sistema
2023-09-19T15:00:00,222.85529,Sistema
2023-09-19T16:00:00,223.99842,Sistema
2023-09-19T17:00:00,233.51792,Sistema
2023-09-19T18:00:00,228.73913,Sistema
2023-09-19T19:00:00,219.54288,Sistema
2023-09-19T20:00:00,219.41442,Sistema
2023-09-19T21:00:00,230.12584,Sistema
2023-09-19T22:00:00,242.55278,Sistema
2023-09-19T23:00:00,257.08296,Sistema
2023-09-19T24:00:00,275.55261,Sistema
2023-09-20T01:00:00,288.59231,Sistema
2023-09-20T02:00:00,299.14953,Sistema
2023-09-20T03:00:00,304.02588,Sistema
2023-09-20T04:00:00,310.042,Sistema
2023-09-20T05:00:00,304.3533,Sistema
2023-09-20T06:00:00,286.63017,Sistema
2023-09-20T07:00:00,281.86388,Sistema
2023-09-20T08:00:00,264.5019,Sistema
2023-09-20T09:00:00,250.1625,Sistema
2023-09-20T10:00:00,242.74761,Sistema
2023-09-20T11:00:00,233.24154,Sistema
2023-09-20T12:00:00,225.80289,Sistema
2023-09-20T13:00:00,226.67026,Sistema
2023-09-20T14:00:00,223.8737,Sistema
2023-09-20T15:00:00,221.74405,Sistema
2023-09-20T16:00:00,217.71045,Sistema
2023-09-20T17:00:00,215.09588,Sistema
2023-09-20T18:00:00,219.70461,Sistema
2023-09-20T19:00:00,213.28101,Sistema
2023-09-20T20:00:00,212.01372,Sistema
2023-09-20T21:00:00,225.04649,Sistema
2023-09-20T22:00:00,236.90564,Sistema
2023-09-20T23:00:00,254.32126,Sistema
2023-09-20T24:00:00,272.359,Sistema
2023-09-21T01:00:00,286.77046,Sistema
2023-09-21T02:00:00,293.68978,Sistema
2023-09-21T03:00:00,297.42768,Sistema
2023-09-21T04:00:00,300.72965,Sistema
2023-09-21T05:00:00,296.56264,Sistema
2023-09-21T06:00:00,284.84973,Sistema
2023-09-21T07:00:00,280.44169,Sistema
2023-09-21T08:00:00,262.80319,Sistema
2023-09-21T09:00:00,246.67329,Sistema
2023-09-21T10:00:00,238.29394,Sistema
2023-09-21T11:00:00,235.0463,Sistema
2023-09-21T12:00:00,226.24893,Sistema
2023-09-21T13:00:00,227.00539,Sistema
2023-09-21T14:00:00,224.35292,Sistema
2023-09-21T15:00:00,219.34699,Sistema
2023-09-21T16:00:00,218.58809,Sistema
2023-09-21T17:00:00,221.09431,Sistema
2023-09-21T18:00:00,228.36597,Sistema
2023-09-21T19:00:00,220.05868,Sistema
2023-09-21T20:00:00,222.23026,Sistema
2023-09-21T21:00:00,226.36171,Sistema
2023-09-21T22:00:00,233.46955,Sistema
2023-09-21T23:00:00,248.4689,Sistema
2023-09-21T24:00:00,255.39958,Sistema
2023-09-22T01:00:00,265.64484,Sistema
2023-09-22T02:00:00,274.66848,Sistema
2023-09-22T03:00:00,282.8725,Sistema
2023-09-22T04:00:00,286.15652,Sistema
2023-09-22T05:00:00,281.77628,Sistema
2023-09-22T06:00:00,269.57194,Sistema
2023-09-22T07:00:00,265.32891,Sistema
2023-09-22T08:00:00,250.23702,Sistema
2023-09-22T09:00:00,237.30818,Sistema
2023-09-22T10:00:00,228.3691,Sistema
2023-09-22T11:00:00,212.14308,Sistema
2023-09-22T12:00:00,201.98976,Sistema
2023-09-22T13:00:00,201.98244,Sistema
2023-09-22T14:00:00,200.0186,Sistema
2023-09-22T15:00:00,197.64235,Sistema
2023-09-22T16:00:00,199.30445,Sistema
2023-09-22T17:00:00,194.89655,Sistema
2023-09-22T18:00:00,207.96122,Sistema
2023-09-22T19:00:00,199.39957,Sistema
2023-09-22T20:00:00,197.9191,Sistema
2023-09-22T21:00:00,201.06794,Sistema
2023-09-22T22:00:00,204.49241,Sistema
2023-09-22T23:00:00,221.39208,Sistema
2023-09-22T24:00:00,235.91796,Sistema
2023-09-23T01:00:00,250.88554,Sistema
2023-09-23T02:00:00,263.63066,Sistema
2023-09-23T03:00:00,280.73775,Sistema
2023-09-23T04:00:00,286.86505,Sistema
2023-09-23T05:00:00,287.44679,Sistema
2023-09-23T06:00:00,287.19678,Sistema
2023-09-23T07:00:00,283.70985,Sistema
2023-09-23T08:00:00,264.43908,Sistema
2023-09-23T09:00:00,252.69033,Sistema
2023-09-23T10:00:00,241.16353,Sistema
2023-09-23T11:00:00,228.73827,Sistema
2023-09-23T12:00:00,228.25128,Sistema
2023-09-23T13:00:00,228.20525,Sistema
2023-09-23T14:00:00,228.51603,Sistema
2023-09-23T15:00:00,234.16056,Sistema
2023-09-23T16:00:00,241.97593,Sistema
2023-09-23T17:00:00,245.59549,Sistema
2023-09-23T18:00:00,246.76093,Sistema
2023-09-23T19:00:00,233.86003,Sistema
2023-09-23T20:00:00,236.37265,Sistema
2023-09-23T21:00:00,244.18022,Sistema
2023-09-23T22:00:00,254.10111,Sistema
2023-09-23T23:00:00,265.59096,Sistema
2023-09-23T24:00:00,278.55753,Sistema
2023-09-24T01:00:00,290.45291,Sistema
2023-09-24T02:00:00,300.61887,Sistema
2023-09-24T03:00:00,309.67664,Sistema
2023-09-24T04:00:00,323.64847,Sistema
2023-09-24T05:00:00,326.05908,Sistema
2023-09-24T06:00:00,325.61753,Sistema
2023-09-24T07:00:00,329.87637,Sistema
2023-09-24T08:00:00,314.97258,Sistema
2023-09-24T09:00:00,306.44915,Sistema
2023-09-24T10:00:00,296.07805,Sistema
2023-09-24T11:00:00,286.04895,Sistema
2023-09-24T12:00:00,278.48271,Sistema
2023-09-24T13:00:00,276.03245,Sistema
2023-09-24T14:00:00,266.53742,Sistema
2023-09-24T15:00:00,268.77044,Sistema
2023-09-24T16:00:00,276.91139,Sistema
2023-09-24T17:00:00,278.79464,Sistema
2023-09-24T18:00:00,276.87952,Sistema
2023-09-24T19:00:00,255.05786,Sistema
2023-09-24T20:00:00,249.39026,Sistema
2023-09-24T21:00:00,251.04793,Sistema
2023-09-24T22:00:00,247.65288,Sistema
2023-09-24T23:00:00,263.34675,Sistema
2023-09-24T24:00:00,276.47836,Sistema
2023-09-25T01:00:00,293.56593,Sistema
2023-09-25T02:00:00,296.84728,Sistema
2023-09-25T03:00:00,297.36425,Sistema
2023-09-25T04:00:00,300.53311,Sistema
2023-09-25T05:00:00,293.5353,Sistema
2023-09-25T06:00:00,264.38595,Sistema
2023-09-25T07:00:00,254.72024,Sistema
2023-09-25T08:00:00,238.70981,Sistema
2023-09-25T09:00:00,226.16077,Sistema
2023-09-25T10:00:00,219.03677,Sistema
2023-09-25T11:00:00,212.36436,Sistema
2023-09-25T12:00:00,207.24883,Sistema
2023-09-25T13:00:00,206.92854,Sistema
2023-09-25T14:00:00,197.29667,Sistema
2023-09-25T15:00:00,192.59771,Sistema
2023-09-25T16:00:00,193.09206,Sistema
2023-09-25T17:00:00,197.2992,Sistema
2023-09-25T18:00:00,203.30643,Sistema
2023-09-25T19:00:00,192.93148,Sistema
2023-09-25T20:00:00,191.0398,Sistema
2023-09-25T21:00:00,192.00099,Sistema
2023-09-25T22:00:00,199.1052,Sistema
2023-09-25T23:00:00,212.41226,Sistema
2023-09-25T24:00:00,225.80533,Sistema
2023-09-26T01:00:00,231.0546,Sistema
2023-09-26T02:00:00,243.93738,Sistema
2023-09-26T03:00:00,252.72822,Sistema
2023-09-26T04:00:00,257.67833,Sistema
2023-09-26T05:00:00,258.32538,Sistema
2023-09-26T06:00:00,253.94421,Sistema
2023-09-26T07:00:00,248.96845,Sistema
2023-09-26T08:00:00,236.00344,Sistema
2023-09-26T09:00:00,225.76845,Sistema
2023-09-26T10:00:00,221.18356,Sistema
2023-09-26T11:00:00,211.80366,Sistema
2023-09-26T12:00:00,204.48828,Sistema
2023-09-26T13:00:00,203.99944,Sistema
2023-09-26T14:00:00,200.61332,Sistema
2023-09-26T15:00:00,194.35066,Sistema
2023-09-26T16:00:00,191.23735,Sistema
2023-09-26T17:00:00,193.47817,Sistema
2023-09-26T18:00:00,201.9284,Sistema
2023-09-26T19:00:00,200.3833,Sistema
2023-09-26T20:00:00,201.51529,Sistema
2023-09-26T21:00:00,205.09696,Sistema
2023-09-26T22:00:00,214.6027,Sistema
2023-09-26T23:00:00,231.03499,Sistema
2023-09-26T24:00:00,246.38276,Sistema
2023-09-27T01:00:00,252.59497,Sistema
2023-09-27T02:00:00,260.49617,Sistema
2023-09-27T03:00:00,267.0073,Sistema
2023-09-27T04:00:00,269.52565,Sistema
2023-09-27T05:00:00,264.75964,Sistema
2023-09-27T06:00:00,253.9157,Sistema
2023-09-27T07:00:00,248.86737,Sistema
2023-09-27T08:00:00,236.27023,Sistema
2023-09-27T09:00:00,228.80586,Sistema
2023-09-27T10:00:00,224.91939,Sistema
2023-09-27T11:00:00,216.83586,Sistema
2023-09-27T12:00:00,211.96929,Sistema
2023-09-27T13:00:00,213.97956,Sistema
2023-09-27T14:00:00,212.0237,Sistema
2023-09-27T15:00:00,208.06082,Sistema
2023-09-27T16:00:00,210.5925,Sistema
2023-09-27T17:00:00,218.53044,Sistema
2023-09-27T18:00:00,225.31955,Sistema
2023-09-27T19:00:00,216.41757,Sistema
2023-09-27T20:00:00,216.95465,Sistema
2023-09-27T21:00:00,221.22258,Sistema
2023-09-27T22:00:00,230.39541,Sistema
2023-09-27T23:00:00,245.31575,Sistema
2023-09-27T24:00:00,262.63246,Sistema
2023-09-28T01:00:00,277.78975,Sistema
2023-09-28T02:00:00,285.6894,Sistema
2023-09-28T03:00:00,293.98047,Sistema
2023-09-28T04:00:00,298.8438,Sistema
2023-09-28T05:00:00,295.30167,Sistema
2023-09-28T06:00:00,282.19636,Sistema
2023-09-28T07:00:00,271.79192,Sistema
2023-09-28T08:00:00,254.49422,Sistema
2023-09-28T09:00:00,242.79615,Sistema
2023-09-28T10:00:00,234.92716,Sistema
2023-09-28T11:00:00,228.30797,Sistema
2023-09-28T12:00:00,222.42781,Sistema
2023-09-28T13:00:00,223.05833,Sistema
2023-09-28T14:00:00,216.62713,Sistema
2023-09-28T15:00:00,206.44911,Sistema
2023-09-28T16:00:00,206.90192,Sistema
2023-09-28T17:00:00,212.30337,Sistema
2023-09-28T18:00:00,223.542,Sistema
2023-09-28T19:00:00,218.18455,Sistema
2023-09-28T20:00:00,218.89096,Sistema
2023-09-28T21:00:00,222.98236,Sistema
2023-09-28T22:00:00,233.10183,Sistema
2023-09-28T23:00:00,251.66713,Sistema
2023-09-28T24:00:00,267.07595,Sistema
2023-09-29T01:00:00,280.93484,Sistema
2023-09-29T02:00:00,289.91319,Sistema
2023-09-29T03:00:00,296.95107,Sistema
2023-09-29T04:00:00,299.90454,Sistema
2023-09-29T05:00:00,298.078,Sistema
2023-09-29T06:00:00,286.18971,Sistema
2023-09-29T07:00:00,279.65911,Sistema
2023-09-29T08:00:00,265.3049,Sistema
2023-09-29T09:00:00,250.22105,Sistema
2023-09-29T10:00:00,240.3289,Sistema
2023-09-29T11:00:00,231.65192,Sistema
2023-09-29T12:00:00,225.17224,Sistema
2023-09-29T13:00:00,226.32536,Sistema
2023-09-29T14:00:00,223.93232,Sistema
2023-09-29T15:00:00,219.35881,Sistema
2023-09-29T16:00:00,216.74549,Sistema
2023-09-29T17:00:00,222.33861,Sistema
2023-09-29T18:00:00,231.71545,Sistema
2023-09-29T19:00:00,220.2777,Sistema
2023-09-29T20:00:00,220.83644,Sistema
2023-09-29T21:00:00,223.10772,Sistema
2023-09-29T22:00:00,232.16828,Sistema
2023-09-29T23:00:00,245.52054,Sistema
2023-09-29T24:00:00,259.92812,Sistema
2023-09-30T01:00:00,266.84924,Sistema
2023-09-30T02:00:00,264.59059,Sistema
2023-09-30T03:00:00,269.51321,Sistema
2023-09-30T04:00:00,276.38183,Sistema
2023-09-30T05:00:00,271.93368,Sistema
2023-09-30T06:00:00,273.59787,Sistema
2023-09-30T07:00:00,271.39629,Sistema
2023-09-30T08:00:00,257.0817,Sistema
2023-09-30T09:00:00,244.64661,Sistema
2023-09-30T10:00:00,236.76495,Sistema
2023-09-30T11:00:00,231.34788,Sistema
2023-09-30T12:00:00,227.43746,Sistema
2023-09-30T13:00:00,226.94298,Sistema
2023-09-30T14:00:00,228.67257,Sistema
2023-09-30T15:00:00,231.1235,Sistema
2023-09-30T16:00:00,232.40983,Sistema
2023-09-30T17:00:00,236.32464,Sistema
2023-09-30T18:00:00,235.80528,Sistema
2023-09-30T19:00:00,222.77194,Sistema
2023-09-30T20:00:00,224.39855,Sistema
2023-09-30T21:00:00,231.73896,Sistema
2023-09-30T22:00:00,240.00588,Sistema
2023-09-30T23:00:00,251.59553,Sistema
2023-09-30T24:00:00,266.40053,Sistema
2023-10-01T01:00:00,279.3855,Sistema
2023-10-01T02:00:00,287.2814,Sistema
2023-10-01T03:00:00,291.49008,Sistema
2023-10-01T04:00:00,297.32434,Sistema
2023-10-01T05:00:00,299.01092,Sistema
2023-10-01T06:00:00,307.95148,Sistema
2023-10-01T07:00:00,309.87287,Sistema
2023-10-01T08:00:00,306.32863,Sistema
2023-10-01T09:00:00,295.8406,Sistema
2023-10-01T10:00:00,285.12596,Sistema
2023-10-01T11:00:00,275.30879,Sistema
2023-10-01T12:00:00,266.39441,Sistema
2023-10-01T13:00:00,261.44111,Sistema
2023-10-01T14:00:00,262.25837,Sistema
2023-10-01T15:00:00,270.25739,Sistema
2023-10-01T16:00:00,275.87755,Sistema
2023-10-01T17:00:00,278.64622,Sistema
2023-10-01T18:00:00,275.98356,Sistema
2023-10-01T19:00:00,251.7003,Sistema
2023-10-01T20:00:00,244.90027,Sistema
2023-10-01T21:00:00,246.49443,Sistema
2023-10-01T22:00:00,253.47197,Sistema
2023-10-01T23:00:00,265.31005,Sistema
2023-10-01T24:00:00,281.77175,Sistema
2023-10-02T01:00:00,293.05864,Sistema
2023-10-02T02:00:00,297.81738,Sistema
2023-10-02T03:00:00,298.23796,Sistema
2023-10-02T04:00:00,310.3675,Sistema
2023-10-02T05:00:00,309.13561,Sistema
2023-10-02T06:00:00,295.77022,Sistema
2023-10-02T07:00:00,289.89322,Sistema
2023-10-02T08:00:00,273.88534,Sistema
2023-10-02T09:00:00,262.28794,Sistema
2023-10-02T10:00:00,251.29893,Sistema
2023-10-02T11:00:00,240.53509,Sistema
2023-10-02T12:00:00,234.42741,Sistema
2023-10-02T13:00:00,238.01424,Sistema
2023-10-02T14:00:00,235.42377,Sistema
2023-10-02T15:00:00,231.91115,Sistema
2023-10-02T16:00:00,231.92044,Sistema
2023-10-02T17:00:00,234.67417,Sistema
2023-10-02T18:00:00,240.01692,Sistema
2023-10-02T19:00:00,229.98002,Sistema
2023-10-02T20:00:00,229.17125,Sistema
2023-10-02T21:00:00,233.98003,Sistema
2023-10-02T22:00:00,244.4602,Sistema
2023-10-02T23:00:00,259.29849,Sistema
2023-10-02T24:00:00,276.91132,Sistema
2023-10-03T01:00:00,287.28358,Sistema
2023-10-03T02:00:00,293.83105,Sistema
2023-10-03T03:00:00,299.56947,Sistema
2023-10-03T04:00:00,304.35409,Sistema
2023-10-03T05:00:00,298.34803,Sistema
2023-10-03T06:00:00,282.29117,Sistema
2023-10-03T07:00:00,280.80026,Sistema
2023-10-03T08:00:00,267.6668,Sistema
2023-10-03T09:00:00,249.99232,Sistema
2023-10-03T10:00:00,245.90759,Sistema
2023-10-03T11:00:00,238.26109,Sistema
2023-10-03T12:00:00,231.98065,Sistema
2023-10-03T13:00:00,235.34432,Sistema
2023-10-03T14:00:00,230.71039,Sistema
2023-10-03T15:00:00,232.95442,Sistema
2023-10-03T16:00:00,233.24652,Sistema
2023-10-03T17:00:00,236.61273,Sistema
2023-10-03T18:00:00,241.35711,Sistema
2023-10-03T19:00:00,230.2249,Sistema
2023-10-03T20:00:00,230.13506,Sistema
2023-10-03T21:00:00,231.09524,Sistema
2023-10-03T22:00:00,240.98169,Sistema
2023-10-03T23:00:00,257.29606,Sistema
2023-10-03T24:00:00,271.49397,Sistema
2023-10-04T01:00:00,287.29836,Sistema
2023-10-04T02:00:00,295.86397,Sistema
2023-10-04T03:00:00,299.94953,Sistema
2023-10-04T04:00:00,302.00318,Sistema
2023-10-04T05:00:00,300.5672,Sistema
2023-10-04T06:00:00,289.33698,Sistema
2023-10-04T07:00:00,284.20168,Sistema
2023-10-04T08:00:00,270.01317,Sistema
2023-10-04T09:00:00,257.78679,Sistema
2023-10-04T10:00:00,253.24471,Sistema
2023-10-04T11:00:00,248.13907,Sistema
2023-10-04T12:00:00,241.10856,Sistema
2023-10-04T13:00:00,243.72621,Sistema
2023-10-04T14:00:00,240.17603,Sistema
2023-10-04T15:00:00,234.36738,Sistema
2023-10-04T16:00:00,235.57643,Sistema
2023-10-04T17:00:00,237.98835,Sistema
2023-10-04T18:00:00,241.75101,Sistema
2023-10-04T19:00:00,227.83455,Sistema
2023-10-04T20:00:00,227.0209,Sistema
2023-10-04T21:00:00,232.93764,Sistema
2023-10-04T22:00:00,245.58982,Sistema
2023-10-04T23:00:00,261.40608,Sistema
2023-10-04T24:00:00,279.05971,Sistema
2023-10-05T01:00:00,289.69257,Sistema
2023-10-05T02:00:00,301.60626,Sistema
2023-10-05T03:00:00,308.68502,Sistema
2023-10-05T04:00:00,312.01403,Sistema
2023-10-05T05:00:00,304.98255,Sistema
2023-10-05T06:00:00,296.75842,Sistema
2023-10-05T07:00:00,291.76148,Sistema
2023-10-05T08:00:00,279.19676,Sistema
2023-10-05T09:00:00,266.95787,Sistema
2023-10-05T10:00:00,257.5171,Sistema
2023-10-05T11:00:00,250.36569,Sistema
2023-10-05T12:00:00,245.0858,Sistema
2023-10-05T13:00:00,246.02734,Sistema
2023-10-05T14:00:00,238.97642,Sistema
2023-10-05T15:00:00,219.92533,Sistema
2023-10-05T16:00:00,220.08749,Sistema
2023-10-05T17:00:00,224.15873,Sistema
2023-10-05T18:00:00,227.99785,Sistema
2023-10-05T19:00:00,217.00374,Sistema
2023-10-05T20:00:00,218.2759,Sistema
2023-10-05T21:00:00,228.72538,Sistema
2023-10-05T22:00:00,247.5664,Sistema
2023-10-05T23:00:00,268.41045,Sistema
2023-10-05T24:00:00,284.23627,Sistema
2023-10-06T01:00:00,298.62921,Sistema
2023-10-06T02:00:00,308.56252,Sistema
2023-10-06T03:00:00,315.58917,Sistema
2023-10-06T04:00:00,317.78731,Sistema
2023-10-06T05:00:00,312.35023,Sistema
2023-10-06T06:00:00,303.89375,Sistema
2023-10-06T07:00:00,296.51732,Sistema
2023-10-06T08:00:00,281.87507,Sistema
2023-10-06T09:00:00,267.70105,Sistema
2023-10-06T10:00:00,260.37733,Sistema
2023-10-06T11:00:00,249.8787,Sistema
2023-10-06T12:00:00,243.87768,Sistema
2023-10-06T13:00:00,239.31424,Sistema
2023-10-06T14:00:00,235.44423,Sistema
2023-10-06T15:00:00,230.25395,Sistema
2023-10-06T16:00:00,230.4497,Sistema
2023-10-06T17:00:00,237.84237,Sistema
2023-10-06T18:00:00,242.93605,Sistema
2023-10-06T19:00:00,236.91934,Sistema
2023-10-06T20:00:00,240.09123,Sistema
2023-10-06T21:00:00,243.88792,Sistema
2023-10-06T22:00:00,250.33988,Sistema
2023-10-06T23:00:00,256.42678,Sistema
2023-10-06T24:00:00,288.0495,Sistema
2023-10-07T01:00:00,305.22307,Sistema
2023-10-07T02:00:00,314.59904,Sistema
2023-10-07T03:00:00,321.98679,Sistema
2023-10-07T04:00:00,327.76859,Sistema
2023-10-07T05:00:00,327.95063,Sistema
2023-10-07T06:00:00,327.73552,Sistema
2023-10-07T07:00:00,320.60949,Sistema
2023-10-07T08:00:00,297.67608,Sistema
2023-10-07T09:00:00,280.82549,Sistema
2023-10-07T10:00:00,271.56087,Sistema
2023-10-07T11:00:00,262.83999,Sistema
2023-10-07T12:00:00,256.33067,Sistema
2023-10-07T13:00:00,255.01637,Sistema
2023-10-07T14:00:00,247.65758,Sistema
2023-10-07T15:00:00,249.21091,Sistema
2023-10-07T16:00:00,258.09126,Sistema
2023-10-07T17:00:00,271.13683,Sistema
2023-10-07T18:00:00,277.03449,Sistema
2023-10-07T19:00:00,261.95436,Sistema
2023-10-07T20:00:00,264.37732,Sistema
2023-10-07T21:00:00,275.06734,Sistema
2023-10-07T22:00:00,286.93518,Sistema
2023-10-07T23:00:00,300.57929,Sistema
2023-10-07T24:00:00,315.78892,Sistema
2023-10-08T01:00:00,331.06341,Sistema
2023-10-08T02:00:00,337.55801,Sistema
2023-10-08T03:00:00,339.36273,Sistema
2023-10-08T04:00:00,346.51151,Sistema
2023-10-08T05:00:00,349.56236,Sistema
2023-10-08T06:00:00,354.05132,Sistema
2023-10-08T07:00:00,359.35026,Sistema
2023-10-08T08:00:00,339.38582,Sistema
2023-10-08T09:00:00,307.24275,Sistema
2023-10-08T10:00:00,298.99065,Sistema
2023-10-08T11:00:00,302.5954,Sistema
2023-10-08T12:00:00,297.74219,Sistema
2023-10-08T13:00:00,294.42861,Sistema
2023-10-08T14:00:00,282.39824,Sistema
2023-10-08T15:00:00,293.61838,Sistema
2023-10-08T16:00:00,297.22261,Sistema
2023-10-08T17:00:00,296.17027,Sistema
2023-10-08T18:00:00,293.14934,Sistema
2023-10-08T19:00:00,271.33125,Sistema
2023-10-08T20:00:00,259.59235,Sistema
2023-10-08T21:00:00,243.37083,Sistema
2023-10-08T22:00:00,246.21175,Sistema
2023-10-08T23:00:00,260.47451,Sistema
2023-10-08T24:00:00,275.03927,Sistema
2023-10-09T01:00:00,286.28575,Sistema
2023-10-09T02:00:00,290.98633,Sistema
2023-10-09T03:00:00,293.99122,Sistema
2023-10-09T04:00:00,296.79634,Sistema
2023-10-09T05:00:00,295.5065,Sistema
2023-10-09T06:00:00,291.36081,Sistema
2023-10-09T07:00:00,280.68475,Sistema
2023-10-09T08:00:00,266.63766,Sistema
2023-10-09T09:00:00,244.34402,Sistema
2023-10-09T10:00:00,232.17002,Sistema
2023-10-09T11:00:00,224.73927,Sistema
2023-10-09T12:00:00,221.24302,Sistema
2023-10-09T13:00:00,224.26896,Sistema
2023-10-09T14:00:00,227.0555,Sistema
2023-10-09T15:00:00,226.42392,Sistema
2023-10-09T16:00:00,224.48273,Sistema
2023-10-09T17:00:00,231.8487,Sistema
2023-10-09T18:00:00,242.40755,Sistema
2023-10-09T19:00:00,237.20502,Sistema
2023-10-09T20:00:00,238.79353,Sistema
2023-10-09T21:00:00,245.19605,Sistema
2023-10-09T22:00:00,253.766,Sistema
2023-10-09T23:00:00,271.69246,Sistema
2023-10-09T24:00:00,283.33846,Sistema
2023-10-10T01:00:00,295.43044,Sistema
2023-10-10T02:00:00,299.60376,Sistema
2023-10-10T03:00:00,303.8155,Sistema
2023-10-10T04:00:00,298.1673,Sistema
2023-10-10T05:00:00,296.39694,Sistema
2023-10-10T06:00:00,296.55206,Sistema
2023-10-10T07:00:00,287.06998,Sistema
2023-10-10T08:00:00,268.7156,Sistema
2023-10-10T09:00:00,261.87332,Sistema
2023-10-10T10:00:00,251.06351,Sistema
2023-10-10T11:00:00,242.27935,Sistema
2023-10-10T12:00:00,242.44755,Sistema
2023-10-10T13:00:00,244.60867,Sistema
2023-10-10T14:00:00,239.85399,Sistema
2023-10-10T15:00:00,238.60876,Sistema
2023-10-10T16:00:00,238.38811,Sistema
2023-10-10T17:00:00,240.57062,Sistema
2023-10-10T18:00:00,245.54234,Sistema
2023-10-10T19:00:00,239.74242,Sistema
2023-10-10T20:00:00,241.05889,Sistema
2023-10-10T21:00:00,247.08513,Sistema
2023-10-10T22:00:00,256.56607,Sistema
2023-10-10T23:00:00,275.04757,Sistema
2023-10-10T24:00:00,284.12473,Sistema
2023-10-11T01:00:00,292.13914,Sistema
2023-10-11T02:00:00,295.68444,Sistema
2023-10-11T03:00:00,300.25505,Sistema
2023-10-11T04:00:00,306.36377,Sistema
2023-10-11T05:00:00,298.91647,Sistema
2023-10-11T06:00:00,296.51591,Sistema
2023-10-11T07:00:00,289.01923,Sistema
2023-10-11T08:00:00,274.25059,Sistema
2023-10-11T09:00:00,261.45685,Sistema
2023-10-11T10:00:00,256.61799,Sistema
2023-10-11T11:00:00,247.65233,Sistema
2023-10-11T12:00:00,241.00041,Sistema
2023-10-11T13:00:00,242.24213,Sistema
2023-10-11T14:00:00,241.28031,Sistema
2023-10-11T15:00:00,239.99473,Sistema
2023-10-11T16:00:00,241.64956,Sistema
2023-10-11T17:00:00,247.06959,Sistema
2023-10-11T18:00:00,251.8122,Sistema
2023-10-11T19:00:00,239.66896,Sistema
2023-10-11T20:00:00,238.68946,Sistema
2023-10-11T21:00:00,243.67313,Sistema
2023-10-11T22:00:00,253.1128,Sistema
2023-10-11T23:00:00,268.0312,Sistema
2023-10-11T24:00:00,284.72057,Sistema
2023-10-12T01:00:00,286.31128,Sistema
2023-10-12T02:00:00,292.96601,Sistema
2023-10-12T03:00:00,294.51862,Sistema
2023-10-12T04:00:00,303.18181,Sistema
2023-10-12T05:00:00,299.19331,Sistema
2023-10-12T06:00:00,293.4291,Sistema
2023-10-12T07:00:00,285.23771,Sistema
2023-10-12T08:00:00,264.72935,Sistema
2023-10-12T09:00:00,249.46148,Sistema
2023-10-12T10:00:00,244.39753,Sistema
2023-10-12T11:00:00,234.78925,Sistema
2023-10-12T12:00:00,233.01283,Sistema
2023-10-12T13:00:00,236.94941,Sistema
2023-10-12T14:00:00,234.14498,Sistema
2023-10-12T15:00:00,226.48098,Sistema
2023-10-12T16:00:00,232.09811,Sistema
2023-10-12T17:00:00,237.07475,Sistema
2023-10-12T18:00:00,237.06693,Sistema
2023-10-12T19:00:00,229.81748,Sistema
2023-10-12T20:00:00,232.34922,Sistema
2023-10-12T21:00:00,238.63744,Sistema
2023-10-12T22:00:00,244.01563,Sistema
2023-10-12T23:00:00,261.16705,Sistema
2023-10-12T24:00:00,272.66602,Sistema
2023-10-13T01:00:00,288.1344,Sistema
2023-10-13T02:00:00,299.28506,Sistema
2023-10-13T03:00:00,307.3318,Sistema
2023-10-13T04:00:00,311.02163,Sistema
2023-10-13T05:00:00,306.29881,Sistema
2023-10-13T06:00:00,302.0478,Sistema
2023-10-13T07:00:00,293.32895,Sistema
2023-10-13T08:00:00,273.33214,Sistema
2023-10-13T09:00:00,260.14213,Sistema
2023-10-13T10:00:00,253.53873,Sistema
2023-10-13T11:00:00,241.77812,Sistema
2023-10-13T12:00:00,237.04073,Sistema
2023-10-13T13:00:00,234.29111,Sistema
2023-10-13T14:00:00,223.57892,Sistema
2023-10-13T15:00:00,219.16168,Sistema
2023-10-13T16:00:00,226.55533,Sistema
2023-10-13T17:00:00,239.98878,Sistema
2023-10-13T18:00:00,248.09404,Sistema
2023-10-13T19:00:00,242.36366,Sistema
2023-10-13T20:00:00,247.23561,Sistema
2023-10-13T21:00:00,250.39464,Sistema
2023-10-13T22:00:00,255.74542,Sistema
2023-10-13T23:00:00,265.78539,Sistema
2023-10-13T24:00:00,278.74119,Sistema
2023-10-14T01:00:00,289.52475,Sistema
2023-10-14T02:00:00,299.2181,Sistema
2023-10-14T03:00:00,302.89175,Sistema
2023-10-14T04:00:00,307.19022,Sistema
2023-10-14T05:00:00,313.18697,Sistema
2023-10-14T06:00:00,312.79517,Sistema
2023-10-14T07:00:00,305.09066,Sistema
2023-10-14T08:00:00,276.62613,Sistema
2023-10-14T09:00:00,256.18545,Sistema
2023-10-14T10:00:00,246.24206,Sistema
2023-10-14T11:00:00,236.4034,Sistema
2023-10-14T12:00:00,230.16452,Sistema
2023-10-14T13:00:00,229.16764,Sistema
2023-10-14T14:00:00,232.35237,Sistema
2023-10-14T15:00:00,246.01162,Sistema
2023-10-14T16:00:00,257.48639,Sistema
2023-10-14T17:00:00,260.25452,Sistema
2023-10-14T18:00:00,258.04471,Sistema
2023-10-14T19:00:00,248.97032,Sistema
2023-10-14T20:00:00,255.24294,Sistema
2023-10-14T21:00:00,266.46409,Sistema
2023-10-14T22:00:00,275.99557,Sistema
2023-10-14T23:00:00,288.74279,Sistema
2023-10-14T24:00:00,306.23261,Sistema
2023-10-15T01:00:00,319.51802,Sistema
2023-10-15T02:00:00,319.90006,Sistema
2023-10-15T03:00:00,332.09505,Sistema
2023-10-15T04:00:00,340.80018,Sistema
2023-10-15T05:00:00,342.22112,Sistema
2023-10-15T06:00:00,347.15354,Sistema
2023-10-15T07:00:00,353.34082,Sistema
2023-10-15T08:00:00,338.98751,Sistema
2023-10-15T09:00:00,309.81284,Sistema
2023-10-15T10:00:00,286.29117,Sistema
2023-10-15T11:00:00,280.89288,Sistema
2023-10-15T12:00:00,273.45569,Sistema
2023-10-15T13:00:00,271.13909,Sistema
2023-10-15T14:00:00,270.21558,Sistema
2023-10-15T15:00:00,272.64197,Sistema
2023-10-15T16:00:00,277.1519,Sistema
2023-10-15T17:00:00,279.38228,Sistema
2023-10-15T18:00:00,270.54071,Sistema
2023-10-15T19:00:00,248.79429,Sistema
2023-10-15T20:00:00,248.42566,Sistema
2023-10-15T21:00:00,257.66267,Sistema
2023-10-15T22:00:00,277.65752,Sistema
2023-10-15T23:00:00,290.02847,Sistema
2023-10-15T24:00:00,298.34089,Sistema
2023-10-16T01:00:00,309.47186,Sistema
2023-10-16T02:00:00,314.01014,Sistema
2023-10-16T03:00:00,305.91558,Sistema
2023-10-16T04:00:00,316.91043,Sistema
2023-10-16T05:00:00,313.20455,Sistema
2023-10-16T06:00:00,317.65271,Sistema
2023-10-16T07:00:00,319.75864,Sistema
2023-10-16T08:00:00,298.19806,Sistema
2023-10-16T09:00:00,273.49522,Sistema
2023-10-16T10:00:00,261.41344,Sistema
2023-10-16T11:00:00,254.36189,Sistema
2023-10-16T12:00:00,249.83578,Sistema
2023-10-16T13:00:00,247.98266,Sistema
2023-10-16T14:00:00,249.40541,Sistema
2023-10-16T15:00:00,250.90037,Sistema
2023-10-16T16:00:00,257.28162,Sistema
2023-10-16T17:00:00,256.55701,Sistema
2023-10-16T18:00:00,250.34932,Sistema
2023-10-16T19:00:00,232.54364,Sistema
2023-10-16T20:00:00,231.60827,Sistema
2023-10-16T21:00:00,233.93362,Sistema
2023-10-16T22:00:00,244.20599,Sistema
2023-10-16T23:00:00,262.02364,Sistema
2023-10-16T24:00:00,282.36877,Sistema
2023-10-17T01:00:00,307.87101,Sistema
2023-10-17T02:00:00,332.29068,Sistema
2023-10-17T03:00:00,344.11729,Sistema
2023-10-17T04:00:00,347.43938,Sistema
2023-10-17T05:00:00,343.23401,Sistema
2023-10-17T06:00:00,315.73059,Sistema
2023-10-17T07:00:00,301.65226,Sistema
2023-10-17T08:00:00,283.50773,Sistema
2023-10-17T09:00:00,272.85728,Sistema
2023-10-17T10:00:00,269.79376,Sistema
2023-10-17T11:00:00,262.57533,Sistema
2023-10-17T12:00:00,263.17297,Sistema
2023-10-17T13:00:00,264.93829,Sistema
2023-10-17T14:00:00,262.95765,Sistema
2023-10-17T15:00:00,257.67463,Sistema
2023-10-17T16:00:00,258.52371,Sistema
2023-10-17T17:00:00,259.80456,Sistema
2023-10-17T18:00:00,263.70501,Sistema
2023-10-17T19:00:00,250.88752,Sistema
2023-10-17T20:00:00,253.08806,Sistema
2023-10-17T21:00:00,260.39921,Sistema
2023-10-17T22:00:00,270.58292,Sistema
2023-10-17T23:00:00,288.41711,Sistema
2023-10-17T24:00:00,298.67918,Sistema
2023-10-18T01:00:00,324.95797,Sistema
2023-10-18T02:00:00,321.91407,Sistema
2023-10-18T03:00:00,330.63933,Sistema
2023-10-18T04:00:00,334.11592,Sistema
2023-10-18T05:00:00,327.21992,Sistema
2023-10-18T06:00:00,312.61185,Sistema
2023-10-18T07:00:00,306.55076,Sistema
2023-10-18T08:00:00,279.93057,Sistema
2023-10-18T09:00:00,267.27681,Sistema
2023-10-18T10:00:00,260.40169,Sistema
2023-10-18T11:00:00,254.85127,Sistema
2023-10-18T12:00:00,247.92591,Sistema
2023-10-18T13:00:00,253.02462,Sistema
2023-10-18T14:00:00,253.06537,Sistema
2023-10-18T15:00:00,243.7922,Sistema
2023-10-18T16:00:00,246.09353,Sistema
2023-10-18T17:00:00,252.43542,Sistema
2023-10-18T18:00:00,256.63283,Sistema
2023-10-18T19:00:00,241.63305,Sistema
2023-10-18T20:00:00,241.82049,Sistema
2023-10-18T21:00:00,245.73336,Sistema
2023-10-18T22:00:00,261.77329,Sistema
2023-10-18T23:00:00,275.8944,Sistema
2023-10-18T24:00:00,290.14343,Sistema
2023-10-19T01:00:00,301.91155,Sistema
2023-10-19T02:00:00,309.98155,Sistema
2023-10-19T03:00:00,318.4238,Sistema
2023-10-19T04:00:00,324.81599,Sistema
2023-10-19T05:00:00,319.42839,Sistema
2023-10-19T06:00:00,305.68917,Sistema
2023-10-19T07:00:00,299.27846,Sistema
2023-10-19T08:00:00,283.82961,Sistema
2023-10-19T09:00:00,272.36751,Sistema
2023-10-19T10:00:00,265.02838,Sistema
2023-10-19T11:00:00,256.31341,Sistema
2023-10-19T12:00:00,248.32188,Sistema
2023-10-19T13:00:00,250.24614,Sistema
2023-10-19T14:00:00,247.2205,Sistema
2023-10-19T15:00:00,241.20043,Sistema
2023-10-19T16:00:00,240.94165,Sistema
2023-10-19T17:00:00,245.54182,Sistema
2023-10-19T18:00:00,251.1333,Sistema
2023-10-19T19:00:00,240.99741,Sistema
2023-10-19T20:00:00,242.94336,Sistema
2023-10-19T21:00:00,246.83307,Sistema
2023-10-19T22:00:00,259.37807,Sistema
2023-10-19T23:00:00,276.99775,Sistema
2023-10-19T24:00:00,288.59812,Sistema
2023-10-20T01:00:00,292.89653,Sistema
2023-10-20T02:00:00,317.01143,Sistema
2023-10-20T03:00:00,329.60143,Sistema
2023-10-20T04:00:00,332.14869,Sistema
2023-10-20T05:00:00,327.27116,Sistema
2023-10-20T06:00:00,303.82607,Sistema
2023-10-20T07:00:00,296.63061,Sistema
2023-10-20T08:00:00,283.91734,Sistema
2023-10-20T09:00:00,272.8273,Sistema
2023-10-20T10:00:00,265.61413,Sistema
2023-10-20T11:00:00,253.65445,Sistema
2023-10-20T12:00:00,251.48565,Sistema
2023-10-20T13:00:00,256.80483,Sistema
2023-10-20T14:00:00,248.42723,Sistema
2023-10-20T15:00:00,240.30967,Sistema
2023-10-20T16:00:00,239.76524,Sistema
2023-10-20T17:00:00,249.54413,Sistema
2023-10-20T18:00:00,257.41791,Sistema
2023-10-20T19:00:00,247.72426,Sistema
2023-10-20T20:00:00,249.07289,Sistema
2023-10-20T21:00:00,257.82694,Sistema
2023-10-20T22:00:00,272.76785,Sistema
2023-10-20T23:00:00,289.92236,Sistema
2023-10-20T24:00:00,307.25363,Sistema
2023-10-21T01:00:00,329.06924,Sistema
2023-10-21T02:00:00,342.64224,Sistema
2023-10-21T03:00:00,352.36868,Sistema
2023-10-21T04:00:00,357.91234,Sistema
2023-10-21T05:00:00,357.82944,Sistema
2023-10-21T06:00:00,353.16365,Sistema
2023-10-21T07:00:00,338.17176,Sistema
2023-10-21T08:00:00,304.16812,Sistema
2023-10-21T09:00:00,287.84104,Sistema
2023-10-21T10:00:00,277.46588,Sistema
2023-10-21T11:00:00,268.51734,Sistema
2023-10-21T12:00:00,262.94326,Sistema
2023-10-21T13:00:00,264.93717,Sistema
2023-10-21T14:00:00,268.68027,Sistema
2023-10-21T15:00:00,275.46385,Sistema
2023-10-21T16:00:00,275.82239,Sistema
2023-10-21T17:00:00,277.96726,Sistema
2023-10-21T18:00:00,275.09457,Sistema
2023-10-21T19:00:00,256.04474,Sistema
2023-10-21T20:00:00,259.76073,Sistema
2023-10-21T21:00:00,267.67522,Sistema
2023-10-21T22:00:00,281.75629,Sistema
2023-10-21T23:00:00,296.26871,Sistema
2023-10-21T24:00:00,310.58554,Sistema
2023-10-22T01:00:00,320.17742,Sistema
2023-10-22T02:00:00,324.70407,Sistema
2023-10-22T03:00:00,333.26515,Sistema
2023-10-22T04:00:00,340.46403,Sistema
2023-10-22T05:00:00,346.02434,Sistema
2023-10-22T06:00:00,351.33783,Sistema
2023-10-22T07:00:00,359.10433,Sistema
2023-10-22T08:00:00,345.12795,Sistema
2023-10-22T09:00:00,326.31708,Sistema
2023-10-22T10:00:00,311.02892,Sistema
2023-10-22T11:00:00,299.5178,Sistema
2023-10-22T12:00:00,290.62861,Sistema
2023-10-22T13:00:00,286.61516,Sistema
2023-10-22T14:00:00,286.45247,Sistema
2023-10-22T15:00:00,289.62957,Sistema
2023-10-22T16:00:00,293.30066,Sistema
2023-10-22T17:00:00,297.8297,Sistema
2023-10-22T18:00:00,291.5068,Sistema
2023-10-22T19:00:00,264.29748,Sistema
2023-10-22T20:00:00,260.67657,Sistema
2023-10-22T21:00:00,279.88123,Sistema
2023-10-22T22:00:00,295.30526,Sistema
2023-10-22T23:00:00,314.05589,Sistema
2023-10-22T24:00:00,332.60204,Sistema
2023-10-23T01:00:00,353.00736,Sistema
2023-10-23T02:00:00,364.00513,Sistema
2023-10-23T03:00:00,373.14097,Sistema
2023-10-23T04:00:00,374.15559,Sistema
2023-10-23T05:00:00,364.63888,Sistema
2023-10-23T06:00:00,343.18457,Sistema
2023-10-23T07:00:00,333.96271,Sistema
2023-10-23T08:00:00,318.39444,Sistema
2023-10-23T09:00:00,299.34761,Sistema
2023-10-23T10:00:00,286.53591,Sistema
2023-10-23T11:00:00,266.80846,Sistema
2023-10-23T12:00:00,253.1695,Sistema
2023-10-23T13:00:00,253.85673,Sistema
2023-10-23T14:00:00,252.09153,Sistema
2023-10-23T15:00:00,249.63031,Sistema
2023-10-23T16:00:00,253.97092,Sistema
2023-10-23T17:00:00,259.27688,Sistema
2023-10-23T18:00:00,262.74583,Sistema
2023-10-23T19:00:00,256.6795,Sistema
2023-10-23T20:00:00,257.70362,Sistema
2023-10-23T21:00:00,261.17789,Sistema
2023-10-23T22:00:00,275.52552,Sistema
2023-10-23T23:00:00,292.56167,Sistema
2023-10-23T24:00:00,310.40989,Sistema
2023-10-24T01:00:00,332.97068,Sistema
2023-10-24T02:00:00,338.16256,Sistema
2023-10-24T03:00:00,309.32001,Sistema
2023-10-24T04:00:00,302.6559,Sistema
2023-10-24T05:00:00,286.49433,Sistema
2023-10-24T06:00:00,281.58204,Sistema
2023-10-24T07:00:00,287.50795,Sistema
2023-10-24T08:00:00,282.46877,Sistema
2023-10-24T09:00:00,266.89572,Sistema
2023-10-24T10:00:00,264.67911,Sistema
2023-10-24T11:00:00,260.85677,Sistema
2023-10-24T12:00:00,260.50794,Sistema
2023-10-24T13:00:00,250.10862,Sistema
2023-10-24T14:00:00,238.54979,Sistema
2023-10-24T15:00:00,242.2802,Sistema
2023-10-24T16:00:00,256.45429,Sistema
2023-10-24T17:00:00,244.56425,Sistema
2023-10-24T18:00:00,249.51779,Sistema
2023-10-24T19:00:00,246.40498,Sistema
2023-10-24T20:00:00,258.56852,Sistema
2023-10-24T21:00:00,272.76928,Sistema
2023-10-24T22:00:00,286.74721,Sistema
2023-10-24T23:00:00,318.04856,Sistema
2023-10-24T24:00:00,350.96281,Sistema
2023-10-25T01:00:00,325.58787,Sistema
2023-10-25T02:00:00,315.57346,Sistema
2023-10-25T03:00:00,314.50613,Sistema
2023-10-25T04:00:00,324.50844,Sistema
2023-10-25T05:00:00,339.25741,Sistema
2023-10-25T06:00:00,334.95118,Sistema
2023-10-25T07:00:00,329.23867,Sistema
2023-10-25T08:00:00,314.9433,Sistema
2023-10-25T09:00:00,304.4982,Sistema
2023-10-25T10:00:00,301.9276,Sistema
2023-10-25T11:00:00,290.38887,Sistema
2023-10-25T12:00:00,281.88352,Sistema
2023-10-25T13:00:00,282.86097,Sistema
2023-10-25T14:00:00,282.79243,Sistema
2023-10-25T15:00:00,279.65733,Sistema
2023-10-25T16:00:00,280.34086,Sistema
2023-10-25T17:00:00,261.19502,Sistema
2023-10-25T18:00:00,256.64931,Sistema
2023-10-25T19:00:00,249.66892,Sistema
2023-10-25T20:00:00,252.84232,Sistema
2023-10-25T21:00:00,261.54492,Sistema
2023-10-25T22:00:00,290.98321,Sistema
2023-10-25T23:00:00,307.4874,Sistema
2023-10-25T24:00:00,309.86101,Sistema
2023-10-26T01:00:00,301.84665,Sistema
2023-10-26T02:00:00,305.34017,Sistema
2023-10-26T03:00:00,309.99354,Sistema
2023-10-26T04:00:00,313.67182,Sistema
2023-10-26T05:00:00,306.83042,Sistema
2023-10-26T06:00:00,292.3449,Sistema
2023-10-26T07:00:00,288.93008,Sistema
2023-10-26T08:00:00,274.7448,Sistema
2023-10-26T09:00:00,269.69913,Sistema
2023-10-26T10:00:00,266.59488,Sistema
2023-10-26T11:00:00,264.05084,Sistema
2023-10-26T12:00:00,255.31609,Sistema
2023-10-26T13:00:00,260.32986,Sistema
2023-10-26T14:00:00,259.90975,Sistema
2023-10-26T15:00:00,250.91192,Sistema
2023-10-26T16:00:00,251.19532,Sistema
2023-10-26T17:00:00,260.50349,Sistema
2023-10-26T18:00:00,260.18989,Sistema
2023-10-26T19:00:00,265.9352,Sistema
2023-10-26T20:00:00,267.49034,Sistema
2023-10-26T21:00:00,273.79285,Sistema
2023-10-26T22:00:00,285.00109,Sistema
2023-10-26T23:00:00,292.32078,Sistema
2023-10-26T24:00:00,295.60251,Sistema
2023-10-27T01:00:00,300.20731,Sistema
2023-10-27T02:00:00,295.20004,Sistema
2023-10-27T03:00:00,294.34033,Sistema
2023-10-27T04:00:00,283.4586,Sistema
2023-10-27T05:00:00,273.53906,Sistema
2023-10-27T06:00:00,260.46324,Sistema
2023-10-27T07:00:00,260.34792,Sistema
2023-10-27T08:00:00,255.42134,Sistema
2023-10-27T09:00:00,240.00054,Sistema
2023-10-27T10:00:00,235.57776,Sistema
2023-10-27T11:00:00,220.45196,Sistema
2023-10-27T12:00:00,215.39712,Sistema
2023-10-27T13:00:00,219.18783,Sistema
2023-10-27T14:00:00,223.28203,Sistema
2023-10-27T15:00:00,220.41122,Sistema
2023-10-27T16:00:00,220.26209,Sistema
2023-10-27T17:00:00,234.14639,Sistema
2023-10-27T18:00:00,228.84959,Sistema
2023-10-27T19:00:00,226.1973,Sistema
2023-10-27T20:00:00,232.86198,Sistema
2023-10-27T21:00:00,237.83029,Sistema
2023-10-27T22:00:00,241.43618,Sistema
2023-10-27T23:00:00,243.01469,Sistema
2023-10-27T24:00:00,242.56922,Sistema
2023-10-28T01:00:00,229.37823,Sistema
2023-10-28T02:00:00,219.34192,Sistema
2023-10-28T03:00:00,214.86882,Sistema
2023-10-28T04:00:00,202.91923,Sistema
2023-10-28T05:00:00,200.67117,Sistema
2023-10-28T06:00:00,199.98296,Sistema
2023-10-28T07:00:00,212.04726,Sistema
2023-10-28T08:00:00,215.40694,Sistema
2023-10-28T09:00:00,212.57864,Sistema
2023-10-28T10:00:00,212.15044,Sistema
2023-10-28T11:00:00,209.68825,Sistema
2023-10-28T12:00:00,208.40871,Sistema
2023-10-28T13:00:00,215.08039,Sistema
2023-10-28T14:00:00,217.70619,Sistema
2023-10-28T15:00:00,222.65723,Sistema
2023-10-28T16:00:00,225.15175,Sistema
2023-10-28T17:00:00,226.47057,Sistema
2023-10-28T18:00:00,227.86161,Sistema
2023-10-28T19:00:00,219.22044,Sistema
2023-10-28T20:00:00,222.28239,Sistema
2023-10-28T21:00:00,229.45534,Sistema
2023-10-28T22:00:00,225.19517,Sistema
2023-10-28T23:00:00,237.51341,Sistema
2023-10-28T24:00:00,236.21508,Sistema
2023-10-29T01:00:00,234.40704,Sistema
2023-10-29T02:00:00,221.82741,Sistema
2023-10-29T03:00:00,214.91507,Sistema
2023-10-29T04:00:00,218.27976,Sistema
2023-10-29T05:00:00,221.04706,Sistema
2023-10-29T06:00:00,216.78916,Sistema
2023-10-29T07:00:00,212.78104,Sistema
2023-10-29T08:00:00,203.54566,Sistema
2023-10-29T09:00:00,195.55099,Sistema
2023-10-29T10:00:00,190.37218,Sistema
2023-10-29T11:00:00,184.41883,Sistema
2023-10-29T12:00:00,181.07737,Sistema
2023-10-29T13:00:00,180.96774,Sistema
2023-10-29T14:00:00,182.79469,Sistema
2023-10-29T15:00:00,187.97024,Sistema
2023-10-29T16:00:00,193.65293,Sistema
2023-10-29T17:00:00,192.59706,Sistema
2023-10-29T18:00:00,200.63249,Sistema
2023-10-29T19:00:00,200.61853,Sistema
2023-10-29T20:00:00,202.84834,Sistema
2023-10-29T21:00:00,195.66204,Sistema
2023-10-29T22:00:00,187.83909,Sistema
2023-10-29T23:00:00,191.28859,Sistema
2023-10-29T24:00:00,199.28876,Sistema
2023-10-30T01:00:00,203.16073,Sistema
2023-10-30T02:00:00,202.12705,Sistema
2023-10-30T03:00:00,196.78301,Sistema
2023-10-30T04:00:00,197.88082,Sistema
2023-10-30T05:00:00,198.10979,Sistema
2023-10-30T06:00:00,194.57013,Sistema
2023-10-30T07:00:00,180.12759,Sistema
2023-10-30T08:00:00,179.40406,Sistema
2023-10-30T09:00:00,178.52298,Sistema
2023-10-30T10:00:00,185.8548,Sistema
2023-10-30T11:00:00,192.51218,Sistema
2023-10-30T12:00:00,177.96453,Sistema
2023-10-30T13:00:00,181.33179,Sistema
2023-10-30T14:00:00,191.94885,Sistema
2023-10-30T15:00:00,197.89286,Sistema
2023-10-30T16:00:00,206.06496,Sistema
2023-10-30T17:00:00,212.15661,Sistema
2023-10-30T18:00:00,213.42458,Sistema
2023-10-30T19:00:00,207.89932,Sistema
2023-10-30T20:00:00,209.77274,Sistema
2023-10-30T21:00:00,213.9285,Sistema
2023-10-30T22:00:00,209.41445,Sistema
2023-10-30T23:00:00,208.97505,Sistema
2023-10-30T24:00:00,212.55137,Sistema
2023-10-31T01:00:00,208.65806,Sistema
2023-10-31T02:00:00,201.38205,Sistema
2023-10-31T03:00:00,199.34292,Sistema
2023-10-31T04:00:00,193.45507,Sistema
2023-10-31T05:00:00,195.25976,Sistema
2023-10-31T06:00:00,203.4394,Sistema
2023-10-31T07:00:00,207.55883,Sistema
2023-10-31T08:00:00,203.46889,Sistema
2023-10-31T09:00:00,195.2006,Sistema
2023-10-31T10:00:00,205.59136,Sistema
2023-10-31T11:00:00,192.31977,Sistema
2023-10-31T12:00:00,198.51092,Sistema
2023-10-31T13:00:00,201.93983,Sistema
2023-10-31T14:00:00,197.73938,Sistema
2023-10-31T15:00:00,188.18879,Sistema
2023-10-31T16:00:00,189.16978,Sistema
2023-10-31T17:00:00,193.41755,Sistema
2023-10-31T18:00:00,191.90448,Sistema
2023-10-31T19:00:00,195.2359,Sistema
2023-10-31T20:00:00,196.89148,Sistema
2023-10-31T21:00:00,189.00409,Sistema
2023-10-31T22:00:00,193.73581,Sistema
2023-10-31T23:00:00,186.14371,Sistema
2023-10-31T24:00:00,180.17033,Sistema
2023-11-01T01:00:00,172.49791,Sistema
2023-11-01T02:00:00,160.87495,Sistema
2023-11-01T03:00:00,170.23984,Sistema
2023-11-01T04:00:00,160.73162,Sistema
2023-11-01T05:00:00,142.11672,Sistema
2023-11-01T06:00:00,137.22391,Sistema
2023-11-01T07:00:00,153.33019,Sistema
2023-11-01T08:00:00,164.62715,Sistema
2023-11-01T09:00:00,182.61645,Sistema
2023-11-01T10:00:00,167.22595,Sistema
2023-11-01T11:00:00,173.58932,Sistema
2023-11-01T12:00:00,167.55455,Sistema
2023-11-01T13:00:00,167.26707,Sistema
2023-11-01T14:00:00,170.93591,Sistema
2023-11-01T15:00:00,181.21909,Sistema
2023-11-01T16:00:00,187.78018,Sistema
2023-11-01T17:00:00,187.19851,Sistema
2023-11-01T18:00:00,179.53695,Sistema
2023-11-01T19:00:00,176.08908,Sistema
2023-11-01T20:00:00,178.90891,Sistema
2023-11-01T21:00:00,182.22968,Sistema
2023-11-01T22:00:00,175.20235,Sistema
2023-11-01T23:00:00,165.28764,Sistema
2023-11-01T24:00:00,163.67987,Sistema
2023-11-02T01:00:00,165.1581,Sistema
2023-11-02T02:00:00,148.62835,Sistema
2023-11-02T03:00:00,148.26817,Sistema
2023-11-02T04:00:00,141.03315,Sistema
2023-11-02T05:00:00,139.01157,Sistema
2023-11-02T06:00:00,135.89095,Sistema
2023-11-02T07:00:00,136.99469,Sistema
2023-11-02T08:00:00,137.86389,Sistema
2023-11-02T09:00:00,157.56363,Sistema
2023-11-02T10:00:00,172.58159,Sistema
2023-11-02T11:00:00,169.35212,Sistema
2023-11-02T12:00:00,165.02467,Sistema
2023-11-02T13:00:00,172.62689,Sistema
2023-11-02T14:00:00,177.62252,Sistema
2023-11-02T15:00:00,181.14505,Sistema
2023-11-02T16:00:00,181.71281,Sistema
2023-11-02T17:00:00,190.20236,Sistema
2023-11-02T18:00:00,191.81665,Sistema
2023-11-02T19:00:00,190.02374,Sistema
2023-11-02T20:00:00,190.76972,Sistema
2023-11-02T21:00:00,189.3105,Sistema
2023-11-02T22:00:00,179.6831,Sistema
2023-11-02T23:00:00,182.82389,Sistema
2023-11-02T24:00:00,167.84931,Sistema
2023-11-03T01:00:00,229.5361,Sistema
2023-11-03T02:00:00,226.13313,Sistema
2023-11-03T03:00:00,223.91356,Sistema
2023-11-03T04:00:00,213.19423,Sistema
2023-11-03T05:00:00,202.06607,Sistema
2023-11-03T06:00:00,191.21081,Sistema
2023-11-03T07:00:00,187.19582,Sistema
2023-11-03T08:00:00,179.64197,Sistema
2023-11-03T09:00:00,174.14893,Sistema
2023-11-03T10:00:00,175.13451,Sistema
2023-11-03T11:00:00,171.64573,Sistema
2023-11-03T12:00:00,167.41001,Sistema
2023-11-03T13:00:00,168.42029,Sistema
2023-11-03T14:00:00,167.58366,Sistema
2023-11-03T15:00:00,166.59591,Sistema
2023-11-03T16:00:00,160.63681,Sistema
2023-11-03T17:00:00,179.61402,Sistema
2023-11-03T18:00:00,202.81237,Sistema
2023-11-03T19:00:00,190.84772,Sistema
2023-11-03T20:00:00,194.98517,Sistema
2023-11-03T21:00:00,186.7947,Sistema
2023-11-03T22:00:00,179.03983,Sistema
2023-11-03T23:00:00,172.74068,Sistema
2023-11-03T24:00:00,182.32016,Sistema
2023-11-04T01:00:00,120.1376,Sistema
2023-11-04T02:00:00,109.83383,Sistema
2023-11-04T03:00:00,105.8274,Sistema
2023-11-04T04:00:00,105.22321,Sistema
2023-11-04T05:00:00,103.14996,Sistema
2023-11-04T06:00:00,103.88512,Sistema
2023-11-04T07:00:00,109.7232,Sistema
2023-11-04T08:00:00,101.82629,Sistema
2023-11-04T09:00:00,95.33786,Sistema
2023-11-04T10:00:00,96.4318,Sistema
2023-11-04T11:00:00,96.81355,Sistema
2023-11-04T12:00:00,96.45452,Sistema
2023-11-04T13:00:00,104.92496,Sistema
2023-11-04T14:00:00,109.44878,Sistema
2023-11-04T15:00:00,115.71173,Sistema
2023-11-04T16:00:00,118.32667,Sistema
2023-11-04T17:00:00,121.67439,Sistema
2023-11-04T18:00:00,133.02469,Sistema
2023-11-04T19:00:00,139.14716,Sistema
2023-11-04T20:00:00,144.21834,Sistema
2023-11-04T21:00:00,148.90515,Sistema
2023-11-04T22:00:00,138.56936,Sistema
2023-11-04T23:00:00,131.18165,Sistema
2023-11-04T24:00:00,133.42807,Sistema
2023-11-05T01:00:00,117.65303,Sistema
2023-11-05T02:00:00,122.06325,Sistema
2023-11-05T03:00:00,112.93464,Sistema
2023-11-05T04:00:00,115.54218,Sistema
2023-11-05T05:00:00,118.55484,Sistema
2023-11-05T06:00:00,123.47186,Sistema
2023-11-05T07:00:00,125.68468,Sistema
2023-11-05T08:00:00,121.71029,Sistema
2023-11-05T09:00:00,118.81757,Sistema
2023-11-05T10:00:00,118.35744,Sistema
2023-11-05T11:00:00,123.23426,Sistema
2023-11-05T12:00:00,135.7941,Sistema
2023-11-05T13:00:00,148.55403,Sistema
2023-11-05T14:00:00,160.05721,Sistema
2023-11-05T15:00:00,165.87144,Sistema
2023-11-05T16:00:00,167.3446,Sistema
2023-11-05T17:00:00,167.82348,Sistema
2023-11-05T18:00:00,167.78466,Sistema
2023-11-05T19:00:00,157.11377,Sistema
2023-11-05T20:00:00,145.14895,Sistema
2023-11-05T21:00:00,141.08469,Sistema
2023-11-05T22:00:00,137.60361,Sistema
2023-11-05T23:00:00,133.9717,Sistema
2023-11-05T24:00:00,123.99017,Sistema
2023-11-06T01:00:00,120.42407,Sistema
2023-11-06T02:00:00,121.53251,Sistema
2023-11-06T03:00:00,124.45865,Sistema
2023-11-06T04:00:00,127.05692,Sistema
2023-11-06T05:00:00,121.97777,Sistema
2023-11-06T06:00:00,117.18159,Sistema
2023-11-06T07:00:00,108.46792,Sistema
2023-11-06T08:00:00,100.44126,Sistema
2023-11-06T09:00:00,100.89206,Sistema
2023-11-06T10:00:00,114.51752,Sistema
2023-11-06T11:00:00,117.91751,Sistema
2023-11-06T12:00:00,117.36254,Sistema
2023-11-06T13:00:00,110.79506,Sistema
2023-11-06T14:00:00,109.6815,Sistema
2023-11-06T15:00:00,124.00951,Sistema
2023-11-06T16:00:00,139.22333,Sistema
2023-11-06T17:00:00,146.08278,Sistema
2023-11-06T18:00:00,161.06977,Sistema
2023-11-06T19:00:00,167.27299,Sistema
2023-11-06T20:00:00,169.46174,Sistema
2023-11-06T21:00:00,169.43015,Sistema
2023-11-06T22:00:00,160.39921,Sistema
2023-11-06T23:00:00,163.41742,Sistema
2023-11-06T24:00:00,151.23658,Sistema
2023-11-07T01:00:00,153.58505,Sistema
2023-11-07T02:00:00,154.61411,Sistema
2023-11-07T03:00:00,159.3525,Sistema
2023-11-07T04:00:00,166.94393,Sistema
2023-11-07T05:00:00,161.29557,Sistema
2023-11-07T06:00:00,154.15558,Sistema
2023-11-07T07:00:00,160.32344,Sistema
2023-11-07T08:00:00,166.17931,Sistema
2023-11-07T09:00:00,174.33605,Sistema
2023-11-07T10:00:00,190.3318,Sistema
2023-11-07T11:00:00,196.25742,Sistema
2023-11-07T12:00:00,199.48629,Sistema
2023-11-07T13:00:00,197.25967,Sistema
2023-11-07T14:00:00,188.92254,Sistema
2023-11-07T15:00:00,198.60034,Sistema
2023-11-07T16:00:00,204.67678,Sistema
2023-11-07T17:00:00,212.03405,Sistema
2023-11-07T18:00:00,210.98409,Sistema
2023-11-07T19:00:00,207.15353,Sistema
2023-11-07T20:00:00,194.82627,Sistema
2023-11-07T21:00:00,178.98123,Sistema
2023-11-07T22:00:00,173.52542,Sistema
2023-11-07T23:00:00,155.17676,Sistema
2023-11-07T24:00:00,142.65703,Sistema
2023-11-08T01:00:00,126.45828,Sistema
2023-11-08T02:00:00,122.31274,Sistema
2023-11-08T03:00:00,122.2102,Sistema
2023-11-08T04:00:00,122.53822,Sistema
2023-11-08T05:00:00,118.82034,Sistema
2023-11-08T06:00:00,116.32005,Sistema
2023-11-08T07:00:00,115.46664,Sistema
2023-11-08T08:00:00,111.83584,Sistema
2023-11-08T09:00:00,128.04946,Sistema
2023-11-08T10:00:00,142.07199,Sistema
2023-11-08T11:00:00,152.11478,Sistema
2023-11-08T12:00:00,157.98502,Sistema
2023-11-08T13:00:00,163.87162,Sistema
2023-11-08T14:00:00,164.49304,Sistema
2023-11-08T15:00:00,163.08891,Sistema
2023-11-08T16:00:00,163.30224,Sistema
2023-11-08T17:00:00,165.9341,Sistema
2023-11-08T18:00:00,161.58237,Sistema
2023-11-08T19:00:00,167.57007,Sistema
2023-11-08T20:00:00,170.68832,Sistema
2023-11-08T21:00:00,171.26365,Sistema
2023-11-08T22:00:00,154.74822,Sistema
2023-11-08T23:00:00,159.92395,Sistema
2023-11-08T24:00:00,168.6599,Sistema
2023-11-09T01:00:00,167.64534,Sistema
2023-11-09T02:00:00,171.9364,Sistema
2023-11-09T03:00:00,175.62919,Sistema
2023-11-09T04:00:00,186.834,Sistema
2023-11-09T05:00:00,186.98866,Sistema
2023-11-09T06:00:00,176.93138,Sistema
2023-11-09T07:00:00,177.89953,Sistema
2023-11-09T08:00:00,169.01954,Sistema
2023-11-09T09:00:00,163.57667,Sistema
2023-11-09T10:00:00,160.3284,Sistema
2023-11-09T11:00:00,168.03825,Sistema
2023-11-09T12:00:00,173.0069,Sistema
2023-11-09T13:00:00,173.53596,Sistema
2023-11-09T14:00:00,174.39438,Sistema
2023-11-09T15:00:00,176.71182,Sistema
2023-11-09T16:00:00,177.11965,Sistema
2023-11-09T17:00:00,180.57835,Sistema
2023-11-09T18:00:00,186.79409,Sistema
2023-11-09T19:00:00,182.53099,Sistema
2023-11-09T20:00:00,182.21847,Sistema
2023-11-09T21:00:00,187.08711,Sistema
2023-11-09T22:00:00,184.42735,Sistema
2023-11-09T23:00:00,183.95168,Sistema
2023-11-09T24:00:00,196.71637,Sistema
2023-11-10T01:00:00,221.42113,Sistema
2023-11-10T02:00:00,225.91708,Sistema
2023-11-10T03:00:00,232.35055,Sistema
2023-11-10T04:00:00,243.11123,Sistema
2023-11-10T05:00:00,230.6174,Sistema
2023-11-10T06:00:00,223.72468,Sistema
2023-11-10T07:00:00,213.07633,Sistema
2023-11-10T08:00:00,211.17026,Sistema
2023-11-10T09:00:00,208.32882,Sistema
2023-11-10T10:00:00,205.92369,Sistema
2023-11-10T11:00:00,206.87948,Sistema
2023-11-10T12:00:00,203.62799,Sistema
2023-11-10T13:00:00,206.3214,Sistema
2023-11-10T14:00:00,209.82987,Sistema
2023-11-10T15:00:00,217.48378,Sistema
2023-11-10T16:00:00,221.03871,Sistema
2023-11-10T17:00:00,222.61973,Sistema
2023-11-10T18:00:00,226.81739,Sistema
2023-11-10T19:00:00,224.75017,Sistema
2023-11-10T20:00:00,225.34505,Sistema
2023-11-10T21:00:00,224.85285,Sistema
2023-11-10T22:00:00,225.83893,Sistema
2023-11-10T23:00:00,225.79805,Sistema
2023-11-10T24:00:00,222.91451,Sistema
2023-11-11T01:00:00,212.86362,Sistema
2023-11-11T02:00:00,215.64363,Sistema
2023-11-11T03:00:00,197.92349,Sistema
2023-11-11T04:00:00,194.12183,Sistema
2023-11-11T05:00:00,194.46625,Sistema
2023-11-11T06:00:00,189.51156,Sistema
2023-11-11T07:00:00,192.57241,Sistema
2023-11-11T08:00:00,197.44313,Sistema
2023-11-11T09:00:00,199.56375,Sistema
2023-11-11T10:00:00,202.17124,Sistema
2023-11-11T11:00:00,206.51646,Sistema
2023-11-11T12:00:00,209.93897,Sistema
2023-11-11T13:00:00,214.77708,Sistema
2023-11-11T14:00:00,217.2917,Sistema
2023-11-11T15:00:00,221.38286,Sistema
2023-11-11T16:00:00,230.40492,Sistema
2023-11-11T17:00:00,236.56684,Sistema
2023-11-11T18:00:00,230.58816,Sistema
2023-11-11T19:00:00,217.30255,Sistema
2023-11-11T20:00:00,219.23893,Sistema
2023-11-11T21:00:00,214.08574,Sistema
2023-11-11T22:00:00,201.61004,Sistema
2023-11-11T23:00:00,207.92338,Sistema
2023-11-11T24:00:00,221.47986,Sistema
2023-11-12T01:00:00,226.12229,Sistema
2023-11-12T02:00:00,235.14976,Sistema
2023-11-12T03:00:00,238.62528,Sistema
2023-11-12T04:00:00,243.54824,Sistema
2023-11-12T05:00:00,242.02748,Sistema
2023-11-12T06:00:00,235.18544,Sistema
2023-11-12T07:00:00,221.63415,Sistema
2023-11-12T08:00:00,213.47593,Sistema
2023-11-12T09:00:00,210.41012,Sistema
2023-11-12T10:00:00,213.3707,Sistema
2023-11-12T11:00:00,217.08812,Sistema
2023-11-12T12:00:00,212.84073,Sistema
2023-11-12T13:00:00,302.07362,Sistema
2023-11-12T14:00:00,218.2544,Sistema
2023-11-12T15:00:00,222.96724,Sistema
2023-11-12T16:00:00,227.46447,Sistema
2023-11-12T17:00:00,229.65852,Sistema
2023-11-12T18:00:00,230.08554,Sistema
2023-11-12T19:00:00,220.73788,Sistema
2023-11-12T20:00:00,216.93058,Sistema
2023-11-12T21:00:00,219.62238,Sistema
2023-11-12T22:00:00,231.04104,Sistema
2023-11-12T23:00:00,244.60009,Sistema
2023-11-12T24:00:00,249.07086,Sistema
2023-11-13T01:00:00,253.45044,Sistema
2023-11-13T02:00:00,247.05847,Sistema
2023-11-13T03:00:00,240.57045,Sistema
2023-11-13T04:00:00,244.02439,Sistema
2023-11-13T05:00:00,240.07863,Sistema
2023-11-13T06:00:00,239.38549,Sistema
2023-11-13T07:00:00,237.9795,Sistema
2023-11-13T08:00:00,224.23446,Sistema
2023-11-13T09:00:00,209.16564,Sistema
2023-11-13T10:00:00,200.95455,Sistema
2023-11-13T11:00:00,190.77205,Sistema
2023-11-13T12:00:00,178.26606,Sistema
2023-11-13T13:00:00,175.72399,Sistema
2023-11-13T14:00:00,177.14345,Sistema
2023-11-13T15:00:00,180.49569,Sistema
2023-11-13T16:00:00,180.57367,Sistema
2023-11-13T17:00:00,228.54997,Sistema
2023-11-13T18:00:00,188.09014,Sistema
2023-11-13T19:00:00,175.57115,Sistema
2023-11-13T20:00:00,176.04218,Sistema
2023-11-13T21:00:00,178.96535,Sistema
2023-11-13T22:00:00,187.59293,Sistema
2023-11-13T23:00:00,204.67602,Sistema
2023-11-13T24:00:00,221.79113,Sistema
2023-11-14T01:00:00,232.15052,Sistema
2023-11-14T02:00:00,243.63657,Sistema
2023-11-14T03:00:00,250.21283,Sistema
2023-11-14T04:00:00,257.6267,Sistema
2023-11-14T05:00:00,258.00438,Sistema
2023-11-14T06:00:00,259.8017,Sistema
2023-11-14T07:00:00,257.90464,Sistema
2023-11-14T08:00:00,246.06453,Sistema
2023-11-14T09:00:00,231.4513,Sistema
2023-11-14T10:00:00,219.26196,Sistema
2023-11-14T11:00:00,211.58412,Sistema
2023-11-14T12:00:00,209.93886,Sistema
2023-11-14T13:00:00,217.35137,Sistema
2023-11-14T14:00:00,219.61788,Sistema
2023-11-14T15:00:00,220.92141,Sistema
2023-11-14T16:00:00,223.32431,Sistema
2023-11-14T17:00:00,225.83169,Sistema
2023-11-14T18:00:00,226.19357,Sistema
2023-11-14T19:00:00,219.90241,Sistema
2023-11-14T20:00:00,221.57088,Sistema
2023-11-14T21:00:00,227.03114,Sistema
2023-11-14T22:00:00,229.6096,Sistema
2023-11-14T23:00:00,241.6656,Sistema
2023-11-14T24:00:00,256.85093,Sistema
2023-11-15T01:00:00,284.00037,Sistema
2023-11-15T02:00:00,283.55444,Sistema
2023-11-15T03:00:00,281.7606,Sistema
2023-11-15T04:00:00,285.73983,Sistema
2023-11-15T05:00:00,295.41561,Sistema
2023-11-15T06:00:00,291.32516,Sistema
2023-11-15T07:00:00,280.60652,Sistema
2023-11-15T08:00:00,258.39537,Sistema
2023-11-15T09:00:00,231.25768,Sistema
2023-11-15T10:00:00,222.10413,Sistema
2023-11-15T11:00:00,217.77415,Sistema
2023-11-15T12:00:00,217.90489,Sistema
2023-11-15T13:00:00,219.5608,Sistema
2023-11-15T14:00:00,228.19306,Sistema
2023-11-15T15:00:00,236.75417,Sistema
2023-11-15T16:00:00,236.12809,Sistema
2023-11-15T17:00:00,231.22942,Sistema
2023-11-15T18:00:00,223.70855,Sistema
2023-11-15T19:00:00,219.15512,Sistema
2023-11-15T20:00:00,222.16917,Sistema
2023-11-15T21:00:00,225.47314,Sistema
2023-11-15T22:00:00,221.31039,Sistema
2023-11-15T23:00:00,232.73702,Sistema
2023-11-15T24:00:00,224.68782,Sistema
2023-11-16T01:00:00,246.42402,Sistema
2023-11-16T02:00:00,222.77308,Sistema
2023-11-16T03:00:00,210.84712,Sistema
2023-11-16T04:00:00,208.91666,Sistema
2023-11-16T05:00:00,204.96968,Sistema
2023-11-16T06:00:00,197.62546,Sistema
2023-11-16T07:00:00,197.56389,Sistema
2023-11-16T08:00:00,189.08649,Sistema
2023-11-16T09:00:00,180.91762,Sistema
2023-11-16T10:00:00,179.85567,Sistema
2023-11-16T11:00:00,182.51937,Sistema
2023-11-16T12:00:00,184.76257,Sistema
2023-11-16T13:00:00,189.44942,Sistema
2023-11-16T14:00:00,191.15028,Sistema
2023-11-16T15:00:00,193.65746,Sistema
2023-11-16T16:00:00,191.19118,Sistema
2023-11-16T17:00:00,194.30091,Sistema
2023-11-16T18:00:00,200.62238,Sistema
2023-11-16T19:00:00,192.84308,Sistema
2023-11-16T20:00:00,193.99766,Sistema
2023-11-16T21:00:00,198.21296,Sistema
2023-11-16T22:00:00,200.80426,Sistema
2023-11-16T23:00:00,204.95484,Sistema
2023-11-16T24:00:00,209.73478,Sistema
2023-11-17T01:00:00,203.14373,Sistema
2023-11-17T02:00:00,194.3848,Sistema
2023-11-17T03:00:00,189.60295,Sistema
2023-11-17T04:00:00,191.69958,Sistema
2023-11-17T05:00:00,188.28744,Sistema
2023-11-17T06:00:00,186.01311,Sistema
2023-11-17T07:00:00,186.2613,Sistema
2023-11-17T08:00:00,170.75852,Sistema
2023-11-17T09:00:00,165.81658,Sistema
2023-11-17T10:00:00,161.53752,Sistema
2023-11-17T11:00:00,158.11401,Sistema
2023-11-17T12:00:00,148.28954,Sistema
2023-11-17T13:00:00,154.69686,Sistema
2023-11-17T14:00:00,158.01859,Sistema
2023-11-17T15:00:00,155.57935,Sistema
2023-11-17T16:00:00,152.51737,Sistema
2023-11-17T17:00:00,157.6789,Sistema
2023-11-17T18:00:00,160.25442,Sistema
2023-11-17T19:00:00,155.56831,Sistema
2023-11-17T20:00:00,157.97486,Sistema
2023-11-17T21:00:00,160.96171,Sistema
2023-11-17T22:00:00,161.95139,Sistema
2023-11-17T23:00:00,169.16986,Sistema
2023-11-17T24:00:00,178.06484,Sistema
2023-11-18T01:00:00,178.72562,Sistema
2023-11-18T02:00:00,179.29911,Sistema
2023-11-18T03:00:00,191.56318,Sistema
2023-11-18T04:00:00,197.64611,Sistema
2023-11-18T05:00:00,202.32387,Sistema
2023-11-18T06:00:00,202.57839,Sistema
2023-11-18T07:00:00,207.5585,Sistema
2023-11-18T08:00:00,204.94472,Sistema
2023-11-18T09:00:00,200.98524,Sistema
2023-11-18T10:00:00,198.08711,Sistema
2023-11-18T11:00:00,191.49099,Sistema
2023-11-18T12:00:00,195.23294,Sistema
2023-11-18T13:00:00,193.05974,Sistema
2023-11-18T14:00:00,192.73574,Sistema
2023-11-18T15:00:00,191.8099,Sistema
2023-11-18T16:00:00,192.86652,Sistema
2023-11-18T17:00:00,195.29793,Sistema
2023-11-18T18:00:00,189.40824,Sistema
2023-11-18T19:00:00,177.09614,Sistema
2023-11-18T20:00:00,180.08081,Sistema
2023-11-18T21:00:00,185.29883,Sistema
2023-11-18T22:00:00,184.4927,Sistema
2023-11-18T23:00:00,186.93754,Sistema
2023-11-18T24:00:00,194.62772,Sistema
2023-11-19T01:00:00,199.93099,Sistema
2023-11-19T02:00:00,199.65148,Sistema
2023-11-19T03:00:00,201.79203,Sistema
2023-11-19T04:00:00,209.0914,Sistema
2023-11-19T05:00:00,207.34115,Sistema
2023-11-19T06:00:00,210.40505,Sistema
2023-11-19T07:00:00,202.30761,Sistema
2023-11-19T08:00:00,196.8451,Sistema
2023-11-19T09:00:00,206.30994,Sistema
2023-11-19T10:00:00,207.89889,Sistema
2023-11-19T11:00:00,205.21893,Sistema
2023-11-19T12:00:00,200.44158,Sistema
2023-11-19T13:00:00,207.08054,Sistema
2023-11-19T14:00:00,215.04809,Sistema
2023-11-19T15:00:00,213.91314,Sistema
2023-11-19T16:00:00,216.95287,Sistema
2023-11-19T17:00:00,213.00585,Sistema
2023-11-19T18:00:00,199.01193,Sistema
2023-11-19T19:00:00,191.59519,Sistema
2023-11-19T20:00:00,193.31449,Sistema
2023-11-19T21:00:00,196.38445,Sistema
2023-11-19T22:00:00,196.72547,Sistema
2023-11-19T23:00:00,206.23281,Sistema
2023-11-19T24:00:00,222.87826,Sistema
2023-11-20T01:00:00,221.67366,Sistema
2023-11-20T02:00:00,212.12823,Sistema
2023-11-20T03:00:00,188.17843,Sistema
2023-11-20T04:00:00,197.26816,Sistema
2023-11-20T05:00:00,199.26031,Sistema
2023-11-20T06:00:00,198.86529,Sistema
2023-11-20T07:00:00,201.45016,Sistema
2023-11-20T08:00:00,205.36906,Sistema
2023-11-20T09:00:00,208.75749,Sistema
2023-11-20T10:00:00,202.45575,Sistema
2023-11-20T11:00:00,196.42886,Sistema
2023-11-20T12:00:00,191.66754,Sistema
2023-11-20T13:00:00,193.55269,Sistema
2023-11-20T14:00:00,197.84591,Sistema
2023-11-20T15:00:00,202.74231,Sistema
2023-11-20T16:00:00,200.60135,Sistema
2023-11-20T17:00:00,194.54694,Sistema
2023-11-20T18:00:00,194.7833,Sistema
2023-11-20T19:00:00,183.97387,Sistema
2023-11-20T20:00:00,186.80445,Sistema
2023-11-20T21:00:00,192.78537,Sistema
2023-11-20T22:00:00,202.09029,Sistema
2023-11-20T23:00:00,205.11843,Sistema
2023-11-20T24:00:00,207.30464,Sistema
2023-11-21T01:00:00,195.01223,Sistema
2023-11-21T02:00:00,188.39806,Sistema
2023-11-21T03:00:00,174.54461,Sistema
2023-11-21T04:00:00,174.57062,Sistema
2023-11-21T05:00:00,169.75334,Sistema
2023-11-21T06:00:00,153.67365,Sistema
2023-11-21T07:00:00,149.83094,Sistema
2023-11-21T08:00:00,149.90417,Sistema
2023-11-21T09:00:00,155.29198,Sistema
2023-11-21T10:00:00,152.29488,Sistema
2023-11-21T11:00:00,158.15982,Sistema
2023-11-21T12:00:00,161.19528,Sistema
2023-11-21T13:00:00,166.73271,Sistema
2023-11-21T14:00:00,171.87577,Sistema
2023-11-21T15:00:00,182.99951,Sistema
2023-11-21T16:00:00,189.21626,Sistema
2023-11-21T17:00:00,189.37619,Sistema
2023-11-21T18:00:00,191.01173,Sistema
2023-11-21T19:00:00,183.68695,Sistema
2023-11-21T20:00:00,182.26813,Sistema
2023-11-21T21:00:00,185.13569,Sistema
2023-11-21T22:00:00,173.59048,Sistema
2023-11-21T23:00:00,171.75041,Sistema
2023-11-21T24:00:00,157.29342,Sistema
2023-11-22T01:00:00,153.23713,Sistema
2023-11-22T02:00:00,147.99274,Sistema
2023-11-22T03:00:00,146.6537,Sistema
2023-11-22T04:00:00,136.6141,Sistema
2023-11-22T05:00:00,138.8649,Sistema
2023-11-22T06:00:00,137.30922,Sistema
2023-11-22T07:00:00,135.76666,Sistema
2023-11-22T08:00:00,134.5506,Sistema
2023-11-22T09:00:00,143.21458,Sistema
2023-11-22T10:00:00,146.95986,Sistema
2023-11-22T11:00:00,153.34989,Sistema
2023-11-22T12:00:00,154.5436,Sistema
2023-11-22T13:00:00,162.07214,Sistema
2023-11-22T14:00:00,169.13032,Sistema
2023-11-22T15:00:00,165.35202,Sistema
2023-11-22T16:00:00,170.17072,Sistema
2023-11-22T17:00:00,170.03735,Sistema
2023-11-22T18:00:00,172.88714,Sistema
2023-11-22T19:00:00,172.06847,Sistema
2023-11-22T20:00:00,171.49083,Sistema
2023-11-22T21:00:00,171.19069,Sistema
2023-11-22T22:00:00,164.16938,Sistema
2023-11-22T23:00:00,159.03525,Sistema
2023-11-22T24:00:00,156.77632,Sistema
2023-11-23T01:00:00,142.26214,Sistema
2023-11-23T02:00:00,137.09621,Sistema
2023-11-23T03:00:00,142.84844,Sistema
2023-11-23T04:00:00,141.879,Sistema
2023-11-23T05:00:00,143.60054,Sistema
2023-11-23T06:00:00,141.94739,Sistema
2023-11-23T07:00:00,141.43774,Sistema
2023-11-23T08:00:00,137.28706,Sistema
2023-11-23T09:00:00,134.38133,Sistema
2023-11-23T10:00:00,141.41802,Sistema
2023-11-23T11:00:00,143.2811,Sistema
2023-11-23T12:00:00,139.7861,Sistema
2023-11-23T13:00:00,139.1266,Sistema
2023-11-23T14:00:00,143.61113,Sistema
2023-11-23T15:00:00,147.2057,Sistema
2023-11-23T16:00:00,155.9523,Sistema
2023-11-23T17:00:00,156.84417,Sistema
2023-11-23T18:00:00,163.09859,Sistema
2023-11-23T19:00:00,161.74684,Sistema
2023-11-23T20:00:00,162.73571,Sistema
2023-11-23T21:00:00,160.50342,Sistema
2023-11-23T22:00:00,159.22574,Sistema
2023-11-23T23:00:00,157.15831,Sistema
2023-11-23T24:00:00,155.72888,Sistema
2023-11-24T01:00:00,153.90639,Sistema
2023-11-24T02:00:00,148.7429,Sistema
2023-11-24T03:00:00,135.45057,Sistema
2023-11-24T04:00:00,137.71465,Sistema
2023-11-24T05:00:00,135.55252,Sistema
2023-11-24T06:00:00,121.63594,Sistema
2023-11-24T07:00:00,122.64001,Sistema
2023-11-24T08:00:00,126.83617,Sistema
2023-11-24T09:00:00,135.11184,Sistema
2023-11-24T10:00:00,144.62655,Sistema
2023-11-24T11:00:00,142.60185,Sistema
2023-11-24T12:00:00,148.26281,Sistema
2023-11-24T13:00:00,158.07767,Sistema
2023-11-24T14:00:00,163.00624,Sistema
2023-11-24T15:00:00,165.11672,Sistema
2023-11-24T16:00:00,166.21895,Sistema
2023-11-24T17:00:00,166.71507,Sistema
2023-11-24T18:00:00,175.9903,Sistema
2023-11-24T19:00:00,171.06448,Sistema
2023-11-24T20:00:00,174.47814,Sistema
2023-11-24T21:00:00,177.14719,Sistema
2023-11-24T22:00:00,175.44422,Sistema
2023-11-24T23:00:00,160.06717,Sistema
2023-11-24T24:00:00,153.64917,Sistema
2023-11-25T01:00:00,159.83895,Sistema
2023-11-25T02:00:00,171.77731,Sistema
2023-11-25T03:00:00,177.02653,Sistema
2023-11-25T04:00:00,180.61907,Sistema
2023-11-25T05:00:00,175.65591,Sistema
2023-11-25T06:00:00,180.46873,Sistema
2023-11-25T07:00:00,186.64544,Sistema
2023-11-25T08:00:00,176.82462,Sistema
2023-11-25T09:00:00,167.74244,Sistema
2023-11-25T10:00:00,157.74189,Sistema
2023-11-25T11:00:00,154.76791,Sistema
2023-11-25T12:00:00,152.34115,Sistema
2023-11-25T13:00:00,154.35623,Sistema
2023-11-25T14:00:00,156.42353,Sistema
2023-11-25T15:00:00,158.03612,Sistema
2023-11-25T16:00:00,159.70278,Sistema
2023-11-25T17:00:00,164.00704,Sistema
2023-11-25T18:00:00,169.46892,Sistema
2023-11-25T19:00:00,162.41138,Sistema
2023-11-25T20:00:00,170.07715,Sistema
2023-11-25T21:00:00,175.99071,Sistema
2023-11-25T22:00:00,185.18105,Sistema
2023-11-25T23:00:00,183.32856,Sistema
2023-11-25T24:00:00,190.80402,Sistema
2023-11-26T01:00:00,193.01685,Sistema
2023-11-26T02:00:00,193.24938,Sistema
2023-11-26T03:00:00,194.91588,Sistema
2023-11-26T04:00:00,197.14232,Sistema
2023-11-26T05:00:00,197.87442,Sistema
2023-11-26T06:00:00,187.86289,Sistema
2023-11-26T07:00:00,182.80761,Sistema
2023-11-26T08:00:00,176.01205,Sistema
2023-11-26T09:00:00,168.27737,Sistema
2023-11-26T10:00:00,161.84161,Sistema
2023-11-26T11:00:00,157.94192,Sistema
2023-11-26T12:00:00,150.83966,Sistema
2023-11-26T13:00:00,154.18222,Sistema
2023-11-26T14:00:00,162.2336,Sistema
2023-11-26T15:00:00,172.72053,Sistema
2023-11-26T16:00:00,171.92131,Sistema
2023-11-26T17:00:00,174.75704,Sistema
2023-11-26T18:00:00,171.55889,Sistema
2023-11-26T19:00:00,151.98108,Sistema
2023-11-26T20:00:00,151.82818,Sistema
2023-11-26T21:00:00,153.58968,Sistema
2023-11-26T22:00:00,155.05282,Sistema
2023-11-26T23:00:00,158.66258,Sistema
2023-11-26T24:00:00,165.91888,Sistema
2023-11-27T01:00:00,171.07223,Sistema
2023-11-27T02:00:00,166.57826,Sistema
2023-11-27T03:00:00,168.32697,Sistema
2023-11-27T04:00:00,170.92878,Sistema
2023-11-27T05:00:00,169.43523,Sistema
2023-11-27T06:00:00,171.24792,Sistema
2023-11-27T07:00:00,167.03847,Sistema
2023-11-27T08:00:00,158.19884,Sistema
2023-11-27T09:00:00,156.42204,Sistema
2023-11-27T10:00:00,151.49611,Sistema
2023-11-27T11:00:00,152.33303,Sistema
2023-11-27T12:00:00,156.94919,Sistema
2023-11-27T13:00:00,162.60721,Sistema
2023-11-27T14:00:00,165.65205,Sistema
2023-11-27T15:00:00,166.44967,Sistema
2023-11-27T16:00:00,173.32602,Sistema
2023-11-27T17:00:00,181.29255,Sistema
2023-11-27T18:00:00,184.95433,Sistema
2023-11-27T19:00:00,187.47248,Sistema
2023-11-27T20:00:00,187.64176,Sistema
2023-11-27T21:00:00,187.5004,Sistema
2023-11-27T22:00:00,195.76775,Sistema
2023-11-27T23:00:00,208.19338,Sistema
2023-11-27T24:00:00,214.59971,Sistema
2023-11-28T01:00:00,217.67412,Sistema
2023-11-28T02:00:00,209.51817,Sistema
2023-11-28T03:00:00,209.80453,Sistema
2023-11-28T04:00:00,214.58332,Sistema
2023-11-28T05:00:00,214.77789,Sistema
2023-11-28T06:00:00,208.46779,Sistema
2023-11-28T07:00:00,197.06723,Sistema
2023-11-28T08:00:00,184.51891,Sistema
2023-11-28T09:00:00,177.3916,Sistema
2023-11-28T10:00:00,176.1184,Sistema
2023-11-28T11:00:00,174.26102,Sistema
2023-11-28T12:00:00,170.81156,Sistema
2023-11-28T13:00:00,173.39521,Sistema
2023-11-28T14:00:00,183.07579,Sistema
2023-11-28T15:00:00,187.32276,Sistema
2023-11-28T16:00:00,191.87985,Sistema
2023-11-28T17:00:00,192.51895,Sistema
2023-11-28T18:00:00,192.83719,Sistema
2023-11-28T19:00:00,196.79544,Sistema
2023-11-28T20:00:00,197.94851,Sistema
2023-11-28T21:00:00,200.68188,Sistema
2023-11-28T22:00:00,207.75055,Sistema
2023-11-28T23:00:00,217.16339,Sistema
2023-11-28T24:00:00,218.69539,Sistema
2023-11-29T01:00:00,228.84558,Sistema
2023-11-29T02:00:00,218.52856,Sistema
2023-11-29T03:00:00,225.09673,Sistema
2023-11-29T04:00:00,230.85752,Sistema
2023-11-29T05:00:00,228.1589,Sistema
2023-11-29T06:00:00,227.35462,Sistema
2023-11-29T07:00:00,216.46945,Sistema
2023-11-29T08:00:00,203.41278,Sistema
2023-11-29T09:00:00,194.43038,Sistema
2023-11-29T10:00:00,195.9848,Sistema
2023-11-29T11:00:00,191.34059,Sistema
2023-11-29T12:00:00,185.843,Sistema
2023-11-29T13:00:00,193.13238,Sistema
2023-11-29T14:00:00,193.36686,Sistema
2023-11-29T15:00:00,193.19739,Sistema
2023-11-29T16:00:00,197.85387,Sistema
2023-11-29T17:00:00,198.63942,Sistema
2023-11-29T18:00:00,203.24248,Sistema
2023-11-29T19:00:00,198.20627,Sistema
2023-11-29T20:00:00,197.84177,Sistema
2023-11-29T21:00:00,204.38365,Sistema
2023-11-29T22:00:00,213.91623,Sistema
2023-11-29T23:00:00,230.1054,Sistema
2023-11-29T24:00:00,245.08155,Sistema
2023-11-30T01:00:00,252.09789,Sistema
2023-11-30T02:00:00,257.49161,Sistema
2023-11-30T03:00:00,261.91762,Sistema
2023-11-30T04:00:00,263.49147,Sistema
2023-11-30T05:00:00,262.45681,Sistema
2023-11-30T06:00:00,260.21961,Sistema
2023-11-30T07:00:00,256.48116,Sistema
2023-11-30T08:00:00,242.93479,Sistema
2023-11-30T09:00:00,242.01848,Sistema
2023-11-30T10:00:00,233.61731,Sistema
2023-11-30T11:00:00,224.94066,Sistema
2023-11-30T12:00:00,213.89345,Sistema
2023-11-30T13:00:00,213.71668,Sistema
2023-11-30T14:00:00,213.11917,Sistema
2023-11-30T15:00:00,206.81606,Sistema
2023-11-30T16:00:00,207.9851,Sistema
2023-11-30T17:00:00,213.58893,Sistema
2023-11-30T18:00:00,217.98112,Sistema
2023-11-30T19:00:00,210.24376,Sistema
2023-11-30T20:00:00,210.41923,Sistema
2023-11-30T21:00:00,218.05691,Sistema
2023-11-30T22:00:00,226.40374,Sistema
2023-11-30T23:00:00,234.50817,Sistema
2023-11-30T24:00:00,246.80125,Sistema
2023-12-01T01:00:00,263.41691,Sistema
2023-12-01T02:00:00,276.74729,Sistema
2023-12-01T03:00:00,277.47929,Sistema
2023-12-01T04:00:00,280.23385,Sistema
2023-12-01T05:00:00,283.64011,Sistema
2023-12-01T06:00:00,283.30113,Sistema
2023-12-01T07:00:00,281.49967,Sistema
2023-12-01T08:00:00,263.71426,Sistema
2023-12-01T09:00:00,247.99181,Sistema
2023-12-01T10:00:00,232.4984,Sistema
2023-12-01T11:00:00,213.95649,Sistema
2023-12-01T12:00:00,219.95354,Sistema
2023-12-01T13:00:00,231.76993,Sistema
2023-12-01T14:00:00,229.26911,Sistema
2023-12-01T15:00:00,222.39124,Sistema
2023-12-01T16:00:00,221.63811,Sistema
2023-12-01T17:00:00,225.72978,Sistema
2023-12-01T18:00:00,231.73468,Sistema
2023-12-01T19:00:00,231.0715,Sistema
2023-12-01T20:00:00,232.31124,Sistema
2023-12-01T21:00:00,237.90429,Sistema
2023-12-01T22:00:00,236.81183,Sistema
2023-12-01T23:00:00,246.96659,Sistema
2023-12-01T24:00:00,262.26196,Sistema
2023-12-02T01:00:00,273.70976,Sistema
2023-12-02T02:00:00,274.94793,Sistema
2023-12-02T03:00:00,277.97041,Sistema
2023-12-02T04:00:00,281.05227,Sistema
2023-12-02T05:00:00,275.79283,Sistema
2023-12-02T06:00:00,276.57345,Sistema
2023-12-02T07:00:00,270.97767,Sistema
2023-12-02T08:00:00,273.73071,Sistema
2023-12-02T09:00:00,263.46026,Sistema
2023-12-02T10:00:00,251.39188,Sistema
2023-12-02T11:00:00,243.47848,Sistema
2023-12-02T12:00:00,242.95816,Sistema
2023-12-02T13:00:00,253.19749,Sistema
2023-12-02T14:00:00,257.33824,Sistema
2023-12-02T15:00:00,259.62965,Sistema
2023-12-02T16:00:00,265.19756,Sistema
2023-12-02T17:00:00,269.1959,Sistema
2023-12-02T18:00:00,267.57133,Sistema
2023-12-02T19:00:00,254.08041,Sistema
2023-12-02T20:00:00,260.46859,Sistema
2023-12-02T21:00:00,266.24578,Sistema
2023-12-02T22:00:00,271.07595,Sistema
2023-12-02T23:00:00,273.31798,Sistema
2023-12-02T24:00:00,279.49183,Sistema
2023-12-03T01:00:00,288.32717,Sistema
2023-12-03T02:00:00,301.43971,Sistema
2023-12-03T03:00:00,317.21351,Sistema
2023-12-03T04:00:00,325.54799,Sistema
2023-12-03T05:00:00,332.53091,Sistema
2023-12-03T06:00:00,336.66874,Sistema
2023-12-03T07:00:00,337.84875,Sistema
2023-12-03T08:00:00,327.61832,Sistema
2023-12-03T09:00:00,314.67345,Sistema
2023-12-03T10:00:00,314.85009,Sistema
2023-12-03T11:00:00,315.74497,Sistema
2023-12-03T12:00:00,302.31248,Sistema
2023-12-03T13:00:00,293.43401,Sistema
2023-12-03T14:00:00,293.04434,Sistema
2023-12-03T15:00:00,294.81208,Sistema
2023-12-03T16:00:00,299.83435,Sistema
2023-12-03T17:00:00,310.00003,Sistema
2023-12-03T18:00:00,306.9895,Sistema
2023-12-03T19:00:00,282.73371,Sistema
2023-12-03T20:00:00,280.12826,Sistema
2023-12-03T21:00:00,284.89503,Sistema
2023-12-03T22:00:00,280.42192,Sistema
2023-12-03T23:00:00,280.73344,Sistema
2023-12-03T24:00:00,278.63332,Sistema
2023-12-04T01:00:00,282.18774,Sistema
2023-12-04T02:00:00,294.76836,Sistema
2023-12-04T03:00:00,298.81563,Sistema
2023-12-04T04:00:00,293.83134,Sistema
2023-12-04T05:00:00,292.40779,Sistema
2023-12-04T06:00:00,294.7738,Sistema
2023-12-04T07:00:00,300.63866,Sistema
2023-12-04T08:00:00,289.47674,Sistema
2023-12-04T09:00:00,278.72198,Sistema
2023-12-04T10:00:00,266.14665,Sistema
2023-12-04T11:00:00,255.48324,Sistema
2023-12-04T12:00:00,250.43472,Sistema
2023-12-04T13:00:00,257.07804,Sistema
2023-12-04T14:00:00,262.69504,Sistema
2023-12-04T15:00:00,257.44271,Sistema
2023-12-04T16:00:00,252.77932,Sistema
2023-12-04T17:00:00,256.93762,Sistema
2023-12-04T18:00:00,262.53382,Sistema
2023-12-04T19:00:00,253.0261,Sistema
2023-12-04T20:00:00,251.40432,Sistema
2023-12-04T21:00:00,246.69215,Sistema
2023-12-04T22:00:00,245.4917,Sistema
2023-12-04T23:00:00,239.23145,Sistema
2023-12-04T24:00:00,247.4846,Sistema
2023-12-05T01:00:00,258.82805,Sistema
2023-12-05T02:00:00,271.00944,Sistema
2023-12-05T03:00:00,275.65924,Sistema
2023-12-05T04:00:00,272.26581,Sistema
2023-12-05T05:00:00,275.50924,Sistema
2023-12-05T06:00:00,268.09163,Sistema
2023-12-05T07:00:00,258.57531,Sistema
2023-12-05T08:00:00,238.91115,Sistema
2023-12-05T09:00:00,227.60726,Sistema
2023-12-05T10:00:00,222.75356,Sistema
2023-12-05T11:00:00,215.05008,Sistema
2023-12-05T12:00:00,208.78779,Sistema
2023-12-05T13:00:00,206.83149,Sistema
2023-12-05T14:00:00,205.27666,Sistema
2023-12-05T15:00:00,211.47743,Sistema
2023-12-05T16:00:00,213.73771,Sistema
2023-12-05T17:00:00,218.33287,Sistema
2023-12-05T18:00:00,225.27573,Sistema
2023-12-05T19:00:00,219.1783,Sistema
2023-12-05T20:00:00,219.44713,Sistema
2023-12-05T21:00:00,222.83568,Sistema
2023-12-05T22:00:00,231.64012,Sistema
2023-12-05T23:00:00,245.97674,Sistema
2023-12-05T24:00:00,261.13026,Sistema
2023-12-06T01:00:00,284.39868,Sistema
2023-12-06T02:00:00,294.21354,Sistema
2023-12-06T03:00:00,301.76131,Sistema
2023-12-06T04:00:00,306.97803,Sistema
2023-12-06T05:00:00,306.04709,Sistema
2023-12-06T06:00:00,300.35896,Sistema
2023-12-06T07:00:00,284.87587,Sistema
2023-12-06T08:00:00,267.23335,Sistema
2023-12-06T09:00:00,253.9644,Sistema
2023-12-06T10:00:00,247.21713,Sistema
2023-12-06T11:00:00,246.41697,Sistema
2023-12-06T12:00:00,239.86862,Sistema
2023-12-06T13:00:00,240.99548,Sistema
2023-12-06T14:00:00,237.48746,Sistema
2023-12-06T15:00:00,233.35723,Sistema
2023-12-06T16:00:00,237.84978,Sistema
2023-12-06T17:00:00,240.69577,Sistema
2023-12-06T18:00:00,247.50225,Sistema
2023-12-06T19:00:00,236.8916,Sistema
2023-12-06T20:00:00,240.11355,Sistema
2023-12-06T21:00:00,243.33601,Sistema
2023-12-06T22:00:00,250.56648,Sistema
2023-12-06T23:00:00,257.1826,Sistema
2023-12-06T24:00:00,269.30536,Sistema
2023-12-07T01:00:00,280.27908,Sistema
2023-12-07T02:00:00,289.46587,Sistema
2023-12-07T03:00:00,296.54503,Sistema
2023-12-07T04:00:00,302.74601,Sistema
2023-12-07T05:00:00,309.05869,Sistema
2023-12-07T06:00:00,300.75165,Sistema
2023-12-07T07:00:00,291.34291,Sistema
2023-12-07T08:00:00,270.97222,Sistema
2023-12-07T09:00:00,255.8278,Sistema
2023-12-07T10:00:00,247.31186,Sistema
2023-12-07T11:00:00,240.44861,Sistema
2023-12-07T12:00:00,233.18777,Sistema
2023-12-07T13:00:00,234.55743,Sistema
2023-12-07T14:00:00,228.76563,Sistema
2023-12-07T15:00:00,214.45732,Sistema
2023-12-07T16:00:00,223.6576,Sistema
2023-12-07T17:00:00,237.07682,Sistema
2023-12-07T18:00:00,245.31698,Sistema
2023-12-07T19:00:00,239.00372,Sistema
2023-12-07T20:00:00,247.58403,Sistema
2023-12-07T21:00:00,255.97001,Sistema
2023-12-07T22:00:00,271.83518,Sistema
2023-12-07T23:00:00,278.70759,Sistema
2023-12-07T24:00:00,287.05439,Sistema
2023-12-08T01:00:00,302.4263,Sistema
2023-12-08T02:00:00,311.73842,Sistema
2023-12-08T03:00:00,319.1193,Sistema
2023-12-08T04:00:00,324.74373,Sistema
2023-12-08T05:00:00,326.59618,Sistema
2023-12-08T06:00:00,329.62968,Sistema
2023-12-08T07:00:00,338.44381,Sistema
2023-12-08T08:00:00,325.59179,Sistema
2023-12-08T09:00:00,311.08039,Sistema
2023-12-08T10:00:00,293.01233,Sistema
2023-12-08T11:00:00,280.02076,Sistema
2023-12-08T12:00:00,288.26452,Sistema
2023-12-08T13:00:00,285.39262,Sistema
2023-12-08T14:00:00,286.53861,Sistema
2023-12-08T15:00:00,290.45037,Sistema
2023-12-08T16:00:00,293.08835,Sistema
2023-12-08T17:00:00,294.96358,Sistema
2023-12-08T18:00:00,293.51454,Sistema
2023-12-08T19:00:00,269.17425,Sistema
2023-12-08T20:00:00,276.47103,Sistema
2023-12-08T21:00:00,272.1233,Sistema
2023-12-08T22:00:00,294.42475,Sistema
2023-12-08T23:00:00,291.73099,Sistema
2023-12-08T24:00:00,303.12651,Sistema
2023-12-09T01:00:00,313.69786,Sistema
2023-12-09T02:00:00,320.96243,Sistema
2023-12-09T03:00:00,320.03998,Sistema
2023-12-09T04:00:00,323.85164,Sistema
2023-12-09T05:00:00,325.09333,Sistema
2023-12-09T06:00:00,319.2381,Sistema
2023-12-09T07:00:00,311.77252,Sistema
2023-12-09T08:00:00,291.4549,Sistema
2023-12-09T09:00:00,275.60336,Sistema
2023-12-09T10:00:00,265.05551,Sistema
2023-12-09T11:00:00,253.92384,Sistema
2023-12-09T12:00:00,252.11057,Sistema
2023-12-09T13:00:00,262.31768,Sistema
2023-12-09T14:00:00,273.01514,Sistema
2023-12-09T15:00:00,273.75397,Sistema
2023-12-09T16:00:00,276.5611,Sistema
2023-12-09T17:00:00,280.18458,Sistema
2023-12-09T18:00:00,281.04929,Sistema
2023-12-09T19:00:00,261.33845,Sistema
2023-12-09T20:00:00,263.00587,Sistema
2023-12-09T21:00:00,272.28062,Sistema
2023-12-09T22:00:00,287.78167,Sistema
2023-12-09T23:00:00,294.02846,Sistema
2023-12-09T24:00:00,303.88957,Sistema
2023-12-10T01:00:00,324.77635,Sistema
2023-12-10T02:00:00,337.96784,Sistema
2023-12-10T03:00:00,353.39055,Sistema
2023-12-10T04:00:00,360.53207,Sistema
2023-12-10T05:00:00,361.10923,Sistema
2023-12-10T06:00:00,354.28673,Sistema
2023-12-10T07:00:00,360.53983,Sistema
2023-12-10T08:00:00,347.46806,Sistema
2023-12-10T09:00:00,335.98617,Sistema
2023-12-10T10:00:00,324.27625,Sistema
2023-12-10T11:00:00,319.95811,Sistema
2023-12-10T12:00:00,304.364,Sistema
2023-12-10T13:00:00,291.47918,Sistema
2023-12-10T14:00:00,295.3939,Sistema
2023-12-10T15:00:00,297.9468,Sistema
2023-12-10T16:00:00,300.15418,Sistema
2023-12-10T17:00:00,301.01973,Sistema
2023-12-10T18:00:00,296.89917,Sistema
2023-12-10T19:00:00,271.61958,Sistema
2023-12-10T20:00:00,268.86281,Sistema
2023-12-10T21:00:00,262.95274,Sistema
2023-12-10T22:00:00,268.80289,Sistema
2023-12-10T23:00:00,274.57011,Sistema
2023-12-10T24:00:00,287.17614,Sistema
2023-12-11T01:00:00,298.16537,Sistema
2023-12-11T02:00:00,306.0965,Sistema
2023-12-11T03:00:00,311.98806,Sistema
2023-12-11T04:00:00,319.39555,Sistema
2023-12-11T05:00:00,313.28526,Sistema
2023-12-11T06:00:00,303.81223,Sistema
2023-12-11T07:00:00,295.74353,Sistema
2023-12-11T08:00:00,274.57914,Sistema
2023-12-11T09:00:00,256.82762,Sistema
2023-12-11T10:00:00,249.16896,Sistema
2023-12-11T11:00:00,249.32396,Sistema
2023-12-11T12:00:00,246.97229,Sistema
2023-12-11T13:00:00,256.77965,Sistema
2023-12-11T14:00:00,254.45267,Sistema
2023-12-11T15:00:00,245.83177,Sistema
2023-12-11T16:00:00,251.28813,Sistema
2023-12-11T17:00:00,259.33471,Sistema
2023-12-11T18:00:00,269.23087,Sistema
2023-12-11T19:00:00,255.33238,Sistema
2023-12-11T20:00:00,253.21582,Sistema
2023-12-11T21:00:00,260.93485,Sistema
2023-12-11T22:00:00,269.67279,Sistema
2023-12-11T23:00:00,279.5552,Sistema
2023-12-11T24:00:00,289.27308,Sistema
2023-12-12T01:00:00,316.94966,Sistema
2023-12-12T02:00:00,317.04714,Sistema
2023-12-12T03:00:00,318.74142,Sistema
2023-12-12T04:00:00,322.4888,Sistema
2023-12-12T05:00:00,317.62627,Sistema
2023-12-12T06:00:00,311.90055,Sistema
2023-12-12T07:00:00,305.572,Sistema
2023-12-12T08:00:00,288.52812,Sistema
2023-12-12T09:00:00,274.5988,Sistema
2023-12-12T10:00:00,264.56928,Sistema
2023-12-12T11:00:00,254.12519,Sistema
2023-12-12T12:00:00,244.11393,Sistema
2023-12-12T13:00:00,244.01272,Sistema
2023-12-12T14:00:00,244.37844,Sistema
2023-12-12T15:00:00,246.59089,Sistema
2023-12-12T16:00:00,248.56289,Sistema
2023-12-12T17:00:00,253.5785,Sistema
2023-12-12T18:00:00,262.9834,Sistema
2023-12-12T19:00:00,253.15868,Sistema
2023-12-12T20:00:00,253.64283,Sistema
2023-12-12T21:00:00,259.94554,Sistema
2023-12-12T22:00:00,267.02896,Sistema
2023-12-12T23:00:00,275.00406,Sistema
2023-12-12T24:00:00,286.48991,Sistema
2023-12-13T01:00:00,323.40076,Sistema
2023-12-13T02:00:00,332.4085,Sistema
2023-12-13T03:00:00,334.68309,Sistema
2023-12-13T04:00:00,335.47208,Sistema
2023-12-13T05:00:00,338.07037,Sistema
2023-12-13T06:00:00,331.00879,Sistema
2023-12-13T07:00:00,322.17812,Sistema
2023-12-13T08:00:00,291.18296,Sistema
2023-12-13T09:00:00,275.2867,Sistema
2023-12-13T10:00:00,272.78131,Sistema
2023-12-13T11:00:00,271.68043,Sistema
2023-12-13T12:00:00,255.65721,Sistema
2023-12-13T13:00:00,259.01394,Sistema
2023-12-13T14:00:00,254.9368,Sistema
2023-12-13T15:00:00,251.36309,Sistema
2023-12-13T16:00:00,251.31769,Sistema
2023-12-13T17:00:00,256.08706,Sistema
2023-12-13T18:00:00,256.63486,Sistema
2023-12-13T19:00:00,252.91336,Sistema
2023-12-13T20:00:00,252.48852,Sistema
2023-12-13T21:00:00,260.26677,Sistema
2023-12-13T22:00:00,265.35358,Sistema
2023-12-13T23:00:00,279.85354,Sistema
2023-12-13T24:00:00,286.51837,Sistema
2023-12-14T01:00:00,302.04142,Sistema
2023-12-14T02:00:00,311.41995,Sistema
2023-12-14T03:00:00,319.87201,Sistema
2023-12-14T04:00:00,333.19028,Sistema
2023-12-14T05:00:00,335.36865,Sistema
2023-12-14T06:00:00,331.01614,Sistema
2023-12-14T07:00:00,328.56857,Sistema
2023-12-14T08:00:00,321.38767,Sistema
2023-12-14T09:00:00,306.51003,Sistema
2023-12-14T10:00:00,299.49644,Sistema
2023-12-14T11:00:00,281.0127,Sistema
2023-12-14T12:00:00,273.04066,Sistema
2023-12-14T13:00:00,269.79744,Sistema
2023-12-14T14:00:00,247.0588,Sistema
2023-12-14T15:00:00,243.88519,Sistema
2023-12-14T16:00:00,244.0689,Sistema
2023-12-14T17:00:00,245.37337,Sistema
2023-12-14T18:00:00,257.18162,Sistema
2023-12-14T19:00:00,244.45549,Sistema
2023-12-14T20:00:00,244.54582,Sistema
2023-12-14T21:00:00,253.31455,Sistema
2023-12-14T22:00:00,270.03107,Sistema
2023-12-14T23:00:00,285.74718,Sistema
2023-12-14T24:00:00,305.59023,Sistema
2023-12-15T01:00:00,320.36709,Sistema
2023-12-15T02:00:00,332.96416,Sistema
2023-12-15T03:00:00,330.58967,Sistema
2023-12-15T04:00:00,334.34096,Sistema
2023-12-15T05:00:00,333.75724,Sistema
2023-12-15T06:00:00,325.20169,Sistema
2023-12-15T07:00:00,316.19561,Sistema
2023-12-15T08:00:00,293.57531,Sistema
2023-12-15T09:00:00,284.74845,Sistema
2023-12-15T10:00:00,280.23472,Sistema
2023-12-15T11:00:00,274.89502,Sistema
2023-12-15T12:00:00,272.28342,Sistema
2023-12-15T13:00:00,274.93448,Sistema
2023-12-15T14:00:00,278.01668,Sistema
2023-12-15T15:00:00,272.26156,Sistema
2023-12-15T16:00:00,274.0928,Sistema
2023-12-15T17:00:00,281.7098,Sistema
2023-12-15T18:00:00,283.36476,Sistema
2023-12-15T19:00:00,273.72834,Sistema
2023-12-15T20:00:00,276.35094,Sistema
2023-12-15T21:00:00,283.55379,Sistema
2023-12-15T22:00:00,293.56644,Sistema
2023-12-15T23:00:00,302.08457,Sistema
2023-12-15T24:00:00,316.77104,Sistema
2023-12-16T01:00:00,322.34747,Sistema
2023-12-16T02:00:00,326.03359,Sistema
2023-12-16T03:00:00,337.26775,Sistema
2023-12-16T04:00:00,349.67414,Sistema
2023-12-16T05:00:00,348.34425,Sistema
2023-12-16T06:00:00,349.84266,Sistema
2023-12-16T07:00:00,350.30373,Sistema
2023-12-16T08:00:00,331.02434,Sistema
2023-12-16T09:00:00,306.4594,Sistema
2023-12-16T10:00:00,297.25986,Sistema
2023-12-16T11:00:00,292.97131,Sistema
2023-12-16T12:00:00,288.32807,Sistema
2023-12-16T13:00:00,288.74371,Sistema
2023-12-16T14:00:00,291.67712,Sistema
2023-12-16T15:00:00,293.21332,Sistema
2023-12-16T16:00:00,296.38762,Sistema
2023-12-16T17:00:00,301.57771,Sistema
2023-12-16T18:00:00,298.14723,Sistema
2023-12-16T19:00:00,284.28302,Sistema
2023-12-16T20:00:00,288.6057,Sistema
2023-12-16T21:00:00,295.57394,Sistema
2023-12-16T22:00:00,299.68632,Sistema
2023-12-16T23:00:00,309.62087,Sistema
2023-12-16T24:00:00,323.86274,Sistema
2023-12-17T01:00:00,344.04192,Sistema
2023-12-17T02:00:00,349.53011,Sistema
2023-12-17T03:00:00,369.7126,Sistema
2023-12-17T04:00:00,378.59914,Sistema
2023-12-17T05:00:00,383.80432,Sistema
2023-12-17T06:00:00,386.18544,Sistema
2023-12-17T07:00:00,387.92138,Sistema
2023-12-17T08:00:00,371.48234,Sistema
2023-12-17T09:00:00,369.30328,Sistema
2023-12-17T10:00:00,364.10158,Sistema
2023-12-17T11:00:00,334.41336,Sistema
2023-12-17T12:00:00,328.98151,Sistema
2023-12-17T13:00:00,320.58855,Sistema
2023-12-17T14:00:00,317.35531,Sistema
2023-12-17T15:00:00,318.15088,Sistema
2023-12-17T16:00:00,327.27324,Sistema
2023-12-17T17:00:00,329.86834,Sistema
2023-12-17T18:00:00,329.88881,Sistema
2023-12-17T19:00:00,300.53707,Sistema
2023-12-17T20:00:00,292.3796,Sistema
2023-12-17T21:00:00,294.17493,Sistema
2023-12-17T22:00:00,292.8851,Sistema
2023-12-17T23:00:00,303.0318,Sistema
2023-12-17T24:00:00,321.91993,Sistema
2023-12-18T01:00:00,327.66593,Sistema
2023-12-18T02:00:00,325.57207,Sistema
2023-12-18T03:00:00,326.25795,Sistema
2023-12-18T04:00:00,324.55244,Sistema
2023-12-18T05:00:00,321.15621,Sistema
2023-12-18T06:00:00,313.12827,Sistema
2023-12-18T07:00:00,302.03225,Sistema
2023-12-18T08:00:00,273.81075,Sistema
2023-12-18T09:00:00,261.46229,Sistema
2023-12-18T10:00:00,248.54904,Sistema
2023-12-18T11:00:00,239.14723,Sistema
2023-12-18T12:00:00,231.80165,Sistema
2023-12-18T13:00:00,233.26121,Sistema
2023-12-18T14:00:00,233.93064,Sistema
2023-12-18T15:00:00,229.60136,Sistema
2023-12-18T16:00:00,234.45621,Sistema
2023-12-18T17:00:00,239.17615,Sistema
2023-12-18T18:00:00,238.27243,Sistema
2023-12-18T19:00:00,224.59235,Sistema
2023-12-18T20:00:00,222.32284,Sistema
2023-12-18T21:00:00,225.18914,Sistema
2023-12-18T22:00:00,227.74491,Sistema
2023-12-18T23:00:00,239.09029,Sistema
2023-12-18T24:00:00,253.76869,Sistema
2023-12-19T01:00:00,250.3096,Sistema
2023-12-19T02:00:00,248.56082,Sistema
2023-12-19T03:00:00,253.04105,Sistema
2023-12-19T04:00:00,250.59497,Sistema
2023-12-19T05:00:00,242.27408,Sistema
2023-12-19T06:00:00,251.31621,Sistema
2023-12-19T07:00:00,255.83254,Sistema
2023-12-19T08:00:00,253.22795,Sistema
2023-12-19T09:00:00,243.82105,Sistema
2023-12-19T10:00:00,242.15863,Sistema
2023-12-19T11:00:00,238.99298,Sistema
2023-12-19T12:00:00,246.10953,Sistema
2023-12-19T13:00:00,241.09129,Sistema
2023-12-19T14:00:00,243.20965,Sistema
2023-12-19T15:00:00,239.17737,Sistema
2023-12-19T16:00:00,238.52457,Sistema
2023-12-19T17:00:00,243.99665,Sistema
2023-12-19T18:00:00,257.58291,Sistema
2023-12-19T19:00:00,257.39188,Sistema
2023-12-19T20:00:00,257.28615,Sistema
2023-12-19T21:00:00,247.13956,Sistema
2023-12-19T22:00:00,250.81674,Sistema
2023-12-19T23:00:00,256.55851,Sistema
2023-12-19T24:00:00,263.42031,Sistema
2023-12-20T01:00:00,245.05381,Sistema
2023-12-20T02:00:00,224.8152,Sistema
2023-12-20T03:00:00,219.91769,Sistema
2023-12-20T04:00:00,219.55049,Sistema
2023-12-20T05:00:00,224.94311,Sistema
2023-12-20T06:00:00,234.53844,Sistema
2023-12-20T07:00:00,228.74184,Sistema
2023-12-20T08:00:00,217.45614,Sistema
2023-12-20T09:00:00,216.01149,Sistema
2023-12-20T10:00:00,211.15302,Sistema
2023-12-20T11:00:00,214.56788,Sistema
2023-12-20T12:00:00,212.46171,Sistema
2023-12-20T13:00:00,208.15504,Sistema
2023-12-20T14:00:00,211.303,Sistema
2023-12-20T15:00:00,209.5227,Sistema
2023-12-20T16:00:00,212.14619,Sistema
2023-12-20T17:00:00,215.75595,Sistema
2023-12-20T18:00:00,218.27875,Sistema
2023-12-20T19:00:00,207.51783,Sistema
2023-12-20T20:00:00,206.16906,Sistema
2023-12-20T21:00:00,205.05052,Sistema
2023-12-20T22:00:00,215.37751,Sistema
2023-12-20T23:00:00,222.4929,Sistema
2023-12-20T24:00:00,235.18791,Sistema
2023-12-21T01:00:00,224.12607,Sistema
2023-12-21T02:00:00,215.43216,Sistema
2023-12-21T03:00:00,212.51757,Sistema
2023-12-21T04:00:00,210.69667,Sistema
2023-12-21T05:00:00,209.17105,Sistema
2023-12-21T06:00:00,206.35216,Sistema
2023-12-21T07:00:00,206.97241,Sistema
2023-12-21T08:00:00,200.95089,Sistema
2023-12-21T09:00:00,197.79538,Sistema
2023-12-21T10:00:00,193.20591,Sistema
2023-12-21T11:00:00,185.53276,Sistema
2023-12-21T12:00:00,181.15469,Sistema
2023-12-21T13:00:00,183.6782,Sistema
2023-12-21T14:00:00,183.14012,Sistema
2023-12-21T15:00:00,182.10143,Sistema
2023-12-21T16:00:00,185.80396,Sistema
2023-12-21T17:00:00,192.37835,Sistema
2023-12-21T18:00:00,198.45627,Sistema
2023-12-21T19:00:00,189.33009,Sistema
2023-12-21T20:00:00,184.95316,Sistema
2023-12-21T21:00:00,189.27552,Sistema
2023-12-21T22:00:00,190.1256,Sistema
2023-12-21T23:00:00,197.9722,Sistema
2023-12-21T24:00:00,200.91597,Sistema
2023-12-22T01:00:00,205.07279,Sistema
2023-12-22T02:00:00,208.89639,Sistema
2023-12-22T03:00:00,211.58925,Sistema
2023-12-22T04:00:00,208.74,Sistema
2023-12-22T05:00:00,207.07949,Sistema
2023-12-22T06:00:00,205.41115,Sistema
2023-12-22T07:00:00,196.3901,Sistema
2023-12-22T08:00:00,187.11233,Sistema
2023-12-22T09:00:00,178.71189,Sistema
2023-12-22T10:00:00,173.4853,Sistema
2023-12-22T11:00:00,171.91795,Sistema
2023-12-22T12:00:00,171.63712,Sistema
2023-12-22T13:00:00,170.99344,Sistema
2023-12-22T14:00:00,169.38334,Sistema
2023-12-22T15:00:00,168.36931,Sistema
2023-12-22T16:00:00,170.08606,Sistema
2023-12-22T17:00:00,175.15521,Sistema
2023-12-22T18:00:00,176.78166,Sistema
2023-12-22T19:00:00,169.77047,Sistema
2023-12-22T20:00:00,173.10354,Sistema
2023-12-22T21:00:00,174.2685,Sistema
2023-12-22T22:00:00,181.70532,Sistema
2023-12-22T23:00:00,186.32429,Sistema
2023-12-22T24:00:00,201.87692,Sistema
2023-12-23T01:00:00,210.14716,Sistema
2023-12-23T02:00:00,218.90045,Sistema
2023-12-23T03:00:00,233.80156,Sistema
2023-12-23T04:00:00,239.75293,Sistema
2023-12-23T05:00:00,238.69556,Sistema
2023-12-23T06:00:00,236.00108,Sistema
2023-12-23T07:00:00,237.83871,Sistema
2023-12-23T08:00:00,230.83373,Sistema
2023-12-23T09:00:00,224.80878,Sistema
2023-12-23T10:00:00,219.01278,Sistema
2023-12-23T11:00:00,212.6059,Sistema
2023-12-23T12:00:00,211.28638,Sistema
2023-12-23T13:00:00,214.72691,Sistema
2023-12-23T14:00:00,216.40003,Sistema
2023-12-23T15:00:00,216.47623,Sistema
2023-12-23T16:00:00,216.62283,Sistema
2023-12-23T17:00:00,221.27926,Sistema
2023-12-23T18:00:00,226.46378,Sistema
2023-12-23T19:00:00,212.23903,Sistema
2023-12-23T20:00:00,212.17103,Sistema
2023-12-23T21:00:00,218.46348,Sistema
2023-12-23T22:00:00,224.92961,Sistema
2023-12-23T23:00:00,233.48671,Sistema
2023-12-23T24:00:00,251.00845,Sistema
2023-12-24T01:00:00,264.08117,Sistema
2023-12-24T02:00:00,282.0906,Sistema
2023-12-24T03:00:00,288.02903,Sistema
2023-12-24T04:00:00,299.77177,Sistema
2023-12-24T05:00:00,294.76578,Sistema
2023-12-24T06:00:00,292.88878,Sistema
2023-12-24T07:00:00,306.70564,Sistema
2023-12-24T08:00:00,294.6589,Sistema
2023-12-24T09:00:00,287.32393,Sistema
2023-12-24T10:00:00,276.30108,Sistema
2023-12-24T11:00:00,278.4635,Sistema
2023-12-24T12:00:00,275.53004,Sistema
2023-12-24T13:00:00,275.10517,Sistema
2023-12-24T14:00:00,273.58501,Sistema
2023-12-24T15:00:00,273.10094,Sistema
2023-12-24T16:00:00,274.10099,Sistema
2023-12-24T17:00:00,277.47859,Sistema
2023-12-24T18:00:00,275.79111,Sistema
2023-12-24T19:00:00,250.74068,Sistema
2023-12-24T20:00:00,252.42224,Sistema
2023-12-24T21:00:00,263.92709,Sistema
2023-12-24T22:00:00,281.10246,Sistema
2023-12-24T23:00:00,296.77236,Sistema
2023-12-24T24:00:00,300.27122,Sistema
2023-12-25T01:00:00,306.28913,Sistema
2023-12-25T02:00:00,308.80535,Sistema
2023-12-25T03:00:00,315.78987,Sistema
2023-12-25T04:00:00,316.70961,Sistema
2023-12-25T05:00:00,310.7698,Sistema
2023-12-25T06:00:00,301.12873,Sistema
2023-12-25T07:00:00,308.06416,Sistema
2023-12-25T08:00:00,309.5827,Sistema
2023-12-25T09:00:00,305.1597,Sistema
2023-12-25T10:00:00,297.60043,Sistema
2023-12-25T11:00:00,287.99529,Sistema
2023-12-25T12:00:00,281.24858,Sistema
2023-12-25T13:00:00,282.15597,Sistema
2023-12-25T14:00:00,294.45677,Sistema
2023-12-25T15:00:00,299.54516,Sistema
2023-12-25T16:00:00,304.18277,Sistema
2023-12-25T17:00:00,309.18506,Sistema
2023-12-25T18:00:00,312.60545,Sistema
2023-12-25T19:00:00,285.35266,Sistema
2023-12-25T20:00:00,288.85896,Sistema
2023-12-25T21:00:00,293.98217,Sistema
2023-12-25T22:00:00,303.72368,Sistema
2023-12-25T23:00:00,315.63564,Sistema
2023-12-25T24:00:00,312.35882,Sistema
2023-12-26T01:00:00,277.36078,Sistema
2023-12-26T02:00:00,250.82751,Sistema
2023-12-26T03:00:00,236.72113,Sistema
2023-12-26T04:00:00,243.21495,Sistema
2023-12-26T05:00:00,241.76012,Sistema
2023-12-26T06:00:00,238.66194,Sistema
2023-12-26T07:00:00,239.67748,Sistema
2023-12-26T08:00:00,250.22303,Sistema
2023-12-26T09:00:00,247.61136,Sistema
2023-12-26T10:00:00,237.15633,Sistema
2023-12-26T11:00:00,235.72769,Sistema
2023-12-26T12:00:00,235.16844,Sistema
2023-12-26T13:00:00,236.21221,Sistema
2023-12-26T14:00:00,233.42031,Sistema
2023-12-26T15:00:00,228.27577,Sistema
2023-12-26T16:00:00,228.95663,Sistema
2023-12-26T17:00:00,232.37602,Sistema
2023-12-26T18:00:00,237.99227,Sistema
2023-12-26T19:00:00,243.78344,Sistema
2023-12-26T20:00:00,236.99857,Sistema
2023-12-26T21:00:00,234.51405,Sistema
2023-12-26T22:00:00,229.35663,Sistema
2023-12-26T23:00:00,223.89892,Sistema
2023-12-26T24:00:00,231.28419,Sistema
2023-12-27T01:00:00,246.41166,Sistema
2023-12-27T02:00:00,247.0857,Sistema
2023-12-27T03:00:00,242.13854,Sistema
2023-12-27T04:00:00,243.00099,Sistema
2023-12-27T05:00:00,240.68949,Sistema
2023-12-27T06:00:00,240.57802,Sistema
2023-12-27T07:00:00,239.51961,Sistema
2023-12-27T08:00:00,232.124,Sistema
2023-12-27T09:00:00,229.65972,Sistema
2023-12-27T10:00:00,227.81446,Sistema
2023-12-27T11:00:00,223.77539,Sistema
2023-12-27T12:00:00,225.547,Sistema
2023-12-27T13:00:00,227.78666,Sistema
2023-12-27T14:00:00,235.77673,Sistema
2023-12-27T15:00:00,236.50748,Sistema
2023-12-27T16:00:00,232.21623,Sistema
2023-12-27T17:00:00,234.54762,Sistema
2023-12-27T18:00:00,247.5207,Sistema
2023-12-27T19:00:00,243.1923,Sistema
2023-12-27T20:00:00,236.32367,Sistema
2023-12-27T21:00:00,234.95558,Sistema
2023-12-27T22:00:00,228.84615,Sistema
2023-12-27T23:00:00,229.40593,Sistema
2023-12-27T24:00:00,234.03728,Sistema
2023-12-28T01:00:00,241.00523,Sistema
2023-12-28T02:00:00,245.98727,Sistema
2023-12-28T03:00:00,250.89996,Sistema
2023-12-28T04:00:00,251.97389,Sistema
2023-12-28T05:00:00,250.23829,Sistema
2023-12-28T06:00:00,251.36507,Sistema
2023-12-28T07:00:00,253.22159,Sistema
2023-12-28T08:00:00,241.2628,Sistema
2023-12-28T09:00:00,231.7231,Sistema
2023-12-28T10:00:00,233.62181,Sistema
2023-12-28T11:00:00,246.72374,Sistema
2023-12-28T12:00:00,243.06649,Sistema
2023-12-28T13:00:00,245.42891,Sistema
2023-12-28T14:00:00,244.94656,Sistema
2023-12-28T15:00:00,238.42592,Sistema
2023-12-28T16:00:00,237.72078,Sistema
2023-12-28T17:00:00,237.54548,Sistema
2023-12-28T18:00:00,237.36721,Sistema
2023-12-28T19:00:00,226.72319,Sistema
2023-12-28T20:00:00,219.89807,Sistema
2023-12-28T21:00:00,219.64434,Sistema
2023-12-28T22:00:00,210.19592,Sistema
2023-12-28T23:00:00,209.3776,Sistema
2023-12-28T24:00:00,218.68236,Sistema
2023-12-29T01:00:00,231.32846,Sistema
2023-12-29T02:00:00,237.74203,Sistema
2023-12-29T03:00:00,239.21409,Sistema
2023-12-29T04:00:00,243.39583,Sistema
2023-12-29T05:00:00,249.67727,Sistema
2023-12-29T06:00:00,254.70136,Sistema
2023-12-29T07:00:00,256.02167,Sistema
2023-12-29T08:00:00,252.84826,Sistema
2023-12-29T09:00:00,249.46346,Sistema
2023-12-29T10:00:00,238.99747,Sistema
2023-12-29T11:00:00,234.85335,Sistema
2023-12-29T12:00:00,232.51634,Sistema
2023-12-29T13:00:00,231.81235,Sistema
2023-12-29T14:00:00,232.8211,Sistema
2023-12-29T15:00:00,230.52182,Sistema
2023-12-29T16:00:00,226.45353,Sistema
2023-12-29T17:00:00,230.48519,Sistema
2023-12-29T18:00:00,231.74545,Sistema
2023-12-29T19:00:00,221.03154,Sistema
2023-12-29T20:00:00,215.91517,Sistema
2023-12-29T21:00:00,211.59298,Sistema
2023-12-29T22:00:00,207.52533,Sistema
2023-12-29T23:00:00,215.60361,Sistema
2023-12-29T24:00:00,226.26547,Sistema
2023-12-30T01:00:00,208.7952,Sistema
2023-12-30T02:00:00,189.48423,Sistema
2023-12-30T03:00:00,176.80424,Sistema
2023-12-30T04:00:00,162.06904,Sistema
2023-12-30T05:00:00,143.30574,Sistema
2023-12-30T06:00:00,133.45867,Sistema
2023-12-30T07:00:00,133.11463,Sistema
2023-12-30T08:00:00,127.49015,Sistema
2023-12-30T09:00:00,115.24153,Sistema
2023-12-30T10:00:00,110.8505,Sistema
2023-12-30T11:00:00,109.10791,Sistema
2023-12-30T12:00:00,110.42959,Sistema
2023-12-30T13:00:00,111.59345,Sistema
2023-12-30T14:00:00,114.69434,Sistema
2023-12-30T15:00:00,114.34829,Sistema
2023-12-30T16:00:00,111.12622,Sistema
2023-12-30T17:00:00,117.07636,Sistema
2023-12-30T18:00:00,132.8476,Sistema
2023-12-30T19:00:00,130.26037,Sistema
2023-12-30T20:00:00,126.87522,Sistema
2023-12-30T21:00:00,128.20951,Sistema
2023-12-30T22:00:00,126.12128,Sistema
2023-12-30T23:00:00,117.01577,Sistema
2023-12-30T24:00:00,111.77446,Sistema
2023-12-31T01:00:00,118.89924,Sistema
2023-12-31T02:00:00,115.2839,Sistema
2023-12-31T03:00:00,103.66584,Sistema
2023-12-31T04:00:00,99.35708,Sistema
2023-12-31T05:00:00,94.41494,Sistema
2023-12-31T06:00:00,94.55677,Sistema
2023-12-31T07:00:00,97.17051,Sistema
2023-12-31T08:00:00,96.02391,Sistema
2023-12-31T09:00:00,97.52814,Sistema
2023-12-31T10:00:00,94.46096,Sistema
2023-12-31T11:00:00,93.01309,Sistema
2023-12-31T12:00:00,91.20286,Sistema
2023-12-31T13:00:00,89.66674,Sistema
2023-12-31T14:00:00,92.48302,Sistema
2023-12-31T15:00:00,95.27834,Sistema
2023-12-31T16:00:00,98.79715,Sistema
2023-12-31T17:00:00,107.54315,Sistema
2023-12-31T18:00:00,108.82249,Sistema
2023-12-31T19:00:00,108.15195,Sistema
2023-12-31T20:00:00,103.70004,Sistema
2023-12-31T21:00:00,100.83172,Sistema
2023-12-31T22:00:00,102.01471,Sistema
2023-12-31T23:00:00,106.56267,Sistema
2023-12-31T24:00:00,109.4973,Sistema
2024-01-01T01:00:00,109.57483,Sistema
2024-01-01T02:00:00,111.84829,Sistema
2024-01-01T03:00:00,129.36718,Sistema
2024-01-01T04:00:00,115.35643,Sistema
2024-01-01T05:00:00,105.1271,Sistema
2024-01-01T06:00:00,103.69548,Sistema
2024-01-01T07:00:00,104.16449,Sistema
2024-01-01T08:00:00,105.72374,Sistema
2024-01-01T09:00:00,103.77532,Sistema
2024-01-01T10:00:00,105.47129,Sistema
2024-01-01T11:00:00,104.52954,Sistema
2024-01-01T12:00:00,101.57026,Sistema
2024-01-01T13:00:00,103.33463,Sistema
2024-01-01T14:00:00,109.12695,Sistema
2024-01-01T15:00:00,117.34864,Sistema
2024-01-01T16:00:00,125.41911,Sistema
2024-01-01T17:00:00,134.7695,Sistema
2024-01-01T18:00:00,142.75224,Sistema
2024-01-01T19:00:00,137.29928,Sistema
2024-01-01T20:00:00,133.89602,Sistema
2024-01-01T21:00:00,135.13311,Sistema
2024-01-01T22:00:00,136.92376,Sistema
2024-01-01T23:00:00,139.83334,Sistema
2024-01-01T24:00:00,147.88932,Sistema
2024-01-02T01:00:00,156.27566,Sistema
2024-01-02T02:00:00,156.01204,Sistema
2024-01-02T03:00:00,155.54425,Sistema
2024-01-02T04:00:00,157.95194,Sistema
2024-01-02T05:00:00,121.29036,Sistema
2024-01-02T06:00:00,122.10963,Sistema
2024-01-02T07:00:00,132.11877,Sistema
2024-01-02T08:00:00,136.89519,Sistema
2024-01-02T09:00:00,139.48662,Sistema
2024-01-02T10:00:00,137.24365,Sistema
2024-01-02T11:00:00,143.35829,Sistema
2024-01-02T12:00:00,140.5679,Sistema
2024-01-02T13:00:00,141.56986,Sistema
2024-01-02T14:00:00,141.80107,Sistema
2024-01-02T15:00:00,142.29634,Sistema
2024-01-02T16:00:00,142.59495,Sistema
2024-01-02T17:00:00,143.41197,Sistema
2024-01-02T18:00:00,143.89538,Sistema
2024-01-02T19:00:00,135.16022,Sistema
2024-01-02T20:00:00,133.27949,Sistema
2024-01-02T21:00:00,139.15515,Sistema
2024-01-02T22:00:00,138.21386,Sistema
2024-01-02T23:00:00,145.82665,Sistema
2024-01-02T24:00:00,143.38574,Sistema
2024-01-03T01:00:00,141.6313,Sistema
2024-01-03T02:00:00,141.24102,Sistema
2024-01-03T03:00:00,142.46626,Sistema
2024-01-03T04:00:00,143.6601,Sistema
2024-01-03T05:00:00,145.23026,Sistema
2024-01-03T06:00:00,145.31966,Sistema
2024-01-03T07:00:00,147.29432,Sistema
2024-01-03T08:00:00,140.99355,Sistema
2024-01-03T09:00:00,142.12882,Sistema
2024-01-03T10:00:00,147.45853,Sistema
2024-01-03T11:00:00,146.66226,Sistema
2024-01-03T12:00:00,139.63493,Sistema
2024-01-03T13:00:00,155.0173,Sistema
2024-01-03T14:00:00,158.93673,Sistema
2024-01-03T15:00:00,160.59633,Sistema
2024-01-03T16:00:00,159.91187,Sistema
2024-01-03T17:00:00,162.19976,Sistema
2024-01-03T18:00:00,169.77268,Sistema
2024-01-03T19:00:00,161.28674,Sistema
2024-01-03T20:00:00,159.01875,Sistema
2024-01-03T21:00:00,159.43002,Sistema
2024-01-03T22:00:00,158.51052,Sistema
2024-01-03T23:00:00,166.56581,Sistema
2024-01-03T24:00:00,173.86032,Sistema
2024-01-04T01:00:00,194.03225,Sistema
2024-01-04T02:00:00,189.82127,Sistema
2024-01-04T03:00:00,187.52274,Sistema
2024-01-04T04:00:00,189.75617,Sistema
2024-01-04T05:00:00,189.98595,Sistema
2024-01-04T06:00:00,192.7904,Sistema
2024-01-04T07:00:00,194.59587,Sistema
2024-01-04T08:00:00,184.29453,Sistema
2024-01-04T09:00:00,180.09371,Sistema
2024-01-04T10:00:00,181.26348,Sistema
2024-01-04T11:00:00,174.51279,Sistema
2024-01-04T12:00:00,172.80922,Sistema
2024-01-04T13:00:00,176.13989,Sistema
2024-01-04T14:00:00,178.19988,Sistema
2024-01-04T15:00:00,178.42237,Sistema
2024-01-04T16:00:00,178.76916,Sistema
2024-01-04T17:00:00,178.79342,Sistema
2024-01-04T18:00:00,183.30184,Sistema
2024-01-04T19:00:00,173.11848,Sistema
2024-01-04T20:00:00,169.09276,Sistema
2024-01-04T21:00:00,171.65103,Sistema
2024-01-04T22:00:00,178.33246,Sistema
2024-01-04T23:00:00,186.97066,Sistema
2024-01-04T24:00:00,192.16103,Sistema
2024-01-05T01:00:00,198.76481,Sistema
2024-01-05T02:00:00,197.66899,Sistema
2024-01-05T03:00:00,204.52443,Sistema
2024-01-05T04:00:00,207.26881,Sistema
2024-01-05T05:00:00,206.74105,Sistema
2024-01-05T06:00:00,202.36629,Sistema
2024-01-05T07:00:00,200.43104,Sistema
2024-01-05T08:00:00,193.99701,Sistema
2024-01-05T09:00:00,184.89621,Sistema
2024-01-05T10:00:00,179.28439,Sistema
2024-01-05T11:00:00,171.63362,Sistema
2024-01-05T12:00:00,173.5685,Sistema
2024-01-05T13:00:00,173.40798,Sistema
2024-01-05T14:00:00,171.32878,Sistema
2024-01-05T15:00:00,176.60009,Sistema
2024-01-05T16:00:00,178.3924,Sistema
2024-01-05T17:00:00,185.24024,Sistema
2024-01-05T18:00:00,189.64475,Sistema
2024-01-05T19:00:00,183.09067,Sistema
2024-01-05T20:00:00,178.72909,Sistema
2024-01-05T21:00:00,182.37791,Sistema
2024-01-05T22:00:00,188.75969,Sistema
2024-01-05T23:00:00,194.52284,Sistema
2024-01-05T24:00:00,218.35085,Sistema
2024-01-06T01:00:00,229.21363,Sistema
2024-01-06T02:00:00,234.6135,Sistema
2024-01-06T03:00:00,243.79227,Sistema
2024-01-06T04:00:00,247.04049,Sistema
2024-01-06T05:00:00,248.54505,Sistema
2024-01-06T06:00:00,249.34487,Sistema
2024-01-06T07:00:00,249.95546,Sistema
2024-01-06T08:00:00,237.64804,Sistema
2024-01-06T09:00:00,222.66825,Sistema
2024-01-06T10:00:00,213.78894,Sistema
2024-01-06T11:00:00,206.28646,Sistema
2024-01-06T12:00:00,200.95573,Sistema
2024-01-06T13:00:00,200.51863,Sistema
2024-01-06T14:00:00,200.56889,Sistema
2024-01-06T15:00:00,204.17726,Sistema
2024-01-06T16:00:00,206.26023,Sistema
2024-01-06T17:00:00,213.9512,Sistema
2024-01-06T18:00:00,226.29114,Sistema
2024-01-06T19:00:00,210.22955,Sistema
2024-01-06T20:00:00,205.60332,Sistema
2024-01-06T21:00:00,209.24941,Sistema
2024-01-06T22:00:00,209.59565,Sistema
2024-01-06T23:00:00,213.31251,Sistema
2024-01-06T24:00:00,220.67121,Sistema
2024-01-07T01:00:00,233.52723,Sistema
2024-01-07T02:00:00,242.37896,Sistema
2024-01-07T03:00:00,249.42994,Sistema
2024-01-07T04:00:00,247.38105,Sistema
2024-01-07T05:00:00,243.85639,Sistema
2024-01-07T06:00:00,235.60286,Sistema
2024-01-07T07:00:00,239.53795,Sistema
2024-01-07T08:00:00,231.84239,Sistema
2024-01-07T09:00:00,222.08689,Sistema
2024-01-07T10:00:00,213.66336,Sistema
2024-01-07T11:00:00,205.40161,Sistema
2024-01-07T12:00:00,205.47327,Sistema
2024-01-07T13:00:00,204.24773,Sistema
2024-01-07T14:00:00,206.42177,Sistema
2024-01-07T15:00:00,215.90485,Sistema
2024-01-07T16:00:00,219.7882,Sistema
2024-01-07T17:00:00,225.72849,Sistema
2024-01-07T18:00:00,230.66728,Sistema
2024-01-07T19:00:00,210.2122,Sistema
2024-01-07T20:00:00,205.60453,Sistema
2024-01-07T21:00:00,207.95148,Sistema
2024-01-07T22:00:00,205.50459,Sistema
2024-01-07T23:00:00,212.08529,Sistema
2024-01-07T24:00:00,223.02181,Sistema
2024-01-08T01:00:00,241.51757,Sistema
2024-01-08T02:00:00,249.60962,Sistema
2024-01-08T03:00:00,255.32809,Sistema
2024-01-08T04:00:00,257.97409,Sistema
2024-01-08T05:00:00,260.00387,Sistema
2024-01-08T06:00:00,260.82253,Sistema
2024-01-08T07:00:00,263.63103,Sistema
2024-01-08T08:00:00,247.14132,Sistema
2024-01-08T09:00:00,240.64875,Sistema
2024-01-08T10:00:00,237.8631,Sistema
2024-01-08T11:00:00,230.50868,Sistema
2024-01-08T12:00:00,228.05467,Sistema
2024-01-08T13:00:00,228.24627,Sistema
2024-01-08T14:00:00,230.97156,Sistema
2024-01-08T15:00:00,234.62248,Sistema
2024-01-08T16:00:00,235.45514,Sistema
2024-01-08T17:00:00,236.88519,Sistema
2024-01-08T18:00:00,236.71316,Sistema
2024-01-08T19:00:00,216.94741,Sistema
2024-01-08T20:00:00,211.23208,Sistema
2024-01-08T21:00:00,209.15533,Sistema
2024-01-08T22:00:00,215.10803,Sistema
2024-01-08T23:00:00,225.65087,Sistema
2024-01-08T24:00:00,239.88503,Sistema
2024-01-09T01:00:00,254.08836,Sistema
2024-01-09T02:00:00,254.80915,Sistema
2024-01-09T03:00:00,256.01154,Sistema
2024-01-09T04:00:00,267.58436,Sistema
2024-01-09T05:00:00,265.12696,Sistema
2024-01-09T06:00:00,257.86719,Sistema
2024-01-09T07:00:00,258.10743,Sistema
2024-01-09T08:00:00,243.85095,Sistema
2024-01-09T09:00:00,228.44896,Sistema
2024-01-09T10:00:00,220.2705,Sistema
2024-01-09T11:00:00,207.24609,Sistema
2024-01-09T12:00:00,196.48591,Sistema
2024-01-09T13:00:00,199.90423,Sistema
2024-01-09T14:00:00,200.72459,Sistema
2024-01-09T15:00:00,196.92971,Sistema
2024-01-09T16:00:00,198.41012,Sistema
2024-01-09T17:00:00,199.31127,Sistema
2024-01-09T18:00:00,205.03968,Sistema
2024-01-09T19:00:00,197.82537,Sistema
2024-01-09T20:00:00,193.42326,Sistema
2024-01-09T21:00:00,197.0481,Sistema
2024-01-09T22:00:00,200.12459,Sistema
2024-01-09T23:00:00,210.9906,Sistema
2024-01-09T24:00:00,227.31931,Sistema
2024-01-10T01:00:00,235.84799,Sistema
2024-01-10T02:00:00,246.19122,Sistema
2024-01-10T03:00:00,255.52493,Sistema
2024-01-10T04:00:00,266.04111,Sistema
2024-01-10T05:00:00,271.08003,Sistema
2024-01-10T06:00:00,268.48847,Sistema
2024-01-10T07:00:00,265.18419,Sistema
2024-01-10T08:00:00,250.91274,Sistema
2024-01-10T09:00:00,233.76764,Sistema
2024-01-10T10:00:00,225.27219,Sistema
2024-01-10T11:00:00,217.21761,Sistema
2024-01-10T12:00:00,208.89739,Sistema
2024-01-10T13:00:00,208.63709,Sistema
2024-01-10T14:00:00,206.76357,Sistema
2024-01-10T15:00:00,203.28519,Sistema
2024-01-10T16:00:00,203.11136,Sistema
2024-01-10T17:00:00,206.34439,Sistema
2024-01-10T18:00:00,213.60203,Sistema
2024-01-10T19:00:00,201.69332,Sistema
2024-01-10T20:00:00,186.99709,Sistema
2024-01-10T21:00:00,184.57729,Sistema
2024-01-10T22:00:00,192.04685,Sistema
2024-01-10T23:00:00,211.17744,Sistema
2024-01-10T24:00:00,234.47733,Sistema
2024-01-11T01:00:00,251.42072,Sistema
2024-01-11T02:00:00,260.12229,Sistema
2024-01-11T03:00:00,266.72089,Sistema
2024-01-11T04:00:00,269.90672,Sistema
2024-01-11T05:00:00,267.95733,Sistema
2024-01-11T06:00:00,261.12053,Sistema
2024-01-11T07:00:00,255.43818,Sistema
2024-01-11T08:00:00,241.24895,Sistema
2024-01-11T09:00:00,226.53185,Sistema
2024-01-11T10:00:00,218.83129,Sistema
2024-01-11T11:00:00,211.10326,Sistema
2024-01-11T12:00:00,206.14182,Sistema
2024-01-11T13:00:00,205.84034,Sistema
2024-01-11T14:00:00,203.97861,Sistema
2024-01-11T15:00:00,200.61148,Sistema
2024-01-11T16:00:00,200.26393,Sistema
2024-01-11T17:00:00,203.91621,Sistema
2024-01-11T18:00:00,210.58865,Sistema
2024-01-11T19:00:00,202.11482,Sistema
2024-01-11T20:00:00,200.14996,Sistema
2024-01-11T21:00:00,204.31252,Sistema
2024-01-11T22:00:00,211.6848,Sistema
2024-01-11T23:00:00,224.13039,Sistema
2024-01-11T24:00:00,238.03002,Sistema
2024-01-12T01:00:00,250.58637,Sistema
2024-01-12T02:00:00,261.96945,Sistema
2024-01-12T03:00:00,269.91778,Sistema
2024-01-12T04:00:00,262.85788,Sistema
2024-01-12T05:00:00,263.93008,Sistema
2024-01-12T06:00:00,264.41591,Sistema
2024-01-12T07:00:00,257.76054,Sistema
2024-01-12T08:00:00,246.29046,Sistema
2024-01-12T09:00:00,245.44198,Sistema
2024-01-12T10:00:00,242.5773,Sistema
2024-01-12T11:00:00,236.66963,Sistema
2024-01-12T12:00:00,229.52785,Sistema
2024-01-12T13:00:00,232.69728,Sistema
2024-01-12T14:00:00,232.3621,Sistema
2024-01-12T15:00:00,228.95348,Sistema
2024-01-12T16:00:00,235.60157,Sistema
2024-01-12T17:00:00,247.15085,Sistema
2024-01-12T18:00:00,253.9656,Sistema
2024-01-12T19:00:00,252.8286,Sistema
2024-01-12T20:00:00,251.4129,Sistema
2024-01-12T21:00:00,255.65115,Sistema
2024-01-12T22:00:00,260.76042,Sistema
2024-01-12T23:00:00,275.60129,Sistema
2024-01-12T24:00:00,290.39089,Sistema
2024-01-13T01:00:00,307.11927,Sistema
2024-01-13T02:00:00,318.49872,Sistema
2024-01-13T03:00:00,324.14348,Sistema
2024-01-13T04:00:00,325.79843,Sistema
2024-01-13T05:00:00,330.32515,Sistema
2024-01-13T06:00:00,325.12001,Sistema
2024-01-13T07:00:00,326.98027,Sistema
2024-01-13T08:00:00,314.87465,Sistema
2024-01-13T09:00:00,299.10171,Sistema
2024-01-13T10:00:00,290.50802,Sistema
2024-01-13T11:00:00,280.90592,Sistema
2024-01-13T12:00:00,275.59946,Sistema
2024-01-13T13:00:00,276.11071,Sistema
2024-01-13T14:00:00,276.0899,Sistema
2024-01-13T15:00:00,277.25146,Sistema
2024-01-13T16:00:00,279.6641,Sistema
2024-01-13T17:00:00,284.63343,Sistema
2024-01-13T18:00:00,285.71517,Sistema
2024-01-13T19:00:00,269.9709,Sistema
2024-01-13T20:00:00,265.8116,Sistema
2024-01-13T21:00:00,274.59188,Sistema
2024-01-13T22:00:00,284.92172,Sistema
2024-01-13T23:00:00,298.11562,Sistema
2024-01-13T24:00:00,312.69683,Sistema
2024-01-14T01:00:00,322.94182,Sistema
2024-01-14T02:00:00,332.78325,Sistema
2024-01-14T03:00:00,341.01474,Sistema
2024-01-14T04:00:00,341.92477,Sistema
2024-01-14T05:00:00,340.09012,Sistema
2024-01-14T06:00:00,340.895,Sistema
2024-01-14T07:00:00,360.08096,Sistema
2024-01-14T08:00:00,348.12745,Sistema
2024-01-14T09:00:00,329.22402,Sistema
2024-01-14T10:00:00,320.49677,Sistema
2024-01-14T11:00:00,304.21566,Sistema
2024-01-14T12:00:00,300.7778,Sistema
2024-01-14T13:00:00,308.82064,Sistema
2024-01-14T14:00:00,306.41718,Sistema
2024-01-14T15:00:00,308.97915,Sistema
2024-01-14T16:00:00,312.56155,Sistema
2024-01-14T17:00:00,319.40653,Sistema
2024-01-14T18:00:00,318.00195,Sistema
2024-01-14T19:00:00,298.59231,Sistema
2024-01-14T20:00:00,289.74613,Sistema
2024-01-14T21:00:00,291.92036,Sistema
2024-01-14T22:00:00,299.12555,Sistema
2024-01-14T23:00:00,310.26983,Sistema
2024-01-14T24:00:00,323.51444,Sistema
2024-01-15T01:00:00,329.03528,Sistema
2024-01-15T02:00:00,332.00832,Sistema
2024-01-15T03:00:00,319.88372,Sistema
2024-01-15T04:00:00,316.02014,Sistema
2024-01-15T05:00:00,312.42267,Sistema
2024-01-15T06:00:00,301.40268,Sistema
2024-01-15T07:00:00,300.80219,Sistema
2024-01-15T08:00:00,289.55591,Sistema
2024-01-15T09:00:00,277.06831,Sistema
2024-01-15T10:00:00,273.47017,Sistema
2024-01-15T11:00:00,265.16372,Sistema
2024-01-15T12:00:00,256.19786,Sistema
2024-01-15T13:00:00,252.23748,Sistema
2024-01-15T14:00:00,249.39984,Sistema
2024-01-15T15:00:00,245.90176,Sistema
2024-01-15T16:00:00,249.05998,Sistema
2024-01-15T17:00:00,255.38714,Sistema
2024-01-15T18:00:00,266.92812,Sistema
2024-01-15T19:00:00,260.48319,Sistema
2024-01-15T20:00:00,257.41328,Sistema
2024-01-15T21:00:00,262.46716,Sistema
2024-01-15T22:00:00,263.20766,Sistema
2024-01-15T23:00:00,276.38089,Sistema
2024-01-15T24:00:00,287.1288,Sistema
2024-01-16T01:00:00,305.08786,Sistema
2024-01-16T02:00:00,298.74972,Sistema
2024-01-16T03:00:00,292.75396,Sistema
2024-01-16T04:00:00,298.12636,Sistema
2024-01-16T05:00:00,289.58767,Sistema
2024-01-16T06:00:00,283.98921,Sistema
2024-01-16T07:00:00,282.89395,Sistema
2024-01-16T08:00:00,274.38654,Sistema
2024-01-16T09:00:00,272.01033,Sistema
2024-01-16T10:00:00,263.69418,Sistema
2024-01-16T11:00:00,257.79258,Sistema
2024-01-16T12:00:00,244.25604,Sistema
2024-01-16T13:00:00,246.26983,Sistema
2024-01-16T14:00:00,244.02992,Sistema
2024-01-16T15:00:00,244.48698,Sistema
2024-01-16T16:00:00,248.55508,Sistema
2024-01-16T17:00:00,261.72384,Sistema
2024-01-16T18:00:00,266.56948,Sistema
2024-01-16T19:00:00,258.04179,Sistema
2024-01-16T20:00:00,252.9188,Sistema
2024-01-16T21:00:00,257.05,Sistema
2024-01-16T22:00:00,260.98194,Sistema
2024-01-16T23:00:00,264.02584,Sistema
2024-01-16T24:00:00,274.29962,Sistema
2024-01-17T01:00:00,277.8701,Sistema
2024-01-17T02:00:00,279.45074,Sistema
2024-01-17T03:00:00,275.68955,Sistema
2024-01-17T04:00:00,270.44845,Sistema
2024-01-17T05:00:00,262.50927,Sistema
2024-01-17T06:00:00,252.37173,Sistema
2024-01-17T07:00:00,245.07332,Sistema
2024-01-17T08:00:00,232.25323,Sistema
2024-01-17T09:00:00,223.4999,Sistema
2024-01-17T10:00:00,218.91654,Sistema
2024-01-17T11:00:00,212.81605,Sistema
2024-01-17T12:00:00,206.9618,Sistema
2024-01-17T13:00:00,205.1555,Sistema
2024-01-17T14:00:00,204.00212,Sistema
2024-01-17T15:00:00,204.35967,Sistema
2024-01-17T16:00:00,207.68094,Sistema
2024-01-17T17:00:00,211.9186,Sistema
2024-01-17T18:00:00,218.40184,Sistema
2024-01-17T19:00:00,208.67395,Sistema
2024-01-17T20:00:00,204.87353,Sistema
2024-01-17T21:00:00,208.92363,Sistema
2024-01-17T22:00:00,217.06051,Sistema
2024-01-17T23:00:00,232.49313,Sistema
2024-01-17T24:00:00,244.585,Sistema
2024-01-18T01:00:00,247.21306,Sistema
2024-01-18T02:00:00,251.43865,Sistema
2024-01-18T03:00:00,255.9509,Sistema
2024-01-18T04:00:00,259.79688,Sistema
2024-01-18T05:00:00,257.20087,Sistema
2024-01-18T06:00:00,247.26081,Sistema
2024-01-18T07:00:00,241.1217,Sistema
2024-01-18T08:00:00,228.48242,Sistema
2024-01-18T09:00:00,220.70128,Sistema
2024-01-18T10:00:00,217.31298,Sistema
2024-01-18T11:00:00,210.18874,Sistema
2024-01-18T12:00:00,203.59481,Sistema
2024-01-18T13:00:00,204.08691,Sistema
2024-01-18T14:00:00,199.28733,Sistema
2024-01-18T15:00:00,195.35423,Sistema
2024-01-18T16:00:00,198.84096,Sistema
2024-01-18T17:00:00,205.16885,Sistema
2024-01-18T18:00:00,212.06599,Sistema
2024-01-18T19:00:00,204.33388,Sistema
2024-01-18T20:00:00,204.08033,Sistema
2024-01-18T21:00:00,206.53618,Sistema
2024-01-18T22:00:00,210.2502,Sistema
2024-01-18T23:00:00,217.76661,Sistema
2024-01-18T24:00:00,225.4421,Sistema
2024-01-19T01:00:00,242.09207,Sistema
2024-01-19T02:00:00,251.05177,Sistema
2024-01-19T03:00:00,260.96403,Sistema
2024-01-19T04:00:00,262.2189,Sistema
2024-01-19T05:00:00,253.64381,Sistema
2024-01-19T06:00:00,245.87011,Sistema
2024-01-19T07:00:00,239.74355,Sistema
2024-01-19T08:00:00,225.56849,Sistema
2024-01-19T09:00:00,211.80253,Sistema
2024-01-19T10:00:00,200.03685,Sistema
2024-01-19T11:00:00,189.63601,Sistema
2024-01-19T12:00:00,183.36164,Sistema
2024-01-19T13:00:00,183.89931,Sistema
2024-01-19T14:00:00,177.30379,Sistema
2024-01-19T15:00:00,170.83878,Sistema
2024-01-19T16:00:00,175.86345,Sistema
2024-01-19T17:00:00,182.08684,Sistema
2024-01-19T18:00:00,189.43145,Sistema
2024-01-19T19:00:00,182.72236,Sistema
2024-01-19T20:00:00,185.03086,Sistema
2024-01-19T21:00:00,192.91553,Sistema
2024-01-19T22:00:00,199.13748,Sistema
2024-01-19T23:00:00,210.31225,Sistema
2024-01-19T24:00:00,227.78984,Sistema
2024-01-20T01:00:00,249.69072,Sistema
2024-01-20T02:00:00,260.33199,Sistema
2024-01-20T03:00:00,274.15648,Sistema
2024-01-20T04:00:00,284.89379,Sistema
2024-01-20T05:00:00,287.08701,Sistema
2024-01-20T06:00:00,280.50392,Sistema
2024-01-20T07:00:00,282.54953,Sistema
2024-01-20T08:00:00,274.03245,Sistema
2024-01-20T09:00:00,254.41026,Sistema
2024-01-20T10:00:00,235.81986,Sistema
2024-01-20T11:00:00,234.75509,Sistema
2024-01-20T12:00:00,222.16332,Sistema
2024-01-20T13:00:00,218.2061,Sistema
2024-01-20T14:00:00,220.41085,Sistema
2024-01-20T15:00:00,221.28392,Sistema
2024-01-20T16:00:00,222.66169,Sistema
2024-01-20T17:00:00,226.06272,Sistema
2024-01-20T18:00:00,229.50943,Sistema
2024-01-20T19:00:00,217.28574,Sistema
2024-01-20T20:00:00,222.52543,Sistema
2024-01-20T21:00:00,226.71133,Sistema
2024-01-20T22:00:00,234.28813,Sistema
2024-01-20T23:00:00,246.51143,Sistema
2024-01-20T24:00:00,251.36245,Sistema
2024-01-21T01:00:00,255.97088,Sistema
2024-01-21T02:00:00,257.51168,Sistema
2024-01-21T03:00:00,265.23683,Sistema
2024-01-21T04:00:00,274.23691,Sistema
2024-01-21T05:00:00,277.13134,Sistema
2024-01-21T06:00:00,275.03944,Sistema
2024-01-21T07:00:00,281.11238,Sistema
2024-01-21T08:00:00,273.6297,Sistema
2024-01-21T09:00:00,259.51434,Sistema
2024-01-21T10:00:00,250.59112,Sistema
2024-01-21T11:00:00,234.41009,Sistema
2024-01-21T12:00:00,225.08489,Sistema
2024-01-21T13:00:00,222.62091,Sistema
2024-01-21T14:00:00,220.09019,Sistema
2024-01-21T15:00:00,221.23231,Sistema
2024-01-21T16:00:00,222.78936,Sistema
2024-01-21T17:00:00,229.55443,Sistema
2024-01-21T18:00:00,239.07654,Sistema
2024-01-21T19:00:00,230.72464,Sistema
2024-01-21T20:00:00,223.38393,Sistema
2024-01-21T21:00:00,224.77981,Sistema
2024-01-21T22:00:00,225.3718,Sistema
2024-01-21T23:00:00,236.01554,Sistema
2024-01-21T24:00:00,246.54236,Sistema
2024-01-22T01:00:00,252.17651,Sistema
2024-01-22T02:00:00,262.33729,Sistema
2024-01-22T03:00:00,269.5804,Sistema
2024-01-22T04:00:00,270.55893,Sistema
2024-01-22T05:00:00,273.58376,Sistema
2024-01-22T06:00:00,270.85142,Sistema
2024-01-22T07:00:00,279.12837,Sistema
2024-01-22T08:00:00,269.89019,Sistema
2024-01-22T09:00:00,255.98409,Sistema
2024-01-22T10:00:00,248.0199,Sistema
2024-01-22T11:00:00,240.51789,Sistema
2024-01-22T12:00:00,231.95209,Sistema
2024-01-22T13:00:00,232.47695,Sistema
2024-01-22T14:00:00,229.47817,Sistema
2024-01-22T15:00:00,224.59591,Sistema
2024-01-22T16:00:00,224.71574,Sistema
2024-01-22T17:00:00,228.78934,Sistema
2024-01-22T18:00:00,236.61234,Sistema
2024-01-22T19:00:00,226.45024,Sistema
2024-01-22T20:00:00,219.58091,Sistema
2024-01-22T21:00:00,216.89338,Sistema
2024-01-22T22:00:00,212.96012,Sistema
2024-01-22T23:00:00,224.98956,Sistema
2024-01-22T24:00:00,235.59107,Sistema
2024-01-23T01:00:00,248.39304,Sistema
2024-01-23T02:00:00,251.84659,Sistema
2024-01-23T03:00:00,251.36801,Sistema
2024-01-23T04:00:00,251.35341,Sistema
2024-01-23T05:00:00,248.22418,Sistema
2024-01-23T06:00:00,249.86915,Sistema
2024-01-23T07:00:00,253.45744,Sistema
2024-01-23T08:00:00,247.84558,Sistema
2024-01-23T09:00:00,239.38918,Sistema
2024-01-23T10:00:00,236.68058,Sistema
2024-01-23T11:00:00,231.94456,Sistema
2024-01-23T12:00:00,229.70932,Sistema
2024-01-23T13:00:00,229.56913,Sistema
2024-01-23T14:00:00,226.38931,Sistema
2024-01-23T15:00:00,220.86396,Sistema
2024-01-23T16:00:00,220.68366,Sistema
2024-01-23T17:00:00,224.70518,Sistema
2024-01-23T18:00:00,234.33132,Sistema
2024-01-23T19:00:00,232.53843,Sistema
2024-01-23T20:00:00,227.8077,Sistema
2024-01-23T21:00:00,232.71195,Sistema
2024-01-23T22:00:00,235.75899,Sistema
2024-01-23T23:00:00,250.94247,Sistema
2024-01-23T24:00:00,262.18415,Sistema
2024-01-24T01:00:00,277.45501,Sistema
2024-01-24T02:00:00,288.01468,Sistema
2024-01-24T03:00:00,293.63479,Sistema
2024-01-24T04:00:00,294.69238,Sistema
2024-01-24T05:00:00,287.01555,Sistema
2024-01-24T06:00:00,277.26243,Sistema
2024-01-24T07:00:00,270.93192,Sistema
2024-01-24T08:00:00,256.76077,Sistema
2024-01-24T09:00:00,247.05798,Sistema
2024-01-24T10:00:00,243.63543,Sistema
2024-01-24T11:00:00,234.87611,Sistema
2024-01-24T12:00:00,226.54681,Sistema
2024-01-24T13:00:00,224.54175,Sistema
2024-01-24T14:00:00,220.26823,Sistema
2024-01-24T15:00:00,214.87774,Sistema
2024-01-24T16:00:00,216.90021,Sistema
2024-01-24T17:00:00,218.09677,Sistema
2024-01-24T18:00:00,233.36636,Sistema
2024-01-24T19:00:00,229.8213,Sistema
2024-01-24T20:00:00,225.5742,Sistema
2024-01-24T21:00:00,233.42485,Sistema
2024-01-24T22:00:00,236.99427,Sistema
2024-01-24T23:00:00,251.96894,Sistema
2024-01-24T24:00:00,264.0343,Sistema
2024-01-25T01:00:00,274.40017,Sistema
2024-01-25T02:00:00,282.79377,Sistema
2024-01-25T03:00:00,289.31353,Sistema
2024-01-25T04:00:00,291.08292,Sistema
2024-01-25T05:00:00,286.87115,Sistema
2024-01-25T06:00:00,276.59819,Sistema
2024-01-25T07:00:00,271.64317,Sistema
2024-01-25T08:00:00,257.70732,Sistema
2024-01-25T09:00:00,245.98626,Sistema
2024-01-25T10:00:00,237.90433,Sistema
2024-01-25T11:00:00,230.44876,Sistema
2024-01-25T12:00:00,222.1254,Sistema
2024-01-25T13:00:00,223.42486,Sistema
2024-01-25T14:00:00,225.36048,Sistema
2024-01-25T15:00:00,220.84932,Sistema
2024-01-25T16:00:00,219.29433,Sistema
2024-01-25T17:00:00,217.05867,Sistema
2024-01-25T18:00:00,226.88153,Sistema
2024-01-25T19:00:00,229.05037,Sistema
2024-01-25T20:00:00,235.66057,Sistema
2024-01-25T21:00:00,242.76685,Sistema
2024-01-25T22:00:00,237.7616,Sistema
2024-01-25T23:00:00,247.88897,Sistema
2024-01-25T24:00:00,257.32776,Sistema
2024-01-26T01:00:00,251.09602,Sistema
2024-01-26T02:00:00,248.27971,Sistema
2024-01-26T03:00:00,252.70023,Sistema
2024-01-26T04:00:00,254.36566,Sistema
2024-01-26T05:00:00,249.8399,Sistema
2024-01-26T06:00:00,243.92761,Sistema
2024-01-26T07:00:00,244.43429,Sistema
2024-01-26T08:00:00,239.71414,Sistema
2024-01-26T09:00:00,231.39273,Sistema
2024-01-26T10:00:00,226.38405,Sistema
2024-01-26T11:00:00,219.20733,Sistema
2024-01-26T12:00:00,212.09435,Sistema
2024-01-26T13:00:00,211.99836,Sistema
2024-01-26T14:00:00,206.89833,Sistema
2024-01-26T15:00:00,199.26018,Sistema
2024-01-26T16:00:00,205.93165,Sistema
2024-01-26T17:00:00,210.99841,Sistema
2024-01-26T18:00:00,226.51468,Sistema
2024-01-26T19:00:00,219.505,Sistema
2024-01-26T20:00:00,213.12278,Sistema
2024-01-26T21:00:00,211.36097,Sistema
2024-01-26T22:00:00,211.82068,Sistema
2024-01-26T23:00:00,199.29606,Sistema
2024-01-26T24:00:00,202.06884,Sistema
2024-01-27T01:00:00,213.65207,Sistema
2024-01-27T02:00:00,218.69035,Sistema
2024-01-27T03:00:00,226.46735,Sistema
2024-01-27T04:00:00,234.02259,Sistema
2024-01-27T05:00:00,235.95728,Sistema
2024-01-27T06:00:00,234.22035,Sistema
2024-01-27T07:00:00,234.87523,Sistema
2024-01-27T08:00:00,224.76814,Sistema
2024-01-27T09:00:00,202.56829,Sistema
2024-01-27T10:00:00,203.22453,Sistema
2024-01-27T11:00:00,202.10631,Sistema
2024-01-27T12:00:00,199.88234,Sistema
2024-01-27T13:00:00,206.89479,Sistema
2024-01-27T14:00:00,212.92545,Sistema
2024-01-27T15:00:00,217.64887,Sistema
2024-01-27T16:00:00,217.63684,Sistema
2024-01-27T17:00:00,226.28202,Sistema
2024-01-27T18:00:00,236.23821,Sistema
2024-01-27T19:00:00,231.58904,Sistema
2024-01-27T20:00:00,227.38865,Sistema
2024-01-27T21:00:00,220.245,Sistema
2024-01-27T22:00:00,217.31865,Sistema
2024-01-27T23:00:00,219.83481,Sistema
2024-01-27T24:00:00,231.62779,Sistema
2024-01-28T01:00:00,242.45564,Sistema
2024-01-28T02:00:00,240.61864,Sistema
2024-01-28T03:00:00,243.12703,Sistema
2024-01-28T04:00:00,247.74461,Sistema
2024-01-28T05:00:00,251.41357,Sistema
2024-01-28T06:00:00,245.36382,Sistema
2024-01-28T07:00:00,245.47442,Sistema
2024-01-28T08:00:00,246.77575,Sistema
2024-01-28T09:00:00,237.92868,Sistema
2024-01-28T10:00:00,229.48726,Sistema
2024-01-28T11:00:00,228.64869,Sistema
2024-01-28T12:00:00,221.96009,Sistema
2024-01-28T13:00:00,218.91825,Sistema
2024-01-28T14:00:00,213.38049,Sistema
2024-01-28T15:00:00,214.21269,Sistema
2024-01-28T16:00:00,217.51024,Sistema
2024-01-28T17:00:00,212.38982,Sistema
2024-01-28T18:00:00,201.85868,Sistema
2024-01-28T19:00:00,182.08207,Sistema
2024-01-28T20:00:00,178.16132,Sistema
2024-01-28T21:00:00,179.0797,Sistema
2024-01-28T22:00:00,179.09595,Sistema
2024-01-28T23:00:00,183.06307,Sistema
2024-01-28T24:00:00,189.42639,Sistema
2024-01-29T01:00:00,198.98712,Sistema
2024-01-29T02:00:00,204.60889,Sistema
2024-01-29T03:00:00,217.48577,Sistema
2024-01-29T04:00:00,231.19463,Sistema
2024-01-29T05:00:00,225.4247,Sistema
2024-01-29T06:00:00,213.95519,Sistema
2024-01-29T07:00:00,204.8732,Sistema
2024-01-29T08:00:00,203.58121,Sistema
2024-01-29T09:00:00,192.71035,Sistema
2024-01-29T10:00:00,185.18481,Sistema
2024-01-29T11:00:00,187.15508,Sistema
2024-01-29T12:00:00,186.09364,Sistema
2024-01-29T13:00:00,184.13814,Sistema
2024-01-29T14:00:00,182.96953,Sistema
2024-01-29T15:00:00,181.74394,Sistema
2024-01-29T16:00:00,176.4947,Sistema
2024-01-29T17:00:00,180.39149,Sistema
2024-01-29T18:00:00,189.41172,Sistema
2024-01-29T19:00:00,185.0175,Sistema
2024-01-29T20:00:00,180.73394,Sistema
2024-01-29T21:00:00,186.85714,Sistema
2024-01-29T22:00:00,189.40759,Sistema
2024-01-29T23:00:00,202.88444,Sistema
2024-01-29T24:00:00,218.96922,Sistema
2024-01-30T01:00:00,228.78578,Sistema
2024-01-30T02:00:00,231.16046,Sistema
2024-01-30T03:00:00,230.13195,Sistema
2024-01-30T04:00:00,234.7851,Sistema
2024-01-30T05:00:00,237.03706,Sistema
2024-01-30T06:00:00,227.1654,Sistema
2024-01-30T07:00:00,233.67909,Sistema
2024-01-30T08:00:00,241.55925,Sistema
2024-01-30T09:00:00,235.37688,Sistema
2024-01-30T10:00:00,229.84519,Sistema
2024-01-30T11:00:00,223.04894,Sistema
2024-01-30T12:00:00,219.49135,Sistema
2024-01-30T13:00:00,220.4282,Sistema
2024-01-30T14:00:00,208.48676,Sistema
2024-01-30T15:00:00,196.50177,Sistema
2024-01-30T16:00:00,196.78925,Sistema
2024-01-30T17:00:00,204.2585,Sistema
2024-01-30T18:00:00,211.1417,Sistema
2024-01-30T19:00:00,205.47003,Sistema
2024-01-30T20:00:00,201.96893,Sistema
2024-01-30T21:00:00,209.27166,Sistema
2024-01-30T22:00:00,215.53452,Sistema
2024-01-30T23:00:00,217.78054,Sistema
2024-01-30T24:00:00,222.61471,Sistema
2024-01-31T01:00:00,200.1907,Sistema
2024-01-31T02:00:00,201.19377,Sistema
2024-01-31T03:00:00,205.30268,Sistema
2024-01-31T04:00:00,214.80251,Sistema
2024-01-31T05:00:00,209.26643,Sistema
2024-01-31T06:00:00,199.79658,Sistema
2024-01-31T07:00:00,203.94132,Sistema
2024-01-31T08:00:00,203.98333,Sistema
2024-01-31T09:00:00,210.64966,Sistema
2024-01-31T10:00:00,209.74464,Sistema
2024-01-31T11:00:00,202.78431,Sistema
2024-01-31T12:00:00,194.8408,Sistema
2024-01-31T13:00:00,199.7482,Sistema
2024-01-31T14:00:00,201.12667,Sistema
2024-01-31T15:00:00,202.60296,Sistema
2024-01-31T16:00:00,201.62544,Sistema
2024-01-31T17:00:00,210.3386,Sistema
2024-01-31T18:00:00,213.69955,Sistema
2024-01-31T19:00:00,206.66206,Sistema
2024-01-31T20:00:00,203.73999,Sistema
2024-01-31T21:00:00,203.98551,Sistema
2024-01-31T22:00:00,209.11052,Sistema
2024-01-31T23:00:00,217.06853,Sistema
2024-01-31T24:00:00,230.10916,Sistema
2024-02-01T01:00:00,236.86235,Sistema
2024-02-01T02:00:00,245.04628,Sistema
2024-02-01T03:00:00,248.93685,Sistema
2024-02-01T04:00:00,247.55723,Sistema
2024-02-01T05:00:00,248.14432,Sistema
2024-02-01T06:00:00,239.44473,Sistema
2024-02-01T07:00:00,237.69106,Sistema
2024-02-01T08:00:00,230.41262,Sistema
2024-02-01T09:00:00,218.85424,Sistema
2024-02-01T10:00:00,212.47336,Sistema
2024-02-01T11:00:00,209.8916,Sistema
2024-02-01T12:00:00,204.59244,Sistema
2024-02-01T13:00:00,205.55399,Sistema
2024-02-01T14:00:00,203.80381,Sistema
2024-02-01T15:00:00,203.63174,Sistema
2024-02-01T16:00:00,201.85153,Sistema
2024-02-01T17:00:00,204.86076,Sistema
2024-02-01T18:00:00,218.57439,Sistema
2024-02-01T19:00:00,211.16576,Sistema
2024-02-01T20:00:00,207.78191,Sistema
2024-02-01T21:00:00,210.69835,Sistema
2024-02-01T22:00:00,221.62541,Sistema
2024-02-01T23:00:00,238.95232,Sistema
2024-02-01T24:00:00,253.78406,Sistema
2024-02-02T01:00:00,259.63239,Sistema
2024-02-02T02:00:00,263.62899,Sistema
2024-02-02T03:00:00,270.32068,Sistema
2024-02-02T04:00:00,271.09605,Sistema
2024-02-02T05:00:00,265.7013,Sistema
2024-02-02T06:00:00,250.90647,Sistema
2024-02-02T07:00:00,244.68867,Sistema
2024-02-02T08:00:00,237.84244,Sistema
2024-02-02T09:00:00,229.80687,Sistema
2024-02-02T10:00:00,224.178,Sistema
2024-02-02T11:00:00,218.06891,Sistema
2024-02-02T12:00:00,214.50831,Sistema
2024-02-02T13:00:00,216.21438,Sistema
2024-02-02T14:00:00,215.4081,Sistema
2024-02-02T15:00:00,214.5256,Sistema
2024-02-02T16:00:00,216.46415,Sistema
2024-02-02T17:00:00,221.16293,Sistema
2024-02-02T18:00:00,224.56674,Sistema
2024-02-02T19:00:00,214.70359,Sistema
2024-02-02T20:00:00,215.09449,Sistema
2024-02-02T21:00:00,218.2553,Sistema
2024-02-02T22:00:00,224.7395,Sistema
2024-02-02T23:00:00,238.01087,Sistema
2024-02-02T24:00:00,247.47744,Sistema
2024-02-03T01:00:00,253.32266,Sistema
2024-02-03T02:00:00,255.68527,Sistema
2024-02-03T03:00:00,253.29727,Sistema
2024-02-03T04:00:00,257.43109,Sistema
2024-02-03T05:00:00,260.37533,Sistema
2024-02-03T06:00:00,256.64723,Sistema
2024-02-03T07:00:00,253.84478,Sistema
2024-02-03T08:00:00,245.46954,Sistema
2024-02-03T09:00:00,234.5169,Sistema
2024-02-03T10:00:00,231.13292,Sistema
2024-02-03T11:00:00,228.10291,Sistema
2024-02-03T12:00:00,222.27971,Sistema
2024-02-03T13:00:00,221.63972,Sistema
2024-02-03T14:00:00,225.96546,Sistema
2024-02-03T15:00:00,228.15553,Sistema
2024-02-03T16:00:00,236.26047,Sistema
2024-02-03T17:00:00,243.61116,Sistema
2024-02-03T18:00:00,245.13717,Sistema
2024-02-03T19:00:00,222.00954,Sistema
2024-02-03T20:00:00,214.06566,Sistema
2024-02-03T21:00:00,221.3191,Sistema
2024-02-03T22:00:00,234.4108,Sistema
2024-02-03T23:00:00,251.33104,Sistema
2024-02-03T24:00:00,262.99064,Sistema
2024-02-04T01:00:00,269.70392,Sistema
2024-02-04T02:00:00,265.55297,Sistema
2024-02-04T03:00:00,263.79684,Sistema
2024-02-04T04:00:00,275.36692,Sistema
2024-02-04T05:00:00,287.4907,Sistema
2024-02-04T06:00:00,288.73982,Sistema
2024-02-04T07:00:00,285.8072,Sistema
2024-02-04T08:00:00,272.75457,Sistema
2024-02-04T09:00:00,264.14315,Sistema
2024-02-04T10:00:00,276.28847,Sistema
2024-02-04T11:00:00,269.99094,Sistema
2024-02-04T12:00:00,272.19572,Sistema
2024-02-04T13:00:00,269.7638,Sistema
2024-02-04T14:00:00,272.90589,Sistema
2024-02-04T15:00:00,266.17363,Sistema
2024-02-04T16:00:00,263.64358,Sistema
2024-02-04T17:00:00,264.78625,Sistema
2024-02-04T18:00:00,257.21261,Sistema
2024-02-04T19:00:00,237.84404,Sistema
2024-02-04T20:00:00,229.8548,Sistema
2024-02-04T21:00:00,230.86296,Sistema
2024-02-04T22:00:00,236.16425,Sistema
2024-02-04T23:00:00,229.78541,Sistema
2024-02-04T24:00:00,235.85454,Sistema
2024-02-05T01:00:00,244.21515,Sistema
2024-02-05T02:00:00,246.3186,Sistema
2024-02-05T03:00:00,243.39132,Sistema
2024-02-05T04:00:00,239.11832,Sistema
2024-02-05T05:00:00,242.77528,Sistema
2024-02-05T06:00:00,229.65107,Sistema
2024-02-05T07:00:00,223.84949,Sistema
2024-02-05T08:00:00,212.97706,Sistema
2024-02-05T09:00:00,203.16192,Sistema
2024-02-05T10:00:00,199.94029,Sistema
2024-02-05T11:00:00,193.71964,Sistema
2024-02-05T12:00:00,191.56892,Sistema
2024-02-05T13:00:00,195.98641,Sistema
2024-02-05T14:00:00,190.93375,Sistema
2024-02-05T15:00:00,188.79492,Sistema
2024-02-05T16:00:00,190.29214,Sistema
2024-02-05T17:00:00,193.48629,Sistema
2024-02-05T18:00:00,200.07056,Sistema
2024-02-05T19:00:00,192.41184,Sistema
2024-02-05T20:00:00,187.37214,Sistema
2024-02-05T21:00:00,191.07153,Sistema
2024-02-05T22:00:00,199.92165,Sistema
2024-02-05T23:00:00,213.8748,Sistema
2024-02-05T24:00:00,222.95397,Sistema
2024-02-06T01:00:00,206.12059,Sistema
2024-02-06T02:00:00,192.48113,Sistema
2024-02-06T03:00:00,187.16859,Sistema
2024-02-06T04:00:00,181.20664,Sistema
2024-02-06T05:00:00,186.02689,Sistema
2024-02-06T06:00:00,183.39115,Sistema
2024-02-06T07:00:00,180.82988,Sistema
2024-02-06T08:00:00,172.5024,Sistema
2024-02-06T09:00:00,159.67284,Sistema
2024-02-06T10:00:00,153.66321,Sistema
2024-02-06T11:00:00,148.22823,Sistema
2024-02-06T12:00:00,146.99631,Sistema
2024-02-06T13:00:00,145.34268,Sistema
2024-02-06T14:00:00,142.64992,Sistema
2024-02-06T15:00:00,139.86493,Sistema
2024-02-06T16:00:00,140.39461,Sistema
2024-02-06T17:00:00,147.93955,Sistema
2024-02-06T18:00:00,154.86519,Sistema
2024-02-06T19:00:00,159.85741,Sistema
2024-02-06T20:00:00,156.89857,Sistema
2024-02-06T21:00:00,157.89609,Sistema
2024-02-06T22:00:00,162.84438,Sistema
2024-02-06T23:00:00,175.59135,Sistema
2024-02-06T24:00:00,185.90005,Sistema
2024-02-07T01:00:00,191.57752,Sistema
2024-02-07T02:00:00,192.18317,Sistema
2024-02-07T03:00:00,204.48748,Sistema
2024-02-07T04:00:00,210.37638,Sistema
2024-02-07T05:00:00,212.7913,Sistema
2024-02-07T06:00:00,198.21564,Sistema
2024-02-07T07:00:00,193.65319,Sistema
2024-02-07T08:00:00,188.30166,Sistema
2024-02-07T09:00:00,179.27659,Sistema
2024-02-07T10:00:00,178.92515,Sistema
2024-02-07T11:00:00,182.67819,Sistema
2024-02-07T12:00:00,182.45051,Sistema
2024-02-07T13:00:00,191.60178,Sistema
2024-02-07T14:00:00,195.19687,Sistema
2024-02-07T15:00:00,191.96832,Sistema
2024-02-07T16:00:00,195.5939,Sistema
2024-02-07T17:00:00,199.51411,Sistema
2024-02-07T18:00:00,205.53582,Sistema
2024-02-07T19:00:00,198.79459,Sistema
2024-02-07T20:00:00,196.3302,Sistema
2024-02-07T21:00:00,197.80018,Sistema
2024-02-07T22:00:00,204.42059,Sistema
2024-02-07T23:00:00,219.76991,Sistema
2024-02-07T24:00:00,228.0789,Sistema
2024-02-08T01:00:00,197.36148,Sistema
2024-02-08T02:00:00,171.70615,Sistema
2024-02-08T03:00:00,153.40804,Sistema
2024-02-08T04:00:00,159.75574,Sistema
2024-02-08T05:00:00,181.526,Sistema
2024-02-08T06:00:00,186.27521,Sistema
2024-02-08T07:00:00,185.68742,Sistema
2024-02-08T08:00:00,183.13697,Sistema
2024-02-08T09:00:00,177.14837,Sistema
2024-02-08T10:00:00,173.54129,Sistema
2024-02-08T11:00:00,180.03263,Sistema
2024-02-08T12:00:00,172.41583,Sistema
2024-02-08T13:00:00,181.77026,Sistema
2024-02-08T14:00:00,183.4566,Sistema
2024-02-08T15:00:00,180.62669,Sistema
2024-02-08T16:00:00,185.21879,Sistema
2024-02-08T17:00:00,188.84007,Sistema
2024-02-08T18:00:00,197.34843,Sistema
2024-02-08T19:00:00,190.57885,Sistema
2024-02-08T20:00:00,182.80503,Sistema
2024-02-08T21:00:00,185.91296,Sistema
2024-02-08T22:00:00,191.30576,Sistema
2024-02-08T23:00:00,202.30632,Sistema
2024-02-08T24:00:00,226.76815,Sistema
2024-02-09T01:00:00,217.65431,Sistema
2024-02-09T02:00:00,219.5679,Sistema
2024-02-09T03:00:00,218.16975,Sistema
2024-02-09T04:00:00,217.30067,Sistema
2024-02-09T05:00:00,207.00199,Sistema
2024-02-09T06:00:00,194.3656,Sistema
2024-02-09T07:00:00,189.87514,Sistema
2024-02-09T08:00:00,184.98877,Sistema
2024-02-09T09:00:00,186.31498,Sistema
2024-02-09T10:00:00,187.2712,Sistema
2024-02-09T11:00:00,180.67289,Sistema
2024-02-09T12:00:00,182.73338,Sistema
2024-02-09T13:00:00,183.2979,Sistema
2024-02-09T14:00:00,182.23206,Sistema
2024-02-09T15:00:00,179.13963,Sistema
2024-02-09T16:00:00,178.95542,Sistema
2024-02-09T17:00:00,182.52082,Sistema
2024-02-09T18:00:00,190.15639,Sistema
2024-02-09T19:00:00,185.91653,Sistema
2024-02-09T20:00:00,185.52654,Sistema
2024-02-09T21:00:00,189.73187,Sistema
2024-02-09T22:00:00,193.90802,Sistema
2024-02-09T23:00:00,205.71155,Sistema
2024-02-09T24:00:00,211.1352,Sistema
2024-02-10T01:00:00,212.56528,Sistema
2024-02-10T02:00:00,221.20441,Sistema
2024-02-10T03:00:00,227.32155,Sistema
2024-02-10T04:00:00,225.16582,Sistema
2024-02-10T05:00:00,216.41429,Sistema
2024-02-10T06:00:00,211.62069,Sistema
2024-02-10T07:00:00,204.41966,Sistema
2024-02-10T08:00:00,201.76606,Sistema
2024-02-10T09:00:00,194.05286,Sistema
2024-02-10T10:00:00,185.25026,Sistema
2024-02-10T11:00:00,179.35773,Sistema
2024-02-10T12:00:00,176.58177,Sistema
2024-02-10T13:00:00,177.66897,Sistema
2024-02-10T14:00:00,179.63114,Sistema
2024-02-10T15:00:00,179.62949,Sistema
2024-02-10T16:00:00,182.5121,Sistema
2024-02-10T17:00:00,183.75524,Sistema
2024-02-10T18:00:00,193.01458,Sistema
2024-02-10T19:00:00,189.6288,Sistema
2024-02-10T20:00:00,188.10568,Sistema
2024-02-10T21:00:00,192.61487,Sistema
2024-02-10T22:00:00,196.12926,Sistema
2024-02-10T23:00:00,207.92177,Sistema
2024-02-10T24:00:00,214.16045,Sistema
2024-02-11T01:00:00,223.02558,Sistema
2024-02-11T02:00:00,229.02628,Sistema
2024-02-11T03:00:00,233.85121,Sistema
2024-02-11T04:00:00,238.72578,Sistema
2024-02-11T05:00:00,237.54707,Sistema
2024-02-11T06:00:00,235.42637,Sistema
2024-02-11T07:00:00,238.55114,Sistema
2024-02-11T08:00:00,233.4874,Sistema
2024-02-11T09:00:00,224.58815,Sistema
2024-02-11T10:00:00,215.98116,Sistema
2024-02-11T11:00:00,207.70254,Sistema
2024-02-11T12:00:00,200.3368,Sistema
2024-02-11T13:00:00,200.46995,Sistema
2024-02-11T14:00:00,203.02335,Sistema
2024-02-11T15:00:00,206.27661,Sistema
2024-02-11T16:00:00,204.44193,Sistema
2024-02-11T17:00:00,200.70685,Sistema
2024-02-11T18:00:00,206.44485,Sistema
2024-02-11T19:00:00,192.70843,Sistema
2024-02-11T20:00:00,186.74479,Sistema
2024-02-11T21:00:00,188.68915,Sistema
2024-02-11T22:00:00,193.74427,Sistema
2024-02-11T23:00:00,206.09704,Sistema
2024-02-11T24:00:00,217.62425,Sistema
2024-02-12T01:00:00,222.06647,Sistema
2024-02-12T02:00:00,228.2713,Sistema
2024-02-12T03:00:00,243.11087,Sistema
2024-02-12T04:00:00,249.92528,Sistema
2024-02-12T05:00:00,252.59742,Sistema
2024-02-12T06:00:00,240.28874,Sistema
2024-02-12T07:00:00,237.87032,Sistema
2024-02-12T08:00:00,231.52315,Sistema
2024-02-12T09:00:00,222.45225,Sistema
2024-02-12T10:00:00,211.46509,Sistema
2024-02-12T11:00:00,200.57947,Sistema
2024-02-12T12:00:00,191.54052,Sistema
2024-02-12T13:00:00,192.4377,Sistema
2024-02-12T14:00:00,189.92329,Sistema
2024-02-12T15:00:00,182.54373,Sistema
2024-02-12T16:00:00,185.01994,Sistema
2024-02-12T17:00:00,189.23806,Sistema
2024-02-12T18:00:00,196.49344,Sistema
2024-02-12T19:00:00,192.72621,Sistema
2024-02-12T20:00:00,188.33283,Sistema
2024-02-12T21:00:00,195.92977,Sistema
2024-02-12T22:00:00,200.25344,Sistema
2024-02-12T23:00:00,208.63687,Sistema
2024-02-12T24:00:00,216.75578,Sistema
2024-02-13T01:00:00,221.64479,Sistema
2024-02-13T02:00:00,221.91897,Sistema
2024-02-13T03:00:00,228.80118,Sistema
2024-02-13T04:00:00,233.31809,Sistema
2024-02-13T05:00:00,235.88593,Sistema
2024-02-13T06:00:00,230.52784,Sistema
2024-02-13T07:00:00,228.01688,Sistema
2024-02-13T08:00:00,227.08423,Sistema
2024-02-13T09:00:00,224.72997,Sistema
2024-02-13T10:00:00,219.93804,Sistema
2024-02-13T11:00:00,213.59267,Sistema
2024-02-13T12:00:00,206.42142,Sistema
2024-02-13T13:00:00,212.28863,Sistema
2024-02-13T14:00:00,208.81919,Sistema
2024-02-13T15:00:00,204.49956,Sistema
2024-02-13T16:00:00,201.06152,Sistema
2024-02-13T17:00:00,206.03841,Sistema
2024-02-13T18:00:00,212.04527,Sistema
2024-02-13T19:00:00,209.47462,Sistema
2024-02-13T20:00:00,204.17093,Sistema
2024-02-13T21:00:00,205.28594,Sistema
2024-02-13T22:00:00,213.68848,Sistema
2024-02-13T23:00:00,228.1806,Sistema
2024-02-13T24:00:00,238.00064,Sistema
2024-02-14T01:00:00,250.90854,Sistema
2024-02-14T02:00:00,256.86112,Sistema
2024-02-14T03:00:00,261.70744,Sistema
2024-02-14T04:00:00,269.51256,Sistema
2024-02-14T05:00:00,265.88309,Sistema
2024-02-14T06:00:00,252.92456,Sistema
2024-02-14T07:00:00,246.39844,Sistema
2024-02-14T08:00:00,239.08895,Sistema
2024-02-14T09:00:00,235.4017,Sistema
2024-02-14T10:00:00,231.36628,Sistema
2024-02-14T11:00:00,227.98257,Sistema
2024-02-14T12:00:00,223.03738,Sistema
2024-02-14T13:00:00,227.63015,Sistema
2024-02-14T14:00:00,226.16964,Sistema
2024-02-14T15:00:00,222.7977,Sistema
2024-02-14T16:00:00,225.24377,Sistema
2024-02-14T17:00:00,230.56661,Sistema
2024-02-14T18:00:00,241.69786,Sistema
2024-02-14T19:00:00,235.63719,Sistema
2024-02-14T20:00:00,227.51888,Sistema
2024-02-14T21:00:00,227.88727,Sistema
2024-02-14T22:00:00,236.09427,Sistema
2024-02-14T23:00:00,248.53432,Sistema
2024-02-14T24:00:00,257.23379,Sistema
2024-02-15T01:00:00,266.67078,Sistema
2024-02-15T02:00:00,274.03949,Sistema
2024-02-15T03:00:00,281.82667,Sistema
2024-02-15T04:00:00,285.35273,Sistema
2024-02-15T05:00:00,279.56666,Sistema
2024-02-15T06:00:00,264.08871,Sistema
2024-02-15T07:00:00,261.52734,Sistema
2024-02-15T08:00:00,250.53457,Sistema
2024-02-15T09:00:00,239.92025,Sistema
2024-02-15T10:00:00,239.57591,Sistema
2024-02-15T11:00:00,234.90864,Sistema
2024-02-15T12:00:00,235.88132,Sistema
2024-02-15T13:00:00,244.92352,Sistema
2024-02-15T14:00:00,250.3942,Sistema
2024-02-15T15:00:00,250.19468,Sistema
2024-02-15T16:00:00,251.16916,Sistema
2024-02-15T17:00:00,254.72609,Sistema
2024-02-15T18:00:00,267.28497,Sistema
2024-02-15T19:00:00,261.60397,Sistema
2024-02-15T20:00:00,256.44201,Sistema
2024-02-15T21:00:00,260.77321,Sistema
2024-02-15T22:00:00,271.48282,Sistema
2024-02-15T23:00:00,275.6225,Sistema
2024-02-15T24:00:00,278.16065,Sistema
2024-02-16T01:00:00,275.07676,Sistema
2024-02-16T02:00:00,267.30718,Sistema
2024-02-16T03:00:00,271.02005,Sistema
2024-02-16T04:00:00,277.6653,Sistema
2024-02-16T05:00:00,274.53281,Sistema
2024-02-16T06:00:00,259.82784,Sistema
2024-02-16T07:00:00,255.36373,Sistema
2024-02-16T08:00:00,244.88121,Sistema
2024-02-16T09:00:00,236.24399,Sistema
2024-02-16T10:00:00,233.75408,Sistema
2024-02-16T11:00:00,226.77619,Sistema
2024-02-16T12:00:00,221.89734,Sistema
2024-02-16T13:00:00,226.18618,Sistema
2024-02-16T14:00:00,219.00624,Sistema
2024-02-16T15:00:00,212.23416,Sistema
2024-02-16T16:00:00,215.62862,Sistema
2024-02-16T17:00:00,220.69966,Sistema
2024-02-16T18:00:00,229.73661,Sistema
2024-02-16T19:00:00,221.1553,Sistema
2024-02-16T20:00:00,215.24807,Sistema
2024-02-16T21:00:00,215.88082,Sistema
2024-02-16T22:00:00,223.91219,Sistema
2024-02-16T23:00:00,236.28273,Sistema
2024-02-16T24:00:00,245.37217,Sistema
2024-02-17T01:00:00,254.47732,Sistema
2024-02-17T02:00:00,260.76853,Sistema
2024-02-17T03:00:00,265.32622,Sistema
2024-02-17T04:00:00,270.26329,Sistema
2024-02-17T05:00:00,269.99798,Sistema
2024-02-17T06:00:00,268.17019,Sistema
2024-02-17T07:00:00,266.76567,Sistema
2024-02-17T08:00:00,248.45587,Sistema
2024-02-17T09:00:00,234.16492,Sistema
2024-02-17T10:00:00,228.00949,Sistema
2024-02-17T11:00:00,219.971,Sistema
2024-02-17T12:00:00,215.72506,Sistema
2024-02-17T13:00:00,217.35868,Sistema
2024-02-17T14:00:00,222.17487,Sistema
2024-02-17T15:00:00,227.72434,Sistema
2024-02-17T16:00:00,235.19431,Sistema
2024-02-17T17:00:00,239.06022,Sistema
2024-02-17T18:00:00,245.58465,Sistema
2024-02-17T19:00:00,232.27268,Sistema
2024-02-17T20:00:00,237.29561,Sistema
2024-02-17T21:00:00,242.18633,Sistema
2024-02-17T22:00:00,248.12483,Sistema
2024-02-17T23:00:00,265.12683,Sistema
2024-02-17T24:00:00,273.28148,Sistema
2024-02-18T01:00:00,286.89682,Sistema
2024-02-18T02:00:00,296.66192,Sistema
2024-02-18T03:00:00,302.05507,Sistema
2024-02-18T04:00:00,301.85583,Sistema
2024-02-18T05:00:00,296.24525,Sistema
2024-02-18T06:00:00,301.00683,Sistema
2024-02-18T07:00:00,310.60412,Sistema
2024-02-18T08:00:00,304.00723,Sistema
2024-02-18T09:00:00,296.25924,Sistema
2024-02-18T10:00:00,293.38744,Sistema
2024-02-18T11:00:00,282.44784,Sistema
2024-02-18T12:00:00,274.13814,Sistema
2024-02-18T13:00:00,268.4676,Sistema
2024-02-18T14:00:00,267.97809,Sistema
2024-02-18T15:00:00,268.42599,Sistema
2024-02-18T16:00:00,268.37964,Sistema
2024-02-18T17:00:00,268.49277,Sistema
2024-02-18T18:00:00,267.23198,Sistema
2024-02-18T19:00:00,247.55784,Sistema
2024-02-18T20:00:00,243.33042,Sistema
2024-02-18T21:00:00,244.42017,Sistema
2024-02-18T22:00:00,242.40686,Sistema
2024-02-18T23:00:00,250.44752,Sistema
2024-02-18T24:00:00,260.10562,Sistema
2024-02-19T01:00:00,266.48955,Sistema
2024-02-19T02:00:00,268.73155,Sistema
2024-02-19T03:00:00,274.83829,Sistema
2024-02-19T04:00:00,282.84429,Sistema
2024-02-19T05:00:00,278.45045,Sistema
2024-02-19T06:00:00,259.64045,Sistema
2024-02-19T07:00:00,257.35086,Sistema
2024-02-19T08:00:00,244.43125,Sistema
2024-02-19T09:00:00,227.29791,Sistema
2024-02-19T10:00:00,216.74453,Sistema
2024-02-19T11:00:00,208.41034,Sistema
2024-02-19T12:00:00,198.40349,Sistema
2024-02-19T13:00:00,198.11789,Sistema
2024-02-19T14:00:00,197.53073,Sistema
2024-02-19T15:00:00,195.20563,Sistema
2024-02-19T16:00:00,197.89618,Sistema
2024-02-19T17:00:00,204.94226,Sistema
2024-02-19T18:00:00,212.55106,Sistema
2024-02-19T19:00:00,207.95397,Sistema
2024-02-19T20:00:00,204.39336,Sistema
2024-02-19T21:00:00,206.91906,Sistema
2024-02-19T22:00:00,217.09686,Sistema
2024-02-19T23:00:00,232.13107,Sistema
2024-02-19T24:00:00,243.94344,Sistema
2024-02-20T01:00:00,254.67152,Sistema
2024-02-20T02:00:00,261.64896,Sistema
2024-02-20T03:00:00,266.13614,Sistema
2024-02-20T04:00:00,271.6102,Sistema
2024-02-20T05:00:00,265.7128,Sistema
2024-02-20T06:00:00,251.87561,Sistema
2024-02-20T07:00:00,250.64786,Sistema
2024-02-20T08:00:00,241.88533,Sistema
2024-02-20T09:00:00,235.49679,Sistema
2024-02-20T10:00:00,229.72505,Sistema
2024-02-20T11:00:00,222.55605,Sistema
2024-02-20T12:00:00,218.88127,Sistema
2024-02-20T13:00:00,217.34938,Sistema
2024-02-20T14:00:00,211.83066,Sistema
2024-02-20T15:00:00,208.69465,Sistema
2024-02-20T16:00:00,211.82965,Sistema
2024-02-20T17:00:00,219.0456,Sistema
2024-02-20T18:00:00,227.67226,Sistema
2024-02-20T19:00:00,220.17503,Sistema
2024-02-20T20:00:00,217.51704,Sistema
2024-02-20T21:00:00,220.85,Sistema
2024-02-20T22:00:00,228.75283,Sistema
2024-02-20T23:00:00,242.85476,Sistema
2024-02-20T24:00:00,253.6119,Sistema
2024-02-21T01:00:00,262.08879,Sistema
2024-02-21T02:00:00,266.38724,Sistema
2024-02-21T03:00:00,268.93797,Sistema
2024-02-21T04:00:00,273.41297,Sistema
2024-02-21T05:00:00,269.2874,Sistema
2024-02-21T06:00:00,253.41317,Sistema
2024-02-21T07:00:00,250.86061,Sistema
2024-02-21T08:00:00,244.83206,Sistema
2024-02-21T09:00:00,239.55399,Sistema
2024-02-21T10:00:00,237.79049,Sistema
2024-02-21T11:00:00,231.71814,Sistema
2024-02-21T12:00:00,230.87779,Sistema
2024-02-21T13:00:00,231.59922,Sistema
2024-02-21T14:00:00,234.77313,Sistema
2024-02-21T15:00:00,230.56659,Sistema
2024-02-21T16:00:00,229.85203,Sistema
2024-02-21T17:00:00,234.42985,Sistema
2024-02-21T18:00:00,243.2552,Sistema
2024-02-21T19:00:00,242.27315,Sistema
2024-02-21T20:00:00,235.37667,Sistema
2024-02-21T21:00:00,239.42444,Sistema
2024-02-21T22:00:00,247.65209,Sistema
2024-02-21T23:00:00,258.86927,Sistema
2024-02-21T24:00:00,265.77016,Sistema
2024-02-22T01:00:00,278.13401,Sistema
2024-02-22T02:00:00,280.35709,Sistema
2024-02-22T03:00:00,282.87642,Sistema
2024-02-22T04:00:00,292.30845,Sistema
2024-02-22T05:00:00,290.57008,Sistema
2024-02-22T06:00:00,285.69433,Sistema
2024-02-22T07:00:00,288.06826,Sistema
2024-02-22T08:00:00,276.6504,Sistema
2024-02-22T09:00:00,266.17608,Sistema
2024-02-22T10:00:00,264.68275,Sistema
2024-02-22T11:00:00,264.16308,Sistema
2024-02-22T12:00:00,258.68141,Sistema
2024-02-22T13:00:00,269.46492,Sistema
2024-02-22T14:00:00,266.7823,Sistema
2024-02-22T15:00:00,262.18131,Sistema
2024-02-22T16:00:00,261.09719,Sistema
2024-02-22T17:00:00,263.52629,Sistema
2024-02-22T18:00:00,273.04083,Sistema
2024-02-22T19:00:00,263.01177,Sistema
2024-02-22T20:00:00,254.25917,Sistema
2024-02-22T21:00:00,257.2462,Sistema
2024-02-22T22:00:00,272.18714,Sistema
2024-02-22T23:00:00,292.67267,Sistema
2024-02-22T24:00:00,305.91371,Sistema
2024-02-23T01:00:00,309.83879,Sistema
2024-02-23T02:00:00,312.1492,Sistema
2024-02-23T03:00:00,307.45218,Sistema
2024-02-23T04:00:00,314.67678,Sistema
2024-02-23T05:00:00,315.38263,Sistema
2024-02-23T06:00:00,298.09378,Sistema
2024-02-23T07:00:00,295.89781,Sistema
2024-02-23T08:00:00,286.10401,Sistema
2024-02-23T09:00:00,271.6801,Sistema
2024-02-23T10:00:00,256.60343,Sistema
2024-02-23T11:00:00,254.53283,Sistema
2024-02-23T12:00:00,247.6282,Sistema
2024-02-23T13:00:00,249.31984,Sistema
2024-02-23T14:00:00,242.85914,Sistema
2024-02-23T15:00:00,234.04932,Sistema
2024-02-23T16:00:00,233.03082,Sistema
2024-02-23T17:00:00,242.67173,Sistema
2024-02-23T18:00:00,253.80875,Sistema
2024-02-23T19:00:00,247.14683,Sistema
2024-02-23T20:00:00,241.96584,Sistema
2024-02-23T21:00:00,249.24255,Sistema
2024-02-23T22:00:00,262.57622,Sistema
2024-02-23T23:00:00,277.49246,Sistema
2024-02-23T24:00:00,291.54302,Sistema
2024-02-24T01:00:00,307.18278,Sistema
2024-02-24T02:00:00,319.81865,Sistema
2024-02-24T03:00:00,328.57494,Sistema
2024-02-24T04:00:00,333.85797,Sistema
2024-02-24T05:00:00,333.16532,Sistema
2024-02-24T06:00:00,326.75465,Sistema
2024-02-24T07:00:00,323.41877,Sistema
2024-02-24T08:00:00,304.73851,Sistema
2024-02-24T09:00:00,288.19901,Sistema
2024-02-24T10:00:00,278.56925,Sistema
2024-02-24T11:00:00,268.55978,Sistema
2024-02-24T12:00:00,262.67179,Sistema
2024-02-24T13:00:00,262.57244,Sistema
2024-02-24T14:00:00,254.48569,Sistema
2024-02-24T15:00:00,251.76642,Sistema
2024-02-24T16:00:00,259.35991,Sistema
2024-02-24T17:00:00,269.7812,Sistema
2024-02-24T18:00:00,275.03034,Sistema
2024-02-24T19:00:00,264.20226,Sistema
2024-02-24T20:00:00,254.07191,Sistema
2024-02-24T21:00:00,256.14402,Sistema
2024-02-24T22:00:00,268.4872,Sistema
2024-02-24T23:00:00,284.01094,Sistema
2024-02-24T24:00:00,291.00503,Sistema
2024-02-25T01:00:00,306.54873,Sistema
2024-02-25T02:00:00,323.58894,Sistema
2024-02-25T03:00:00,323.25619,Sistema
2024-02-25T04:00:00,338.69061,Sistema
2024-02-25T05:00:00,349.92163,Sistema
2024-02-25T06:00:00,359.21971,Sistema
2024-02-25T07:00:00,365.29935,Sistema
2024-02-25T08:00:00,356.4455,Sistema
2024-02-25T09:00:00,339.5544,Sistema
2024-02-25T10:00:00,324.81689,Sistema
2024-02-25T11:00:00,309.05205,Sistema
2024-02-25T12:00:00,301.92024,Sistema
2024-02-25T13:00:00,298.95063,Sistema
2024-02-25T14:00:00,301.88755,Sistema
2024-02-25T15:00:00,304.26605,Sistema
2024-02-25T16:00:00,303.82862,Sistema
2024-02-25T17:00:00,305.79381,Sistema
2024-02-25T18:00:00,306.51266,Sistema
2024-02-25T19:00:00,286.2879,Sistema
2024-02-25T20:00:00,274.81143,Sistema
2024-02-25T21:00:00,274.11212,Sistema
2024-02-25T22:00:00,277.10107,Sistema
2024-02-25T23:00:00,289.36971,Sistema
2024-02-25T24:00:00,312.299,Sistema
2024-02-26T01:00:00,327.99823,Sistema
2024-02-26T02:00:00,339.94317,Sistema
2024-02-26T03:00:00,339.58594,Sistema
2024-02-26T04:00:00,341.07023,Sistema
2024-02-26T05:00:00,339.91827,Sistema
2024-02-26T06:00:00,320.40457,Sistema
2024-02-26T07:00:00,316.68809,Sistema
2024-02-26T08:00:00,300.41741,Sistema
2024-02-26T09:00:00,284.58023,Sistema
2024-02-26T10:00:00,276.1759,Sistema
2024-02-26T11:00:00,267.5127,Sistema
2024-02-26T12:00:00,259.58993,Sistema
2024-02-26T13:00:00,256.09212,Sistema
2024-02-26T14:00:00,242.21763,Sistema
2024-02-26T15:00:00,236.65414,Sistema
2024-02-26T16:00:00,235.66079,Sistema
2024-02-26T17:00:00,232.68341,Sistema
2024-02-26T18:00:00,237.94006,Sistema
2024-02-26T19:00:00,228.58064,Sistema
2024-02-26T20:00:00,222.0199,Sistema
2024-02-26T21:00:00,226.85619,Sistema
2024-02-26T22:00:00,236.71033,Sistema
2024-02-26T23:00:00,253.79784,Sistema
2024-02-26T24:00:00,271.28701,Sistema
2024-02-27T01:00:00,278.14008,Sistema
2024-02-27T02:00:00,288.81118,Sistema
2024-02-27T03:00:00,294.63932,Sistema
2024-02-27T04:00:00,310.21335,Sistema
2024-02-27T05:00:00,314.22526,Sistema
2024-02-27T06:00:00,294.31594,Sistema
2024-02-27T07:00:00,297.15696,Sistema
2024-02-27T08:00:00,277.56898,Sistema
2024-02-27T09:00:00,258.45199,Sistema
2024-02-27T10:00:00,251.94861,Sistema
2024-02-27T11:00:00,254.28247,Sistema
2024-02-27T12:00:00,249.76955,Sistema
2024-02-27T13:00:00,250.92858,Sistema
2024-02-27T14:00:00,247.79609,Sistema
2024-02-27T15:00:00,242.41302,Sistema
2024-02-27T16:00:00,242.20862,Sistema
2024-02-27T17:00:00,245.91609,Sistema
2024-02-27T18:00:00,253.63989,Sistema
2024-02-27T19:00:00,246.20272,Sistema
2024-02-27T20:00:00,240.66764,Sistema
2024-02-27T21:00:00,243.57564,Sistema
2024-02-27T22:00:00,255.36886,Sistema
2024-02-27T23:00:00,273.33793,Sistema
2024-02-27T24:00:00,285.68075,Sistema
2024-02-28T01:00:00,271.70938,Sistema
2024-02-28T02:00:00,267.88229,Sistema
2024-02-28T03:00:00,268.17076,Sistema
2024-02-28T04:00:00,263.81031,Sistema
2024-02-28T05:00:00,263.9702,Sistema
2024-02-28T06:00:00,274.84326,Sistema
2024-02-28T07:00:00,279.79644,Sistema
2024-02-28T08:00:00,271.41334,Sistema
2024-02-28T09:00:00,254.7154,Sistema
2024-02-28T10:00:00,252.80219,Sistema
2024-02-28T11:00:00,246.98555,Sistema
2024-02-28T12:00:00,251.91182,Sistema
2024-02-28T13:00:00,247.87394,Sistema
2024-02-28T14:00:00,247.72579,Sistema
2024-02-28T15:00:00,243.24849,Sistema
2024-02-28T16:00:00,242.22505,Sistema
2024-02-28T17:00:00,244.58805,Sistema
2024-02-28T18:00:00,255.64038,Sistema
2024-02-28T19:00:00,248.12595,Sistema
2024-02-28T20:00:00,241.35004,Sistema
2024-02-28T21:00:00,245.60594,Sistema
2024-02-28T22:00:00,256.07631,Sistema
2024-02-28T23:00:00,272.79387,Sistema
2024-02-28T24:00:00,291.32228,Sistema
2024-02-29T01:00:00,297.97449,Sistema
2024-02-29T02:00:00,307.95301,Sistema
2024-02-29T03:00:00,307.61433,Sistema
2024-02-29T04:00:00,308.07971,Sistema
2024-02-29T05:00:00,307.34387,Sistema
2024-02-29T06:00:00,294.84806,Sistema
2024-02-29T07:00:00,295.82114,Sistema
2024-02-29T08:00:00,284.70662,Sistema
2024-02-29T09:00:00,266.218,Sistema
2024-02-29T10:00:00,255.98902,Sistema
2024-02-29T11:00:00,249.94212,Sistema
2024-02-29T12:00:00,244.90267,Sistema
2024-02-29T13:00:00,245.24958,Sistema
2024-02-29T14:00:00,240.81891,Sistema
2024-02-29T15:00:00,237.15391,Sistema
2024-02-29T16:00:00,234.8237,Sistema
2024-02-29T17:00:00,232.66391,Sistema
2024-02-29T18:00:00,239.57506,Sistema
2024-02-29T19:00:00,230.42508,Sistema
2024-02-29T20:00:00,223.78589,Sistema
2024-02-29T21:00:00,227.49452,Sistema
2024-02-29T22:00:00,236.21956,Sistema
2024-02-29T23:00:00,247.92096,Sistema
2024-02-29T24:00:00,254.28433,Sistema
2024-03-01T01:00:00,235.27024,Sistema
2024-03-01T02:00:00,242.13553,Sistema
2024-03-01T03:00:00,249.45562,Sistema
2024-03-01T04:00:00,261.64861,Sistema
2024-03-01T05:00:00,265.88787,Sistema
2024-03-01T06:00:00,277.28208,Sistema
2024-03-01T07:00:00,285.48792,Sistema
2024-03-01T08:00:00,265.21111,Sistema
2024-03-01T09:00:00,242.66767,Sistema
2024-03-01T10:00:00,232.77364,Sistema
2024-03-01T11:00:00,230.02204,Sistema
2024-03-01T12:00:00,234.57248,Sistema
2024-03-01T13:00:00,231.04675,Sistema
2024-03-01T14:00:00,234.743,Sistema
2024-03-01T15:00:00,231.13177,Sistema
2024-03-01T16:00:00,233.47953,Sistema
2024-03-01T17:00:00,239.07176,Sistema
2024-03-01T18:00:00,250.8431,Sistema
2024-03-01T19:00:00,242.56022,Sistema
2024-03-01T20:00:00,234.55507,Sistema
2024-03-01T21:00:00,238.42427,Sistema
2024-03-01T22:00:00,245.29064,Sistema
2024-03-01T23:00:00,260.52119,Sistema
2024-03-01T24:00:00,267.49169,Sistema
2024-03-02T01:00:00,263.36334,Sistema
2024-03-02T02:00:00,258.35875,Sistema
2024-03-02T03:00:00,258.49642,Sistema
2024-03-02T04:00:00,264.10823,Sistema
2024-03-02T05:00:00,263.50301,Sistema
2024-03-02T06:00:00,263.24701,Sistema
2024-03-02T07:00:00,263.04701,Sistema
2024-03-02T08:00:00,249.36682,Sistema
2024-03-02T09:00:00,232.59534,Sistema
2024-03-02T10:00:00,221.76427,Sistema
2024-03-02T11:00:00,215.04193,Sistema
2024-03-02T12:00:00,211.02204,Sistema
2024-03-02T13:00:00,211.319,Sistema
2024-03-02T14:00:00,212.96265,Sistema
2024-03-02T15:00:00,213.20771,Sistema
2024-03-02T16:00:00,215.80006,Sistema
2024-03-02T17:00:00,218.20149,Sistema
2024-03-02T18:00:00,219.50538,Sistema
2024-03-02T19:00:00,208.09351,Sistema
2024-03-02T20:00:00,205.71493,Sistema
2024-03-02T21:00:00,212.17525,Sistema
2024-03-02T22:00:00,220.18658,Sistema
2024-03-02T23:00:00,230.73349,Sistema
2024-03-02T24:00:00,247.82396,Sistema
2024-03-03T01:00:00,259.25638,Sistema
2024-03-03T02:00:00,270.55768,Sistema
2024-03-03T03:00:00,280.45693,Sistema
2024-03-03T04:00:00,287.936,Sistema
2024-03-03T05:00:00,291.45364,Sistema
2024-03-03T06:00:00,294.29305,Sistema
2024-03-03T07:00:00,299.42689,Sistema
2024-03-03T08:00:00,293.07155,Sistema
2024-03-03T09:00:00,284.61106,Sistema
2024-03-03T10:00:00,270.2369,Sistema
2024-03-03T11:00:00,258.04264,Sistema
2024-03-03T12:00:00,250.36136,Sistema
2024-03-03T13:00:00,254.36945,Sistema
2024-03-03T14:00:00,254.03912,Sistema
2024-03-03T15:00:00,256.53507,Sistema
2024-03-03T16:00:00,262.07373,Sistema
2024-03-03T17:00:00,263.30924,Sistema
2024-03-03T18:00:00,264.72976,Sistema
2024-03-03T19:00:00,244.25073,Sistema
2024-03-03T20:00:00,233.44167,Sistema
2024-03-03T21:00:00,232.77489,Sistema
2024-03-03T22:00:00,237.98506,Sistema
2024-03-03T23:00:00,247.9656,Sistema
2024-03-03T24:00:00,255.18025,Sistema
2024-03-04T01:00:00,263.3727,Sistema
2024-03-04T02:00:00,269.39875,Sistema
2024-03-04T03:00:00,270.98498,Sistema
2024-03-04T04:00:00,273.94071,Sistema
2024-03-04T05:00:00,273.67387,Sistema
2024-03-04T06:00:00,271.07803,Sistema
2024-03-04T07:00:00,265.13558,Sistema
2024-03-04T08:00:00,252.18332,Sistema
2024-03-04T09:00:00,242.35212,Sistema
2024-03-04T10:00:00,233.12429,Sistema
2024-03-04T11:00:00,223.04585,Sistema
2024-03-04T12:00:00,217.10473,Sistema
2024-03-04T13:00:00,222.44053,Sistema
2024-03-04T14:00:00,219.9403,Sistema
2024-03-04T15:00:00,219.94317,Sistema
2024-03-04T16:00:00,226.38011,Sistema
2024-03-04T17:00:00,223.48873,Sistema
2024-03-04T18:00:00,231.39327,Sistema
2024-03-04T19:00:00,224.98869,Sistema
2024-03-04T20:00:00,221.13158,Sistema
2024-03-04T21:00:00,225.10195,Sistema
2024-03-04T22:00:00,231.6516,Sistema
2024-03-04T23:00:00,230.04935,Sistema
2024-03-04T24:00:00,237.99034,Sistema
2024-03-05T01:00:00,258.54838,Sistema
2024-03-05T02:00:00,268.43911,Sistema
2024-03-05T03:00:00,274.80949,Sistema
2024-03-05T04:00:00,277.68181,Sistema
2024-03-05T05:00:00,275.70465,Sistema
2024-03-05T06:00:00,267.96334,Sistema
2024-03-05T07:00:00,269.24145,Sistema
2024-03-05T08:00:00,252.88466,Sistema
2024-03-05T09:00:00,230.52218,Sistema
2024-03-05T10:00:00,226.59384,Sistema
2024-03-05T11:00:00,222.97913,Sistema
2024-03-05T12:00:00,224.23786,Sistema
2024-03-05T13:00:00,230.36835,Sistema
2024-03-05T14:00:00,235.21328,Sistema
2024-03-05T15:00:00,231.33632,Sistema
2024-03-05T16:00:00,231.10796,Sistema
2024-03-05T17:00:00,234.8956,Sistema
2024-03-05T18:00:00,247.94228,Sistema
2024-03-05T19:00:00,246.37031,Sistema
2024-03-05T20:00:00,240.41655,Sistema
2024-03-05T21:00:00,240.40774,Sistema
2024-03-05T22:00:00,246.94281,Sistema
2024-03-05T23:00:00,263.51658,Sistema
2024-03-05T24:00:00,277.04636,Sistema
2024-03-06T01:00:00,289.10209,Sistema
2024-03-06T02:00:00,290.21492,Sistema
2024-03-06T03:00:00,288.75882,Sistema
2024-03-06T04:00:00,292.49093,Sistema
2024-03-06T05:00:00,296.58847,Sistema
2024-03-06T06:00:00,288.88842,Sistema
2024-03-06T07:00:00,288.90393,Sistema
2024-03-06T08:00:00,276.24971,Sistema
2024-03-06T09:00:00,264.93934,Sistema
2024-03-06T10:00:00,254.08492,Sistema
2024-03-06T11:00:00,250.53433,Sistema
2024-03-06T12:00:00,241.9232,Sistema
2024-03-06T13:00:00,243.13666,Sistema
2024-03-06T14:00:00,237.93566,Sistema
2024-03-06T15:00:00,230.76259,Sistema
2024-03-06T16:00:00,231.33517,Sistema
2024-03-06T17:00:00,236.17039,Sistema
2024-03-06T18:00:00,249.19642,Sistema
2024-03-06T19:00:00,243.74155,Sistema
2024-03-06T20:00:00,239.60831,Sistema
2024-03-06T21:00:00,243.04917,Sistema
2024-03-06T22:00:00,254.87677,Sistema
2024-03-06T23:00:00,271.21048,Sistema
2024-03-06T24:00:00,280.8583,Sistema
2024-03-07T01:00:00,294.81841,Sistema
2024-03-07T02:00:00,302.24597,Sistema
2024-03-07T03:00:00,313.69545,Sistema
2024-03-07T04:00:00,322.24065,Sistema
2024-03-07T05:00:00,318.0632,Sistema
2024-03-07T06:00:00,300.7031,Sistema
2024-03-07T07:00:00,303.8467,Sistema
2024-03-07T08:00:00,295.24012,Sistema
2024-03-07T09:00:00,279.56446,Sistema
2024-03-07T10:00:00,271.88281,Sistema
2024-03-07T11:00:00,262.21333,Sistema
2024-03-07T12:00:00,253.43735,Sistema
2024-03-07T13:00:00,251.53065,Sistema
2024-03-07T14:00:00,246.90778,Sistema
2024-03-07T15:00:00,231.86728,Sistema
2024-03-07T16:00:00,233.18878,Sistema
2024-03-07T17:00:00,240.66882,Sistema
2024-03-07T18:00:00,253.95329,Sistema
2024-03-07T19:00:00,249.46326,Sistema
2024-03-07T20:00:00,245.13435,Sistema
2024-03-07T21:00:00,246.95384,Sistema
2024-03-07T22:00:00,264.61708,Sistema
2024-03-07T23:00:00,279.5058,Sistema
2024-03-07T24:00:00,291.77884,Sistema
2024-03-08T01:00:00,295.00504,Sistema
2024-03-08T02:00:00,302.02409,Sistema
2024-03-08T03:00:00,304.73141,Sistema
2024-03-08T04:00:00,313.24377,Sistema
2024-03-08T05:00:00,309.418,Sistema
2024-03-08T06:00:00,295.93315,Sistema
2024-03-08T07:00:00,292.32065,Sistema
2024-03-08T08:00:00,281.84337,Sistema
2024-03-08T09:00:00,268.87008,Sistema
2024-03-08T10:00:00,266.89585,Sistema
2024-03-08T11:00:00,261.67545,Sistema
2024-03-08T12:00:00,256.35202,Sistema
2024-03-08T13:00:00,258.56292,Sistema
2024-03-08T14:00:00,251.83352,Sistema
2024-03-08T15:00:00,245.01816,Sistema
2024-03-08T16:00:00,246.36202,Sistema
2024-03-08T17:00:00,254.23072,Sistema
2024-03-08T18:00:00,268.76911,Sistema
2024-03-08T19:00:00,263.67705,Sistema
2024-03-08T20:00:00,256.80744,Sistema
2024-03-08T21:00:00,262.00595,Sistema
2024-03-08T22:00:00,271.52705,Sistema
2024-03-08T23:00:00,278.21562,Sistema
2024-03-08T24:00:00,279.25188,Sistema
2024-03-09T01:00:00,287.63579,Sistema
2024-03-09T02:00:00,285.87676,Sistema
2024-03-09T03:00:00,279.63969,Sistema
2024-03-09T04:00:00,278.3828,Sistema
2024-03-09T05:00:00,277.68252,Sistema
2024-03-09T06:00:00,272.95953,Sistema
2024-03-09T07:00:00,270.51234,Sistema
2024-03-09T08:00:00,265.76648,Sistema
2024-03-09T09:00:00,253.64705,Sistema
2024-03-09T10:00:00,238.57493,Sistema
2024-03-09T11:00:00,232.3161,Sistema
2024-03-09T12:00:00,230.11671,Sistema
2024-03-09T13:00:00,239.05134,Sistema
2024-03-09T14:00:00,249.17795,Sistema
2024-03-09T15:00:00,257.60254,Sistema
2024-03-09T16:00:00,258.06088,Sistema
2024-03-09T17:00:00,261.60497,Sistema
2024-03-09T18:00:00,261.50989,Sistema
2024-03-09T19:00:00,245.90165,Sistema
2024-03-09T20:00:00,242.02185,Sistema
2024-03-09T21:00:00,248.48309,Sistema
2024-03-09T22:00:00,257.47066,Sistema
2024-03-09T23:00:00,269.01659,Sistema
2024-03-09T24:00:00,283.41031,Sistema
2024-03-10T01:00:00,295.40899,Sistema
2024-03-10T02:00:00,309.39686,Sistema
2024-03-10T03:00:00,318.62672,Sistema
2024-03-10T04:00:00,322.25545,Sistema
2024-03-10T05:00:00,322.0853,Sistema
2024-03-10T06:00:00,316.91861,Sistema
2024-03-10T07:00:00,318.41715,Sistema
2024-03-10T08:00:00,315.35691,Sistema
2024-03-10T09:00:00,301.83316,Sistema
2024-03-10T10:00:00,292.88181,Sistema
2024-03-10T11:00:00,286.69297,Sistema
2024-03-10T12:00:00,284.94291,Sistema
2024-03-10T13:00:00,284.75968,Sistema
2024-03-10T14:00:00,287.08117,Sistema
2024-03-10T15:00:00,288.91272,Sistema
2024-03-10T16:00:00,294.31283,Sistema
2024-03-10T17:00:00,300.71727,Sistema
2024-03-10T18:00:00,302.25922,Sistema
2024-03-10T19:00:00,280.5774,Sistema
2024-03-10T20:00:00,268.73614,Sistema
2024-03-10T21:00:00,270.3847,Sistema
2024-03-10T22:00:00,277.48332,Sistema
2024-03-10T23:00:00,291.9417,Sistema
2024-03-10T24:00:00,300.32197,Sistema
2024-03-11T01:00:00,300.45158,Sistema
2024-03-11T02:00:00,300.73553,Sistema
2024-03-11T03:00:00,310.05494,Sistema
2024-03-11T04:00:00,319.03436,Sistema
2024-03-11T05:00:00,315.70131,Sistema
2024-03-11T06:00:00,299.70382,Sistema
2024-03-11T07:00:00,295.01857,Sistema
2024-03-11T08:00:00,282.11111,Sistema
2024-03-11T09:00:00,267.20122,Sistema
2024-03-11T10:00:00,259.49611,Sistema
2024-03-11T11:00:00,250.76146,Sistema
2024-03-11T12:00:00,243.3174,Sistema
2024-03-11T13:00:00,246.32818,Sistema
2024-03-11T14:00:00,244.18865,Sistema
2024-03-11T15:00:00,223.3445,Sistema
2024-03-11T16:00:00,217.5467,Sistema
2024-03-11T17:00:00,224.5934,Sistema
2024-03-11T18:00:00,241.52068,Sistema
2024-03-11T19:00:00,247.67986,Sistema
2024-03-11T20:00:00,246.2833,Sistema
2024-03-11T21:00:00,249.58609,Sistema
2024-03-11T22:00:00,258.94754,Sistema
2024-03-11T23:00:00,278.52565,Sistema
2024-03-11T24:00:00,292.05925,Sistema
2024-03-12T01:00:00,307.16332,Sistema
2024-03-12T02:00:00,305.97675,Sistema
2024-03-12T03:00:00,313.86243,Sistema
2024-03-12T04:00:00,317.37823,Sistema
2024-03-12T05:00:00,315.70125,Sistema
2024-03-12T06:00:00,299.28977,Sistema
2024-03-12T07:00:00,297.35391,Sistema
2024-03-12T08:00:00,284.62517,Sistema
2024-03-12T09:00:00,272.79474,Sistema
2024-03-12T10:00:00,264.75852,Sistema
2024-03-12T11:00:00,239.98586,Sistema
2024-03-12T12:00:00,230.16011,Sistema
2024-03-12T13:00:00,228.89599,Sistema
2024-03-12T14:00:00,224.85089,Sistema
2024-03-12T15:00:00,223.58924,Sistema
2024-03-12T16:00:00,227.93804,Sistema
2024-03-12T17:00:00,231.66438,Sistema
2024-03-12T18:00:00,249.73101,Sistema
2024-03-12T19:00:00,243.35335,Sistema
2024-03-12T20:00:00,236.14307,Sistema
2024-03-12T21:00:00,244.35306,Sistema
2024-03-12T22:00:00,255.6454,Sistema
2024-03-12T23:00:00,274.13835,Sistema
2024-03-12T24:00:00,290.44433,Sistema
2024-03-13T01:00:00,298.65712,Sistema
2024-03-13T02:00:00,292.12869,Sistema
2024-03-13T03:00:00,298.78842,Sistema
2024-03-13T04:00:00,313.80314,Sistema
2024-03-13T05:00:00,307.90343,Sistema
2024-03-13T06:00:00,296.30831,Sistema
2024-03-13T07:00:00,296.03718,Sistema
2024-03-13T08:00:00,280.23491,Sistema
2024-03-13T09:00:00,268.83086,Sistema
2024-03-13T10:00:00,258.97163,Sistema
2024-03-13T11:00:00,248.72794,Sistema
2024-03-13T12:00:00,243.94827,Sistema
2024-03-13T13:00:00,248.01905,Sistema
2024-03-13T14:00:00,240.21669,Sistema
2024-03-13T15:00:00,231.56345,Sistema
2024-03-13T16:00:00,231.03237,Sistema
2024-03-13T17:00:00,234.55672,Sistema
2024-03-13T18:00:00,243.43082,Sistema
2024-03-13T19:00:00,235.44052,Sistema
2024-03-13T20:00:00,230.51765,Sistema
2024-03-13T21:00:00,235.82875,Sistema
2024-03-13T22:00:00,247.95668,Sistema
2024-03-13T23:00:00,263.5184,Sistema
2024-03-13T24:00:00,279.00604,Sistema
2024-03-14T01:00:00,292.34341,Sistema
2024-03-14T02:00:00,301.757,Sistema
2024-03-14T03:00:00,308.4321,Sistema
2024-03-14T04:00:00,313.53005,Sistema
2024-03-14T05:00:00,309.45013,Sistema
2024-03-14T06:00:00,292.2099,Sistema
2024-03-14T07:00:00,288.14292,Sistema
2024-03-14T08:00:00,273.82136,Sistema
2024-03-14T09:00:00,255.91961,Sistema
2024-03-14T10:00:00,249.10991,Sistema
2024-03-14T11:00:00,246.20203,Sistema
2024-03-14T12:00:00,240.97076,Sistema
2024-03-14T13:00:00,241.69804,Sistema
2024-03-14T14:00:00,237.97113,Sistema
2024-03-14T15:00:00,234.23087,Sistema
2024-03-14T16:00:00,235.36823,Sistema
2024-03-14T17:00:00,238.77711,Sistema
2024-03-14T18:00:00,245.57109,Sistema
2024-03-14T19:00:00,237.6004,Sistema
2024-03-14T20:00:00,232.76667,Sistema
2024-03-14T21:00:00,236.46818,Sistema
2024-03-14T22:00:00,247.33615,Sistema
2024-03-14T23:00:00,261.43279,Sistema
2024-03-14T24:00:00,277.46026,Sistema
2024-03-15T01:00:00,291.91814,Sistema
2024-03-15T02:00:00,299.49088,Sistema
2024-03-15T03:00:00,307.86564,Sistema
2024-03-15T04:00:00,311.40523,Sistema
2024-03-15T05:00:00,306.57063,Sistema
2024-03-15T06:00:00,290.11681,Sistema
2024-03-15T07:00:00,287.72904,Sistema
2024-03-15T08:00:00,273.17319,Sistema
2024-03-15T09:00:00,258.66194,Sistema
2024-03-15T10:00:00,253.09209,Sistema
2024-03-15T11:00:00,242.50887,Sistema
2024-03-15T12:00:00,235.02153,Sistema
2024-03-15T13:00:00,238.19439,Sistema
2024-03-15T14:00:00,237.34053,Sistema
2024-03-15T15:00:00,232.60884,Sistema
2024-03-15T16:00:00,233.49766,Sistema
2024-03-15T17:00:00,240.81286,Sistema
2024-03-15T18:00:00,249.89699,Sistema
2024-03-15T19:00:00,241.94951,Sistema
2024-03-15T20:00:00,240.14489,Sistema
2024-03-15T21:00:00,235.68755,Sistema
2024-03-15T22:00:00,244.73466,Sistema
2024-03-15T23:00:00,255.56839,Sistema
2024-03-15T24:00:00,268.16848,Sistema
2024-03-16T01:00:00,288.67013,Sistema
2024-03-16T02:00:00,293.37127,Sistema
2024-03-16T03:00:00,297.48357,Sistema
2024-03-16T04:00:00,298.26245,Sistema
2024-03-16T05:00:00,299.53657,Sistema
2024-03-16T06:00:00,294.19241,Sistema
2024-03-16T07:00:00,296.37241,Sistema
2024-03-16T08:00:00,281.5232,Sistema
2024-03-16T09:00:00,271.00452,Sistema
2024-03-16T10:00:00,264.48412,Sistema
2024-03-16T11:00:00,255.55454,Sistema
2024-03-16T12:00:00,250.9351,Sistema
2024-03-16T13:00:00,262.56583,Sistema
2024-03-16T14:00:00,267.56456,Sistema
2024-03-16T15:00:00,269.46526,Sistema
2024-03-16T16:00:00,269.85052,Sistema
2024-03-16T17:00:00,270.60009,Sistema
2024-03-16T18:00:00,274.72975,Sistema
2024-03-16T19:00:00,260.54739,Sistema
2024-03-16T20:00:00,258.24273,Sistema
2024-03-16T21:00:00,268.00342,Sistema
2024-03-16T22:00:00,285.38208,Sistema
2024-03-16T23:00:00,290.47043,Sistema
2024-03-16T24:00:00,299.7433,Sistema
2024-03-17T01:00:00,314.98737,Sistema
2024-03-17T02:00:00,326.8048,Sistema
2024-03-17T03:00:00,337.55513,Sistema
2024-03-17T04:00:00,346.72351,Sistema
2024-03-17T05:00:00,347.45359,Sistema
2024-03-17T06:00:00,336.95045,Sistema
2024-03-17T07:00:00,347.41002,Sistema
2024-03-17T08:00:00,337.88352,Sistema
2024-03-17T09:00:00,313.41986,Sistema
2024-03-17T10:00:00,293.12192,Sistema
2024-03-17T11:00:00,282.91421,Sistema
2024-03-17T12:00:00,277.78077,Sistema
2024-03-17T13:00:00,273.20786,Sistema
2024-03-17T14:00:00,275.02341,Sistema
2024-03-17T15:00:00,278.69902,Sistema
2024-03-17T16:00:00,283.9941,Sistema
2024-03-17T17:00:00,294.47452,Sistema
2024-03-17T18:00:00,299.32475,Sistema
2024-03-17T19:00:00,283.70663,Sistema
2024-03-17T20:00:00,272.40364,Sistema
2024-03-17T21:00:00,276.13808,Sistema
2024-03-17T22:00:00,283.85079,Sistema
2024-03-17T23:00:00,288.12557,Sistema
2024-03-17T24:00:00,301.05219,Sistema
2024-03-18T01:00:00,308.92013,Sistema
2024-03-18T02:00:00,297.51428,Sistema
2024-03-18T03:00:00,298.91447,Sistema
2024-03-18T04:00:00,297.27614,Sistema
2024-03-18T05:00:00,292.18861,Sistema
2024-03-18T06:00:00,296.33369,Sistema
2024-03-18T07:00:00,298.99438,Sistema
2024-03-18T08:00:00,285.87491,Sistema
2024-03-18T09:00:00,274.74896,Sistema
2024-03-18T10:00:00,264.52131,Sistema
2024-03-18T11:00:00,255.60235,Sistema
2024-03-18T12:00:00,250.68169,Sistema
2024-03-18T13:00:00,251.80638,Sistema
2024-03-18T14:00:00,247.00317,Sistema
2024-03-18T15:00:00,245.23712,Sistema
2024-03-18T16:00:00,252.88611,Sistema
2024-03-18T17:00:00,255.94404,Sistema
2024-03-18T18:00:00,261.1633,Sistema
2024-03-18T19:00:00,251.21968,Sistema
2024-03-18T20:00:00,236.72667,Sistema
2024-03-18T21:00:00,239.05649,Sistema
2024-03-18T22:00:00,250.86212,Sistema
2024-03-18T23:00:00,256.21015,Sistema
2024-03-18T24:00:00,270.19428,Sistema
2024-03-19T01:00:00,291.87948,Sistema
2024-03-19T02:00:00,298.76244,Sistema
2024-03-19T03:00:00,309.31154,Sistema
2024-03-19T04:00:00,316.28734,Sistema
2024-03-19T05:00:00,308.13072,Sistema
2024-03-19T06:00:00,290.8064,Sistema
2024-03-19T07:00:00,284.12654,Sistema
2024-03-19T08:00:00,268.07013,Sistema
2024-03-19T09:00:00,255.36554,Sistema
2024-03-19T10:00:00,248.47978,Sistema
2024-03-19T11:00:00,240.49561,Sistema
2024-03-19T12:00:00,236.72341,Sistema
2024-03-19T13:00:00,244.3887,Sistema
2024-03-19T14:00:00,249.17519,Sistema
2024-03-19T15:00:00,247.06966,Sistema
2024-03-19T16:00:00,251.35234,Sistema
2024-03-19T17:00:00,256.58305,Sistema
2024-03-19T18:00:00,265.04229,Sistema
2024-03-19T19:00:00,258.35032,Sistema
2024-03-19T20:00:00,254.49493,Sistema
2024-03-19T21:00:00,258.39828,Sistema
2024-03-19T22:00:00,292.8877,Sistema
2024-03-19T23:00:00,284.12229,Sistema
2024-03-19T24:00:00,302.71272,Sistema
2024-03-20T01:00:00,318.35217,Sistema
2024-03-20T02:00:00,332.27454,Sistema
2024-03-20T03:00:00,340.67279,Sistema
2024-03-20T04:00:00,344.87181,Sistema
2024-03-20T05:00:00,339.94895,Sistema
2024-03-20T06:00:00,321.81222,Sistema
2024-03-20T07:00:00,322.21914,Sistema
2024-03-20T08:00:00,310.79891,Sistema
2024-03-20T09:00:00,294.97373,Sistema
2024-03-20T10:00:00,288.24637,Sistema
2024-03-20T11:00:00,277.11509,Sistema
2024-03-20T12:00:00,268.07263,Sistema
2024-03-20T13:00:00,269.08118,Sistema
2024-03-20T14:00:00,267.77302,Sistema
2024-03-20T15:00:00,246.57629,Sistema
2024-03-20T16:00:00,240.61868,Sistema
2024-03-20T17:00:00,245.41914,Sistema
2024-03-20T18:00:00,247.55005,Sistema
2024-03-20T19:00:00,243.71716,Sistema
2024-03-20T20:00:00,240.85072,Sistema
2024-03-20T21:00:00,244.54562,Sistema
2024-03-20T22:00:00,255.6242,Sistema
2024-03-20T23:00:00,272.35207,Sistema
2024-03-20T24:00:00,288.12705,Sistema
2024-03-21T01:00:00,304.28477,Sistema
2024-03-21T02:00:00,310.23388,Sistema
2024-03-21T03:00:00,318.66148,Sistema
2024-03-21T04:00:00,324.57348,Sistema
2024-03-21T05:00:00,315.91506,Sistema
2024-03-21T06:00:00,294.87066,Sistema
2024-03-21T07:00:00,299.26237,Sistema
2024-03-21T08:00:00,289.30451,Sistema
2024-03-21T09:00:00,275.8098,Sistema
2024-03-21T10:00:00,266.96937,Sistema
2024-03-21T11:00:00,258.09529,Sistema
2024-03-21T12:00:00,250.98484,Sistema
2024-03-21T13:00:00,251.18758,Sistema
2024-03-21T14:00:00,247.93718,Sistema
2024-03-21T15:00:00,242.72788,Sistema
2024-03-21T16:00:00,243.57455,Sistema
2024-03-21T17:00:00,250.30063,Sistema
2024-03-21T18:00:00,264.16005,Sistema
2024-03-21T19:00:00,253.22548,Sistema
2024-03-21T20:00:00,249.6446,Sistema
2024-03-21T21:00:00,253.43057,Sistema
2024-03-21T22:00:00,264.72569,Sistema
2024-03-21T23:00:00,277.75535,Sistema
2024-03-21T24:00:00,292.51009,Sistema
2024-03-22T01:00:00,304.85814,Sistema
2024-03-22T02:00:00,309.29253,Sistema
2024-03-22T03:00:00,322.60924,Sistema
2024-03-22T04:00:00,328.07879,Sistema
2024-03-22T05:00:00,321.42369,Sistema
2024-03-22T06:00:00,303.81213,Sistema
2024-03-22T07:00:00,297.86563,Sistema
2024-03-22T08:00:00,284.16567,Sistema
2024-03-22T09:00:00,269.86691,Sistema
2024-03-22T10:00:00,262.03422,Sistema
2024-03-22T11:00:00,252.93163,Sistema
2024-03-22T12:00:00,246.55017,Sistema
2024-03-22T13:00:00,246.15156,Sistema
2024-03-22T14:00:00,238.79209,Sistema
2024-03-22T15:00:00,229.44905,Sistema
2024-03-22T16:00:00,230.60304,Sistema
2024-03-22T17:00:00,235.18698,Sistema
2024-03-22T18:00:00,249.39971,Sistema
2024-03-22T19:00:00,243.38972,Sistema
2024-03-22T20:00:00,242.68629,Sistema
2024-03-22T21:00:00,247.31036,Sistema
2024-03-22T22:00:00,255.68267,Sistema
2024-03-22T23:00:00,267.22425,Sistema
2024-03-22T24:00:00,283.45754,Sistema
2024-03-23T01:00:00,296.07163,Sistema
2024-03-23T02:00:00,305.03118,Sistema
2024-03-23T03:00:00,319.33721,Sistema
2024-03-23T04:00:00,326.61536,Sistema
2024-03-23T05:00:00,325.0131,Sistema
2024-03-23T06:00:00,322.23142,Sistema
2024-03-23T07:00:00,310.30848,Sistema
2024-03-23T08:00:00,293.93655,Sistema
2024-03-23T09:00:00,277.10929,Sistema
2024-03-23T10:00:00,266.06417,Sistema
2024-03-23T11:00:00,259.34991,Sistema
2024-03-23T12:00:00,256.39489,Sistema
2024-03-23T13:00:00,261.16474,Sistema
2024-03-23T14:00:00,263.69412,Sistema
2024-03-23T15:00:00,264.51591,Sistema
2024-03-23T16:00:00,272.59989,Sistema
2024-03-23T17:00:00,276.88815,Sistema
2024-03-23T18:00:00,281.87193,Sistema
2024-03-23T19:00:00,265.80988,Sistema
2024-03-23T20:00:00,263.06068,Sistema
2024-03-23T21:00:00,269.36755,Sistema
2024-03-23T22:00:00,274.11595,Sistema
2024-03-23T23:00:00,286.04283,Sistema
2024-03-23T24:00:00,295.29434,Sistema
2024-03-24T01:00:00,308.01647,Sistema
2024-03-24T02:00:00,314.85941,Sistema
2024-03-24T03:00:00,328.28351,Sistema
2024-03-24T04:00:00,336.07465,Sistema
2024-03-24T05:00:00,339.04004,Sistema
2024-03-24T06:00:00,338.54051,Sistema
2024-03-24T07:00:00,345.44462,Sistema
2024-03-24T08:00:00,331.12683,Sistema
2024-03-24T09:00:00,311.21863,Sistema
2024-03-24T10:00:00,294.85053,Sistema
2024-03-24T11:00:00,289.3324,Sistema
2024-03-24T12:00:00,282.85005,Sistema
2024-03-24T13:00:00,276.76526,Sistema
2024-03-24T14:00:00,281.44979,Sistema
2024-03-24T15:00:00,287.05095,Sistema
2024-03-24T16:00:00,292.03271,Sistema
2024-03-24T17:00:00,298.60905,Sistema
2024-03-24T18:00:00,305.7555,Sistema
2024-03-24T19:00:00,281.38387,Sistema
2024-03-24T20:00:00,274.92392,Sistema
2024-03-24T21:00:00,279.46582,Sistema
2024-03-24T22:00:00,288.41753,Sistema
2024-03-24T23:00:00,291.74154,Sistema
2024-03-24T24:00:00,296.54142,Sistema
2024-03-25T01:00:00,327.2615,Sistema
2024-03-25T02:00:00,334.36392,Sistema
2024-03-25T03:00:00,342.09091,Sistema
2024-03-25T04:00:00,351.10297,Sistema
2024-03-25T05:00:00,345.10118,Sistema
2024-03-25T06:00:00,343.28908,Sistema
2024-03-25T07:00:00,352.9074,Sistema
2024-03-25T08:00:00,335.49458,Sistema
2024-03-25T09:00:00,317.87131,Sistema
2024-03-25T10:00:00,305.41172,Sistema
2024-03-25T11:00:00,298.88494,Sistema
2024-03-25T12:00:00,293.80181,Sistema
2024-03-25T13:00:00,289.52803,Sistema
2024-03-25T14:00:00,288.94908,Sistema
2024-03-25T15:00:00,291.03281,Sistema
2024-03-25T16:00:00,291.71402,Sistema
2024-03-25T17:00:00,296.22037,Sistema
2024-03-25T18:00:00,299.33858,Sistema
2024-03-25T19:00:00,281.18785,Sistema
2024-03-25T20:00:00,272.37323,Sistema
2024-03-25T21:00:00,273.48185,Sistema
2024-03-25T22:00:00,285.75176,Sistema
2024-03-25T23:00:00,283.13323,Sistema
2024-03-25T24:00:00,301.01443,Sistema
2024-03-26T01:00:00,311.28007,Sistema
2024-03-26T02:00:00,320.66381,Sistema
2024-03-26T03:00:00,333.13465,Sistema
2024-03-26T04:00:00,336.89424,Sistema
2024-03-26T05:00:00,333.71888,Sistema
2024-03-26T06:00:00,328.18513,Sistema
2024-03-26T07:00:00,321.4746,Sistema
2024-03-26T08:00:00,312.59959,Sistema
2024-03-26T09:00:00,289.53915,Sistema
2024-03-26T10:00:00,281.17674,Sistema
2024-03-26T11:00:00,273.28594,Sistema
2024-03-26T12:00:00,268.61622,Sistema
2024-03-26T13:00:00,266.44891,Sistema
2024-03-26T14:00:00,266.53011,Sistema
2024-03-26T15:00:00,264.38792,Sistema
2024-03-26T16:00:00,258.88963,Sistema
2024-03-26T17:00:00,264.3223,Sistema
2024-03-26T18:00:00,280.66636,Sistema
2024-03-26T19:00:00,271.59565,Sistema
2024-03-26T20:00:00,266.91811,Sistema
2024-03-26T21:00:00,271.27465,Sistema
2024-03-26T22:00:00,280.63653,Sistema
2024-03-26T23:00:00,295.8832,Sistema
2024-03-26T24:00:00,315.44722,Sistema
2024-03-27T01:00:00,350.84296,Sistema
2024-03-27T02:00:00,368.68829,Sistema
2024-03-27T03:00:00,379.53692,Sistema
2024-03-27T04:00:00,394.0295,Sistema
2024-03-27T05:00:00,383.46863,Sistema
2024-03-27T06:00:00,373.69763,Sistema
2024-03-27T07:00:00,362.36875,Sistema
2024-03-27T08:00:00,341.95452,Sistema
2024-03-27T09:00:00,319.8346,Sistema
2024-03-27T10:00:00,313.42549,Sistema
2024-03-27T11:00:00,305.18678,Sistema
2024-03-27T12:00:00,302.32929,Sistema
2024-03-27T13:00:00,304.43906,Sistema
2024-03-27T14:00:00,305.29396,Sistema
2024-03-27T15:00:00,299.96588,Sistema
2024-03-27T16:00:00,301.8669,Sistema
2024-03-27T17:00:00,309.37848,Sistema
2024-03-27T18:00:00,314.60413,Sistema
2024-03-27T19:00:00,299.24744,Sistema
2024-03-27T20:00:00,298.75175,Sistema
2024-03-27T21:00:00,305.17669,Sistema
2024-03-27T22:00:00,316.17193,Sistema
2024-03-27T23:00:00,325.63661,Sistema
2024-03-27T24:00:00,339.50784,Sistema
2024-03-28T01:00:00,355.36715,Sistema
2024-03-28T02:00:00,365.4414,Sistema
2024-03-28T03:00:00,378.96525,Sistema
2024-03-28T04:00:00,391.45601,Sistema
2024-03-28T05:00:00,387.78088,Sistema
2024-03-28T06:00:00,388.51812,Sistema
2024-03-28T07:00:00,398.87413,Sistema
2024-03-28T08:00:00,374.77585,Sistema
2024-03-28T09:00:00,356.64187,Sistema
2024-03-28T10:00:00,344.29672,Sistema
2024-03-28T11:00:00,335.83746,Sistema
2024-03-28T12:00:00,331.16948,Sistema
2024-03-28T13:00:00,328.50591,Sistema
2024-03-28T14:00:00,321.9512,Sistema
2024-03-28T15:00:00,330.19296,Sistema
2024-03-28T16:00:00,339.54021,Sistema
2024-03-28T17:00:00,350.70715,Sistema
2024-03-28T18:00:00,351.02965,Sistema
2024-03-28T19:00:00,326.08668,Sistema
2024-03-28T20:00:00,317.2244,Sistema
2024-03-28T21:00:00,322.2897,Sistema
2024-03-28T22:00:00,329.46888,Sistema
2024-03-28T23:00:00,340.20925,Sistema
2024-03-28T24:00:00,353.25939,Sistema
2024-03-29T01:00:00,368.01759,Sistema
2024-03-29T02:00:00,384.56107,Sistema
2024-03-29T03:00:00,395.48221,Sistema
2024-03-29T04:00:00,393.05849,Sistema
2024-03-29T05:00:00,400.02439,Sistema
2024-03-29T06:00:00,399.76474,Sistema
2024-03-29T07:00:00,417.39008,Sistema
2024-03-29T08:00:00,405.90525,Sistema
2024-03-29T09:00:00,393.949,Sistema
2024-03-29T10:00:00,374.52836,Sistema
2024-03-29T11:00:00,365.37644,Sistema
2024-03-29T12:00:00,363.53079,Sistema
2024-03-29T13:00:00,363.48103,Sistema
2024-03-29T14:00:00,359.86211,Sistema
2024-03-29T15:00:00,349.04662,Sistema
2024-03-29T16:00:00,355.64318,Sistema
2024-03-29T17:00:00,354.40271,Sistema
2024-03-29T18:00:00,356.64163,Sistema
2024-03-29T19:00:00,340.70273,Sistema
2024-03-29T20:00:00,327.87428,Sistema
2024-03-29T21:00:00,331.88219,Sistema
2024-03-29T22:00:00,338.15279,Sistema
2024-03-29T23:00:00,345.87356,Sistema
2024-03-29T24:00:00,356.78493,Sistema
2024-03-30T01:00:00,364.3114,Sistema
2024-03-30T02:00:00,365.5097,Sistema
2024-03-30T03:00:00,366.34028,Sistema
2024-03-30T04:00:00,358.50615,Sistema
2024-03-30T05:00:00,354.43575,Sistema
2024-03-30T06:00:00,350.49384,Sistema
2024-03-30T07:00:00,367.64199,Sistema
2024-03-30T08:00:00,358.96302,Sistema
2024-03-30T09:00:00,337.11107,Sistema
2024-03-30T10:00:00,320.0476,Sistema
2024-03-30T11:00:00,309.64276,Sistema
2024-03-30T12:00:00,298.26235,Sistema
2024-03-30T13:00:00,293.95982,Sistema
2024-03-30T14:00:00,293.69991,Sistema
2024-03-30T15:00:00,272.20034,Sistema
2024-03-30T16:00:00,295.27628,Sistema
2024-03-30T17:00:00,287.91073,Sistema
2024-03-30T18:00:00,285.23646,Sistema
2024-03-30T19:00:00,278.21967,Sistema
2024-03-30T20:00:00,275.65946,Sistema
2024-03-30T21:00:00,285.29201,Sistema
2024-03-30T22:00:00,296.28188,Sistema
2024-03-30T23:00:00,303.57323,Sistema
2024-03-30T24:00:00,322.21893,Sistema
2024-03-31T01:00:00,355.90172,Sistema
2024-03-31T02:00:00,349.38401,Sistema
2024-03-31T03:00:00,357.20572,Sistema
2024-03-31T04:00:00,365.09118,Sistema
2024-03-31T05:00:00,364.51399,Sistema
2024-03-31T06:00:00,359.79066,Sistema
2024-03-31T07:00:00,376.2264,Sistema
2024-03-31T08:00:00,364.0956,Sistema
2024-03-31T09:00:00,346.85142,Sistema
2024-03-31T10:00:00,332.84126,Sistema
2024-03-31T11:00:00,322.84979,Sistema
2024-03-31T12:00:00,324.0285,Sistema
2024-03-31T13:00:00,328.31573,Sistema
2024-03-31T14:00:00,328.2749,Sistema
2024-03-31T15:00:00,329.33045,Sistema
2024-03-31T16:00:00,331.84363,Sistema
2024-03-31T17:00:00,327.26071,Sistema
2024-03-31T18:00:00,328.41534,Sistema
2024-03-31T19:00:00,302.74758,Sistema
2024-03-31T20:00:00,289.4208,Sistema
2024-03-31T21:00:00,291.9908,Sistema
2024-03-31T22:00:00,301.87305,Sistema
2024-03-31T23:00:00,315.37429,Sistema
2024-03-31T24:00:00,334.47184,Sistema
2024-04-01T01:00:00,347.85927,Sistema
2024-04-01T02:00:00,351.87111,Sistema
2024-04-01T03:00:00,359.28646,Sistema
2024-04-01T04:00:00,363.63691,Sistema
2024-04-01T05:00:00,342.30724,Sistema
2024-04-01T06:00:00,328.04592,Sistema
2024-04-01T07:00:00,329.51456,Sistema
2024-04-01T08:00:00,308.75065,Sistema
2024-04-01T09:00:00,291.35068,Sistema
2024-04-01T10:00:00,280.8621,Sistema
2024-04-01T11:00:00,281.71905,Sistema
2024-04-01T12:00:00,286.5683,Sistema
2024-04-01T13:00:00,293.74688,Sistema
2024-04-01T14:00:00,288.88088,Sistema
2024-04-01T15:00:00,284.69797,Sistema
2024-04-01T16:00:00,285.38604,Sistema
2024-04-01T17:00:00,281.5044,Sistema
2024-04-01T18:00:00,290.76166,Sistema
2024-04-01T19:00:00,286.42917,Sistema
2024-04-01T20:00:00,281.98457,Sistema
2024-04-01T21:00:00,281.1839,Sistema
2024-04-01T22:00:00,293.09671,Sistema
2024-04-01T23:00:00,299.16663,Sistema
2024-04-01T24:00:00,311.68683,Sistema
2024-04-02T01:00:00,327.30672,Sistema
2024-04-02T02:00:00,331.00771,Sistema
2024-04-02T03:00:00,344.17784,Sistema
2024-04-02T04:00:00,345.57197,Sistema
2024-04-02T05:00:00,343.70825,Sistema
2024-04-02T06:00:00,326.6672,Sistema
2024-04-02T07:00:00,326.98799,Sistema
2024-04-02T08:00:00,321.31442,Sistema
2024-04-02T09:00:00,302.65344,Sistema
2024-04-02T10:00:00,296.59164,Sistema
2024-04-02T11:00:00,291.73832,Sistema
2024-04-02T12:00:00,275.0764,Sistema
2024-04-02T13:00:00,277.5813,Sistema
2024-04-02T14:00:00,272.94158,Sistema
2024-04-02T15:00:00,267.46336,Sistema
2024-04-02T16:00:00,261.69697,Sistema
2024-04-02T17:00:00,270.91775,Sistema
2024-04-02T18:00:00,280.25325,Sistema
2024-04-02T19:00:00,269.44323,Sistema
2024-04-02T20:00:00,271.61382,Sistema
2024-04-02T21:00:00,277.51358,Sistema
2024-04-02T22:00:00,284.81435,Sistema
2024-04-02T23:00:00,277.42058,Sistema
2024-04-02T24:00:00,286.09066,Sistema
2024-04-03T01:00:00,298.58842,Sistema
2024-04-03T02:00:00,308.14678,Sistema
2024-04-03T03:00:00,334.29221,Sistema
2024-04-03T04:00:00,339.18302,Sistema
2024-04-03T05:00:00,328.37486,Sistema
2024-04-03T06:00:00,318.92619,Sistema
2024-04-03T07:00:00,325.80107,Sistema
2024-04-03T08:00:00,309.42893,Sistema
2024-04-03T09:00:00,301.11106,Sistema
2024-04-03T10:00:00,296.87477,Sistema
2024-04-03T11:00:00,290.14952,Sistema
2024-04-03T12:00:00,279.58202,Sistema
2024-04-03T13:00:00,280.89323,Sistema
2024-04-03T14:00:00,276.9524,Sistema
2024-04-03T15:00:00,255.07319,Sistema
2024-04-03T16:00:00,253.22548,Sistema
2024-04-03T17:00:00,259.20682,Sistema
2024-04-03T18:00:00,275.73581,Sistema
2024-04-03T19:00:00,270.97288,Sistema
2024-04-03T20:00:00,265.5478,Sistema
2024-04-03T21:00:00,269.65035,Sistema
2024-04-03T22:00:00,281.44288,Sistema
2024-04-03T23:00:00,300.49298,Sistema
2024-04-03T24:00:00,308.4956,Sistema
2024-04-04T01:00:00,337.2466,Sistema
2024-04-04T02:00:00,340.68754,Sistema
2024-04-04T03:00:00,346.84932,Sistema
2024-04-04T04:00:00,348.90335,Sistema
2024-04-04T05:00:00,344.72064,Sistema
2024-04-04T06:00:00,326.50604,Sistema
2024-04-04T07:00:00,313.57802,Sistema
2024-04-04T08:00:00,304.66704,Sistema
2024-04-04T09:00:00,295.54797,Sistema
2024-04-04T10:00:00,290.54842,Sistema
2024-04-04T11:00:00,288.4517,Sistema
2024-04-04T12:00:00,284.18815,Sistema
2024-04-04T13:00:00,286.389,Sistema
2024-04-04T14:00:00,281.92859,Sistema
2024-04-04T15:00:00,281.27989,Sistema
2024-04-04T16:00:00,282.71578,Sistema
2024-04-04T17:00:00,286.75986,Sistema
2024-04-04T18:00:00,289.16791,Sistema
2024-04-04T19:00:00,272.14128,Sistema
2024-04-04T20:00:00,271.17193,Sistema
2024-04-04T21:00:00,276.41368,Sistema
2024-04-04T22:00:00,289.65904,Sistema
2024-04-04T23:00:00,310.31305,Sistema
2024-04-04T24:00:00,320.91149,Sistema
2024-04-05T01:00:00,315.93863,Sistema
2024-04-05T02:00:00,314.84453,Sistema
2024-04-05T03:00:00,316.43435,Sistema
2024-04-05T04:00:00,319.0347,Sistema
2024-04-05T05:00:00,312.37083,Sistema
2024-04-05T06:00:00,298.20878,Sistema
2024-04-05T07:00:00,297.22873,Sistema
2024-04-05T08:00:00,293.58503,Sistema
2024-04-05T09:00:00,279.53908,Sistema
2024-04-05T10:00:00,283.27024,Sistema
2024-04-05T11:00:00,289.16821,Sistema
2024-04-05T12:00:00,284.13822,Sistema
2024-04-05T13:00:00,286.34572,Sistema
2024-04-05T14:00:00,282.06168,Sistema
2024-04-05T15:00:00,277.57162,Sistema
2024-04-05T16:00:00,276.804,Sistema
2024-04-05T17:00:00,286.9907,Sistema
2024-04-05T18:00:00,296.56936,Sistema
2024-04-05T19:00:00,291.97697,Sistema
2024-04-05T20:00:00,288.13791,Sistema
2024-04-05T21:00:00,293.76286,Sistema
2024-04-05T22:00:00,301.6335,Sistema
2024-04-05T23:00:00,322.92496,Sistema
2024-04-05T24:00:00,329.61788,Sistema
2024-04-06T01:00:00,323.62748,Sistema
2024-04-06T02:00:00,322.97901,Sistema
2024-04-06T03:00:00,328.349,Sistema
2024-04-06T04:00:00,332.07868,Sistema
2024-04-06T05:00:00,329.81039,Sistema
2024-04-06T06:00:00,326.42916,Sistema
2024-04-06T07:00:00,325.31674,Sistema
2024-04-06T08:00:00,303.93304,Sistema
2024-04-06T09:00:00,289.35098,Sistema
2024-04-06T10:00:00,268.77494,Sistema
2024-04-06T11:00:00,259.1334,Sistema
2024-04-06T12:00:00,252.55929,Sistema
2024-04-06T13:00:00,252.43445,Sistema
2024-04-06T14:00:00,253.35541,Sistema
2024-04-06T15:00:00,251.28055,Sistema
2024-04-06T16:00:00,259.03964,Sistema
2024-04-06T17:00:00,264.56181,Sistema
2024-04-06T18:00:00,267.8552,Sistema
2024-04-06T19:00:00,255.68348,Sistema
2024-04-06T20:00:00,255.96082,Sistema
2024-04-06T21:00:00,261.53169,Sistema
2024-04-06T22:00:00,267.33523,Sistema
2024-04-06T23:00:00,282.63535,Sistema
2024-04-06T24:00:00,292.04398,Sistema
2024-04-07T01:00:00,309.19469,Sistema
2024-04-07T02:00:00,330.49144,Sistema
2024-04-07T03:00:00,340.96053,Sistema
2024-04-07T04:00:00,338.37431,Sistema
2024-04-07T05:00:00,342.90656,Sistema
2024-04-07T06:00:00,344.04341,Sistema
2024-04-07T07:00:00,337.15933,Sistema
2024-04-07T08:00:00,321.83959,Sistema
2024-04-07T09:00:00,304.57861,Sistema
2024-04-07T10:00:00,301.41527,Sistema
2024-04-07T11:00:00,296.36489,Sistema
2024-04-07T12:00:00,289.04646,Sistema
2024-04-07T13:00:00,282.70683,Sistema
2024-04-07T14:00:00,281.41892,Sistema
2024-04-07T15:00:00,287.63806,Sistema
2024-04-07T16:00:00,296.36358,Sistema
2024-04-07T17:00:00,302.63079,Sistema
2024-04-07T18:00:00,304.07443,Sistema
2024-04-07T19:00:00,284.0809,Sistema
2024-04-07T20:00:00,274.84595,Sistema
2024-04-07T21:00:00,276.16291,Sistema
2024-04-07T22:00:00,276.76581,Sistema
2024-04-07T23:00:00,284.26298,Sistema
2024-04-07T24:00:00,307.0022,Sistema
2024-04-08T01:00:00,325.86256,Sistema
2024-04-08T02:00:00,343.77857,Sistema
2024-04-08T03:00:00,353.60585,Sistema
2024-04-08T04:00:00,360.42064,Sistema
2024-04-08T05:00:00,353.54073,Sistema
2024-04-08T06:00:00,335.40896,Sistema
2024-04-08T07:00:00,328.72592,Sistema
2024-04-08T08:00:00,312.87676,Sistema
2024-04-08T09:00:00,303.19335,Sistema
2024-04-08T10:00:00,297.99742,Sistema
2024-04-08T11:00:00,295.76404,Sistema
2024-04-08T12:00:00,288.3777,Sistema
2024-04-08T13:00:00,291.34004,Sistema
2024-04-08T14:00:00,287.77208,Sistema
2024-04-08T15:00:00,281.48569,Sistema
2024-04-08T16:00:00,285.05243,Sistema
2024-04-08T17:00:00,295.93666,Sistema
2024-04-08T18:00:00,306.34281,Sistema
2024-04-08T19:00:00,292.53359,Sistema
2024-04-08T20:00:00,285.501,Sistema
2024-04-08T21:00:00,288.70747,Sistema
2024-04-08T22:00:00,299.49662,Sistema
2024-04-08T23:00:00,311.51217,Sistema
2024-04-08T24:00:00,327.78868,Sistema
2024-04-09T01:00:00,341.57857,Sistema
2024-04-09T02:00:00,352.56798,Sistema
2024-04-09T03:00:00,356.10531,Sistema
2024-04-09T04:00:00,396.86931,Sistema
2024-04-09T05:00:00,358.6152,Sistema
2024-04-09T06:00:00,343.05946,Sistema
2024-04-09T07:00:00,344.17449,Sistema
2024-04-09T08:00:00,326.70973,Sistema
2024-04-09T09:00:00,313.40355,Sistema
2024-04-09T10:00:00,302.73792,Sistema
2024-04-09T11:00:00,293.93856,Sistema
2024-04-09T12:00:00,287.75487,Sistema
2024-04-09T13:00:00,289.5932,Sistema
2024-04-09T14:00:00,283.71814,Sistema
2024-04-09T15:00:00,277.89016,Sistema
2024-04-09T16:00:00,277.09271,Sistema
2024-04-09T17:00:00,281.70594,Sistema
2024-04-09T18:00:00,294.31159,Sistema
2024-04-09T19:00:00,285.96446,Sistema
2024-04-09T20:00:00,282.85566,Sistema
2024-04-09T21:00:00,289.432,Sistema
2024-04-09T22:00:00,305.01794,Sistema
2024-04-09T23:00:00,326.3041,Sistema
2024-04-09T24:00:00,347.49241,Sistema
2024-04-10T01:00:00,356.52887,Sistema
2024-04-10T02:00:00,367.02999,Sistema
2024-04-10T03:00:00,361.1926,Sistema
2024-04-10T04:00:00,362.09892,Sistema
2024-04-10T05:00:00,358.49915,Sistema
2024-04-10T06:00:00,340.45495,Sistema
2024-04-10T07:00:00,339.41873,Sistema
2024-04-10T08:00:00,322.29021,Sistema
2024-04-10T09:00:00,302.63775,Sistema
2024-04-10T10:00:00,301.48813,Sistema
2024-04-10T11:00:00,298.28296,Sistema
2024-04-10T12:00:00,296.26855,Sistema
2024-04-10T13:00:00,302.24546,Sistema
2024-04-10T14:00:00,297.98598,Sistema
2024-04-10T15:00:00,295.15915,Sistema
2024-04-10T16:00:00,290.21852,Sistema
2024-04-10T17:00:00,293.8413,Sistema
2024-04-10T18:00:00,309.17853,Sistema
2024-04-10T19:00:00,299.28355,Sistema
2024-04-10T20:00:00,293.38701,Sistema
2024-04-10T21:00:00,298.20227,Sistema
2024-04-10T22:00:00,308.05356,Sistema
2024-04-10T23:00:00,319.9263,Sistema
2024-04-10T24:00:00,334.39789,Sistema
2024-04-11T01:00:00,341.66526,Sistema
2024-04-11T02:00:00,355.27407,Sistema
2024-04-11T03:00:00,353.56294,Sistema
2024-04-11T04:00:00,361.11411,Sistema
2024-04-11T05:00:00,368.69192,Sistema
2024-04-11T06:00:00,356.79409,Sistema
2024-04-11T07:00:00,353.12191,Sistema
2024-04-11T08:00:00,335.08171,Sistema
2024-04-11T09:00:00,328.09418,Sistema
2024-04-11T10:00:00,318.93463,Sistema
2024-04-11T11:00:00,305.82656,Sistema
2024-04-11T12:00:00,296.25873,Sistema
2024-04-11T13:00:00,298.24633,Sistema
2024-04-11T14:00:00,293.68731,Sistema
2024-04-11T15:00:00,288.79897,Sistema
2024-04-11T16:00:00,284.70059,Sistema
2024-04-11T17:00:00,288.38012,Sistema
2024-04-11T18:00:00,301.98812,Sistema
2024-04-11T19:00:00,289.79504,Sistema
2024-04-11T20:00:00,288.1774,Sistema
2024-04-11T21:00:00,294.91623,Sistema
2024-04-11T22:00:00,309.0375,Sistema
2024-04-11T23:00:00,322.99445,Sistema
2024-04-11T24:00:00,338.16323,Sistema
2024-04-12T01:00:00,353.02314,Sistema
2024-04-12T02:00:00,362.02574,Sistema
2024-04-12T03:00:00,372.62591,Sistema
2024-04-12T04:00:00,378.35596,Sistema
2024-04-12T05:00:00,372.39616,Sistema
2024-04-12T06:00:00,360.12608,Sistema
2024-04-12T07:00:00,367.13435,Sistema
2024-04-12T08:00:00,348.68573,Sistema
2024-04-12T09:00:00,333.60151,Sistema
2024-04-12T10:00:00,321.30458,Sistema
2024-04-12T11:00:00,308.59825,Sistema
2024-04-12T12:00:00,300.58981,Sistema
2024-04-12T13:00:00,301.0925,Sistema
2024-04-12T14:00:00,296.14305,Sistema
2024-04-12T15:00:00,290.41781,Sistema
2024-04-12T16:00:00,288.1005,Sistema
2024-04-12T17:00:00,292.57883,Sistema
2024-04-12T18:00:00,305.37427,Sistema
2024-04-12T19:00:00,294.88165,Sistema
2024-04-12T20:00:00,291.26798,Sistema
2024-04-12T21:00:00,296.42851,Sistema
2024-04-12T22:00:00,307.24064,Sistema
2024-04-12T23:00:00,316.22209,Sistema
2024-04-12T24:00:00,330.20712,Sistema
2024-04-13T01:00:00,333.98715,Sistema
2024-04-13T02:00:00,346.75259,Sistema
2024-04-13T03:00:00,357.82172,Sistema
2024-04-13T04:00:00,371.43797,Sistema
2024-04-13T05:00:00,378.21937,Sistema
2024-04-13T06:00:00,385.41713,Sistema
2024-04-13T07:00:00,381.54189,Sistema
2024-04-13T08:00:00,359.61306,Sistema
2024-04-13T09:00:00,336.33011,Sistema
2024-04-13T10:00:00,322.95418,Sistema
2024-04-13T11:00:00,310.60091,Sistema
2024-04-13T12:00:00,303.26616,Sistema
2024-04-13T13:00:00,305.48214,Sistema
2024-04-13T14:00:00,307.20267,Sistema
2024-04-13T15:00:00,307.71553,Sistema
2024-04-13T16:00:00,306.03564,Sistema
2024-04-13T17:00:00,310.75684,Sistema
2024-04-13T18:00:00,316.684,Sistema
2024-04-13T19:00:00,301.34259,Sistema
2024-04-13T20:00:00,299.52782,Sistema
2024-04-13T21:00:00,308.99357,Sistema
2024-04-13T22:00:00,323.41283,Sistema
2024-04-13T23:00:00,339.80526,Sistema
2024-04-13T24:00:00,356.58762,Sistema
2024-04-14T01:00:00,361.53307,Sistema
2024-04-14T02:00:00,371.10246,Sistema
2024-04-14T03:00:00,382.41497,Sistema
2024-04-14T04:00:00,392.27708,Sistema
2024-04-14T05:00:00,397.13232,Sistema
2024-04-14T06:00:00,409.86219,Sistema
2024-04-14T07:00:00,426.73981,Sistema
2024-04-14T08:00:00,413.37538,Sistema
2024-04-14T09:00:00,396.72616,Sistema
2024-04-14T10:00:00,380.42205,Sistema
2024-04-14T11:00:00,367.16346,Sistema
2024-04-14T12:00:00,358.07207,Sistema
2024-04-14T13:00:00,351.1071,Sistema
2024-04-14T14:00:00,349.66244,Sistema
2024-04-14T15:00:00,348.41457,Sistema
2024-04-14T16:00:00,348.78094,Sistema
2024-04-14T17:00:00,352.70108,Sistema
2024-04-14T18:00:00,353.97174,Sistema
2024-04-14T19:00:00,330.05816,Sistema
2024-04-14T20:00:00,320.2792,Sistema
2024-04-14T21:00:00,317.41455,Sistema
2024-04-14T22:00:00,325.52909,Sistema
2024-04-14T23:00:00,336.75396,Sistema
2024-04-14T24:00:00,353.81585,Sistema
2024-04-15T01:00:00,359.96853,Sistema
2024-04-15T02:00:00,367.83332,Sistema
2024-04-15T03:00:00,380.49437,Sistema
2024-04-15T04:00:00,394.45027,Sistema
2024-04-15T05:00:00,392.07631,Sistema
2024-04-15T06:00:00,384.05403,Sistema
2024-04-15T07:00:00,378.11493,Sistema
2024-04-15T08:00:00,359.44827,Sistema
2024-04-15T09:00:00,342.33405,Sistema
2024-04-15T10:00:00,333.19554,Sistema
2024-04-15T11:00:00,323.84685,Sistema
2024-04-15T12:00:00,315.09212,Sistema
2024-04-15T13:00:00,319.04179,Sistema
2024-04-15T14:00:00,315.04612,Sistema
2024-04-15T15:00:00,305.42751,Sistema
2024-04-15T16:00:00,301.24259,Sistema
2024-04-15T17:00:00,298.38934,Sistema
2024-04-15T18:00:00,312.66775,Sistema
2024-04-15T19:00:00,305.53933,Sistema
2024-04-15T20:00:00,303.00192,Sistema
2024-04-15T21:00:00,306.60747,Sistema
2024-04-15T22:00:00,317.0087,Sistema
2024-04-15T23:00:00,337.5452,Sistema
2024-04-15T24:00:00,357.55336,Sistema
2024-04-16T01:00:00,377.13587,Sistema
2024-04-16T02:00:00,389.56993,Sistema
2024-04-16T03:00:00,402.49984,Sistema
2024-04-16T04:00:00,407.83362,Sistema
2024-04-16T05:00:00,402.96789,Sistema
2024-04-16T06:00:00,384.37549,Sistema
2024-04-16T07:00:00,379.9988,Sistema
2024-04-16T08:00:00,358.12803,Sistema
2024-04-16T09:00:00,338.85228,Sistema
2024-04-16T10:00:00,313.63806,Sistema
2024-04-16T11:00:00,301.04632,Sistema
2024-04-16T12:00:00,288.67713,Sistema
2024-04-16T13:00:00,291.9887,Sistema
2024-04-16T14:00:00,286.9321,Sistema
2024-04-16T15:00:00,280.90493,Sistema
2024-04-16T16:00:00,281.56682,Sistema
2024-04-16T17:00:00,285.38103,Sistema
2024-04-16T18:00:00,295.93965,Sistema
2024-04-16T19:00:00,288.00502,Sistema
2024-04-16T20:00:00,283.34847,Sistema
2024-04-16T21:00:00,291.45938,Sistema
2024-04-16T22:00:00,306.6788,Sistema
2024-04-16T23:00:00,325.08136,Sistema
2024-04-16T24:00:00,339.74737,Sistema
2024-04-17T01:00:00,358.88913,Sistema
2024-04-17T02:00:00,375.74595,Sistema
2024-04-17T03:00:00,389.07905,Sistema
2024-04-17T04:00:00,394.87652,Sistema
2024-04-17T05:00:00,388.68712,Sistema
2024-04-17T06:00:00,373.31621,Sistema
2024-04-17T07:00:00,365.07093,Sistema
2024-04-17T08:00:00,349.98469,Sistema
2024-04-17T09:00:00,337.06934,Sistema
2024-04-17T10:00:00,332.19047,Sistema
2024-04-17T11:00:00,322.23614,Sistema
2024-04-17T12:00:00,312.60112,Sistema
2024-04-17T13:00:00,316.03143,Sistema
2024-04-17T14:00:00,315.92526,Sistema
2024-04-17T15:00:00,309.39236,Sistema
2024-04-17T16:00:00,305.18363,Sistema
2024-04-17T17:00:00,314.18885,Sistema
2024-04-17T18:00:00,324.48222,Sistema
2024-04-17T19:00:00,311.60127,Sistema
2024-04-17T20:00:00,310.65763,Sistema
2024-04-17T21:00:00,318.24897,Sistema
2024-04-17T22:00:00,333.63872,Sistema
2024-04-17T23:00:00,351.32599,Sistema
2024-04-17T24:00:00,372.58975,Sistema
2024-04-18T01:00:00,392.0534,Sistema
2024-04-18T02:00:00,400.55175,Sistema
2024-04-18T03:00:00,409.57445,Sistema
2024-04-18T04:00:00,415.17133,Sistema
2024-04-18T05:00:00,407.71893,Sistema
2024-04-18T06:00:00,387.85953,Sistema
2024-04-18T07:00:00,383.80031,Sistema
2024-04-18T08:00:00,363.38879,Sistema
2024-04-18T09:00:00,349.68999,Sistema
2024-04-18T10:00:00,341.49002,Sistema
2024-04-18T11:00:00,325.61031,Sistema
2024-04-18T12:00:00,314.0988,Sistema
2024-04-18T13:00:00,313.45193,Sistema
2024-04-18T14:00:00,309.74347,Sistema
2024-04-18T15:00:00,307.44137,Sistema
2024-04-18T16:00:00,307.11319,Sistema
2024-04-18T17:00:00,310.16563,Sistema
2024-04-18T18:00:00,319.56747,Sistema
2024-04-18T19:00:00,307.05563,Sistema
2024-04-18T20:00:00,303.82572,Sistema
2024-04-18T21:00:00,310.8144,Sistema
2024-04-18T22:00:00,324.17243,Sistema
2024-04-18T23:00:00,343.38129,Sistema
2024-04-18T24:00:00,364.77825,Sistema
2024-04-19T01:00:00,384.67916,Sistema
2024-04-19T02:00:00,397.55517,Sistema
2024-04-19T03:00:00,408.14664,Sistema
2024-04-19T04:00:00,414.06513,Sistema
2024-04-19T05:00:00,410.84346,Sistema
2024-04-19T06:00:00,393.49366,Sistema
2024-04-19T07:00:00,387.43702,Sistema
2024-04-19T08:00:00,369.74539,Sistema
2024-04-19T09:00:00,354.4593,Sistema
2024-04-19T10:00:00,323.33547,Sistema
2024-04-19T11:00:00,331.13177,Sistema
2024-04-19T12:00:00,321.05486,Sistema
2024-04-19T13:00:00,322.22411,Sistema
2024-04-19T14:00:00,321.47221,Sistema
2024-04-19T15:00:00,314.7785,Sistema
2024-04-19T16:00:00,316.30672,Sistema
2024-04-19T17:00:00,320.45486,Sistema
2024-04-19T18:00:00,322.02296,Sistema
2024-04-19T19:00:00,310.13199,Sistema
2024-04-19T20:00:00,309.69721,Sistema
2024-04-19T21:00:00,315.40504,Sistema
2024-04-19T22:00:00,329.42039,Sistema
2024-04-19T23:00:00,347.36232,Sistema
2024-04-19T24:00:00,367.47626,Sistema
2024-04-20T01:00:00,379.2015,Sistema
2024-04-20T02:00:00,354.34344,Sistema
2024-04-20T03:00:00,374.40284,Sistema
2024-04-20T04:00:00,379.84235,Sistema
2024-04-20T05:00:00,380.12541,Sistema
2024-04-20T06:00:00,378.95561,Sistema
2024-04-20T07:00:00,374.37734,Sistema
2024-04-20T08:00:00,349.49034,Sistema
2024-04-20T09:00:00,334.69608,Sistema
2024-04-20T10:00:00,323.03911,Sistema
2024-04-20T11:00:00,318.72262,Sistema
2024-04-20T12:00:00,317.88941,Sistema
2024-04-20T13:00:00,318.73965,Sistema
2024-04-20T14:00:00,330.52268,Sistema
2024-04-20T15:00:00,338.65284,Sistema
2024-04-20T16:00:00,341.90138,Sistema
2024-04-20T17:00:00,344.86747,Sistema
2024-04-20T18:00:00,348.13261,Sistema
2024-04-20T19:00:00,328.39408,Sistema
2024-04-20T20:00:00,327.03983,Sistema
2024-04-20T21:00:00,333.10204,Sistema
2024-04-20T22:00:00,350.25963,Sistema
2024-04-20T23:00:00,366.24121,Sistema
2024-04-20T24:00:00,383.64217,Sistema
2024-04-21T01:00:00,401.67526,Sistema
2024-04-21T02:00:00,407.14911,Sistema
2024-04-21T03:00:00,422.73722,Sistema
2024-04-21T04:00:00,432.02012,Sistema
2024-04-21T05:00:00,434.9712,Sistema
2024-04-21T06:00:00,439.46334,Sistema
2024-04-21T07:00:00,413.26599,Sistema
2024-04-21T08:00:00,404.70042,Sistema
2024-04-21T09:00:00,395.49149,Sistema
2024-04-21T10:00:00,389.61044,Sistema
2024-04-21T11:00:00,385.75386,Sistema
2024-04-21T12:00:00,380.50219,Sistema
2024-04-21T13:00:00,375.77509,Sistema
2024-04-21T14:00:00,372.07455,Sistema
2024-04-21T15:00:00,372.71169,Sistema
2024-04-21T16:00:00,377.62605,Sistema
2024-04-21T17:00:00,382.10073,Sistema
2024-04-21T18:00:00,382.43596,Sistema
2024-04-21T19:00:00,346.34824,Sistema
2024-04-21T20:00:00,338.01911,Sistema
2024-04-21T21:00:00,342.04192,Sistema
2024-04-21T22:00:00,352.60354,Sistema
2024-04-21T23:00:00,371.67801,Sistema
2024-04-21T24:00:00,390.7464,Sistema
2024-04-22T01:00:00,409.30125,Sistema
2024-04-22T02:00:00,423.46988,Sistema
2024-04-22T03:00:00,434.88349,Sistema
2024-04-22T04:00:00,439.76548,Sistema
2024-04-22T05:00:00,429.30349,Sistema
2024-04-22T06:00:00,405.57252,Sistema
2024-04-22T07:00:00,397.28877,Sistema
2024-04-22T08:00:00,375.61264,Sistema
2024-04-22T09:00:00,357.59805,Sistema
2024-04-22T10:00:00,348.47925,Sistema
2024-04-22T11:00:00,341.80908,Sistema
2024-04-22T12:00:00,336.55072,Sistema
2024-04-22T13:00:00,340.09063,Sistema
2024-04-22T14:00:00,336.82524,Sistema
2024-04-22T15:00:00,326.30809,Sistema
2024-04-22T16:00:00,327.13165,Sistema
2024-04-22T17:00:00,334.56137,Sistema
2024-04-22T18:00:00,339.07005,Sistema
2024-04-22T19:00:00,326.72367,Sistema
2024-04-22T20:00:00,323.58994,Sistema
2024-04-22T21:00:00,332.11794,Sistema
2024-04-22T22:00:00,348.47445,Sistema
2024-04-22T23:00:00,375.83724,Sistema
2024-04-22T24:00:00,400.04024,Sistema
2024-04-23T01:00:00,397.57483,Sistema
2024-04-23T02:00:00,402.9006,Sistema
2024-04-23T03:00:00,410.8665,Sistema
2024-04-23T04:00:00,414.86413,Sistema
2024-04-23T05:00:00,405.32664,Sistema
2024-04-23T06:00:00,382.46039,Sistema
2024-04-23T07:00:00,376.95738,Sistema
2024-04-23T08:00:00,360.54249,Sistema
2024-04-23T09:00:00,343.74845,Sistema
2024-04-23T10:00:00,331.9214,Sistema
2024-04-23T11:00:00,320.38963,Sistema
2024-04-23T12:00:00,314.08752,Sistema
2024-04-23T13:00:00,315.92988,Sistema
2024-04-23T14:00:00,311.66057,Sistema
2024-04-23T15:00:00,302.77776,Sistema
2024-04-23T16:00:00,300.25591,Sistema
2024-04-23T17:00:00,302.96234,Sistema
2024-04-23T18:00:00,310.0443,Sistema
2024-04-23T19:00:00,298.99002,Sistema
2024-04-23T20:00:00,294.77492,Sistema
2024-04-23T21:00:00,302.74523,Sistema
2024-04-23T22:00:00,312.39785,Sistema
2024-04-23T23:00:00,334.50569,Sistema
2024-04-23T24:00:00,355.8836,Sistema
2024-04-24T01:00:00,375.28057,Sistema
2024-04-24T02:00:00,386.20112,Sistema
2024-04-24T03:00:00,399.72444,Sistema
2024-04-24T04:00:00,403.93011,Sistema
2024-04-24T05:00:00,385.50571,Sistema
2024-04-24T06:00:00,364.37099,Sistema
2024-04-24T07:00:00,358.10568,Sistema
2024-04-24T08:00:00,341.43607,Sistema
2024-04-24T09:00:00,327.56677,Sistema
2024-04-24T10:00:00,328.3841,Sistema
2024-04-24T11:00:00,317.86664,Sistema
2024-04-24T12:00:00,310.54749,Sistema
2024-04-24T13:00:00,312.53489,Sistema
2024-04-24T14:00:00,305.88581,Sistema
2024-04-24T15:00:00,303.14362,Sistema
2024-04-24T16:00:00,296.56371,Sistema
2024-04-24T17:00:00,307.11554,Sistema
2024-04-24T18:00:00,337.26066,Sistema
2024-04-24T19:00:00,315.58382,Sistema
2024-04-24T20:00:00,310.89528,Sistema
2024-04-24T21:00:00,324.6559,Sistema
2024-04-24T22:00:00,339.29121,Sistema
2024-04-24T23:00:00,363.13685,Sistema
2024-04-24T24:00:00,386.89249,Sistema
2024-04-25T01:00:00,399.6542,Sistema
2024-04-25T02:00:00,411.31439,Sistema
2024-04-25T03:00:00,425.6008,Sistema
2024-04-25T04:00:00,439.77596,Sistema
2024-04-25T05:00:00,434.51795,Sistema
2024-04-25T06:00:00,415.07565,Sistema
2024-04-25T07:00:00,408.31934,Sistema
2024-04-25T08:00:00,388.00651,Sistema
2024-04-25T09:00:00,371.06798,Sistema
2024-04-25T10:00:00,361.3462,Sistema
2024-04-25T11:00:00,346.3561,Sistema
2024-04-25T12:00:00,335.28571,Sistema
2024-04-25T13:00:00,335.36359,Sistema
2024-04-25T14:00:00,331.67374,Sistema
2024-04-25T15:00:00,325.04115,Sistema
2024-04-25T16:00:00,321.76217,Sistema
2024-04-25T17:00:00,330.21039,Sistema
2024-04-25T18:00:00,334.43367,Sistema
2024-04-25T19:00:00,314.70538,Sistema
2024-04-25T20:00:00,320.3748,Sistema
2024-04-25T21:00:00,326.75128,Sistema
2024-04-25T22:00:00,342.18993,Sistema
2024-04-25T23:00:00,367.1804,Sistema
2024-04-25T24:00:00,388.43188,Sistema
2024-04-26T01:00:00,411.13998,Sistema
2024-04-26T02:00:00,428.18872,Sistema
2024-04-26T03:00:00,439.92733,Sistema
2024-04-26T04:00:00,446.39802,Sistema
2024-04-26T05:00:00,437.77557,Sistema
2024-04-26T06:00:00,418.07695,Sistema
2024-04-26T07:00:00,404.01375,Sistema
2024-04-26T08:00:00,379.8283,Sistema
2024-04-26T09:00:00,367.90125,Sistema
2024-04-26T10:00:00,363.88194,Sistema
2024-04-26T11:00:00,357.40211,Sistema
2024-04-26T12:00:00,349.41939,Sistema
2024-04-26T13:00:00,354.07826,Sistema
2024-04-26T14:00:00,350.68289,Sistema
2024-04-26T15:00:00,342.61354,Sistema
2024-04-26T16:00:00,341.9145,Sistema
2024-04-26T17:00:00,340.75114,Sistema
2024-04-26T18:00:00,334.22451,Sistema
2024-04-26T19:00:00,316.3683,Sistema
2024-04-26T20:00:00,310.35198,Sistema
2024-04-26T21:00:00,316.05806,Sistema
2024-04-26T22:00:00,316.48657,Sistema
2024-04-26T23:00:00,324.95198,Sistema
2024-04-26T24:00:00,350.99376,Sistema
2024-04-27T01:00:00,355.66573,Sistema
2024-04-27T02:00:00,372.14603,Sistema
2024-04-27T03:00:00,373.72236,Sistema
2024-04-27T04:00:00,383.34743,Sistema
2024-04-27T05:00:00,381.23129,Sistema
2024-04-27T06:00:00,380.54838,Sistema
2024-04-27T07:00:00,370.8704,Sistema
2024-04-27T08:00:00,346.60534,Sistema
2024-04-27T09:00:00,330.85703,Sistema
2024-04-27T10:00:00,314.61164,Sistema
2024-04-27T11:00:00,306.80189,Sistema
2024-04-27T12:00:00,297.97224,Sistema
2024-04-27T13:00:00,304.10583,Sistema
2024-04-27T14:00:00,308.86738,Sistema
2024-04-27T15:00:00,310.04569,Sistema
2024-04-27T16:00:00,317.09571,Sistema
2024-04-27T17:00:00,320.58875,Sistema
2024-04-27T18:00:00,324.9531,Sistema
2024-04-27T19:00:00,307.4884,Sistema
2024-04-27T20:00:00,306.97578,Sistema
2024-04-27T21:00:00,313.8857,Sistema
2024-04-27T22:00:00,327.15696,Sistema
2024-04-27T23:00:00,344.23031,Sistema
2024-04-27T24:00:00,360.46224,Sistema
2024-04-28T01:00:00,352.97881,Sistema
2024-04-28T02:00:00,357.93422,Sistema
2024-04-28T03:00:00,361.68493,Sistema
2024-04-28T04:00:00,363.88121,Sistema
2024-04-28T05:00:00,374.14544,Sistema
2024-04-28T06:00:00,381.79016,Sistema
2024-04-28T07:00:00,390.65596,Sistema
2024-04-28T08:00:00,376.01097,Sistema
2024-04-28T09:00:00,359.81572,Sistema
2024-04-28T10:00:00,350.48057,Sistema
2024-04-28T11:00:00,342.25507,Sistema
2024-04-28T12:00:00,331.78053,Sistema
2024-04-28T13:00:00,324.33583,Sistema
2024-04-28T14:00:00,323.55376,Sistema
2024-04-28T15:00:00,334.14042,Sistema
2024-04-28T16:00:00,333.86512,Sistema
2024-04-28T17:00:00,332.28603,Sistema
2024-04-28T18:00:00,334.69239,Sistema
2024-04-28T19:00:00,313.82473,Sistema
2024-04-28T20:00:00,306.75873,Sistema
2024-04-28T21:00:00,310.45856,Sistema
2024-04-28T22:00:00,318.73304,Sistema
2024-04-28T23:00:00,319.54174,Sistema
2024-04-28T24:00:00,309.91586,Sistema
2024-04-29T01:00:00,289.65218,Sistema
2024-04-29T02:00:00,289.34551,Sistema
2024-04-29T03:00:00,293.86342,Sistema
2024-04-29T04:00:00,291.29021,Sistema
2024-04-29T05:00:00,282.02955,Sistema
2024-04-29T06:00:00,266.08303,Sistema
2024-04-29T07:00:00,259.31324,Sistema
2024-04-29T08:00:00,243.51758,Sistema
2024-04-29T09:00:00,232.28871,Sistema
2024-04-29T10:00:00,224.64304,Sistema
2024-04-29T11:00:00,216.61921,Sistema
2024-04-29T12:00:00,209.05878,Sistema
2024-04-29T13:00:00,210.41666,Sistema
2024-04-29T14:00:00,207.13865,Sistema
2024-04-29T15:00:00,202.64864,Sistema
2024-04-29T16:00:00,201.92754,Sistema
2024-04-29T17:00:00,198.1729,Sistema
2024-04-29T18:00:00,208.64102,Sistema
2024-04-29T19:00:00,203.5679,Sistema
2024-04-29T20:00:00,201.09417,Sistema
2024-04-29T21:00:00,200.42969,Sistema
2024-04-29T22:00:00,202.31728,Sistema
2024-04-29T23:00:00,216.24062,Sistema
2024-04-29T24:00:00,232.36088,Sistema
2024-04-30T01:00:00,260.1795,Sistema
2024-04-30T02:00:00,254.78499,Sistema
2024-04-30T03:00:00,254.06964,Sistema
2024-04-30T04:00:00,263.34005,Sistema
2024-04-30T05:00:00,265.91845,Sistema
2024-04-30T06:00:00,246.99688,Sistema
2024-04-30T07:00:00,240.06585,Sistema
2024-04-30T08:00:00,230.5516,Sistema
2024-04-30T09:00:00,217.45999,Sistema
2024-04-30T10:00:00,224.28757,Sistema
2024-04-30T11:00:00,212.01344,Sistema
2024-04-30T12:00:00,212.03118,Sistema
2024-04-30T13:00:00,221.16536,Sistema
2024-04-30T14:00:00,228.83593,Sistema
2024-04-30T15:00:00,227.28252,Sistema
2024-04-30T16:00:00,230.20789,Sistema
2024-04-30T17:00:00,229.98353,Sistema
2024-04-30T18:00:00,238.75494,Sistema
2024-04-30T19:00:00,234.9501,Sistema
2024-04-30T20:00:00,233.9395,Sistema
2024-04-30T21:00:00,239.41548,Sistema
2024-04-30T22:00:00,250.58436,Sistema
2024-04-30T23:00:00,262.33155,Sistema
2024-04-30T24:00:00,277.20878,Sistema
2024-05-01T01:00:00,256.97873,Sistema
2024-05-01T02:00:00,215.83799,Sistema
2024-05-01T03:00:00,169.43249,Sistema
2024-05-01T04:00:00,157.16604,Sistema
2024-05-01T05:00:00,142.8966,Sistema
2024-05-01T06:00:00,130.71272,Sistema
2024-05-01T07:00:00,114.0813,Sistema
2024-05-01T08:00:00,111.003,Sistema
2024-05-01T09:00:00,103.16699,Sistema
2024-05-01T10:00:00,108.01551,Sistema
2024-05-01T11:00:00,104.23532,Sistema
2024-05-01T12:00:00,92.05261,Sistema
2024-05-01T13:00:00,90.56228,Sistema
2024-05-01T14:00:00,90.3676,Sistema
2024-05-01T15:00:00,89.25354,Sistema
2024-05-01T16:00:00,90.757,Sistema
2024-05-01T17:00:00,93.21439,Sistema
2024-05-01T18:00:00,94.46293,Sistema
2024-05-01T19:00:00,92.70592,Sistema
2024-05-01T20:00:00,98.04759,Sistema
2024-05-01T21:00:00,98.62963,Sistema
2024-05-01T22:00:00,104.89763,Sistema
2024-05-01T23:00:00,102.20682,Sistema
2024-05-01T24:00:00,101.63526,Sistema
2024-05-02T01:00:00,106.43927,Sistema
2024-05-02T02:00:00,104.99763,Sistema
2024-05-02T03:00:00,103.5347,Sistema
2024-05-02T04:00:00,101.7251,Sistema
2024-05-02T05:00:00,102.95584,Sistema
2024-05-02T06:00:00,101.01787,Sistema
2024-05-02T07:00:00,97.40031,Sistema
2024-05-02T08:00:00,88.75061,Sistema
2024-05-02T09:00:00,83.43586,Sistema
2024-05-02T10:00:00,81.76901,Sistema
2024-05-02T11:00:00,79.13232,Sistema
2024-05-02T12:00:00,81.7626,Sistema
2024-05-02T13:00:00,91.37696,Sistema
2024-05-02T14:00:00,92.26072,Sistema
2024-05-02T15:00:00,92.68223,Sistema
2024-05-02T16:00:00,93.48686,Sistema
2024-05-02T17:00:00,93.95349,Sistema
2024-05-02T18:00:00,94.06871,Sistema
2024-05-02T19:00:00,100.27368,Sistema
2024-05-02T20:00:00,112.10707,Sistema
2024-05-02T21:00:00,109.54134,Sistema
2024-05-02T22:00:00,110.77211,Sistema
2024-05-02T23:00:00,111.78256,Sistema
2024-05-02T24:00:00,109.57171,Sistema
2024-05-03T01:00:00,124.39842,Sistema
2024-05-03T02:00:00,131.34106,Sistema
2024-05-03T03:00:00,133.07911,Sistema
2024-05-03T04:00:00,132.23318,Sistema
2024-05-03T05:00:00,131.13054,Sistema
2024-05-03T06:00:00,124.70192,Sistema
2024-05-03T07:00:00,117.2708,Sistema
2024-05-03T08:00:00,112.7254,Sistema
2024-05-03T09:00:00,106.91043,Sistema
2024-05-03T10:00:00,102.79171,Sistema
2024-05-03T11:00:00,109.09392,Sistema
2024-05-03T12:00:00,109.99405,Sistema
2024-05-03T13:00:00,116.47228,Sistema
2024-05-03T14:00:00,115.44198,Sistema
2024-05-03T15:00:00,111.33523,Sistema
2024-05-03T16:00:00,111.71827,Sistema
2024-05-03T17:00:00,113.4363,Sistema
2024-05-03T18:00:00,117.17593,Sistema
2024-05-03T19:00:00,114.21504,Sistema
2024-05-03T20:00:00,116.92081,Sistema
2024-05-03T21:00:00,119.54617,Sistema
2024-05-03T22:00:00,123.67029,Sistema
2024-05-03T23:00:00,133.96874,Sistema
2024-05-03T24:00:00,137.68913,Sistema
2024-05-04T01:00:00,131.55133,Sistema
2024-05-04T02:00:00,124.71925,Sistema
2024-05-04T03:00:00,119.24472,Sistema
2024-05-04T04:00:00,108.72169,Sistema
2024-05-04T05:00:00,107.92536,Sistema
2024-05-04T06:00:00,108.71026,Sistema
2024-05-04T07:00:00,104.60916,Sistema
2024-05-04T08:00:00,95.62348,Sistema
2024-05-04T09:00:00,87.24877,Sistema
2024-05-04T10:00:00,79.83639,Sistema
2024-05-04T11:00:00,76.01399,Sistema
2024-05-04T12:00:00,76.64379,Sistema
2024-05-04T13:00:00,78.517,Sistema
2024-05-04T14:00:00,80.98265,Sistema
2024-05-04T15:00:00,84.53574,Sistema
2024-05-04T16:00:00,84.59537,Sistema
2024-05-04T17:00:00,87.05472,Sistema
2024-05-04T18:00:00,94.18036,Sistema
2024-05-04T19:00:00,94.75827,Sistema
2024-05-04T20:00:00,95.24348,Sistema
2024-05-04T21:00:00,99.54706,Sistema
2024-05-04T22:00:00,100.6083,Sistema
2024-05-04T23:00:00,102.11233,Sistema
2024-05-04T24:00:00,103.98291,Sistema
2024-05-05T01:00:00,116.7715,Sistema
2024-05-05T02:00:00,120.38352,Sistema
2024-05-05T03:00:00,122.26896,Sistema
2024-05-05T04:00:00,123.68054,Sistema
2024-05-05T05:00:00,124.5213,Sistema
2024-05-05T06:00:00,126.43571,Sistema
2024-05-05T07:00:00,132.59704,Sistema
2024-05-05T08:00:00,123.12663,Sistema
2024-05-05T09:00:00,113.19795,Sistema
2024-05-05T10:00:00,106.74909,Sistema
2024-05-05T11:00:00,105.48261,Sistema
2024-05-05T12:00:00,104.90432,Sistema
2024-05-05T13:00:00,108.00507,Sistema
2024-05-05T14:00:00,107.91353,Sistema
2024-05-05T15:00:00,108.68711,Sistema
2024-05-05T16:00:00,110.3641,Sistema
2024-05-05T17:00:00,110.71477,Sistema
2024-05-05T18:00:00,110.45641,Sistema
2024-05-05T19:00:00,96.68488,Sistema
2024-05-05T20:00:00,90.75267,Sistema
2024-05-05T21:00:00,94.95025,Sistema
2024-05-05T22:00:00,103.81881,Sistema
2024-05-05T23:00:00,109.34488,Sistema
2024-05-05T24:00:00,108.33816,Sistema
2024-05-06T01:00:00,97.73144,Sistema
2024-05-06T02:00:00,90.66229,Sistema
2024-05-06T03:00:00,91.40649,Sistema
2024-05-06T04:00:00,92.51476,Sistema
2024-05-06T05:00:00,92.61931,Sistema
2024-05-06T06:00:00,97.61264,Sistema
2024-05-06T07:00:00,104.74998,Sistema
2024-05-06T08:00:00,105.61353,Sistema
2024-05-06T09:00:00,102.72665,Sistema
2024-05-06T10:00:00,99.12432,Sistema
2024-05-06T11:00:00,96.53746,Sistema
2024-05-06T12:00:00,88.48203,Sistema
2024-05-06T13:00:00,90.41514,Sistema
2024-05-06T14:00:00,91.0349,Sistema
2024-05-06T15:00:00,91.55813,Sistema
2024-05-06T16:00:00,91.30254,Sistema
2024-05-06T17:00:00,90.44315,Sistema
2024-05-06T18:00:00,92.76954,Sistema
2024-05-06T19:00:00,91.23053,Sistema
2024-05-06T20:00:00,92.95133,Sistema
2024-05-06T21:00:00,100.60909,Sistema
2024-05-06T22:00:00,108.09754,Sistema
2024-05-06T23:00:00,116.39531,Sistema
2024-05-06T24:00:00,114.27974,Sistema
2024-05-07T01:00:00,108.96272,Sistema
2024-05-07T02:00:00,100.30046,Sistema
2024-05-07T03:00:00,90.3762,Sistema
2024-05-07T04:00:00,89.19486,Sistema
2024-05-07T05:00:00,93.13289,Sistema
2024-05-07T06:00:00,107.24572,Sistema
2024-05-07T07:00:00,103.21932,Sistema
2024-05-07T08:00:00,108.14609,Sistema
2024-05-07T09:00:00,101.49595,Sistema
2024-05-07T10:00:00,98.96188,Sistema
2024-05-07T11:00:00,94.18558,Sistema
2024-05-07T12:00:00,88.42831,Sistema
2024-05-07T13:00:00,91.54524,Sistema
2024-05-07T14:00:00,90.50732,Sistema
2024-05-07T15:00:00,89.74466,Sistema
2024-05-07T16:00:00,88.54108,Sistema
2024-05-07T17:00:00,91.65956,Sistema
2024-05-07T18:00:00,95.53037,Sistema
2024-05-07T19:00:00,101.24407,Sistema
2024-05-07T20:00:00,112.31617,Sistema
2024-05-07T21:00:00,113.49851,Sistema
2024-05-07T22:00:00,116.12556,Sistema
2024-05-07T23:00:00,123.96328,Sistema
2024-05-07T24:00:00,133.73548,Sistema
2024-05-08T01:00:00,109.81905,Sistema
2024-05-08T02:00:00,111.68012,Sistema
2024-05-08T03:00:00,107.87758,Sistema
2024-05-08T04:00:00,104.27572,Sistema
2024-05-08T05:00:00,100.69158,Sistema
2024-05-08T06:00:00,92.53803,Sistema
2024-05-08T07:00:00,100.79126,Sistema
2024-05-08T08:00:00,101.35325,Sistema
2024-05-08T09:00:00,99.89083,Sistema
2024-05-08T10:00:00,102.5728,Sistema
2024-05-08T11:00:00,101.46898,Sistema
2024-05-08T12:00:00,99.81311,Sistema
2024-05-08T13:00:00,106.22098,Sistema
2024-05-08T14:00:00,107.81963,Sistema
2024-05-08T15:00:00,109.39409,Sistema
2024-05-08T16:00:00,111.14704,Sistema
2024-05-08T17:00:00,112.99635,Sistema
2024-05-08T18:00:00,120.19589,Sistema
2024-05-08T19:00:00,124.1338,Sistema
2024-05-08T20:00:00,127.18261,Sistema
2024-05-08T21:00:00,128.70517,Sistema
2024-05-08T22:00:00,132.5436,Sistema
2024-05-08T23:00:00,138.64007,Sistema
2024-05-08T24:00:00,144.5604,Sistema
2024-05-09T01:00:00,146.6984,Sistema
2024-05-09T02:00:00,128.50839,Sistema
2024-05-09T03:00:00,110.28689,Sistema
2024-05-09T04:00:00,108.66107,Sistema
2024-05-09T05:00:00,111.24391,Sistema
2024-05-09T06:00:00,116.21586,Sistema
2024-05-09T07:00:00,118.37724,Sistema
2024-05-09T08:00:00,114.90657,Sistema
2024-05-09T09:00:00,110.20138,Sistema
2024-05-09T10:00:00,110.68114,Sistema
2024-05-09T11:00:00,111.03416,Sistema
2024-05-09T12:00:00,108.55612,Sistema
2024-05-09T13:00:00,109.30372,Sistema
2024-05-09T14:00:00,109.76054,Sistema
2024-05-09T15:00:00,111.83167,Sistema
2024-05-09T16:00:00,113.95676,Sistema
2024-05-09T17:00:00,116.38322,Sistema
2024-05-09T18:00:00,120.05429,Sistema
2024-05-09T19:00:00,118.30767,Sistema
2024-05-09T20:00:00,119.46522,Sistema
2024-05-09T21:00:00,119.74185,Sistema
2024-05-09T22:00:00,125.51136,Sistema
2024-05-09T23:00:00,135.40612,Sistema
2024-05-09T24:00:00,142.43811,Sistema
2024-05-10T01:00:00,135.63786,Sistema
2024-05-10T02:00:00,128.4526,Sistema
2024-05-10T03:00:00,131.72077,Sistema
2024-05-10T04:00:00,138.23292,Sistema
2024-05-10T05:00:00,131.92382,Sistema
2024-05-10T06:00:00,125.65357,Sistema
2024-05-10T07:00:00,123.62561,Sistema
2024-05-10T08:00:00,122.53794,Sistema
2024-05-10T09:00:00,120.00546,Sistema
2024-05-10T10:00:00,120.96008,Sistema
2024-05-10T11:00:00,115.68331,Sistema
2024-05-10T12:00:00,111.4418,Sistema
2024-05-10T13:00:00,114.0563,Sistema
2024-05-10T14:00:00,114.87945,Sistema
2024-05-10T15:00:00,113.79143,Sistema
2024-05-10T16:00:00,116.02137,Sistema
2024-05-10T17:00:00,125.86428,Sistema
2024-05-10T18:00:00,132.98799,Sistema
2024-05-10T19:00:00,126.14386,Sistema
2024-05-10T20:00:00,127.22831,Sistema
2024-05-10T21:00:00,129.54751,Sistema
2024-05-10T22:00:00,135.71311,Sistema
2024-05-10T23:00:00,143.96928,Sistema
2024-05-10T24:00:00,154.09028,Sistema
2024-05-11T01:00:00,149.60683,Sistema
2024-05-11T02:00:00,144.21738,Sistema
2024-05-11T03:00:00,118.34024,Sistema
2024-05-11T04:00:00,108.1483,Sistema
2024-05-11T05:00:00,104.21213,Sistema
2024-05-11T06:00:00,100.51021,Sistema
2024-05-11T07:00:00,101.29081,Sistema
2024-05-11T08:00:00,97.60343,Sistema
2024-05-11T09:00:00,91.24629,Sistema
2024-05-11T10:00:00,87.6127,Sistema
2024-05-11T11:00:00,84.84535,Sistema
2024-05-11T12:00:00,82.8492,Sistema
2024-05-11T13:00:00,83.2759,Sistema
2024-05-11T14:00:00,83.98602,Sistema
2024-05-11T15:00:00,86.62998,Sistema
2024-05-11T16:00:00,88.51151,Sistema
2024-05-11T17:00:00,91.95805,Sistema
2024-05-11T18:00:00,104.40247,Sistema
2024-05-11T19:00:00,101.38709,Sistema
2024-05-11T20:00:00,105.99563,Sistema
2024-05-11T21:00:00,115.40158,Sistema
2024-05-11T22:00:00,121.34808,Sistema
2024-05-11T23:00:00,126.9672,Sistema
2024-05-11T24:00:00,133.65747,Sistema
2024-05-12T01:00:00,140.24696,Sistema
2024-05-12T02:00:00,132.60595,Sistema
2024-05-12T03:00:00,112.67619,Sistema
2024-05-12T04:00:00,109.47327,Sistema
2024-05-12T05:00:00,103.49443,Sistema
2024-05-12T06:00:00,101.09828,Sistema
2024-05-12T07:00:00,92.65764,Sistema
2024-05-12T08:00:00,86.68881,Sistema
2024-05-12T09:00:00,84.49659,Sistema
2024-05-12T10:00:00,82.40547,Sistema
2024-05-12T11:00:00,80.10471,Sistema
2024-05-12T12:00:00,80.17621,Sistema
2024-05-12T13:00:00,81.29591,Sistema
2024-05-12T14:00:00,83.7938,Sistema
2024-05-12T15:00:00,88.21537,Sistema
2024-05-12T16:00:00,88.8957,Sistema
2024-05-12T17:00:00,89.26349,Sistema
2024-05-12T18:00:00,97.12593,Sistema
2024-05-12T19:00:00,91.98525,Sistema
2024-05-12T20:00:00,92.87823,Sistema
2024-05-12T21:00:00,94.15706,Sistema
2024-05-12T22:00:00,96.72442,Sistema
2024-05-12T23:00:00,101.7131,Sistema
2024-05-12T24:00:00,104.90411,Sistema
2024-05-13T01:00:00,96.31546,Sistema
2024-05-13T02:00:00,96.07944,Sistema
2024-05-13T03:00:00,95.9323,Sistema
2024-05-13T04:00:00,94.68212,Sistema
2024-05-13T05:00:00,94.76273,Sistema
2024-05-13T06:00:00,91.06279,Sistema
2024-05-13T07:00:00,82.77681,Sistema
2024-05-13T08:00:00,78.11956,Sistema
2024-05-13T09:00:00,74.10961,Sistema
2024-05-13T10:00:00,71.37949,Sistema
2024-05-13T11:00:00,69.11166,Sistema
2024-05-13T12:00:00,68.68295,Sistema
2024-05-13T13:00:00,69.19384,Sistema
2024-05-13T14:00:00,68.896,Sistema
2024-05-13T15:00:00,70.13464,Sistema
2024-05-13T16:00:00,74.3442,Sistema
2024-05-13T17:00:00,75.41824,Sistema
2024-05-13T18:00:00,77.04682,Sistema
2024-05-13T19:00:00,76.16925,Sistema
2024-05-13T20:00:00,79.7787,Sistema
2024-05-13T21:00:00,85.15752,Sistema
2024-05-13T22:00:00,88.96852,Sistema
2024-05-13T23:00:00,93.91527,Sistema
2024-05-13T24:00:00,98.23811,Sistema
2024-05-14T01:00:00,103.51844,Sistema
2024-05-14T02:00:00,102.65315,Sistema
2024-05-14T03:00:00,100.82532,Sistema
2024-05-14T04:00:00,98.95406,Sistema
2024-05-14T05:00:00,93.69535,Sistema
2024-05-14T06:00:00,89.3567,Sistema
2024-05-14T07:00:00,80.57319,Sistema
2024-05-14T08:00:00,79.75329,Sistema
2024-05-14T09:00:00,82.8088,Sistema
2024-05-14T10:00:00,81.76074,Sistema
2024-05-14T11:00:00,79.90999,Sistema
2024-05-14T12:00:00,79.18733,Sistema
2024-05-14T13:00:00,81.32665,Sistema
2024-05-14T14:00:00,81.65801,Sistema
2024-05-14T15:00:00,79.44386,Sistema
2024-05-14T16:00:00,79.12052,Sistema
2024-05-14T17:00:00,83.25794,Sistema
2024-05-14T18:00:00,98.30817,Sistema
2024-05-14T19:00:00,100.60659,Sistema
2024-05-14T20:00:00,103.61573,Sistema
2024-05-14T21:00:00,107.20822,Sistema
2024-05-14T22:00:00,106.90778,Sistema
2024-05-14T23:00:00,113.16766,Sistema
2024-05-14T24:00:00,112.10458,Sistema
2024-05-15T01:00:00,112.58665,Sistema
2024-05-15T02:00:00,109.51509,Sistema
2024-05-15T03:00:00,110.93088,Sistema
2024-05-15T04:00:00,108.61564,Sistema
2024-05-15T05:00:00,104.79867,Sistema
2024-05-15T06:00:00,95.9063,Sistema
2024-05-15T07:00:00,90.65114,Sistema
2024-05-15T08:00:00,85.9878,Sistema
2024-05-15T09:00:00,84.7684,Sistema
2024-05-15T10:00:00,84.35966,Sistema
2024-05-15T11:00:00,82.62483,Sistema
2024-05-15T12:00:00,81.54982,Sistema
2024-05-15T13:00:00,84.92418,Sistema
2024-05-15T14:00:00,85.44061,Sistema
2024-05-15T15:00:00,84.20645,Sistema
2024-05-15T16:00:00,84.13477,Sistema
2024-05-15T17:00:00,86.27938,Sistema
2024-05-15T18:00:00,91.91126,Sistema
2024-05-15T19:00:00,97.74923,Sistema
2024-05-15T20:00:00,100.58684,Sistema
2024-05-15T21:00:00,96.25661,Sistema
2024-05-15T22:00:00,101.11566,Sistema
2024-05-15T23:00:00,111.34018,Sistema
2024-05-15T24:00:00,114.93342,Sistema
2024-05-16T01:00:00,115.55074,Sistema
2024-05-16T02:00:00,114.12916,Sistema
2024-05-16T03:00:00,114.40283,Sistema
2024-05-16T04:00:00,114.94524,Sistema
2024-05-16T05:00:00,111.78577,Sistema
2024-05-16T06:00:00,105.25914,Sistema
2024-05-16T07:00:00,105.01931,Sistema
2024-05-16T08:00:00,101.17345,Sistema
2024-05-16T09:00:00,97.24662,Sistema
2024-05-16T10:00:00,94.71535,Sistema
2024-05-16T11:00:00,86.62753,Sistema
2024-05-16T12:00:00,83.54554,Sistema
2024-05-16T13:00:00,83.59068,Sistema
2024-05-16T14:00:00,82.68365,Sistema
2024-05-16T15:00:00,81.25033,Sistema
2024-05-16T16:00:00,83.12181,Sistema
2024-05-16T17:00:00,95.01687,Sistema
2024-05-16T18:00:00,101.44839,Sistema
2024-05-16T19:00:00,100.89711,Sistema
2024-05-16T20:00:00,98.99557,Sistema
2024-05-16T21:00:00,97.81102,Sistema
2024-05-16T22:00:00,104.36283,Sistema
2024-05-16T23:00:00,111.69671,Sistema
2024-05-16T24:00:00,116.14956,Sistema
2024-05-17T01:00:00,115.18449,Sistema
2024-05-17T02:00:00,115.92992,Sistema
2024-05-17T03:00:00,113.74941,Sistema
2024-05-17T04:00:00,111.91314,Sistema
2024-05-17T05:00:00,111.33346,Sistema
2024-05-17T06:00:00,105.04981,Sistema
2024-05-17T07:00:00,100.81627,Sistema
2024-05-17T08:00:00,95.11814,Sistema
2024-05-17T09:00:00,90.45497,Sistema
2024-05-17T10:00:00,88.15367,Sistema
2024-05-17T11:00:00,87.56912,Sistema
2024-05-17T12:00:00,85.50992,Sistema
2024-05-17T13:00:00,89.49342,Sistema
2024-05-17T14:00:00,91.42708,Sistema
2024-05-17T15:00:00,92.70193,Sistema
2024-05-17T16:00:00,104.48812,Sistema
2024-05-17T17:00:00,112.45652,Sistema
2024-05-17T18:00:00,108.93206,Sistema
2024-05-17T19:00:00,105.04078,Sistema
2024-05-17T20:00:00,107.66862,Sistema
2024-05-17T21:00:00,112.46353,Sistema
2024-05-17T22:00:00,122.42699,Sistema
2024-05-17T23:00:00,119.7905,Sistema
2024-05-17T24:00:00,117.91562,Sistema
2024-05-18T01:00:00,109.65279,Sistema
2024-05-18T02:00:00,109.90518,Sistema
2024-05-18T03:00:00,107.26326,Sistema
2024-05-18T04:00:00,107.68356,Sistema
2024-05-18T05:00:00,106.05237,Sistema
2024-05-18T06:00:00,106.45658,Sistema
2024-05-18T07:00:00,104.40782,Sistema
2024-05-18T08:00:00,101.06179,Sistema
2024-05-18T09:00:00,97.52108,Sistema
2024-05-18T10:00:00,93.88395,Sistema
2024-05-18T11:00:00,96.75486,Sistema
2024-05-18T12:00:00,96.81053,Sistema
2024-05-18T13:00:00,99.6614,Sistema
2024-05-18T14:00:00,103.47384,Sistema
2024-05-18T15:00:00,107.14058,Sistema
2024-05-18T16:00:00,108.85333,Sistema
2024-05-18T17:00:00,112.42779,Sistema
2024-05-18T18:00:00,111.29738,Sistema
2024-05-18T19:00:00,114.35771,Sistema
2024-05-18T20:00:00,117.20949,Sistema
2024-05-18T21:00:00,120.64219,Sistema
2024-05-18T22:00:00,123.31246,Sistema
2024-05-18T23:00:00,127.27518,Sistema
2024-05-18T24:00:00,129.49183,Sistema
2024-05-19T01:00:00,134.65546,Sistema
2024-05-19T02:00:00,131.92295,Sistema
2024-05-19T03:00:00,129.97389,Sistema
2024-05-19T04:00:00,131.79323,Sistema
2024-05-19T05:00:00,127.18418,Sistema
2024-05-19T06:00:00,128.15963,Sistema
2024-05-19T07:00:00,125.91541,Sistema
2024-05-19T08:00:00,118.07643,Sistema
2024-05-19T09:00:00,116.25539,Sistema
2024-05-19T10:00:00,114.11814,Sistema
2024-05-19T11:00:00,112.41713,Sistema
2024-05-19T12:00:00,110.67499,Sistema
2024-05-19T13:00:00,109.64877,Sistema
2024-05-19T14:00:00,114.63083,Sistema
2024-05-19T15:00:00,121.51228,Sistema
2024-05-19T16:00:00,123.69938,Sistema
2024-05-19T17:00:00,124.48522,Sistema
2024-05-19T18:00:00,122.32999,Sistema
2024-05-19T19:00:00,120.21977,Sistema
2024-05-19T20:00:00,122.80461,Sistema
2024-05-19T21:00:00,122.39427,Sistema
2024-05-19T22:00:00,127.21558,Sistema
2024-05-19T23:00:00,136.32642,Sistema
2024-05-19T24:00:00,140.44272,Sistema
2024-05-20T01:00:00,142.1888,Sistema
2024-05-20T02:00:00,147.96973,Sistema
2024-05-20T03:00:00,149.03997,Sistema
2024-05-20T04:00:00,151.57009,Sistema
2024-05-20T05:00:00,143.0776,Sistema
2024-05-20T06:00:00,138.07435,Sistema
2024-05-20T07:00:00,135.75753,Sistema
2024-05-20T08:00:00,129.36411,Sistema
2024-05-20T09:00:00,126.24142,Sistema
2024-05-20T10:00:00,128.02722,Sistema
2024-05-20T11:00:00,130.99368,Sistema
2024-05-20T12:00:00,132.91033,Sistema
2024-05-20T13:00:00,138.37291,Sistema
2024-05-20T14:00:00,141.29129,Sistema
2024-05-20T15:00:00,146.0579,Sistema
2024-05-20T16:00:00,153.2755,Sistema
2024-05-20T17:00:00,155.62856,Sistema
2024-05-20T18:00:00,157.77887,Sistema
2024-05-20T19:00:00,159.66149,Sistema
2024-05-20T20:00:00,169.08525,Sistema
2024-05-20T21:00:00,179.9095,Sistema
2024-05-20T22:00:00,182.10079,Sistema
2024-05-20T23:00:00,179.9717,Sistema
2024-05-20T24:00:00,177.44742,Sistema
2024-05-21T01:00:00,177.08025,Sistema
2024-05-21T02:00:00,174.30236,Sistema
2024-05-21T03:00:00,173.47974,Sistema
2024-05-21T04:00:00,175.16072,Sistema
2024-05-21T05:00:00,166.80921,Sistema
2024-05-21T06:00:00,166.00868,Sistema
2024-05-21T07:00:00,170.58045,Sistema
2024-05-21T08:00:00,166.57887,Sistema
2024-05-21T09:00:00,162.06483,Sistema
2024-05-21T10:00:00,166.55194,Sistema
2024-05-21T11:00:00,160.21709,Sistema
2024-05-21T12:00:00,158.48693,Sistema
2024-05-21T13:00:00,160.72166,Sistema
2024-05-21T14:00:00,154.78147,Sistema
2024-05-21T15:00:00,150.94253,Sistema
2024-05-21T16:00:00,150.10536,Sistema
2024-05-21T17:00:00,153.56525,Sistema
2024-05-21T18:00:00,161.54477,Sistema
2024-05-21T19:00:00,161.14464,Sistema
2024-05-21T20:00:00,162.88188,Sistema
2024-05-21T21:00:00,163.94582,Sistema
2024-05-21T22:00:00,169.61491,Sistema
2024-05-21T23:00:00,170.22129,Sistema
2024-05-21T24:00:00,174.16479,Sistema
2024-05-22T01:00:00,181.00319,Sistema
2024-05-22T02:00:00,187.12457,Sistema
2024-05-22T03:00:00,193.16196,Sistema
2024-05-22T04:00:00,187.09379,Sistema
2024-05-22T05:00:00,179.65133,Sistema
2024-05-22T06:00:00,166.43421,Sistema
2024-05-22T07:00:00,163.57231,Sistema
2024-05-22T08:00:00,158.7487,Sistema
2024-05-22T09:00:00,158.34647,Sistema
2024-05-22T10:00:00,162.96088,Sistema
2024-05-22T11:00:00,166.1406,Sistema
2024-05-22T12:00:00,170.0633,Sistema
2024-05-22T13:00:00,173.70941,Sistema
2024-05-22T14:00:00,169.52766,Sistema
2024-05-22T15:00:00,169.94846,Sistema
2024-05-22T16:00:00,171.13053,Sistema
2024-05-22T17:00:00,177.43144,Sistema
2024-05-22T18:00:00,182.11424,Sistema
2024-05-22T19:00:00,175.00537,Sistema
2024-05-22T20:00:00,176.61978,Sistema
2024-05-22T21:00:00,174.64945,Sistema
2024-05-22T22:00:00,179.76193,Sistema
2024-05-22T23:00:00,188.93246,Sistema
2024-05-22T24:00:00,195.23895,Sistema
2024-05-23T01:00:00,206.42533,Sistema
2024-05-23T02:00:00,210.56237,Sistema
2024-05-23T03:00:00,215.28829,Sistema
2024-05-23T04:00:00,218.04242,Sistema
2024-05-23T05:00:00,214.06955,Sistema
2024-05-23T06:00:00,206.62138,Sistema
2024-05-23T07:00:00,202.4602,Sistema
2024-05-23T08:00:00,191.85046,Sistema
2024-05-23T09:00:00,182.58382,Sistema
2024-05-23T10:00:00,174.29153,Sistema
2024-05-23T11:00:00,172.05904,Sistema
2024-05-23T12:00:00,167.27066,Sistema
2024-05-23T13:00:00,170.23234,Sistema
2024-05-23T14:00:00,167.12271,Sistema
2024-05-23T15:00:00,164.64743,Sistema
2024-05-23T16:00:00,166.85511,Sistema
2024-05-23T17:00:00,170.4213,Sistema
2024-05-23T18:00:00,177.89963,Sistema
2024-05-23T19:00:00,173.67411,Sistema
2024-05-23T20:00:00,171.61118,Sistema
2024-05-23T21:00:00,177.85076,Sistema
2024-05-23T22:00:00,182.18405,Sistema
2024-05-23T23:00:00,193.06417,Sistema
2024-05-23T24:00:00,204.63333,Sistema
2024-05-24T01:00:00,208.0783,Sistema
2024-05-24T02:00:00,209.11674,Sistema
2024-05-24T03:00:00,213.59303,Sistema
2024-05-24T04:00:00,217.28954,Sistema
2024-05-24T05:00:00,214.1738,Sistema
2024-05-24T06:00:00,196.40872,Sistema
2024-05-24T07:00:00,193.5676,Sistema
2024-05-24T08:00:00,188.80958,Sistema
2024-05-24T09:00:00,187.49231,Sistema
2024-05-24T10:00:00,190.31775,Sistema
2024-05-24T11:00:00,191.93938,Sistema
2024-05-24T12:00:00,185.8581,Sistema
2024-05-24T13:00:00,188.46766,Sistema
2024-05-24T14:00:00,182.14727,Sistema
2024-05-24T15:00:00,185.71418,Sistema
2024-05-24T16:00:00,186.73256,Sistema
2024-05-24T17:00:00,189.61748,Sistema
2024-05-24T18:00:00,196.06715,Sistema
2024-05-24T19:00:00,193.7246,Sistema
2024-05-24T20:00:00,194.6511,Sistema
2024-05-24T21:00:00,201.59204,Sistema
2024-05-24T22:00:00,203.76784,Sistema
2024-05-24T23:00:00,201.21617,Sistema
2024-05-24T24:00:00,210.01228,Sistema
2024-05-25T01:00:00,204.96616,Sistema
2024-05-25T02:00:00,189.78697,Sistema
2024-05-25T03:00:00,181.82926,Sistema
2024-05-25T04:00:00,182.01727,Sistema
2024-05-25T05:00:00,183.18693,Sistema
2024-05-25T06:00:00,171.6791,Sistema
2024-05-25T07:00:00,164.4933,Sistema
2024-05-25T08:00:00,159.2177,Sistema
2024-05-25T09:00:00,157.90604,Sistema
2024-05-25T10:00:00,159.73653,Sistema
2024-05-25T11:00:00,157.70499,Sistema
2024-05-25T12:00:00,159.54636,Sistema
2024-05-25T13:00:00,161.31645,Sistema
2024-05-25T14:00:00,163.49379,Sistema
2024-05-25T15:00:00,156.42148,Sistema
2024-05-25T16:00:00,159.68737,Sistema
2024-05-25T17:00:00,170.09644,Sistema
2024-05-25T18:00:00,170.91568,Sistema
2024-05-25T19:00:00,160.38841,Sistema
2024-05-25T20:00:00,152.92704,Sistema
2024-05-25T21:00:00,159.72603,Sistema
2024-05-25T22:00:00,161.9958,Sistema
2024-05-25T23:00:00,161.98585,Sistema
2024-05-25T24:00:00,165.80441,Sistema
2024-05-26T01:00:00,171.69708,Sistema
2024-05-26T02:00:00,175.23267,Sistema
2024-05-26T03:00:00,170.56426,Sistema
2024-05-26T04:00:00,176.51704,Sistema
2024-05-26T05:00:00,175.88293,Sistema
2024-05-26T06:00:00,172.02968,Sistema
2024-05-26T07:00:00,153.56107,Sistema
2024-05-26T08:00:00,158.95772,Sistema
2024-05-26T09:00:00,160.3302,Sistema
2024-05-26T10:00:00,162.42418,Sistema
2024-05-26T11:00:00,159.28291,Sistema
2024-05-26T12:00:00,153.23507,Sistema
2024-05-26T13:00:00,150.54105,Sistema
2024-05-26T14:00:00,149.42717,Sistema
2024-05-26T15:00:00,146.51861,Sistema
2024-05-26T16:00:00,150.0359,Sistema
2024-05-26T17:00:00,162.14404,Sistema
2024-05-26T18:00:00,163.1081,Sistema
2024-05-26T19:00:00,153.88848,Sistema
2024-05-26T20:00:00,150.63418,Sistema
2024-05-26T21:00:00,153.1909,Sistema
2024-05-26T22:00:00,159.55432,Sistema
2024-05-26T23:00:00,166.8935,Sistema
2024-05-26T24:00:00,176.88907,Sistema
2024-05-27T01:00:00,181.37457,Sistema
2024-05-27T02:00:00,185.49033,Sistema
2024-05-27T03:00:00,188.16035,Sistema
2024-05-27T04:00:00,187.03192,Sistema
2024-05-27T05:00:00,182.80086,Sistema
2024-05-27T06:00:00,174.24327,Sistema
2024-05-27T07:00:00,171.35442,Sistema
2024-05-27T08:00:00,167.508,Sistema
2024-05-27T09:00:00,158.96201,Sistema
2024-05-27T10:00:00,156.83274,Sistema
2024-05-27T11:00:00,150.8737,Sistema
2024-05-27T12:00:00,147.51943,Sistema
2024-05-27T13:00:00,150.59238,Sistema
2024-05-27T14:00:00,150.23713,Sistema
2024-05-27T15:00:00,148.47816,Sistema
2024-05-27T16:00:00,146.04612,Sistema
2024-05-27T17:00:00,158.24374,Sistema
2024-05-27T18:00:00,159.2503,Sistema
2024-05-27T19:00:00,153.93062,Sistema
2024-05-27T20:00:00,153.67927,Sistema
2024-05-27T21:00:00,154.05689,Sistema
2024-05-27T22:00:00,157.71915,Sistema
2024-05-27T23:00:00,167.4346,Sistema
2024-05-27T24:00:00,176.12208,Sistema
2024-05-28T01:00:00,180.63964,Sistema
2024-05-28T02:00:00,181.26524,Sistema
2024-05-28T03:00:00,174.94666,Sistema
2024-05-28T04:00:00,168.94981,Sistema
2024-05-28T05:00:00,163.63404,Sistema
2024-05-28T06:00:00,142.57286,Sistema
2024-05-28T07:00:00,139.50279,Sistema
2024-05-28T08:00:00,134.17334,Sistema
2024-05-28T09:00:00,136.0302,Sistema
2024-05-28T10:00:00,132.5503,Sistema
2024-05-28T11:00:00,128.2763,Sistema
2024-05-28T12:00:00,126.95564,Sistema
2024-05-28T13:00:00,128.93109,Sistema
2024-05-28T14:00:00,120.69987,Sistema
2024-05-28T15:00:00,122.91383,Sistema
2024-05-28T16:00:00,123.99836,Sistema
2024-05-28T17:00:00,127.14418,Sistema
2024-05-28T18:00:00,138.91825,Sistema
2024-05-28T19:00:00,143.12731,Sistema
2024-05-28T20:00:00,145.69028,Sistema
2024-05-28T21:00:00,142.44122,Sistema
2024-05-28T22:00:00,144.23647,Sistema
2024-05-28T23:00:00,144.72101,Sistema
2024-05-28T24:00:00,152.53389,Sistema
2024-05-29T01:00:00,156.93942,Sistema
2024-05-29T02:00:00,159.6476,Sistema
2024-05-29T03:00:00,158.53506,Sistema
2024-05-29T04:00:00,152.59993,Sistema
2024-05-29T05:00:00,144.75728,Sistema
2024-05-29T06:00:00,139.74549,Sistema
2024-05-29T07:00:00,137.18624,Sistema
2024-05-29T08:00:00,132.46361,Sistema
2024-05-29T09:00:00,127.65106,Sistema
2024-05-29T10:00:00,124.48198,Sistema
2024-05-29T11:00:00,122.79983,Sistema
2024-05-29T12:00:00,120.77547,Sistema
2024-05-29T13:00:00,123.89391,Sistema
2024-05-29T14:00:00,128.7835,Sistema
2024-05-29T15:00:00,135.21479,Sistema
2024-05-29T16:00:00,135.26137,Sistema
2024-05-29T17:00:00,145.57203,Sistema
2024-05-29T18:00:00,156.84079,Sistema
2024-05-29T19:00:00,149.40349,Sistema
2024-05-29T20:00:00,145.98338,Sistema
2024-05-29T21:00:00,145.94483,Sistema
2024-05-29T22:00:00,150.85964,Sistema
2024-05-29T23:00:00,158.7402,Sistema
2024-05-29T24:00:00,168.56529,Sistema
2024-05-30T01:00:00,173.43021,Sistema
2024-05-30T02:00:00,170.43762,Sistema
2024-05-30T03:00:00,166.88914,Sistema
2024-05-30T04:00:00,149.83847,Sistema
2024-05-30T05:00:00,144.30443,Sistema
2024-05-30T06:00:00,137.99569,Sistema
2024-05-30T07:00:00,132.1539,Sistema
2024-05-30T08:00:00,126.95103,Sistema
2024-05-30T09:00:00,121.9076,Sistema
2024-05-30T10:00:00,119.55364,Sistema
2024-05-30T11:00:00,116.37379,Sistema
2024-05-30T12:00:00,115.01019,Sistema
2024-05-30T13:00:00,119.25659,Sistema
2024-05-30T14:00:00,120.87985,Sistema
2024-05-30T15:00:00,119.05709,Sistema
2024-05-30T16:00:00,120.25423,Sistema
2024-05-30T17:00:00,132.25007,Sistema
2024-05-30T18:00:00,141.92008,Sistema
2024-05-30T19:00:00,141.31462,Sistema
2024-05-30T20:00:00,139.57478,Sistema
2024-05-30T21:00:00,142.43228,Sistema
2024-05-30T22:00:00,139.35937,Sistema
2024-05-30T23:00:00,146.25741,Sistema
2024-05-30T24:00:00,145.76321,Sistema
2024-05-31T01:00:00,135.19803,Sistema
2024-05-31T02:00:00,128.70438,Sistema
2024-05-31T03:00:00,111.16992,Sistema
2024-05-31T04:00:00,102.55336,Sistema
2024-05-31T05:00:00,97.6643,Sistema
2024-05-31T06:00:00,88.10816,Sistema
2024-05-31T07:00:00,87.1809,Sistema
2024-05-31T08:00:00,84.91012,Sistema
2024-05-31T09:00:00,82.64044,Sistema
2024-05-31T10:00:00,83.71289,Sistema
2024-05-31T11:00:00,87.35042,Sistema
2024-05-31T12:00:00,87.60319,Sistema
2024-05-31T13:00:00,91.56101,Sistema
2024-05-31T14:00:00,91.42728,Sistema
2024-05-31T15:00:00,90.4149,Sistema
2024-05-31T16:00:00,94.56461,Sistema
2024-05-31T17:00:00,98.83914,Sistema
2024-05-31T18:00:00,103.67128,Sistema
2024-05-31T19:00:00,102.96578,Sistema
2024-05-31T20:00:00,101.99854,Sistema
2024-05-31T21:00:00,105.06785,Sistema
2024-05-31T22:00:00,108.47527,Sistema
2024-05-31T23:00:00,111.19779,Sistema
2024-05-31T24:00:00,119.53031,Sistema
2024-06-01T01:00:00,128.4097,Sistema
2024-06-01T02:00:00,126.28733,Sistema
2024-06-01T03:00:00,119.31272,Sistema
2024-06-01T04:00:00,112.09267,Sistema
2024-06-01T05:00:00,108.25898,Sistema
2024-06-01T06:00:00,97.66589,Sistema
2024-06-01T07:00:00,87.44579,Sistema
2024-06-01T08:00:00,83.54978,Sistema
2024-06-01T09:00:00,81.8555,Sistema
2024-06-01T10:00:00,80.56584,Sistema
2024-06-01T11:00:00,78.8833,Sistema
2024-06-01T12:00:00,83.98357,Sistema
2024-06-01T13:00:00,90.2718,Sistema
2024-06-01T14:00:00,90.30353,Sistema
2024-06-01T15:00:00,92.56748,Sistema
2024-06-01T16:00:00,97.77845,Sistema
2024-06-01T17:00:00,104.40574,Sistema
2024-06-01T18:00:00,110.90517,Sistema
2024-06-01T19:00:00,108.59902,Sistema
2024-06-01T20:00:00,110.26354,Sistema
2024-06-01T21:00:00,116.64644,Sistema
2024-06-01T22:00:00,120.73988,Sistema
2024-06-01T23:00:00,127.51505,Sistema
2024-06-01T24:00:00,132.28989,Sistema
2024-06-02T01:00:00,138.63891,Sistema
2024-06-02T02:00:00,137.17099,Sistema
2024-06-02T03:00:00,137.6933,Sistema
2024-06-02T04:00:00,143.15178,Sistema
2024-06-02T05:00:00,145.45744,Sistema
2024-06-02T06:00:00,149.28648,Sistema
2024-06-02T07:00:00,140.645,Sistema
2024-06-02T08:00:00,129.99967,Sistema
2024-06-02T09:00:00,127.42498,Sistema
2024-06-02T10:00:00,127.80473,Sistema
2024-06-02T11:00:00,126.59055,Sistema
2024-06-02T12:00:00,127.14619,Sistema
2024-06-02T13:00:00,128.57425,Sistema
2024-06-02T14:00:00,128.00796,Sistema
2024-06-02T15:00:00,130.07593,Sistema
2024-06-02T16:00:00,134.53124,Sistema
2024-06-02T17:00:00,145.01894,Sistema
2024-06-02T18:00:00,150.36649,Sistema
2024-06-02T19:00:00,142.58127,Sistema
2024-06-02T20:00:00,139.81036,Sistema
2024-06-02T21:00:00,145.8748,Sistema
2024-06-02T22:00:00,150.7348,Sistema
2024-06-02T23:00:00,157.51546,Sistema
2024-06-02T24:00:00,161.13261,Sistema
2024-06-03T01:00:00,164.47224,Sistema
2024-06-03T02:00:00,165.54353,Sistema
2024-06-03T03:00:00,167.77138,Sistema
2024-06-03T04:00:00,168.41537,Sistema
2024-06-03T05:00:00,167.55899,Sistema
2024-06-03T06:00:00,167.48122,Sistema
2024-06-03T07:00:00,159.64635,Sistema
2024-06-03T08:00:00,134.6211,Sistema
2024-06-03T09:00:00,125.39894,Sistema
2024-06-03T10:00:00,121.95375,Sistema
2024-06-03T11:00:00,116.64429,Sistema
2024-06-03T12:00:00,117.68867,Sistema
2024-06-03T13:00:00,123.28316,Sistema
2024-06-03T14:00:00,123.93137,Sistema
2024-06-03T15:00:00,126.66517,Sistema
2024-06-03T16:00:00,132.48148,Sistema
2024-06-03T17:00:00,138.24858,Sistema
2024-06-03T18:00:00,137.57707,Sistema
2024-06-03T19:00:00,131.27246,Sistema
2024-06-03T20:00:00,132.64097,Sistema
2024-06-03T21:00:00,139.41805,Sistema
2024-06-03T22:00:00,139.42497,Sistema
2024-06-03T23:00:00,142.51252,Sistema
2024-06-03T24:00:00,143.79697,Sistema
2024-06-04T01:00:00,150.00803,Sistema
2024-06-04T02:00:00,149.55998,Sistema
2024-06-04T03:00:00,146.92975,Sistema
2024-06-04T04:00:00,142.57233,Sistema
2024-06-04T05:00:00,140.76412,Sistema
2024-06-04T06:00:00,135.49346,Sistema
2024-06-04T07:00:00,124.4282,Sistema
2024-06-04T08:00:00,124.66867,Sistema
2024-06-04T09:00:00,125.39293,Sistema
2024-06-04T10:00:00,124.7411,Sistema
2024-06-04T11:00:00,122.76266,Sistema
2024-06-04T12:00:00,123.10356,Sistema
2024-06-04T13:00:00,131.84831,Sistema
2024-06-04T14:00:00,137.5687,Sistema
2024-06-04T15:00:00,139.74303,Sistema
2024-06-04T16:00:00,138.33262,Sistema
2024-06-04T17:00:00,140.36995,Sistema
2024-06-04T18:00:00,146.81939,Sistema
2024-06-04T19:00:00,153.50001,Sistema
2024-06-04T20:00:00,147.39675,Sistema
2024-06-04T21:00:00,148.4516,Sistema
2024-06-04T22:00:00,153.89484,Sistema
2024-06-04T23:00:00,163.1551,Sistema
2024-06-04T24:00:00,171.49879,Sistema
2024-06-05T01:00:00,171.34692,Sistema
2024-06-05T02:00:00,170.69801,Sistema
2024-06-05T03:00:00,173.9984,Sistema
2024-06-05T04:00:00,176.45214,Sistema
2024-06-05T05:00:00,172.88512,Sistema
2024-06-05T06:00:00,165.07639,Sistema
2024-06-05T07:00:00,159.2235,Sistema
2024-06-05T08:00:00,151.21729,Sistema
2024-06-05T09:00:00,147.60694,Sistema
2024-06-05T10:00:00,143.86703,Sistema
2024-06-05T11:00:00,138.78287,Sistema
2024-06-05T12:00:00,134.47634,Sistema
2024-06-05T13:00:00,134.19102,Sistema
2024-06-05T14:00:00,133.49849,Sistema
2024-06-05T15:00:00,131.88687,Sistema
2024-06-05T16:00:00,132.47052,Sistema
2024-06-05T17:00:00,134.68336,Sistema
2024-06-05T18:00:00,144.82527,Sistema
2024-06-05T19:00:00,150.93665,Sistema
2024-06-05T20:00:00,148.59289,Sistema
2024-06-05T21:00:00,148.15897,Sistema
2024-06-05T22:00:00,152.43577,Sistema
2024-06-05T23:00:00,161.42966,Sistema
2024-06-05T24:00:00,172.60307,Sistema
2024-06-06T01:00:00,175.97973,Sistema
2024-06-06T02:00:00,177.3644,Sistema
2024-06-06T03:00:00,174.7244,Sistema
2024-06-06T04:00:00,173.18769,Sistema
2024-06-06T05:00:00,170.39385,Sistema
2024-06-06T06:00:00,161.37176,Sistema
2024-06-06T07:00:00,155.3937,Sistema
2024-06-06T08:00:00,146.74345,Sistema
2024-06-06T09:00:00,141.34118,Sistema
2024-06-06T10:00:00,139.36874,Sistema
2024-06-06T11:00:00,135.29023,Sistema
2024-06-06T12:00:00,132.34284,Sistema
2024-06-06T13:00:00,133.36565,Sistema
2024-06-06T14:00:00,131.99493,Sistema
2024-06-06T15:00:00,132.62781,Sistema
2024-06-06T16:00:00,138.26088,Sistema
2024-06-06T17:00:00,136.29694,Sistema
2024-06-06T18:00:00,141.76571,Sistema
2024-06-06T19:00:00,136.69741,Sistema
2024-06-06T20:00:00,133.81701,Sistema
2024-06-06T21:00:00,135.04059,Sistema
2024-06-06T22:00:00,138.81391,Sistema
2024-06-06T23:00:00,146.44036,Sistema
2024-06-06T24:00:00,158.69144,Sistema
2024-06-07T01:00:00,168.15716,Sistema
2024-06-07T02:00:00,164.72246,Sistema
2024-06-07T03:00:00,166.26042,Sistema
2024-06-07T04:00:00,160.14806,Sistema
2024-06-07T05:00:00,156.1781,Sistema
2024-06-07T06:00:00,149.25104,Sistema
2024-06-07T07:00:00,145.48993,Sistema
2024-06-07T08:00:00,137.75762,Sistema
2024-06-07T09:00:00,133.53619,Sistema
2024-06-07T10:00:00,133.33606,Sistema
2024-06-07T11:00:00,131.68335,Sistema
2024-06-07T12:00:00,130.01206,Sistema
2024-06-07T13:00:00,139.42463,Sistema
2024-06-07T14:00:00,143.24976,Sistema
2024-06-07T15:00:00,146.08528,Sistema
2024-06-07T16:00:00,151.88372,Sistema
2024-06-07T17:00:00,160.32047,Sistema
2024-06-07T18:00:00,167.9872,Sistema
2024-06-07T19:00:00,165.07355,Sistema
2024-06-07T20:00:00,168.10027,Sistema
2024-06-07T21:00:00,172.32011,Sistema
2024-06-07T22:00:00,178.59526,Sistema
2024-06-07T23:00:00,188.85144,Sistema
2024-06-07T24:00:00,202.98357,Sistema
2024-06-08T01:00:00,208.3837,Sistema
2024-06-08T02:00:00,208.18086,Sistema
2024-06-08T03:00:00,198.55143,Sistema
2024-06-08T04:00:00,197.78585,Sistema
2024-06-08T05:00:00,183.44831,Sistema
2024-06-08T06:00:00,178.66995,Sistema
2024-06-08T07:00:00,166.79458,Sistema
2024-06-08T08:00:00,161.53519,Sistema
2024-06-08T09:00:00,161.59084,Sistema
2024-06-08T10:00:00,156.49109,Sistema
2024-06-08T11:00:00,154.73969,Sistema
2024-06-08T12:00:00,154.81474,Sistema
2024-06-08T13:00:00,163.39273,Sistema
2024-06-08T14:00:00,168.84264,Sistema
2024-06-08T15:00:00,168.31419,Sistema
2024-06-08T16:00:00,177.83682,Sistema
2024-06-08T17:00:00,179.86888,Sistema
2024-06-08T18:00:00,183.26445,Sistema
2024-06-08T19:00:00,176.08504,Sistema
2024-06-08T20:00:00,182.34351,Sistema
2024-06-08T21:00:00,188.19106,Sistema
2024-06-08T22:00:00,193.82365,Sistema
2024-06-08T23:00:00,205.81862,Sistema
2024-06-08T24:00:00,214.13797,Sistema
2024-06-09T01:00:00,228.30105,Sistema
2024-06-09T02:00:00,232.11386,Sistema
2024-06-09T03:00:00,233.85844,Sistema
2024-06-09T04:00:00,235.36186,Sistema
2024-06-09T05:00:00,233.27891,Sistema
2024-06-09T06:00:00,218.25754,Sistema
2024-06-09T07:00:00,203.63912,Sistema
2024-06-09T08:00:00,192.53898,Sistema
2024-06-09T09:00:00,185.67811,Sistema
2024-06-09T10:00:00,184.44907,Sistema
2024-06-09T11:00:00,184.35812,Sistema
2024-06-09T12:00:00,175.29684,Sistema
2024-06-09T13:00:00,172.15823,Sistema
2024-06-09T14:00:00,176.40501,Sistema
2024-06-09T15:00:00,183.111,Sistema
2024-06-09T16:00:00,187.63252,Sistema
2024-06-09T17:00:00,195.86138,Sistema
2024-06-09T18:00:00,199.47357,Sistema
2024-06-09T19:00:00,193.6459,Sistema
2024-06-09T20:00:00,187.14849,Sistema
2024-06-09T21:00:00,190.31179,Sistema
2024-06-09T22:00:00,196.89275,Sistema
2024-06-09T23:00:00,206.33766,Sistema
2024-06-09T24:00:00,213.35256,Sistema
2024-06-10T01:00:00,210.6648,Sistema
2024-06-10T02:00:00,206.13229,Sistema
2024-06-10T03:00:00,211.60639,Sistema
2024-06-10T04:00:00,203.60389,Sistema
2024-06-10T05:00:00,200.33632,Sistema
2024-06-10T06:00:00,205.93393,Sistema
2024-06-10T07:00:00,204.94786,Sistema
2024-06-10T08:00:00,193.16805,Sistema
2024-06-10T09:00:00,151.62515,Sistema
2024-06-10T10:00:00,150.22672,Sistema
2024-06-10T11:00:00,150.06644,Sistema
2024-06-10T12:00:00,152.32949,Sistema
2024-06-10T13:00:00,162.33881,Sistema
2024-06-10T14:00:00,169.5581,Sistema
2024-06-10T15:00:00,171.87691,Sistema
2024-06-10T16:00:00,174.13794,Sistema
2024-06-10T17:00:00,178.54071,Sistema
2024-06-10T18:00:00,186.24716,Sistema
2024-06-10T19:00:00,177.01642,Sistema
2024-06-10T20:00:00,173.85721,Sistema
2024-06-10T21:00:00,181.86901,Sistema
2024-06-10T22:00:00,189.83567,Sistema
2024-06-10T23:00:00,190.1066,Sistema
2024-06-10T24:00:00,187.55773,Sistema
2024-06-11T01:00:00,189.88637,Sistema
2024-06-11T02:00:00,194.12844,Sistema
2024-06-11T03:00:00,197.35405,Sistema
2024-06-11T04:00:00,203.05473,Sistema
2024-06-11T05:00:00,198.85218,Sistema
2024-06-11T06:00:00,188.96442,Sistema
2024-06-11T07:00:00,187.18336,Sistema
2024-06-11T08:00:00,181.1553,Sistema
2024-06-11T09:00:00,178.56793,Sistema
2024-06-11T10:00:00,171.48223,Sistema
2024-06-11T11:00:00,165.77421,Sistema
2024-06-11T12:00:00,159.92747,Sistema
2024-06-11T13:00:00,154.86322,Sistema
2024-06-11T14:00:00,156.775,Sistema
2024-06-11T15:00:00,157.45107,Sistema
2024-06-11T16:00:00,156.2539,Sistema
2024-06-11T17:00:00,163.71905,Sistema
2024-06-11T18:00:00,176.95849,Sistema
2024-06-11T19:00:00,171.41905,Sistema
2024-06-11T20:00:00,169.28061,Sistema
2024-06-11T21:00:00,171.74768,Sistema
2024-06-11T22:00:00,180.63575,Sistema
2024-06-11T23:00:00,186.62577,Sistema
2024-06-11T24:00:00,188.97566,Sistema
2024-06-12T01:00:00,192.33456,Sistema
2024-06-12T02:00:00,196.66911,Sistema
2024-06-12T03:00:00,195.13834,Sistema
2024-06-12T04:00:00,193.26503,Sistema
2024-06-12T05:00:00,188.93657,Sistema
2024-06-12T06:00:00,180.86536,Sistema
2024-06-12T07:00:00,169.05151,Sistema
2024-06-12T08:00:00,159.44954,Sistema
2024-06-12T09:00:00,152.93809,Sistema
2024-06-12T10:00:00,149.56228,Sistema
2024-06-12T11:00:00,144.64459,Sistema
2024-06-12T12:00:00,141.85456,Sistema
2024-06-12T13:00:00,145.85949,Sistema
2024-06-12T14:00:00,147.55107,Sistema
2024-06-12T15:00:00,150.45291,Sistema
2024-06-12T16:00:00,151.03292,Sistema
2024-06-12T17:00:00,154.66802,Sistema
2024-06-12T18:00:00,163.89191,Sistema
2024-06-12T19:00:00,160.61386,Sistema
2024-06-12T20:00:00,156.54216,Sistema
2024-06-12T21:00:00,157.30258,Sistema
2024-06-12T22:00:00,163.29139,Sistema
2024-06-12T23:00:00,173.9755,Sistema
2024-06-12T24:00:00,182.9498,Sistema
2024-06-13T01:00:00,194.16318,Sistema
2024-06-13T02:00:00,194.24911,Sistema
2024-06-13T03:00:00,198.27878,Sistema
2024-06-13T04:00:00,198.17678,Sistema
2024-06-13T05:00:00,193.85931,Sistema
2024-06-13T06:00:00,186.89334,Sistema
2024-06-13T07:00:00,178.46818,Sistema
2024-06-13T08:00:00,169.84855,Sistema
2024-06-13T09:00:00,161.76368,Sistema
2024-06-13T10:00:00,164.95673,Sistema
2024-06-13T11:00:00,161.80377,Sistema
2024-06-13T12:00:00,157.06041,Sistema
2024-06-13T13:00:00,159.43313,Sistema
2024-06-13T14:00:00,159.24448,Sistema
2024-06-13T15:00:00,160.90322,Sistema
2024-06-13T16:00:00,161.54951,Sistema
2024-06-13T17:00:00,169.77346,Sistema
2024-06-13T18:00:00,177.83706,Sistema
2024-06-13T19:00:00,168.2135,Sistema
2024-06-13T20:00:00,164.5682,Sistema
2024-06-13T21:00:00,167.54702,Sistema
2024-06-13T22:00:00,174.21279,Sistema
2024-06-13T23:00:00,186.20013,Sistema
2024-06-13T24:00:00,193.60852,Sistema
2024-06-14T01:00:00,205.11779,Sistema
2024-06-14T02:00:00,207.64557,Sistema
2024-06-14T03:00:00,205.99021,Sistema
2024-06-14T04:00:00,205.79336,Sistema
2024-06-14T05:00:00,203.99503,Sistema
2024-06-14T06:00:00,196.63651,Sistema
2024-06-14T07:00:00,189.79187,Sistema
2024-06-14T08:00:00,181.49522,Sistema
2024-06-14T09:00:00,171.11872,Sistema
2024-06-14T10:00:00,163.38219,Sistema
2024-06-14T11:00:00,160.26356,Sistema
2024-06-14T12:00:00,154.8294,Sistema
2024-06-14T13:00:00,155.39839,Sistema
2024-06-14T14:00:00,156.20396,Sistema
2024-06-14T15:00:00,157.37069,Sistema
2024-06-14T16:00:00,164.00871,Sistema
2024-06-14T17:00:00,170.958,Sistema
2024-06-14T18:00:00,178.6301,Sistema
2024-06-14T19:00:00,169.26909,Sistema
2024-06-14T20:00:00,168.01435,Sistema
2024-06-14T21:00:00,173.14922,Sistema
2024-06-14T22:00:00,184.03738,Sistema
2024-06-14T23:00:00,194.60821,Sistema
2024-06-14T24:00:00,203.32715,Sistema
2024-06-15T01:00:00,197.2895,Sistema
2024-06-15T02:00:00,193.46531,Sistema
2024-06-15T03:00:00,192.75954,Sistema
2024-06-15T04:00:00,191.94883,Sistema
2024-06-15T05:00:00,189.4968,Sistema
2024-06-15T06:00:00,187.12256,Sistema
2024-06-15T07:00:00,189.76039,Sistema
2024-06-15T08:00:00,179.14146,Sistema
2024-06-15T09:00:00,171.6994,Sistema
2024-06-15T10:00:00,167.26011,Sistema
2024-06-15T11:00:00,165.86289,Sistema
2024-06-15T12:00:00,163.94988,Sistema
2024-06-15T13:00:00,163.94995,Sistema
2024-06-15T14:00:00,164.50324,Sistema
2024-06-15T15:00:00,162.93586,Sistema
2024-06-15T16:00:00,158.96599,Sistema
2024-06-15T17:00:00,159.62763,Sistema
2024-06-15T18:00:00,170.17279,Sistema
2024-06-15T19:00:00,159.70019,Sistema
2024-06-15T20:00:00,159.16498,Sistema
2024-06-15T21:00:00,164.36701,Sistema
2024-06-15T22:00:00,166.32808,Sistema
2024-06-15T23:00:00,172.48348,Sistema
2024-06-15T24:00:00,180.02515,Sistema
2024-06-16T01:00:00,191.02444,Sistema
2024-06-16T02:00:00,201.10043,Sistema
2024-06-16T03:00:00,197.98314,Sistema
2024-06-16T04:00:00,198.68373,Sistema
2024-06-16T05:00:00,200.43751,Sistema
2024-06-16T06:00:00,201.76869,Sistema
2024-06-16T07:00:00,200.61202,Sistema
2024-06-16T08:00:00,192.3048,Sistema
2024-06-16T09:00:00,192.25898,Sistema
2024-06-16T10:00:00,193.28148,Sistema
2024-06-16T11:00:00,191.36929,Sistema
2024-06-16T12:00:00,188.93696,Sistema
2024-06-16T13:00:00,187.91152,Sistema
2024-06-16T14:00:00,187.29251,Sistema
2024-06-16T15:00:00,189.94397,Sistema
2024-06-16T16:00:00,191.88431,Sistema
2024-06-16T17:00:00,194.58113,Sistema
2024-06-16T18:00:00,204.83218,Sistema
2024-06-16T19:00:00,194.50338,Sistema
2024-06-16T20:00:00,187.84329,Sistema
2024-06-16T21:00:00,188.12986,Sistema
2024-06-16T22:00:00,190.78984,Sistema
2024-06-16T23:00:00,189.62174,Sistema
2024-06-16T24:00:00,201.53743,Sistema
2024-06-17T01:00:00,191.58575,Sistema
2024-06-17T02:00:00,170.37026,Sistema
2024-06-17T03:00:00,163.82073,Sistema
2024-06-17T04:00:00,163.34571,Sistema
2024-06-17T05:00:00,160.41785,Sistema
2024-06-17T06:00:00,154.03241,Sistema
2024-06-17T07:00:00,131.39444,Sistema
2024-06-17T08:00:00,125.05198,Sistema
2024-06-17T09:00:00,123.58996,Sistema
2024-06-17T10:00:00,139.19966,Sistema
2024-06-17T11:00:00,147.1569,Sistema
2024-06-17T12:00:00,145.56195,Sistema
2024-06-17T13:00:00,143.39043,Sistema
2024-06-17T14:00:00,137.83376,Sistema
2024-06-17T15:00:00,142.40913,Sistema
2024-06-17T16:00:00,144.87421,Sistema
2024-06-17T17:00:00,148.82948,Sistema
2024-06-17T18:00:00,157.07742,Sistema
2024-06-17T19:00:00,160.51928,Sistema
2024-06-17T20:00:00,156.90022,Sistema
2024-06-17T21:00:00,158.70839,Sistema
2024-06-17T22:00:00,160.84729,Sistema
2024-06-17T23:00:00,168.97138,Sistema
2024-06-17T24:00:00,172.69818,Sistema
2024-06-18T01:00:00,159.35512,Sistema
2024-06-18T02:00:00,148.88509,Sistema
2024-06-18T03:00:00,143.06054,Sistema
2024-06-18T04:00:00,145.51734,Sistema
2024-06-18T05:00:00,141.80055,Sistema
2024-06-18T06:00:00,144.90219,Sistema
2024-06-18T07:00:00,135.70229,Sistema
2024-06-18T08:00:00,126.9245,Sistema
2024-06-18T09:00:00,124.19577,Sistema
2024-06-18T10:00:00,126.06729,Sistema
2024-06-18T11:00:00,122.07243,Sistema
2024-06-18T12:00:00,120.30664,Sistema
2024-06-18T13:00:00,125.70924,Sistema
2024-06-18T14:00:00,135.99978,Sistema
2024-06-18T15:00:00,137.66843,Sistema
2024-06-18T16:00:00,144.1099,Sistema
2024-06-18T17:00:00,149.0041,Sistema
2024-06-18T18:00:00,153.57797,Sistema
2024-06-18T19:00:00,147.71947,Sistema
2024-06-18T20:00:00,148.61903,Sistema
2024-06-18T21:00:00,150.87384,Sistema
2024-06-18T22:00:00,147.53025,Sistema
2024-06-18T23:00:00,131.5276,Sistema
2024-06-18T24:00:00,121.79514,Sistema
2024-06-19T01:00:00,126.07949,Sistema
2024-06-19T02:00:00,119.69842,Sistema
2024-06-19T03:00:00,118.43861,Sistema
2024-06-19T04:00:00,120.72295,Sistema
2024-06-19T05:00:00,119.34562,Sistema
2024-06-19T06:00:00,118.01775,Sistema
2024-06-19T07:00:00,117.40032,Sistema
2024-06-19T08:00:00,116.87415,Sistema
2024-06-19T09:00:00,121.14694,Sistema
2024-06-19T10:00:00,126.4127,Sistema
2024-06-19T11:00:00,126.52161,Sistema
2024-06-19T12:00:00,124.38316,Sistema
2024-06-19T13:00:00,124.55611,Sistema
2024-06-19T14:00:00,123.72924,Sistema
2024-06-19T15:00:00,120.85372,Sistema
2024-06-19T16:00:00,122.87615,Sistema
2024-06-19T17:00:00,129.95022,Sistema
2024-06-19T18:00:00,138.43193,Sistema
2024-06-19T19:00:00,130.1215,Sistema
2024-06-19T20:00:00,133.26214,Sistema
2024-06-19T21:00:00,138.23943,Sistema
2024-06-19T22:00:00,140.32653,Sistema
2024-06-19T23:00:00,142.79813,Sistema
2024-06-19T24:00:00,143.28475,Sistema
2024-06-20T01:00:00,125.34647,Sistema
2024-06-20T02:00:00,125.96108,Sistema
2024-06-20T03:00:00,126.59554,Sistema
2024-06-20T04:00:00,127.95636,Sistema
2024-06-20T05:00:00,122.74735,Sistema
2024-06-20T06:00:00,125.84821,Sistema
2024-06-20T07:00:00,126.79305,Sistema
2024-06-20T08:00:00,123.81524,Sistema
2024-06-20T09:00:00,122.71563,Sistema
2024-06-20T10:00:00,125.53005,Sistema
2024-06-20T11:00:00,125.47121,Sistema
2024-06-20T12:00:00,122.84812,Sistema
2024-06-20T13:00:00,126.8629,Sistema
2024-06-20T14:00:00,136.46532,Sistema
2024-06-20T15:00:00,131.82868,Sistema
2024-06-20T16:00:00,129.11066,Sistema
2024-06-20T17:00:00,130.39556,Sistema
2024-06-20T18:00:00,135.39664,Sistema
2024-06-20T19:00:00,136.47161,Sistema
2024-06-20T20:00:00,135.08796,Sistema
2024-06-20T21:00:00,140.10624,Sistema
2024-06-20T22:00:00,147.91235,Sistema
2024-06-20T23:00:00,142.68267,Sistema
2024-06-20T24:00:00,141.27062,Sistema
2024-06-21T01:00:00,135.63564,Sistema
2024-06-21T02:00:00,123.41723,Sistema
2024-06-21T03:00:00,118.05823,Sistema
2024-06-21T04:00:00,116.78694,Sistema
2024-06-21T05:00:00,114.07539,Sistema
2024-06-21T06:00:00,113.13795,Sistema
2024-06-21T07:00:00,119.18236,Sistema
2024-06-21T08:00:00,130.82398,Sistema
2024-06-21T09:00:00,133.2647,Sistema
2024-06-21T10:00:00,134.52797,Sistema
2024-06-21T11:00:00,137.18576,Sistema
2024-06-21T12:00:00,136.83988,Sistema
2024-06-21T13:00:00,138.29217,Sistema
2024-06-21T14:00:00,138.72016,Sistema
2024-06-21T15:00:00,133.30326,Sistema
2024-06-21T16:00:00,140.24107,Sistema
2024-06-21T17:00:00,155.14162,Sistema
2024-06-21T18:00:00,163.30305,Sistema
2024-06-21T19:00:00,159.34846,Sistema
2024-06-21T20:00:00,156.58999,Sistema
2024-06-21T21:00:00,160.73788,Sistema
2024-06-21T22:00:00,163.25091,Sistema
2024-06-21T23:00:00,167.26796,Sistema
2024-06-21T24:00:00,166.64939,Sistema
2024-06-22T01:00:00,185.9941,Sistema
2024-06-22T02:00:00,177.18657,Sistema
2024-06-22T03:00:00,165.14054,Sistema
2024-06-22T04:00:00,153.64808,Sistema
2024-06-22T05:00:00,154.20912,Sistema
2024-06-22T06:00:00,153.37758,Sistema
2024-06-22T07:00:00,146.4126,Sistema
2024-06-22T08:00:00,140.38855,Sistema
2024-06-22T09:00:00,136.76744,Sistema
2024-06-22T10:00:00,138.07718,Sistema
2024-06-22T11:00:00,141.08119,Sistema
2024-06-22T12:00:00,140.68643,Sistema
2024-06-22T13:00:00,142.37836,Sistema
2024-06-22T14:00:00,142.83204,Sistema
2024-06-22T15:00:00,146.00752,Sistema
2024-06-22T16:00:00,153.51064,Sistema
2024-06-22T17:00:00,150.74558,Sistema
2024-06-22T18:00:00,154.47655,Sistema
2024-06-22T19:00:00,147.00286,Sistema
2024-06-22T20:00:00,144.41241,Sistema
2024-06-22T21:00:00,148.67422,Sistema
2024-06-22T22:00:00,151.87021,Sistema
2024-06-22T23:00:00,159.45079,Sistema
2024-06-22T24:00:00,167.00105,Sistema
2024-06-23T01:00:00,137.54241,Sistema
2024-06-23T02:00:00,126.82765,Sistema
2024-06-23T03:00:00,114.32292,Sistema
2024-06-23T04:00:00,106.56588,Sistema
2024-06-23T05:00:00,90.66077,Sistema
2024-06-23T06:00:00,85.90846,Sistema
2024-06-23T07:00:00,77.54019,Sistema
2024-06-23T08:00:00,68.76057,Sistema
2024-06-23T09:00:00,63.93763,Sistema
2024-06-23T10:00:00,57.94409,Sistema
2024-06-23T11:00:00,57.14722,Sistema
2024-06-23T12:00:00,58.4989,Sistema
2024-06-23T13:00:00,63.61731,Sistema
2024-06-23T14:00:00,70.21202,Sistema
2024-06-23T15:00:00,70.43885,Sistema
2024-06-23T16:00:00,75.97834,Sistema
2024-06-23T17:00:00,81.98874,Sistema
2024-06-23T18:00:00,82.28188,Sistema
2024-06-23T19:00:00,75.84752,Sistema
2024-06-23T20:00:00,76.34071,Sistema
2024-06-23T21:00:00,78.53315,Sistema
2024-06-23T22:00:00,78.65368,Sistema
2024-06-23T23:00:00,90.42714,Sistema
2024-06-23T24:00:00,94.47592,Sistema
2024-06-24T01:00:00,90.7322,Sistema
2024-06-24T02:00:00,91.19731,Sistema
2024-06-24T03:00:00,92.33603,Sistema
2024-06-24T04:00:00,92.74492,Sistema
2024-06-24T05:00:00,91.623,Sistema
2024-06-24T06:00:00,89.38932,Sistema
2024-06-24T07:00:00,92.91794,Sistema
2024-06-24T08:00:00,90.39546,Sistema
2024-06-24T09:00:00,89.25332,Sistema
2024-06-24T10:00:00,92.71326,Sistema
2024-06-24T11:00:00,93.91926,Sistema
2024-06-24T12:00:00,95.552,Sistema
2024-06-24T13:00:00,99.43399,Sistema
2024-06-24T14:00:00,101.69369,Sistema
2024-06-24T15:00:00,100.3784,Sistema
2024-06-24T16:00:00,102.87582,Sistema
2024-06-24T17:00:00,108.41592,Sistema
2024-06-24T18:00:00,116.85849,Sistema
2024-06-24T19:00:00,116.56651,Sistema
2024-06-24T20:00:00,114.82602,Sistema
2024-06-24T21:00:00,118.61803,Sistema
2024-06-24T22:00:00,123.81146,Sistema
2024-06-24T23:00:00,131.38742,Sistema
2024-06-24T24:00:00,140.55098,Sistema
2024-06-25T01:00:00,143.51766,Sistema
2024-06-25T02:00:00,133.7791,Sistema
2024-06-25T03:00:00,128.42089,Sistema
2024-06-25T04:00:00,135.32519,Sistema
2024-06-25T05:00:00,136.27212,Sistema
2024-06-25T06:00:00,136.997,Sistema
2024-06-25T07:00:00,136.70226,Sistema
2024-06-25T08:00:00,130.54584,Sistema
2024-06-25T09:00:00,125.99127,Sistema
2024-06-25T10:00:00,125.71296,Sistema
2024-06-25T11:00:00,126.79973,Sistema
2024-06-25T12:00:00,124.44206,Sistema
2024-06-25T13:00:00,123.84661,Sistema
2024-06-25T14:00:00,125.17592,Sistema
2024-06-25T15:00:00,123.67257,Sistema
2024-06-25T16:00:00,124.48864,Sistema
2024-06-25T17:00:00,127.47892,Sistema
2024-06-25T18:00:00,133.22499,Sistema
2024-06-25T19:00:00,129.48879,Sistema
2024-06-25T20:00:00,132.14408,Sistema
2024-06-25T21:00:00,135.99125,Sistema
2024-06-25T22:00:00,141.26985,Sistema
2024-06-25T23:00:00,151.98766,Sistema
2024-06-25T24:00:00,163.48422,Sistema
2024-06-26T01:00:00,158.29199,Sistema
2024-06-26T02:00:00,151.24398,Sistema
2024-06-26T03:00:00,147.48947,Sistema
2024-06-26T04:00:00,149.0383,Sistema
2024-06-26T05:00:00,147.32102,Sistema
2024-06-26T06:00:00,140.25776,Sistema
2024-06-26T07:00:00,133.20148,Sistema
2024-06-26T08:00:00,127.83647,Sistema
2024-06-26T09:00:00,132.6328,Sistema
2024-06-26T10:00:00,139.50354,Sistema
2024-06-26T11:00:00,136.15595,Sistema
2024-06-26T12:00:00,131.75328,Sistema
2024-06-26T13:00:00,132.93621,Sistema
2024-06-26T14:00:00,133.22686,Sistema
2024-06-26T15:00:00,134.00765,Sistema
2024-06-26T16:00:00,128.82821,Sistema
2024-06-26T17:00:00,129.5964,Sistema
2024-06-26T18:00:00,134.801,Sistema
2024-06-26T19:00:00,130.60651,Sistema
2024-06-26T20:00:00,131.786,Sistema
2024-06-26T21:00:00,136.41559,Sistema
2024-06-26T22:00:00,140.40208,Sistema
2024-06-26T23:00:00,143.71267,Sistema
2024-06-26T24:00:00,141.65028,Sistema
2024-06-27T01:00:00,147.69621,Sistema
2024-06-27T02:00:00,145.07919,Sistema
2024-06-27T03:00:00,143.5626,Sistema
2024-06-27T04:00:00,149.59949,Sistema
2024-06-27T05:00:00,153.0151,Sistema
2024-06-27T06:00:00,154.68727,Sistema
2024-06-27T07:00:00,146.68773,Sistema
2024-06-27T08:00:00,137.73905,Sistema
2024-06-27T09:00:00,131.07175,Sistema
2024-06-27T10:00:00,126.40102,Sistema
2024-06-27T11:00:00,126.01107,Sistema
2024-06-27T12:00:00,127.21238,Sistema
2024-06-27T13:00:00,131.96691,Sistema
2024-06-27T14:00:00,133.22901,Sistema
2024-06-27T15:00:00,136.51676,Sistema
2024-06-27T16:00:00,140.23932,Sistema
2024-06-27T17:00:00,143.89093,Sistema
2024-06-27T18:00:00,150.95927,Sistema
2024-06-27T19:00:00,152.08723,Sistema
2024-06-27T20:00:00,150.91772,Sistema
2024-06-27T21:00:00,152.20093,Sistema
2024-06-27T22:00:00,153.72399,Sistema
2024-06-27T23:00:00,163.26333,Sistema
2024-06-27T24:00:00,166.27555,Sistema
2024-06-28T01:00:00,151.08642,Sistema
2024-06-28T02:00:00,128.93211,Sistema
2024-06-28T03:00:00,109.10737,Sistema
2024-06-28T04:00:00,98.17098,Sistema
2024-06-28T05:00:00,95.64113,Sistema
2024-06-28T06:00:00,92.9662,Sistema
2024-06-28T07:00:00,84.89292,Sistema
2024-06-28T08:00:00,78.67214,Sistema
2024-06-28T09:00:00,76.9188,Sistema
2024-06-28T10:00:00,82.54499,Sistema
2024-06-28T11:00:00,80.5807,Sistema
2024-06-28T12:00:00,80.08396,Sistema
2024-06-28T13:00:00,77.13737,Sistema
2024-06-28T14:00:00,76.61971,Sistema
2024-06-28T15:00:00,81.09609,Sistema
2024-06-28T16:00:00,87.68491,Sistema
2024-06-28T17:00:00,93.87196,Sistema
2024-06-28T18:00:00,97.0591,Sistema
2024-06-28T19:00:00,92.04328,Sistema
2024-06-28T20:00:00,90.35386,Sistema
2024-06-28T21:00:00,92.6459,Sistema
2024-06-28T22:00:00,90.61703,Sistema
2024-06-28T23:00:00,91.54611,Sistema
2024-06-28T24:00:00,90.27066,Sistema
2024-06-29T01:00:00,91.8625,Sistema
2024-06-29T02:00:00,88.87223,Sistema
2024-06-29T03:00:00,88.47136,Sistema
2024-06-29T04:00:00,90.14897,Sistema
2024-06-29T05:00:00,87.07487,Sistema
2024-06-29T06:00:00,79.4721,Sistema
2024-06-29T07:00:00,77.82422,Sistema
2024-06-29T08:00:00,73.18261,Sistema
2024-06-29T09:00:00,68.5948,Sistema
2024-06-29T10:00:00,66.42374,Sistema
2024-06-29T11:00:00,64.58434,Sistema
2024-06-29T12:00:00,63.10586,Sistema
2024-06-29T13:00:00,63.56769,Sistema
2024-06-29T14:00:00,64.07356,Sistema
2024-06-29T15:00:00,64.52496,Sistema
2024-06-29T16:00:00,66.81836,Sistema
2024-06-29T17:00:00,69.01603,Sistema
2024-06-29T18:00:00,71.10362,Sistema
2024-06-29T19:00:00,80.19555,Sistema
2024-06-29T20:00:00,79.9422,Sistema
2024-06-29T21:00:00,80.76472,Sistema
2024-06-29T22:00:00,79.46363,Sistema
2024-06-29T23:00:00,82.61804,Sistema
2024-06-29T24:00:00,87.00621,Sistema
2024-06-30T01:00:00,87.58741,Sistema
2024-06-30T02:00:00,87.40557,Sistema
2024-06-30T03:00:00,85.92783,Sistema
2024-06-30T04:00:00,86.94636,Sistema
2024-06-30T05:00:00,88.42258,Sistema
2024-06-30T06:00:00,85.46443,Sistema
2024-06-30T07:00:00,80.01308,Sistema
2024-06-30T08:00:00,71.19029,Sistema
2024-06-30T09:00:00,66.82721,Sistema
2024-06-30T10:00:00,64.06784,Sistema
2024-06-30T11:00:00,61.49362,Sistema
2024-06-30T12:00:00,60.36343,Sistema
2024-06-30T13:00:00,62.74931,Sistema
2024-06-30T14:00:00,64.44655,Sistema
2024-06-30T15:00:00,70.74935,Sistema
2024-06-30T16:00:00,74.48149,Sistema
2024-06-30T17:00:00,77.88163,Sistema
2024-06-30T18:00:00,79.12835,Sistema
2024-06-30T19:00:00,74.86447,Sistema
2024-06-30T20:00:00,74.6475,Sistema
2024-06-30T21:00:00,77.46193,Sistema
2024-06-30T22:00:00,78.17455,Sistema
2024-06-30T23:00:00,85.74382,Sistema
2024-06-30T24:00:00,89.30323,Sistema
2024-07-01T01:00:00,87.45792,Sistema
2024-07-01T02:00:00,87.13467,Sistema
2024-07-01T03:00:00,88.9846,Sistema
2024-07-01T04:00:00,86.09116,Sistema
2024-07-01T05:00:00,81.3942,Sistema
2024-07-01T06:00:00,80.1341,Sistema
2024-07-01T07:00:00,74.33079,Sistema
2024-07-01T08:00:00,71.57984,Sistema
2024-07-01T09:00:00,71.7582,Sistema
2024-07-01T10:00:00,69.79909,Sistema
2024-07-01T11:00:00,67.76502,Sistema
2024-07-01T12:00:00,66.99967,Sistema
2024-07-01T13:00:00,71.98424,Sistema
2024-07-01T14:00:00,73.33773,Sistema
2024-07-01T15:00:00,73.57201,Sistema
2024-07-01T16:00:00,73.98348,Sistema
2024-07-01T17:00:00,74.68327,Sistema
2024-07-01T18:00:00,76.39368,Sistema
2024-07-01T19:00:00,78.38353,Sistema
2024-07-01T20:00:00,85.86111,Sistema
2024-07-01T21:00:00,89.16228,Sistema
2024-07-01T22:00:00,94.40156,Sistema
2024-07-01T23:00:00,101.06219,Sistema
2024-07-01T24:00:00,105.28257,Sistema
2024-07-02T01:00:00,105.14885,Sistema
2024-07-02T02:00:00,102.5966,Sistema
2024-07-02T03:00:00,100.19553,Sistema
2024-07-02T04:00:00,99.4465,Sistema
2024-07-02T05:00:00,94.5504,Sistema
2024-07-02T06:00:00,87.37898,Sistema
2024-07-02T07:00:00,82.59312,Sistema
2024-07-02T08:00:00,76.02516,Sistema
2024-07-02T09:00:00,69.91744,Sistema
2024-07-02T10:00:00,68.40387,Sistema
2024-07-02T11:00:00,80.23452,Sistema
2024-07-02T12:00:00,80.95985,Sistema
2024-07-02T13:00:00,83.79811,Sistema
2024-07-02T14:00:00,88.87484,Sistema
2024-07-02T15:00:00,90.03676,Sistema
2024-07-02T16:00:00,95.52146,Sistema
2024-07-02T17:00:00,94.861,Sistema
2024-07-02T18:00:00,97.85162,Sistema
2024-07-02T19:00:00,98.46393,Sistema
2024-07-02T20:00:00,96.05449,Sistema
2024-07-02T21:00:00,99.59921,Sistema
2024-07-02T22:00:00,96.03385,Sistema
2024-07-02T23:00:00,89.4107,Sistema
2024-07-02T24:00:00,93.12371,Sistema
2024-07-03T01:00:00,98.13516,Sistema
2024-07-03T02:00:00,97.94409,Sistema
2024-07-03T03:00:00,94.84523,Sistema
2024-07-03T04:00:00,92.44181,Sistema
2024-07-03T05:00:00,87.90846,Sistema
2024-07-03T06:00:00,85.42012,Sistema
2024-07-03T07:00:00,82.93879,Sistema
2024-07-03T08:00:00,76.58109,Sistema
2024-07-03T09:00:00,79.00881,Sistema
2024-07-03T10:00:00,84.45392,Sistema
2024-07-03T11:00:00,85.8374,Sistema
2024-07-03T12:00:00,85.41008,Sistema
2024-07-03T13:00:00,86.13936,Sistema
2024-07-03T14:00:00,87.85244,Sistema
2024-07-03T15:00:00,87.15203,Sistema
2024-07-03T16:00:00,84.81361,Sistema
2024-07-03T17:00:00,90.23974,Sistema
2024-07-03T18:00:00,95.04583,Sistema
2024-07-03T19:00:00,99.94057,Sistema
2024-07-03T20:00:00,96.7177,Sistema
2024-07-03T21:00:00,93.67223,Sistema
2024-07-03T22:00:00,98.24751,Sistema
2024-07-03T23:00:00,95.15759,Sistema
2024-07-03T24:00:00,96.31558,Sistema
2024-07-04T01:00:00,97.38724,Sistema
2024-07-04T02:00:00,98.11864,Sistema
2024-07-04T03:00:00,94.24573,Sistema
2024-07-04T04:00:00,92.09388,Sistema
2024-07-04T05:00:00,88.31981,Sistema
2024-07-04T06:00:00,85.98504,Sistema
2024-07-04T07:00:00,82.77551,Sistema
2024-07-04T08:00:00,77.09422,Sistema
2024-07-04T09:00:00,72.56596,Sistema
2024-07-04T10:00:00,70.53781,Sistema
2024-07-04T11:00:00,69.48765,Sistema
2024-07-04T12:00:00,68.60347,Sistema
2024-07-04T13:00:00,69.46716,Sistema
2024-07-04T14:00:00,68.04946,Sistema
2024-07-04T15:00:00,64.95749,Sistema
2024-07-04T16:00:00,67.38243,Sistema
2024-07-04T17:00:00,74.16042,Sistema
2024-07-04T18:00:00,78.22234,Sistema
2024-07-04T19:00:00,88.94422,Sistema
2024-07-04T20:00:00,79.04445,Sistema
2024-07-04T21:00:00,81.01524,Sistema
2024-07-04T22:00:00,84.61468,Sistema
2024-07-04T23:00:00,86.65367,Sistema
2024-07-04T24:00:00,86.43265,Sistema
2024-07-05T01:00:00,86.04347,Sistema
2024-07-05T02:00:00,87.11469,Sistema
2024-07-05T03:00:00,86.43686,Sistema
2024-07-05T04:00:00,81.06364,Sistema
2024-07-05T05:00:00,77.33056,Sistema
2024-07-05T06:00:00,72.33837,Sistema
2024-07-05T07:00:00,69.1888,Sistema
2024-07-05T08:00:00,69.74503,Sistema
2024-07-05T09:00:00,70.93948,Sistema
2024-07-05T10:00:00,73.57691,Sistema
2024-07-05T11:00:00,71.55127,Sistema
2024-07-05T12:00:00,70.66362,Sistema
2024-07-05T13:00:00,72.11148,Sistema
2024-07-05T14:00:00,72.37538,Sistema
2024-07-05T15:00:00,73.61301,Sistema
2024-07-05T16:00:00,77.25079,Sistema
2024-07-05T17:00:00,77.46987,Sistema
2024-07-05T18:00:00,82.81284,Sistema
2024-07-05T19:00:00,92.06971,Sistema
2024-07-05T20:00:00,89.34852,Sistema
2024-07-05T21:00:00,86.88581,Sistema
2024-07-05T22:00:00,88.20525,Sistema
2024-07-05T23:00:00,93.35529,Sistema
2024-07-05T24:00:00,95.81705,Sistema
2024-07-06T01:00:00,98.67964,Sistema
2024-07-06T02:00:00,93.57496,Sistema
2024-07-06T03:00:00,93.66948,Sistema
2024-07-06T04:00:00,94.67292,Sistema
2024-07-06T05:00:00,94.79628,Sistema
2024-07-06T06:00:00,91.86118,Sistema
2024-07-06T07:00:00,84.68707,Sistema
2024-07-06T08:00:00,73.18135,Sistema
2024-07-06T09:00:00,68.42311,Sistema
2024-07-06T10:00:00,68.18091,Sistema
2024-07-06T11:00:00,68.39397,Sistema
2024-07-06T12:00:00,71.42539,Sistema
2024-07-06T13:00:00,77.41951,Sistema
2024-07-06T14:00:00,91.95781,Sistema
2024-07-06T15:00:00,92.85759,Sistema
2024-07-06T16:00:00,95.37235,Sistema
2024-07-06T17:00:00,93.19139,Sistema
2024-07-06T18:00:00,93.53325,Sistema
2024-07-06T19:00:00,87.32381,Sistema
2024-07-06T20:00:00,92.71145,Sistema
2024-07-06T21:00:00,94.12276,Sistema
2024-07-06T22:00:00,88.97075,Sistema
2024-07-06T23:00:00,100.72554,Sistema
2024-07-06T24:00:00,99.6387,Sistema
2024-07-07T01:00:00,97.03484,Sistema
2024-07-07T02:00:00,92.11937,Sistema
2024-07-07T03:00:00,94.33528,Sistema
2024-07-07T04:00:00,91.83914,Sistema
2024-07-07T05:00:00,84.62351,Sistema
2024-07-07T06:00:00,82.48691,Sistema
2024-07-07T07:00:00,80.56657,Sistema
2024-07-07T08:00:00,74.38874,Sistema
2024-07-07T09:00:00,71.27179,Sistema
2024-07-07T10:00:00,71.03456,Sistema
2024-07-07T11:00:00,71.40839,Sistema
2024-07-07T12:00:00,76.90973,Sistema
2024-07-07T13:00:00,76.07756,Sistema
2024-07-07T14:00:00,72.05704,Sistema
2024-07-07T15:00:00,71.21068,Sistema
2024-07-07T16:00:00,71.88727,Sistema
2024-07-07T17:00:00,71.10876,Sistema
2024-07-07T18:00:00,74.80433,Sistema
2024-07-07T19:00:00,74.67368,Sistema
2024-07-07T20:00:00,74.54173,Sistema
2024-07-07T21:00:00,76.8532,Sistema
2024-07-07T22:00:00,82.22195,Sistema
2024-07-07T23:00:00,89.16121,Sistema
2024-07-07T24:00:00,89.21638,Sistema
2024-07-08T01:00:00,96.76393,Sistema
2024-07-08T02:00:00,97.58309,Sistema
2024-07-08T03:00:00,98.3088,Sistema
2024-07-08T04:00:00,90.16894,Sistema
2024-07-08T05:00:00,86.16033,Sistema
2024-07-08T06:00:00,83.68321,Sistema
2024-07-08T07:00:00,83.40775,Sistema
2024-07-08T08:00:00,77.53047,Sistema
2024-07-08T09:00:00,76.67542,Sistema
2024-07-08T10:00:00,77.54521,Sistema
2024-07-08T11:00:00,72.70672,Sistema
2024-07-08T12:00:00,63.71397,Sistema
2024-07-08T13:00:00,68.79668,Sistema
2024-07-08T14:00:00,71.41413,Sistema
2024-07-08T15:00:00,77.32529,Sistema
2024-07-08T16:00:00,80.85864,Sistema
2024-07-08T17:00:00,83.8064,Sistema
2024-07-08T18:00:00,88.28653,Sistema
2024-07-08T19:00:00,85.16449,Sistema
2024-07-08T20:00:00,85.86708,Sistema
2024-07-08T21:00:00,85.5629,Sistema
2024-07-08T22:00:00,90.27191,Sistema
2024-07-08T23:00:00,97.42275,Sistema
2024-07-08T24:00:00,99.90224,Sistema
2024-07-09T01:00:00,102.12695,Sistema
2024-07-09T02:00:00,99.91866,Sistema
2024-07-09T03:00:00,97.58434,Sistema
2024-07-09T04:00:00,95.93074,Sistema
2024-07-09T05:00:00,92.54775,Sistema
2024-07-09T06:00:00,86.97726,Sistema
2024-07-09T07:00:00,83.7547,Sistema
2024-07-09T08:00:00,79.5216,Sistema
2024-07-09T09:00:00,75.85195,Sistema
2024-07-09T10:00:00,73.5885,Sistema
2024-07-09T11:00:00,70.94337,Sistema
2024-07-09T12:00:00,67.49083,Sistema
2024-07-09T13:00:00,69.87275,Sistema
2024-07-09T14:00:00,71.74608,Sistema
2024-07-09T15:00:00,72.52832,Sistema
2024-07-09T16:00:00,75.24018,Sistema
2024-07-09T17:00:00,80.038,Sistema
2024-07-09T18:00:00,82.35423,Sistema
2024-07-09T19:00:00,83.97216,Sistema
2024-07-09T20:00:00,92.06869,Sistema
2024-07-09T21:00:00,95.334,Sistema
2024-07-09T22:00:00,97.70756,Sistema
2024-07-09T23:00:00,103.49843,Sistema
2024-07-09T24:00:00,105.00341,Sistema
2024-07-10T01:00:00,103.4578,Sistema
2024-07-10T02:00:00,103.24736,Sistema
2024-07-10T03:00:00,100.23151,Sistema
2024-07-10T04:00:00,100.02602,Sistema
2024-07-10T05:00:00,98.14013,Sistema
2024-07-10T06:00:00,86.65813,Sistema
2024-07-10T07:00:00,81.40382,Sistema
2024-07-10T08:00:00,83.06338,Sistema
2024-07-10T09:00:00,79.90777,Sistema
2024-07-10T10:00:00,78.20114,Sistema
2024-07-10T11:00:00,76.34669,Sistema
2024-07-10T12:00:00,73.75534,Sistema
2024-07-10T13:00:00,75.49619,Sistema
2024-07-10T14:00:00,74.99004,Sistema
2024-07-10T15:00:00,80.52813,Sistema
2024-07-10T16:00:00,86.14613,Sistema
2024-07-10T17:00:00,89.38604,Sistema
2024-07-10T18:00:00,88.43452,Sistema
2024-07-10T19:00:00,90.67619,Sistema
2024-07-10T20:00:00,97.34987,Sistema
2024-07-10T21:00:00,97.03852,Sistema
2024-07-10T22:00:00,94.52041,Sistema
2024-07-10T23:00:00,100.00075,Sistema
2024-07-10T24:00:00,103.37321,Sistema
2024-07-11T01:00:00,111.65225,Sistema
2024-07-11T02:00:00,106.60516,Sistema
2024-07-11T03:00:00,102.78112,Sistema
2024-07-11T04:00:00,110.80298,Sistema
2024-07-11T05:00:00,112.54277,Sistema
2024-07-11T06:00:00,112.39764,Sistema
2024-07-11T07:00:00,112.9182,Sistema
2024-07-11T08:00:00,113.6661,Sistema
2024-07-11T09:00:00,117.496,Sistema
2024-07-11T10:00:00,121.26484,Sistema
2024-07-11T11:00:00,121.68535,Sistema
2024-07-11T12:00:00,123.18861,Sistema
2024-07-11T13:00:00,130.05972,Sistema
2024-07-11T14:00:00,130.73063,Sistema
2024-07-11T15:00:00,130.51968,Sistema
2024-07-11T16:00:00,132.2793,Sistema
2024-07-11T17:00:00,133.52645,Sistema
2024-07-11T18:00:00,135.86896,Sistema
2024-07-11T19:00:00,131.58824,Sistema
2024-07-11T20:00:00,135.20828,Sistema
2024-07-11T21:00:00,137.24161,Sistema
2024-07-11T22:00:00,140.11256,Sistema
2024-07-11T23:00:00,148.88992,Sistema
2024-07-11T24:00:00,146.20792,Sistema
2024-07-12T01:00:00,146.20395,Sistema
2024-07-12T02:00:00,144.8918,Sistema
2024-07-12T03:00:00,143.6159,Sistema
2024-07-12T04:00:00,148.47555,Sistema
2024-07-12T05:00:00,147.85117,Sistema
2024-07-12T06:00:00,140.15073,Sistema
2024-07-12T07:00:00,139.49077,Sistema
2024-07-12T08:00:00,131.7614,Sistema
2024-07-12T09:00:00,128.80112,Sistema
2024-07-12T10:00:00,127.98418,Sistema
2024-07-12T11:00:00,123.36686,Sistema
2024-07-12T12:00:00,119.59683,Sistema
2024-07-12T13:00:00,123.04571,Sistema
2024-07-12T14:00:00,123.69827,Sistema
2024-07-12T15:00:00,124.19616,Sistema
2024-07-12T16:00:00,123.69401,Sistema
2024-07-12T17:00:00,125.3202,Sistema
2024-07-12T18:00:00,126.99497,Sistema
2024-07-12T19:00:00,128.32033,Sistema
2024-07-12T20:00:00,133.61838,Sistema
2024-07-12T21:00:00,137.28092,Sistema
2024-07-12T22:00:00,148.2521,Sistema
2024-07-12T23:00:00,151.49444,Sistema
2024-07-12T24:00:00,151.57051,Sistema
2024-07-13T01:00:00,159.03401,Sistema
2024-07-13T02:00:00,152.89733,Sistema
2024-07-13T03:00:00,147.24601,Sistema
2024-07-13T04:00:00,148.3757,Sistema
2024-07-13T05:00:00,151.45342,Sistema
2024-07-13T06:00:00,146.91996,Sistema
2024-07-13T07:00:00,137.01467,Sistema
2024-07-13T08:00:00,132.20583,Sistema
2024-07-13T09:00:00,125.86466,Sistema
2024-07-13T10:00:00,124.52706,Sistema
2024-07-13T11:00:00,130.48872,Sistema
2024-07-13T12:00:00,129.63802,Sistema
2024-07-13T13:00:00,132.30706,Sistema
2024-07-13T14:00:00,133.31025,Sistema
2024-07-13T15:00:00,134.29364,Sistema
2024-07-13T16:00:00,138.98724,Sistema
2024-07-13T17:00:00,142.66013,Sistema
2024-07-13T18:00:00,147.2345,Sistema
2024-07-13T19:00:00,143.42979,Sistema
2024-07-13T20:00:00,143.41482,Sistema
2024-07-13T21:00:00,149.23019,Sistema
2024-07-13T22:00:00,152.30368,Sistema
2024-07-13T23:00:00,154.25516,Sistema
2024-07-13T24:00:00,155.12565,Sistema
2024-07-14T01:00:00,159.36884,Sistema
2024-07-14T02:00:00,158.98531,Sistema
2024-07-14T03:00:00,157.53698,Sistema
2024-07-14T04:00:00,159.17148,Sistema
2024-07-14T05:00:00,153.53289,Sistema
2024-07-14T06:00:00,140.81958,Sistema
2024-07-14T07:00:00,137.36534,Sistema
2024-07-14T08:00:00,122.93657,Sistema
2024-07-14T09:00:00,113.82664,Sistema
2024-07-14T10:00:00,108.96669,Sistema
2024-07-14T11:00:00,110.93809,Sistema
2024-07-14T12:00:00,110.64044,Sistema
2024-07-14T13:00:00,110.06584,Sistema
2024-07-14T14:00:00,112.02593,Sistema
2024-07-14T15:00:00,114.10919,Sistema
2024-07-14T16:00:00,116.44029,Sistema
2024-07-14T17:00:00,114.69195,Sistema
2024-07-14T18:00:00,117.09993,Sistema
2024-07-14T19:00:00,114.59551,Sistema
2024-07-14T20:00:00,115.96874,Sistema
2024-07-14T21:00:00,120.96741,Sistema
2024-07-14T22:00:00,122.98951,Sistema
2024-07-14T23:00:00,123.687,Sistema
2024-07-14T24:00:00,125.01961,Sistema
2024-07-15T01:00:00,135.54102,Sistema
2024-07-15T02:00:00,143.32314,Sistema
2024-07-15T03:00:00,143.64601,Sistema
2024-07-15T04:00:00,142.65219,Sistema
2024-07-15T05:00:00,136.59398,Sistema
2024-07-15T06:00:00,130.54761,Sistema
2024-07-15T07:00:00,121.40182,Sistema
2024-07-15T08:00:00,116.12932,Sistema
2024-07-15T09:00:00,108.75316,Sistema
2024-07-15T10:00:00,108.51268,Sistema
2024-07-15T11:00:00,114.0972,Sistema
2024-07-15T12:00:00,116.66641,Sistema
2024-07-15T13:00:00,119.60144,Sistema
2024-07-15T14:00:00,125.41192,Sistema
2024-07-15T15:00:00,128.99991,Sistema
2024-07-15T16:00:00,133.66625,Sistema
2024-07-15T17:00:00,135.69779,Sistema
2024-07-15T18:00:00,142.09478,Sistema
2024-07-15T19:00:00,138.48428,Sistema
2024-07-15T20:00:00,137.71449,Sistema
2024-07-15T21:00:00,149.39815,Sistema
2024-07-15T22:00:00,151.90977,Sistema
2024-07-15T23:00:00,169.56732,Sistema
2024-07-15T24:00:00,174.9577,Sistema
2024-07-16T01:00:00,179.01294,Sistema
2024-07-16T02:00:00,180.17042,Sistema
2024-07-16T03:00:00,180.74387,Sistema
2024-07-16T04:00:00,174.2211,Sistema
2024-07-16T05:00:00,173.38284,Sistema
2024-07-16T06:00:00,164.25562,Sistema
2024-07-16T07:00:00,164.93781,Sistema
2024-07-16T08:00:00,158.16893,Sistema
2024-07-16T09:00:00,148.47613,Sistema
2024-07-16T10:00:00,140.45525,Sistema
2024-07-16T11:00:00,135.09187,Sistema
2024-07-16T12:00:00,140.40067,Sistema
2024-07-16T13:00:00,135.27695,Sistema
2024-07-16T14:00:00,139.19104,Sistema
2024-07-16T15:00:00,132.25164,Sistema
2024-07-16T16:00:00,135.97785,Sistema
2024-07-16T17:00:00,142.70259,Sistema
2024-07-16T18:00:00,155.65811,Sistema
2024-07-16T19:00:00,157.49645,Sistema
2024-07-16T20:00:00,155.4287,Sistema
2024-07-16T21:00:00,171.89524,Sistema
2024-07-16T22:00:00,169.88976,Sistema
2024-07-16T23:00:00,166.41379,Sistema
2024-07-16T24:00:00,177.04748,Sistema
2024-07-17T01:00:00,175.94876,Sistema
2024-07-17T02:00:00,176.92725,Sistema
2024-07-17T03:00:00,176.12643,Sistema
2024-07-17T04:00:00,175.77969,Sistema
2024-07-17T05:00:00,175.08346,Sistema
2024-07-17T06:00:00,170.91893,Sistema
2024-07-17T07:00:00,180.39837,Sistema
2024-07-17T08:00:00,189.91157,Sistema
2024-07-17T09:00:00,180.93351,Sistema
2024-07-17T10:00:00,171.16444,Sistema
2024-07-17T11:00:00,153.85635,Sistema
2024-07-17T12:00:00,162.05144,Sistema
2024-07-17T13:00:00,162.72316,Sistema
2024-07-17T14:00:00,161.02236,Sistema
2024-07-17T15:00:00,157.52417,Sistema
2024-07-17T16:00:00,159.60753,Sistema
2024-07-17T17:00:00,162.8355,Sistema
2024-07-17T18:00:00,162.27311,Sistema
2024-07-17T19:00:00,157.65673,Sistema
2024-07-17T20:00:00,155.19715,Sistema
2024-07-17T21:00:00,164.6875,Sistema
2024-07-17T22:00:00,162.59913,Sistema
2024-07-17T23:00:00,172.98071,Sistema
2024-07-17T24:00:00,185.74609,Sistema
2024-07-18T01:00:00,185.41448,Sistema
2024-07-18T02:00:00,190.97797,Sistema
2024-07-18T03:00:00,198.64859,Sistema
2024-07-18T04:00:00,200.03414,Sistema
2024-07-18T05:00:00,198.88639,Sistema
2024-07-18T06:00:00,192.21296,Sistema
2024-07-18T07:00:00,196.36244,Sistema
2024-07-18T08:00:00,202.05891,Sistema
2024-07-18T09:00:00,195.60061,Sistema
2024-07-18T10:00:00,177.04304,Sistema
2024-07-18T11:00:00,157.62708,Sistema
2024-07-18T12:00:00,163.84639,Sistema
2024-07-18T13:00:00,166.75405,Sistema
2024-07-18T14:00:00,163.03552,Sistema
2024-07-18T15:00:00,149.4631,Sistema
2024-07-18T16:00:00,143.14207,Sistema
2024-07-18T17:00:00,145.09472,Sistema
2024-07-18T18:00:00,151.16284,Sistema
2024-07-18T19:00:00,150.2186,Sistema
2024-07-18T20:00:00,154.32885,Sistema
2024-07-18T21:00:00,161.17408,Sistema
2024-07-18T22:00:00,166.21255,Sistema
2024-07-18T23:00:00,170.73893,Sistema
2024-07-18T24:00:00,184.31694,Sistema
2024-07-19T01:00:00,192.5055,Sistema
2024-07-19T02:00:00,196.50059,Sistema
2024-07-19T03:00:00,197.95292,Sistema
2024-07-19T04:00:00,200.55609,Sistema
2024-07-19T05:00:00,197.45064,Sistema
2024-07-19T06:00:00,192.73394,Sistema
2024-07-19T07:00:00,195.21012,Sistema
2024-07-19T08:00:00,198.59881,Sistema
2024-07-19T09:00:00,189.12432,Sistema
2024-07-19T10:00:00,184.95172,Sistema
2024-07-19T11:00:00,157.80224,Sistema
2024-07-19T12:00:00,163.86164,Sistema
2024-07-19T13:00:00,168.00755,Sistema
2024-07-19T14:00:00,163.49308,Sistema
2024-07-19T15:00:00,150.61168,Sistema
2024-07-19T16:00:00,148.66615,Sistema
2024-07-19T17:00:00,152.71244,Sistema
2024-07-19T18:00:00,161.20354,Sistema
2024-07-19T19:00:00,157.37714,Sistema
2024-07-19T20:00:00,155.57367,Sistema
2024-07-19T21:00:00,152.96411,Sistema
2024-07-19T22:00:00,160.85934,Sistema
2024-07-19T23:00:00,170.31465,Sistema
2024-07-19T24:00:00,173.12117,Sistema
2024-07-20T01:00:00,168.51748,Sistema
2024-07-20T02:00:00,157.22384,Sistema
2024-07-20T03:00:00,163.29417,Sistema
2024-07-20T04:00:00,165.18143,Sistema
2024-07-20T05:00:00,167.36573,Sistema
2024-07-20T06:00:00,169.89476,Sistema
2024-07-20T07:00:00,182.35004,Sistema
2024-07-20T08:00:00,182.17215,Sistema
2024-07-20T09:00:00,176.94592,Sistema
2024-07-20T10:00:00,169.12284,Sistema
2024-07-20T11:00:00,150.90117,Sistema
2024-07-20T12:00:00,159.5631,Sistema
2024-07-20T13:00:00,159.47483,Sistema
2024-07-20T14:00:00,157.48365,Sistema
2024-07-20T15:00:00,152.93832,Sistema
2024-07-20T16:00:00,147.98095,Sistema
2024-07-20T17:00:00,146.98354,Sistema
2024-07-20T18:00:00,145.74942,Sistema
2024-07-20T19:00:00,136.91512,Sistema
2024-07-20T20:00:00,135.88917,Sistema
2024-07-20T21:00:00,138.57374,Sistema
2024-07-20T22:00:00,138.15125,Sistema
2024-07-20T23:00:00,146.84678,Sistema
2024-07-20T24:00:00,156.45644,Sistema
2024-07-21T01:00:00,159.28316,Sistema
2024-07-21T02:00:00,161.936,Sistema
2024-07-21T03:00:00,155.28299,Sistema
2024-07-21T04:00:00,158.55773,Sistema
2024-07-21T05:00:00,156.98519,Sistema
2024-07-21T06:00:00,161.48629,Sistema
2024-07-21T07:00:00,169.20304,Sistema
2024-07-21T08:00:00,163.08164,Sistema
2024-07-21T09:00:00,157.48601,Sistema
2024-07-21T10:00:00,151.01875,Sistema
2024-07-21T11:00:00,143.92608,Sistema
2024-07-21T12:00:00,144.54354,Sistema
2024-07-21T13:00:00,142.11711,Sistema
2024-07-21T14:00:00,147.95283,Sistema
2024-07-21T15:00:00,148.51607,Sistema
2024-07-21T16:00:00,151.88858,Sistema
2024-07-21T17:00:00,157.45751,Sistema
2024-07-21T18:00:00,162.99119,Sistema
2024-07-21T19:00:00,160.78812,Sistema
2024-07-21T20:00:00,151.46262,Sistema
2024-07-21T21:00:00,142.53747,Sistema
2024-07-21T22:00:00,142.58398,Sistema
2024-07-21T23:00:00,149.78695,Sistema
2024-07-21T24:00:00,153.79077,Sistema
2024-07-22T01:00:00,161.2624,Sistema
2024-07-22T02:00:00,169.04484,Sistema
2024-07-22T03:00:00,175.31855,Sistema
2024-07-22T04:00:00,176.98852,Sistema
2024-07-22T05:00:00,176.08772,Sistema
2024-07-22T06:00:00,173.45555,Sistema
2024-07-22T07:00:00,173.06897,Sistema
2024-07-22T08:00:00,174.34756,Sistema
2024-07-22T09:00:00,177.46974,Sistema
2024-07-22T10:00:00,174.44858,Sistema
2024-07-22T11:00:00,158.52704,Sistema
2024-07-22T12:00:00,155.0209,Sistema
2024-07-22T13:00:00,156.80862,Sistema
2024-07-22T14:00:00,155.10136,Sistema
2024-07-22T15:00:00,148.58468,Sistema
2024-07-22T16:00:00,151.60812,Sistema
2024-07-22T17:00:00,153.77647,Sistema
2024-07-22T18:00:00,151.9289,Sistema
2024-07-22T19:00:00,145.16726,Sistema
2024-07-22T20:00:00,139.47996,Sistema
2024-07-22T21:00:00,144.19543,Sistema
2024-07-22T22:00:00,155.72632,Sistema
2024-07-22T23:00:00,166.60989,Sistema
2024-07-22T24:00:00,174.17354,Sistema
2024-07-23T01:00:00,180.11958,Sistema
2024-07-23T02:00:00,185.59357,Sistema
2024-07-23T03:00:00,188.0043,Sistema
2024-07-23T04:00:00,190.60132,Sistema
2024-07-23T05:00:00,188.29917,Sistema
2024-07-23T06:00:00,185.77437,Sistema
2024-07-23T07:00:00,188.62011,Sistema
2024-07-23T08:00:00,181.89117,Sistema
2024-07-23T09:00:00,173.06733,Sistema
2024-07-23T10:00:00,167.42098,Sistema
2024-07-23T11:00:00,161.50526,Sistema
2024-07-23T12:00:00,158.31078,Sistema
2024-07-23T13:00:00,160.89035,Sistema
2024-07-23T14:00:00,152.69659,Sistema
2024-07-23T15:00:00,144.69742,Sistema
2024-07-23T16:00:00,142.91364,Sistema
2024-07-23T17:00:00,144.11372,Sistema
2024-07-23T18:00:00,142.63748,Sistema
2024-07-23T19:00:00,141.53865,Sistema
2024-07-23T20:00:00,144.98359,Sistema
2024-07-23T21:00:00,152.86804,Sistema
2024-07-23T22:00:00,163.69093,Sistema
2024-07-23T23:00:00,179.11669,Sistema
2024-07-23T24:00:00,185.61884,Sistema
2024-07-24T01:00:00,183.17542,Sistema
2024-07-24T02:00:00,172.29234,Sistema
2024-07-24T03:00:00,168.77192,Sistema
2024-07-24T04:00:00,164.6497,Sistema
2024-07-24T05:00:00,163.0773,Sistema
2024-07-24T06:00:00,162.06313,Sistema
2024-07-24T07:00:00,161.65472,Sistema
2024-07-24T08:00:00,149.33261,Sistema
2024-07-24T09:00:00,143.59818,Sistema
2024-07-24T10:00:00,140.05779,Sistema
2024-07-24T11:00:00,132.31146,Sistema
2024-07-24T12:00:00,134.66118,Sistema
2024-07-24T13:00:00,136.51908,Sistema
2024-07-24T14:00:00,133.36072,Sistema
2024-07-24T15:00:00,134.94631,Sistema
2024-07-24T16:00:00,141.24429,Sistema
2024-07-24T17:00:00,141.72112,Sistema
2024-07-24T18:00:00,149.65345,Sistema
2024-07-24T19:00:00,147.51291,Sistema
2024-07-24T20:00:00,143.48116,Sistema
2024-07-24T21:00:00,145.69997,Sistema
2024-07-24T22:00:00,151.91651,Sistema
2024-07-24T23:00:00,162.03637,Sistema
2024-07-24T24:00:00,167.92139,Sistema
2024-07-25T01:00:00,169.3526,Sistema
2024-07-25T02:00:00,163.75375,Sistema
2024-07-25T03:00:00,169.83296,Sistema
2024-07-25T04:00:00,171.92252,Sistema
2024-07-25T05:00:00,165.74426,Sistema
2024-07-25T06:00:00,163.14459,Sistema
2024-07-25T07:00:00,164.91888,Sistema
2024-07-25T08:00:00,170.61572,Sistema
2024-07-25T09:00:00,173.29956,Sistema
2024-07-25T10:00:00,178.13992,Sistema
2024-07-25T11:00:00,167.29207,Sistema
2024-07-25T12:00:00,161.15497,Sistema
2024-07-25T13:00:00,169.97626,Sistema
2024-07-25T14:00:00,176.01481,Sistema
2024-07-25T15:00:00,170.5063,Sistema
2024-07-25T16:00:00,156.16863,Sistema
2024-07-25T17:00:00,150.01383,Sistema
2024-07-25T18:00:00,149.57481,Sistema
2024-07-25T19:00:00,145.66465,Sistema
2024-07-25T20:00:00,140.5567,Sistema
2024-07-25T21:00:00,143.31345,Sistema
2024-07-25T22:00:00,142.63495,Sistema
2024-07-25T23:00:00,152.40083,Sistema
2024-07-25T24:00:00,158.16436,Sistema
2024-07-26T01:00:00,164.26567,Sistema
2024-07-26T02:00:00,162.33759,Sistema
2024-07-26T03:00:00,163.00785,Sistema
2024-07-26T04:00:00,165.11693,Sistema
2024-07-26T05:00:00,161.04554,Sistema
2024-07-26T06:00:00,156.51957,Sistema
2024-07-26T07:00:00,151.21729,Sistema
2024-07-26T08:00:00,149.91153,Sistema
2024-07-26T09:00:00,146.41673,Sistema
2024-07-26T10:00:00,144.16964,Sistema
2024-07-26T11:00:00,142.23884,Sistema
2024-07-26T12:00:00,139.94226,Sistema
2024-07-26T13:00:00,138.9497,Sistema
2024-07-26T14:00:00,138.76728,Sistema
2024-07-26T15:00:00,147.14368,Sistema
2024-07-26T16:00:00,151.78664,Sistema
2024-07-26T17:00:00,153.32019,Sistema
2024-07-26T18:00:00,157.9417,Sistema
2024-07-26T19:00:00,151.72137,Sistema
2024-07-26T20:00:00,145.94312,Sistema
2024-07-26T21:00:00,147.5588,Sistema
2024-07-26T22:00:00,150.15289,Sistema
2024-07-26T23:00:00,153.16617,Sistema
2024-07-26T24:00:00,157.81529,Sistema
2024-07-27T01:00:00,167.7588,Sistema
2024-07-27T02:00:00,167.97966,Sistema
2024-07-27T03:00:00,166.14786,Sistema
2024-07-27T04:00:00,167.60722,Sistema
2024-07-27T05:00:00,168.15347,Sistema
2024-07-27T06:00:00,164.50768,Sistema
2024-07-27T07:00:00,153.7372,Sistema
2024-07-27T08:00:00,146.96661,Sistema
2024-07-27T09:00:00,152.07817,Sistema
2024-07-27T10:00:00,149.00624,Sistema
2024-07-27T11:00:00,147.78011,Sistema
2024-07-27T12:00:00,146.49584,Sistema
2024-07-27T13:00:00,143.50422,Sistema
2024-07-27T14:00:00,147.82753,Sistema
2024-07-27T15:00:00,153.8313,Sistema
2024-07-27T16:00:00,159.74569,Sistema
2024-07-27T17:00:00,156.2774,Sistema
2024-07-27T18:00:00,155.77344,Sistema
2024-07-27T19:00:00,151.5034,Sistema
2024-07-27T20:00:00,144.26879,Sistema
2024-07-27T21:00:00,143.74142,Sistema
2024-07-27T22:00:00,141.12536,Sistema
2024-07-27T23:00:00,146.80611,Sistema
2024-07-27T24:00:00,152.49132,Sistema
2024-07-28T01:00:00,151.508,Sistema
2024-07-28T02:00:00,144.40739,Sistema
2024-07-28T03:00:00,136.59251,Sistema
2024-07-28T04:00:00,126.98175,Sistema
2024-07-28T05:00:00,120.77409,Sistema
2024-07-28T06:00:00,115.59022,Sistema
2024-07-28T07:00:00,115.79496,Sistema
2024-07-28T08:00:00,115.37704,Sistema
2024-07-28T09:00:00,111.46732,Sistema
2024-07-28T10:00:00,126.17403,Sistema
2024-07-28T11:00:00,124.34539,Sistema
2024-07-28T12:00:00,123.64727,Sistema
2024-07-28T13:00:00,124.18056,Sistema
2024-07-28T14:00:00,125.68924,Sistema
2024-07-28T15:00:00,132.95556,Sistema
2024-07-28T16:00:00,131.78808,Sistema
2024-07-28T17:00:00,133.7188,Sistema
2024-07-28T18:00:00,136.49255,Sistema
2024-07-28T19:00:00,136.63655,Sistema
2024-07-28T20:00:00,124.72625,Sistema
2024-07-28T21:00:00,115.47601,Sistema
2024-07-28T22:00:00,118.43275,Sistema
2024-07-28T23:00:00,124.18403,Sistema
2024-07-28T24:00:00,135.32271,Sistema
2024-07-29T01:00:00,117.63872,Sistema
2024-07-29T02:00:00,117.29838,Sistema
2024-07-29T03:00:00,115.09055,Sistema
2024-07-29T04:00:00,119.00504,Sistema
2024-07-29T05:00:00,119.20011,Sistema
2024-07-29T06:00:00,126.29585,Sistema
2024-07-29T07:00:00,127.36621,Sistema
2024-07-29T08:00:00,129.1868,Sistema
2024-07-29T09:00:00,126.42679,Sistema
2024-07-29T10:00:00,128.11488,Sistema
2024-07-29T11:00:00,129.69598,Sistema
2024-07-29T12:00:00,122.72408,Sistema
2024-07-29T13:00:00,138.22826,Sistema
2024-07-29T14:00:00,143.19484,Sistema
2024-07-29T15:00:00,150.08497,Sistema
2024-07-29T16:00:00,152.86331,Sistema
2024-07-29T17:00:00,145.63551,Sistema
2024-07-29T18:00:00,149.76467,Sistema
2024-07-29T19:00:00,148.87246,Sistema
2024-07-29T20:00:00,141.70681,Sistema
2024-07-29T21:00:00,143.66735,Sistema
2024-07-29T22:00:00,144.82932,Sistema
2024-07-29T23:00:00,149.5851,Sistema
2024-07-29T24:00:00,156.96127,Sistema
2024-07-30T01:00:00,170.27615,Sistema
2024-07-30T02:00:00,162.79739,Sistema
2024-07-30T03:00:00,172.91363,Sistema
2024-07-30T04:00:00,167.7834,Sistema
2024-07-30T05:00:00,165.17434,Sistema
2024-07-30T06:00:00,160.75918,Sistema
2024-07-30T07:00:00,163.89905,Sistema
2024-07-30T08:00:00,164.95254,Sistema
2024-07-30T09:00:00,157.21125,Sistema
2024-07-30T10:00:00,151.73351,Sistema
2024-07-30T11:00:00,148.10142,Sistema
2024-07-30T12:00:00,145.16982,Sistema
2024-07-30T13:00:00,146.10573,Sistema
2024-07-30T14:00:00,146.73228,Sistema
2024-07-30T15:00:00,151.23573,Sistema
2024-07-30T16:00:00,146.3868,Sistema
2024-07-30T17:00:00,151.0398,Sistema
2024-07-30T18:00:00,159.2155,Sistema
2024-07-30T19:00:00,155.2915,Sistema
2024-07-30T20:00:00,156.40812,Sistema
2024-07-30T21:00:00,157.28063,Sistema
2024-07-30T22:00:00,153.31477,Sistema
2024-07-30T23:00:00,161.30624,Sistema
2024-07-30T24:00:00,168.99715,Sistema
2024-07-31T01:00:00,190.97925,Sistema
2024-07-31T02:00:00,185.38485,Sistema
2024-07-31T03:00:00,185.00637,Sistema
2024-07-31T04:00:00,188.12293,Sistema
2024-07-31T05:00:00,184.50496,Sistema
2024-07-31T06:00:00,172.6441,Sistema
2024-07-31T07:00:00,172.65551,Sistema
2024-07-31T08:00:00,158.81431,Sistema
2024-07-31T09:00:00,150.8991,Sistema
2024-07-31T10:00:00,146.71314,Sistema
2024-07-31T11:00:00,144.1642,Sistema
2024-07-31T12:00:00,142.11337,Sistema
2024-07-31T13:00:00,142.90183,Sistema
2024-07-31T14:00:00,139.8455,Sistema
2024-07-31T15:00:00,135.01438,Sistema
2024-07-31T16:00:00,132.74616,Sistema
2024-07-31T17:00:00,140.61344,Sistema
2024-07-31T18:00:00,149.3562,Sistema
2024-07-31T19:00:00,153.48887,Sistema
2024-07-31T20:00:00,149.69949,Sistema
2024-07-31T21:00:00,153.25187,Sistema
2024-07-31T22:00:00,152.63865,Sistema
2024-07-31T23:00:00,159.60263,Sistema
2024-07-31T24:00:00,167.91014,Sistema
2024-08-01T01:00:00,167.93175,Sistema
2024-08-01T02:00:00,162.34633,Sistema
2024-08-01T03:00:00,160.97258,Sistema
2024-08-01T04:00:00,160.3742,Sistema
2024-08-01T05:00:00,158.10322,Sistema
2024-08-01T06:00:00,152.75169,Sistema
2024-08-01T07:00:00,149.69417,Sistema
2024-08-01T08:00:00,139.32555,Sistema
2024-08-01T09:00:00,133.49379,Sistema
2024-08-01T10:00:00,128.21903,Sistema
2024-08-01T11:00:00,124.61226,Sistema
2024-08-01T12:00:00,120.20052,Sistema
2024-08-01T13:00:00,127.14799,Sistema
2024-08-01T14:00:00,128.82956,Sistema
2024-08-01T15:00:00,130.74703,Sistema
2024-08-01T16:00:00,132.58278,Sistema
2024-08-01T17:00:00,139.18348,Sistema
2024-08-01T18:00:00,141.0731,Sistema
2024-08-01T19:00:00,137.75312,Sistema
2024-08-01T20:00:00,135.97632,Sistema
2024-08-01T21:00:00,138.01807,Sistema
2024-08-01T22:00:00,143.5749,Sistema
2024-08-01T23:00:00,149.00355,Sistema
2024-08-01T24:00:00,157.91654,Sistema
2024-08-02T01:00:00,169.40419,Sistema
2024-08-02T02:00:00,161.93835,Sistema
2024-08-02T03:00:00,160.11526,Sistema
2024-08-02T04:00:00,160.90882,Sistema
2024-08-02T05:00:00,162.03313,Sistema
2024-08-02T06:00:00,155.41665,Sistema
2024-08-02T07:00:00,149.45323,Sistema
2024-08-02T08:00:00,142.56659,Sistema
2024-08-02T09:00:00,135.84504,Sistema
2024-08-02T10:00:00,125.88305,Sistema
2024-08-02T11:00:00,125.31031,Sistema
2024-08-02T12:00:00,125.37367,Sistema
2024-08-02T13:00:00,130.43199,Sistema
2024-08-02T14:00:00,132.30862,Sistema
2024-08-02T15:00:00,133.59327,Sistema
2024-08-02T16:00:00,134.88201,Sistema
2024-08-02T17:00:00,137.75753,Sistema
2024-08-02T18:00:00,144.8521,Sistema
2024-08-02T19:00:00,144.44663,Sistema
2024-08-02T20:00:00,140.26571,Sistema
2024-08-02T21:00:00,141.29372,Sistema
2024-08-02T22:00:00,144.5093,Sistema
2024-08-02T23:00:00,148.23144,Sistema
2024-08-02T24:00:00,153.28494,Sistema
2024-08-03T01:00:00,158.32512,Sistema
2024-08-03T02:00:00,158.34222,Sistema
2024-08-03T03:00:00,160.08234,Sistema
2024-08-03T04:00:00,161.56281,Sistema
2024-08-03T05:00:00,161.42985,Sistema
2024-08-03T06:00:00,161.77448,Sistema
2024-08-03T07:00:00,160.78607,Sistema
2024-08-03T08:00:00,151.72685,Sistema
2024-08-03T09:00:00,142.60309,Sistema
2024-08-03T10:00:00,137.32891,Sistema
2024-08-03T11:00:00,134.78863,Sistema
2024-08-03T12:00:00,132.53835,Sistema
2024-08-03T13:00:00,144.90495,Sistema
2024-08-03T14:00:00,148.01992,Sistema
2024-08-03T15:00:00,150.48395,Sistema
2024-08-03T16:00:00,152.01168,Sistema
2024-08-03T17:00:00,145.10252,Sistema
2024-08-03T18:00:00,147.13701,Sistema
2024-08-03T19:00:00,143.69941,Sistema
2024-08-03T20:00:00,138.84758,Sistema
2024-08-03T21:00:00,141.66047,Sistema
2024-08-03T22:00:00,146.84154,Sistema
2024-08-03T23:00:00,153.93205,Sistema
2024-08-03T24:00:00,161.73795,Sistema
2024-08-04T01:00:00,169.94264,Sistema
2024-08-04T02:00:00,177.35601,Sistema
2024-08-04T03:00:00,180.37474,Sistema
2024-08-04T04:00:00,180.77944,Sistema
2024-08-04T05:00:00,183.65117,Sistema
2024-08-04T06:00:00,177.77816,Sistema
2024-08-04T07:00:00,185.4408,Sistema
2024-08-04T08:00:00,178.17309,Sistema
2024-08-04T09:00:00,171.23972,Sistema
2024-08-04T10:00:00,165.08342,Sistema
2024-08-04T11:00:00,161.15913,Sistema
2024-08-04T12:00:00,158.74734,Sistema
2024-08-04T13:00:00,153.35875,Sistema
2024-08-04T14:00:00,151.25643,Sistema
2024-08-04T15:00:00,154.78635,Sistema
2024-08-04T16:00:00,156.39824,Sistema
2024-08-04T17:00:00,165.04998,Sistema
2024-08-04T18:00:00,166.32201,Sistema
2024-08-04T19:00:00,160.27177,Sistema
2024-08-04T20:00:00,153.90366,Sistema
2024-08-04T21:00:00,153.6633,Sistema
2024-08-04T22:00:00,157.18768,Sistema
2024-08-04T23:00:00,163.9873,Sistema
2024-08-04T24:00:00,172.96302,Sistema
2024-08-05T01:00:00,179.39601,Sistema
2024-08-05T02:00:00,185.91096,Sistema
2024-08-05T03:00:00,182.84468,Sistema
2024-08-05T04:00:00,178.7591,Sistema
2024-08-05T05:00:00,176.36323,Sistema
2024-08-05T06:00:00,168.37756,Sistema
2024-08-05T07:00:00,165.1463,Sistema
2024-08-05T08:00:00,156.84468,Sistema
2024-08-05T09:00:00,148.28327,Sistema
2024-08-05T10:00:00,143.86079,Sistema
2024-08-05T11:00:00,139.15942,Sistema
2024-08-05T12:00:00,136.06663,Sistema
2024-08-05T13:00:00,138.65047,Sistema
2024-08-05T14:00:00,135.2762,Sistema
2024-08-05T15:00:00,132.72003,Sistema
2024-08-05T16:00:00,144.94346,Sistema
2024-08-05T17:00:00,152.98513,Sistema
2024-08-05T18:00:00,156.75891,Sistema
2024-08-05T19:00:00,162.39846,Sistema
2024-08-05T20:00:00,158.13222,Sistema
2024-08-05T21:00:00,163.63077,Sistema
2024-08-05T22:00:00,156.76049,Sistema
2024-08-05T23:00:00,163.73396,Sistema
2024-08-05T24:00:00,170.50502,Sistema
2024-08-06T01:00:00,178.25741,Sistema
2024-08-06T02:00:00,173.95542,Sistema
2024-08-06T03:00:00,177.44937,Sistema
2024-08-06T04:00:00,179.99055,Sistema
2024-08-06T05:00:00,174.86908,Sistema
2024-08-06T06:00:00,165.62972,Sistema
2024-08-06T07:00:00,158.38732,Sistema
2024-08-06T08:00:00,147.40947,Sistema
2024-08-06T09:00:00,141.64186,Sistema
2024-08-06T10:00:00,138.94537,Sistema
2024-08-06T11:00:00,139.34195,Sistema
2024-08-06T12:00:00,139.98976,Sistema
2024-08-06T13:00:00,138.9349,Sistema
2024-08-06T14:00:00,139.73085,Sistema
2024-08-06T15:00:00,138.19929,Sistema
2024-08-06T16:00:00,139.9321,Sistema
2024-08-06T17:00:00,141.73302,Sistema
2024-08-06T18:00:00,148.20088,Sistema
2024-08-06T19:00:00,149.32551,Sistema
2024-08-06T20:00:00,139.98909,Sistema
2024-08-06T21:00:00,140.97273,Sistema
2024-08-06T22:00:00,150.44189,Sistema
2024-08-06T23:00:00,159.28685,Sistema
2024-08-06T24:00:00,167.89641,Sistema
2024-08-07T01:00:00,161.81036,Sistema
2024-08-07T02:00:00,159.99819,Sistema
2024-08-07T03:00:00,165.15027,Sistema
2024-08-07T04:00:00,170.37107,Sistema
2024-08-07T05:00:00,171.08856,Sistema
2024-08-07T06:00:00,154.76924,Sistema
2024-08-07T07:00:00,147.42496,Sistema
2024-08-07T08:00:00,139.71284,Sistema
2024-08-07T09:00:00,128.50557,Sistema
2024-08-07T10:00:00,124.39587,Sistema
2024-08-07T11:00:00,110.6555,Sistema
2024-08-07T12:00:00,92.74177,Sistema
2024-08-07T13:00:00,93.22333,Sistema
2024-08-07T14:00:00,92.29692,Sistema
2024-08-07T15:00:00,97.6135,Sistema
2024-08-07T16:00:00,98.635,Sistema
2024-08-07T17:00:00,104.70223,Sistema
2024-08-07T18:00:00,104.62184,Sistema
2024-08-07T19:00:00,106.19206,Sistema
2024-08-07T20:00:00,106.17926,Sistema
2024-08-07T21:00:00,112.85729,Sistema
2024-08-07T22:00:00,117.54201,Sistema
2024-08-07T23:00:00,122.78306,Sistema
2024-08-07T24:00:00,128.5335,Sistema
2024-08-08T01:00:00,137.70218,Sistema
2024-08-08T02:00:00,139.64303,Sistema
2024-08-08T03:00:00,144.07286,Sistema
2024-08-08T04:00:00,143.51404,Sistema
2024-08-08T05:00:00,142.51664,Sistema
2024-08-08T06:00:00,135.14018,Sistema
2024-08-08T07:00:00,128.0559,Sistema
2024-08-08T08:00:00,117.73585,Sistema
2024-08-08T09:00:00,113.11127,Sistema
2024-08-08T10:00:00,110.10165,Sistema
2024-08-08T11:00:00,108.09613,Sistema
2024-08-08T12:00:00,105.50522,Sistema
2024-08-08T13:00:00,109.20924,Sistema
2024-08-08T14:00:00,107.77699,Sistema
2024-08-08T15:00:00,111.21843,Sistema
2024-08-08T16:00:00,115.29451,Sistema
2024-08-08T17:00:00,118.0168,Sistema
2024-08-08T18:00:00,117.46145,Sistema
2024-08-08T19:00:00,123.04014,Sistema
2024-08-08T20:00:00,121.34798,Sistema
2024-08-08T21:00:00,120.9716,Sistema
2024-08-08T22:00:00,122.88249,Sistema
2024-08-08T23:00:00,129.68257,Sistema
2024-08-08T24:00:00,135.47103,Sistema
2024-08-09T01:00:00,141.52089,Sistema
2024-08-09T02:00:00,146.02248,Sistema
2024-08-09T03:00:00,149.30498,Sistema
2024-08-09T04:00:00,145.59503,Sistema
2024-08-09T05:00:00,139.0879,Sistema
2024-08-09T06:00:00,139.48479,Sistema
2024-08-09T07:00:00,137.10308,Sistema
2024-08-09T08:00:00,121.12663,Sistema
2024-08-09T09:00:00,115.34203,Sistema
2024-08-09T10:00:00,116.93475,Sistema
2024-08-09T11:00:00,118.97331,Sistema
2024-08-09T12:00:00,117.24484,Sistema
2024-08-09T13:00:00,122.28131,Sistema
2024-08-09T14:00:00,121.42583,Sistema
2024-08-09T15:00:00,120.17152,Sistema
2024-08-09T16:00:00,122.21432,Sistema
2024-08-09T17:00:00,124.58074,Sistema
2024-08-09T18:00:00,128.75957,Sistema
2024-08-09T19:00:00,129.84213,Sistema
2024-08-09T20:00:00,129.06009,Sistema
2024-08-09T21:00:00,134.97556,Sistema
2024-08-09T22:00:00,136.98044,Sistema
2024-08-09T23:00:00,142.81872,Sistema
2024-08-09T24:00:00,151.74378,Sistema
2024-08-10T01:00:00,162.41224,Sistema
2024-08-10T02:00:00,167.85954,Sistema
2024-08-10T03:00:00,170.29824,Sistema
2024-08-10T04:00:00,169.43573,Sistema
2024-08-10T05:00:00,168.14327,Sistema
2024-08-10T06:00:00,168.85536,Sistema
2024-08-10T07:00:00,159.44045,Sistema
2024-08-10T08:00:00,147.94514,Sistema
2024-08-10T09:00:00,137.15666,Sistema
2024-08-10T10:00:00,126.32119,Sistema
2024-08-10T11:00:00,124.11928,Sistema
2024-08-10T12:00:00,121.40893,Sistema
2024-08-10T13:00:00,120.57612,Sistema
2024-08-10T14:00:00,121.62451,Sistema
2024-08-10T15:00:00,122.80277,Sistema
2024-08-10T16:00:00,121.92743,Sistema
2024-08-10T17:00:00,118.72338,Sistema
2024-08-10T18:00:00,114.16846,Sistema
2024-08-10T19:00:00,110.22111,Sistema
2024-08-10T20:00:00,112.2477,Sistema
2024-08-10T21:00:00,118.24223,Sistema
2024-08-10T22:00:00,128.19402,Sistema
2024-08-10T23:00:00,141.4897,Sistema
2024-08-10T24:00:00,149.62296,Sistema
2024-08-11T01:00:00,162.66502,Sistema
2024-08-11T02:00:00,163.91404,Sistema
2024-08-11T03:00:00,164.0312,Sistema
2024-08-11T04:00:00,156.78608,Sistema
2024-08-11T05:00:00,135.87569,Sistema
2024-08-11T06:00:00,130.52675,Sistema
2024-08-11T07:00:00,128.24369,Sistema
2024-08-11T08:00:00,112.10293,Sistema
2024-08-11T09:00:00,103.47357,Sistema
2024-08-11T10:00:00,113.62095,Sistema
2024-08-11T11:00:00,118.73456,Sistema
2024-08-11T12:00:00,116.71477,Sistema
2024-08-11T13:00:00,116.93562,Sistema
2024-08-11T14:00:00,119.80309,Sistema
2024-08-11T15:00:00,128.0359,Sistema
2024-08-11T16:00:00,131.42138,Sistema
2024-08-11T17:00:00,135.30871,Sistema
2024-08-11T18:00:00,141.90207,Sistema
2024-08-11T19:00:00,131.84511,Sistema
2024-08-11T20:00:00,128.1333,Sistema
2024-08-11T21:00:00,137.36944,Sistema
2024-08-11T22:00:00,135.82639,Sistema
2024-08-11T23:00:00,143.47592,Sistema
2024-08-11T24:00:00,150.49817,Sistema
2024-08-12T01:00:00,160.69179,Sistema
2024-08-12T02:00:00,164.45522,Sistema
2024-08-12T03:00:00,164.55045,Sistema
2024-08-12T04:00:00,162.38149,Sistema
2024-08-12T05:00:00,156.6221,Sistema
2024-08-12T06:00:00,148.96538,Sistema
2024-08-12T07:00:00,142.80411,Sistema
2024-08-12T08:00:00,128.05937,Sistema
2024-08-12T09:00:00,120.89609,Sistema
2024-08-12T10:00:00,116.11358,Sistema
2024-08-12T11:00:00,111.74104,Sistema
2024-08-12T12:00:00,108.38487,Sistema
2024-08-12T13:00:00,111.25378,Sistema
2024-08-12T14:00:00,106.65882,Sistema
2024-08-12T15:00:00,103.40449,Sistema
2024-08-12T16:00:00,107.08279,Sistema
2024-08-12T17:00:00,107.93319,Sistema
2024-08-12T18:00:00,112.43485,Sistema
2024-08-12T19:00:00,117.58229,Sistema
2024-08-12T20:00:00,114.09237,Sistema
2024-08-12T21:00:00,112.78664,Sistema
2024-08-12T22:00:00,118.57677,Sistema
2024-08-12T23:00:00,128.6555,Sistema
2024-08-12T24:00:00,139.8053,Sistema
2024-08-13T01:00:00,145.15763,Sistema
2024-08-13T02:00:00,150.04608,Sistema
2024-08-13T03:00:00,152.41207,Sistema
2024-08-13T04:00:00,155.40531,Sistema
2024-08-13T05:00:00,155.94827,Sistema
2024-08-13T06:00:00,149.87229,Sistema
2024-08-13T07:00:00,151.03663,Sistema
2024-08-13T08:00:00,145.49093,Sistema
2024-08-13T09:00:00,143.90753,Sistema
2024-08-13T10:00:00,138.30643,Sistema
2024-08-13T11:00:00,131.09995,Sistema
2024-08-13T12:00:00,128.3766,Sistema
2024-08-13T13:00:00,129.08133,Sistema
2024-08-13T14:00:00,121.31793,Sistema
2024-08-13T15:00:00,119.39892,Sistema
2024-08-13T16:00:00,120.31632,Sistema
2024-08-13T17:00:00,121.20663,Sistema
2024-08-13T18:00:00,127.01479,Sistema
2024-08-13T19:00:00,130.71682,Sistema
2024-08-13T20:00:00,126.83256,Sistema
2024-08-13T21:00:00,130.21926,Sistema
2024-08-13T22:00:00,131.85834,Sistema
2024-08-13T23:00:00,137.22624,Sistema
2024-08-13T24:00:00,147.09026,Sistema
2024-08-14T01:00:00,159.31149,Sistema
2024-08-14T02:00:00,175.51121,Sistema
2024-08-14T03:00:00,180.66582,Sistema
2024-08-14T04:00:00,176.70628,Sistema
2024-08-14T05:00:00,178.2937,Sistema
2024-08-14T06:00:00,168.95923,Sistema
2024-08-14T07:00:00,161.68765,Sistema
2024-08-14T08:00:00,153.66934,Sistema
2024-08-14T09:00:00,145.41278,Sistema
2024-08-14T10:00:00,141.58188,Sistema
2024-08-14T11:00:00,136.63196,Sistema
2024-08-14T12:00:00,133.09375,Sistema
2024-08-14T13:00:00,133.17848,Sistema
2024-08-14T14:00:00,131.93897,Sistema
2024-08-14T15:00:00,128.6753,Sistema
2024-08-14T16:00:00,129.63585,Sistema
2024-08-14T17:00:00,136.61678,Sistema
2024-08-14T18:00:00,140.94902,Sistema
2024-08-14T19:00:00,138.9407,Sistema
2024-08-14T20:00:00,137.07483,Sistema
2024-08-14T21:00:00,139.85901,Sistema
2024-08-14T22:00:00,143.40191,Sistema
2024-08-14T23:00:00,152.26855,Sistema
2024-08-14T24:00:00,160.52363,Sistema
2024-08-15T01:00:00,161.66813,Sistema
2024-08-15T02:00:00,165.93805,Sistema
2024-08-15T03:00:00,169.74564,Sistema
2024-08-15T04:00:00,170.09507,Sistema
2024-08-15T05:00:00,168.86225,Sistema
2024-08-15T06:00:00,170.0326,Sistema
2024-08-15T07:00:00,167.53152,Sistema
2024-08-15T08:00:00,159.29924,Sistema
2024-08-15T09:00:00,156.12212,Sistema
2024-08-15T10:00:00,152.26706,Sistema
2024-08-15T11:00:00,147.23372,Sistema
2024-08-15T12:00:00,142.61595,Sistema
2024-08-15T13:00:00,144.07352,Sistema
2024-08-15T14:00:00,148.1096,Sistema
2024-08-15T15:00:00,147.56023,Sistema
2024-08-15T16:00:00,147.29324,Sistema
2024-08-15T17:00:00,151.05674,Sistema
2024-08-15T18:00:00,153.32597,Sistema
2024-08-15T19:00:00,148.60656,Sistema
2024-08-15T20:00:00,144.97804,Sistema
2024-08-15T21:00:00,146.66184,Sistema
2024-08-15T22:00:00,149.13723,Sistema
2024-08-15T23:00:00,157.91794,Sistema
2024-08-15T24:00:00,166.05903,Sistema
2024-08-16T01:00:00,173.13483,Sistema
2024-08-16T02:00:00,177.37126,Sistema
2024-08-16T03:00:00,176.19759,Sistema
2024-08-16T04:00:00,156.60925,Sistema
2024-08-16T05:00:00,154.94817,Sistema
2024-08-16T06:00:00,158.45902,Sistema
2024-08-16T07:00:00,164.22963,Sistema
2024-08-16T08:00:00,161.01549,Sistema
2024-08-16T09:00:00,157.49294,Sistema
2024-08-16T10:00:00,152.81994,Sistema
2024-08-16T11:00:00,148.26424,Sistema
2024-08-16T12:00:00,140.95397,Sistema
2024-08-16T13:00:00,141.44817,Sistema
2024-08-16T14:00:00,139.63512,Sistema
2024-08-16T15:00:00,136.04471,Sistema
2024-08-16T16:00:00,135.23148,Sistema
2024-08-16T17:00:00,140.28087,Sistema
2024-08-16T18:00:00,148.4779,Sistema
2024-08-16T19:00:00,150.2544,Sistema
2024-08-16T20:00:00,149.87965,Sistema
2024-08-16T21:00:00,143.52879,Sistema
2024-08-16T22:00:00,142.89789,Sistema
2024-08-16T23:00:00,150.33158,Sistema
2024-08-16T24:00:00,156.51182,Sistema
2024-08-17T01:00:00,160.58316,Sistema
2024-08-17T02:00:00,166.53961,Sistema
2024-08-17T03:00:00,156.02461,Sistema
2024-08-17T04:00:00,149.08139,Sistema
2024-08-17T05:00:00,150.00918,Sistema
2024-08-17T06:00:00,144.65508,Sistema
2024-08-17T07:00:00,145.44858,Sistema
2024-08-17T08:00:00,138.508,Sistema
2024-08-17T09:00:00,130.77713,Sistema
2024-08-17T10:00:00,127.43737,Sistema
2024-08-17T11:00:00,124.19504,Sistema
2024-08-17T12:00:00,124.79066,Sistema
2024-08-17T13:00:00,139.76463,Sistema
2024-08-17T14:00:00,143.94615,Sistema
2024-08-17T15:00:00,146.95868,Sistema
2024-08-17T16:00:00,149.81867,Sistema
2024-08-17T17:00:00,154.7633,Sistema
2024-08-17T18:00:00,162.44655,Sistema
2024-08-17T19:00:00,156.32849,Sistema
2024-08-17T20:00:00,153.92881,Sistema
2024-08-17T21:00:00,156.29325,Sistema
2024-08-17T22:00:00,162.03322,Sistema
2024-08-17T23:00:00,166.58156,Sistema
2024-08-17T24:00:00,154.03306,Sistema
2024-08-18T01:00:00,185.30958,Sistema
2024-08-18T02:00:00,193.64136,Sistema
2024-08-18T03:00:00,198.3407,Sistema
2024-08-18T04:00:00,201.10187,Sistema
2024-08-18T05:00:00,203.29793,Sistema
2024-08-18T06:00:00,203.99124,Sistema
2024-08-18T07:00:00,212.72618,Sistema
2024-08-18T08:00:00,205.74378,Sistema
2024-08-18T09:00:00,196.80385,Sistema
2024-08-18T10:00:00,188.55796,Sistema
2024-08-18T11:00:00,181.78567,Sistema
2024-08-18T12:00:00,177.32903,Sistema
2024-08-18T13:00:00,179.82028,Sistema
2024-08-18T14:00:00,180.7998,Sistema
2024-08-18T15:00:00,185.53804,Sistema
2024-08-18T16:00:00,190.97236,Sistema
2024-08-18T17:00:00,195.03499,Sistema
2024-08-18T18:00:00,204.99203,Sistema
2024-08-18T19:00:00,191.08331,Sistema
2024-08-18T20:00:00,185.41405,Sistema
2024-08-18T21:00:00,187.96019,Sistema
2024-08-18T22:00:00,189.51,Sistema
2024-08-18T23:00:00,197.18043,Sistema
2024-08-18T24:00:00,206.77515,Sistema
2024-08-19T01:00:00,223.85848,Sistema
2024-08-19T02:00:00,232.22346,Sistema
2024-08-19T03:00:00,235.7629,Sistema
2024-08-19T04:00:00,237.372,Sistema
2024-08-19T05:00:00,239.04855,Sistema
2024-08-19T06:00:00,241.68257,Sistema
2024-08-19T07:00:00,230.0119,Sistema
2024-08-19T08:00:00,220.86628,Sistema
2024-08-19T09:00:00,220.93402,Sistema
2024-08-19T10:00:00,213.41865,Sistema
2024-08-19T11:00:00,202.26279,Sistema
2024-08-19T12:00:00,203.03559,Sistema
2024-08-19T13:00:00,204.02144,Sistema
2024-08-19T14:00:00,207.61256,Sistema
2024-08-19T15:00:00,210.13373,Sistema
2024-08-19T16:00:00,211.93936,Sistema
2024-08-19T17:00:00,216.55873,Sistema
2024-08-19T18:00:00,220.52123,Sistema
2024-08-19T19:00:00,214.04326,Sistema
2024-08-19T20:00:00,200.88858,Sistema
2024-08-19T21:00:00,203.58411,Sistema
2024-08-19T22:00:00,213.13843,Sistema
2024-08-19T23:00:00,223.19768,Sistema
2024-08-19T24:00:00,235.44326,Sistema
2024-08-20T01:00:00,253.12841,Sistema
2024-08-20T02:00:00,256.58863,Sistema
2024-08-20T03:00:00,262.28265,Sistema
2024-08-20T04:00:00,267.86663,Sistema
2024-08-20T05:00:00,260.47076,Sistema
2024-08-20T06:00:00,249.12762,Sistema
2024-08-20T07:00:00,249.28475,Sistema
2024-08-20T08:00:00,233.97792,Sistema
2024-08-20T09:00:00,222.34291,Sistema
2024-08-20T10:00:00,209.35752,Sistema
2024-08-20T11:00:00,200.49308,Sistema
2024-08-20T12:00:00,199.5918,Sistema
2024-08-20T13:00:00,201.005,Sistema
2024-08-20T14:00:00,196.48783,Sistema
2024-08-20T15:00:00,193.888,Sistema
2024-08-20T16:00:00,199.64396,Sistema
2024-08-20T17:00:00,204.50723,Sistema
2024-08-20T18:00:00,216.59858,Sistema
2024-08-20T19:00:00,212.0228,Sistema
2024-08-20T20:00:00,207.32629,Sistema
2024-08-20T21:00:00,209.1931,Sistema
2024-08-20T22:00:00,217.92954,Sistema
2024-08-20T23:00:00,232.8645,Sistema
2024-08-20T24:00:00,241.86434,Sistema
2024-08-21T01:00:00,260.42042,Sistema
2024-08-21T02:00:00,261.32466,Sistema
2024-08-21T03:00:00,256.64803,Sistema
2024-08-21T04:00:00,254.51276,Sistema
2024-08-21T05:00:00,255.23164,Sistema
2024-08-21T06:00:00,255.39383,Sistema
2024-08-21T07:00:00,250.61618,Sistema
2024-08-21T08:00:00,241.56054,Sistema
2024-08-21T09:00:00,227.50793,Sistema
2024-08-21T10:00:00,223.463,Sistema
2024-08-21T11:00:00,215.57261,Sistema
2024-08-21T12:00:00,207.84768,Sistema
2024-08-21T13:00:00,208.01027,Sistema
2024-08-21T14:00:00,205.10416,Sistema
2024-08-21T15:00:00,202.09208,Sistema
2024-08-21T16:00:00,203.65174,Sistema
2024-08-21T17:00:00,207.55458,Sistema
2024-08-21T18:00:00,213.70726,Sistema
2024-08-21T19:00:00,206.19637,Sistema
2024-08-21T20:00:00,201.74082,Sistema
2024-08-21T21:00:00,204.43631,Sistema
2024-08-21T22:00:00,213.79933,Sistema
2024-08-21T23:00:00,227.88892,Sistema
2024-08-21T24:00:00,246.66445,Sistema
2024-08-22T01:00:00,266.00077,Sistema
2024-08-22T02:00:00,271.85039,Sistema
2024-08-22T03:00:00,278.91901,Sistema
2024-08-22T04:00:00,286.25115,Sistema
2024-08-22T05:00:00,281.86565,Sistema
2024-08-22T06:00:00,268.58346,Sistema
2024-08-22T07:00:00,270.85961,Sistema
2024-08-22T08:00:00,256.54414,Sistema
2024-08-22T09:00:00,240.50751,Sistema
2024-08-22T10:00:00,235.80294,Sistema
2024-08-22T11:00:00,226.66255,Sistema
2024-08-22T12:00:00,219.88549,Sistema
2024-08-22T13:00:00,220.68879,Sistema
2024-08-22T14:00:00,220.27658,Sistema
2024-08-22T15:00:00,216.75045,Sistema
2024-08-22T16:00:00,216.0839,Sistema
2024-08-22T17:00:00,221.6786,Sistema
2024-08-22T18:00:00,226.59306,Sistema
2024-08-22T19:00:00,218.42528,Sistema
2024-08-22T20:00:00,209.80629,Sistema
2024-08-22T21:00:00,211.72712,Sistema
2024-08-22T22:00:00,217.60206,Sistema
2024-08-22T23:00:00,231.63032,Sistema
2024-08-22T24:00:00,246.40578,Sistema
2024-08-23T01:00:00,265.67997,Sistema
2024-08-23T02:00:00,281.80795,Sistema
2024-08-23T03:00:00,282.69449,Sistema
2024-08-23T04:00:00,287.09814,Sistema
2024-08-23T05:00:00,286.96423,Sistema
2024-08-23T06:00:00,275.15959,Sistema
2024-08-23T07:00:00,271.3841,Sistema
2024-08-23T08:00:00,256.07157,Sistema
2024-08-23T09:00:00,246.69962,Sistema
2024-08-23T10:00:00,238.53142,Sistema
2024-08-23T11:00:00,219.91091,Sistema
2024-08-23T12:00:00,215.56953,Sistema
2024-08-23T13:00:00,217.02614,Sistema
2024-08-23T14:00:00,214.28227,Sistema
2024-08-23T15:00:00,208.75688,Sistema
2024-08-23T16:00:00,210.47072,Sistema
2024-08-23T17:00:00,218.45421,Sistema
2024-08-23T18:00:00,225.87522,Sistema
2024-08-23T19:00:00,217.98487,Sistema
2024-08-23T20:00:00,217.92168,Sistema
2024-08-23T21:00:00,221.94969,Sistema
2024-08-23T22:00:00,229.95764,Sistema
2024-08-23T23:00:00,239.79258,Sistema
2024-08-23T24:00:00,256.82218,Sistema
2024-08-24T01:00:00,274.14693,Sistema
2024-08-24T02:00:00,272.80768,Sistema
2024-08-24T03:00:00,276.01205,Sistema
2024-08-24T04:00:00,279.60781,Sistema
2024-08-24T05:00:00,278.92958,Sistema
2024-08-24T06:00:00,274.73659,Sistema
2024-08-24T07:00:00,271.72994,Sistema
2024-08-24T08:00:00,254.65275,Sistema
2024-08-24T09:00:00,236.0982,Sistema
2024-08-24T10:00:00,224.89509,Sistema
2024-08-24T11:00:00,220.41282,Sistema
2024-08-24T12:00:00,220.66229,Sistema
2024-08-24T13:00:00,223.76588,Sistema
2024-08-24T14:00:00,227.26638,Sistema
2024-08-24T15:00:00,228.42382,Sistema
2024-08-24T16:00:00,234.07982,Sistema
2024-08-24T17:00:00,239.84632,Sistema
2024-08-24T18:00:00,247.85056,Sistema
2024-08-24T19:00:00,237.95458,Sistema
2024-08-24T20:00:00,237.1514,Sistema
2024-08-24T21:00:00,242.81914,Sistema
2024-08-24T22:00:00,246.40783,Sistema
2024-08-24T23:00:00,250.64195,Sistema
2024-08-24T24:00:00,266.44626,Sistema
2024-08-25T01:00:00,277.84366,Sistema
2024-08-25T02:00:00,273.27891,Sistema
2024-08-25T03:00:00,277.89457,Sistema
2024-08-25T04:00:00,277.36399,Sistema
2024-08-25T05:00:00,262.84869,Sistema
2024-08-25T06:00:00,264.11659,Sistema
2024-08-25T07:00:00,273.40832,Sistema
2024-08-25T08:00:00,265.84815,Sistema
2024-08-25T09:00:00,245.87007,Sistema
2024-08-25T10:00:00,233.43562,Sistema
2024-08-25T11:00:00,234.48682,Sistema
2024-08-25T12:00:00,229.09707,Sistema
2024-08-25T13:00:00,225.73276,Sistema
2024-08-25T14:00:00,226.95454,Sistema
2024-08-25T15:00:00,234.41884,Sistema
2024-08-25T16:00:00,241.31956,Sistema
2024-08-25T17:00:00,244.99571,Sistema
2024-08-25T18:00:00,248.74597,Sistema
2024-08-25T19:00:00,223.29823,Sistema
2024-08-25T20:00:00,220.19214,Sistema
2024-08-25T21:00:00,222.79916,Sistema
2024-08-25T22:00:00,230.57529,Sistema
2024-08-25T23:00:00,242.75699,Sistema
2024-08-25T24:00:00,255.84914,Sistema
2024-08-26T01:00:00,236.22003,Sistema
2024-08-26T02:00:00,207.95472,Sistema
2024-08-26T03:00:00,208.90348,Sistema
2024-08-26T04:00:00,204.38481,Sistema
2024-08-26T05:00:00,203.98685,Sistema
2024-08-26T06:00:00,210.8654,Sistema
2024-08-26T07:00:00,198.268,Sistema
2024-08-26T08:00:00,191.96023,Sistema
2024-08-26T09:00:00,181.89227,Sistema
2024-08-26T10:00:00,181.59958,Sistema
2024-08-26T11:00:00,185.3752,Sistema
2024-08-26T12:00:00,183.4765,Sistema
2024-08-26T13:00:00,195.76162,Sistema
2024-08-26T14:00:00,192.09748,Sistema
2024-08-26T15:00:00,192.94699,Sistema
2024-08-26T16:00:00,190.48745,Sistema
2024-08-26T17:00:00,196.7405,Sistema
2024-08-26T18:00:00,203.51094,Sistema
2024-08-26T19:00:00,197.9155,Sistema
2024-08-26T20:00:00,195.61983,Sistema
2024-08-26T21:00:00,197.61152,Sistema
2024-08-26T22:00:00,205.33816,Sistema
2024-08-26T23:00:00,218.70667,Sistema
2024-08-26T24:00:00,229.85459,Sistema
2024-08-27T01:00:00,230.97255,Sistema
2024-08-27T02:00:00,231.3799,Sistema
2024-08-27T03:00:00,234.87468,Sistema
2024-08-27T04:00:00,233.87171,Sistema
2024-08-27T05:00:00,224.32683,Sistema
2024-08-27T06:00:00,206.87407,Sistema
2024-08-27T07:00:00,190.37189,Sistema
2024-08-27T08:00:00,179.22406,Sistema
2024-08-27T09:00:00,162.51195,Sistema
2024-08-27T10:00:00,156.00856,Sistema
2024-08-27T11:00:00,146.91341,Sistema
2024-08-27T12:00:00,144.92924,Sistema
2024-08-27T13:00:00,147.84356,Sistema
2024-08-27T14:00:00,152.15724,Sistema
2024-08-27T15:00:00,155.91445,Sistema
2024-08-27T16:00:00,153.25418,Sistema
2024-08-27T17:00:00,162.1578,Sistema
2024-08-27T18:00:00,179.03363,Sistema
2024-08-27T19:00:00,168.27001,Sistema
2024-08-27T20:00:00,163.10514,Sistema
2024-08-27T21:00:00,166.19344,Sistema
2024-08-27T22:00:00,178.15479,Sistema
2024-08-27T23:00:00,192.59057,Sistema
2024-08-27T24:00:00,208.18609,Sistema
2024-08-28T01:00:00,222.35609,Sistema
2024-08-28T02:00:00,230.16417,Sistema
2024-08-28T03:00:00,238.38169,Sistema
2024-08-28T04:00:00,241.88236,Sistema
2024-08-28T05:00:00,233.00723,Sistema
2024-08-28T06:00:00,217.19968,Sistema
2024-08-28T07:00:00,212.0524,Sistema
2024-08-28T08:00:00,201.91478,Sistema
2024-08-28T09:00:00,190.88132,Sistema
2024-08-28T10:00:00,182.85859,Sistema
2024-08-28T11:00:00,173.60917,Sistema
2024-08-28T12:00:00,169.79964,Sistema
2024-08-28T13:00:00,171.53823,Sistema
2024-08-28T14:00:00,176.73196,Sistema
2024-08-28T15:00:00,177.00853,Sistema
2024-08-28T16:00:00,176.71699,Sistema
2024-08-28T17:00:00,178.25098,Sistema
2024-08-28T18:00:00,186.67883,Sistema
2024-08-28T19:00:00,175.12007,Sistema
2024-08-28T20:00:00,163.68984,Sistema
2024-08-28T21:00:00,163.59687,Sistema
2024-08-28T22:00:00,168.11985,Sistema
2024-08-28T23:00:00,173.80251,Sistema
2024-08-28T24:00:00,179.57225,Sistema
2024-08-29T01:00:00,186.67845,Sistema
2024-08-29T02:00:00,189.17082,Sistema
2024-08-29T03:00:00,194.01809,Sistema
2024-08-29T04:00:00,194.19451,Sistema
2024-08-29T05:00:00,182.60968,Sistema
2024-08-29T06:00:00,174.14768,Sistema
2024-08-29T07:00:00,172.70136,Sistema
2024-08-29T08:00:00,167.25396,Sistema
2024-08-29T09:00:00,157.99135,Sistema
2024-08-29T10:00:00,152.6424,Sistema
2024-08-29T11:00:00,147.32779,Sistema
2024-08-29T12:00:00,146.36027,Sistema
2024-08-29T13:00:00,151.02453,Sistema
2024-08-29T14:00:00,152.57173,Sistema
2024-08-29T15:00:00,155.66218,Sistema
2024-08-29T16:00:00,161.4178,Sistema
2024-08-29T17:00:00,170.04116,Sistema
2024-08-29T18:00:00,176.54076,Sistema
2024-08-29T19:00:00,174.4522,Sistema
2024-08-29T20:00:00,181.24038,Sistema
2024-08-29T21:00:00,184.15125,Sistema
2024-08-29T22:00:00,192.73302,Sistema
2024-08-29T23:00:00,202.31732,Sistema
2024-08-29T24:00:00,212.03523,Sistema
2024-08-30T01:00:00,219.82849,Sistema
2024-08-30T02:00:00,216.59441,Sistema
2024-08-30T03:00:00,216.38396,Sistema
2024-08-30T04:00:00,215.34701,Sistema
2024-08-30T05:00:00,212.23507,Sistema
2024-08-30T06:00:00,214.86781,Sistema
2024-08-30T07:00:00,200.41959,Sistema
2024-08-30T08:00:00,203.23244,Sistema
2024-08-30T09:00:00,178.79216,Sistema
2024-08-30T10:00:00,182.26502,Sistema
2024-08-30T11:00:00,179.20184,Sistema
2024-08-30T12:00:00,171.70388,Sistema
2024-08-30T13:00:00,175.20005,Sistema
2024-08-30T14:00:00,174.06081,Sistema
2024-08-30T15:00:00,170.6721,Sistema
2024-08-30T16:00:00,175.17044,Sistema
2024-08-30T17:00:00,178.06174,Sistema
2024-08-30T18:00:00,187.30167,Sistema
2024-08-30T19:00:00,182.2493,Sistema
2024-08-30T20:00:00,179.42106,Sistema
2024-08-30T21:00:00,182.60135,Sistema
2024-08-30T22:00:00,191.30869,Sistema
2024-08-30T23:00:00,195.31558,Sistema
2024-08-30T24:00:00,203.75981,Sistema
2024-08-31T01:00:00,220.73233,Sistema
2024-08-31T02:00:00,219.8459,Sistema
2024-08-31T03:00:00,215.94256,Sistema
2024-08-31T04:00:00,213.64923,Sistema
2024-08-31T05:00:00,214.35721,Sistema
2024-08-31T06:00:00,214.68863,Sistema
2024-08-31T07:00:00,212.05865,Sistema
2024-08-31T08:00:00,201.33987,Sistema
2024-08-31T09:00:00,192.5091,Sistema
2024-08-31T10:00:00,180.09657,Sistema
2024-08-31T11:00:00,168.83435,Sistema
2024-08-31T12:00:00,169.8856,Sistema
2024-08-31T13:00:00,177.40834,Sistema
2024-08-31T14:00:00,180.37471,Sistema
2024-08-31T15:00:00,181.7294,Sistema
2024-08-31T16:00:00,183.45367,Sistema
2024-08-31T17:00:00,184.90962,Sistema
2024-08-31T18:00:00,182.72393,Sistema
2024-08-31T19:00:00,173.88086,Sistema
2024-08-31T20:00:00,171.12123,Sistema
2024-08-31T21:00:00,176.35351,Sistema
2024-08-31T22:00:00,184.21956,Sistema
2024-08-31T23:00:00,193.03572,Sistema
2024-08-31T24:00:00,204.25294,Sistema
2024-09-01T01:00:00,223.38696,Sistema
2024-09-01T02:00:00,228.5684,Sistema
2024-09-01T03:00:00,230.41327,Sistema
2024-09-01T04:00:00,234.81636,Sistema
2024-09-01T05:00:00,237.1483,Sistema
2024-09-01T06:00:00,241.05305,Sistema
2024-09-01T07:00:00,246.59884,Sistema
2024-09-01T08:00:00,239.34644,Sistema
2024-09-01T09:00:00,221.83596,Sistema
2024-09-01T10:00:00,212.14632,Sistema
2024-09-01T11:00:00,199.92781,Sistema
2024-09-01T12:00:00,194.49188,Sistema
2024-09-01T13:00:00,195.51249,Sistema
2024-09-01T14:00:00,196.40716,Sistema
2024-09-01T15:00:00,196.34866,Sistema
2024-09-01T16:00:00,195.30449,Sistema
2024-09-01T17:00:00,200.00621,Sistema
2024-09-01T18:00:00,198.44133,Sistema
2024-09-01T19:00:00,188.12914,Sistema
2024-09-01T20:00:00,185.84101,Sistema
2024-09-01T21:00:00,191.69997,Sistema
2024-09-01T22:00:00,200.09984,Sistema
2024-09-01T23:00:00,200.96844,Sistema
2024-09-01T24:00:00,210.85055,Sistema
2024-09-02T01:00:00,228.03278,Sistema
2024-09-02T02:00:00,234.33583,Sistema
2024-09-02T03:00:00,238.59959,Sistema
2024-09-02T04:00:00,235.44522,Sistema
2024-09-02T05:00:00,230.08823,Sistema
2024-09-02T06:00:00,224.53195,Sistema
2024-09-02T07:00:00,209.27975,Sistema
2024-09-02T08:00:00,196.30534,Sistema
2024-09-02T09:00:00,180.46218,Sistema
2024-09-02T10:00:00,169.83055,Sistema
2024-09-02T11:00:00,165.95124,Sistema
2024-09-02T12:00:00,163.85391,Sistema
2024-09-02T13:00:00,163.3196,Sistema
2024-09-02T14:00:00,165.04704,Sistema
2024-09-02T15:00:00,161.11127,Sistema
2024-09-02T16:00:00,162.79848,Sistema
2024-09-02T17:00:00,163.48136,Sistema
2024-09-02T18:00:00,166.16232,Sistema
2024-09-02T19:00:00,158.25868,Sistema
2024-09-02T20:00:00,157.737,Sistema
2024-09-02T21:00:00,161.50448,Sistema
2024-09-02T22:00:00,171.33389,Sistema
2024-09-02T23:00:00,184.22434,Sistema
2024-09-02T24:00:00,194.22109,Sistema
2024-09-03T01:00:00,205.78288,Sistema
2024-09-03T02:00:00,204.59615,Sistema
2024-09-03T03:00:00,210.03579,Sistema
2024-09-03T04:00:00,206.99936,Sistema
2024-09-03T05:00:00,205.05678,Sistema
2024-09-03T06:00:00,190.67775,Sistema
2024-09-03T07:00:00,188.36181,Sistema
2024-09-03T08:00:00,177.05625,Sistema
2024-09-03T09:00:00,167.76391,Sistema
2024-09-03T10:00:00,170.41191,Sistema
2024-09-03T11:00:00,169.39845,Sistema
2024-09-03T12:00:00,167.43539,Sistema
2024-09-03T13:00:00,166.48281,Sistema
2024-09-03T14:00:00,168.87362,Sistema
2024-09-03T15:00:00,169.48106,Sistema
2024-09-03T16:00:00,164.93687,Sistema
2024-09-03T17:00:00,169.00714,Sistema
2024-09-03T18:00:00,177.72423,Sistema
2024-09-03T19:00:00,166.09559,Sistema
2024-09-03T20:00:00,153.56014,Sistema
2024-09-03T21:00:00,154.62127,Sistema
2024-09-03T22:00:00,157.47616,Sistema
2024-09-03T23:00:00,167.90725,Sistema
2024-09-03T24:00:00,179.29482,Sistema
2024-09-04T01:00:00,196.36914,Sistema
2024-09-04T02:00:00,204.57697,Sistema
2024-09-04T03:00:00,208.29026,Sistema
2024-09-04T04:00:00,212.68598,Sistema
2024-09-04T05:00:00,210.67454,Sistema
2024-09-04T06:00:00,205.38739,Sistema
2024-09-04T07:00:00,195.19671,Sistema
2024-09-04T08:00:00,181.12268,Sistema
2024-09-04T09:00:00,175.7816,Sistema
2024-09-04T10:00:00,175.804,Sistema
2024-09-04T11:00:00,177.06366,Sistema
2024-09-04T12:00:00,173.82133,Sistema
2024-09-04T13:00:00,172.54022,Sistema
2024-09-04T14:00:00,166.1938,Sistema
2024-09-04T15:00:00,156.13106,Sistema
2024-09-04T16:00:00,158.08854,Sistema
2024-09-04T17:00:00,164.40049,Sistema
2024-09-04T18:00:00,167.21018,Sistema
2024-09-04T19:00:00,160.77064,Sistema
2024-09-04T20:00:00,159.9978,Sistema
2024-09-04T21:00:00,163.21593,Sistema
2024-09-04T22:00:00,168.43946,Sistema
2024-09-04T23:00:00,181.30606,Sistema
2024-09-04T24:00:00,195.01217,Sistema
2024-09-05T01:00:00,198.84428,Sistema
2024-09-05T02:00:00,207.67126,Sistema
2024-09-05T03:00:00,210.97649,Sistema
2024-09-05T04:00:00,212.61924,Sistema
2024-09-05T05:00:00,209.88147,Sistema
2024-09-05T06:00:00,205.15594,Sistema
2024-09-05T07:00:00,201.86834,Sistema
2024-09-05T08:00:00,187.20036,Sistema
2024-09-05T09:00:00,180.15014,Sistema
2024-09-05T10:00:00,177.72442,Sistema
2024-09-05T11:00:00,171.08479,Sistema
2024-09-05T12:00:00,164.26413,Sistema
2024-09-05T13:00:00,163.6628,Sistema
2024-09-05T14:00:00,161.75463,Sistema
2024-09-05T15:00:00,159.62455,Sistema
2024-09-05T16:00:00,160.28682,Sistema
2024-09-05T17:00:00,163.51264,Sistema
2024-09-05T18:00:00,168.46093,Sistema
2024-09-05T19:00:00,159.89768,Sistema
2024-09-05T20:00:00,157.93394,Sistema
2024-09-05T21:00:00,163.04081,Sistema
2024-09-05T22:00:00,171.47134,Sistema
2024-09-05T23:00:00,182.49901,Sistema
2024-09-05T24:00:00,190.16133,Sistema
2024-09-06T01:00:00,194.09055,Sistema
2024-09-06T02:00:00,187.31336,Sistema
2024-09-06T03:00:00,190.71234,Sistema
2024-09-06T04:00:00,191.84375,Sistema
2024-09-06T05:00:00,194.0538,Sistema
2024-09-06T06:00:00,199.11934,Sistema
2024-09-06T07:00:00,195.96925,Sistema
2024-09-06T08:00:00,186.29167,Sistema
2024-09-06T09:00:00,177.51972,Sistema
2024-09-06T10:00:00,170.72688,Sistema
2024-09-06T11:00:00,164.95322,Sistema
2024-09-06T12:00:00,157.24586,Sistema
2024-09-06T13:00:00,155.83178,Sistema
2024-09-06T14:00:00,155.8364,Sistema
2024-09-06T15:00:00,157.65062,Sistema
2024-09-06T16:00:00,159.61348,Sistema
2024-09-06T17:00:00,165.70448,Sistema
2024-09-06T18:00:00,171.2802,Sistema
2024-09-06T19:00:00,165.98399,Sistema
2024-09-06T20:00:00,164.73988,Sistema
2024-09-06T21:00:00,160.54936,Sistema
2024-09-06T22:00:00,163.37573,Sistema
2024-09-06T23:00:00,172.29404,Sistema
2024-09-06T24:00:00,181.58565,Sistema
2024-09-07T01:00:00,196.09909,Sistema
2024-09-07T02:00:00,205.80045,Sistema
2024-09-07T03:00:00,210.49375,Sistema
2024-09-07T04:00:00,220.67591,Sistema
2024-09-07T05:00:00,221.53976,Sistema
2024-09-07T06:00:00,217.56448,Sistema
2024-09-07T07:00:00,216.62118,Sistema
2024-09-07T08:00:00,200.09505,Sistema
2024-09-07T09:00:00,196.60119,Sistema
2024-09-07T10:00:00,192.59785,Sistema
2024-09-07T11:00:00,184.9218,Sistema
2024-09-07T12:00:00,181.58997,Sistema
2024-09-07T13:00:00,172.37304,Sistema
2024-09-07T14:00:00,170.7403,Sistema
2024-09-07T15:00:00,174.53173,Sistema
2024-09-07T16:00:00,174.6815,Sistema
2024-09-07T17:00:00,174.49408,Sistema
2024-09-07T18:00:00,178.64417,Sistema
2024-09-07T19:00:00,172.89141,Sistema
2024-09-07T20:00:00,172.64945,Sistema
2024-09-07T21:00:00,178.45804,Sistema
2024-09-07T22:00:00,184.1227,Sistema
2024-09-07T23:00:00,185.85378,Sistema
2024-09-07T24:00:00,197.07127,Sistema
2024-09-08T01:00:00,210.93125,Sistema
2024-09-08T02:00:00,207.86704,Sistema
2024-09-08T03:00:00,216.15204,Sistema
2024-09-08T04:00:00,217.25946,Sistema
2024-09-08T05:00:00,212.16023,Sistema
2024-09-08T06:00:00,212.16011,Sistema
2024-09-08T07:00:00,214.50332,Sistema
2024-09-08T08:00:00,206.6886,Sistema
2024-09-08T09:00:00,193.0417,Sistema
2024-09-08T10:00:00,182.84438,Sistema
2024-09-08T11:00:00,175.76467,Sistema
2024-09-08T12:00:00,174.26861,Sistema
2024-09-08T13:00:00,172.3206,Sistema
2024-09-08T14:00:00,177.44746,Sistema
2024-09-08T15:00:00,183.02578,Sistema
2024-09-08T16:00:00,189.99454,Sistema
2024-09-08T17:00:00,194.50002,Sistema
2024-09-08T18:00:00,197.24447,Sistema
2024-09-08T19:00:00,183.02826,Sistema
2024-09-08T20:00:00,179.84317,Sistema
2024-09-08T21:00:00,183.2992,Sistema
2024-09-08T22:00:00,189.31876,Sistema
2024-09-08T23:00:00,198.97875,Sistema
2024-09-08T24:00:00,207.55997,Sistema
2024-09-09T01:00:00,215.83738,Sistema
2024-09-09T02:00:00,218.90816,Sistema
2024-09-09T03:00:00,224.23989,Sistema
2024-09-09T04:00:00,226.1798,Sistema
2024-09-09T05:00:00,226.84267,Sistema
2024-09-09T06:00:00,222.29686,Sistema
2024-09-09T07:00:00,228.95508,Sistema
2024-09-09T08:00:00,217.89186,Sistema
2024-09-09T09:00:00,203.85854,Sistema
2024-09-09T10:00:00,198.30027,Sistema
2024-09-09T11:00:00,191.63138,Sistema
2024-09-09T12:00:00,189.41937,Sistema
2024-09-09T13:00:00,187.60738,Sistema
2024-09-09T14:00:00,185.58893,Sistema
2024-09-09T15:00:00,180.54387,Sistema
2024-09-09T16:00:00,178.54837,Sistema
2024-09-09T17:00:00,179.38681,Sistema
2024-09-09T18:00:00,184.85593,Sistema
2024-09-09T19:00:00,175.37329,Sistema
2024-09-09T20:00:00,174.44812,Sistema
2024-09-09T21:00:00,179.34028,Sistema
2024-09-09T22:00:00,187.09679,Sistema
2024-09-09T23:00:00,197.95333,Sistema
2024-09-09T24:00:00,200.14187,Sistema
2024-09-10T01:00:00,211.10363,Sistema
2024-09-10T02:00:00,215.96102,Sistema
2024-09-10T03:00:00,221.05681,Sistema
2024-09-10T04:00:00,224.27221,Sistema
2024-09-10T05:00:00,220.60501,Sistema
2024-09-10T06:00:00,212.1061,Sistema
2024-09-10T07:00:00,215.28442,Sistema
2024-09-10T08:00:00,201.85467,Sistema
2024-09-10T09:00:00,190.37996,Sistema
2024-09-10T10:00:00,184.52154,Sistema
2024-09-10T11:00:00,175.55046,Sistema
2024-09-10T12:00:00,169.36887,Sistema
2024-09-10T13:00:00,172.73617,Sistema
2024-09-10T14:00:00,169.38444,Sistema
2024-09-10T15:00:00,160.38345,Sistema
2024-09-10T16:00:00,156.75006,Sistema
2024-09-10T17:00:00,164.9928,Sistema
2024-09-10T18:00:00,173.02057,Sistema
2024-09-10T19:00:00,168.92963,Sistema
2024-09-10T20:00:00,171.71813,Sistema
2024-09-10T21:00:00,173.21497,Sistema
2024-09-10T22:00:00,175.54976,Sistema
2024-09-10T23:00:00,187.81201,Sistema
2024-09-10T24:00:00,205.41123,Sistema
2024-09-11T01:00:00,228.86844,Sistema
2024-09-11T02:00:00,227.07818,Sistema
2024-09-11T03:00:00,231.83691,Sistema
2024-09-11T04:00:00,236.24143,Sistema
2024-09-11T05:00:00,232.59064,Sistema
2024-09-11T06:00:00,224.7535,Sistema
2024-09-11T07:00:00,220.50979,Sistema
2024-09-11T08:00:00,211.07584,Sistema
2024-09-11T09:00:00,201.25054,Sistema
2024-09-11T10:00:00,196.2536,Sistema
2024-09-11T11:00:00,185.99604,Sistema
2024-09-11T12:00:00,183.71649,Sistema
2024-09-11T13:00:00,185.34849,Sistema
2024-09-11T14:00:00,181.50513,Sistema
2024-09-11T15:00:00,177.15493,Sistema
2024-09-11T16:00:00,177.99283,Sistema
2024-09-11T17:00:00,181.86718,Sistema
2024-09-11T18:00:00,189.44289,Sistema
2024-09-11T19:00:00,181.149,Sistema
2024-09-11T20:00:00,179.64719,Sistema
2024-09-11T21:00:00,178.83448,Sistema
2024-09-11T22:00:00,184.56432,Sistema
2024-09-11T23:00:00,198.05294,Sistema
2024-09-11T24:00:00,207.52031,Sistema
2024-09-12T01:00:00,222.05127,Sistema
2024-09-12T02:00:00,229.22185,Sistema
2024-09-12T03:00:00,231.73939,Sistema
2024-09-12T04:00:00,236.4354,Sistema
2024-09-12T05:00:00,239.54607,Sistema
2024-09-12T06:00:00,235.31863,Sistema
2024-09-12T07:00:00,226.95613,Sistema
2024-09-12T08:00:00,214.18991,Sistema
2024-09-12T09:00:00,207.64595,Sistema
2024-09-12T10:00:00,205.93497,Sistema
2024-09-12T11:00:00,195.98647,Sistema
2024-09-12T12:00:00,189.81661,Sistema
2024-09-12T13:00:00,196.42232,Sistema
2024-09-12T14:00:00,197.85742,Sistema
2024-09-12T15:00:00,195.0818,Sistema
2024-09-12T16:00:00,189.61333,Sistema
2024-09-12T17:00:00,189.33823,Sistema
2024-09-12T18:00:00,193.78717,Sistema
2024-09-12T19:00:00,190.93607,Sistema
2024-09-12T20:00:00,190.37358,Sistema
2024-09-12T21:00:00,191.79596,Sistema
2024-09-12T22:00:00,201.23268,Sistema
2024-09-12T23:00:00,204.74634,Sistema
2024-09-12T24:00:00,214.80365,Sistema
2024-09-13T01:00:00,221.89309,Sistema
2024-09-13T02:00:00,230.43388,Sistema
2024-09-13T03:00:00,237.51695,Sistema
2024-09-13T04:00:00,237.94644,Sistema
2024-09-13T05:00:00,239.01195,Sistema
2024-09-13T06:00:00,245.18413,Sistema
2024-09-13T07:00:00,243.73239,Sistema
2024-09-13T08:00:00,241.52202,Sistema
2024-09-13T09:00:00,229.46798,Sistema
2024-09-13T10:00:00,218.43624,Sistema
2024-09-13T11:00:00,215.97425,Sistema
2024-09-13T12:00:00,211.38724,Sistema
2024-09-13T13:00:00,211.38771,Sistema
2024-09-13T14:00:00,206.75975,Sistema
2024-09-13T15:00:00,204.82116,Sistema
2024-09-13T16:00:00,200.52669,Sistema
2024-09-13T17:00:00,210.60876,Sistema
2024-09-13T18:00:00,212.83953,Sistema
2024-09-13T19:00:00,200.27311,Sistema
2024-09-13T20:00:00,200.35008,Sistema
2024-09-13T21:00:00,195.89775,Sistema
2024-09-13T22:00:00,199.54568,Sistema
2024-09-13T23:00:00,211.32689,Sistema
2024-09-13T24:00:00,225.58014,Sistema
2024-09-14T01:00:00,241.4066,Sistema
2024-09-14T02:00:00,251.19645,Sistema
2024-09-14T03:00:00,261.48424,Sistema
2024-09-14T04:00:00,267.23892,Sistema
2024-09-14T05:00:00,275.85167,Sistema
2024-09-14T06:00:00,274.85366,Sistema
2024-09-14T07:00:00,266.24155,Sistema
2024-09-14T08:00:00,247.1856,Sistema
2024-09-14T09:00:00,232.98349,Sistema
2024-09-14T10:00:00,224.09288,Sistema
2024-09-14T11:00:00,219.02006,Sistema
2024-09-14T12:00:00,216.25215,Sistema
2024-09-14T13:00:00,217.08848,Sistema
2024-09-14T14:00:00,219.57701,Sistema
2024-09-14T15:00:00,218.15106,Sistema
2024-09-14T16:00:00,224.38182,Sistema
2024-09-14T17:00:00,226.07608,Sistema
2024-09-14T18:00:00,229.01827,Sistema
2024-09-14T19:00:00,218.99613,Sistema
2024-09-14T20:00:00,221.08296,Sistema
2024-09-14T21:00:00,227.05574,Sistema
2024-09-14T22:00:00,236.10025,Sistema
2024-09-14T23:00:00,241.47543,Sistema
2024-09-14T24:00:00,254.65536,Sistema
2024-09-15T01:00:00,260.75,Sistema
2024-09-15T02:00:00,263.9091,Sistema
2024-09-15T03:00:00,265.45734,Sistema
2024-09-15T04:00:00,269.84562,Sistema
2024-09-15T05:00:00,269.21134,Sistema
2024-09-15T06:00:00,271.25491,Sistema
2024-09-15T07:00:00,280.33441,Sistema
2024-09-15T08:00:00,267.68054,Sistema
2024-09-15T09:00:00,252.80502,Sistema
2024-09-15T10:00:00,241.16977,Sistema
2024-09-15T11:00:00,238.88757,Sistema
2024-09-15T12:00:00,236.96114,Sistema
2024-09-15T13:00:00,233.57554,Sistema
2024-09-15T14:00:00,231.70662,Sistema
2024-09-15T15:00:00,237.35448,Sistema
2024-09-15T16:00:00,244.78802,Sistema
2024-09-15T17:00:00,247.37481,Sistema
2024-09-15T18:00:00,238.2066,Sistema
2024-09-15T19:00:00,223.13424,Sistema
2024-09-15T20:00:00,218.41619,Sistema
2024-09-15T21:00:00,223.38106,Sistema
2024-09-15T22:00:00,233.33562,Sistema
2024-09-15T23:00:00,239.1968,Sistema
2024-09-15T24:00:00,243.69158,Sistema
2024-09-16T01:00:00,258.5011,Sistema
2024-09-16T02:00:00,271.93885,Sistema
2024-09-16T03:00:00,274.94789,Sistema
2024-09-16T04:00:00,281.31277,Sistema
2024-09-16T05:00:00,279.17248,Sistema
2024-09-16T06:00:00,266.71644,Sistema
2024-09-16T07:00:00,267.11758,Sistema
2024-09-16T08:00:00,249.54059,Sistema
2024-09-16T09:00:00,232.487,Sistema
2024-09-16T10:00:00,226.19057,Sistema
2024-09-16T11:00:00,221.9316,Sistema
2024-09-16T12:00:00,215.13065,Sistema
2024-09-16T13:00:00,216.63332,Sistema
2024-09-16T14:00:00,215.79172,Sistema
2024-09-16T15:00:00,214.89244,Sistema
2024-09-16T16:00:00,214.85666,Sistema
2024-09-16T17:00:00,219.65432,Sistema
2024-09-16T18:00:00,225.70707,Sistema
2024-09-16T19:00:00,228.38394,Sistema
2024-09-16T20:00:00,227.07668,Sistema
2024-09-16T21:00:00,232.63154,Sistema
2024-09-16T22:00:00,246.59743,Sistema
2024-09-16T23:00:00,266.0279,Sistema
2024-09-16T24:00:00,278.47945,Sistema
2024-09-17T01:00:00,288.33312,Sistema
2024-09-17T02:00:00,290.56166,Sistema
2024-09-17T03:00:00,290.92169,Sistema
2024-09-17T04:00:00,293.00108,Sistema
2024-09-17T05:00:00,286.24814,Sistema
2024-09-17T06:00:00,276.27162,Sistema
2024-09-17T07:00:00,268.35201,Sistema
2024-09-17T08:00:00,252.09335,Sistema
2024-09-17T09:00:00,240.36918,Sistema
2024-09-17T10:00:00,232.77887,Sistema
2024-09-17T11:00:00,224.77839,Sistema
2024-09-17T12:00:00,218.32099,Sistema
2024-09-17T13:00:00,220.89659,Sistema
2024-09-17T14:00:00,219.865,Sistema
2024-09-17T15:00:00,212.69937,Sistema
2024-09-17T16:00:00,214.21453,Sistema
2024-09-17T17:00:00,217.28008,Sistema
2024-09-17T18:00:00,221.36164,Sistema
2024-09-17T19:00:00,212.32075,Sistema
2024-09-17T20:00:00,211.44901,Sistema
2024-09-17T21:00:00,214.8798,Sistema
2024-09-17T22:00:00,223.54848,Sistema
2024-09-17T23:00:00,240.65992,Sistema
2024-09-17T24:00:00,259.01421,Sistema
2024-09-18T01:00:00,286.53363,Sistema
2024-09-18T02:00:00,304.8067,Sistema
2024-09-18T03:00:00,310.0385,Sistema
2024-09-18T04:00:00,312.90963,Sistema
2024-09-18T05:00:00,308.66744,Sistema
2024-09-18T06:00:00,300.09732,Sistema
2024-09-18T07:00:00,294.82812,Sistema
2024-09-18T08:00:00,276.13043,Sistema
2024-09-18T09:00:00,258.96192,Sistema
2024-09-18T10:00:00,244.72677,Sistema
2024-09-18T11:00:00,232.24882,Sistema
2024-09-18T12:00:00,220.68074,Sistema
2024-09-18T13:00:00,217.73177,Sistema
2024-09-18T14:00:00,219.81964,Sistema
2024-09-18T15:00:00,216.56388,Sistema
2024-09-18T16:00:00,217.66174,Sistema
2024-09-18T17:00:00,218.2938,Sistema
2024-09-18T18:00:00,221.97898,Sistema
2024-09-18T19:00:00,216.1835,Sistema
2024-09-18T20:00:00,215.45548,Sistema
2024-09-18T21:00:00,218.39512,Sistema
2024-09-18T22:00:00,225.36054,Sistema
2024-09-18T23:00:00,240.21629,Sistema
2024-09-18T24:00:00,254.01653,Sistema
2024-09-19T01:00:00,260.35531,Sistema
2024-09-19T02:00:00,272.38929,Sistema
2024-09-19T03:00:00,284.96161,Sistema
2024-09-19T04:00:00,300.49282,Sistema
2024-09-19T05:00:00,297.67132,Sistema
2024-09-19T06:00:00,285.93443,Sistema
2024-09-19T07:00:00,275.84439,Sistema
2024-09-19T08:00:00,258.19989,Sistema
2024-09-19T09:00:00,246.8866,Sistema
2024-09-19T10:00:00,240.41316,Sistema
2024-09-19T11:00:00,230.9593,Sistema
2024-09-19T12:00:00,217.70044,Sistema
2024-09-19T13:00:00,215.5963,Sistema
2024-09-19T14:00:00,202.90581,Sistema
2024-09-19T15:00:00,199.92952,Sistema
2024-09-19T16:00:00,201.77857,Sistema
2024-09-19T17:00:00,200.6412,Sistema
2024-09-19T18:00:00,207.93132,Sistema
2024-09-19T19:00:00,200.70246,Sistema
2024-09-19T20:00:00,198.17307,Sistema
2024-09-19T21:00:00,201.36034,Sistema
2024-09-19T22:00:00,207.43623,Sistema
2024-09-19T23:00:00,214.2814,Sistema
2024-09-19T24:00:00,224.97352,Sistema
2024-09-20T01:00:00,247.4526,Sistema
2024-09-20T02:00:00,268.18992,Sistema
2024-09-20T03:00:00,276.59628,Sistema
2024-09-20T04:00:00,286.53314,Sistema
2024-09-20T05:00:00,286.83766,Sistema
2024-09-20T06:00:00,279.48588,Sistema
2024-09-20T07:00:00,273.53779,Sistema
2024-09-20T08:00:00,265.93645,Sistema
2024-09-20T09:00:00,251.52776,Sistema
2024-09-20T10:00:00,240.96803,Sistema
2024-09-20T11:00:00,232.68034,Sistema
2024-09-20T12:00:00,226.16226,Sistema
2024-09-20T13:00:00,228.08075,Sistema
2024-09-20T14:00:00,227.59038,Sistema
2024-09-20T15:00:00,224.10006,Sistema
2024-09-20T16:00:00,224.14962,Sistema
2024-09-20T17:00:00,230.26324,Sistema
2024-09-20T18:00:00,237.83291,Sistema
2024-09-20T19:00:00,223.58436,Sistema
2024-09-20T20:00:00,223.33832,Sistema
2024-09-20T21:00:00,225.97033,Sistema
2024-09-20T22:00:00,227.68088,Sistema
2024-09-20T23:00:00,244.84333,Sistema
2024-09-20T24:00:00,261.13607,Sistema
2024-09-21T01:00:00,275.7068,Sistema
2024-09-21T02:00:00,286.6597,Sistema
2024-09-21T03:00:00,291.31529,Sistema
2024-09-21T04:00:00,293.67283,Sistema
2024-09-21T05:00:00,291.67667,Sistema
2024-09-21T06:00:00,294.17504,Sistema
2024-09-21T07:00:00,292.76199,Sistema
2024-09-21T08:00:00,285.75716,Sistema
2024-09-21T09:00:00,274.10662,Sistema
2024-09-21T10:00:00,257.72503,Sistema
2024-09-21T11:00:00,249.09076,Sistema
2024-09-21T12:00:00,242.84805,Sistema
2024-09-21T13:00:00,234.63896,Sistema
2024-09-21T14:00:00,246.27398,Sistema
2024-09-21T15:00:00,243.22461,Sistema
2024-09-21T16:00:00,252.17187,Sistema
2024-09-21T17:00:00,257.5616,Sistema
2024-09-21T18:00:00,261.62811,Sistema
2024-09-21T19:00:00,243.85873,Sistema
2024-09-21T20:00:00,236.79289,Sistema
2024-09-21T21:00:00,243.47756,Sistema
2024-09-21T22:00:00,252.8653,Sistema
2024-09-21T23:00:00,268.03539,Sistema
2024-09-21T24:00:00,284.90019,Sistema
2024-09-22T01:00:00,297.87671,Sistema
2024-09-22T02:00:00,308.99268,Sistema
2024-09-22T03:00:00,319.12706,Sistema
2024-09-22T04:00:00,326.10968,Sistema
2024-09-22T05:00:00,331.13844,Sistema
2024-09-22T06:00:00,341.21508,Sistema
2024-09-22T07:00:00,348.9161,Sistema
2024-09-22T08:00:00,331.87128,Sistema
2024-09-22T09:00:00,325.23716,Sistema
2024-09-22T10:00:00,310.94937,Sistema
2024-09-22T11:00:00,284.3504,Sistema
2024-09-22T12:00:00,265.98687,Sistema
2024-09-22T13:00:00,261.7452,Sistema
2024-09-22T14:00:00,265.25875,Sistema
2024-09-22T15:00:00,274.32412,Sistema
2024-09-22T16:00:00,298.23769,Sistema
2024-09-22T17:00:00,338.5317,Sistema
2024-09-22T18:00:00,377.87343,Sistema
2024-09-22T19:00:00,370.2905,Sistema
2024-09-22T20:00:00,358.32864,Sistema
2024-09-22T21:00:00,327.77953,Sistema
2024-09-22T22:00:00,341.55787,Sistema
2024-09-22T23:00:00,356.1036,Sistema
2024-09-22T24:00:00,381.53338,Sistema
2024-09-23T01:00:00,284.45415,Sistema
2024-09-23T02:00:00,295.12505,Sistema
2024-09-23T03:00:00,299.48022,Sistema
2024-09-23T04:00:00,307.41855,Sistema
2024-09-23T05:00:00,306.42516,Sistema
2024-09-23T06:00:00,284.99624,Sistema
2024-09-23T07:00:00,271.6142,Sistema
2024-09-23T08:00:00,259.82453,Sistema
2024-09-23T09:00:00,245.45507,Sistema
2024-09-23T10:00:00,237.02261,Sistema
2024-09-23T11:00:00,227.58616,Sistema
2024-09-23T12:00:00,219.64676,Sistema
2024-09-23T13:00:00,224.87337,Sistema
2024-09-23T14:00:00,227.83313,Sistema
2024-09-23T15:00:00,224.37941,Sistema
2024-09-23T16:00:00,225.43727,Sistema
2024-09-23T17:00:00,228.92552,Sistema
2024-09-23T18:00:00,231.49584,Sistema
2024-09-23T19:00:00,211.54568,Sistema
2024-09-23T20:00:00,211.8928,Sistema
2024-09-23T21:00:00,214.44842,Sistema
2024-09-23T22:00:00,221.75038,Sistema
2024-09-23T23:00:00,228.21113,Sistema
2024-09-23T24:00:00,250.31923,Sistema
2024-09-24T01:00:00,276.1308,Sistema
2024-09-24T02:00:00,281.74883,Sistema
2024-09-24T03:00:00,291.69798,Sistema
2024-09-24T04:00:00,296.2891,Sistema
2024-09-24T05:00:00,285.29772,Sistema
2024-09-24T06:00:00,280.548,Sistema
2024-09-24T07:00:00,276.61833,Sistema
2024-09-24T08:00:00,261.5709,Sistema
2024-09-24T09:00:00,246.14804,Sistema
2024-09-24T10:00:00,231.7721,Sistema
2024-09-24T11:00:00,224.95788,Sistema
2024-09-24T12:00:00,221.92537,Sistema
2024-09-24T13:00:00,222.65247,Sistema
2024-09-24T14:00:00,211.85766,Sistema
2024-09-24T15:00:00,203.86674,Sistema
2024-09-24T16:00:00,206.27424,Sistema
2024-09-24T17:00:00,212.12477,Sistema
2024-09-24T18:00:00,220.42712,Sistema
2024-09-24T19:00:00,216.44602,Sistema
2024-09-24T20:00:00,216.51182,Sistema
2024-09-24T21:00:00,220.11272,Sistema
2024-09-24T22:00:00,228.23099,Sistema
2024-09-24T23:00:00,321.91422,Sistema
2024-09-24T24:00:00,247.79751,Sistema
2024-09-25T01:00:00,264.90181,Sistema
2024-09-25T02:00:00,277.85862,Sistema
2024-09-25T03:00:00,287.53293,Sistema
2024-09-25T04:00:00,286.75459,Sistema
2024-09-25T05:00:00,286.75,Sistema
2024-09-25T06:00:00,275.88783,Sistema
2024-09-25T07:00:00,271.10081,Sistema
2024-09-25T08:00:00,259.93626,Sistema
2024-09-25T09:00:00,248.26647,Sistema
2024-09-25T10:00:00,239.49089,Sistema
2024-09-25T11:00:00,231.67249,Sistema
2024-09-25T12:00:00,218.18542,Sistema
2024-09-25T13:00:00,220.20292,Sistema
2024-09-25T14:00:00,216.39253,Sistema
2024-09-25T15:00:00,212.66597,Sistema
2024-09-25T16:00:00,212.10059,Sistema
2024-09-25T17:00:00,215.71971,Sistema
2024-09-25T18:00:00,221.32252,Sistema
2024-09-25T19:00:00,212.17173,Sistema
2024-09-25T20:00:00,208.36951,Sistema
2024-09-25T21:00:00,216.00649,Sistema
2024-09-25T22:00:00,227.98095,Sistema
2024-09-25T23:00:00,241.65021,Sistema
2024-09-25T24:00:00,256.58305,Sistema
2024-09-26T01:00:00,269.18673,Sistema
2024-09-26T02:00:00,285.15174,Sistema
2024-09-26T03:00:00,296.17615,Sistema
2024-09-26T04:00:00,307.63518,Sistema
2024-09-26T05:00:00,300.0624,Sistema
2024-09-26T06:00:00,285.55755,Sistema
2024-09-26T07:00:00,277.05689,Sistema
2024-09-26T08:00:00,263.72998,Sistema
2024-09-26T09:00:00,253.25494,Sistema
2024-09-26T10:00:00,247.27569,Sistema
2024-09-26T11:00:00,239.33448,Sistema
2024-09-26T12:00:00,233.3645,Sistema
2024-09-26T13:00:00,224.79826,Sistema
2024-09-26T14:00:00,215.16851,Sistema
2024-09-26T15:00:00,211.18675,Sistema
2024-09-26T16:00:00,211.73113,Sistema
2024-09-26T17:00:00,217.56079,Sistema
2024-09-26T18:00:00,221.49826,Sistema
2024-09-26T19:00:00,214.7009,Sistema
2024-09-26T20:00:00,216.85943,Sistema
2024-09-26T21:00:00,222.33324,Sistema
2024-09-26T22:00:00,230.58676,Sistema
2024-09-26T23:00:00,244.77648,Sistema
2024-09-26T24:00:00,259.17143,Sistema
2024-09-27T01:00:00,287.68219,Sistema
2024-09-27T02:00:00,291.52399,Sistema
2024-09-27T03:00:00,292.76683,Sistema
2024-09-27T04:00:00,293.06458,Sistema
2024-09-27T05:00:00,290.79085,Sistema
2024-09-27T06:00:00,274.23153,Sistema
2024-09-27T07:00:00,272.15772,Sistema
2024-09-27T08:00:00,258.94577,Sistema
2024-09-27T09:00:00,241.20458,Sistema
2024-09-27T10:00:00,230.51315,Sistema
2024-09-27T11:00:00,216.73808,Sistema
2024-09-27T12:00:00,211.9329,Sistema
2024-09-27T13:00:00,209.03374,Sistema
2024-09-27T14:00:00,202.97506,Sistema
2024-09-27T15:00:00,205.07733,Sistema
2024-09-27T16:00:00,208.9975,Sistema
2024-09-27T17:00:00,211.55116,Sistema
2024-09-27T18:00:00,217.93508,Sistema
2024-09-27T19:00:00,211.41889,Sistema
2024-09-27T20:00:00,206.13942,Sistema
2024-09-27T21:00:00,202.91602,Sistema
2024-09-27T22:00:00,213.51276,Sistema
2024-09-27T23:00:00,224.36909,Sistema
2024-09-27T24:00:00,237.18092,Sistema
2024-09-28T01:00:00,254.50022,Sistema
2024-09-28T02:00:00,274.72805,Sistema
2024-09-28T03:00:00,283.78842,Sistema
2024-09-28T04:00:00,285.71329,Sistema
2024-09-28T05:00:00,269.95683,Sistema
2024-09-28T06:00:00,265.75888,Sistema
2024-09-28T07:00:00,257.14562,Sistema
2024-09-28T08:00:00,242.53806,Sistema
2024-09-28T09:00:00,234.46412,Sistema
2024-09-28T10:00:00,227.91751,Sistema
2024-09-28T11:00:00,222.58937,Sistema
2024-09-28T12:00:00,217.18603,Sistema
2024-09-28T13:00:00,218.62737,Sistema
2024-09-28T14:00:00,215.26736,Sistema
2024-09-28T15:00:00,210.32107,Sistema
2024-09-28T16:00:00,215.61625,Sistema
2024-09-28T17:00:00,222.69622,Sistema
2024-09-28T18:00:00,228.51016,Sistema
2024-09-28T19:00:00,219.18563,Sistema
2024-09-28T20:00:00,222.31533,Sistema
2024-09-28T21:00:00,225.39773,Sistema
2024-09-28T22:00:00,237.07754,Sistema
2024-09-28T23:00:00,250.29742,Sistema
2024-09-28T24:00:00,265.4832,Sistema
2024-09-29T01:00:00,288.99131,Sistema
2024-09-29T02:00:00,300.22603,Sistema
2024-09-29T03:00:00,304.5502,Sistema
2024-09-29T04:00:00,308.1797,Sistema
2024-09-29T05:00:00,287.25965,Sistema
2024-09-29T06:00:00,283.16631,Sistema
2024-09-29T07:00:00,289.50575,Sistema
2024-09-29T08:00:00,280.1474,Sistema
2024-09-29T09:00:00,274.46717,Sistema
2024-09-29T10:00:00,274.97076,Sistema
2024-09-29T11:00:00,260.57084,Sistema
2024-09-29T12:00:00,251.68929,Sistema
2024-09-29T13:00:00,248.95795,Sistema
2024-09-29T14:00:00,247.91365,Sistema
2024-09-29T15:00:00,246.67182,Sistema
2024-09-29T16:00:00,256.98515,Sistema
2024-09-29T17:00:00,271.72231,Sistema
2024-09-29T18:00:00,264.39799,Sistema
2024-09-29T19:00:00,249.00509,Sistema
2024-09-29T20:00:00,249.78658,Sistema
2024-09-29T21:00:00,259.17114,Sistema
2024-09-29T22:00:00,269.26996,Sistema
2024-09-29T23:00:00,279.18402,Sistema
2024-09-29T24:00:00,295.58606,Sistema
2024-09-30T01:00:00,310.79988,Sistema
2024-09-30T02:00:00,311.31135,Sistema
2024-09-30T03:00:00,316.81863,Sistema
2024-09-30T04:00:00,335.77731,Sistema
2024-09-30T05:00:00,352.99223,Sistema
2024-09-30T06:00:00,333.01568,Sistema
2024-09-30T07:00:00,326.30365,Sistema
2024-09-30T08:00:00,305.27987,Sistema
2024-09-30T09:00:00,296.33673,Sistema
2024-09-30T10:00:00,299.65597,Sistema
2024-09-30T11:00:00,293.07346,Sistema
2024-09-30T12:00:00,287.31975,Sistema
2024-09-30T13:00:00,288.4491,Sistema
2024-09-30T14:00:00,288.11639,Sistema
2024-09-30T15:00:00,282.68659,Sistema
2024-09-30T16:00:00,290.08339,Sistema
2024-09-30T17:00:00,291.89506,Sistema
2024-09-30T18:00:00,299.67947,Sistema
2024-09-30T19:00:00,285.00552,Sistema
2024-09-30T20:00:00,286.43177,Sistema
2024-09-30T21:00:00,294.44956,Sistema
2024-09-30T22:00:00,308.23493,Sistema
2024-09-30T23:00:00,332.94218,Sistema
2024-09-30T24:00:00,358.80131,Sistema
2024-10-01T01:00:00,358.14475,Sistema
2024-10-01T02:00:00,362.53022,Sistema
2024-10-01T03:00:00,367.14757,Sistema
2024-10-01T04:00:00,371.92002,Sistema
2024-10-01T05:00:00,366.62436,Sistema
2024-10-01T06:00:00,347.50041,Sistema
2024-10-01T07:00:00,335.36726,Sistema
2024-10-01T08:00:00,315.26019,Sistema
2024-10-01T09:00:00,291.50601,Sistema
2024-10-01T10:00:00,283.88444,Sistema
2024-10-01T11:00:00,279.0108,Sistema
2024-10-01T12:00:00,270.41969,Sistema
2024-10-01T13:00:00,272.95379,Sistema
2024-10-01T14:00:00,270.68008,Sistema
2024-10-01T15:00:00,267.74057,Sistema
2024-10-01T16:00:00,274.9065,Sistema
2024-10-01T17:00:00,279.78405,Sistema
2024-10-01T18:00:00,282.27301,Sistema
2024-10-01T19:00:00,270.42885,Sistema
2024-10-01T20:00:00,269.87526,Sistema
2024-10-01T21:00:00,273.17135,Sistema
2024-10-01T22:00:00,284.94067,Sistema
2024-10-01T23:00:00,293.71785,Sistema
2024-10-01T24:00:00,301.66131,Sistema
2024-10-02T01:00:00,317.34685,Sistema
2024-10-02T02:00:00,326.07251,Sistema
2024-10-02T03:00:00,336.0565,Sistema
2024-10-02T04:00:00,345.83722,Sistema
2024-10-02T05:00:00,345.39923,Sistema
2024-10-02T06:00:00,330.4317,Sistema
2024-10-02T07:00:00,321.33727,Sistema
2024-10-02T08:00:00,302.45209,Sistema
2024-10-02T09:00:00,286.46487,Sistema
2024-10-02T10:00:00,284.32856,Sistema
2024-10-02T11:00:00,271.39373,Sistema
2024-10-02T12:00:00,263.87962,Sistema
2024-10-02T13:00:00,267.66789,Sistema
2024-10-02T14:00:00,266.27054,Sistema
2024-10-02T15:00:00,268.70584,Sistema
2024-10-02T16:00:00,270.17361,Sistema
2024-10-02T17:00:00,276.97013,Sistema
2024-10-02T18:00:00,286.30489,Sistema
2024-10-02T19:00:00,274.29734,Sistema
2024-10-02T20:00:00,275.40485,Sistema
2024-10-02T21:00:00,282.16372,Sistema
2024-10-02T22:00:00,289.27055,Sistema
2024-10-02T23:00:00,304.2167,Sistema
2024-10-02T24:00:00,322.18461,Sistema
2024-10-03T01:00:00,338.84065,Sistema
2024-10-03T02:00:00,352.7049,Sistema
2024-10-03T03:00:00,366.21756,Sistema
2024-10-03T04:00:00,376.05741,Sistema
2024-10-03T05:00:00,370.37716,Sistema
2024-10-03T06:00:00,356.51245,Sistema
2024-10-03T07:00:00,343.84004,Sistema
2024-10-03T08:00:00,314.82438,Sistema
2024-10-03T09:00:00,305.19562,Sistema
2024-10-03T10:00:00,301.14755,Sistema
2024-10-03T11:00:00,291.84406,Sistema
2024-10-03T12:00:00,285.11169,Sistema
2024-10-03T13:00:00,286.29495,Sistema
2024-10-03T14:00:00,285.81123,Sistema
2024-10-03T15:00:00,280.66661,Sistema
2024-10-03T16:00:00,277.64507,Sistema
2024-10-03T17:00:00,281.00973,Sistema
2024-10-03T18:00:00,287.28779,Sistema
2024-10-03T19:00:00,268.78744,Sistema
2024-10-03T20:00:00,268.54457,Sistema
2024-10-03T21:00:00,274.79905,Sistema
2024-10-03T22:00:00,279.91729,Sistema
2024-10-03T23:00:00,294.3937,Sistema
2024-10-03T24:00:00,313.45897,Sistema
2024-10-04T01:00:00,329.50824,Sistema
2024-10-04T02:00:00,341.38969,Sistema
2024-10-04T03:00:00,349.40459,Sistema
2024-10-04T04:00:00,353.16118,Sistema
2024-10-04T05:00:00,348.54633,Sistema
2024-10-04T06:00:00,340.71943,Sistema
2024-10-04T07:00:00,339.22945,Sistema
2024-10-04T08:00:00,314.60538,Sistema
2024-10-04T09:00:00,287.32597,Sistema
2024-10-04T10:00:00,275.1409,Sistema
2024-10-04T11:00:00,265.71084,Sistema
2024-10-04T12:00:00,256.7397,Sistema
2024-10-04T13:00:00,253.75348,Sistema
2024-10-04T14:00:00,252.9738,Sistema
2024-10-04T15:00:00,249.91231,Sistema
2024-10-04T16:00:00,256.15729,Sistema
2024-10-04T17:00:00,263.52581,Sistema
2024-10-04T18:00:00,265.95918,Sistema
2024-10-04T19:00:00,252.15521,Sistema
2024-10-04T20:00:00,249.04974,Sistema
2024-10-04T21:00:00,240.89783,Sistema
2024-10-04T22:00:00,237.95111,Sistema
2024-10-04T23:00:00,254.81419,Sistema
2024-10-04T24:00:00,271.18904,Sistema
2024-10-05T01:00:00,272.64754,Sistema
2024-10-05T02:00:00,284.0526,Sistema
2024-10-05T03:00:00,279.63906,Sistema
2024-10-05T04:00:00,281.73316,Sistema
2024-10-05T05:00:00,281.86045,Sistema
2024-10-05T06:00:00,277.26277,Sistema
2024-10-05T07:00:00,269.47984,Sistema
2024-10-05T08:00:00,254.67789,Sistema
2024-10-05T09:00:00,242.76451,Sistema
2024-10-05T10:00:00,235.8963,Sistema
2024-10-05T11:00:00,231.24513,Sistema
2024-10-05T12:00:00,227.01722,Sistema
2024-10-05T13:00:00,223.87278,Sistema
2024-10-05T14:00:00,223.66353,Sistema
2024-10-05T15:00:00,219.56691,Sistema
2024-10-05T16:00:00,224.86338,Sistema
2024-10-05T17:00:00,245.20674,Sistema
2024-10-05T18:00:00,250.3984,Sistema
2024-10-05T19:00:00,236.46808,Sistema
2024-10-05T20:00:00,237.84682,Sistema
2024-10-05T21:00:00,245.2273,Sistema
2024-10-05T22:00:00,253.66588,Sistema
2024-10-05T23:00:00,258.88779,Sistema
2024-10-05T24:00:00,262.75541,Sistema
2024-10-06T01:00:00,265.48002,Sistema
2024-10-06T02:00:00,276.14792,Sistema
2024-10-06T03:00:00,290.21138,Sistema
2024-10-06T04:00:00,296.89703,Sistema
2024-10-06T05:00:00,298.80117,Sistema
2024-10-06T06:00:00,296.22057,Sistema
2024-10-06T07:00:00,288.68653,Sistema
2024-10-06T08:00:00,270.22369,Sistema
2024-10-06T09:00:00,263.20737,Sistema
2024-10-06T10:00:00,256.46193,Sistema
2024-10-06T11:00:00,237.50573,Sistema
2024-10-06T12:00:00,226.83568,Sistema
2024-10-06T13:00:00,222.41118,Sistema
2024-10-06T14:00:00,227.49043,Sistema
2024-10-06T15:00:00,232.26374,Sistema
2024-10-06T16:00:00,233.6775,Sistema
2024-10-06T17:00:00,230.50383,Sistema
2024-10-06T18:00:00,240.93482,Sistema
2024-10-06T19:00:00,227.40497,Sistema
2024-10-06T20:00:00,227.32435,Sistema
2024-10-06T21:00:00,230.45082,Sistema
2024-10-06T22:00:00,238.40642,Sistema
2024-10-06T23:00:00,249.44482,Sistema
2024-10-06T24:00:00,264.3998,Sistema
2024-10-07T01:00:00,274.47603,Sistema
2024-10-07T02:00:00,284.37529,Sistema
2024-10-07T03:00:00,299.61107,Sistema
2024-10-07T04:00:00,306.28384,Sistema
2024-10-07T05:00:00,302.30809,Sistema
2024-10-07T06:00:00,301.39136,Sistema
2024-10-07T07:00:00,303.65286,Sistema
2024-10-07T08:00:00,281.07724,Sistema
2024-10-07T09:00:00,266.90292,Sistema
2024-10-07T10:00:00,258.49295,Sistema
2024-10-07T11:00:00,248.0933,Sistema
2024-10-07T12:00:00,238.9119,Sistema
2024-10-07T13:00:00,239.25587,Sistema
2024-10-07T14:00:00,240.84282,Sistema
2024-10-07T15:00:00,238.99543,Sistema
2024-10-07T16:00:00,240.74916,Sistema
2024-10-07T17:00:00,243.70417,Sistema
2024-10-07T18:00:00,245.45603,Sistema
2024-10-07T19:00:00,235.24701,Sistema
2024-10-07T20:00:00,236.09306,Sistema
2024-10-07T21:00:00,241.70366,Sistema
2024-10-07T22:00:00,253.48482,Sistema
2024-10-07T23:00:00,262.47761,Sistema
2024-10-07T24:00:00,274.64574,Sistema
2024-10-08T01:00:00,287.59721,Sistema
2024-10-08T02:00:00,298.51393,Sistema
2024-10-08T03:00:00,306.75458,Sistema
2024-10-08T04:00:00,310.03587,Sistema
2024-10-08T05:00:00,306.92367,Sistema
2024-10-08T06:00:00,296.7127,Sistema
2024-10-08T07:00:00,294.95689,Sistema
2024-10-08T08:00:00,275.31848,Sistema
2024-10-08T09:00:00,261.32448,Sistema
2024-10-08T10:00:00,255.90533,Sistema
2024-10-08T11:00:00,247.96679,Sistema
2024-10-08T12:00:00,243.35356,Sistema
2024-10-08T13:00:00,245.8994,Sistema
2024-10-08T14:00:00,244.18763,Sistema
2024-10-08T15:00:00,240.75186,Sistema
2024-10-08T16:00:00,244.09549,Sistema
2024-10-08T17:00:00,248.38891,Sistema
2024-10-08T18:00:00,254.5098,Sistema
2024-10-08T19:00:00,246.08715,Sistema
2024-10-08T20:00:00,248.08362,Sistema
2024-10-08T21:00:00,253.97028,Sistema
2024-10-08T22:00:00,256.11709,Sistema
2024-10-08T23:00:00,266.81823,Sistema
2024-10-08T24:00:00,285.16396,Sistema
2024-10-09T01:00:00,293.46136,Sistema
2024-10-09T02:00:00,301.0996,Sistema
2024-10-09T03:00:00,314.43406,Sistema
2024-10-09T04:00:00,319.96959,Sistema
2024-10-09T05:00:00,313.49751,Sistema
2024-10-09T06:00:00,303.54196,Sistema
2024-10-09T07:00:00,286.31125,Sistema
2024-10-09T08:00:00,276.16036,Sistema
2024-10-09T09:00:00,274.22246,Sistema
2024-10-09T10:00:00,263.71597,Sistema
2024-10-09T11:00:00,252.39423,Sistema
2024-10-09T12:00:00,243.88157,Sistema
2024-10-09T13:00:00,252.62715,Sistema
2024-10-09T14:00:00,253.69297,Sistema
2024-10-09T15:00:00,244.70014,Sistema
2024-10-09T16:00:00,248.59567,Sistema
2024-10-09T17:00:00,251.01123,Sistema
2024-10-09T18:00:00,255.40354,Sistema
2024-10-09T19:00:00,243.14397,Sistema
2024-10-09T20:00:00,244.19167,Sistema
2024-10-09T21:00:00,251.14572,Sistema
2024-10-09T22:00:00,263.16051,Sistema
2024-10-09T23:00:00,272.76864,Sistema
2024-10-09T24:00:00,284.17422,Sistema
2024-10-10T01:00:00,278.69919,Sistema
2024-10-10T02:00:00,283.13665,Sistema
2024-10-10T03:00:00,284.46202,Sistema
2024-10-10T04:00:00,289.09692,Sistema
2024-10-10T05:00:00,290.42156,Sistema
2024-10-10T06:00:00,284.93444,Sistema
2024-10-10T07:00:00,274.60648,Sistema
2024-10-10T08:00:00,258.1003,Sistema
2024-10-10T09:00:00,252.5514,Sistema
2024-10-10T10:00:00,240.71062,Sistema
2024-10-10T11:00:00,229.80092,Sistema
2024-10-10T12:00:00,229.05244,Sistema
2024-10-10T13:00:00,234.61052,Sistema
2024-10-10T14:00:00,236.41919,Sistema
2024-10-10T15:00:00,234.77139,Sistema
2024-10-10T16:00:00,235.39965,Sistema
2024-10-10T17:00:00,239.47196,Sistema
2024-10-10T18:00:00,243.09243,Sistema
2024-10-10T19:00:00,231.124,Sistema
2024-10-10T20:00:00,238.8907,Sistema
2024-10-10T21:00:00,249.73603,Sistema
2024-10-10T22:00:00,262.01159,Sistema
2024-10-10T23:00:00,272.92588,Sistema
2024-10-10T24:00:00,289.2138,Sistema
2024-10-11T01:00:00,268.81827,Sistema
2024-10-11T02:00:00,264.75729,Sistema
2024-10-11T03:00:00,265.06686,Sistema
2024-10-11T04:00:00,270.55585,Sistema
2024-10-11T05:00:00,268.78845,Sistema
2024-10-11T06:00:00,262.37795,Sistema
2024-10-11T07:00:00,252.84513,Sistema
2024-10-11T08:00:00,236.57355,Sistema
2024-10-11T09:00:00,225.62724,Sistema
2024-10-11T10:00:00,226.85907,Sistema
2024-10-11T11:00:00,220.48219,Sistema
2024-10-11T12:00:00,215.39723,Sistema
2024-10-11T13:00:00,222.19016,Sistema
2024-10-11T14:00:00,222.64537,Sistema
2024-10-11T15:00:00,219.12795,Sistema
2024-10-11T16:00:00,225.07041,Sistema
2024-10-11T17:00:00,230.6335,Sistema
2024-10-11T18:00:00,248.37131,Sistema
2024-10-11T19:00:00,241.28059,Sistema
2024-10-11T20:00:00,238.34584,Sistema
2024-10-11T21:00:00,242.41532,Sistema
2024-10-11T22:00:00,243.42427,Sistema
2024-10-11T23:00:00,249.99186,Sistema
2024-10-11T24:00:00,259.20592,Sistema
2024-10-12T01:00:00,241.12072,Sistema
2024-10-12T02:00:00,222.34662,Sistema
2024-10-12T03:00:00,204.17781,Sistema
2024-10-12T04:00:00,202.19044,Sistema
2024-10-12T05:00:00,203.42168,Sistema
2024-10-12T06:00:00,203.52014,Sistema
2024-10-12T07:00:00,197.5982,Sistema
2024-10-12T08:00:00,186.0305,Sistema
2024-10-12T09:00:00,172.41781,Sistema
2024-10-12T10:00:00,173.43148,Sistema
2024-10-12T11:00:00,159.51184,Sistema
2024-10-12T12:00:00,167.7214,Sistema
2024-10-12T13:00:00,169.06304,Sistema
2024-10-12T14:00:00,171.24584,Sistema
2024-10-12T15:00:00,176.95207,Sistema
2024-10-12T16:00:00,186.41318,Sistema
2024-10-12T17:00:00,203.84827,Sistema
2024-10-12T18:00:00,207.76899,Sistema
2024-10-12T19:00:00,198.93272,Sistema
2024-10-12T20:00:00,204.37663,Sistema
2024-10-12T21:00:00,211.7148,Sistema
2024-10-12T22:00:00,216.86227,Sistema
2024-10-12T23:00:00,218.86247,Sistema
2024-10-12T24:00:00,239.48605,Sistema
2024-10-13T01:00:00,245.30417,Sistema
2024-10-13T02:00:00,265.01441,Sistema
2024-10-13T03:00:00,275.91823,Sistema
2024-10-13T04:00:00,290.29765,Sistema
2024-10-13T05:00:00,293.36006,Sistema
2024-10-13T06:00:00,297.40645,Sistema
2024-10-13T07:00:00,286.44847,Sistema
2024-10-13T08:00:00,268.52865,Sistema
2024-10-13T09:00:00,245.14303,Sistema
2024-10-13T10:00:00,239.03772,Sistema
2024-10-13T11:00:00,236.59231,Sistema
2024-10-13T12:00:00,236.82354,Sistema
2024-10-13T13:00:00,250.65661,Sistema
2024-10-13T14:00:00,253.22186,Sistema
2024-10-13T15:00:00,262.78458,Sistema
2024-10-13T16:00:00,272.88944,Sistema
2024-10-13T17:00:00,298.39455,Sistema
2024-10-13T18:00:00,305.00608,Sistema
2024-10-13T19:00:00,280.07031,Sistema
2024-10-13T20:00:00,275.95774,Sistema
2024-10-13T21:00:00,282.20111,Sistema
2024-10-13T22:00:00,291.44104,Sistema
2024-10-13T23:00:00,300.12547,Sistema
2024-10-13T24:00:00,310.58813,Sistema
2024-10-14T01:00:00,295.47215,Sistema
2024-10-14T02:00:00,294.54858,Sistema
2024-10-14T03:00:00,285.61603,Sistema
2024-10-14T04:00:00,292.48531,Sistema
2024-10-14T05:00:00,295.95694,Sistema
2024-10-14T06:00:00,287.5669,Sistema
2024-10-14T07:00:00,292.95762,Sistema
2024-10-14T08:00:00,280.60291,Sistema
2024-10-14T09:00:00,265.32192,Sistema
2024-10-14T10:00:00,257.5955,Sistema
2024-10-14T11:00:00,252.57713,Sistema
2024-10-14T12:00:00,248.98648,Sistema
2024-10-14T13:00:00,249.2156,Sistema
2024-10-14T14:00:00,248.58622,Sistema
2024-10-14T15:00:00,261.11425,Sistema
2024-10-14T16:00:00,278.59057,Sistema
2024-10-14T17:00:00,285.48015,Sistema
2024-10-14T18:00:00,295.85696,Sistema
2024-10-14T19:00:00,277.47861,Sistema
2024-10-14T20:00:00,279.42944,Sistema
2024-10-14T21:00:00,286.95994,Sistema
2024-10-14T22:00:00,300.93535,Sistema
2024-10-14T23:00:00,316.11433,Sistema
2024-10-14T24:00:00,335.48371,Sistema
2024-10-15T01:00:00,341.06142,Sistema
2024-10-15T02:00:00,348.83931,Sistema
2024-10-15T03:00:00,362.17355,Sistema
2024-10-15T04:00:00,363.59726,Sistema
2024-10-15T05:00:00,357.87379,Sistema
2024-10-15T06:00:00,332.2794,Sistema
2024-10-15T07:00:00,335.73033,Sistema
2024-10-15T08:00:00,321.5346,Sistema
2024-10-15T09:00:00,306.3604,Sistema
2024-10-15T10:00:00,301.44635,Sistema
2024-10-15T11:00:00,293.3008,Sistema
2024-10-15T12:00:00,285.67627,Sistema
2024-10-15T13:00:00,291.69933,Sistema
2024-10-15T14:00:00,282.44861,Sistema
2024-10-15T15:00:00,272.76958,Sistema
2024-10-15T16:00:00,269.3452,Sistema
2024-10-15T17:00:00,273.45106,Sistema
2024-10-15T18:00:00,280.73678,Sistema
2024-10-15T19:00:00,271.98813,Sistema
2024-10-15T20:00:00,273.16279,Sistema
2024-10-15T21:00:00,279.4285,Sistema
2024-10-15T22:00:00,292.71747,Sistema
2024-10-15T23:00:00,312.9512,Sistema
2024-10-15T24:00:00,329.70941,Sistema
2024-10-16T01:00:00,349.6911,Sistema
2024-10-16T02:00:00,324.90603,Sistema
2024-10-16T03:00:00,320.10007,Sistema
2024-10-16T04:00:00,325.33014,Sistema
2024-10-16T05:00:00,319.43038,Sistema
2024-10-16T06:00:00,316.05307,Sistema
2024-10-16T07:00:00,309.33661,Sistema
2024-10-16T08:00:00,295.73434,Sistema
2024-10-16T09:00:00,285.50433,Sistema
2024-10-16T10:00:00,280.16629,Sistema
2024-10-16T11:00:00,272.51939,Sistema
2024-10-16T12:00:00,271.88459,Sistema
2024-10-16T13:00:00,279.24544,Sistema
2024-10-16T14:00:00,282.97786,Sistema
2024-10-16T15:00:00,277.3739,Sistema
2024-10-16T16:00:00,281.56656,Sistema
2024-10-16T17:00:00,292.86695,Sistema
2024-10-16T18:00:00,299.69898,Sistema
2024-10-16T19:00:00,291.22987,Sistema
2024-10-16T20:00:00,293.6258,Sistema
2024-10-16T21:00:00,301.53684,Sistema
2024-10-16T22:00:00,316.1106,Sistema
2024-10-16T23:00:00,337.19497,Sistema
2024-10-16T24:00:00,357.66428,Sistema
2024-10-17T01:00:00,354.37496,Sistema
2024-10-17T02:00:00,372.89162,Sistema
2024-10-17T03:00:00,374.28359,Sistema
2024-10-17T04:00:00,374.1154,Sistema
2024-10-17T05:00:00,379.21306,Sistema
2024-10-17T06:00:00,374.74393,Sistema
2024-10-17T07:00:00,359.90354,Sistema
2024-10-17T08:00:00,330.20235,Sistema
2024-10-17T09:00:00,306.565,Sistema
2024-10-17T10:00:00,299.36239,Sistema
2024-10-17T11:00:00,305.58949,Sistema
2024-10-17T12:00:00,299.29919,Sistema
2024-10-17T13:00:00,302.21976,Sistema
2024-10-17T14:00:00,297.79672,Sistema
2024-10-17T15:00:00,291.81052,Sistema
2024-10-17T16:00:00,290.40884,Sistema
2024-10-17T17:00:00,295.31018,Sistema
2024-10-17T18:00:00,298.85357,Sistema
2024-10-17T19:00:00,286.27093,Sistema
2024-10-17T20:00:00,289.92236,Sistema
2024-10-17T21:00:00,298.33903,Sistema
2024-10-17T22:00:00,311.17784,Sistema
2024-10-17T23:00:00,330.52169,Sistema
2024-10-17T24:00:00,354.00883,Sistema
2024-10-18T01:00:00,363.62743,Sistema
2024-10-18T02:00:00,373.48006,Sistema
2024-10-18T03:00:00,383.15532,Sistema
2024-10-18T04:00:00,387.56272,Sistema
2024-10-18T05:00:00,373.14209,Sistema
2024-10-18T06:00:00,362.04127,Sistema
2024-10-18T07:00:00,347.46365,Sistema
2024-10-18T08:00:00,324.55292,Sistema
2024-10-18T09:00:00,313.87604,Sistema
2024-10-18T10:00:00,305.80742,Sistema
2024-10-18T11:00:00,287.76439,Sistema
2024-10-18T12:00:00,283.23957,Sistema
2024-10-18T13:00:00,286.25128,Sistema
2024-10-18T14:00:00,281.84167,Sistema
2024-10-18T15:00:00,278.6346,Sistema
2024-10-18T16:00:00,282.65292,Sistema
2024-10-18T17:00:00,289.83075,Sistema
2024-10-18T18:00:00,295.34133,Sistema
2024-10-18T19:00:00,282.32298,Sistema
2024-10-18T20:00:00,283.4363,Sistema
2024-10-18T21:00:00,289.86628,Sistema
2024-10-18T22:00:00,299.77969,Sistema
2024-10-18T23:00:00,312.91038,Sistema
2024-10-18T24:00:00,328.32777,Sistema
2024-10-19T01:00:00,342.77189,Sistema
2024-10-19T02:00:00,352.05462,Sistema
2024-10-19T03:00:00,360.55937,Sistema
2024-10-19T04:00:00,362.50215,Sistema
2024-10-19T05:00:00,350.96039,Sistema
2024-10-19T06:00:00,350.69317,Sistema
2024-10-19T07:00:00,338.16022,Sistema
2024-10-19T08:00:00,317.68131,Sistema
2024-10-19T09:00:00,300.44516,Sistema
2024-10-19T10:00:00,290.1638,Sistema
2024-10-19T11:00:00,280.54183,Sistema
2024-10-19T12:00:00,278.07216,Sistema
2024-10-19T13:00:00,285.01249,Sistema
2024-10-19T14:00:00,293.82056,Sistema
2024-10-19T15:00:00,300.09774,Sistema
2024-10-19T16:00:00,308.61228,Sistema
2024-10-19T17:00:00,316.90787,Sistema
2024-10-19T18:00:00,319.0463,Sistema
2024-10-19T19:00:00,300.93925,Sistema
2024-10-19T20:00:00,312.13007,Sistema
2024-10-19T21:00:00,312.00206,Sistema
2024-10-19T22:00:00,329.57528,Sistema
2024-10-19T23:00:00,344.59146,Sistema
2024-10-19T24:00:00,356.81097,Sistema
2024-10-20T01:00:00,342.18049,Sistema
2024-10-20T02:00:00,333.70026,Sistema
2024-10-20T03:00:00,343.59588,Sistema
2024-10-20T04:00:00,337.69093,Sistema
2024-10-20T05:00:00,332.04748,Sistema
2024-10-20T06:00:00,333.36093,Sistema
2024-10-20T07:00:00,319.1276,Sistema
2024-10-20T08:00:00,307.28745,Sistema
2024-10-20T09:00:00,287.59008,Sistema
2024-10-20T10:00:00,274.68017,Sistema
2024-10-20T11:00:00,265.51337,Sistema
2024-10-20T12:00:00,269.3325,Sistema
2024-10-20T13:00:00,265.42566,Sistema
2024-10-20T14:00:00,253.56883,Sistema
2024-10-20T15:00:00,253.83761,Sistema
2024-10-20T16:00:00,260.91548,Sistema
2024-10-20T17:00:00,270.62798,Sistema
2024-10-20T18:00:00,279.1397,Sistema
2024-10-20T19:00:00,262.9744,Sistema
2024-10-20T20:00:00,257.65778,Sistema
2024-10-20T21:00:00,265.7507,Sistema
2024-10-20T22:00:00,270.92273,Sistema
2024-10-20T23:00:00,281.83074,Sistema
2024-10-20T24:00:00,293.84333,Sistema
2024-10-21T01:00:00,270.59185,Sistema
2024-10-21T02:00:00,253.74558,Sistema
2024-10-21T03:00:00,253.60677,Sistema
2024-10-21T04:00:00,256.5712,Sistema
2024-10-21T05:00:00,248.31855,Sistema
2024-10-21T06:00:00,242.79523,Sistema
2024-10-21T07:00:00,237.44215,Sistema
2024-10-21T08:00:00,224.84314,Sistema
2024-10-21T09:00:00,216.40365,Sistema
2024-10-21T10:00:00,210.31459,Sistema
2024-10-21T11:00:00,202.89344,Sistema
2024-10-21T12:00:00,200.79882,Sistema
2024-10-21T13:00:00,210.0451,Sistema
2024-10-21T14:00:00,211.81441,Sistema
2024-10-21T15:00:00,208.92428,Sistema
2024-10-21T16:00:00,216.93238,Sistema
2024-10-21T17:00:00,226.29542,Sistema
2024-10-21T18:00:00,240.33068,Sistema
2024-10-21T19:00:00,243.24108,Sistema
2024-10-21T20:00:00,249.85259,Sistema
2024-10-21T21:00:00,255.97335,Sistema
2024-10-21T22:00:00,263.82585,Sistema
2024-10-21T23:00:00,260.83762,Sistema
2024-10-21T24:00:00,257.505,Sistema
2024-10-22T01:00:00,255.37999,Sistema
2024-10-22T02:00:00,264.43366,Sistema
2024-10-22T03:00:00,266.60224,Sistema
2024-10-22T04:00:00,262.02573,Sistema
2024-10-22T05:00:00,257.66183,Sistema
2024-10-22T06:00:00,254.87648,Sistema
2024-10-22T07:00:00,251.58378,Sistema
2024-10-22T08:00:00,240.01914,Sistema
2024-10-22T09:00:00,218.77393,Sistema
2024-10-22T10:00:00,200.21766,Sistema
2024-10-22T11:00:00,197.005,Sistema
2024-10-22T12:00:00,198.63259,Sistema
2024-10-22T13:00:00,208.62758,Sistema
2024-10-22T14:00:00,201.99109,Sistema
2024-10-22T15:00:00,201.73947,Sistema
2024-10-22T16:00:00,211.7883,Sistema
2024-10-22T17:00:00,227.6719,Sistema
2024-10-22T18:00:00,241.45635,Sistema
2024-10-22T19:00:00,247.36901,Sistema
2024-10-22T20:00:00,252.9061,Sistema
2024-10-22T21:00:00,250.94151,Sistema
2024-10-22T22:00:00,250.3607,Sistema
2024-10-22T23:00:00,248.25879,Sistema
2024-10-22T24:00:00,258.29004,Sistema
2024-10-23T01:00:00,274.08314,Sistema
2024-10-23T02:00:00,291.45237,Sistema
2024-10-23T03:00:00,286.81325,Sistema
2024-10-23T04:00:00,285.74038,Sistema
2024-10-23T05:00:00,282.44753,Sistema
2024-10-23T06:00:00,275.91403,Sistema
2024-10-23T07:00:00,275.58647,Sistema
2024-10-23T08:00:00,256.93093,Sistema
2024-10-23T09:00:00,244.60141,Sistema
2024-10-23T10:00:00,236.82418,Sistema
2024-10-23T11:00:00,231.86976,Sistema
2024-10-23T12:00:00,231.0763,Sistema
2024-10-23T13:00:00,233.10567,Sistema
2024-10-23T14:00:00,224.82543,Sistema
2024-10-23T15:00:00,223.02835,Sistema
2024-10-23T16:00:00,229.48355,Sistema
2024-10-23T17:00:00,246.8669,Sistema
2024-10-23T18:00:00,258.47386,Sistema
2024-10-23T19:00:00,253.51963,Sistema
2024-10-23T20:00:00,258.85023,Sistema
2024-10-23T21:00:00,263.08079,Sistema
2024-10-23T22:00:00,271.56015,Sistema
2024-10-23T23:00:00,289.9029,Sistema
2024-10-23T24:00:00,309.49642,Sistema
2024-10-24T01:00:00,316.66396,Sistema
2024-10-24T02:00:00,326.84115,Sistema
2024-10-24T03:00:00,346.46342,Sistema
2024-10-24T04:00:00,351.49114,Sistema
2024-10-24T05:00:00,337.72431,Sistema
2024-10-24T06:00:00,323.11942,Sistema
2024-10-24T07:00:00,319.10268,Sistema
2024-10-24T08:00:00,304.55208,Sistema
2024-10-24T09:00:00,289.94611,Sistema
2024-10-24T10:00:00,280.62289,Sistema
2024-10-24T11:00:00,267.86649,Sistema
2024-10-24T12:00:00,259.37632,Sistema
2024-10-24T13:00:00,257.64394,Sistema
2024-10-24T14:00:00,252.18648,Sistema
2024-10-24T15:00:00,244.74569,Sistema
2024-10-24T16:00:00,248.38418,Sistema
2024-10-24T17:00:00,251.01544,Sistema
2024-10-24T18:00:00,255.44747,Sistema
2024-10-24T19:00:00,243.14942,Sistema
2024-10-24T20:00:00,238.85426,Sistema
2024-10-24T21:00:00,241.49886,Sistema
2024-10-24T22:00:00,252.71297,Sistema
2024-10-24T23:00:00,269.68801,Sistema
2024-10-24T24:00:00,287.08907,Sistema
2024-10-25T01:00:00,305.30718,Sistema
2024-10-25T02:00:00,314.64479,Sistema
2024-10-25T03:00:00,324.72163,Sistema
2024-10-25T04:00:00,340.35041,Sistema
2024-10-25T05:00:00,335.05682,Sistema
2024-10-25T06:00:00,324.58597,Sistema
2024-10-25T07:00:00,318.8635,Sistema
2024-10-25T08:00:00,307.0004,Sistema
2024-10-25T09:00:00,291.26974,Sistema
2024-10-25T10:00:00,280.51111,Sistema
2024-10-25T11:00:00,269.13507,Sistema
2024-10-25T12:00:00,260.88208,Sistema
2024-10-25T13:00:00,262.82486,Sistema
2024-10-25T14:00:00,260.17697,Sistema
2024-10-25T15:00:00,250.87188,Sistema
2024-10-25T16:00:00,250.76918,Sistema
2024-10-25T17:00:00,259.03447,Sistema
2024-10-25T18:00:00,263.53612,Sistema
2024-10-25T19:00:00,246.54436,Sistema
2024-10-25T20:00:00,255.00813,Sistema
2024-10-25T21:00:00,260.25502,Sistema
2024-10-25T22:00:00,271.11197,Sistema
2024-10-25T23:00:00,274.59152,Sistema
2024-10-25T24:00:00,286.14132,Sistema
2024-10-26T01:00:00,281.67225,Sistema
2024-10-26T02:00:00,288.8038,Sistema
2024-10-26T03:00:00,299.7946,Sistema
2024-10-26T04:00:00,309.01936,Sistema
2024-10-26T05:00:00,317.782,Sistema
2024-10-26T06:00:00,317.58215,Sistema
2024-10-26T07:00:00,311.81664,Sistema
2024-10-26T08:00:00,287.7296,Sistema
2024-10-26T09:00:00,276.09766,Sistema
2024-10-26T10:00:00,267.70319,Sistema
2024-10-26T11:00:00,259.79393,Sistema
2024-10-26T12:00:00,254.45709,Sistema
2024-10-26T13:00:00,254.75317,Sistema
2024-10-26T14:00:00,255.55306,Sistema
2024-10-26T15:00:00,255.86595,Sistema
2024-10-26T16:00:00,254.05119,Sistema
2024-10-26T17:00:00,254.56745,Sistema
2024-10-26T18:00:00,251.04184,Sistema
2024-10-26T19:00:00,237.082,Sistema
2024-10-26T20:00:00,233.53548,Sistema
2024-10-26T21:00:00,240.12412,Sistema
2024-10-26T22:00:00,250.61721,Sistema
2024-10-26T23:00:00,262.44881,Sistema
2024-10-26T24:00:00,271.48719,Sistema
2024-10-27T01:00:00,266.84644,Sistema
2024-10-27T02:00:00,248.4475,Sistema
2024-10-27T03:00:00,246.49975,Sistema
2024-10-27T04:00:00,246.1753,Sistema
2024-10-27T05:00:00,241.80386,Sistema
2024-10-27T06:00:00,238.11773,Sistema
2024-10-27T07:00:00,221.89826,Sistema
2024-10-27T08:00:00,211.11483,Sistema
2024-10-27T09:00:00,204.2599,Sistema
2024-10-27T10:00:00,203.72001,Sistema
2024-10-27T11:00:00,208.25822,Sistema
2024-10-27T12:00:00,214.85107,Sistema
2024-10-27T13:00:00,217.16669,Sistema
2024-10-27T14:00:00,226.15847,Sistema
2024-10-27T15:00:00,233.03157,Sistema
2024-10-27T16:00:00,237.9858,Sistema
2024-10-27T17:00:00,244.22726,Sistema
2024-10-27T18:00:00,253.11019,Sistema
2024-10-27T19:00:00,249.54185,Sistema
2024-10-27T20:00:00,264.6568,Sistema
2024-10-27T21:00:00,268.15126,Sistema
2024-10-27T22:00:00,273.63061,Sistema
2024-10-27T23:00:00,286.2311,Sistema
2024-10-27T24:00:00,298.03297,Sistema
2024-10-28T01:00:00,319.06199,Sistema
2024-10-28T02:00:00,340.84421,Sistema
2024-10-28T03:00:00,348.80549,Sistema
2024-10-28T04:00:00,357.99886,Sistema
2024-10-28T05:00:00,348.0076,Sistema
2024-10-28T06:00:00,307.20459,Sistema
2024-10-28T07:00:00,306.56118,Sistema
2024-10-28T08:00:00,297.7158,Sistema
2024-10-28T09:00:00,284.45413,Sistema
2024-10-28T10:00:00,270.95467,Sistema
2024-10-28T11:00:00,269.3736,Sistema
2024-10-28T12:00:00,257.65402,Sistema
2024-10-28T13:00:00,261.15549,Sistema
2024-10-28T14:00:00,260.57299,Sistema
2024-10-28T15:00:00,271.46998,Sistema
2024-10-28T16:00:00,281.66172,Sistema
2024-10-28T17:00:00,291.85068,Sistema
2024-10-28T18:00:00,296.6942,Sistema
2024-10-28T19:00:00,283.58827,Sistema
2024-10-28T20:00:00,286.233,Sistema
2024-10-28T21:00:00,291.59444,Sistema
2024-10-28T22:00:00,298.92005,Sistema
2024-10-28T23:00:00,316.97414,Sistema
2024-10-28T24:00:00,335.1738,Sistema
2024-10-29T01:00:00,343.53054,Sistema
2024-10-29T02:00:00,354.80674,Sistema
2024-10-29T03:00:00,368.74148,Sistema
2024-10-29T04:00:00,374.18907,Sistema
2024-10-29T05:00:00,366.08137,Sistema
2024-10-29T06:00:00,350.49977,Sistema
2024-10-29T07:00:00,344.92776,Sistema
2024-10-29T08:00:00,324.56852,Sistema
2024-10-29T09:00:00,307.97109,Sistema
2024-10-29T10:00:00,298.40844,Sistema
2024-10-29T11:00:00,285.94819,Sistema
2024-10-29T12:00:00,278.67675,Sistema
2024-10-29T13:00:00,281.99521,Sistema
2024-10-29T14:00:00,281.44996,Sistema
2024-10-29T15:00:00,278.70503,Sistema
2024-10-29T16:00:00,277.01742,Sistema
2024-10-29T17:00:00,280.30919,Sistema
2024-10-29T18:00:00,283.21582,Sistema
2024-10-29T19:00:00,272.67771,Sistema
2024-10-29T20:00:00,276.4732,Sistema
2024-10-29T21:00:00,284.74558,Sistema
2024-10-29T22:00:00,300.60385,Sistema
2024-10-29T23:00:00,312.47975,Sistema
2024-10-29T24:00:00,328.94037,Sistema
2024-10-30T01:00:00,345.09344,Sistema
2024-10-30T02:00:00,357.82248,Sistema
2024-10-30T03:00:00,371.83798,Sistema
2024-10-30T04:00:00,385.93528,Sistema
2024-10-30T05:00:00,380.34091,Sistema
2024-10-30T06:00:00,364.43119,Sistema
2024-10-30T07:00:00,358.27142,Sistema
2024-10-30T08:00:00,343.07625,Sistema
2024-10-30T09:00:00,329.73407,Sistema
2024-10-30T10:00:00,326.10134,Sistema
2024-10-30T11:00:00,315.75272,Sistema
2024-10-30T12:00:00,306.66906,Sistema
2024-10-30T13:00:00,308.52585,Sistema
2024-10-30T14:00:00,304.35703,Sistema
2024-10-30T15:00:00,299.42709,Sistema
2024-10-30T16:00:00,300.53993,Sistema
2024-10-30T17:00:00,305.42931,Sistema
2024-10-30T18:00:00,306.45083,Sistema
2024-10-30T19:00:00,295.14074,Sistema
2024-10-30T20:00:00,296.39246,Sistema
2024-10-30T21:00:00,304.76245,Sistema
2024-10-30T22:00:00,315.93322,Sistema
2024-10-30T23:00:00,321.49626,Sistema
2024-10-30T24:00:00,325.55757,Sistema
2024-10-31T01:00:00,306.40963,Sistema
2024-10-31T02:00:00,310.5026,Sistema
2024-10-31T03:00:00,320.83844,Sistema
2024-10-31T04:00:00,327.92477,Sistema
2024-10-31T05:00:00,321.14861,Sistema
2024-10-31T06:00:00,304.92881,Sistema
2024-10-31T07:00:00,298.49241,Sistema
2024-10-31T08:00:00,285.5383,Sistema
2024-10-31T09:00:00,274.10059,Sistema
2024-10-31T10:00:00,268.82094,Sistema
2024-10-31T11:00:00,260.60574,Sistema
2024-10-31T12:00:00,252.7171,Sistema
2024-10-31T13:00:00,243.35842,Sistema
2024-10-31T14:00:00,240.92725,Sistema
2024-10-31T15:00:00,236.59383,Sistema
2024-10-31T16:00:00,235.10688,Sistema
2024-10-31T17:00:00,241.20584,Sistema
2024-10-31T18:00:00,244.6417,Sistema
2024-10-31T19:00:00,237.03486,Sistema
2024-10-31T20:00:00,242.30545,Sistema
2024-10-31T21:00:00,249.18427,Sistema
2024-10-31T22:00:00,256.53426,Sistema
2024-10-31T23:00:00,268.12885,Sistema
2024-10-31T24:00:00,281.5561,Sistema
2024-11-01T01:00:00,314.6833,Sistema
2024-11-01T02:00:00,323.97578,Sistema
2024-11-01T03:00:00,330.97215,Sistema
2024-11-01T04:00:00,330.48792,Sistema
2024-11-01T05:00:00,326.07209,Sistema
2024-11-01T06:00:00,314.9156,Sistema
2024-11-01T07:00:00,306.96492,Sistema
2024-11-01T08:00:00,291.10667,Sistema
2024-11-01T09:00:00,277.21458,Sistema
2024-11-01T10:00:00,269.99525,Sistema
2024-11-01T11:00:00,260.54275,Sistema
2024-11-01T12:00:00,254.06323,Sistema
2024-11-01T13:00:00,254.95076,Sistema
2024-11-01T14:00:00,255.18863,Sistema
2024-11-01T15:00:00,253.87544,Sistema
2024-11-01T16:00:00,252.76072,Sistema
2024-11-01T17:00:00,257.01551,Sistema
2024-11-01T18:00:00,254.02631,Sistema
2024-11-01T19:00:00,240.09658,Sistema
2024-11-01T20:00:00,242.09192,Sistema
2024-11-01T21:00:00,249.33817,Sistema
2024-11-01T22:00:00,261.28773,Sistema
2024-11-01T23:00:00,280.29973,Sistema
2024-11-01T24:00:00,296.49223,Sistema
2024-11-02T01:00:00,313.76055,Sistema
2024-11-02T02:00:00,325.30561,Sistema
2024-11-02T03:00:00,334.32008,Sistema
2024-11-02T04:00:00,338.43981,Sistema
2024-11-02T05:00:00,335.85994,Sistema
2024-11-02T06:00:00,330.03187,Sistema
2024-11-02T07:00:00,324.20577,Sistema
2024-11-02T08:00:00,304.6392,Sistema
2024-11-02T09:00:00,287.57074,Sistema
2024-11-02T10:00:00,275.56039,Sistema
2024-11-02T11:00:00,265.85567,Sistema
2024-11-02T12:00:00,260.87483,Sistema
2024-11-02T13:00:00,262.84494,Sistema
2024-11-02T14:00:00,264.41143,Sistema
2024-11-02T15:00:00,265.91498,Sistema
2024-11-02T16:00:00,267.89493,Sistema
2024-11-02T17:00:00,262.62606,Sistema
2024-11-02T18:00:00,270.8578,Sistema
2024-11-02T19:00:00,258.46089,Sistema
2024-11-02T20:00:00,260.42322,Sistema
2024-11-02T21:00:00,268.66139,Sistema
2024-11-02T22:00:00,279.53142,Sistema
2024-11-02T23:00:00,295.54022,Sistema
2024-11-02T24:00:00,305.69806,Sistema
2024-11-03T01:00:00,304.04513,Sistema
2024-11-03T02:00:00,300.65669,Sistema
2024-11-03T03:00:00,309.51407,Sistema
2024-11-03T04:00:00,313.91164,Sistema
2024-11-03T05:00:00,314.41509,Sistema
2024-11-03T06:00:00,314.78909,Sistema
2024-11-03T07:00:00,321.99365,Sistema
2024-11-03T08:00:00,292.88374,Sistema
2024-11-03T09:00:00,266.48204,Sistema
2024-11-03T10:00:00,263.55209,Sistema
2024-11-03T11:00:00,276.62334,Sistema
2024-11-03T12:00:00,265.25248,Sistema
2024-11-03T13:00:00,257.76357,Sistema
2024-11-03T14:00:00,252.11115,Sistema
2024-11-03T15:00:00,254.73304,Sistema
2024-11-03T16:00:00,258.0599,Sistema
2024-11-03T17:00:00,263.25442,Sistema
2024-11-03T18:00:00,258.43911,Sistema
2024-11-03T19:00:00,243.31647,Sistema
2024-11-03T20:00:00,233.34898,Sistema
2024-11-03T21:00:00,228.44176,Sistema
2024-11-03T22:00:00,237.95349,Sistema
2024-11-03T23:00:00,249.8053,Sistema
2024-11-03T24:00:00,273.97322,Sistema
2024-11-04T01:00:00,298.4539,Sistema
2024-11-04T02:00:00,308.53063,Sistema
2024-11-04T03:00:00,318.5461,Sistema
2024-11-04T04:00:00,326.59519,Sistema
2024-11-04T05:00:00,326.51038,Sistema
2024-11-04T06:00:00,325.11176,Sistema
2024-11-04T07:00:00,333.04417,Sistema
2024-11-04T08:00:00,318.89147,Sistema
2024-11-04T09:00:00,305.06429,Sistema
2024-11-04T10:00:00,296.5954,Sistema
2024-11-04T11:00:00,287.71188,Sistema
2024-11-04T12:00:00,276.65273,Sistema
2024-11-04T13:00:00,271.92644,Sistema
2024-11-04T14:00:00,273.53483,Sistema
2024-11-04T15:00:00,274.21852,Sistema
2024-11-04T16:00:00,276.21145,Sistema
2024-11-04T17:00:00,276.34729,Sistema
2024-11-04T18:00:00,272.19746,Sistema
2024-11-04T19:00:00,252.27475,Sistema
2024-11-04T20:00:00,251.2144,Sistema
2024-11-04T21:00:00,257.43482,Sistema
2024-11-04T22:00:00,268.83652,Sistema
2024-11-04T23:00:00,285.45294,Sistema
2024-11-04T24:00:00,305.84031,Sistema
2024-11-05T01:00:00,321.65959,Sistema
2024-11-05T02:00:00,320.19178,Sistema
2024-11-05T03:00:00,326.46831,Sistema
2024-11-05T04:00:00,330.65335,Sistema
2024-11-05T05:00:00,326.96545,Sistema
2024-11-05T06:00:00,318.80132,Sistema
2024-11-05T07:00:00,307.54316,Sistema
2024-11-05T08:00:00,282.42067,Sistema
2024-11-05T09:00:00,265.31338,Sistema
2024-11-05T10:00:00,273.06345,Sistema
2024-11-05T11:00:00,253.94423,Sistema
2024-11-05T12:00:00,248.89695,Sistema
2024-11-05T13:00:00,258.52864,Sistema
2024-11-05T14:00:00,266.22759,Sistema
2024-11-05T15:00:00,264.21865,Sistema
2024-11-05T16:00:00,262.67239,Sistema
2024-11-05T17:00:00,264.08525,Sistema
2024-11-05T18:00:00,265.06902,Sistema
2024-11-05T19:00:00,255.76903,Sistema
2024-11-05T20:00:00,256.68462,Sistema
2024-11-05T21:00:00,259.58159,Sistema
2024-11-05T22:00:00,267.51608,Sistema
2024-11-05T23:00:00,280.04852,Sistema
2024-11-05T24:00:00,290.97083,Sistema
2024-11-06T01:00:00,281.21239,Sistema
2024-11-06T02:00:00,272.21079,Sistema
2024-11-06T03:00:00,267.70606,Sistema
2024-11-06T04:00:00,271.80019,Sistema
2024-11-06T05:00:00,273.02656,Sistema
2024-11-06T06:00:00,269.12938,Sistema
2024-11-06T07:00:00,251.39872,Sistema
2024-11-06T08:00:00,235.60425,Sistema
2024-11-06T09:00:00,222.16831,Sistema
2024-11-06T10:00:00,218.27243,Sistema
2024-11-06T11:00:00,220.692,Sistema
2024-11-06T12:00:00,221.92384,Sistema
2024-11-06T13:00:00,225.97208,Sistema
2024-11-06T14:00:00,234.44814,Sistema
2024-11-06T15:00:00,233.96947,Sistema
2024-11-06T16:00:00,232.25095,Sistema
2024-11-06T17:00:00,236.13985,Sistema
2024-11-06T18:00:00,244.69159,Sistema
2024-11-06T19:00:00,243.46574,Sistema
2024-11-06T20:00:00,254.8666,Sistema
2024-11-06T21:00:00,261.92642,Sistema
2024-11-06T22:00:00,275.47587,Sistema
2024-11-06T23:00:00,287.53462,Sistema
2024-11-06T24:00:00,280.33505,Sistema
2024-11-07T01:00:00,289.04938,Sistema
2024-11-07T02:00:00,299.28405,Sistema
2024-11-07T03:00:00,293.92988,Sistema
2024-11-07T04:00:00,293.87228,Sistema
2024-11-07T05:00:00,292.76336,Sistema
2024-11-07T06:00:00,291.38789,Sistema
2024-11-07T07:00:00,290.43146,Sistema
2024-11-07T08:00:00,271.83629,Sistema
2024-11-07T09:00:00,278.3771,Sistema
2024-11-07T10:00:00,275.70638,Sistema
2024-11-07T11:00:00,268.78497,Sistema
2024-11-07T12:00:00,264.81325,Sistema
2024-11-07T13:00:00,264.30621,Sistema
2024-11-07T14:00:00,262.22919,Sistema
2024-11-07T15:00:00,259.59787,Sistema
2024-11-07T16:00:00,258.98174,Sistema
2024-11-07T17:00:00,259.91182,Sistema
2024-11-07T18:00:00,258.88077,Sistema
2024-11-07T19:00:00,253.69605,Sistema
2024-11-07T20:00:00,258.23738,Sistema
2024-11-07T21:00:00,267.39437,Sistema
2024-11-07T22:00:00,278.23555,Sistema
2024-11-07T23:00:00,294.1306,Sistema
2024-11-07T24:00:00,294.23986,Sistema
2024-11-08T01:00:00,296.61314,Sistema
2024-11-08T02:00:00,292.1189,Sistema
2024-11-08T03:00:00,292.85056,Sistema
2024-11-08T04:00:00,296.67254,Sistema
2024-11-08T05:00:00,303.02016,Sistema
2024-11-08T06:00:00,297.27796,Sistema
2024-11-08T07:00:00,298.40867,Sistema
2024-11-08T08:00:00,287.81341,Sistema
2024-11-08T09:00:00,272.27475,Sistema
2024-11-08T10:00:00,265.65273,Sistema
2024-11-08T11:00:00,259.81519,Sistema
2024-11-08T12:00:00,252.55391,Sistema
2024-11-08T13:00:00,256.74913,Sistema
2024-11-08T14:00:00,258.0408,Sistema
2024-11-08T15:00:00,256.87252,Sistema
2024-11-08T16:00:00,259.50148,Sistema
2024-11-08T17:00:00,265.89135,Sistema
2024-11-08T18:00:00,264.2705,Sistema
2024-11-08T19:00:00,258.58113,Sistema
2024-11-08T20:00:00,266.7104,Sistema
2024-11-08T21:00:00,273.35835,Sistema
2024-11-08T22:00:00,286.72818,Sistema
2024-11-08T23:00:00,291.94824,Sistema
2024-11-08T24:00:00,288.98266,Sistema
2024-11-09T01:00:00,280.46474,Sistema
2024-11-09T02:00:00,281.68082,Sistema
2024-11-09T03:00:00,283.59659,Sistema
2024-11-09T04:00:00,286.93007,Sistema
2024-11-09T05:00:00,287.59051,Sistema
2024-11-09T06:00:00,289.23165,Sistema
2024-11-09T07:00:00,280.22986,Sistema
2024-11-09T08:00:00,261.91218,Sistema
2024-11-09T09:00:00,259.11901,Sistema
2024-11-09T10:00:00,251.6984,Sistema
2024-11-09T11:00:00,244.17394,Sistema
2024-11-09T12:00:00,242.74374,Sistema
2024-11-09T13:00:00,242.78547,Sistema
2024-11-09T14:00:00,243.11509,Sistema
2024-11-09T15:00:00,247.09564,Sistema
2024-11-09T16:00:00,255.51079,Sistema
2024-11-09T17:00:00,261.1639,Sistema
2024-11-09T18:00:00,261.46902,Sistema
2024-11-09T19:00:00,262.37494,Sistema
2024-11-09T20:00:00,265.13748,Sistema
2024-11-09T21:00:00,273.69428,Sistema
2024-11-09T22:00:00,273.69854,Sistema
2024-11-09T23:00:00,280.28131,Sistema
2024-11-09T24:00:00,257.74653,Sistema
2024-11-10T01:00:00,245.7041,Sistema
2024-11-10T02:00:00,244.0452,Sistema
2024-11-10T03:00:00,244.22703,Sistema
2024-11-10T04:00:00,234.10664,Sistema
2024-11-10T05:00:00,244.06463,Sistema
2024-11-10T06:00:00,249.41307,Sistema
2024-11-10T07:00:00,260.16999,Sistema
2024-11-10T08:00:00,236.60171,Sistema
2024-11-10T09:00:00,213.86266,Sistema
2024-11-10T10:00:00,226.15892,Sistema
2024-11-10T11:00:00,233.33471,Sistema
2024-11-10T12:00:00,224.83181,Sistema
2024-11-10T13:00:00,230.10077,Sistema
2024-11-10T14:00:00,231.55165,Sistema
2024-11-10T15:00:00,226.71509,Sistema
2024-11-10T16:00:00,225.06138,Sistema
2024-11-10T17:00:00,242.76119,Sistema
2024-11-10T18:00:00,258.35599,Sistema
2024-11-10T19:00:00,247.39078,Sistema
2024-11-10T20:00:00,249.00407,Sistema
2024-11-10T21:00:00,248.03069,Sistema
2024-11-10T22:00:00,252.44095,Sistema
2024-11-10T23:00:00,258.82587,Sistema
2024-11-10T24:00:00,259.71496,Sistema
2024-11-11T01:00:00,262.50936,Sistema
2024-11-11T02:00:00,263.21494,Sistema
2024-11-11T03:00:00,266.37836,Sistema
2024-11-11T04:00:00,267.71701,Sistema
2024-11-11T05:00:00,266.29235,Sistema
2024-11-11T06:00:00,262.89494,Sistema
2024-11-11T07:00:00,261.61598,Sistema
2024-11-11T08:00:00,250.43045,Sistema
2024-11-11T09:00:00,254.96498,Sistema
2024-11-11T10:00:00,244.62798,Sistema
2024-11-11T11:00:00,210.15605,Sistema
2024-11-11T12:00:00,189.50102,Sistema
2024-11-11T13:00:00,186.47347,Sistema
2024-11-11T14:00:00,193.27914,Sistema
2024-11-11T15:00:00,208.05098,Sistema
2024-11-11T16:00:00,235.39136,Sistema
2024-11-11T17:00:00,258.61959,Sistema
2024-11-11T18:00:00,257.02486,Sistema
2024-11-11T19:00:00,249.94067,Sistema
2024-11-11T20:00:00,251.28996,Sistema
2024-11-11T21:00:00,256.12938,Sistema
2024-11-11T22:00:00,262.20402,Sistema
2024-11-11T23:00:00,251.79348,Sistema
2024-11-11T24:00:00,245.01982,Sistema
2024-11-12T01:00:00,204.36971,Sistema
2024-11-12T02:00:00,198.38993,Sistema
2024-11-12T03:00:00,201.79397,Sistema
2024-11-12T04:00:00,207.09593,Sistema
2024-11-12T05:00:00,202.88367,Sistema
2024-11-12T06:00:00,195.94044,Sistema
2024-11-12T07:00:00,193.26256,Sistema
2024-11-12T08:00:00,183.33537,Sistema
2024-11-12T09:00:00,173.10895,Sistema
2024-11-12T10:00:00,168.01455,Sistema
2024-11-12T11:00:00,164.8692,Sistema
2024-11-12T12:00:00,162.2328,Sistema
2024-11-12T13:00:00,164.78961,Sistema
2024-11-12T14:00:00,167.06802,Sistema
2024-11-12T15:00:00,170.58496,Sistema
2024-11-12T16:00:00,191.40566,Sistema
2024-11-12T17:00:00,215.50049,Sistema
2024-11-12T18:00:00,227.39385,Sistema
2024-11-12T19:00:00,218.33584,Sistema
2024-11-12T20:00:00,227.31178,Sistema
2024-11-12T21:00:00,225.99702,Sistema
2024-11-12T22:00:00,231.95261,Sistema
2024-11-12T23:00:00,201.60874,Sistema
2024-11-12T24:00:00,178.22402,Sistema
2024-11-13T01:00:00,175.42563,Sistema
2024-11-13T02:00:00,178.35538,Sistema
2024-11-13T03:00:00,181.64911,Sistema
2024-11-13T04:00:00,173.77176,Sistema
2024-11-13T05:00:00,167.08228,Sistema
2024-11-13T06:00:00,159.60825,Sistema
2024-11-13T07:00:00,154.84023,Sistema
2024-11-13T08:00:00,147.42559,Sistema
2024-11-13T09:00:00,143.0665,Sistema
2024-11-13T10:00:00,138.77442,Sistema
2024-11-13T11:00:00,137.9288,Sistema
2024-11-13T12:00:00,159.17576,Sistema
2024-11-13T13:00:00,159.05859,Sistema
2024-11-13T14:00:00,153.77928,Sistema
2024-11-13T15:00:00,175.74345,Sistema
2024-11-13T16:00:00,191.04374,Sistema
2024-11-13T17:00:00,194.94734,Sistema
2024-11-13T18:00:00,213.91848,Sistema
2024-11-13T19:00:00,219.79569,Sistema
2024-11-13T20:00:00,216.01061,Sistema
2024-11-13T21:00:00,204.83196,Sistema
2024-11-13T22:00:00,197.33837,Sistema
2024-11-13T23:00:00,197.16981,Sistema
2024-11-13T24:00:00,196.69255,Sistema
2024-11-14T01:00:00,200.97832,Sistema
2024-11-14T02:00:00,196.57084,Sistema
2024-11-14T03:00:00,197.90153,Sistema
2024-11-14T04:00:00,199.42598,Sistema
2024-11-14T05:00:00,194.99172,Sistema
2024-11-14T06:00:00,186.01701,Sistema
2024-11-14T07:00:00,177.99152,Sistema
2024-11-14T08:00:00,171.53777,Sistema
2024-11-14T09:00:00,166.60914,Sistema
2024-11-14T10:00:00,162.41213,Sistema
2024-11-14T11:00:00,160.18154,Sistema
2024-11-14T12:00:00,172.61131,Sistema
2024-11-14T13:00:00,186.66699,Sistema
2024-11-14T14:00:00,197.39787,Sistema
2024-11-14T15:00:00,209.2258,Sistema
2024-11-14T16:00:00,214.60375,Sistema
2024-11-14T17:00:00,219.43375,Sistema
2024-11-14T18:00:00,218.62554,Sistema
2024-11-14T19:00:00,213.11949,Sistema
2024-11-14T20:00:00,204.34184,Sistema
2024-11-14T21:00:00,208.47108,Sistema
2024-11-14T22:00:00,211.26169,Sistema
2024-11-14T23:00:00,206.60362,Sistema
2024-11-14T24:00:00,188.9829,Sistema
2024-11-15T01:00:00,187.7401,Sistema
2024-11-15T02:00:00,182.75746,Sistema
2024-11-15T03:00:00,174.7058,Sistema
2024-11-15T04:00:00,168.06347,Sistema
2024-11-15T05:00:00,160.56219,Sistema
2024-11-15T06:00:00,154.44677,Sistema
2024-11-15T07:00:00,149.34324,Sistema
2024-11-15T08:00:00,143.39543,Sistema
2024-11-15T09:00:00,139.95353,Sistema
2024-11-15T10:00:00,142.29263,Sistema
2024-11-15T11:00:00,142.84882,Sistema
2024-11-15T12:00:00,144.22837,Sistema
2024-11-15T13:00:00,155.30927,Sistema
2024-11-15T14:00:00,157.25979,Sistema
2024-11-15T15:00:00,158.2115,Sistema
2024-11-15T16:00:00,173.88369,Sistema
2024-11-15T17:00:00,183.58786,Sistema
2024-11-15T18:00:00,192.53784,Sistema
2024-11-15T19:00:00,205.57912,Sistema
2024-11-15T20:00:00,196.71725,Sistema
2024-11-15T21:00:00,189.81709,Sistema
2024-11-15T22:00:00,192.01051,Sistema
2024-11-15T23:00:00,191.57885,Sistema
2024-11-15T24:00:00,189.37389,Sistema
2024-11-16T01:00:00,187.71237,Sistema
2024-11-16T02:00:00,178.79065,Sistema
2024-11-16T03:00:00,176.67182,Sistema
2024-11-16T04:00:00,173.79143,Sistema
2024-11-16T05:00:00,173.53936,Sistema
2024-11-16T06:00:00,172.50164,Sistema
2024-11-16T07:00:00,168.02871,Sistema
2024-11-16T08:00:00,159.01739,Sistema
2024-11-16T09:00:00,150.57378,Sistema
2024-11-16T10:00:00,145.52232,Sistema
2024-11-16T11:00:00,139.99394,Sistema
2024-11-16T12:00:00,138.7121,Sistema
2024-11-16T13:00:00,142.87565,Sistema
2024-11-16T14:00:00,145.25528,Sistema
2024-11-16T15:00:00,150.00688,Sistema
2024-11-16T16:00:00,160.96176,Sistema
2024-11-16T17:00:00,173.63166,Sistema
2024-11-16T18:00:00,180.36959,Sistema
2024-11-16T19:00:00,181.21646,Sistema
2024-11-16T20:00:00,185.43293,Sistema
2024-11-16T21:00:00,183.28625,Sistema
2024-11-16T22:00:00,177.93704,Sistema
2024-11-16T23:00:00,178.6691,Sistema
2024-11-16T24:00:00,194.89015,Sistema
2024-11-17T01:00:00,214.06278,Sistema
2024-11-17T02:00:00,211.06595,Sistema
2024-11-17T03:00:00,223.98318,Sistema
2024-11-17T04:00:00,223.71409,Sistema
2024-11-17T05:00:00,225.09382,Sistema
2024-11-17T06:00:00,221.00344,Sistema
2024-11-17T07:00:00,220.95279,Sistema
2024-11-17T08:00:00,209.17263,Sistema
2024-11-17T09:00:00,199.48023,Sistema
2024-11-17T10:00:00,198.87885,Sistema
2024-11-17T11:00:00,194.48884,Sistema
2024-11-17T12:00:00,189.06587,Sistema
2024-11-17T13:00:00,190.30209,Sistema
2024-11-17T14:00:00,192.943,Sistema
2024-11-17T15:00:00,195.85155,Sistema
2024-11-17T16:00:00,203.44432,Sistema
2024-11-17T17:00:00,221.99297,Sistema
2024-11-17T18:00:00,232.50852,Sistema
2024-11-17T19:00:00,239.45813,Sistema
2024-11-17T20:00:00,236.79254,Sistema
2024-11-17T21:00:00,235.94658,Sistema
2024-11-17T22:00:00,238.42733,Sistema
2024-11-17T23:00:00,237.67206,Sistema
2024-11-17T24:00:00,238.42203,Sistema
2024-11-18T01:00:00,256.14695,Sistema
2024-11-18T02:00:00,262.57391,Sistema
2024-11-18T03:00:00,265.63038,Sistema
2024-11-18T04:00:00,266.72262,Sistema
2024-11-18T05:00:00,251.13722,Sistema
2024-11-18T06:00:00,233.90543,Sistema
2024-11-18T07:00:00,223.28385,Sistema
2024-11-18T08:00:00,204.68195,Sistema
2024-11-18T09:00:00,196.15689,Sistema
2024-11-18T10:00:00,192.04231,Sistema
2024-11-18T11:00:00,191.6024,Sistema
2024-11-18T12:00:00,192.27424,Sistema
2024-11-18T13:00:00,206.89875,Sistema
2024-11-18T14:00:00,209.26405,Sistema
2024-11-18T15:00:00,214.41958,Sistema
2024-11-18T16:00:00,219.47314,Sistema
2024-11-18T17:00:00,227.20697,Sistema
2024-11-18T18:00:00,230.44803,Sistema
2024-11-18T19:00:00,225.17941,Sistema
2024-11-18T20:00:00,222.18635,Sistema
2024-11-18T21:00:00,222.86681,Sistema
2024-11-18T22:00:00,232.23998,Sistema
2024-11-18T23:00:00,236.58682,Sistema
2024-11-18T24:00:00,242.12361,Sistema
2024-11-19T01:00:00,244.46251,Sistema
2024-11-19T02:00:00,233.77487,Sistema
2024-11-19T03:00:00,232.73307,Sistema
2024-11-19T04:00:00,225.96328,Sistema
2024-11-19T05:00:00,220.52802,Sistema
2024-11-19T06:00:00,210.59879,Sistema
2024-11-19T07:00:00,201.25363,Sistema
2024-11-19T08:00:00,195.68474,Sistema
2024-11-19T09:00:00,198.60805,Sistema
2024-11-19T10:00:00,188.72299,Sistema
2024-11-19T11:00:00,179.93229,Sistema
2024-11-19T12:00:00,182.03851,Sistema
2024-11-19T13:00:00,185.37098,Sistema
2024-11-19T14:00:00,189.52033,Sistema
2024-11-19T15:00:00,195.16241,Sistema
2024-11-19T16:00:00,196.15756,Sistema
2024-11-19T17:00:00,206.11645,Sistema
2024-11-19T18:00:00,216.46253,Sistema
2024-11-19T19:00:00,215.69285,Sistema
2024-11-19T20:00:00,220.95106,Sistema
2024-11-19T21:00:00,222.15162,Sistema
2024-11-19T22:00:00,213.80664,Sistema
2024-11-19T23:00:00,212.41538,Sistema
2024-11-19T24:00:00,216.24076,Sistema
2024-11-20T01:00:00,227.15883,Sistema
2024-11-20T02:00:00,230.29193,Sistema
2024-11-20T03:00:00,226.70586,Sistema
2024-11-20T04:00:00,230.76354,Sistema
2024-11-20T05:00:00,228.07477,Sistema
2024-11-20T06:00:00,226.26153,Sistema
2024-11-20T07:00:00,237.35454,Sistema
2024-11-20T08:00:00,228.85684,Sistema
2024-11-20T09:00:00,220.17277,Sistema
2024-11-20T10:00:00,210.90355,Sistema
2024-11-20T11:00:00,208.41549,Sistema
2024-11-20T12:00:00,210.17574,Sistema
2024-11-20T13:00:00,213.48085,Sistema
2024-11-20T14:00:00,214.72963,Sistema
2024-11-20T15:00:00,216.04109,Sistema
2024-11-20T16:00:00,226.83089,Sistema
2024-11-20T17:00:00,234.51191,Sistema
2024-11-20T18:00:00,240.46629,Sistema
2024-11-20T19:00:00,235.93014,Sistema
2024-11-20T20:00:00,231.03126,Sistema
2024-11-20T21:00:00,235.32558,Sistema
2024-11-20T22:00:00,243.6968,Sistema
2024-11-20T23:00:00,243.33111,Sistema
2024-11-20T24:00:00,247.2907,Sistema
2024-11-21T01:00:00,246.17515,Sistema
2024-11-21T02:00:00,232.54648,Sistema
2024-11-21T03:00:00,239.48567,Sistema
2024-11-21T04:00:00,248.07707,Sistema
2024-11-21T05:00:00,242.25134,Sistema
2024-11-21T06:00:00,215.59167,Sistema
2024-11-21T07:00:00,205.88867,Sistema
2024-11-21T08:00:00,190.36543,Sistema
2024-11-21T09:00:00,183.11499,Sistema
2024-11-21T10:00:00,174.18408,Sistema
2024-11-21T11:00:00,168.8666,Sistema
2024-11-21T12:00:00,168.57525,Sistema
2024-11-21T13:00:00,171.27393,Sistema
2024-11-21T14:00:00,178.24166,Sistema
2024-11-21T15:00:00,177.25257,Sistema
2024-11-21T16:00:00,186.82002,Sistema
2024-11-21T17:00:00,187.89194,Sistema
2024-11-21T18:00:00,199.26036,Sistema
2024-11-21T19:00:00,188.48305,Sistema
2024-11-21T20:00:00,194.64711,Sistema
2024-11-21T21:00:00,192.37465,Sistema
2024-11-21T22:00:00,190.89468,Sistema
2024-11-21T23:00:00,192.07024,Sistema
2024-11-21T24:00:00,200.96054,Sistema
2024-11-22T01:00:00,213.63751,Sistema
2024-11-22T02:00:00,212.51873,Sistema
2024-11-22T03:00:00,213.11926,Sistema
2024-11-22T04:00:00,218.61436,Sistema
2024-11-22T05:00:00,213.21134,Sistema
2024-11-22T06:00:00,206.33668,Sistema
2024-11-22T07:00:00,207.85618,Sistema
2024-11-22T08:00:00,196.15452,Sistema
2024-11-22T09:00:00,198.91952,Sistema
2024-11-22T10:00:00,189.40149,Sistema
2024-11-22T11:00:00,181.95205,Sistema
2024-11-22T12:00:00,185.5455,Sistema
2024-11-22T13:00:00,192.05019,Sistema
2024-11-22T14:00:00,194.75574,Sistema
2024-11-22T15:00:00,192.50057,Sistema
2024-11-22T16:00:00,198.73174,Sistema
2024-11-22T17:00:00,209.2777,Sistema
2024-11-22T18:00:00,214.35568,Sistema
2024-11-22T19:00:00,213.44702,Sistema
2024-11-22T20:00:00,217.26508,Sistema
2024-11-22T21:00:00,208.87771,Sistema
2024-11-22T22:00:00,207.21011,Sistema
2024-11-22T23:00:00,209.9684,Sistema
2024-11-22T24:00:00,212.40925,Sistema
2024-11-23T01:00:00,216.85389,Sistema
2024-11-23T02:00:00,205.14612,Sistema
2024-11-23T03:00:00,205.30129,Sistema
2024-11-23T04:00:00,206.835,Sistema
2024-11-23T05:00:00,199.02286,Sistema
2024-11-23T06:00:00,188.72629,Sistema
2024-11-23T07:00:00,176.03401,Sistema
2024-11-23T08:00:00,170.04598,Sistema
2024-11-23T09:00:00,164.13097,Sistema
2024-11-23T10:00:00,166.5216,Sistema
2024-11-23T11:00:00,162.5009,Sistema
2024-11-23T12:00:00,159.99734,Sistema
2024-11-23T13:00:00,163.02042,Sistema
2024-11-23T14:00:00,164.07754,Sistema
2024-11-23T15:00:00,166.83292,Sistema
2024-11-23T16:00:00,169.94436,Sistema
2024-11-23T17:00:00,171.01384,Sistema
2024-11-23T18:00:00,172.87868,Sistema
2024-11-23T19:00:00,161.21861,Sistema
2024-11-23T20:00:00,163.32664,Sistema
2024-11-23T21:00:00,167.15949,Sistema
2024-11-23T22:00:00,168.01084,Sistema
2024-11-23T23:00:00,170.80819,Sistema
2024-11-23T24:00:00,177.10532,Sistema
2024-11-24T01:00:00,182.39335,Sistema
2024-11-24T02:00:00,186.46268,Sistema
2024-11-24T03:00:00,188.19395,Sistema
2024-11-24T04:00:00,189.89303,Sistema
2024-11-24T05:00:00,189.1737,Sistema
2024-11-24T06:00:00,193.61473,Sistema
2024-11-24T07:00:00,194.66142,Sistema
2024-11-24T08:00:00,185.79363,Sistema
2024-11-24T09:00:00,181.91752,Sistema
2024-11-24T10:00:00,173.5775,Sistema
2024-11-24T11:00:00,171.02532,Sistema
2024-11-24T12:00:00,165.80421,Sistema
2024-11-24T13:00:00,167.66901,Sistema
2024-11-24T14:00:00,167.20867,Sistema
2024-11-24T15:00:00,167.60409,Sistema
2024-11-24T16:00:00,166.59032,Sistema
2024-11-24T17:00:00,166.35415,Sistema
2024-11-24T18:00:00,166.62959,Sistema
2024-11-24T19:00:00,162.97245,Sistema
2024-11-24T20:00:00,162.20918,Sistema
2024-11-24T21:00:00,157.15028,Sistema
2024-11-24T22:00:00,147.71869,Sistema
2024-11-24T23:00:00,152.51413,Sistema
2024-11-24T24:00:00,161.23292,Sistema
2024-11-25T01:00:00,170.48805,Sistema
2024-11-25T02:00:00,173.74526,Sistema
2024-11-25T03:00:00,169.28158,Sistema
2024-11-25T04:00:00,159.01656,Sistema
2024-11-25T05:00:00,151.78895,Sistema
2024-11-25T06:00:00,146.65392,Sistema
2024-11-25T07:00:00,139.35706,Sistema
2024-11-25T08:00:00,133.53635,Sistema
2024-11-25T09:00:00,128.18666,Sistema
2024-11-25T10:00:00,129.62106,Sistema
2024-11-25T11:00:00,128.8789,Sistema
2024-11-25T12:00:00,125.73941,Sistema
2024-11-25T13:00:00,129.92943,Sistema
2024-11-25T14:00:00,130.21042,Sistema
2024-11-25T15:00:00,129.38664,Sistema
2024-11-25T16:00:00,133.57105,Sistema
2024-11-25T17:00:00,138.96318,Sistema
2024-11-25T18:00:00,155.62315,Sistema
2024-11-25T19:00:00,151.25919,Sistema
2024-11-25T20:00:00,152.55603,Sistema
2024-11-25T21:00:00,151.19747,Sistema
2024-11-25T22:00:00,151.2893,Sistema
2024-11-25T23:00:00,153.851,Sistema
2024-11-25T24:00:00,161.94204,Sistema
2024-11-26T01:00:00,164.85854,Sistema
2024-11-26T02:00:00,176.8792,Sistema
2024-11-26T03:00:00,179.16324,Sistema
2024-11-26T04:00:00,175.33492,Sistema
2024-11-26T05:00:00,172.13095,Sistema
2024-11-26T06:00:00,161.66768,Sistema
2024-11-26T07:00:00,154.80625,Sistema
2024-11-26T08:00:00,143.02466,Sistema
2024-11-26T09:00:00,142.50276,Sistema
2024-11-26T10:00:00,139.12416,Sistema
2024-11-26T11:00:00,134.01798,Sistema
2024-11-26T12:00:00,133.20653,Sistema
2024-11-26T13:00:00,140.03807,Sistema
2024-11-26T14:00:00,138.83336,Sistema
2024-11-26T15:00:00,145.19455,Sistema
2024-11-26T16:00:00,150.05218,Sistema
2024-11-26T17:00:00,161.77946,Sistema
2024-11-26T18:00:00,176.64345,Sistema
2024-11-26T19:00:00,174.69628,Sistema
2024-11-26T20:00:00,175.62703,Sistema
2024-11-26T21:00:00,171.65856,Sistema
2024-11-26T22:00:00,170.19535,Sistema
2024-11-26T23:00:00,173.42255,Sistema
2024-11-26T24:00:00,184.19011,Sistema
2024-11-27T01:00:00,178.97988,Sistema
2024-11-27T02:00:00,181.39553,Sistema
2024-11-27T03:00:00,187.96456,Sistema
2024-11-27T04:00:00,191.99768,Sistema
2024-11-27T05:00:00,192.67088,Sistema
2024-11-27T06:00:00,182.6486,Sistema
2024-11-27T07:00:00,180.74957,Sistema
2024-11-27T08:00:00,175.07434,Sistema
2024-11-27T09:00:00,169.604,Sistema
2024-11-27T10:00:00,165.81778,Sistema
2024-11-27T11:00:00,176.35492,Sistema
2024-11-27T12:00:00,185.11941,Sistema
2024-11-27T13:00:00,190.22657,Sistema
2024-11-27T14:00:00,195.79739,Sistema
2024-11-27T15:00:00,190.56022,Sistema
2024-11-27T16:00:00,171.43778,Sistema
2024-11-27T17:00:00,172.68774,Sistema
2024-11-27T18:00:00,177.33187,Sistema
2024-11-27T19:00:00,174.04502,Sistema
2024-11-27T20:00:00,181.29642,Sistema
2024-11-27T21:00:00,194.87538,Sistema
2024-11-27T22:00:00,196.75165,Sistema
2024-11-27T23:00:00,197.54649,Sistema
2024-11-27T24:00:00,205.7232,Sistema
2024-11-28T01:00:00,219.86773,Sistema
2024-11-28T02:00:00,228.67678,Sistema
2024-11-28T03:00:00,232.09308,Sistema
2024-11-28T04:00:00,234.22169,Sistema
2024-11-28T05:00:00,230.92585,Sistema
2024-11-28T06:00:00,226.6944,Sistema
2024-11-28T07:00:00,224.25797,Sistema
2024-11-28T08:00:00,207.86198,Sistema
2024-11-28T09:00:00,195.50399,Sistema
2024-11-28T10:00:00,191.59451,Sistema
2024-11-28T11:00:00,184.77937,Sistema
2024-11-28T12:00:00,182.58269,Sistema
2024-11-28T13:00:00,188.3895,Sistema
2024-11-28T14:00:00,189.61162,Sistema
2024-11-28T15:00:00,181.02685,Sistema
2024-11-28T16:00:00,189.49876,Sistema
2024-11-28T17:00:00,195.68023,Sistema
2024-11-28T18:00:00,201.07936,Sistema
2024-11-28T19:00:00,195.85264,Sistema
2024-11-28T20:00:00,197.6316,Sistema
2024-11-28T21:00:00,201.75608,Sistema
2024-11-28T22:00:00,207.37588,Sistema
2024-11-28T23:00:00,207.73155,Sistema
2024-11-28T24:00:00,208.02408,Sistema
2024-11-29T01:00:00,191.34511,Sistema
2024-11-29T02:00:00,192.75898,Sistema
2024-11-29T03:00:00,209.44775,Sistema
2024-11-29T04:00:00,199.64291,Sistema
2024-11-29T05:00:00,190.62057,Sistema
2024-11-29T06:00:00,179.85287,Sistema
2024-11-29T07:00:00,170.66574,Sistema
2024-11-29T08:00:00,157.99292,Sistema
2024-11-29T09:00:00,153.02995,Sistema
2024-11-29T10:00:00,153.16747,Sistema
2024-11-29T11:00:00,153.62931,Sistema
2024-11-29T12:00:00,158.09953,Sistema
2024-11-29T13:00:00,165.5298,Sistema
2024-11-29T14:00:00,165.52304,Sistema
2024-11-29T15:00:00,170.70246,Sistema
2024-11-29T16:00:00,173.60403,Sistema
2024-11-29T17:00:00,176.99059,Sistema
2024-11-29T18:00:00,178.03613,Sistema
2024-11-29T19:00:00,170.74122,Sistema
2024-11-29T20:00:00,171.93249,Sistema
2024-11-29T21:00:00,175.72568,Sistema
2024-11-29T22:00:00,182.60003,Sistema
2024-11-29T23:00:00,188.66007,Sistema
2024-11-29T24:00:00,186.81523,Sistema
2024-11-30T01:00:00,188.56772,Sistema
2024-11-30T02:00:00,175.78866,Sistema
2024-11-30T03:00:00,155.82328,Sistema
2024-11-30T04:00:00,153.25792,Sistema
2024-11-30T05:00:00,153.72616,Sistema
2024-11-30T06:00:00,154.56372,Sistema
2024-11-30T07:00:00,164.0352,Sistema
2024-11-30T08:00:00,157.01333,Sistema
2024-11-30T09:00:00,146.10898,Sistema
2024-11-30T10:00:00,145.5928,Sistema
2024-11-30T11:00:00,154.02981,Sistema
2024-11-30T12:00:00,153.26435,Sistema
2024-11-30T13:00:00,159.09439,Sistema
2024-11-30T14:00:00,165.79256,Sistema
2024-11-30T15:00:00,167.0226,Sistema
2024-11-30T16:00:00,169.30174,Sistema
2024-11-30T17:00:00,166.88236,Sistema
2024-11-30T18:00:00,173.26523,Sistema
2024-11-30T19:00:00,165.95018,Sistema
2024-11-30T20:00:00,166.91039,Sistema
2024-11-30T21:00:00,171.13037,Sistema
2024-11-30T22:00:00,173.57375,Sistema
2024-11-30T23:00:00,175.49303,Sistema
2024-11-30T24:00:00,184.16131,Sistema
2024-12-01T01:00:00,188.20954,Sistema
2024-12-01T02:00:00,195.84972,Sistema
2024-12-01T03:00:00,192.24328,Sistema
2024-12-01T04:00:00,193.7112,Sistema
2024-12-01T05:00:00,191.92486,Sistema
2024-12-01T06:00:00,185.75501,Sistema
2024-12-01T07:00:00,190.31162,Sistema
2024-12-01T08:00:00,187.20672,Sistema
2024-12-01T09:00:00,181.19815,Sistema
2024-12-01T10:00:00,168.72111,Sistema
2024-12-01T11:00:00,161.2059,Sistema
2024-12-01T12:00:00,163.97968,Sistema
2024-12-01T13:00:00,169.23714,Sistema
2024-12-01T14:00:00,174.58419,Sistema
2024-12-01T15:00:00,174.45478,Sistema
2024-12-01T16:00:00,181.07334,Sistema
2024-12-01T17:00:00,187.48041,Sistema
2024-12-01T18:00:00,180.48677,Sistema
2024-12-01T19:00:00,166.20153,Sistema
2024-12-01T20:00:00,168.24348,Sistema
2024-12-01T21:00:00,171.1542,Sistema
2024-12-01T22:00:00,176.86264,Sistema
2024-12-01T23:00:00,186.73162,Sistema
2024-12-01T24:00:00,198.04171,Sistema
2024-12-02T01:00:00,210.12425,Sistema
2024-12-02T02:00:00,208.93691,Sistema
2024-12-02T03:00:00,207.93622,Sistema
2024-12-02T04:00:00,212.01711,Sistema
2024-12-02T05:00:00,211.31063,Sistema
2024-12-02T06:00:00,210.0227,Sistema
2024-12-02T07:00:00,215.58342,Sistema
2024-12-02T08:00:00,206.22106,Sistema
2024-12-02T09:00:00,197.53706,Sistema
2024-12-02T10:00:00,188.92275,Sistema
2024-12-02T11:00:00,182.54259,Sistema
2024-12-02T12:00:00,173.52307,Sistema
2024-12-02T13:00:00,174.57183,Sistema
2024-12-02T14:00:00,168.67968,Sistema
2024-12-02T15:00:00,173.50726,Sistema
2024-12-02T16:00:00,176.91865,Sistema
2024-12-02T17:00:00,182.45624,Sistema
2024-12-02T18:00:00,187.74508,Sistema
2024-12-02T19:00:00,183.71178,Sistema
2024-12-02T20:00:00,183.90749,Sistema
2024-12-02T21:00:00,186.59405,Sistema
2024-12-02T22:00:00,192.91711,Sistema
2024-12-02T23:00:00,200.8296,Sistema
2024-12-02T24:00:00,214.91377,Sistema
2024-12-03T01:00:00,234.66581,Sistema
2024-12-03T02:00:00,243.20885,Sistema
2024-12-03T03:00:00,242.81249,Sistema
2024-12-03T04:00:00,242.24504,Sistema
2024-12-03T05:00:00,235.72533,Sistema
2024-12-03T06:00:00,224.18187,Sistema
2024-12-03T07:00:00,222.04779,Sistema
2024-12-03T08:00:00,211.51682,Sistema
2024-12-03T09:00:00,201.76938,Sistema
2024-12-03T10:00:00,198.77055,Sistema
2024-12-03T11:00:00,191.22596,Sistema
2024-12-03T12:00:00,186.12215,Sistema
2024-12-03T13:00:00,184.1486,Sistema
2024-12-03T14:00:00,182.32403,Sistema
2024-12-03T15:00:00,178.98154,Sistema
2024-12-03T16:00:00,176.56454,Sistema
2024-12-03T17:00:00,177.63679,Sistema
2024-12-03T18:00:00,185.5327,Sistema
2024-12-03T19:00:00,178.99048,Sistema
2024-12-03T20:00:00,180.8635,Sistema
2024-12-03T21:00:00,184.62938,Sistema
2024-12-03T22:00:00,191.02896,Sistema
2024-12-03T23:00:00,200.57781,Sistema
2024-12-03T24:00:00,212.71733,Sistema
2024-12-04T01:00:00,219.03467,Sistema
2024-12-04T02:00:00,229.51834,Sistema
2024-12-04T03:00:00,227.7619,Sistema
2024-12-04T04:00:00,228.30701,Sistema
2024-12-04T05:00:00,229.96957,Sistema
2024-12-04T06:00:00,220.79471,Sistema
2024-12-04T07:00:00,215.3162,Sistema
2024-12-04T08:00:00,209.56202,Sistema
2024-12-04T09:00:00,202.61193,Sistema
2024-12-04T10:00:00,198.34959,Sistema
2024-12-04T11:00:00,198.54918,Sistema
2024-12-04T12:00:00,197.98426,Sistema
2024-12-04T13:00:00,200.46346,Sistema
2024-12-04T14:00:00,209.81502,Sistema
2024-12-04T15:00:00,206.42029,Sistema
2024-12-04T16:00:00,209.45523,Sistema
2024-12-04T17:00:00,219.8615,Sistema
2024-12-04T18:00:00,217.39258,Sistema
2024-12-04T19:00:00,216.52751,Sistema
2024-12-04T20:00:00,219.638,Sistema
2024-12-04T21:00:00,230.60281,Sistema
2024-12-04T22:00:00,242.02725,Sistema
2024-12-04T23:00:00,249.66736,Sistema
2024-12-04T24:00:00,266.54991,Sistema
2024-12-05T01:00:00,242.7559,Sistema
2024-12-05T02:00:00,248.31464,Sistema
2024-12-05T03:00:00,246.90417,Sistema
2024-12-05T04:00:00,247.79224,Sistema
2024-12-05T05:00:00,251.91429,Sistema
2024-12-05T06:00:00,256.32664,Sistema
2024-12-05T07:00:00,250.80844,Sistema
2024-12-05T08:00:00,242.75648,Sistema
2024-12-05T09:00:00,236.1023,Sistema
2024-12-05T10:00:00,232.83839,Sistema
2024-12-05T11:00:00,224.29785,Sistema
2024-12-05T12:00:00,219.80479,Sistema
2024-12-05T13:00:00,215.71132,Sistema
2024-12-05T14:00:00,217.30871,Sistema
2024-12-05T15:00:00,216.21678,Sistema
2024-12-05T16:00:00,214.98933,Sistema
2024-12-05T17:00:00,222.44006,Sistema
2024-12-05T18:00:00,223.91445,Sistema
2024-12-05T19:00:00,213.83805,Sistema
2024-12-05T20:00:00,216.40609,Sistema
2024-12-05T21:00:00,225.65385,Sistema
2024-12-05T22:00:00,239.05101,Sistema
2024-12-05T23:00:00,257.86574,Sistema
2024-12-05T24:00:00,274.21419,Sistema
2024-12-06T01:00:00,233.66131,Sistema
2024-12-06T02:00:00,222.18686,Sistema
2024-12-06T03:00:00,205.10442,Sistema
2024-12-06T04:00:00,204.06973,Sistema
2024-12-06T05:00:00,201.70731,Sistema
2024-12-06T06:00:00,195.89485,Sistema
2024-12-06T07:00:00,184.68282,Sistema
2024-12-06T08:00:00,170.11895,Sistema
2024-12-06T09:00:00,162.22584,Sistema
2024-12-06T10:00:00,162.18668,Sistema
2024-12-06T11:00:00,161.85526,Sistema
2024-12-06T12:00:00,166.76371,Sistema
2024-12-06T13:00:00,174.13529,Sistema
2024-12-06T14:00:00,175.90411,Sistema
2024-12-06T15:00:00,174.81937,Sistema
2024-12-06T16:00:00,173.99705,Sistema
2024-12-06T17:00:00,180.26956,Sistema
2024-12-06T18:00:00,184.16536,Sistema
2024-12-06T19:00:00,179.46688,Sistema
2024-12-06T20:00:00,180.98161,Sistema
2024-12-06T21:00:00,182.91337,Sistema
2024-12-06T22:00:00,186.81012,Sistema
2024-12-06T23:00:00,195.18728,Sistema
2024-12-06T24:00:00,203.49614,Sistema
2024-12-07T01:00:00,216.65359,Sistema
2024-12-07T02:00:00,221.87396,Sistema
2024-12-07T03:00:00,228.73773,Sistema
2024-12-07T04:00:00,232.29607,Sistema
2024-12-07T05:00:00,230.99911,Sistema
2024-12-07T06:00:00,226.04687,Sistema
2024-12-07T07:00:00,217.84332,Sistema
2024-12-07T08:00:00,204.23824,Sistema
2024-12-07T09:00:00,196.00491,Sistema
2024-12-07T10:00:00,190.96644,Sistema
2024-12-07T11:00:00,185.86718,Sistema
2024-12-07T12:00:00,185.81227,Sistema
2024-12-07T13:00:00,188.32226,Sistema
2024-12-07T14:00:00,189.60755,Sistema
2024-12-07T15:00:00,191.12757,Sistema
2024-12-07T16:00:00,197.99243,Sistema
2024-12-07T17:00:00,201.11295,Sistema
2024-12-07T18:00:00,205.3574,Sistema
2024-12-07T19:00:00,198.15405,Sistema
2024-12-07T20:00:00,200.866,Sistema
2024-12-07T21:00:00,204.78734,Sistema
2024-12-07T22:00:00,209.26265,Sistema
2024-12-07T23:00:00,219.63952,Sistema
2024-12-07T24:00:00,228.993,Sistema
2024-12-08T01:00:00,232.90718,Sistema
2024-12-08T02:00:00,242.44346,Sistema
2024-12-08T03:00:00,232.0839,Sistema
2024-12-08T04:00:00,231.84496,Sistema
2024-12-08T05:00:00,227.90199,Sistema
2024-12-08T06:00:00,223.88643,Sistema
2024-12-08T07:00:00,227.21727,Sistema
2024-12-08T08:00:00,210.4363,Sistema
2024-12-08T09:00:00,206.23572,Sistema
2024-12-08T10:00:00,199.17973,Sistema
2024-12-08T11:00:00,193.54951,Sistema
2024-12-08T12:00:00,191.13347,Sistema
2024-12-08T13:00:00,192.54444,Sistema
2024-12-08T14:00:00,197.41395,Sistema
2024-12-08T15:00:00,202.02871,Sistema
2024-12-08T16:00:00,211.58154,Sistema
2024-12-08T17:00:00,220.45444,Sistema
2024-12-08T18:00:00,230.09442,Sistema
2024-12-08T19:00:00,213.80643,Sistema
2024-12-08T20:00:00,214.54079,Sistema
2024-12-08T21:00:00,219.59112,Sistema
2024-12-08T22:00:00,222.07415,Sistema
2024-12-08T23:00:00,229.62505,Sistema
2024-12-08T24:00:00,240.00617,Sistema
2024-12-09T01:00:00,272.07543,Sistema
2024-12-09T02:00:00,293.96551,Sistema
2024-12-09T03:00:00,306.52947,Sistema
2024-12-09T04:00:00,312.58533,Sistema
2024-12-09T05:00:00,304.20926,Sistema
2024-12-09T06:00:00,296.18192,Sistema
2024-12-09T07:00:00,289.18924,Sistema
2024-12-09T08:00:00,266.60626,Sistema
2024-12-09T09:00:00,248.98662,Sistema
2024-12-09T10:00:00,242.09037,Sistema
2024-12-09T11:00:00,234.56467,Sistema
2024-12-09T12:00:00,225.98948,Sistema
2024-12-09T13:00:00,223.58121,Sistema
2024-12-09T14:00:00,222.97358,Sistema
2024-12-09T15:00:00,218.85812,Sistema
2024-12-09T16:00:00,220.82701,Sistema
2024-12-09T17:00:00,229.59961,Sistema
2024-12-09T18:00:00,238.01298,Sistema
2024-12-09T19:00:00,225.7274,Sistema
2024-12-09T20:00:00,226.01677,Sistema
2024-12-09T21:00:00,229.96875,Sistema
2024-12-09T22:00:00,238.59403,Sistema
2024-12-09T23:00:00,250.56007,Sistema
2024-12-09T24:00:00,267.88207,Sistema
2024-12-10T01:00:00,273.50921,Sistema
2024-12-10T02:00:00,282.24947,Sistema
2024-12-10T03:00:00,289.77801,Sistema
2024-12-10T04:00:00,292.34987,Sistema
2024-12-10T05:00:00,292.18785,Sistema
2024-12-10T06:00:00,282.65222,Sistema
2024-12-10T07:00:00,276.7812,Sistema
2024-12-10T08:00:00,260.65705,Sistema
2024-12-10T09:00:00,247.61807,Sistema
2024-12-10T10:00:00,244.4538,Sistema
2024-12-10T11:00:00,245.99722,Sistema
2024-12-10T12:00:00,239.15696,Sistema
2024-12-10T13:00:00,246.13631,Sistema
2024-12-10T14:00:00,244.73497,Sistema
2024-12-10T15:00:00,240.28296,Sistema
2024-12-10T16:00:00,240.46336,Sistema
2024-12-10T17:00:00,248.43297,Sistema
2024-12-10T18:00:00,255.077,Sistema
2024-12-10T19:00:00,244.47261,Sistema
2024-12-10T20:00:00,245.99301,Sistema
2024-12-10T21:00:00,251.30716,Sistema
2024-12-10T22:00:00,261.06934,Sistema
2024-12-10T23:00:00,272.76785,Sistema
2024-12-10T24:00:00,288.02135,Sistema
2024-12-11T01:00:00,298.12804,Sistema
2024-12-11T02:00:00,307.32294,Sistema
2024-12-11T03:00:00,316.94014,Sistema
2024-12-11T04:00:00,321.70896,Sistema
2024-12-11T05:00:00,323.48515,Sistema
2024-12-11T06:00:00,311.5364,Sistema
2024-12-11T07:00:00,302.47817,Sistema
2024-12-11T08:00:00,276.49879,Sistema
2024-12-11T09:00:00,263.64257,Sistema
2024-12-11T10:00:00,258.60672,Sistema
2024-12-11T11:00:00,253.29809,Sistema
2024-12-11T12:00:00,252.2272,Sistema
2024-12-11T13:00:00,255.91153,Sistema
2024-12-11T14:00:00,253.32318,Sistema
2024-12-11T15:00:00,243.91948,Sistema
2024-12-11T16:00:00,246.86559,Sistema
2024-12-11T17:00:00,255.12597,Sistema
2024-12-11T18:00:00,254.30361,Sistema
2024-12-11T19:00:00,240.03382,Sistema
2024-12-11T20:00:00,240.41263,Sistema
2024-12-11T21:00:00,241.2911,Sistema
2024-12-11T22:00:00,255.73611,Sistema
2024-12-11T23:00:00,270.50223,Sistema
2024-12-11T24:00:00,289.30419,Sistema
2024-12-12T01:00:00,308.46021,Sistema
2024-12-12T02:00:00,315.00955,Sistema
2024-12-12T03:00:00,324.20941,Sistema
2024-12-12T04:00:00,331.46737,Sistema
2024-12-12T05:00:00,323.29579,Sistema
2024-12-12T06:00:00,324.73809,Sistema
2024-12-12T07:00:00,318.00413,Sistema
2024-12-12T08:00:00,299.83239,Sistema
2024-12-12T09:00:00,292.43028,Sistema
2024-12-12T10:00:00,284.61288,Sistema
2024-12-12T11:00:00,274.89829,Sistema
2024-12-12T12:00:00,268.44165,Sistema
2024-12-12T13:00:00,267.25789,Sistema
2024-12-12T14:00:00,265.44128,Sistema
2024-12-12T15:00:00,260.09561,Sistema
2024-12-12T16:00:00,254.11528,Sistema
2024-12-12T17:00:00,245.76647,Sistema
2024-12-12T18:00:00,251.7654,Sistema
2024-12-12T19:00:00,239.03356,Sistema
2024-12-12T20:00:00,239.01854,Sistema
2024-12-12T21:00:00,244.04914,Sistema
2024-12-12T22:00:00,255.53672,Sistema
2024-12-12T23:00:00,272.76466,Sistema
2024-12-12T24:00:00,293.44416,Sistema
2024-12-13T01:00:00,312.346,Sistema
2024-12-13T02:00:00,317.07626,Sistema
2024-12-13T03:00:00,320.6032,Sistema
2024-12-13T04:00:00,328.24911,Sistema
2024-12-13T05:00:00,329.84185,Sistema
2024-12-13T06:00:00,327.61336,Sistema
2024-12-13T07:00:00,313.78914,Sistema
2024-12-13T08:00:00,296.26281,Sistema
2024-12-13T09:00:00,280.50098,Sistema
2024-12-13T10:00:00,276.91859,Sistema
2024-12-13T11:00:00,271.45207,Sistema
2024-12-13T12:00:00,265.97655,Sistema
2024-12-13T13:00:00,267.42512,Sistema
2024-12-13T14:00:00,265.2826,Sistema
2024-12-13T15:00:00,260.49711,Sistema
2024-12-13T16:00:00,259.69994,Sistema
2024-12-13T17:00:00,265.87915,Sistema
2024-12-13T18:00:00,268.95012,Sistema
2024-12-13T19:00:00,255.52146,Sistema
2024-12-13T20:00:00,261.38899,Sistema
2024-12-13T21:00:00,267.10088,Sistema
2024-12-13T22:00:00,279.93242,Sistema
2024-12-13T23:00:00,295.78244,Sistema
2024-12-13T24:00:00,309.91973,Sistema
2024-12-14T01:00:00,321.10596,Sistema
2024-12-14T02:00:00,327.59386,Sistema
2024-12-14T03:00:00,329.91191,Sistema
2024-12-14T04:00:00,334.97565,Sistema
2024-12-14T05:00:00,330.88947,Sistema
2024-12-14T06:00:00,333.71794,Sistema
2024-12-14T07:00:00,330.26432,Sistema
2024-12-14T08:00:00,319.55424,Sistema
2024-12-14T09:00:00,291.7202,Sistema
2024-12-14T10:00:00,280.58429,Sistema
2024-12-14T11:00:00,278.73204,Sistema
2024-12-14T12:00:00,279.85028,Sistema
2024-12-14T13:00:00,281.60664,Sistema
2024-12-14T14:00:00,281.83905,Sistema
2024-12-14T15:00:00,282.65987,Sistema
2024-12-14T16:00:00,285.04355,Sistema
2024-12-14T17:00:00,288.28023,Sistema
2024-12-14T18:00:00,292.53446,Sistema
2024-12-14T19:00:00,279.73292,Sistema
2024-12-14T20:00:00,279.41127,Sistema
2024-12-14T21:00:00,285.54478,Sistema
2024-12-14T22:00:00,296.0245,Sistema
2024-12-14T23:00:00,309.37737,Sistema
2024-12-14T24:00:00,324.29045,Sistema
2024-12-15T01:00:00,318.49769,Sistema
2024-12-15T02:00:00,329.52233,Sistema
2024-12-15T03:00:00,341.04857,Sistema
2024-12-15T04:00:00,343.55131,Sistema
2024-12-15T05:00:00,338.16064,Sistema
2024-12-15T06:00:00,340.64926,Sistema
2024-12-15T07:00:00,334.07046,Sistema
2024-12-15T08:00:00,309.29364,Sistema
2024-12-15T09:00:00,281.79148,Sistema
2024-12-15T10:00:00,267.97353,Sistema
2024-12-15T11:00:00,259.54898,Sistema
2024-12-15T12:00:00,258.39595,Sistema
2024-12-15T13:00:00,253.87748,Sistema
2024-12-15T14:00:00,256.16029,Sistema
2024-12-15T15:00:00,259.46382,Sistema
2024-12-15T16:00:00,273.56563,Sistema
2024-12-15T17:00:00,286.76501,Sistema
2024-12-15T18:00:00,301.45153,Sistema
2024-12-15T19:00:00,278.44472,Sistema
2024-12-15T20:00:00,281.95685,Sistema
2024-12-15T21:00:00,288.86034,Sistema
2024-12-15T22:00:00,299.80845,Sistema
2024-12-15T23:00:00,310.00331,Sistema
2024-12-15T24:00:00,311.04193,Sistema
2024-12-16T01:00:00,307.78295,Sistema
2024-12-16T02:00:00,315.09976,Sistema
2024-12-16T03:00:00,319.40811,Sistema
2024-12-16T04:00:00,323.18636,Sistema
2024-12-16T05:00:00,324.66895,Sistema
2024-12-16T06:00:00,321.69214,Sistema
2024-12-16T07:00:00,312.54179,Sistema
2024-12-16T08:00:00,289.32002,Sistema
2024-12-16T09:00:00,270.51334,Sistema
2024-12-16T10:00:00,262.48239,Sistema
2024-12-16T11:00:00,262.49618,Sistema
2024-12-16T12:00:00,263.12538,Sistema
2024-12-16T13:00:00,272.54181,Sistema
2024-12-16T14:00:00,271.94729,Sistema
2024-12-16T15:00:00,267.91695,Sistema
2024-12-16T16:00:00,283.04638,Sistema
2024-12-16T17:00:00,291.77359,Sistema
2024-12-16T18:00:00,297.95959,Sistema
2024-12-16T19:00:00,283.52195,Sistema
2024-12-16T20:00:00,287.0998,Sistema
2024-12-16T21:00:00,291.46099,Sistema
2024-12-16T22:00:00,301.78918,Sistema
2024-12-16T23:00:00,320.08397,Sistema
2024-12-16T24:00:00,333.73978,Sistema
2024-12-17T01:00:00,311.23151,Sistema
2024-12-17T02:00:00,315.05418,Sistema
2024-12-17T03:00:00,318.40097,Sistema
2024-12-17T04:00:00,319.40687,Sistema
2024-12-17T05:00:00,313.16551,Sistema
2024-12-17T06:00:00,316.32241,Sistema
2024-12-17T07:00:00,317.92946,Sistema
2024-12-17T08:00:00,297.29816,Sistema
2024-12-17T09:00:00,272.18114,Sistema
2024-12-17T10:00:00,263.60026,Sistema
2024-12-17T11:00:00,259.2098,Sistema
2024-12-17T12:00:00,250.16925,Sistema
2024-12-17T13:00:00,243.54223,Sistema
2024-12-17T14:00:00,246.36844,Sistema
2024-12-17T15:00:00,247.32557,Sistema
2024-12-17T16:00:00,261.45688,Sistema
2024-12-17T17:00:00,279.37182,Sistema
2024-12-17T18:00:00,293.15177,Sistema
2024-12-17T19:00:00,279.31627,Sistema
2024-12-17T20:00:00,280.8434,Sistema
2024-12-17T21:00:00,286.29445,Sistema
2024-12-17T22:00:00,291.52761,Sistema
2024-12-17T23:00:00,301.26215,Sistema
2024-12-17T24:00:00,314.44628,Sistema
2024-12-18T01:00:00,319.89998,Sistema
2024-12-18T02:00:00,316.33101,Sistema
2024-12-18T03:00:00,327.61537,Sistema
2024-12-18T04:00:00,322.44244,Sistema
2024-12-18T05:00:00,320.09042,Sistema
2024-12-18T06:00:00,318.16458,Sistema
2024-12-18T07:00:00,308.43141,Sistema
2024-12-18T08:00:00,289.69102,Sistema
2024-12-18T09:00:00,284.393,Sistema
2024-12-18T10:00:00,273.94982,Sistema
2024-12-18T11:00:00,270.83719,Sistema
2024-12-18T12:00:00,267.74451,Sistema
2024-12-18T13:00:00,270.12923,Sistema
2024-12-18T14:00:00,274.30556,Sistema
2024-12-18T15:00:00,280.53376,Sistema
2024-12-18T16:00:00,280.78062,Sistema
2024-12-18T17:00:00,282.40903,Sistema
2024-12-18T18:00:00,293.07851,Sistema
2024-12-18T19:00:00,280.71133,Sistema
2024-12-18T20:00:00,284.43115,Sistema
2024-12-18T21:00:00,288.9678,Sistema
2024-12-18T22:00:00,294.34904,Sistema
2024-12-18T23:00:00,308.991,Sistema
2024-12-18T24:00:00,328.12795,Sistema
2024-12-19T01:00:00,325.70124,Sistema
2024-12-19T02:00:00,317.71068,Sistema
2024-12-19T03:00:00,309.83188,Sistema
2024-12-19T04:00:00,301.85921,Sistema
2024-12-19T05:00:00,295.91678,Sistema
2024-12-19T06:00:00,292.77538,Sistema
2024-12-19T07:00:00,292.83323,Sistema
2024-12-19T08:00:00,279.18257,Sistema
2024-12-19T09:00:00,261.40415,Sistema
2024-12-19T10:00:00,254.26487,Sistema
2024-12-19T11:00:00,247.48304,Sistema
2024-12-19T12:00:00,242.67323,Sistema
2024-12-19T13:00:00,241.5473,Sistema
2024-12-19T14:00:00,244.93673,Sistema
2024-12-19T15:00:00,246.62774,Sistema
2024-12-19T16:00:00,262.74338,Sistema
2024-12-19T17:00:00,273.90954,Sistema
2024-12-19T18:00:00,279.57672,Sistema
2024-12-19T19:00:00,265.26195,Sistema
2024-12-19T20:00:00,268.96968,Sistema
2024-12-19T21:00:00,273.74915,Sistema
2024-12-19T22:00:00,275.72872,Sistema
2024-12-19T23:00:00,289.37505,Sistema
2024-12-19T24:00:00,301.14767,Sistema
2024-12-20T01:00:00,292.2037,Sistema
2024-12-20T02:00:00,301.52455,Sistema
2024-12-20T03:00:00,309.31092,Sistema
2024-12-20T04:00:00,309.65105,Sistema
2024-12-20T05:00:00,310.20528,Sistema
2024-12-20T06:00:00,305.27046,Sistema
2024-12-20T07:00:00,305.09266,Sistema
2024-12-20T08:00:00,288.81841,Sistema
2024-12-20T09:00:00,273.53184,Sistema
2024-12-20T10:00:00,264.20737,Sistema
2024-12-20T11:00:00,258.61344,Sistema
2024-12-20T12:00:00,255.64264,Sistema
2024-12-20T13:00:00,263.20689,Sistema
2024-12-20T14:00:00,261.84635,Sistema
2024-12-20T15:00:00,261.88406,Sistema
2024-12-20T16:00:00,267.26909,Sistema
2024-12-20T17:00:00,284.818,Sistema
2024-12-20T18:00:00,291.99823,Sistema
2024-12-20T19:00:00,277.52864,Sistema
2024-12-20T20:00:00,278.211,Sistema
2024-12-20T21:00:00,283.33166,Sistema
2024-12-20T22:00:00,292.96715,Sistema
2024-12-20T23:00:00,307.30668,Sistema
2024-12-20T24:00:00,314.85815,Sistema
2024-12-21T01:00:00,320.81802,Sistema
2024-12-21T02:00:00,339.32228,Sistema
2024-12-21T03:00:00,337.28804,Sistema
2024-12-21T04:00:00,323.94068,Sistema
2024-12-21T05:00:00,324.56096,Sistema
2024-12-21T06:00:00,327.15485,Sistema
2024-12-21T07:00:00,332.4076,Sistema
2024-12-21T08:00:00,326.71064,Sistema
2024-12-21T09:00:00,310.9515,Sistema
2024-12-21T10:00:00,299.52754,Sistema
2024-12-21T11:00:00,288.4559,Sistema
2024-12-21T12:00:00,285.79206,Sistema
2024-12-21T13:00:00,289.20053,Sistema
2024-12-21T14:00:00,287.06605,Sistema
2024-12-21T15:00:00,293.61774,Sistema
2024-12-21T16:00:00,298.77663,Sistema
2024-12-21T17:00:00,301.95406,Sistema
2024-12-21T18:00:00,308.16786,Sistema
2024-12-21T19:00:00,293.22874,Sistema
2024-12-21T20:00:00,293.84731,Sistema
2024-12-21T21:00:00,296.76628,Sistema
2024-12-21T22:00:00,303.35361,Sistema
2024-12-21T23:00:00,311.64753,Sistema
2024-12-21T24:00:00,324.19469,Sistema
2024-12-22T01:00:00,328.38446,Sistema
2024-12-22T02:00:00,328.48864,Sistema
2024-12-22T03:00:00,344.35215,Sistema
2024-12-22T04:00:00,346.62043,Sistema
2024-12-22T05:00:00,346.86477,Sistema
2024-12-22T06:00:00,348.69456,Sistema
2024-12-22T07:00:00,340.62725,Sistema
2024-12-22T08:00:00,322.61356,Sistema
2024-12-22T09:00:00,313.80303,Sistema
2024-12-22T10:00:00,305.84844,Sistema
2024-12-22T11:00:00,293.78719,Sistema
2024-12-22T12:00:00,293.19528,Sistema
2024-12-22T13:00:00,302.6341,Sistema
2024-12-22T14:00:00,305.22407,Sistema
2024-12-22T15:00:00,316.14413,Sistema
2024-12-22T16:00:00,324.16362,Sistema
2024-12-22T17:00:00,326.73239,Sistema
2024-12-22T18:00:00,329.99361,Sistema
2024-12-22T19:00:00,318.50409,Sistema
2024-12-22T20:00:00,324.02984,Sistema
2024-12-22T21:00:00,326.78727,Sistema
2024-12-22T22:00:00,332.9853,Sistema
2024-12-22T23:00:00,335.3282,Sistema
2024-12-22T24:00:00,349.64025,Sistema
2024-12-23T01:00:00,341.28309,Sistema
2024-12-23T02:00:00,315.68601,Sistema
2024-12-23T03:00:00,314.27667,Sistema
2024-12-23T04:00:00,307.98707,Sistema
2024-12-23T05:00:00,309.2308,Sistema
2024-12-23T06:00:00,308.81549,Sistema
2024-12-23T07:00:00,306.51505,Sistema
2024-12-23T08:00:00,291.75896,Sistema
2024-12-23T09:00:00,285.64372,Sistema
2024-12-23T10:00:00,278.86468,Sistema
2024-12-23T11:00:00,275.9744,Sistema
2024-12-23T12:00:00,278.7419,Sistema
2024-12-23T13:00:00,282.30349,Sistema
2024-12-23T14:00:00,280.10067,Sistema
2024-12-23T15:00:00,283.79381,Sistema
2024-12-23T16:00:00,278.67865,Sistema
2024-12-23T17:00:00,293.65382,Sistema
2024-12-23T18:00:00,304.79741,Sistema
2024-12-23T19:00:00,298.813,Sistema
2024-12-23T20:00:00,300.51934,Sistema
2024-12-23T21:00:00,305.77788,Sistema
2024-12-23T22:00:00,311.7519,Sistema
2024-12-23T23:00:00,330.06961,Sistema
2024-12-23T24:00:00,339.81458,Sistema
2024-12-24T01:00:00,337.89778,Sistema
2024-12-24T02:00:00,322.52519,Sistema
2024-12-24T03:00:00,312.19283,Sistema
2024-12-24T04:00:00,296.61531,Sistema
2024-12-24T05:00:00,292.49526,Sistema
2024-12-24T06:00:00,291.70555,Sistema
2024-12-24T07:00:00,293.92359,Sistema
2024-12-24T08:00:00,281.65207,Sistema
2024-12-24T09:00:00,266.10278,Sistema
2024-12-24T10:00:00,256.27578,Sistema
2024-12-24T11:00:00,252.18354,Sistema
2024-12-24T12:00:00,251.48491,Sistema
2024-12-24T13:00:00,260.88726,Sistema
2024-12-24T14:00:00,268.32985,Sistema
2024-12-24T15:00:00,279.96298,Sistema
2024-12-24T16:00:00,284.90609,Sistema
2024-12-24T17:00:00,290.79949,Sistema
2024-12-24T18:00:00,291.9725,Sistema
2024-12-24T19:00:00,272.01038,Sistema
2024-12-24T20:00:00,267.98799,Sistema
2024-12-24T21:00:00,274.87175,Sistema
2024-12-24T22:00:00,277.02548,Sistema
2024-12-24T23:00:00,283.62342,Sistema
2024-12-24T24:00:00,290.8959,Sistema
2024-12-25T01:00:00,286.43396,Sistema
2024-12-25T02:00:00,289.92435,Sistema
2024-12-25T03:00:00,297.56524,Sistema
2024-12-25T04:00:00,296.59801,Sistema
2024-12-25T05:00:00,295.80968,Sistema
2024-12-25T06:00:00,279.98126,Sistema
2024-12-25T07:00:00,268.97915,Sistema
2024-12-25T08:00:00,245.12491,Sistema
2024-12-25T09:00:00,235.03919,Sistema
2024-12-25T10:00:00,236.77493,Sistema
2024-12-25T11:00:00,229.1852,Sistema
2024-12-25T12:00:00,224.7999,Sistema
2024-12-25T13:00:00,240.42381,Sistema
2024-12-25T14:00:00,253.25037,Sistema
2024-12-25T15:00:00,262.91018,Sistema
2024-12-25T16:00:00,273.47243,Sistema
2024-12-25T17:00:00,278.11936,Sistema
2024-12-25T18:00:00,277.42869,Sistema
2024-12-25T19:00:00,255.20931,Sistema
2024-12-25T20:00:00,255.08069,Sistema
2024-12-25T21:00:00,254.11095,Sistema
2024-12-25T22:00:00,261.99396,Sistema
2024-12-25T23:00:00,274.91389,Sistema
2024-12-25T24:00:00,276.86023,Sistema
2024-12-26T01:00:00,266.4321,Sistema
2024-12-26T02:00:00,245.12392,Sistema
2024-12-26T03:00:00,242.90715,Sistema
2024-12-26T04:00:00,251.77936,Sistema
2024-12-26T05:00:00,256.74053,Sistema
2024-12-26T06:00:00,239.59052,Sistema
2024-12-26T07:00:00,254.14384,Sistema
2024-12-26T08:00:00,251.67324,Sistema
2024-12-26T09:00:00,252.35076,Sistema
2024-12-26T10:00:00,243.95921,Sistema
2024-12-26T11:00:00,231.94012,Sistema
2024-12-26T12:00:00,232.516,Sistema
2024-12-26T13:00:00,233.29031,Sistema
2024-12-26T14:00:00,229.50392,Sistema
2024-12-26T15:00:00,227.83947,Sistema
2024-12-26T16:00:00,230.20676,Sistema
2024-12-26T17:00:00,240.48942,Sistema
2024-12-26T18:00:00,239.31378,Sistema
2024-12-26T19:00:00,231.76145,Sistema
2024-12-26T20:00:00,231.19916,Sistema
2024-12-26T21:00:00,236.84269,Sistema
2024-12-26T22:00:00,240.22178,Sistema
2024-12-26T23:00:00,246.84485,Sistema
2024-12-26T24:00:00,254.05829,Sistema
2024-12-27T01:00:00,249.11379,Sistema
2024-12-27T02:00:00,239.26081,Sistema
2024-12-27T03:00:00,223.91392,Sistema
2024-12-27T04:00:00,222.79222,Sistema
2024-12-27T05:00:00,212.55638,Sistema
2024-12-27T06:00:00,201.95163,Sistema
2024-12-27T07:00:00,205.45742,Sistema
2024-12-27T08:00:00,204.68043,Sistema
2024-12-27T09:00:00,192.81147,Sistema
2024-12-27T10:00:00,200.72877,Sistema
2024-12-27T11:00:00,199.89328,Sistema
2024-12-27T12:00:00,196.67215,Sistema
2024-12-27T13:00:00,198.19308,Sistema
2024-12-27T14:00:00,205.24236,Sistema
2024-12-27T15:00:00,206.65208,Sistema
2024-12-27T16:00:00,206.95761,Sistema
2024-12-27T17:00:00,209.49689,Sistema
2024-12-27T18:00:00,215.56656,Sistema
2024-12-27T19:00:00,211.17402,Sistema
2024-12-27T20:00:00,218.57586,Sistema
2024-12-27T21:00:00,219.12586,Sistema
2024-12-27T22:00:00,223.21609,Sistema
2024-12-27T23:00:00,227.1033,Sistema
2024-12-27T24:00:00,231.77255,Sistema
2024-12-28T01:00:00,249.13894,Sistema
2024-12-28T02:00:00,245.56953,Sistema
2024-12-28T03:00:00,235.77435,Sistema
2024-12-28T04:00:00,231.46392,Sistema
2024-12-28T05:00:00,232.38779,Sistema
2024-12-28T06:00:00,235.76499,Sistema
2024-12-28T07:00:00,231.17508,Sistema
2024-12-28T08:00:00,223.58752,Sistema
2024-12-28T09:00:00,218.52358,Sistema
2024-12-28T10:00:00,212.50035,Sistema
2024-12-28T11:00:00,206.25485,Sistema
2024-12-28T12:00:00,203.05104,Sistema
2024-12-28T13:00:00,206.07407,Sistema
2024-12-28T14:00:00,208.60381,Sistema
2024-12-28T15:00:00,211.20126,Sistema
2024-12-28T16:00:00,213.48913,Sistema
2024-12-28T17:00:00,212.70265,Sistema
2024-12-28T18:00:00,210.12803,Sistema
2024-12-28T19:00:00,198.67401,Sistema
2024-12-28T20:00:00,209.29769,Sistema
2024-12-28T21:00:00,216.2987,Sistema
2024-12-28T22:00:00,222.55904,Sistema
2024-12-28T23:00:00,230.85266,Sistema
2024-12-28T24:00:00,239.82952,Sistema
2024-12-29T01:00:00,254.24503,Sistema
2024-12-29T02:00:00,242.61501,Sistema
2024-12-29T03:00:00,247.9422,Sistema
2024-12-29T04:00:00,240.60934,Sistema
2024-12-29T05:00:00,226.15458,Sistema
2024-12-29T06:00:00,207.84402,Sistema
2024-12-29T07:00:00,191.25246,Sistema
2024-12-29T08:00:00,166.8088,Sistema
2024-12-29T09:00:00,153.05264,Sistema
2024-12-29T10:00:00,156.05544,Sistema
2024-12-29T11:00:00,156.88996,Sistema
2024-12-29T12:00:00,162.46571,Sistema
2024-12-29T13:00:00,168.9244,Sistema
2024-12-29T14:00:00,175.91157,Sistema
2024-12-29T15:00:00,179.37189,Sistema
2024-12-29T16:00:00,182.27211,Sistema
2024-12-29T17:00:00,191.39673,Sistema
2024-12-29T18:00:00,197.90816,Sistema
2024-12-29T19:00:00,195.62056,Sistema
2024-12-29T20:00:00,194.50636,Sistema
2024-12-29T21:00:00,197.45883,Sistema
2024-12-29T22:00:00,197.28098,Sistema
2024-12-29T23:00:00,200.28933,Sistema
2024-12-29T24:00:00,209.14688,Sistema
2024-12-30T01:00:00,232.09473,Sistema
2024-12-30T02:00:00,222.96004,Sistema
2024-12-30T03:00:00,233.85534,Sistema
2024-12-30T04:00:00,230.10494,Sistema
2024-12-30T05:00:00,210.32953,Sistema
2024-12-30T06:00:00,205.7429,Sistema
2024-12-30T07:00:00,189.93986,Sistema
2024-12-30T08:00:00,176.74114,Sistema
2024-12-30T09:00:00,165.37654,Sistema
2024-12-30T10:00:00,165.32945,Sistema
2024-12-30T11:00:00,165.65333,Sistema
2024-12-30T12:00:00,165.63654,Sistema
2024-12-30T13:00:00,166.50759,Sistema
2024-12-30T14:00:00,169.91756,Sistema
2024-12-30T15:00:00,166.51142,Sistema
2024-12-30T16:00:00,166.7166,Sistema
2024-12-30T17:00:00,178.56955,Sistema
2024-12-30T18:00:00,183.91847,Sistema
2024-12-30T19:00:00,180.12435,Sistema
2024-12-30T20:00:00,179.74286,Sistema
2024-12-30T21:00:00,185.28332,Sistema
2024-12-30T22:00:00,190.22834,Sistema
2024-12-30T23:00:00,196.48971,Sistema
2024-12-30T24:00:00,208.28318,Sistema
2024-12-31T01:00:00,173.96093,Sistema
2024-12-31T02:00:00,155.90215,Sistema
2024-12-31T03:00:00,144.52339,Sistema
2024-12-31T04:00:00,144.30989,Sistema
2024-12-31T05:00:00,131.82015,Sistema
2024-12-31T06:00:00,120.81263,Sistema
2024-12-31T07:00:00,122.82094,Sistema
2024-12-31T08:00:00,113.2157,Sistema
2024-12-31T09:00:00,105.73373,Sistema
2024-12-31T10:00:00,101.09677,Sistema
2024-12-31T11:00:00,99.41416,Sistema
2024-12-31T12:00:00,102.84846,Sistema
2024-12-31T13:00:00,108.37225,Sistema
2024-12-31T14:00:00,110.34887,Sistema
2024-12-31T15:00:00,114.83345,Sistema
2024-12-31T16:00:00,121.12862,Sistema
2024-12-31T17:00:00,129.50007,Sistema
2024-12-31T18:00:00,150.63955,Sistema
2024-12-31T19:00:00,155.78705,Sistema
2024-12-31T20:00:00,153.94142,Sistema
2024-12-31T21:00:00,159.24784,Sistema
2024-12-31T22:00:00,155.60698,Sistema
2024-12-31T23:00:00,139.35867,Sistema
2024-12-31T24:00:00,123.55836,Sistema
