fecha_hora,valor,id
2023-01-01T01:00:00,510.90133,Sistema
2023-01-01T02:00:00,510.90133,Sistema
2023-01-01T03:00:00,510.90133,Sistema
2023-01-01T04:00:00,510.90133,Sistema
2023-01-01T05:00:00,510.90133,Sistema
2023-01-01T06:00:00,510.90133,Sistema
2023-01-01T07:00:00,451.90133,Sistema
2023-01-01T08:00:00,451.90133,Sistema
2023-01-01T09:00:00,451.90133,Sistema
2023-01-01T10:00:00,451.90133,Sistema
2023-01-01T11:00:00,451.90133,Sistema
2023-01-01T12:00:00,510.90133,Sistema
2023-01-01T13:00:00,510.90133,Sistema
2023-01-01T14:00:00,510.90133,Sistema
2023-01-01T15:00:00,510.90133,Sistema
2023-01-01T16:00:00,510.90133,Sistema
2023-01-01T17:00:00,510.90133,Sistema
2023-01-01T18:00:00,510.90133,Sistema
2023-01-01T19:00:00,518.40133,Sistema
2023-01-01T20:00:00,518.40133,Sistema
2023-01-01T21:00:00,518.40133,Sistema
2023-01-01T22:00:00,518.40133,Sistema
2023-01-01T23:00:00,510.90133,Sistema
2023-01-01T24:00:00,510.90133,Sistema
2023-01-02T01:00:00,509.34686,Sistema
2023-01-02T02:00:00,509.34686,Sistema
2023-01-02T03:00:00,509.34686,Sistema
2023-01-02T04:00:00,509.34686,Sistema
2023-01-02T05:00:00,509.34686,Sistema
2023-01-02T06:00:00,509.34686,Sistema
2023-01-02T07:00:00,509.34686,Sistema
2023-01-02T08:00:00,509.34686,Sistema
2023-01-02T09:00:00,510.84686,Sistema
2023-01-02T10:00:00,510.84686,Sistema
2023-01-02T11:00:00,510.84686,Sistema
2023-01-02T12:00:00,510.84686,Sistema
2023-01-02T13:00:00,512.34686,Sistema
2023-01-02T14:00:00,512.34686,Sistema
2023-01-02T15:00:00,512.34686,Sistema
2023-01-02T16:00:00,512.34686,Sistema
2023-01-02T17:00:00,512.34686,Sistema
2023-01-02T18:00:00,510.84686,Sistema
2023-01-02T19:00:00,512.34686,Sistema
2023-01-02T20:00:00,512.34686,Sistema
2023-01-02T21:00:00,512.34686,Sistema
2023-01-02T22:00:00,512.34686,Sistema
2023-01-02T23:00:00,510.84686,Sistema
2023-01-02T24:00:00,510.84686,Sistema
2023-01-03T01:00:00,509.46851,Sistema
2023-01-03T02:00:00,509.46851,Sistema
2023-01-03T03:00:00,509.46851,Sistema
2023-01-03T04:00:00,509.46851,Sistema
2023-01-03T05:00:00,509.46851,Sistema
2023-01-03T06:00:00,509.46851,Sistema
2023-01-03T07:00:00,509.46851,Sistema
2023-01-03T08:00:00,509.46851,Sistema
2023-01-03T09:00:00,513.46851,Sistema
2023-01-03T10:00:00,513.46851,Sistema
2023-01-03T11:00:00,541.96851,Sistema
2023-01-03T12:00:00,541.96851,Sistema
2023-01-03T13:00:00,541.96851,Sistema
2023-01-03T14:00:00,561.46851,Sistema
2023-01-03T15:00:00,561.46851,Sistema
2023-01-03T16:00:00,561.46851,Sistema
2023-01-03T17:00:00,561.46851,Sistema
2023-01-03T18:00:00,541.96851,Sistema
2023-01-03T19:00:00,561.46851,Sistema
2023-01-03T20:00:00,561.46851,Sistema
2023-01-03T21:00:00,541.96851,Sistema
2023-01-03T22:00:00,541.96851,Sistema
2023-01-03T23:00:00,513.46851,Sistema
2023-01-03T24:00:00,509.46851,Sistema
2023-01-04T01:00:00,552.3545,Sistema
2023-01-04T02:00:00,552.3545,Sistema
2023-01-04T03:00:00,552.3545,Sistema
2023-01-04T04:00:00,541.3545,Sistema
2023-01-04T05:00:00,541.3545,Sistema
2023-01-04T06:00:00,552.3545,Sistema
2023-01-04T07:00:00,552.3545,Sistema
2023-01-04T08:00:00,552.3545,Sistema
2023-01-04T09:00:00,552.3545,Sistema
2023-01-04T10:00:00,561.3545,Sistema
2023-01-04T11:00:00,560.3545,Sistema
2023-01-04T12:00:00,561.3545,Sistema
2023-01-04T13:00:00,561.3545,Sistema
2023-01-04T14:00:00,561.3545,Sistema
2023-01-04T15:00:00,561.3545,Sistema
2023-01-04T16:00:00,561.3545,Sistema
2023-01-04T17:00:00,561.3545,Sistema
2023-01-04T18:00:00,560.3545,Sistema
2023-01-04T19:00:00,562.3545,Sistema
2023-01-04T20:00:00,562.3545,Sistema
2023-01-04T21:00:00,562.3545,Sistema
2023-01-04T22:00:00,561.3545,Sistema
2023-01-04T23:00:00,552.3545,Sistema
2023-01-04T24:00:00,560.3545,Sistema
2023-01-05T01:00:00,556.32752,Sistema
2023-01-05T02:00:00,556.32752,Sistema
2023-01-05T03:00:00,556.32752,Sistema
2023-01-05T04:00:00,556.32752,Sistema
2023-01-05T05:00:00,556.32752,Sistema
2023-01-05T06:00:00,556.32752,Sistema
2023-01-05T07:00:00,556.32752,Sistema
2023-01-05T08:00:00,556.32752,Sistema
2023-01-05T09:00:00,556.32752,Sistema
2023-01-05T10:00:00,561.82752,Sistema
2023-01-05T11:00:00,561.82752,Sistema
2023-01-05T12:00:00,561.82752,Sistema
2023-01-05T13:00:00,561.82752,Sistema
2023-01-05T14:00:00,561.82752,Sistema
2023-01-05T15:00:00,561.82752,Sistema
2023-01-05T16:00:00,561.82752,Sistema
2023-01-05T17:00:00,561.82752,Sistema
2023-01-05T18:00:00,561.82752,Sistema
2023-01-05T19:00:00,576.32752,Sistema
2023-01-05T20:00:00,576.32752,Sistema
2023-01-05T21:00:00,561.82752,Sistema
2023-01-05T22:00:00,561.82752,Sistema
2023-01-05T23:00:00,561.82752,Sistema
2023-01-05T24:00:00,561.82752,Sistema
2023-01-06T01:00:00,491.47917,Sistema
2023-01-06T02:00:00,491.47917,Sistema
2023-01-06T03:00:00,450.38217,Sistema
2023-01-06T04:00:00,451.38217,Sistema
2023-01-06T05:00:00,451.38217,Sistema
2023-01-06T06:00:00,486.38217,Sistema
2023-01-06T07:00:00,491.47917,Sistema
2023-01-06T08:00:00,496.38217,Sistema
2023-01-06T09:00:00,496.38217,Sistema
2023-01-06T10:00:00,550.88217,Sistema
2023-01-06T11:00:00,550.88217,Sistema
2023-01-06T12:00:00,557.38217,Sistema
2023-01-06T13:00:00,557.38217,Sistema
2023-01-06T14:00:00,557.38217,Sistema
2023-01-06T15:00:00,557.38217,Sistema
2023-01-06T16:00:00,557.38217,Sistema
2023-01-06T17:00:00,557.38217,Sistema
2023-01-06T18:00:00,557.38217,Sistema
2023-01-06T19:00:00,557.38217,Sistema
2023-01-06T20:00:00,557.38217,Sistema
2023-01-06T21:00:00,557.38217,Sistema
2023-01-06T22:00:00,557.38217,Sistema
2023-01-06T23:00:00,550.88217,Sistema
2023-01-06T24:00:00,550.88217,Sistema
2023-01-07T01:00:00,498.55619,Sistema
2023-01-07T02:00:00,498.55619,Sistema
2023-01-07T03:00:00,498.55619,Sistema
2023-01-07T04:00:00,495.35619,Sistema
2023-01-07T05:00:00,495.35619,Sistema
2023-01-07T06:00:00,495.35619,Sistema
2023-01-07T07:00:00,495.35619,Sistema
2023-01-07T08:00:00,498.55619,Sistema
2023-01-07T09:00:00,498.55619,Sistema
2023-01-07T10:00:00,498.55619,Sistema
2023-01-07T11:00:00,498.55619,Sistema
2023-01-07T12:00:00,498.55619,Sistema
2023-01-07T13:00:00,501.35619,Sistema
2023-01-07T14:00:00,498.55619,Sistema
2023-01-07T15:00:00,498.55619,Sistema
2023-01-07T16:00:00,498.55619,Sistema
2023-01-07T17:00:00,498.55619,Sistema
2023-01-07T18:00:00,498.55619,Sistema
2023-01-07T19:00:00,558.55619,Sistema
2023-01-07T20:00:00,558.55619,Sistema
2023-01-07T21:00:00,501.35619,Sistema
2023-01-07T22:00:00,498.55619,Sistema
2023-01-07T23:00:00,498.55619,Sistema
2023-01-07T24:00:00,498.55619,Sistema
2023-01-08T01:00:00,421.88598,Sistema
2023-01-08T02:00:00,416.60398,Sistema
2023-01-08T03:00:00,410.81298,Sistema
2023-01-08T04:00:00,390.81298,Sistema
2023-01-08T05:00:00,351.81298,Sistema
2023-01-08T06:00:00,308.75398,Sistema
2023-01-08T07:00:00,308.75398,Sistema
2023-01-08T08:00:00,308.75398,Sistema
2023-01-08T09:00:00,351.81298,Sistema
2023-01-08T10:00:00,410.81298,Sistema
2023-01-08T11:00:00,410.81298,Sistema
2023-01-08T12:00:00,410.81298,Sistema
2023-01-08T13:00:00,421.88598,Sistema
2023-01-08T14:00:00,421.88598,Sistema
2023-01-08T15:00:00,421.88598,Sistema
2023-01-08T16:00:00,421.88598,Sistema
2023-01-08T17:00:00,421.88598,Sistema
2023-01-08T18:00:00,422.79398,Sistema
2023-01-08T19:00:00,499.31298,Sistema
2023-01-08T20:00:00,499.31298,Sistema
2023-01-08T21:00:00,499.31298,Sistema
2023-01-08T22:00:00,499.31298,Sistema
2023-01-08T23:00:00,495.81298,Sistema
2023-01-08T24:00:00,453.41498,Sistema
2023-01-09T01:00:00,407.54675,Sistema
2023-01-09T02:00:00,407.29475,Sistema
2023-01-09T03:00:00,390.97475,Sistema
2023-01-09T04:00:00,331.86275,Sistema
2023-01-09T05:00:00,378.52975,Sistema
2023-01-09T06:00:00,331.86275,Sistema
2023-01-09T07:00:00,217.88975,Sistema
2023-01-09T08:00:00,331.86275,Sistema
2023-01-09T09:00:00,407.54675,Sistema
2023-01-09T10:00:00,410.97475,Sistema
2023-01-09T11:00:00,481.47475,Sistema
2023-01-09T12:00:00,481.47475,Sistema
2023-01-09T13:00:00,483.97475,Sistema
2023-01-09T14:00:00,483.97475,Sistema
2023-01-09T15:00:00,483.97475,Sistema
2023-01-09T16:00:00,483.97475,Sistema
2023-01-09T17:00:00,483.97475,Sistema
2023-01-09T18:00:00,483.97475,Sistema
2023-01-09T19:00:00,483.97475,Sistema
2023-01-09T20:00:00,483.97475,Sistema
2023-01-09T21:00:00,483.97475,Sistema
2023-01-09T22:00:00,483.97475,Sistema
2023-01-09T23:00:00,483.97475,Sistema
2023-01-09T24:00:00,481.47475,Sistema
2023-01-10T01:00:00,125.1096,Sistema
2023-01-10T02:00:00,125.6106,Sistema
2023-01-10T03:00:00,125.6096,Sistema
2023-01-10T04:00:00,125.1096,Sistema
2023-01-10T05:00:00,125.8536,Sistema
2023-01-10T06:00:00,126.1096,Sistema
2023-01-10T07:00:00,381.6646,Sistema
2023-01-10T08:00:00,410.6816,Sistema
2023-01-10T09:00:00,474.1096,Sistema
2023-01-10T10:00:00,474.1096,Sistema
2023-01-10T11:00:00,484.1096,Sistema
2023-01-10T12:00:00,484.1096,Sistema
2023-01-10T13:00:00,484.1096,Sistema
2023-01-10T14:00:00,484.1096,Sistema
2023-01-10T15:00:00,486.1096,Sistema
2023-01-10T16:00:00,486.1096,Sistema
2023-01-10T17:00:00,484.1096,Sistema
2023-01-10T18:00:00,484.1096,Sistema
2023-01-10T19:00:00,486.1096,Sistema
2023-01-10T20:00:00,486.1096,Sistema
2023-01-10T21:00:00,486.1096,Sistema
2023-01-10T22:00:00,474.1096,Sistema
2023-01-10T23:00:00,455.1096,Sistema
2023-01-10T24:00:00,410.6816,Sistema
2023-01-11T01:00:00,401.56312,Sistema
2023-01-11T02:00:00,401.56312,Sistema
2023-01-11T03:00:00,331.45112,Sistema
2023-01-11T04:00:00,401.56312,Sistema
2023-01-11T05:00:00,401.56312,Sistema
2023-01-11T06:00:00,401.56312,Sistema
2023-01-11T07:00:00,410.56312,Sistema
2023-01-11T08:00:00,454.56312,Sistema
2023-01-11T09:00:00,461.67712,Sistema
2023-01-11T10:00:00,461.67712,Sistema
2023-01-11T11:00:00,461.67712,Sistema
2023-01-11T12:00:00,461.67712,Sistema
2023-01-11T13:00:00,461.67712,Sistema
2023-01-11T14:00:00,461.67712,Sistema
2023-01-11T15:00:00,461.67712,Sistema
2023-01-11T16:00:00,461.67712,Sistema
2023-01-11T17:00:00,461.67712,Sistema
2023-01-11T18:00:00,461.67712,Sistema
2023-01-11T19:00:00,461.67712,Sistema
2023-01-11T20:00:00,461.67712,Sistema
2023-01-11T21:00:00,461.67712,Sistema
2023-01-11T22:00:00,461.67712,Sistema
2023-01-11T23:00:00,456.56312,Sistema
2023-01-11T24:00:00,410.56312,Sistema
2023-01-12T01:00:00,129.09297,Sistema
2023-01-12T02:00:00,129.09297,Sistema
2023-01-12T03:00:00,129.09297,Sistema
2023-01-12T04:00:00,129.09297,Sistema
2023-01-12T05:00:00,129.19297,Sistema
2023-01-12T06:00:00,129.19297,Sistema
2023-01-12T07:00:00,130.09297,Sistema
2023-01-12T08:00:00,131.09297,Sistema
2023-01-12T09:00:00,409.09297,Sistema
2023-01-12T10:00:00,409.09297,Sistema
2023-01-12T11:00:00,409.09297,Sistema
2023-01-12T12:00:00,409.09297,Sistema
2023-01-12T13:00:00,428.09297,Sistema
2023-01-12T14:00:00,428.09297,Sistema
2023-01-12T15:00:00,428.09297,Sistema
2023-01-12T16:00:00,428.09297,Sistema
2023-01-12T17:00:00,428.09297,Sistema
2023-01-12T18:00:00,409.09297,Sistema
2023-01-12T19:00:00,409.09297,Sistema
2023-01-12T20:00:00,428.09297,Sistema
2023-01-12T21:00:00,428.09297,Sistema
2023-01-12T22:00:00,408.09297,Sistema
2023-01-12T23:00:00,369.09297,Sistema
2023-01-12T24:00:00,225.00797,Sistema
2023-01-13T01:00:00,123.98637,Sistema
2023-01-13T02:00:00,123.98637,Sistema
2023-01-13T03:00:00,123.98637,Sistema
2023-01-13T04:00:00,123.98637,Sistema
2023-01-13T05:00:00,123.98637,Sistema
2023-01-13T06:00:00,123.98637,Sistema
2023-01-13T07:00:00,126.98637,Sistema
2023-01-13T08:00:00,263.41737,Sistema
2023-01-13T09:00:00,263.41737,Sistema
2023-01-13T10:00:00,263.41737,Sistema
2023-01-13T11:00:00,263.41737,Sistema
2023-01-13T12:00:00,331.87437,Sistema
2023-01-13T13:00:00,331.87437,Sistema
2023-01-13T14:00:00,331.87437,Sistema
2023-01-13T15:00:00,356.98637,Sistema
2023-01-13T16:00:00,356.98637,Sistema
2023-01-13T17:00:00,356.98637,Sistema
2023-01-13T18:00:00,263.41737,Sistema
2023-01-13T19:00:00,356.98637,Sistema
2023-01-13T20:00:00,399.98637,Sistema
2023-01-13T21:00:00,356.98637,Sistema
2023-01-13T22:00:00,263.41737,Sistema
2023-01-13T23:00:00,263.41737,Sistema
2023-01-13T24:00:00,263.41737,Sistema
2023-01-14T01:00:00,221.85358,Sistema
2023-01-14T02:00:00,221.85358,Sistema
2023-01-14T03:00:00,217.76858,Sistema
2023-01-14T04:00:00,217.76858,Sistema
2023-01-14T05:00:00,217.76858,Sistema
2023-01-14T06:00:00,221.85358,Sistema
2023-01-14T07:00:00,221.85358,Sistema
2023-01-14T08:00:00,252.76458,Sistema
2023-01-14T09:00:00,252.76458,Sistema
2023-01-14T10:00:00,252.76458,Sistema
2023-01-14T11:00:00,252.76458,Sistema
2023-01-14T12:00:00,263.85358,Sistema
2023-01-14T13:00:00,263.85358,Sistema
2023-01-14T14:00:00,263.85358,Sistema
2023-01-14T15:00:00,252.76458,Sistema
2023-01-14T16:00:00,252.76458,Sistema
2023-01-14T17:00:00,252.76458,Sistema
2023-01-14T18:00:00,252.76458,Sistema
2023-01-14T19:00:00,263.85358,Sistema
2023-01-14T20:00:00,361.85358,Sistema
2023-01-14T21:00:00,263.85358,Sistema
2023-01-14T22:00:00,252.76458,Sistema
2023-01-14T23:00:00,252.76458,Sistema
2023-01-14T24:00:00,252.76458,Sistema
2023-01-15T01:00:00,195.93952,Sistema
2023-01-15T02:00:00,195.93952,Sistema
2023-01-15T03:00:00,127.93952,Sistema
2023-01-15T04:00:00,127.93952,Sistema
2023-01-15T05:00:00,127.93952,Sistema
2023-01-15T06:00:00,127.93952,Sistema
2023-01-15T07:00:00,127.93952,Sistema
2023-01-15T08:00:00,127.93952,Sistema
2023-01-15T09:00:00,127.93952,Sistema
2023-01-15T10:00:00,195.93952,Sistema
2023-01-15T11:00:00,195.93952,Sistema
2023-01-15T12:00:00,254.93952,Sistema
2023-01-15T13:00:00,256.93952,Sistema
2023-01-15T14:00:00,256.93952,Sistema
2023-01-15T15:00:00,256.93952,Sistema
2023-01-15T16:00:00,254.93952,Sistema
2023-01-15T17:00:00,254.93952,Sistema
2023-01-15T18:00:00,254.93952,Sistema
2023-01-15T19:00:00,275.93952,Sistema
2023-01-15T20:00:00,325.93952,Sistema
2023-01-15T21:00:00,275.93952,Sistema
2023-01-15T22:00:00,275.93952,Sistema
2023-01-15T23:00:00,256.93952,Sistema
2023-01-15T24:00:00,233.93952,Sistema
2023-01-16T01:00:00,122.75461,Sistema
2023-01-16T02:00:00,122.75461,Sistema
2023-01-16T03:00:00,122.75461,Sistema
2023-01-16T04:00:00,122.75461,Sistema
2023-01-16T05:00:00,122.75461,Sistema
2023-01-16T06:00:00,123.49861,Sistema
2023-01-16T07:00:00,123.75461,Sistema
2023-01-16T08:00:00,124.75461,Sistema
2023-01-16T09:00:00,232.75461,Sistema
2023-01-16T10:00:00,247.75461,Sistema
2023-01-16T11:00:00,253.75461,Sistema
2023-01-16T12:00:00,262.75461,Sistema
2023-01-16T13:00:00,262.75461,Sistema
2023-01-16T14:00:00,262.75461,Sistema
2023-01-16T15:00:00,262.75461,Sistema
2023-01-16T16:00:00,253.75461,Sistema
2023-01-16T17:00:00,253.75461,Sistema
2023-01-16T18:00:00,253.75461,Sistema
2023-01-16T19:00:00,262.75461,Sistema
2023-01-16T20:00:00,262.75461,Sistema
2023-01-16T21:00:00,253.75461,Sistema
2023-01-16T22:00:00,247.75461,Sistema
2023-01-16T23:00:00,232.75461,Sistema
2023-01-16T24:00:00,124.75461,Sistema
2023-01-17T01:00:00,121.89394,Sistema
2023-01-17T02:00:00,121.89394,Sistema
2023-01-17T03:00:00,121.89394,Sistema
2023-01-17T04:00:00,121.89394,Sistema
2023-01-17T05:00:00,121.89394,Sistema
2023-01-17T06:00:00,121.89394,Sistema
2023-01-17T07:00:00,122.66894,Sistema
2023-01-17T08:00:00,217.66894,Sistema
2023-01-17T09:00:00,252.77994,Sistema
2023-01-17T10:00:00,252.77994,Sistema
2023-01-17T11:00:00,252.77994,Sistema
2023-01-17T12:00:00,262.66894,Sistema
2023-01-17T13:00:00,262.66894,Sistema
2023-01-17T14:00:00,262.66894,Sistema
2023-01-17T15:00:00,262.66894,Sistema
2023-01-17T16:00:00,262.66894,Sistema
2023-01-17T17:00:00,262.66894,Sistema
2023-01-17T18:00:00,252.77994,Sistema
2023-01-17T19:00:00,262.66894,Sistema
2023-01-17T20:00:00,262.66894,Sistema
2023-01-17T21:00:00,262.66894,Sistema
2023-01-17T22:00:00,252.77994,Sistema
2023-01-17T23:00:00,252.77994,Sistema
2023-01-17T24:00:00,236.61194,Sistema
2023-01-18T01:00:00,247.36786,Sistema
2023-01-18T02:00:00,247.36786,Sistema
2023-01-18T03:00:00,247.36786,Sistema
2023-01-18T04:00:00,236.45686,Sistema
2023-01-18T05:00:00,236.45686,Sistema
2023-01-18T06:00:00,247.36786,Sistema
2023-01-18T07:00:00,247.36786,Sistema
2023-01-18T08:00:00,247.36786,Sistema
2023-01-18T09:00:00,254.45686,Sistema
2023-01-18T10:00:00,254.45686,Sistema
2023-01-18T11:00:00,254.45686,Sistema
2023-01-18T12:00:00,254.45686,Sistema
2023-01-18T13:00:00,254.45686,Sistema
2023-01-18T14:00:00,254.45686,Sistema
2023-01-18T15:00:00,254.45686,Sistema
2023-01-18T16:00:00,254.45686,Sistema
2023-01-18T17:00:00,254.45686,Sistema
2023-01-18T18:00:00,254.45686,Sistema
2023-01-18T19:00:00,254.45686,Sistema
2023-01-18T20:00:00,254.45686,Sistema
2023-01-18T21:00:00,254.45686,Sistema
2023-01-18T22:00:00,254.45686,Sistema
2023-01-18T23:00:00,247.36786,Sistema
2023-01-18T24:00:00,247.36786,Sistema
2023-01-19T01:00:00,130.65853,Sistema
2023-01-19T02:00:00,130.65853,Sistema
2023-01-19T03:00:00,130.65853,Sistema
2023-01-19T04:00:00,130.65853,Sistema
2023-01-19T05:00:00,130.65853,Sistema
2023-01-19T06:00:00,130.65853,Sistema
2023-01-19T07:00:00,240.43353,Sistema
2023-01-19T08:00:00,241.43353,Sistema
2023-01-19T09:00:00,241.43353,Sistema
2023-01-19T10:00:00,271.54453,Sistema
2023-01-19T11:00:00,271.54453,Sistema
2023-01-19T12:00:00,271.54453,Sistema
2023-01-19T13:00:00,271.54453,Sistema
2023-01-19T14:00:00,281.43353,Sistema
2023-01-19T15:00:00,290.43353,Sistema
2023-01-19T16:00:00,290.43353,Sistema
2023-01-19T17:00:00,281.43353,Sistema
2023-01-19T18:00:00,271.54453,Sistema
2023-01-19T19:00:00,281.43353,Sistema
2023-01-19T20:00:00,291.43353,Sistema
2023-01-19T21:00:00,281.43353,Sistema
2023-01-19T22:00:00,271.54453,Sistema
2023-01-19T23:00:00,271.54453,Sistema
2023-01-19T24:00:00,253.89753,Sistema
2023-01-20T01:00:00,225.11616,Sistema
2023-01-20T02:00:00,225.11616,Sistema
2023-01-20T03:00:00,222.11616,Sistema
2023-01-20T04:00:00,222.11616,Sistema
2023-01-20T05:00:00,222.11616,Sistema
2023-01-20T06:00:00,225.11616,Sistema
2023-01-20T07:00:00,225.11616,Sistema
2023-01-20T08:00:00,244.11616,Sistema
2023-01-20T09:00:00,244.11616,Sistema
2023-01-20T10:00:00,244.11616,Sistema
2023-01-20T11:00:00,244.11616,Sistema
2023-01-20T12:00:00,258.22716,Sistema
2023-01-20T13:00:00,258.22716,Sistema
2023-01-20T14:00:00,258.22716,Sistema
2023-01-20T15:00:00,258.22716,Sistema
2023-01-20T16:00:00,258.22716,Sistema
2023-01-20T17:00:00,258.22716,Sistema
2023-01-20T18:00:00,244.11616,Sistema
2023-01-20T19:00:00,258.22716,Sistema
2023-01-20T20:00:00,258.22716,Sistema
2023-01-20T21:00:00,258.22716,Sistema
2023-01-20T22:00:00,244.11616,Sistema
2023-01-20T23:00:00,244.11616,Sistema
2023-01-20T24:00:00,244.11616,Sistema
2023-01-21T01:00:00,182.68383,Sistema
2023-01-21T02:00:00,121.90883,Sistema
2023-01-21T03:00:00,121.90883,Sistema
2023-01-21T04:00:00,121.90883,Sistema
2023-01-21T05:00:00,121.90883,Sistema
2023-01-21T06:00:00,121.90883,Sistema
2023-01-21T07:00:00,182.68383,Sistema
2023-01-21T08:00:00,219.68383,Sistema
2023-01-21T09:00:00,227.79483,Sistema
2023-01-21T10:00:00,227.79483,Sistema
2023-01-21T11:00:00,227.79483,Sistema
2023-01-21T12:00:00,227.79483,Sistema
2023-01-21T13:00:00,227.79483,Sistema
2023-01-21T14:00:00,227.79483,Sistema
2023-01-21T15:00:00,227.79483,Sistema
2023-01-21T16:00:00,227.79483,Sistema
2023-01-21T17:00:00,227.79483,Sistema
2023-01-21T18:00:00,227.79483,Sistema
2023-01-21T19:00:00,242.68383,Sistema
2023-01-21T20:00:00,247.68383,Sistema
2023-01-21T21:00:00,242.68383,Sistema
2023-01-21T22:00:00,227.79483,Sistema
2023-01-21T23:00:00,219.68383,Sistema
2023-01-21T24:00:00,219.68383,Sistema
2023-01-22T01:00:00,192.22682,Sistema
2023-01-22T02:00:00,192.22682,Sistema
2023-01-22T03:00:00,192.22682,Sistema
2023-01-22T04:00:00,182.11582,Sistema
2023-01-22T05:00:00,121.34082,Sistema
2023-01-22T06:00:00,121.34082,Sistema
2023-01-22T07:00:00,121.34082,Sistema
2023-01-22T08:00:00,121.34082,Sistema
2023-01-22T09:00:00,192.22682,Sistema
2023-01-22T10:00:00,192.22682,Sistema
2023-01-22T11:00:00,192.22682,Sistema
2023-01-22T12:00:00,192.22682,Sistema
2023-01-22T13:00:00,192.22682,Sistema
2023-01-22T14:00:00,192.22682,Sistema
2023-01-22T15:00:00,192.22682,Sistema
2023-01-22T16:00:00,192.22682,Sistema
2023-01-22T17:00:00,192.22682,Sistema
2023-01-22T18:00:00,192.22682,Sistema
2023-01-22T19:00:00,252.11582,Sistema
2023-01-22T20:00:00,284.11582,Sistema
2023-01-22T21:00:00,284.11582,Sistema
2023-01-22T22:00:00,271.11582,Sistema
2023-01-22T23:00:00,211.11582,Sistema
2023-01-22T24:00:00,211.11582,Sistema
2023-01-23T01:00:00,209.54798,Sistema
2023-01-23T02:00:00,209.54798,Sistema
2023-01-23T03:00:00,209.54798,Sistema
2023-01-23T04:00:00,209.54798,Sistema
2023-01-23T05:00:00,209.54798,Sistema
2023-01-23T06:00:00,209.54798,Sistema
2023-01-23T07:00:00,209.54798,Sistema
2023-01-23T08:00:00,209.54798,Sistema
2023-01-23T09:00:00,237.65898,Sistema
2023-01-23T10:00:00,237.65898,Sistema
2023-01-23T11:00:00,252.54798,Sistema
2023-01-23T12:00:00,262.54798,Sistema
2023-01-23T13:00:00,262.54798,Sistema
2023-01-23T14:00:00,262.54798,Sistema
2023-01-23T15:00:00,284.54798,Sistema
2023-01-23T16:00:00,284.54798,Sistema
2023-01-23T17:00:00,284.54798,Sistema
2023-01-23T18:00:00,262.54798,Sistema
2023-01-23T19:00:00,262.54798,Sistema
2023-01-23T20:00:00,262.54798,Sistema
2023-01-23T21:00:00,284.54798,Sistema
2023-01-23T22:00:00,262.54798,Sistema
2023-01-23T23:00:00,237.65898,Sistema
2023-01-23T24:00:00,237.65898,Sistema
2023-01-24T01:00:00,241.79344,Sistema
2023-01-24T02:00:00,241.79344,Sistema
2023-01-24T03:00:00,241.79344,Sistema
2023-01-24T04:00:00,241.79344,Sistema
2023-01-24T05:00:00,241.79344,Sistema
2023-01-24T06:00:00,245.68244,Sistema
2023-01-24T07:00:00,245.68244,Sistema
2023-01-24T08:00:00,245.68244,Sistema
2023-01-24T09:00:00,245.68244,Sistema
2023-01-24T10:00:00,245.68244,Sistema
2023-01-24T11:00:00,256.68244,Sistema
2023-01-24T12:00:00,256.68244,Sistema
2023-01-24T13:00:00,256.68244,Sistema
2023-01-24T14:00:00,256.68244,Sistema
2023-01-24T15:00:00,256.68244,Sistema
2023-01-24T16:00:00,256.68244,Sistema
2023-01-24T17:00:00,256.68244,Sistema
2023-01-24T18:00:00,256.68244,Sistema
2023-01-24T19:00:00,256.68244,Sistema
2023-01-24T20:00:00,271.68244,Sistema
2023-01-24T21:00:00,256.68244,Sistema
2023-01-24T22:00:00,256.68244,Sistema
2023-01-24T23:00:00,245.68244,Sistema
2023-01-24T24:00:00,245.68244,Sistema
2023-01-25T01:00:00,251.34001,Sistema
2023-01-25T02:00:00,246.34001,Sistema
2023-01-25T03:00:00,246.34001,Sistema
2023-01-25T04:00:00,246.34001,Sistema
2023-01-25T05:00:00,246.34001,Sistema
2023-01-25T06:00:00,252.34001,Sistema
2023-01-25T07:00:00,272.34001,Sistema
2023-01-25T08:00:00,282.45101,Sistema
2023-01-25T09:00:00,287.34001,Sistema
2023-01-25T10:00:00,287.34001,Sistema
2023-01-25T11:00:00,287.34001,Sistema
2023-01-25T12:00:00,292.34001,Sistema
2023-01-25T13:00:00,287.34001,Sistema
2023-01-25T14:00:00,292.34001,Sistema
2023-01-25T15:00:00,292.34001,Sistema
2023-01-25T16:00:00,292.34001,Sistema
2023-01-25T17:00:00,292.34001,Sistema
2023-01-25T18:00:00,287.34001,Sistema
2023-01-25T19:00:00,292.34001,Sistema
2023-01-25T20:00:00,292.34001,Sistema
2023-01-25T21:00:00,292.34001,Sistema
2023-01-25T22:00:00,287.34001,Sistema
2023-01-25T23:00:00,282.45101,Sistema
2023-01-25T24:00:00,282.45101,Sistema
2023-01-26T01:00:00,316.69012,Sistema
2023-01-26T02:00:00,300.69012,Sistema
2023-01-26T03:00:00,300.69012,Sistema
2023-01-26T04:00:00,300.69012,Sistema
2023-01-26T05:00:00,286.69012,Sistema
2023-01-26T06:00:00,300.69012,Sistema
2023-01-26T07:00:00,300.69012,Sistema
2023-01-26T08:00:00,300.69012,Sistema
2023-01-26T09:00:00,352.49012,Sistema
2023-01-26T10:00:00,352.49012,Sistema
2023-01-26T11:00:00,352.49012,Sistema
2023-01-26T12:00:00,392.69012,Sistema
2023-01-26T13:00:00,392.69012,Sistema
2023-01-26T14:00:00,392.69012,Sistema
2023-01-26T15:00:00,392.69012,Sistema
2023-01-26T16:00:00,392.69012,Sistema
2023-01-26T17:00:00,392.69012,Sistema
2023-01-26T18:00:00,352.49012,Sistema
2023-01-26T19:00:00,392.69012,Sistema
2023-01-26T20:00:00,392.69012,Sistema
2023-01-26T21:00:00,392.69012,Sistema
2023-01-26T22:00:00,352.49012,Sistema
2023-01-26T23:00:00,352.49012,Sistema
2023-01-26T24:00:00,319.40112,Sistema
2023-01-27T01:00:00,356.30086,Sistema
2023-01-27T02:00:00,356.30086,Sistema
2023-01-27T03:00:00,347.30086,Sistema
2023-01-27T04:00:00,347.30086,Sistema
2023-01-27T05:00:00,347.30086,Sistema
2023-01-27T06:00:00,356.30086,Sistema
2023-01-27T07:00:00,356.30086,Sistema
2023-01-27T08:00:00,356.30086,Sistema
2023-01-27T09:00:00,371.30086,Sistema
2023-01-27T10:00:00,392.30086,Sistema
2023-01-27T11:00:00,392.60086,Sistema
2023-01-27T12:00:00,392.60086,Sistema
2023-01-27T13:00:00,392.60086,Sistema
2023-01-27T14:00:00,392.60086,Sistema
2023-01-27T15:00:00,392.60086,Sistema
2023-01-27T16:00:00,392.60086,Sistema
2023-01-27T17:00:00,392.60086,Sistema
2023-01-27T18:00:00,392.60086,Sistema
2023-01-27T19:00:00,392.60086,Sistema
2023-01-27T20:00:00,392.60086,Sistema
2023-01-27T21:00:00,392.60086,Sistema
2023-01-27T22:00:00,392.30086,Sistema
2023-01-27T23:00:00,371.30086,Sistema
2023-01-27T24:00:00,356.30086,Sistema
2023-01-28T01:00:00,396.92496,Sistema
2023-01-28T02:00:00,396.92496,Sistema
2023-01-28T03:00:00,396.92496,Sistema
2023-01-28T04:00:00,396.92496,Sistema
2023-01-28T05:00:00,396.92496,Sistema
2023-01-28T06:00:00,396.92496,Sistema
2023-01-28T07:00:00,396.92496,Sistema
2023-01-28T08:00:00,396.92496,Sistema
2023-01-28T09:00:00,393.52496,Sistema
2023-01-28T10:00:00,396.92496,Sistema
2023-01-28T11:00:00,396.92496,Sistema
2023-01-28T12:00:00,396.92496,Sistema
2023-01-28T13:00:00,396.92496,Sistema
2023-01-28T14:00:00,396.92496,Sistema
2023-01-28T15:00:00,396.92496,Sistema
2023-01-28T16:00:00,396.92496,Sistema
2023-01-28T17:00:00,396.92496,Sistema
2023-01-28T18:00:00,396.92496,Sistema
2023-01-28T19:00:00,396.92496,Sistema
2023-01-28T20:00:00,396.92496,Sistema
2023-01-28T21:00:00,396.92496,Sistema
2023-01-28T22:00:00,396.92496,Sistema
2023-01-28T23:00:00,393.52496,Sistema
2023-01-28T24:00:00,392.52496,Sistema
2023-01-29T01:00:00,446.538,Sistema
2023-01-29T02:00:00,446.538,Sistema
2023-01-29T03:00:00,440.138,Sistema
2023-01-29T04:00:00,440.138,Sistema
2023-01-29T05:00:00,440.138,Sistema
2023-01-29T06:00:00,440.138,Sistema
2023-01-29T07:00:00,440.138,Sistema
2023-01-29T08:00:00,440.138,Sistema
2023-01-29T09:00:00,440.138,Sistema
2023-01-29T10:00:00,440.138,Sistema
2023-01-29T11:00:00,446.538,Sistema
2023-01-29T12:00:00,451.538,Sistema
2023-01-29T13:00:00,456.538,Sistema
2023-01-29T14:00:00,481.538,Sistema
2023-01-29T15:00:00,451.538,Sistema
2023-01-29T16:00:00,446.538,Sistema
2023-01-29T17:00:00,446.538,Sistema
2023-01-29T18:00:00,446.538,Sistema
2023-01-29T19:00:00,481.538,Sistema
2023-01-29T20:00:00,481.538,Sistema
2023-01-29T21:00:00,481.538,Sistema
2023-01-29T22:00:00,481.538,Sistema
2023-01-29T23:00:00,451.538,Sistema
2023-01-29T24:00:00,451.538,Sistema
2023-01-30T01:00:00,492.44644,Sistema
2023-01-30T02:00:00,492.44644,Sistema
2023-01-30T03:00:00,492.44644,Sistema
2023-01-30T04:00:00,492.44644,Sistema
2023-01-30T05:00:00,492.44644,Sistema
2023-01-30T06:00:00,507.44644,Sistema
2023-01-30T07:00:00,507.44644,Sistema
2023-01-30T08:00:00,525.94644,Sistema
2023-01-30T09:00:00,552.44644,Sistema
2023-01-30T10:00:00,552.44644,Sistema
2023-01-30T11:00:00,562.44644,Sistema
2023-01-30T12:00:00,592.44644,Sistema
2023-01-30T13:00:00,592.44644,Sistema
2023-01-30T14:00:00,592.44644,Sistema
2023-01-30T15:00:00,652.64644,Sistema
2023-01-30T16:00:00,652.64644,Sistema
2023-01-30T17:00:00,652.64644,Sistema
2023-01-30T18:00:00,592.44644,Sistema
2023-01-30T19:00:00,652.64644,Sistema
2023-01-30T20:00:00,652.64644,Sistema
2023-01-30T21:00:00,652.64644,Sistema
2023-01-30T22:00:00,592.44644,Sistema
2023-01-30T23:00:00,552.44644,Sistema
2023-01-30T24:00:00,552.44644,Sistema
2023-01-31T01:00:00,661.19781,Sistema
2023-01-31T02:00:00,661.19781,Sistema
2023-01-31T03:00:00,646.19781,Sistema
2023-01-31T04:00:00,551.19781,Sistema
2023-01-31T05:00:00,621.19781,Sistema
2023-01-31T06:00:00,621.19781,Sistema
2023-01-31T07:00:00,621.19781,Sistema
2023-01-31T08:00:00,621.19781,Sistema
2023-01-31T09:00:00,651.19781,Sistema
2023-01-31T10:00:00,698.19781,Sistema
2023-01-31T11:00:00,698.19781,Sistema
2023-01-31T12:00:00,698.19781,Sistema
2023-01-31T13:00:00,698.19781,Sistema
2023-01-31T14:00:00,698.19781,Sistema
2023-01-31T15:00:00,736.19781,Sistema
2023-01-31T16:00:00,736.19781,Sistema
2023-01-31T17:00:00,736.19781,Sistema
2023-01-31T18:00:00,698.19781,Sistema
2023-01-31T19:00:00,736.19781,Sistema
2023-01-31T20:00:00,736.19781,Sistema
2023-01-31T21:00:00,736.19781,Sistema
2023-01-31T22:00:00,698.19781,Sistema
2023-01-31T23:00:00,621.19781,Sistema
2023-01-31T24:00:00,621.19781,Sistema
2023-02-01T01:00:00,751.18502,Sistema
2023-02-01T02:00:00,749.22802,Sistema
2023-02-01T03:00:00,749.22802,Sistema
2023-02-01T04:00:00,749.22802,Sistema
2023-02-01T05:00:00,749.22802,Sistema
2023-02-01T06:00:00,751.18502,Sistema
2023-02-01T07:00:00,752.18502,Sistema
2023-02-01T08:00:00,752.18502,Sistema
2023-02-01T09:00:00,761.18502,Sistema
2023-02-01T10:00:00,802.18502,Sistema
2023-02-01T11:00:00,866.48502,Sistema
2023-02-01T12:00:00,801.18502,Sistema
2023-02-01T13:00:00,756.18502,Sistema
2023-02-01T14:00:00,756.18502,Sistema
2023-02-01T15:00:00,801.18502,Sistema
2023-02-01T16:00:00,801.18502,Sistema
2023-02-01T17:00:00,761.18502,Sistema
2023-02-01T18:00:00,756.18502,Sistema
2023-02-01T19:00:00,760.18502,Sistema
2023-02-01T20:00:00,802.18502,Sistema
2023-02-01T21:00:00,761.18502,Sistema
2023-02-01T22:00:00,756.18502,Sistema
2023-02-01T23:00:00,756.18502,Sistema
2023-02-01T24:00:00,752.18502,Sistema
2023-02-02T01:00:00,791.37494,Sistema
2023-02-02T02:00:00,466.42994,Sistema
2023-02-02T03:00:00,464.46594,Sistema
2023-02-02T04:00:00,421.42994,Sistema
2023-02-02T05:00:00,466.42994,Sistema
2023-02-02T06:00:00,791.37494,Sistema
2023-02-02T07:00:00,791.37494,Sistema
2023-02-02T08:00:00,791.37494,Sistema
2023-02-02T09:00:00,791.42994,Sistema
2023-02-02T10:00:00,791.42994,Sistema
2023-02-02T11:00:00,791.42994,Sistema
2023-02-02T12:00:00,791.42994,Sistema
2023-02-02T13:00:00,791.42994,Sistema
2023-02-02T14:00:00,791.42994,Sistema
2023-02-02T15:00:00,791.42994,Sistema
2023-02-02T16:00:00,791.42994,Sistema
2023-02-02T17:00:00,791.42994,Sistema
2023-02-02T18:00:00,791.42994,Sistema
2023-02-02T19:00:00,791.42994,Sistema
2023-02-02T20:00:00,791.42994,Sistema
2023-02-02T21:00:00,791.42994,Sistema
2023-02-02T22:00:00,791.42994,Sistema
2023-02-02T23:00:00,791.37494,Sistema
2023-02-02T24:00:00,471.42994,Sistema
2023-02-03T01:00:00,784.4486,Sistema
2023-02-03T02:00:00,784.4486,Sistema
2023-02-03T03:00:00,784.4486,Sistema
2023-02-03T04:00:00,784.4486,Sistema
2023-02-03T05:00:00,784.4486,Sistema
2023-02-03T06:00:00,785.2386,Sistema
2023-02-03T07:00:00,785.2386,Sistema
2023-02-03T08:00:00,785.2386,Sistema
2023-02-03T09:00:00,785.2386,Sistema
2023-02-03T10:00:00,785.2386,Sistema
2023-02-03T11:00:00,801.7386,Sistema
2023-02-03T12:00:00,806.2386,Sistema
2023-02-03T13:00:00,801.7386,Sistema
2023-02-03T14:00:00,801.7386,Sistema
2023-02-03T15:00:00,806.2386,Sistema
2023-02-03T16:00:00,806.2386,Sistema
2023-02-03T17:00:00,801.7386,Sistema
2023-02-03T18:00:00,801.7386,Sistema
2023-02-03T19:00:00,806.2386,Sistema
2023-02-03T20:00:00,806.2386,Sistema
2023-02-03T21:00:00,806.2386,Sistema
2023-02-03T22:00:00,806.2386,Sistema
2023-02-03T23:00:00,785.2386,Sistema
2023-02-03T24:00:00,785.2386,Sistema
2023-02-04T01:00:00,782.62238,Sistema
2023-02-04T02:00:00,782.62238,Sistema
2023-02-04T03:00:00,782.62238,Sistema
2023-02-04T04:00:00,782.62238,Sistema
2023-02-04T05:00:00,782.62238,Sistema
2023-02-04T06:00:00,782.62238,Sistema
2023-02-04T07:00:00,782.62238,Sistema
2023-02-04T08:00:00,782.62238,Sistema
2023-02-04T09:00:00,805.05438,Sistema
2023-02-04T10:00:00,805.05438,Sistema
2023-02-04T11:00:00,806.05438,Sistema
2023-02-04T12:00:00,806.05438,Sistema
2023-02-04T13:00:00,806.05438,Sistema
2023-02-04T14:00:00,806.05438,Sistema
2023-02-04T15:00:00,806.05438,Sistema
2023-02-04T16:00:00,806.05438,Sistema
2023-02-04T17:00:00,806.05438,Sistema
2023-02-04T18:00:00,805.05438,Sistema
2023-02-04T19:00:00,829.05438,Sistema
2023-02-04T20:00:00,829.05438,Sistema
2023-02-04T21:00:00,829.05438,Sistema
2023-02-04T22:00:00,806.05438,Sistema
2023-02-04T23:00:00,805.05438,Sistema
2023-02-04T24:00:00,782.62238,Sistema
2023-02-05T01:00:00,787.06368,Sistema
2023-02-05T02:00:00,666.32468,Sistema
2023-02-05T03:00:00,701.82468,Sistema
2023-02-05T04:00:00,666.32468,Sistema
2023-02-05T05:00:00,666.32468,Sistema
2023-02-05T06:00:00,490.82468,Sistema
2023-02-05T07:00:00,480.82468,Sistema
2023-02-05T08:00:00,490.82468,Sistema
2023-02-05T09:00:00,666.32468,Sistema
2023-02-05T10:00:00,666.32468,Sistema
2023-02-05T11:00:00,787.06368,Sistema
2023-02-05T12:00:00,787.06368,Sistema
2023-02-05T13:00:00,830.82468,Sistema
2023-02-05T14:00:00,830.82468,Sistema
2023-02-05T15:00:00,787.06368,Sistema
2023-02-05T16:00:00,787.06368,Sistema
2023-02-05T17:00:00,787.06368,Sistema
2023-02-05T18:00:00,787.06368,Sistema
2023-02-05T19:00:00,861.82468,Sistema
2023-02-05T20:00:00,861.82468,Sistema
2023-02-05T21:00:00,861.82468,Sistema
2023-02-05T22:00:00,861.82468,Sistema
2023-02-05T23:00:00,861.82468,Sistema
2023-02-05T24:00:00,830.82468,Sistema
2023-02-06T01:00:00,125.22603,Sistema
2023-02-06T02:00:00,125.22603,Sistema
2023-02-06T03:00:00,125.22603,Sistema
2023-02-06T04:00:00,125.22603,Sistema
2023-02-06T05:00:00,125.22603,Sistema
2023-02-06T06:00:00,389.14003,Sistema
2023-02-06T07:00:00,242.19503,Sistema
2023-02-06T08:00:00,462.65203,Sistema
2023-02-06T09:00:00,501.61603,Sistema
2023-02-06T10:00:00,804.61603,Sistema
2023-02-06T11:00:00,833.61603,Sistema
2023-02-06T12:00:00,833.61603,Sistema
2023-02-06T13:00:00,804.61603,Sistema
2023-02-06T14:00:00,792.41903,Sistema
2023-02-06T15:00:00,792.41903,Sistema
2023-02-06T16:00:00,792.41903,Sistema
2023-02-06T17:00:00,792.41903,Sistema
2023-02-06T18:00:00,792.41903,Sistema
2023-02-06T19:00:00,792.41903,Sistema
2023-02-06T20:00:00,833.61603,Sistema
2023-02-06T21:00:00,833.61603,Sistema
2023-02-06T22:00:00,792.41903,Sistema
2023-02-06T23:00:00,493.61603,Sistema
2023-02-06T24:00:00,414.61603,Sistema
2023-02-07T01:00:00,502.0678,Sistema
2023-02-07T02:00:00,502.0678,Sistema
2023-02-07T03:00:00,502.0678,Sistema
2023-02-07T04:00:00,502.0678,Sistema
2023-02-07T05:00:00,502.0678,Sistema
2023-02-07T06:00:00,611.5678,Sistema
2023-02-07T07:00:00,506.5678,Sistema
2023-02-07T08:00:00,502.0678,Sistema
2023-02-07T09:00:00,757.6298,Sistema
2023-02-07T10:00:00,757.6298,Sistema
2023-02-07T11:00:00,820.5678,Sistema
2023-02-07T12:00:00,820.5678,Sistema
2023-02-07T13:00:00,801.5678,Sistema
2023-02-07T14:00:00,820.5678,Sistema
2023-02-07T15:00:00,820.5678,Sistema
2023-02-07T16:00:00,865.5678,Sistema
2023-02-07T17:00:00,820.5678,Sistema
2023-02-07T18:00:00,757.6298,Sistema
2023-02-07T19:00:00,801.5678,Sistema
2023-02-07T20:00:00,820.5678,Sistema
2023-02-07T21:00:00,820.5678,Sistema
2023-02-07T22:00:00,757.6298,Sistema
2023-02-07T23:00:00,502.0678,Sistema
2023-02-07T24:00:00,502.0678,Sistema
2023-02-08T01:00:00,489.32893,Sistema
2023-02-08T02:00:00,489.32893,Sistema
2023-02-08T03:00:00,488.32893,Sistema
2023-02-08T04:00:00,488.32893,Sistema
2023-02-08T05:00:00,489.32893,Sistema
2023-02-08T06:00:00,489.32893,Sistema
2023-02-08T07:00:00,489.32893,Sistema
2023-02-08T08:00:00,589.32893,Sistema
2023-02-08T09:00:00,619.32893,Sistema
2023-02-08T10:00:00,619.32893,Sistema
2023-02-08T11:00:00,619.32893,Sistema
2023-02-08T12:00:00,619.32893,Sistema
2023-02-08T13:00:00,619.32893,Sistema
2023-02-08T14:00:00,759.32893,Sistema
2023-02-08T15:00:00,769.32893,Sistema
2023-02-08T16:00:00,759.32893,Sistema
2023-02-08T17:00:00,756.32893,Sistema
2023-02-08T18:00:00,619.32893,Sistema
2023-02-08T19:00:00,756.32893,Sistema
2023-02-08T20:00:00,769.32893,Sistema
2023-02-08T21:00:00,756.32893,Sistema
2023-02-08T22:00:00,619.32893,Sistema
2023-02-08T23:00:00,619.32893,Sistema
2023-02-08T24:00:00,619.32893,Sistema
2023-02-09T01:00:00,488.82425,Sistema
2023-02-09T02:00:00,488.82425,Sistema
2023-02-09T03:00:00,488.82425,Sistema
2023-02-09T04:00:00,488.82425,Sistema
2023-02-09T05:00:00,488.82425,Sistema
2023-02-09T06:00:00,488.82425,Sistema
2023-02-09T07:00:00,488.82425,Sistema
2023-02-09T08:00:00,524.42425,Sistema
2023-02-09T09:00:00,559.32425,Sistema
2023-02-09T10:00:00,559.32425,Sistema
2023-02-09T11:00:00,589.82425,Sistema
2023-02-09T12:00:00,589.82425,Sistema
2023-02-09T13:00:00,589.82425,Sistema
2023-02-09T14:00:00,589.82425,Sistema
2023-02-09T15:00:00,749.32425,Sistema
2023-02-09T16:00:00,749.32425,Sistema
2023-02-09T17:00:00,589.82425,Sistema
2023-02-09T18:00:00,524.42425,Sistema
2023-02-09T19:00:00,589.82425,Sistema
2023-02-09T20:00:00,589.82425,Sistema
2023-02-09T21:00:00,589.82425,Sistema
2023-02-09T22:00:00,589.82425,Sistema
2023-02-09T23:00:00,589.82425,Sistema
2023-02-09T24:00:00,589.82425,Sistema
2023-02-10T01:00:00,519.78524,Sistema
2023-02-10T02:00:00,519.78524,Sistema
2023-02-10T03:00:00,519.78524,Sistema
2023-02-10T04:00:00,519.78524,Sistema
2023-02-10T05:00:00,519.78524,Sistema
2023-02-10T06:00:00,519.78524,Sistema
2023-02-10T07:00:00,519.78524,Sistema
2023-02-10T08:00:00,568.28524,Sistema
2023-02-10T09:00:00,568.28524,Sistema
2023-02-10T10:00:00,574.58524,Sistema
2023-02-10T11:00:00,574.58524,Sistema
2023-02-10T12:00:00,574.58524,Sistema
2023-02-10T13:00:00,574.58524,Sistema
2023-02-10T14:00:00,574.58524,Sistema
2023-02-10T15:00:00,574.58524,Sistema
2023-02-10T16:00:00,574.58524,Sistema
2023-02-10T17:00:00,574.58524,Sistema
2023-02-10T18:00:00,574.58524,Sistema
2023-02-10T19:00:00,574.58524,Sistema
2023-02-10T20:00:00,589.28524,Sistema
2023-02-10T21:00:00,574.58524,Sistema
2023-02-10T22:00:00,574.58524,Sistema
2023-02-10T23:00:00,568.28524,Sistema
2023-02-10T24:00:00,539.28424,Sistema
2023-02-11T01:00:00,553.5762,Sistema
2023-02-11T02:00:00,533.5762,Sistema
2023-02-11T03:00:00,492.5762,Sistema
2023-02-11T04:00:00,492.5762,Sistema
2023-02-11T05:00:00,465.2742,Sistema
2023-02-11T06:00:00,533.5762,Sistema
2023-02-11T07:00:00,533.5762,Sistema
2023-02-11T08:00:00,553.5762,Sistema
2023-02-11T09:00:00,583.5762,Sistema
2023-02-11T10:00:00,583.5762,Sistema
2023-02-11T11:00:00,613.5762,Sistema
2023-02-11T12:00:00,773.5762,Sistema
2023-02-11T13:00:00,773.5762,Sistema
2023-02-11T14:00:00,613.5762,Sistema
2023-02-11T15:00:00,613.5762,Sistema
2023-02-11T16:00:00,583.5762,Sistema
2023-02-11T17:00:00,583.5762,Sistema
2023-02-11T18:00:00,583.5762,Sistema
2023-02-11T19:00:00,773.5762,Sistema
2023-02-11T20:00:00,838.5762,Sistema
2023-02-11T21:00:00,773.5762,Sistema
2023-02-11T22:00:00,583.5762,Sistema
2023-02-11T23:00:00,583.5762,Sistema
2023-02-11T24:00:00,553.5762,Sistema
2023-02-12T01:00:00,540.36181,Sistema
2023-02-12T02:00:00,540.36181,Sistema
2023-02-12T03:00:00,540.36181,Sistema
2023-02-12T04:00:00,540.36181,Sistema
2023-02-12T05:00:00,530.46181,Sistema
2023-02-12T06:00:00,530.46181,Sistema
2023-02-12T07:00:00,489.46181,Sistema
2023-02-12T08:00:00,479.46181,Sistema
2023-02-12T09:00:00,530.46181,Sistema
2023-02-12T10:00:00,540.36181,Sistema
2023-02-12T11:00:00,540.36181,Sistema
2023-02-12T12:00:00,580.46181,Sistema
2023-02-12T13:00:00,580.46181,Sistema
2023-02-12T14:00:00,580.46181,Sistema
2023-02-12T15:00:00,580.46181,Sistema
2023-02-12T16:00:00,580.46181,Sistema
2023-02-12T17:00:00,580.46181,Sistema
2023-02-12T18:00:00,580.46181,Sistema
2023-02-12T19:00:00,625.46181,Sistema
2023-02-12T20:00:00,775.46181,Sistema
2023-02-12T21:00:00,770.46181,Sistema
2023-02-12T22:00:00,625.46181,Sistema
2023-02-12T23:00:00,580.46181,Sistema
2023-02-12T24:00:00,540.36181,Sistema
2023-02-13T01:00:00,519.29844,Sistema
2023-02-13T02:00:00,519.29844,Sistema
2023-02-13T03:00:00,519.29844,Sistema
2023-02-13T04:00:00,519.29844,Sistema
2023-02-13T05:00:00,519.29844,Sistema
2023-02-13T06:00:00,569.29844,Sistema
2023-02-13T07:00:00,574.29844,Sistema
2023-02-13T08:00:00,574.29844,Sistema
2023-02-13T09:00:00,574.29844,Sistema
2023-02-13T10:00:00,574.29844,Sistema
2023-02-13T11:00:00,599.29844,Sistema
2023-02-13T12:00:00,599.29844,Sistema
2023-02-13T13:00:00,599.29844,Sistema
2023-02-13T14:00:00,599.29844,Sistema
2023-02-13T15:00:00,599.29844,Sistema
2023-02-13T16:00:00,599.29844,Sistema
2023-02-13T17:00:00,599.29844,Sistema
2023-02-13T18:00:00,574.29844,Sistema
2023-02-13T19:00:00,599.29844,Sistema
2023-02-13T20:00:00,599.29844,Sistema
2023-02-13T21:00:00,599.29844,Sistema
2023-02-13T22:00:00,574.29844,Sistema
2023-02-13T23:00:00,574.29844,Sistema
2023-02-13T24:00:00,569.29844,Sistema
2023-02-14T01:00:00,534.30723,Sistema
2023-02-14T02:00:00,534.30723,Sistema
2023-02-14T03:00:00,534.30723,Sistema
2023-02-14T04:00:00,534.30723,Sistema
2023-02-14T05:00:00,534.30723,Sistema
2023-02-14T06:00:00,564.30723,Sistema
2023-02-14T07:00:00,564.30723,Sistema
2023-02-14T08:00:00,564.30723,Sistema
2023-02-14T09:00:00,572.00723,Sistema
2023-02-14T10:00:00,572.00723,Sistema
2023-02-14T11:00:00,572.00723,Sistema
2023-02-14T12:00:00,572.00723,Sistema
2023-02-14T13:00:00,572.00723,Sistema
2023-02-14T14:00:00,572.00723,Sistema
2023-02-14T15:00:00,572.00723,Sistema
2023-02-14T16:00:00,572.00723,Sistema
2023-02-14T17:00:00,572.00723,Sistema
2023-02-14T18:00:00,572.00723,Sistema
2023-02-14T19:00:00,572.00723,Sistema
2023-02-14T20:00:00,576.30723,Sistema
2023-02-14T21:00:00,572.00723,Sistema
2023-02-14T22:00:00,572.00723,Sistema
2023-02-14T23:00:00,569.30723,Sistema
2023-02-14T24:00:00,564.30723,Sistema
2023-02-15T01:00:00,534.33707,Sistema
2023-02-15T02:00:00,534.33707,Sistema
2023-02-15T03:00:00,534.33707,Sistema
2023-02-15T04:00:00,534.33707,Sistema
2023-02-15T05:00:00,534.33707,Sistema
2023-02-15T06:00:00,549.63707,Sistema
2023-02-15T07:00:00,549.63707,Sistema
2023-02-15T08:00:00,549.63707,Sistema
2023-02-15T09:00:00,549.63707,Sistema
2023-02-15T10:00:00,549.63707,Sistema
2023-02-15T11:00:00,549.63707,Sistema
2023-02-15T12:00:00,549.63707,Sistema
2023-02-15T13:00:00,549.63707,Sistema
2023-02-15T14:00:00,549.63707,Sistema
2023-02-15T15:00:00,560.33707,Sistema
2023-02-15T16:00:00,560.33707,Sistema
2023-02-15T17:00:00,549.63707,Sistema
2023-02-15T18:00:00,549.63707,Sistema
2023-02-15T19:00:00,550.33707,Sistema
2023-02-15T20:00:00,560.33707,Sistema
2023-02-15T21:00:00,550.33707,Sistema
2023-02-15T22:00:00,550.33707,Sistema
2023-02-15T23:00:00,549.63707,Sistema
2023-02-15T24:00:00,549.33707,Sistema
2023-02-16T01:00:00,458.53352,Sistema
2023-02-16T02:00:00,458.53352,Sistema
2023-02-16T03:00:00,384.05752,Sistema
2023-02-16T04:00:00,309.53352,Sistema
2023-02-16T05:00:00,409.24252,Sistema
2023-02-16T06:00:00,543.23352,Sistema
2023-02-16T07:00:00,543.23352,Sistema
2023-02-16T08:00:00,544.53352,Sistema
2023-02-16T09:00:00,545.53352,Sistema
2023-02-16T10:00:00,545.53352,Sistema
2023-02-16T11:00:00,545.53352,Sistema
2023-02-16T12:00:00,545.53352,Sistema
2023-02-16T13:00:00,545.53352,Sistema
2023-02-16T14:00:00,545.53352,Sistema
2023-02-16T15:00:00,548.53152,Sistema
2023-02-16T16:00:00,548.53152,Sistema
2023-02-16T17:00:00,545.53352,Sistema
2023-02-16T18:00:00,545.53352,Sistema
2023-02-16T19:00:00,545.53352,Sistema
2023-02-16T20:00:00,548.53152,Sistema
2023-02-16T21:00:00,545.53352,Sistema
2023-02-16T22:00:00,544.53352,Sistema
2023-02-16T23:00:00,543.23352,Sistema
2023-02-16T24:00:00,459.53352,Sistema
2023-02-17T01:00:00,409.34537,Sistema
2023-02-17T02:00:00,419.28137,Sistema
2023-02-17T03:00:00,409.34537,Sistema
2023-02-17T04:00:00,408.95937,Sistema
2023-02-17T05:00:00,419.28137,Sistema
2023-02-17T06:00:00,430.83637,Sistema
2023-02-17T07:00:00,430.83637,Sistema
2023-02-17T08:00:00,433.13637,Sistema
2023-02-17T09:00:00,479.05637,Sistema
2023-02-17T10:00:00,543.63637,Sistema
2023-02-17T11:00:00,543.63637,Sistema
2023-02-17T12:00:00,543.63637,Sistema
2023-02-17T13:00:00,543.63637,Sistema
2023-02-17T14:00:00,543.63637,Sistema
2023-02-17T15:00:00,543.63637,Sistema
2023-02-17T16:00:00,543.63637,Sistema
2023-02-17T17:00:00,543.63637,Sistema
2023-02-17T18:00:00,543.63637,Sistema
2023-02-17T19:00:00,543.63637,Sistema
2023-02-17T20:00:00,543.63637,Sistema
2023-02-17T21:00:00,543.63637,Sistema
2023-02-17T22:00:00,543.63637,Sistema
2023-02-17T23:00:00,543.63637,Sistema
2023-02-17T24:00:00,458.63637,Sistema
2023-02-18T01:00:00,419.08865,Sistema
2023-02-18T02:00:00,408.76665,Sistema
2023-02-18T03:00:00,359.44365,Sistema
2023-02-18T04:00:00,301.44365,Sistema
2023-02-18T05:00:00,320.87265,Sistema
2023-02-18T06:00:00,383.96765,Sistema
2023-02-18T07:00:00,408.76665,Sistema
2023-02-18T08:00:00,424.54365,Sistema
2023-02-18T09:00:00,426.44365,Sistema
2023-02-18T10:00:00,448.44365,Sistema
2023-02-18T11:00:00,469.88965,Sistema
2023-02-18T12:00:00,489.95765,Sistema
2023-02-18T13:00:00,489.95765,Sistema
2023-02-18T14:00:00,469.88965,Sistema
2023-02-18T15:00:00,469.88965,Sistema
2023-02-18T16:00:00,426.44365,Sistema
2023-02-18T17:00:00,426.44365,Sistema
2023-02-18T18:00:00,426.44365,Sistema
2023-02-18T19:00:00,489.95765,Sistema
2023-02-18T20:00:00,489.95765,Sistema
2023-02-18T21:00:00,469.88965,Sistema
2023-02-18T22:00:00,426.44365,Sistema
2023-02-18T23:00:00,424.54365,Sistema
2023-02-18T24:00:00,424.54365,Sistema
2023-02-19T01:00:00,422.5786,Sistema
2023-02-19T02:00:00,419.5786,Sistema
2023-02-19T03:00:00,419.5786,Sistema
2023-02-19T04:00:00,419.5786,Sistema
2023-02-19T05:00:00,410.5786,Sistema
2023-02-19T06:00:00,410.5786,Sistema
2023-02-19T07:00:00,354.5786,Sistema
2023-02-19T08:00:00,358.5786,Sistema
2023-02-19T09:00:00,419.5786,Sistema
2023-02-19T10:00:00,419.5786,Sistema
2023-02-19T11:00:00,419.5786,Sistema
2023-02-19T12:00:00,422.5786,Sistema
2023-02-19T13:00:00,422.5786,Sistema
2023-02-19T14:00:00,422.5786,Sistema
2023-02-19T15:00:00,422.5786,Sistema
2023-02-19T16:00:00,422.5786,Sistema
2023-02-19T17:00:00,422.5786,Sistema
2023-02-19T18:00:00,422.5786,Sistema
2023-02-19T19:00:00,451.6786,Sistema
2023-02-19T20:00:00,451.6786,Sistema
2023-02-19T21:00:00,451.6786,Sistema
2023-02-19T22:00:00,422.5786,Sistema
2023-02-19T23:00:00,422.5786,Sistema
2023-02-19T24:00:00,422.5786,Sistema
2023-02-20T01:00:00,339.23841,Sistema
2023-02-20T02:00:00,334.91041,Sistema
2023-02-20T03:00:00,216.41041,Sistema
2023-02-20T04:00:00,291.36841,Sistema
2023-02-20T05:00:00,291.36841,Sistema
2023-02-20T06:00:00,416.91041,Sistema
2023-02-20T07:00:00,415.23341,Sistema
2023-02-20T08:00:00,395.91041,Sistema
2023-02-20T09:00:00,416.91041,Sistema
2023-02-20T10:00:00,416.91041,Sistema
2023-02-20T11:00:00,458.80941,Sistema
2023-02-20T12:00:00,458.80941,Sistema
2023-02-20T13:00:00,458.80941,Sistema
2023-02-20T14:00:00,458.80941,Sistema
2023-02-20T15:00:00,458.80941,Sistema
2023-02-20T16:00:00,458.80941,Sistema
2023-02-20T17:00:00,458.80941,Sistema
2023-02-20T18:00:00,455.91041,Sistema
2023-02-20T19:00:00,458.80941,Sistema
2023-02-20T20:00:00,458.80941,Sistema
2023-02-20T21:00:00,458.80941,Sistema
2023-02-20T22:00:00,455.91041,Sistema
2023-02-20T23:00:00,440.91041,Sistema
2023-02-20T24:00:00,437.21041,Sistema
2023-02-21T01:00:00,410.98214,Sistema
2023-02-21T02:00:00,409.30514,Sistema
2023-02-21T03:00:00,409.30514,Sistema
2023-02-21T04:00:00,358.98214,Sistema
2023-02-21T05:00:00,409.30514,Sistema
2023-02-21T06:00:00,410.98214,Sistema
2023-02-21T07:00:00,410.98214,Sistema
2023-02-21T08:00:00,410.98214,Sistema
2023-02-21T09:00:00,410.98214,Sistema
2023-02-21T10:00:00,422.98214,Sistema
2023-02-21T11:00:00,422.98214,Sistema
2023-02-21T12:00:00,434.98214,Sistema
2023-02-21T13:00:00,434.98214,Sistema
2023-02-21T14:00:00,445.88114,Sistema
2023-02-21T15:00:00,445.88114,Sistema
2023-02-21T16:00:00,445.88114,Sistema
2023-02-21T17:00:00,445.88114,Sistema
2023-02-21T18:00:00,434.98214,Sistema
2023-02-21T19:00:00,445.88114,Sistema
2023-02-21T20:00:00,445.88114,Sistema
2023-02-21T21:00:00,445.88114,Sistema
2023-02-21T22:00:00,434.98214,Sistema
2023-02-21T23:00:00,410.98214,Sistema
2023-02-21T24:00:00,410.98214,Sistema
2023-02-22T01:00:00,213.60413,Sistema
2023-02-22T02:00:00,213.60413,Sistema
2023-02-22T03:00:00,213.60413,Sistema
2023-02-22T04:00:00,213.60413,Sistema
2023-02-22T05:00:00,213.60413,Sistema
2023-02-22T06:00:00,323.60413,Sistema
2023-02-22T07:00:00,323.60413,Sistema
2023-02-22T08:00:00,332.60413,Sistema
2023-02-22T09:00:00,393.60413,Sistema
2023-02-22T10:00:00,393.60413,Sistema
2023-02-22T11:00:00,414.60413,Sistema
2023-02-22T12:00:00,414.60413,Sistema
2023-02-22T13:00:00,414.60413,Sistema
2023-02-22T14:00:00,414.60413,Sistema
2023-02-22T15:00:00,424.60413,Sistema
2023-02-22T16:00:00,424.60413,Sistema
2023-02-22T17:00:00,424.60413,Sistema
2023-02-22T18:00:00,414.60413,Sistema
2023-02-22T19:00:00,423.60413,Sistema
2023-02-22T20:00:00,424.60413,Sistema
2023-02-22T21:00:00,423.60413,Sistema
2023-02-22T22:00:00,362.60413,Sistema
2023-02-22T23:00:00,332.60413,Sistema
2023-02-22T24:00:00,289.06213,Sistema
2023-02-23T01:00:00,288.54972,Sistema
2023-02-23T02:00:00,288.54972,Sistema
2023-02-23T03:00:00,263.09172,Sistema
2023-02-23T04:00:00,263.09172,Sistema
2023-02-23T05:00:00,263.09172,Sistema
2023-02-23T06:00:00,402.09172,Sistema
2023-02-23T07:00:00,312.09172,Sistema
2023-02-23T08:00:00,406.09172,Sistema
2023-02-23T09:00:00,406.09172,Sistema
2023-02-23T10:00:00,406.09172,Sistema
2023-02-23T11:00:00,406.09172,Sistema
2023-02-23T12:00:00,406.09172,Sistema
2023-02-23T13:00:00,406.09172,Sistema
2023-02-23T14:00:00,406.09172,Sistema
2023-02-23T15:00:00,408.09172,Sistema
2023-02-23T16:00:00,408.09172,Sistema
2023-02-23T17:00:00,408.09172,Sistema
2023-02-23T18:00:00,406.09172,Sistema
2023-02-23T19:00:00,408.09172,Sistema
2023-02-23T20:00:00,408.09172,Sistema
2023-02-23T21:00:00,408.09172,Sistema
2023-02-23T22:00:00,406.09172,Sistema
2023-02-23T23:00:00,406.09172,Sistema
2023-02-23T24:00:00,362.09172,Sistema
2023-02-24T01:00:00,288.66573,Sistema
2023-02-24T02:00:00,285.12373,Sistema
2023-02-24T03:00:00,285.12373,Sistema
2023-02-24T04:00:00,259.66573,Sistema
2023-02-24T05:00:00,285.12373,Sistema
2023-02-24T06:00:00,285.12373,Sistema
2023-02-24T07:00:00,288.66573,Sistema
2023-02-24T08:00:00,324.66573,Sistema
2023-02-24T09:00:00,324.66573,Sistema
2023-02-24T10:00:00,324.66573,Sistema
2023-02-24T11:00:00,324.66573,Sistema
2023-02-24T12:00:00,324.66573,Sistema
2023-02-24T13:00:00,358.66573,Sistema
2023-02-24T14:00:00,358.66573,Sistema
2023-02-24T15:00:00,399.66573,Sistema
2023-02-24T16:00:00,399.66573,Sistema
2023-02-24T17:00:00,399.66573,Sistema
2023-02-24T18:00:00,324.66573,Sistema
2023-02-24T19:00:00,399.66573,Sistema
2023-02-24T20:00:00,400.77973,Sistema
2023-02-24T21:00:00,399.66573,Sistema
2023-02-24T22:00:00,358.66573,Sistema
2023-02-24T23:00:00,324.66573,Sistema
2023-02-24T24:00:00,324.66573,Sistema
2023-02-25T01:00:00,260.03613,Sistema
2023-02-25T02:00:00,260.03613,Sistema
2023-02-25T03:00:00,260.03613,Sistema
2023-02-25T04:00:00,260.03613,Sistema
2023-02-25T05:00:00,260.03613,Sistema
2023-02-25T06:00:00,260.03613,Sistema
2023-02-25T07:00:00,260.03613,Sistema
2023-02-25T08:00:00,285.49413,Sistema
2023-02-25T09:00:00,285.49413,Sistema
2023-02-25T10:00:00,315.03613,Sistema
2023-02-25T11:00:00,315.03613,Sistema
2023-02-25T12:00:00,337.15013,Sistema
2023-02-25T13:00:00,337.15013,Sistema
2023-02-25T14:00:00,318.92413,Sistema
2023-02-25T15:00:00,315.03613,Sistema
2023-02-25T16:00:00,315.03613,Sistema
2023-02-25T17:00:00,315.03613,Sistema
2023-02-25T18:00:00,315.03613,Sistema
2023-02-25T19:00:00,337.15013,Sistema
2023-02-25T20:00:00,337.15013,Sistema
2023-02-25T21:00:00,337.15013,Sistema
2023-02-25T22:00:00,315.03613,Sistema
2023-02-25T23:00:00,315.03613,Sistema
2023-02-25T24:00:00,260.03613,Sistema
2023-02-26T01:00:00,319.81936,Sistema
2023-02-26T02:00:00,309.81936,Sistema
2023-02-26T03:00:00,309.81936,Sistema
2023-02-26T04:00:00,289.81936,Sistema
2023-02-26T05:00:00,289.81936,Sistema
2023-02-26T06:00:00,289.81936,Sistema
2023-02-26T07:00:00,289.81936,Sistema
2023-02-26T08:00:00,289.81936,Sistema
2023-02-26T09:00:00,289.81936,Sistema
2023-02-26T10:00:00,309.81936,Sistema
2023-02-26T11:00:00,319.81936,Sistema
2023-02-26T12:00:00,319.81936,Sistema
2023-02-26T13:00:00,319.81936,Sistema
2023-02-26T14:00:00,319.81936,Sistema
2023-02-26T15:00:00,319.81936,Sistema
2023-02-26T16:00:00,319.81936,Sistema
2023-02-26T17:00:00,319.81936,Sistema
2023-02-26T18:00:00,319.81936,Sistema
2023-02-26T19:00:00,340.81936,Sistema
2023-02-26T20:00:00,340.81936,Sistema
2023-02-26T21:00:00,340.81936,Sistema
2023-02-26T22:00:00,340.81936,Sistema
2023-02-26T23:00:00,340.81936,Sistema
2023-02-26T24:00:00,319.81936,Sistema
2023-02-27T01:00:00,289.703,Sistema
2023-02-27T02:00:00,289.703,Sistema
2023-02-27T03:00:00,289.683,Sistema
2023-02-27T04:00:00,289.703,Sistema
2023-02-27T05:00:00,289.703,Sistema
2023-02-27T06:00:00,289.703,Sistema
2023-02-27T07:00:00,289.703,Sistema
2023-02-27T08:00:00,289.703,Sistema
2023-02-27T09:00:00,318.817,Sistema
2023-02-27T10:00:00,318.817,Sistema
2023-02-27T11:00:00,318.817,Sistema
2023-02-27T12:00:00,329.703,Sistema
2023-02-27T13:00:00,320.703,Sistema
2023-02-27T14:00:00,329.703,Sistema
2023-02-27T15:00:00,339.703,Sistema
2023-02-27T16:00:00,339.703,Sistema
2023-02-27T17:00:00,339.703,Sistema
2023-02-27T18:00:00,320.703,Sistema
2023-02-27T19:00:00,344.703,Sistema
2023-02-27T20:00:00,404.703,Sistema
2023-02-27T21:00:00,344.703,Sistema
2023-02-27T22:00:00,339.703,Sistema
2023-02-27T23:00:00,318.817,Sistema
2023-02-27T24:00:00,318.817,Sistema
2023-02-28T01:00:00,309.14298,Sistema
2023-02-28T02:00:00,309.14298,Sistema
2023-02-28T03:00:00,309.14298,Sistema
2023-02-28T04:00:00,309.14298,Sistema
2023-02-28T05:00:00,309.14298,Sistema
2023-02-28T06:00:00,310.21198,Sistema
2023-02-28T07:00:00,310.21198,Sistema
2023-02-28T08:00:00,324.72398,Sistema
2023-02-28T09:00:00,344.72398,Sistema
2023-02-28T10:00:00,344.72398,Sistema
2023-02-28T11:00:00,429.72398,Sistema
2023-02-28T12:00:00,429.72398,Sistema
2023-02-28T13:00:00,409.72398,Sistema
2023-02-28T14:00:00,429.72398,Sistema
2023-02-28T15:00:00,429.72398,Sistema
2023-02-28T16:00:00,429.72398,Sistema
2023-02-28T17:00:00,429.72398,Sistema
2023-02-28T18:00:00,429.72398,Sistema
2023-02-28T19:00:00,429.72398,Sistema
2023-02-28T20:00:00,429.72398,Sistema
2023-02-28T21:00:00,429.72398,Sistema
2023-02-28T22:00:00,409.72398,Sistema
2023-02-28T23:00:00,344.72398,Sistema
2023-02-28T24:00:00,319.72398,Sistema
2023-03-01T01:00:00,321.20451,Sistema
2023-03-01T02:00:00,309.48051,Sistema
2023-03-01T03:00:00,309.48051,Sistema
2023-03-01T04:00:00,309.48051,Sistema
2023-03-01T05:00:00,309.48051,Sistema
2023-03-01T06:00:00,321.20451,Sistema
2023-03-01T07:00:00,321.20451,Sistema
2023-03-01T08:00:00,321.20451,Sistema
2023-03-01T09:00:00,379.48051,Sistema
2023-03-01T10:00:00,415.48051,Sistema
2023-03-01T11:00:00,410.48051,Sistema
2023-03-01T12:00:00,415.48051,Sistema
2023-03-01T13:00:00,410.48051,Sistema
2023-03-01T14:00:00,415.48051,Sistema
2023-03-01T15:00:00,415.48051,Sistema
2023-03-01T16:00:00,415.48051,Sistema
2023-03-01T17:00:00,415.48051,Sistema
2023-03-01T18:00:00,410.48051,Sistema
2023-03-01T19:00:00,415.48051,Sistema
2023-03-01T20:00:00,415.48051,Sistema
2023-03-01T21:00:00,415.48051,Sistema
2023-03-01T22:00:00,410.48051,Sistema
2023-03-01T23:00:00,379.48051,Sistema
2023-03-01T24:00:00,321.20451,Sistema
2023-03-02T01:00:00,351.48638,Sistema
2023-03-02T02:00:00,351.48638,Sistema
2023-03-02T03:00:00,336.48638,Sistema
2023-03-02T04:00:00,336.48638,Sistema
2023-03-02T05:00:00,351.48638,Sistema
2023-03-02T06:00:00,376.92138,Sistema
2023-03-02T07:00:00,412.48638,Sistema
2023-03-02T08:00:00,417.48638,Sistema
2023-03-02T09:00:00,427.48638,Sistema
2023-03-02T10:00:00,427.48638,Sistema
2023-03-02T11:00:00,447.48638,Sistema
2023-03-02T12:00:00,447.48638,Sistema
2023-03-02T13:00:00,427.48638,Sistema
2023-03-02T14:00:00,447.48638,Sistema
2023-03-02T15:00:00,448.67138,Sistema
2023-03-02T16:00:00,447.48638,Sistema
2023-03-02T17:00:00,417.48638,Sistema
2023-03-02T18:00:00,417.48638,Sistema
2023-03-02T19:00:00,417.48638,Sistema
2023-03-02T20:00:00,601.48638,Sistema
2023-03-02T21:00:00,417.48638,Sistema
2023-03-02T22:00:00,417.48638,Sistema
2023-03-02T23:00:00,377.55938,Sistema
2023-03-02T24:00:00,376.92138,Sistema
2023-03-03T01:00:00,401.47073,Sistema
2023-03-03T02:00:00,401.47073,Sistema
2023-03-03T03:00:00,384.47073,Sistema
2023-03-03T04:00:00,384.47073,Sistema
2023-03-03T05:00:00,401.47073,Sistema
2023-03-03T06:00:00,401.47073,Sistema
2023-03-03T07:00:00,401.47073,Sistema
2023-03-03T08:00:00,408.47073,Sistema
2023-03-03T09:00:00,425.47073,Sistema
2023-03-03T10:00:00,448.47073,Sistema
2023-03-03T11:00:00,470.47073,Sistema
2023-03-03T12:00:00,470.47073,Sistema
2023-03-03T13:00:00,470.47073,Sistema
2023-03-03T14:00:00,470.47073,Sistema
2023-03-03T15:00:00,490.47073,Sistema
2023-03-03T16:00:00,490.47073,Sistema
2023-03-03T17:00:00,470.47073,Sistema
2023-03-03T18:00:00,448.47073,Sistema
2023-03-03T19:00:00,470.47073,Sistema
2023-03-03T20:00:00,470.47073,Sistema
2023-03-03T21:00:00,448.47073,Sistema
2023-03-03T22:00:00,419.47073,Sistema
2023-03-03T23:00:00,401.47073,Sistema
2023-03-03T24:00:00,401.47073,Sistema
2023-03-04T01:00:00,450.27074,Sistema
2023-03-04T02:00:00,450.27074,Sistema
2023-03-04T03:00:00,450.27074,Sistema
2023-03-04T04:00:00,450.27074,Sistema
2023-03-04T05:00:00,450.27074,Sistema
2023-03-04T06:00:00,450.27074,Sistema
2023-03-04T07:00:00,450.27074,Sistema
2023-03-04T08:00:00,450.27074,Sistema
2023-03-04T09:00:00,450.27074,Sistema
2023-03-04T10:00:00,450.27074,Sistema
2023-03-04T11:00:00,450.27074,Sistema
2023-03-04T12:00:00,450.27074,Sistema
2023-03-04T13:00:00,450.27074,Sistema
2023-03-04T14:00:00,450.27074,Sistema
2023-03-04T15:00:00,450.27074,Sistema
2023-03-04T16:00:00,450.27074,Sistema
2023-03-04T17:00:00,450.27074,Sistema
2023-03-04T18:00:00,450.27074,Sistema
2023-03-04T19:00:00,450.27074,Sistema
2023-03-04T20:00:00,450.27074,Sistema
2023-03-04T21:00:00,450.27074,Sistema
2023-03-04T22:00:00,450.27074,Sistema
2023-03-04T23:00:00,450.27074,Sistema
2023-03-04T24:00:00,443.27074,Sistema
2023-03-05T01:00:00,469.10733,Sistema
2023-03-05T02:00:00,459.10733,Sistema
2023-03-05T03:00:00,423.10733,Sistema
2023-03-05T04:00:00,423.10733,Sistema
2023-03-05T05:00:00,423.10733,Sistema
2023-03-05T06:00:00,423.10733,Sistema
2023-03-05T07:00:00,423.10733,Sistema
2023-03-05T08:00:00,423.10733,Sistema
2023-03-05T09:00:00,423.10733,Sistema
2023-03-05T10:00:00,459.10733,Sistema
2023-03-05T11:00:00,469.10733,Sistema
2023-03-05T12:00:00,485.60733,Sistema
2023-03-05T13:00:00,485.60733,Sistema
2023-03-05T14:00:00,485.60733,Sistema
2023-03-05T15:00:00,485.60733,Sistema
2023-03-05T16:00:00,485.60733,Sistema
2023-03-05T17:00:00,485.60733,Sistema
2023-03-05T18:00:00,485.60733,Sistema
2023-03-05T19:00:00,485.60733,Sistema
2023-03-05T20:00:00,485.60733,Sistema
2023-03-05T21:00:00,485.60733,Sistema
2023-03-05T22:00:00,485.60733,Sistema
2023-03-05T23:00:00,485.60733,Sistema
2023-03-05T24:00:00,485.60733,Sistema
2023-03-06T01:00:00,486.02194,Sistema
2023-03-06T02:00:00,486.02194,Sistema
2023-03-06T03:00:00,486.02194,Sistema
2023-03-06T04:00:00,478.52194,Sistema
2023-03-06T05:00:00,486.02194,Sistema
2023-03-06T06:00:00,486.02194,Sistema
2023-03-06T07:00:00,486.02194,Sistema
2023-03-06T08:00:00,486.52194,Sistema
2023-03-06T09:00:00,495.52194,Sistema
2023-03-06T10:00:00,495.52194,Sistema
2023-03-06T11:00:00,495.52194,Sistema
2023-03-06T12:00:00,497.52194,Sistema
2023-03-06T13:00:00,497.52194,Sistema
2023-03-06T14:00:00,497.52194,Sistema
2023-03-06T15:00:00,519.52194,Sistema
2023-03-06T16:00:00,549.84194,Sistema
2023-03-06T17:00:00,549.84194,Sistema
2023-03-06T18:00:00,519.52194,Sistema
2023-03-06T19:00:00,519.52194,Sistema
2023-03-06T20:00:00,549.84194,Sistema
2023-03-06T21:00:00,497.52194,Sistema
2023-03-06T22:00:00,497.52194,Sistema
2023-03-06T23:00:00,495.52194,Sistema
2023-03-06T24:00:00,486.02194,Sistema
2023-03-07T01:00:00,449.39656,Sistema
2023-03-07T02:00:00,489.39656,Sistema
2023-03-07T03:00:00,449.39656,Sistema
2023-03-07T04:00:00,449.39656,Sistema
2023-03-07T05:00:00,449.39656,Sistema
2023-03-07T06:00:00,495.39656,Sistema
2023-03-07T07:00:00,495.39656,Sistema
2023-03-07T08:00:00,495.39656,Sistema
2023-03-07T09:00:00,495.39656,Sistema
2023-03-07T10:00:00,496.39656,Sistema
2023-03-07T11:00:00,496.39656,Sistema
2023-03-07T12:00:00,496.39656,Sistema
2023-03-07T13:00:00,496.39656,Sistema
2023-03-07T14:00:00,496.39656,Sistema
2023-03-07T15:00:00,496.39656,Sistema
2023-03-07T16:00:00,496.39656,Sistema
2023-03-07T17:00:00,496.39656,Sistema
2023-03-07T18:00:00,496.39656,Sistema
2023-03-07T19:00:00,496.39656,Sistema
2023-03-07T20:00:00,496.39656,Sistema
2023-03-07T21:00:00,496.39656,Sistema
2023-03-07T22:00:00,496.39656,Sistema
2023-03-07T23:00:00,495.39656,Sistema
2023-03-07T24:00:00,489.39656,Sistema
2023-03-08T01:00:00,423.16167,Sistema
2023-03-08T02:00:00,423.16167,Sistema
2023-03-08T03:00:00,423.16167,Sistema
2023-03-08T04:00:00,423.16167,Sistema
2023-03-08T05:00:00,423.16167,Sistema
2023-03-08T06:00:00,423.16167,Sistema
2023-03-08T07:00:00,434.16167,Sistema
2023-03-08T08:00:00,454.16167,Sistema
2023-03-08T09:00:00,479.66167,Sistema
2023-03-08T10:00:00,479.66167,Sistema
2023-03-08T11:00:00,479.66167,Sistema
2023-03-08T12:00:00,495.16167,Sistema
2023-03-08T13:00:00,495.16167,Sistema
2023-03-08T14:00:00,497.16167,Sistema
2023-03-08T15:00:00,509.16167,Sistema
2023-03-08T16:00:00,559.16167,Sistema
2023-03-08T17:00:00,497.16167,Sistema
2023-03-08T18:00:00,497.16167,Sistema
2023-03-08T19:00:00,495.16167,Sistema
2023-03-08T20:00:00,495.16167,Sistema
2023-03-08T21:00:00,495.16167,Sistema
2023-03-08T22:00:00,479.66167,Sistema
2023-03-08T23:00:00,479.66167,Sistema
2023-03-08T24:00:00,434.16167,Sistema
2023-03-09T01:00:00,423.98181,Sistema
2023-03-09T02:00:00,399.88181,Sistema
2023-03-09T03:00:00,399.88181,Sistema
2023-03-09T04:00:00,399.88181,Sistema
2023-03-09T05:00:00,399.88181,Sistema
2023-03-09T06:00:00,423.98181,Sistema
2023-03-09T07:00:00,423.98181,Sistema
2023-03-09T08:00:00,423.98181,Sistema
2023-03-09T09:00:00,424.98481,Sistema
2023-03-09T10:00:00,424.98481,Sistema
2023-03-09T11:00:00,444.98181,Sistema
2023-03-09T12:00:00,449.98181,Sistema
2023-03-09T13:00:00,444.98181,Sistema
2023-03-09T14:00:00,449.98181,Sistema
2023-03-09T15:00:00,449.98181,Sistema
2023-03-09T16:00:00,449.98181,Sistema
2023-03-09T17:00:00,449.98181,Sistema
2023-03-09T18:00:00,444.98181,Sistema
2023-03-09T19:00:00,449.98181,Sistema
2023-03-09T20:00:00,449.98181,Sistema
2023-03-09T21:00:00,449.98181,Sistema
2023-03-09T22:00:00,424.98481,Sistema
2023-03-09T23:00:00,423.98181,Sistema
2023-03-09T24:00:00,423.98181,Sistema
2023-03-10T01:00:00,121.51207,Sistema
2023-03-10T02:00:00,121.51307,Sistema
2023-03-10T03:00:00,121.51507,Sistema
2023-03-10T04:00:00,121.51207,Sistema
2023-03-10T05:00:00,121.51507,Sistema
2023-03-10T06:00:00,332.86207,Sistema
2023-03-10T07:00:00,377.88207,Sistema
2023-03-10T08:00:00,377.88207,Sistema
2023-03-10T09:00:00,377.88207,Sistema
2023-03-10T10:00:00,377.88207,Sistema
2023-03-10T11:00:00,377.88207,Sistema
2023-03-10T12:00:00,377.88207,Sistema
2023-03-10T13:00:00,377.88207,Sistema
2023-03-10T14:00:00,377.88207,Sistema
2023-03-10T15:00:00,382.88207,Sistema
2023-03-10T16:00:00,382.88207,Sistema
2023-03-10T17:00:00,382.88207,Sistema
2023-03-10T18:00:00,377.88207,Sistema
2023-03-10T19:00:00,382.88207,Sistema
2023-03-10T20:00:00,382.88207,Sistema
2023-03-10T21:00:00,382.88207,Sistema
2023-03-10T22:00:00,377.88207,Sistema
2023-03-10T23:00:00,377.88207,Sistema
2023-03-10T24:00:00,279.68407,Sistema
2023-03-11T01:00:00,250.93807,Sistema
2023-03-11T02:00:00,250.93807,Sistema
2023-03-11T03:00:00,250.93807,Sistema
2023-03-11T04:00:00,250.93807,Sistema
2023-03-11T05:00:00,250.93807,Sistema
2023-03-11T06:00:00,250.93807,Sistema
2023-03-11T07:00:00,310.93807,Sistema
2023-03-11T08:00:00,310.93807,Sistema
2023-03-11T09:00:00,310.93807,Sistema
2023-03-11T10:00:00,310.93807,Sistema
2023-03-11T11:00:00,310.93807,Sistema
2023-03-11T12:00:00,378.04907,Sistema
2023-03-11T13:00:00,378.04907,Sistema
2023-03-11T14:00:00,310.93807,Sistema
2023-03-11T15:00:00,310.93807,Sistema
2023-03-11T16:00:00,310.93807,Sistema
2023-03-11T17:00:00,310.93807,Sistema
2023-03-11T18:00:00,310.93807,Sistema
2023-03-11T19:00:00,378.04907,Sistema
2023-03-11T20:00:00,378.04907,Sistema
2023-03-11T21:00:00,378.04907,Sistema
2023-03-11T22:00:00,310.93807,Sistema
2023-03-11T23:00:00,310.93807,Sistema
2023-03-11T24:00:00,310.93807,Sistema
2023-03-12T01:00:00,282.94102,Sistema
2023-03-12T02:00:00,282.94102,Sistema
2023-03-12T03:00:00,282.94102,Sistema
2023-03-12T04:00:00,282.94102,Sistema
2023-03-12T05:00:00,282.94102,Sistema
2023-03-12T06:00:00,282.94102,Sistema
2023-03-12T07:00:00,279.05202,Sistema
2023-03-12T08:00:00,282.94102,Sistema
2023-03-12T09:00:00,282.94102,Sistema
2023-03-12T10:00:00,282.94102,Sistema
2023-03-12T11:00:00,282.94102,Sistema
2023-03-12T12:00:00,282.94102,Sistema
2023-03-12T13:00:00,282.94102,Sistema
2023-03-12T14:00:00,305.05202,Sistema
2023-03-12T15:00:00,305.05202,Sistema
2023-03-12T16:00:00,305.05202,Sistema
2023-03-12T17:00:00,305.05202,Sistema
2023-03-12T18:00:00,305.05202,Sistema
2023-03-12T19:00:00,305.05202,Sistema
2023-03-12T20:00:00,312.94102,Sistema
2023-03-12T21:00:00,312.94102,Sistema
2023-03-12T22:00:00,305.05202,Sistema
2023-03-12T23:00:00,305.05202,Sistema
2023-03-12T24:00:00,305.05202,Sistema
2023-03-13T01:00:00,239.71033,Sistema
2023-03-13T02:00:00,118.34133,Sistema
2023-03-13T03:00:00,118.34033,Sistema
2023-03-13T04:00:00,118.34033,Sistema
2023-03-13T05:00:00,239.71033,Sistema
2023-03-13T06:00:00,239.71033,Sistema
2023-03-13T07:00:00,239.71033,Sistema
2023-03-13T08:00:00,239.71033,Sistema
2023-03-13T09:00:00,248.71033,Sistema
2023-03-13T10:00:00,248.71033,Sistema
2023-03-13T11:00:00,248.71033,Sistema
2023-03-13T12:00:00,248.71033,Sistema
2023-03-13T13:00:00,248.71033,Sistema
2023-03-13T14:00:00,248.71033,Sistema
2023-03-13T15:00:00,248.71033,Sistema
2023-03-13T16:00:00,248.71033,Sistema
2023-03-13T17:00:00,248.71033,Sistema
2023-03-13T18:00:00,248.71033,Sistema
2023-03-13T19:00:00,280.82133,Sistema
2023-03-13T20:00:00,280.82133,Sistema
2023-03-13T21:00:00,280.82133,Sistema
2023-03-13T22:00:00,248.71033,Sistema
2023-03-13T23:00:00,248.71033,Sistema
2023-03-13T24:00:00,239.71033,Sistema
2023-03-14T01:00:00,118.47771,Sistema
2023-03-14T02:00:00,118.47771,Sistema
2023-03-14T03:00:00,118.47771,Sistema
2023-03-14T04:00:00,118.47771,Sistema
2023-03-14T05:00:00,118.47771,Sistema
2023-03-14T06:00:00,120.31271,Sistema
2023-03-14T07:00:00,122.07471,Sistema
2023-03-14T08:00:00,151.68271,Sistema
2023-03-14T09:00:00,151.68271,Sistema
2023-03-14T10:00:00,231.79371,Sistema
2023-03-14T11:00:00,231.79371,Sistema
2023-03-14T12:00:00,231.79371,Sistema
2023-03-14T13:00:00,231.79371,Sistema
2023-03-14T14:00:00,231.79371,Sistema
2023-03-14T15:00:00,351.68271,Sistema
2023-03-14T16:00:00,231.79371,Sistema
2023-03-14T17:00:00,231.79371,Sistema
2023-03-14T18:00:00,231.79371,Sistema
2023-03-14T19:00:00,231.79371,Sistema
2023-03-14T20:00:00,231.79371,Sistema
2023-03-14T21:00:00,231.79371,Sistema
2023-03-14T22:00:00,231.79371,Sistema
2023-03-14T23:00:00,151.68271,Sistema
2023-03-14T24:00:00,151.68271,Sistema
2023-03-15T01:00:00,118.47339,Sistema
2023-03-15T02:00:00,118.47339,Sistema
2023-03-15T03:00:00,118.47239,Sistema
2023-03-15T04:00:00,116.63739,Sistema
2023-03-15T05:00:00,118.47239,Sistema
2023-03-15T06:00:00,119.84239,Sistema
2023-03-15T07:00:00,149.84239,Sistema
2023-03-15T08:00:00,149.84239,Sistema
2023-03-15T09:00:00,149.84239,Sistema
2023-03-15T10:00:00,149.84239,Sistema
2023-03-15T11:00:00,168.95339,Sistema
2023-03-15T12:00:00,168.95339,Sistema
2023-03-15T13:00:00,168.95339,Sistema
2023-03-15T14:00:00,168.95339,Sistema
2023-03-15T15:00:00,168.95339,Sistema
2023-03-15T16:00:00,168.95339,Sistema
2023-03-15T17:00:00,168.95339,Sistema
2023-03-15T18:00:00,168.95339,Sistema
2023-03-15T19:00:00,168.95339,Sistema
2023-03-15T20:00:00,369.84239,Sistema
2023-03-15T21:00:00,275.95339,Sistema
2023-03-15T22:00:00,168.95339,Sistema
2023-03-15T23:00:00,149.84239,Sistema
2023-03-15T24:00:00,149.84239,Sistema
2023-03-16T01:00:00,125.88096,Sistema
2023-03-16T02:00:00,124.99396,Sistema
2023-03-16T03:00:00,124.99396,Sistema
2023-03-16T04:00:00,124.99396,Sistema
2023-03-16T05:00:00,124.99396,Sistema
2023-03-16T06:00:00,125.48896,Sistema
2023-03-16T07:00:00,125.88096,Sistema
2023-03-16T08:00:00,140.48896,Sistema
2023-03-16T09:00:00,140.48896,Sistema
2023-03-16T10:00:00,195.98896,Sistema
2023-03-16T11:00:00,195.98896,Sistema
2023-03-16T12:00:00,195.98896,Sistema
2023-03-16T13:00:00,195.98896,Sistema
2023-03-16T14:00:00,195.98896,Sistema
2023-03-16T15:00:00,195.98896,Sistema
2023-03-16T16:00:00,195.98896,Sistema
2023-03-16T17:00:00,195.98896,Sistema
2023-03-16T18:00:00,195.98896,Sistema
2023-03-16T19:00:00,195.98896,Sistema
2023-03-16T20:00:00,305.48896,Sistema
2023-03-16T21:00:00,195.98896,Sistema
2023-03-16T22:00:00,195.98896,Sistema
2023-03-16T23:00:00,140.48896,Sistema
2023-03-16T24:00:00,140.48896,Sistema
2023-03-17T01:00:00,140.83575,Sistema
2023-03-17T02:00:00,147.83575,Sistema
2023-03-17T03:00:00,140.83575,Sistema
2023-03-17T04:00:00,140.83575,Sistema
2023-03-17T05:00:00,140.83575,Sistema
2023-03-17T06:00:00,147.83575,Sistema
2023-03-17T07:00:00,147.83575,Sistema
2023-03-17T08:00:00,147.83575,Sistema
2023-03-17T09:00:00,147.83575,Sistema
2023-03-17T10:00:00,232.83575,Sistema
2023-03-17T11:00:00,277.83575,Sistema
2023-03-17T12:00:00,283.53575,Sistema
2023-03-17T13:00:00,283.53575,Sistema
2023-03-17T14:00:00,283.53575,Sistema
2023-03-17T15:00:00,283.53575,Sistema
2023-03-17T16:00:00,283.53575,Sistema
2023-03-17T17:00:00,283.53575,Sistema
2023-03-17T18:00:00,277.83575,Sistema
2023-03-17T19:00:00,283.53575,Sistema
2023-03-17T20:00:00,283.53575,Sistema
2023-03-17T21:00:00,283.53575,Sistema
2023-03-17T22:00:00,277.83575,Sistema
2023-03-17T23:00:00,192.83575,Sistema
2023-03-17T24:00:00,147.83575,Sistema
2023-03-18T01:00:00,145.79135,Sistema
2023-03-18T02:00:00,145.79135,Sistema
2023-03-18T03:00:00,145.79135,Sistema
2023-03-18T04:00:00,145.79135,Sistema
2023-03-18T05:00:00,145.79135,Sistema
2023-03-18T06:00:00,145.79135,Sistema
2023-03-18T07:00:00,145.79135,Sistema
2023-03-18T08:00:00,145.79135,Sistema
2023-03-18T09:00:00,160.79135,Sistema
2023-03-18T10:00:00,190.79135,Sistema
2023-03-18T11:00:00,253.09135,Sistema
2023-03-18T12:00:00,253.09135,Sistema
2023-03-18T13:00:00,253.09135,Sistema
2023-03-18T14:00:00,253.09135,Sistema
2023-03-18T15:00:00,253.09135,Sistema
2023-03-18T16:00:00,253.09135,Sistema
2023-03-18T17:00:00,253.09135,Sistema
2023-03-18T18:00:00,253.09135,Sistema
2023-03-18T19:00:00,253.09135,Sistema
2023-03-18T20:00:00,275.79135,Sistema
2023-03-18T21:00:00,253.09135,Sistema
2023-03-18T22:00:00,253.09135,Sistema
2023-03-18T23:00:00,160.79135,Sistema
2023-03-18T24:00:00,145.79135,Sistema
2023-03-19T01:00:00,161.2956,Sistema
2023-03-19T02:00:00,161.2956,Sistema
2023-03-19T03:00:00,161.2956,Sistema
2023-03-19T04:00:00,161.2956,Sistema
2023-03-19T05:00:00,161.2956,Sistema
2023-03-19T06:00:00,161.2956,Sistema
2023-03-19T07:00:00,156.2956,Sistema
2023-03-19T08:00:00,161.2956,Sistema
2023-03-19T09:00:00,161.2956,Sistema
2023-03-19T10:00:00,161.2956,Sistema
2023-03-19T11:00:00,161.2956,Sistema
2023-03-19T12:00:00,161.2956,Sistema
2023-03-19T13:00:00,161.2956,Sistema
2023-03-19T14:00:00,161.2956,Sistema
2023-03-19T15:00:00,161.2956,Sistema
2023-03-19T16:00:00,161.2956,Sistema
2023-03-19T17:00:00,161.2956,Sistema
2023-03-19T18:00:00,161.2956,Sistema
2023-03-19T19:00:00,166.2956,Sistema
2023-03-19T20:00:00,216.5956,Sistema
2023-03-19T21:00:00,181.2956,Sistema
2023-03-19T22:00:00,166.2956,Sistema
2023-03-19T23:00:00,166.2956,Sistema
2023-03-19T24:00:00,161.2956,Sistema
2023-03-20T01:00:00,160.98521,Sistema
2023-03-20T02:00:00,160.98521,Sistema
2023-03-20T03:00:00,160.98521,Sistema
2023-03-20T04:00:00,160.98521,Sistema
2023-03-20T05:00:00,160.98521,Sistema
2023-03-20T06:00:00,160.98521,Sistema
2023-03-20T07:00:00,160.98521,Sistema
2023-03-20T08:00:00,160.98521,Sistema
2023-03-20T09:00:00,160.98521,Sistema
2023-03-20T10:00:00,233.58521,Sistema
2023-03-20T11:00:00,233.58521,Sistema
2023-03-20T12:00:00,233.58521,Sistema
2023-03-20T13:00:00,306.98521,Sistema
2023-03-20T14:00:00,277.98521,Sistema
2023-03-20T15:00:00,277.98521,Sistema
2023-03-20T16:00:00,284.56421,Sistema
2023-03-20T17:00:00,284.56421,Sistema
2023-03-20T18:00:00,277.98521,Sistema
2023-03-20T19:00:00,312.98521,Sistema
2023-03-20T20:00:00,312.98521,Sistema
2023-03-20T21:00:00,312.98521,Sistema
2023-03-20T22:00:00,312.98521,Sistema
2023-03-20T23:00:00,284.56421,Sistema
2023-03-20T24:00:00,233.58521,Sistema
2023-03-21T01:00:00,150.17404,Sistema
2023-03-21T02:00:00,150.17404,Sistema
2023-03-21T03:00:00,150.17404,Sistema
2023-03-21T04:00:00,150.17404,Sistema
2023-03-21T05:00:00,150.17404,Sistema
2023-03-21T06:00:00,275.17404,Sistema
2023-03-21T07:00:00,283.17404,Sistema
2023-03-21T08:00:00,283.17404,Sistema
2023-03-21T09:00:00,283.17404,Sistema
2023-03-21T10:00:00,283.17404,Sistema
2023-03-21T11:00:00,311.17404,Sistema
2023-03-21T12:00:00,350.17404,Sistema
2023-03-21T13:00:00,311.17404,Sistema
2023-03-21T14:00:00,350.17404,Sistema
2023-03-21T15:00:00,370.17404,Sistema
2023-03-21T16:00:00,370.17404,Sistema
2023-03-21T17:00:00,370.17404,Sistema
2023-03-21T18:00:00,370.17404,Sistema
2023-03-21T19:00:00,370.17404,Sistema
2023-03-21T20:00:00,370.17404,Sistema
2023-03-21T21:00:00,370.17404,Sistema
2023-03-21T22:00:00,350.17404,Sistema
2023-03-21T23:00:00,283.17404,Sistema
2023-03-21T24:00:00,283.17404,Sistema
2023-03-22T01:00:00,283.8619,Sistema
2023-03-22T02:00:00,283.8619,Sistema
2023-03-22T03:00:00,283.8619,Sistema
2023-03-22T04:00:00,283.8619,Sistema
2023-03-22T05:00:00,283.8619,Sistema
2023-03-22T06:00:00,283.8619,Sistema
2023-03-22T07:00:00,283.8619,Sistema
2023-03-22T08:00:00,283.8619,Sistema
2023-03-22T09:00:00,300.8619,Sistema
2023-03-22T10:00:00,300.8619,Sistema
2023-03-22T11:00:00,372.8619,Sistema
2023-03-22T12:00:00,380.8619,Sistema
2023-03-22T13:00:00,380.8619,Sistema
2023-03-22T14:00:00,380.8619,Sistema
2023-03-22T15:00:00,400.8619,Sistema
2023-03-22T16:00:00,410.8619,Sistema
2023-03-22T17:00:00,400.8619,Sistema
2023-03-22T18:00:00,380.8619,Sistema
2023-03-22T19:00:00,410.8619,Sistema
2023-03-22T20:00:00,410.8619,Sistema
2023-03-22T21:00:00,410.8619,Sistema
2023-03-22T22:00:00,400.8619,Sistema
2023-03-22T23:00:00,300.8619,Sistema
2023-03-22T24:00:00,283.8619,Sistema
2023-03-23T01:00:00,202.25312,Sistema
2023-03-23T02:00:00,202.25312,Sistema
2023-03-23T03:00:00,202.25312,Sistema
2023-03-23T04:00:00,202.25312,Sistema
2023-03-23T05:00:00,202.25312,Sistema
2023-03-23T06:00:00,285.23312,Sistema
2023-03-23T07:00:00,285.23312,Sistema
2023-03-23T08:00:00,322.25312,Sistema
2023-03-23T09:00:00,322.25312,Sistema
2023-03-23T10:00:00,322.25312,Sistema
2023-03-23T11:00:00,322.25312,Sistema
2023-03-23T12:00:00,327.25312,Sistema
2023-03-23T13:00:00,414.25312,Sistema
2023-03-23T14:00:00,327.25312,Sistema
2023-03-23T15:00:00,414.25312,Sistema
2023-03-23T16:00:00,414.25312,Sistema
2023-03-23T17:00:00,414.25312,Sistema
2023-03-23T18:00:00,327.25312,Sistema
2023-03-23T19:00:00,414.25312,Sistema
2023-03-23T20:00:00,414.25312,Sistema
2023-03-23T21:00:00,414.25312,Sistema
2023-03-23T22:00:00,327.25312,Sistema
2023-03-23T23:00:00,322.25312,Sistema
2023-03-23T24:00:00,322.25312,Sistema
2023-03-24T01:00:00,310.02252,Sistema
2023-03-24T02:00:00,305.78352,Sistema
2023-03-24T03:00:00,220.02252,Sistema
2023-03-24T04:00:00,220.02252,Sistema
2023-03-24T05:00:00,310.02252,Sistema
2023-03-24T06:00:00,310.02252,Sistema
2023-03-24T07:00:00,310.02252,Sistema
2023-03-24T08:00:00,310.02252,Sistema
2023-03-24T09:00:00,310.02252,Sistema
2023-03-24T10:00:00,324.02252,Sistema
2023-03-24T11:00:00,345.02252,Sistema
2023-03-24T12:00:00,350.02252,Sistema
2023-03-24T13:00:00,350.02252,Sistema
2023-03-24T14:00:00,350.02252,Sistema
2023-03-24T15:00:00,391.02252,Sistema
2023-03-24T16:00:00,415.02252,Sistema
2023-03-24T17:00:00,391.02252,Sistema
2023-03-24T18:00:00,324.02252,Sistema
2023-03-24T19:00:00,391.02252,Sistema
2023-03-24T20:00:00,391.02252,Sistema
2023-03-24T21:00:00,345.02252,Sistema
2023-03-24T22:00:00,310.02252,Sistema
2023-03-24T23:00:00,310.02252,Sistema
2023-03-24T24:00:00,310.02252,Sistema
2023-03-25T01:00:00,181.12297,Sistema
2023-03-25T02:00:00,181.12297,Sistema
2023-03-25T03:00:00,181.12297,Sistema
2023-03-25T04:00:00,181.12297,Sistema
2023-03-25T05:00:00,181.12297,Sistema
2023-03-25T06:00:00,181.12297,Sistema
2023-03-25T07:00:00,181.12297,Sistema
2023-03-25T08:00:00,226.12297,Sistema
2023-03-25T09:00:00,226.12297,Sistema
2023-03-25T10:00:00,226.12297,Sistema
2023-03-25T11:00:00,226.12297,Sistema
2023-03-25T12:00:00,281.10297,Sistema
2023-03-25T13:00:00,309.93597,Sistema
2023-03-25T14:00:00,281.10297,Sistema
2023-03-25T15:00:00,281.10297,Sistema
2023-03-25T16:00:00,282.70197,Sistema
2023-03-25T17:00:00,226.12297,Sistema
2023-03-25T18:00:00,226.12297,Sistema
2023-03-25T19:00:00,309.93597,Sistema
2023-03-25T20:00:00,309.93597,Sistema
2023-03-25T21:00:00,309.93597,Sistema
2023-03-25T22:00:00,226.12297,Sistema
2023-03-25T23:00:00,226.12297,Sistema
2023-03-25T24:00:00,226.12297,Sistema
2023-03-26T01:00:00,149.89765,Sistema
2023-03-26T02:00:00,149.89765,Sistema
2023-03-26T03:00:00,149.89765,Sistema
2023-03-26T04:00:00,149.89765,Sistema
2023-03-26T05:00:00,149.89765,Sistema
2023-03-26T06:00:00,149.89765,Sistema
2023-03-26T07:00:00,149.89765,Sistema
2023-03-26T08:00:00,149.89765,Sistema
2023-03-26T09:00:00,149.89765,Sistema
2023-03-26T10:00:00,149.89765,Sistema
2023-03-26T11:00:00,149.89765,Sistema
2023-03-26T12:00:00,174.89765,Sistema
2023-03-26T13:00:00,174.89765,Sistema
2023-03-26T14:00:00,174.89765,Sistema
2023-03-26T15:00:00,174.89765,Sistema
2023-03-26T16:00:00,174.89765,Sistema
2023-03-26T17:00:00,174.89765,Sistema
2023-03-26T18:00:00,174.89765,Sistema
2023-03-26T19:00:00,280.71065,Sistema
2023-03-26T20:00:00,298.89765,Sistema
2023-03-26T21:00:00,280.71065,Sistema
2023-03-26T22:00:00,280.71065,Sistema
2023-03-26T23:00:00,280.71065,Sistema
2023-03-26T24:00:00,174.89765,Sistema
2023-03-27T01:00:00,116.9526,Sistema
2023-03-27T02:00:00,116.9526,Sistema
2023-03-27T03:00:00,116.9526,Sistema
2023-03-27T04:00:00,116.9526,Sistema
2023-03-27T05:00:00,118.7876,Sistema
2023-03-27T06:00:00,119.2866,Sistema
2023-03-27T07:00:00,125.1576,Sistema
2023-03-27T08:00:00,125.1576,Sistema
2023-03-27T09:00:00,150.1576,Sistema
2023-03-27T10:00:00,150.1576,Sistema
2023-03-27T11:00:00,150.1576,Sistema
2023-03-27T12:00:00,250.1576,Sistema
2023-03-27T13:00:00,250.1576,Sistema
2023-03-27T14:00:00,250.1576,Sistema
2023-03-27T15:00:00,269.1576,Sistema
2023-03-27T16:00:00,269.1576,Sistema
2023-03-27T17:00:00,250.1576,Sistema
2023-03-27T18:00:00,150.1576,Sistema
2023-03-27T19:00:00,269.1576,Sistema
2023-03-27T20:00:00,269.1576,Sistema
2023-03-27T21:00:00,269.1576,Sistema
2023-03-27T22:00:00,150.1576,Sistema
2023-03-27T23:00:00,150.1576,Sistema
2023-03-27T24:00:00,125.1576,Sistema
2023-03-28T01:00:00,117.74166,Sistema
2023-03-28T02:00:00,117.74166,Sistema
2023-03-28T03:00:00,117.74166,Sistema
2023-03-28T04:00:00,117.74166,Sistema
2023-03-28T05:00:00,119.57666,Sistema
2023-03-28T06:00:00,150.94666,Sistema
2023-03-28T07:00:00,150.94666,Sistema
2023-03-28T08:00:00,150.94666,Sistema
2023-03-28T09:00:00,155.94666,Sistema
2023-03-28T10:00:00,200.94666,Sistema
2023-03-28T11:00:00,224.94666,Sistema
2023-03-28T12:00:00,350.94666,Sistema
2023-03-28T13:00:00,224.94666,Sistema
2023-03-28T14:00:00,224.94666,Sistema
2023-03-28T15:00:00,282.52566,Sistema
2023-03-28T16:00:00,350.94666,Sistema
2023-03-28T17:00:00,224.94666,Sistema
2023-03-28T18:00:00,155.94666,Sistema
2023-03-28T19:00:00,224.94666,Sistema
2023-03-28T20:00:00,224.94666,Sistema
2023-03-28T21:00:00,224.94666,Sistema
2023-03-28T22:00:00,155.94666,Sistema
2023-03-28T23:00:00,150.94666,Sistema
2023-03-28T24:00:00,150.94666,Sistema
2023-03-29T01:00:00,121.21402,Sistema
2023-03-29T02:00:00,121.21402,Sistema
2023-03-29T03:00:00,121.21402,Sistema
2023-03-29T04:00:00,121.21402,Sistema
2023-03-29T05:00:00,123.04902,Sistema
2023-03-29T06:00:00,123.04902,Sistema
2023-03-29T07:00:00,123.04902,Sistema
2023-03-29T08:00:00,123.05202,Sistema
2023-03-29T09:00:00,144.41902,Sistema
2023-03-29T10:00:00,159.41902,Sistema
2023-03-29T11:00:00,159.41902,Sistema
2023-03-29T12:00:00,159.41902,Sistema
2023-03-29T13:00:00,159.41902,Sistema
2023-03-29T14:00:00,159.41902,Sistema
2023-03-29T15:00:00,285.99802,Sistema
2023-03-29T16:00:00,354.41902,Sistema
2023-03-29T17:00:00,159.41902,Sistema
2023-03-29T18:00:00,159.41902,Sistema
2023-03-29T19:00:00,159.41902,Sistema
2023-03-29T20:00:00,159.41902,Sistema
2023-03-29T21:00:00,159.41902,Sistema
2023-03-29T22:00:00,144.41902,Sistema
2023-03-29T23:00:00,123.05102,Sistema
2023-03-29T24:00:00,123.04902,Sistema
2023-03-30T01:00:00,123.13207,Sistema
2023-03-30T02:00:00,123.13207,Sistema
2023-03-30T03:00:00,123.13207,Sistema
2023-03-30T04:00:00,123.13207,Sistema
2023-03-30T05:00:00,123.13207,Sistema
2023-03-30T06:00:00,123.13207,Sistema
2023-03-30T07:00:00,123.13207,Sistema
2023-03-30T08:00:00,124.49807,Sistema
2023-03-30T09:00:00,159.49807,Sistema
2023-03-30T10:00:00,159.49807,Sistema
2023-03-30T11:00:00,164.49807,Sistema
2023-03-30T12:00:00,284.49807,Sistema
2023-03-30T13:00:00,164.49807,Sistema
2023-03-30T14:00:00,164.49807,Sistema
2023-03-30T15:00:00,284.49807,Sistema
2023-03-30T16:00:00,284.49807,Sistema
2023-03-30T17:00:00,284.49807,Sistema
2023-03-30T18:00:00,164.49807,Sistema
2023-03-30T19:00:00,164.49807,Sistema
2023-03-30T20:00:00,164.49807,Sistema
2023-03-30T21:00:00,164.49807,Sistema
2023-03-30T22:00:00,164.49807,Sistema
2023-03-30T23:00:00,159.49807,Sistema
2023-03-30T24:00:00,123.93907,Sistema
2023-03-31T01:00:00,120.78342,Sistema
2023-03-31T02:00:00,120.78342,Sistema
2023-03-31T03:00:00,120.78342,Sistema
2023-03-31T04:00:00,120.78342,Sistema
2023-03-31T05:00:00,120.78342,Sistema
2023-03-31T06:00:00,120.78342,Sistema
2023-03-31T07:00:00,120.78342,Sistema
2023-03-31T08:00:00,121.51042,Sistema
2023-03-31T09:00:00,122.14942,Sistema
2023-03-31T10:00:00,167.14942,Sistema
2023-03-31T11:00:00,198.14942,Sistema
2023-03-31T12:00:00,198.14942,Sistema
2023-03-31T13:00:00,198.14942,Sistema
2023-03-31T14:00:00,198.14942,Sistema
2023-03-31T15:00:00,198.14942,Sistema
2023-03-31T16:00:00,198.14942,Sistema
2023-03-31T17:00:00,198.14942,Sistema
2023-03-31T18:00:00,198.14942,Sistema
2023-03-31T19:00:00,198.14942,Sistema
2023-03-31T20:00:00,198.14942,Sistema
2023-03-31T21:00:00,198.14942,Sistema
2023-03-31T22:00:00,198.14942,Sistema
2023-03-31T23:00:00,167.14942,Sistema
2023-03-31T24:00:00,121.51042,Sistema
2023-04-01T01:00:00,125.38493,Sistema
2023-04-01T02:00:00,125.38493,Sistema
2023-04-01T03:00:00,125.38493,Sistema
2023-04-01T04:00:00,125.38493,Sistema
2023-04-01T05:00:00,125.38493,Sistema
2023-04-01T06:00:00,125.38493,Sistema
2023-04-01T07:00:00,125.38493,Sistema
2023-04-01T08:00:00,126.43693,Sistema
2023-04-01T09:00:00,158.42993,Sistema
2023-04-01T10:00:00,158.42993,Sistema
2023-04-01T11:00:00,158.42993,Sistema
2023-04-01T12:00:00,168.42993,Sistema
2023-04-01T13:00:00,168.42993,Sistema
2023-04-01T14:00:00,158.42993,Sistema
2023-04-01T15:00:00,158.42993,Sistema
2023-04-01T16:00:00,158.42993,Sistema
2023-04-01T17:00:00,158.42993,Sistema
2023-04-01T18:00:00,158.42993,Sistema
2023-04-01T19:00:00,173.42993,Sistema
2023-04-01T20:00:00,173.42993,Sistema
2023-04-01T21:00:00,173.42993,Sistema
2023-04-01T22:00:00,158.42993,Sistema
2023-04-01T23:00:00,158.42993,Sistema
2023-04-01T24:00:00,158.42993,Sistema
2023-04-02T01:00:00,158.59891,Sistema
2023-04-02T02:00:00,158.59891,Sistema
2023-04-02T03:00:00,138.59891,Sistema
2023-04-02T04:00:00,138.59891,Sistema
2023-04-02T05:00:00,138.59891,Sistema
2023-04-02T06:00:00,138.59891,Sistema
2023-04-02T07:00:00,138.59891,Sistema
2023-04-02T08:00:00,138.59891,Sistema
2023-04-02T09:00:00,138.59891,Sistema
2023-04-02T10:00:00,158.59891,Sistema
2023-04-02T11:00:00,158.59891,Sistema
2023-04-02T12:00:00,158.59891,Sistema
2023-04-02T13:00:00,158.59891,Sistema
2023-04-02T14:00:00,158.59891,Sistema
2023-04-02T15:00:00,158.59891,Sistema
2023-04-02T16:00:00,158.59891,Sistema
2023-04-02T17:00:00,158.59891,Sistema
2023-04-02T18:00:00,158.59891,Sistema
2023-04-02T19:00:00,158.59891,Sistema
2023-04-02T20:00:00,169.59891,Sistema
2023-04-02T21:00:00,172.59891,Sistema
2023-04-02T22:00:00,169.59891,Sistema
2023-04-02T23:00:00,158.59891,Sistema
2023-04-02T24:00:00,158.59891,Sistema
2023-04-03T01:00:00,126.06757,Sistema
2023-04-03T02:00:00,126.06757,Sistema
2023-04-03T03:00:00,126.06757,Sistema
2023-04-03T04:00:00,124.87257,Sistema
2023-04-03T05:00:00,126.06757,Sistema
2023-04-03T06:00:00,126.06757,Sistema
2023-04-03T07:00:00,126.06757,Sistema
2023-04-03T08:00:00,137.06757,Sistema
2023-04-03T09:00:00,155.06757,Sistema
2023-04-03T10:00:00,157.06757,Sistema
2023-04-03T11:00:00,157.06757,Sistema
2023-04-03T12:00:00,157.06757,Sistema
2023-04-03T13:00:00,157.06757,Sistema
2023-04-03T14:00:00,157.06757,Sistema
2023-04-03T15:00:00,157.06757,Sistema
2023-04-03T16:00:00,157.06757,Sistema
2023-04-03T17:00:00,157.06757,Sistema
2023-04-03T18:00:00,157.06757,Sistema
2023-04-03T19:00:00,157.06757,Sistema
2023-04-03T20:00:00,167.06757,Sistema
2023-04-03T21:00:00,157.06757,Sistema
2023-04-03T22:00:00,157.06757,Sistema
2023-04-03T23:00:00,157.06757,Sistema
2023-04-03T24:00:00,155.06757,Sistema
2023-04-04T01:00:00,134.31334,Sistema
2023-04-04T02:00:00,134.31334,Sistema
2023-04-04T03:00:00,134.31334,Sistema
2023-04-04T04:00:00,134.31334,Sistema
2023-04-04T05:00:00,134.31334,Sistema
2023-04-04T06:00:00,135.31334,Sistema
2023-04-04T07:00:00,135.31334,Sistema
2023-04-04T08:00:00,135.31334,Sistema
2023-04-04T09:00:00,146.31334,Sistema
2023-04-04T10:00:00,146.31334,Sistema
2023-04-04T11:00:00,146.31334,Sistema
2023-04-04T12:00:00,153.31334,Sistema
2023-04-04T13:00:00,153.31334,Sistema
2023-04-04T14:00:00,153.31334,Sistema
2023-04-04T15:00:00,176.31334,Sistema
2023-04-04T16:00:00,176.31334,Sistema
2023-04-04T17:00:00,176.31334,Sistema
2023-04-04T18:00:00,146.31334,Sistema
2023-04-04T19:00:00,176.31334,Sistema
2023-04-04T20:00:00,176.31334,Sistema
2023-04-04T21:00:00,176.31334,Sistema
2023-04-04T22:00:00,146.31334,Sistema
2023-04-04T23:00:00,146.31334,Sistema
2023-04-04T24:00:00,135.31334,Sistema
2023-04-05T01:00:00,138.70576,Sistema
2023-04-05T02:00:00,138.70576,Sistema
2023-04-05T03:00:00,138.70576,Sistema
2023-04-05T04:00:00,138.70576,Sistema
2023-04-05T05:00:00,138.70576,Sistema
2023-04-05T06:00:00,138.70576,Sistema
2023-04-05T07:00:00,138.70576,Sistema
2023-04-05T08:00:00,139.20576,Sistema
2023-04-05T09:00:00,139.70576,Sistema
2023-04-05T10:00:00,147.70576,Sistema
2023-04-05T11:00:00,147.70576,Sistema
2023-04-05T12:00:00,147.70576,Sistema
2023-04-05T13:00:00,147.70576,Sistema
2023-04-05T14:00:00,147.70576,Sistema
2023-04-05T15:00:00,147.70576,Sistema
2023-04-05T16:00:00,147.70576,Sistema
2023-04-05T17:00:00,147.70576,Sistema
2023-04-05T18:00:00,147.70576,Sistema
2023-04-05T19:00:00,159.70576,Sistema
2023-04-05T20:00:00,159.70576,Sistema
2023-04-05T21:00:00,147.70576,Sistema
2023-04-05T22:00:00,147.70576,Sistema
2023-04-05T23:00:00,139.70576,Sistema
2023-04-05T24:00:00,139.20576,Sistema
2023-04-06T01:00:00,140.28526,Sistema
2023-04-06T02:00:00,140.28526,Sistema
2023-04-06T03:00:00,140.28526,Sistema
2023-04-06T04:00:00,140.28526,Sistema
2023-04-06T05:00:00,140.28526,Sistema
2023-04-06T06:00:00,140.28526,Sistema
2023-04-06T07:00:00,134.11026,Sistema
2023-04-06T08:00:00,140.28526,Sistema
2023-04-06T09:00:00,140.28526,Sistema
2023-04-06T10:00:00,140.28526,Sistema
2023-04-06T11:00:00,140.28526,Sistema
2023-04-06T12:00:00,140.28526,Sistema
2023-04-06T13:00:00,143.78526,Sistema
2023-04-06T14:00:00,140.28526,Sistema
2023-04-06T15:00:00,140.28526,Sistema
2023-04-06T16:00:00,140.28526,Sistema
2023-04-06T17:00:00,140.28526,Sistema
2023-04-06T18:00:00,140.28526,Sistema
2023-04-06T19:00:00,142.28526,Sistema
2023-04-06T20:00:00,143.78526,Sistema
2023-04-06T21:00:00,142.28526,Sistema
2023-04-06T22:00:00,143.78526,Sistema
2023-04-06T23:00:00,140.28526,Sistema
2023-04-06T24:00:00,140.28526,Sistema
2023-04-07T01:00:00,132.55494,Sistema
2023-04-07T02:00:00,132.55494,Sistema
2023-04-07T03:00:00,132.55494,Sistema
2023-04-07T04:00:00,132.55494,Sistema
2023-04-07T05:00:00,132.55494,Sistema
2023-04-07T06:00:00,132.55494,Sistema
2023-04-07T07:00:00,132.55494,Sistema
2023-04-07T08:00:00,132.55494,Sistema
2023-04-07T09:00:00,132.55494,Sistema
2023-04-07T10:00:00,132.55494,Sistema
2023-04-07T11:00:00,132.55494,Sistema
2023-04-07T12:00:00,132.55494,Sistema
2023-04-07T13:00:00,132.55494,Sistema
2023-04-07T14:00:00,132.55494,Sistema
2023-04-07T15:00:00,132.55494,Sistema
2023-04-07T16:00:00,132.55494,Sistema
2023-04-07T17:00:00,132.55494,Sistema
2023-04-07T18:00:00,132.55494,Sistema
2023-04-07T19:00:00,134.55494,Sistema
2023-04-07T20:00:00,147.66594,Sistema
2023-04-07T21:00:00,147.66594,Sistema
2023-04-07T22:00:00,134.55494,Sistema
2023-04-07T23:00:00,134.55494,Sistema
2023-04-07T24:00:00,132.55494,Sistema
2023-04-08T01:00:00,132.46391,Sistema
2023-04-08T02:00:00,132.46391,Sistema
2023-04-08T03:00:00,126.04291,Sistema
2023-04-08T04:00:00,124.03091,Sistema
2023-04-08T05:00:00,126.04291,Sistema
2023-04-08T06:00:00,126.04291,Sistema
2023-04-08T07:00:00,126.04291,Sistema
2023-04-08T08:00:00,133.96391,Sistema
2023-04-08T09:00:00,141.96391,Sistema
2023-04-08T10:00:00,148.96391,Sistema
2023-04-08T11:00:00,148.96391,Sistema
2023-04-08T12:00:00,148.96391,Sistema
2023-04-08T13:00:00,148.96391,Sistema
2023-04-08T14:00:00,148.96391,Sistema
2023-04-08T15:00:00,148.96391,Sistema
2023-04-08T16:00:00,148.96391,Sistema
2023-04-08T17:00:00,148.96391,Sistema
2023-04-08T18:00:00,148.96391,Sistema
2023-04-08T19:00:00,149.96391,Sistema
2023-04-08T20:00:00,149.96391,Sistema
2023-04-08T21:00:00,149.96391,Sistema
2023-04-08T22:00:00,148.96391,Sistema
2023-04-08T23:00:00,148.96391,Sistema
2023-04-08T24:00:00,148.96391,Sistema
2023-04-09T01:00:00,122.7981,Sistema
2023-04-09T02:00:00,122.7981,Sistema
2023-04-09T03:00:00,122.7961,Sistema
2023-04-09T04:00:00,122.7961,Sistema
2023-04-09T05:00:00,122.7311,Sistema
2023-04-09T06:00:00,122.7311,Sistema
2023-04-09T07:00:00,122.7311,Sistema
2023-04-09T08:00:00,122.7311,Sistema
2023-04-09T09:00:00,122.7981,Sistema
2023-04-09T10:00:00,122.7991,Sistema
2023-04-09T11:00:00,125.0451,Sistema
2023-04-09T12:00:00,131.2311,Sistema
2023-04-09T13:00:00,140.7311,Sistema
2023-04-09T14:00:00,140.7311,Sistema
2023-04-09T15:00:00,140.7311,Sistema
2023-04-09T16:00:00,140.7311,Sistema
2023-04-09T17:00:00,140.7311,Sistema
2023-04-09T18:00:00,140.7311,Sistema
2023-04-09T19:00:00,143.8421,Sistema
2023-04-09T20:00:00,147.7311,Sistema
2023-04-09T21:00:00,147.7311,Sistema
2023-04-09T22:00:00,143.8421,Sistema
2023-04-09T23:00:00,143.8421,Sistema
2023-04-09T24:00:00,140.7311,Sistema
2023-04-10T01:00:00,125.35689,Sistema
2023-04-10T02:00:00,125.35689,Sistema
2023-04-10T03:00:00,125.35689,Sistema
2023-04-10T04:00:00,125.35689,Sistema
2023-04-10T05:00:00,132.85689,Sistema
2023-04-10T06:00:00,132.85689,Sistema
2023-04-10T07:00:00,132.85689,Sistema
2023-04-10T08:00:00,132.85689,Sistema
2023-04-10T09:00:00,141.85689,Sistema
2023-04-10T10:00:00,148.85789,Sistema
2023-04-10T11:00:00,148.85789,Sistema
2023-04-10T12:00:00,148.85789,Sistema
2023-04-10T13:00:00,151.85689,Sistema
2023-04-10T14:00:00,151.85689,Sistema
2023-04-10T15:00:00,151.85689,Sistema
2023-04-10T16:00:00,156.85689,Sistema
2023-04-10T17:00:00,166.85689,Sistema
2023-04-10T18:00:00,148.85789,Sistema
2023-04-10T19:00:00,156.85689,Sistema
2023-04-10T20:00:00,156.85689,Sistema
2023-04-10T21:00:00,156.85689,Sistema
2023-04-10T22:00:00,148.85789,Sistema
2023-04-10T23:00:00,141.85689,Sistema
2023-04-10T24:00:00,132.85689,Sistema
2023-04-11T01:00:00,132.45748,Sistema
2023-04-11T02:00:00,132.45748,Sistema
2023-04-11T03:00:00,132.45748,Sistema
2023-04-11T04:00:00,132.45748,Sistema
2023-04-11T05:00:00,132.45748,Sistema
2023-04-11T06:00:00,133.45748,Sistema
2023-04-11T07:00:00,133.45748,Sistema
2023-04-11T08:00:00,133.45748,Sistema
2023-04-11T09:00:00,133.45748,Sistema
2023-04-11T10:00:00,133.45748,Sistema
2023-04-11T11:00:00,156.45748,Sistema
2023-04-11T12:00:00,156.45748,Sistema
2023-04-11T13:00:00,156.45748,Sistema
2023-04-11T14:00:00,156.45748,Sistema
2023-04-11T15:00:00,166.45748,Sistema
2023-04-11T16:00:00,166.45748,Sistema
2023-04-11T17:00:00,156.45748,Sistema
2023-04-11T18:00:00,156.45748,Sistema
2023-04-11T19:00:00,166.45748,Sistema
2023-04-11T20:00:00,166.45748,Sistema
2023-04-11T21:00:00,156.45748,Sistema
2023-04-11T22:00:00,133.45748,Sistema
2023-04-11T23:00:00,132.45748,Sistema
2023-04-11T24:00:00,132.45748,Sistema
2023-04-12T01:00:00,132.57472,Sistema
2023-04-12T02:00:00,133.57472,Sistema
2023-04-12T03:00:00,133.57472,Sistema
2023-04-12T04:00:00,132.57472,Sistema
2023-04-12T05:00:00,133.57472,Sistema
2023-04-12T06:00:00,144.57472,Sistema
2023-04-12T07:00:00,144.57472,Sistema
2023-04-12T08:00:00,295.57472,Sistema
2023-04-12T09:00:00,313.27972,Sistema
2023-04-12T10:00:00,295.57472,Sistema
2023-04-12T11:00:00,205.57472,Sistema
2023-04-12T12:00:00,295.57472,Sistema
2023-04-12T13:00:00,295.57472,Sistema
2023-04-12T14:00:00,295.57472,Sistema
2023-04-12T15:00:00,455.57472,Sistema
2023-04-12T16:00:00,455.57472,Sistema
2023-04-12T17:00:00,455.57472,Sistema
2023-04-12T18:00:00,205.57472,Sistema
2023-04-12T19:00:00,295.57472,Sistema
2023-04-12T20:00:00,455.57472,Sistema
2023-04-12T21:00:00,355.57472,Sistema
2023-04-12T22:00:00,205.57472,Sistema
2023-04-12T23:00:00,205.57472,Sistema
2023-04-12T24:00:00,144.57472,Sistema
2023-04-13T01:00:00,133.59758,Sistema
2023-04-13T02:00:00,133.59758,Sistema
2023-04-13T03:00:00,133.59758,Sistema
2023-04-13T04:00:00,133.59758,Sistema
2023-04-13T05:00:00,133.59758,Sistema
2023-04-13T06:00:00,146.59758,Sistema
2023-04-13T07:00:00,146.59758,Sistema
2023-04-13T08:00:00,209.59758,Sistema
2023-04-13T09:00:00,209.59758,Sistema
2023-04-13T10:00:00,209.59758,Sistema
2023-04-13T11:00:00,210.59758,Sistema
2023-04-13T12:00:00,306.59758,Sistema
2023-04-13T13:00:00,306.59758,Sistema
2023-04-13T14:00:00,296.59758,Sistema
2023-04-13T15:00:00,366.59758,Sistema
2023-04-13T16:00:00,466.59758,Sistema
2023-04-13T17:00:00,366.59758,Sistema
2023-04-13T18:00:00,296.59758,Sistema
2023-04-13T19:00:00,306.59758,Sistema
2023-04-13T20:00:00,366.59758,Sistema
2023-04-13T21:00:00,306.59758,Sistema
2023-04-13T22:00:00,210.59758,Sistema
2023-04-13T23:00:00,209.59758,Sistema
2023-04-13T24:00:00,209.59758,Sistema
2023-04-14T01:00:00,137.6655,Sistema
2023-04-14T02:00:00,137.6655,Sistema
2023-04-14T03:00:00,137.6655,Sistema
2023-04-14T04:00:00,137.6655,Sistema
2023-04-14T05:00:00,137.6655,Sistema
2023-04-14T06:00:00,151.6655,Sistema
2023-04-14T07:00:00,151.6655,Sistema
2023-04-14T08:00:00,205.6655,Sistema
2023-04-14T09:00:00,205.6655,Sistema
2023-04-14T10:00:00,205.6655,Sistema
2023-04-14T11:00:00,292.1005,Sistema
2023-04-14T12:00:00,301.6655,Sistema
2023-04-14T13:00:00,301.6655,Sistema
2023-04-14T14:00:00,301.6655,Sistema
2023-04-14T15:00:00,486.6655,Sistema
2023-04-14T16:00:00,486.6655,Sistema
2023-04-14T17:00:00,386.6655,Sistema
2023-04-14T18:00:00,205.6655,Sistema
2023-04-14T19:00:00,301.6655,Sistema
2023-04-14T20:00:00,301.6655,Sistema
2023-04-14T21:00:00,292.1005,Sistema
2023-04-14T22:00:00,205.6655,Sistema
2023-04-14T23:00:00,205.6655,Sistema
2023-04-14T24:00:00,205.6655,Sistema
2023-04-15T01:00:00,192.30566,Sistema
2023-04-15T02:00:00,192.30566,Sistema
2023-04-15T03:00:00,192.30566,Sistema
2023-04-15T04:00:00,192.30566,Sistema
2023-04-15T05:00:00,192.30566,Sistema
2023-04-15T06:00:00,192.30566,Sistema
2023-04-15T07:00:00,192.30566,Sistema
2023-04-15T08:00:00,192.30566,Sistema
2023-04-15T09:00:00,211.19166,Sistema
2023-04-15T10:00:00,215.19166,Sistema
2023-04-15T11:00:00,216.19166,Sistema
2023-04-15T12:00:00,216.19166,Sistema
2023-04-15T13:00:00,216.19166,Sistema
2023-04-15T14:00:00,216.19166,Sistema
2023-04-15T15:00:00,216.19166,Sistema
2023-04-15T16:00:00,216.19166,Sistema
2023-04-15T17:00:00,216.19166,Sistema
2023-04-15T18:00:00,216.19166,Sistema
2023-04-15T19:00:00,301.19166,Sistema
2023-04-15T20:00:00,301.19166,Sistema
2023-04-15T21:00:00,216.19166,Sistema
2023-04-15T22:00:00,215.19166,Sistema
2023-04-15T23:00:00,211.19166,Sistema
2023-04-15T24:00:00,211.19166,Sistema
2023-04-16T01:00:00,211.25631,Sistema
2023-04-16T02:00:00,211.25631,Sistema
2023-04-16T03:00:00,211.25631,Sistema
2023-04-16T04:00:00,211.25631,Sistema
2023-04-16T05:00:00,211.25631,Sistema
2023-04-16T06:00:00,210.14231,Sistema
2023-04-16T07:00:00,210.14231,Sistema
2023-04-16T08:00:00,210.14231,Sistema
2023-04-16T09:00:00,210.14231,Sistema
2023-04-16T10:00:00,211.25631,Sistema
2023-04-16T11:00:00,211.25631,Sistema
2023-04-16T12:00:00,211.25631,Sistema
2023-04-16T13:00:00,214.14231,Sistema
2023-04-16T14:00:00,214.14231,Sistema
2023-04-16T15:00:00,211.25631,Sistema
2023-04-16T16:00:00,211.25631,Sistema
2023-04-16T17:00:00,211.25631,Sistema
2023-04-16T18:00:00,214.14231,Sistema
2023-04-16T19:00:00,214.14231,Sistema
2023-04-16T20:00:00,214.14231,Sistema
2023-04-16T21:00:00,214.14231,Sistema
2023-04-16T22:00:00,214.14231,Sistema
2023-04-16T23:00:00,214.14231,Sistema
2023-04-16T24:00:00,211.25631,Sistema
2023-04-17T01:00:00,217.07358,Sistema
2023-04-17T02:00:00,217.07358,Sistema
2023-04-17T03:00:00,217.07358,Sistema
2023-04-17T04:00:00,217.07358,Sistema
2023-04-17T05:00:00,217.07358,Sistema
2023-04-17T06:00:00,259.07358,Sistema
2023-04-17T07:00:00,259.07358,Sistema
2023-04-17T08:00:00,289.07358,Sistema
2023-04-17T09:00:00,299.07358,Sistema
2023-04-17T10:00:00,299.07358,Sistema
2023-04-17T11:00:00,300.18758,Sistema
2023-04-17T12:00:00,300.18758,Sistema
2023-04-17T13:00:00,449.07358,Sistema
2023-04-17T14:00:00,319.07358,Sistema
2023-04-17T15:00:00,319.07358,Sistema
2023-04-17T16:00:00,319.07358,Sistema
2023-04-17T17:00:00,300.18758,Sistema
2023-04-17T18:00:00,300.18758,Sistema
2023-04-17T19:00:00,319.07358,Sistema
2023-04-17T20:00:00,449.07358,Sistema
2023-04-17T21:00:00,319.07358,Sistema
2023-04-17T22:00:00,300.18758,Sistema
2023-04-17T23:00:00,299.07358,Sistema
2023-04-17T24:00:00,299.07358,Sistema
2023-04-18T01:00:00,284.63008,Sistema
2023-04-18T02:00:00,284.63008,Sistema
2023-04-18T03:00:00,269.74408,Sistema
2023-04-18T04:00:00,269.74408,Sistema
2023-04-18T05:00:00,284.63008,Sistema
2023-04-18T06:00:00,285.13008,Sistema
2023-04-18T07:00:00,285.13008,Sistema
2023-04-18T08:00:00,285.13008,Sistema
2023-04-18T09:00:00,294.63008,Sistema
2023-04-18T10:00:00,294.63008,Sistema
2023-04-18T11:00:00,304.63008,Sistema
2023-04-18T12:00:00,304.63008,Sistema
2023-04-18T13:00:00,304.63008,Sistema
2023-04-18T14:00:00,294.63008,Sistema
2023-04-18T15:00:00,304.63008,Sistema
2023-04-18T16:00:00,304.63008,Sistema
2023-04-18T17:00:00,294.63008,Sistema
2023-04-18T18:00:00,285.13008,Sistema
2023-04-18T19:00:00,294.63008,Sistema
2023-04-18T20:00:00,294.63008,Sistema
2023-04-18T21:00:00,294.63008,Sistema
2023-04-18T22:00:00,294.63008,Sistema
2023-04-18T23:00:00,285.13008,Sistema
2023-04-18T24:00:00,285.13008,Sistema
2023-04-19T01:00:00,214.87265,Sistema
2023-04-19T02:00:00,214.87265,Sistema
2023-04-19T03:00:00,214.87265,Sistema
2023-04-19T04:00:00,214.87265,Sistema
2023-04-19T05:00:00,229.87265,Sistema
2023-04-19T06:00:00,255.37265,Sistema
2023-04-19T07:00:00,255.37265,Sistema
2023-04-19T08:00:00,255.37265,Sistema
2023-04-19T09:00:00,255.37265,Sistema
2023-04-19T10:00:00,255.37265,Sistema
2023-04-19T11:00:00,265.37265,Sistema
2023-04-19T12:00:00,284.87265,Sistema
2023-04-19T13:00:00,284.87265,Sistema
2023-04-19T14:00:00,284.87265,Sistema
2023-04-19T15:00:00,304.87265,Sistema
2023-04-19T16:00:00,304.87265,Sistema
2023-04-19T17:00:00,284.87265,Sistema
2023-04-19T18:00:00,255.37265,Sistema
2023-04-19T19:00:00,284.87265,Sistema
2023-04-19T20:00:00,304.87265,Sistema
2023-04-19T21:00:00,304.87265,Sistema
2023-04-19T22:00:00,255.37265,Sistema
2023-04-19T23:00:00,255.37265,Sistema
2023-04-19T24:00:00,255.37265,Sistema
2023-04-20T01:00:00,285.16792,Sistema
2023-04-20T02:00:00,285.16792,Sistema
2023-04-20T03:00:00,274.66792,Sistema
2023-04-20T04:00:00,274.66792,Sistema
2023-04-20T05:00:00,274.66792,Sistema
2023-04-20T06:00:00,299.66792,Sistema
2023-04-20T07:00:00,299.66792,Sistema
2023-04-20T08:00:00,304.16792,Sistema
2023-04-20T09:00:00,304.16792,Sistema
2023-04-20T10:00:00,304.78192,Sistema
2023-04-20T11:00:00,304.78192,Sistema
2023-04-20T12:00:00,304.78192,Sistema
2023-04-20T13:00:00,304.78192,Sistema
2023-04-20T14:00:00,304.78192,Sistema
2023-04-20T15:00:00,304.78192,Sistema
2023-04-20T16:00:00,334.66792,Sistema
2023-04-20T17:00:00,304.78192,Sistema
2023-04-20T18:00:00,304.78192,Sistema
2023-04-20T19:00:00,334.66792,Sistema
2023-04-20T20:00:00,334.66792,Sistema
2023-04-20T21:00:00,334.66792,Sistema
2023-04-20T22:00:00,304.78192,Sistema
2023-04-20T23:00:00,304.16792,Sistema
2023-04-20T24:00:00,304.16792,Sistema
2023-04-21T01:00:00,307.76163,Sistema
2023-04-21T02:00:00,307.76163,Sistema
2023-04-21T03:00:00,307.76163,Sistema
2023-04-21T04:00:00,295.76163,Sistema
2023-04-21T05:00:00,295.76163,Sistema
2023-04-21T06:00:00,305.76163,Sistema
2023-04-21T07:00:00,305.76163,Sistema
2023-04-21T08:00:00,307.76163,Sistema
2023-04-21T09:00:00,324.26163,Sistema
2023-04-21T10:00:00,324.26163,Sistema
2023-04-21T11:00:00,324.26163,Sistema
2023-04-21T12:00:00,324.26163,Sistema
2023-04-21T13:00:00,324.26163,Sistema
2023-04-21T14:00:00,324.26163,Sistema
2023-04-21T15:00:00,345.76163,Sistema
2023-04-21T16:00:00,345.76163,Sistema
2023-04-21T17:00:00,345.76163,Sistema
2023-04-21T18:00:00,324.26163,Sistema
2023-04-21T19:00:00,324.26163,Sistema
2023-04-21T20:00:00,345.76163,Sistema
2023-04-21T21:00:00,324.26163,Sistema
2023-04-21T22:00:00,324.26163,Sistema
2023-04-21T23:00:00,307.76163,Sistema
2023-04-21T24:00:00,305.76163,Sistema
2023-04-22T01:00:00,326.86112,Sistema
2023-04-22T02:00:00,327.36112,Sistema
2023-04-22T03:00:00,326.86112,Sistema
2023-04-22T04:00:00,326.86112,Sistema
2023-04-22T05:00:00,326.86112,Sistema
2023-04-22T06:00:00,326.86112,Sistema
2023-04-22T07:00:00,327.36112,Sistema
2023-04-22T08:00:00,326.86112,Sistema
2023-04-22T09:00:00,326.86112,Sistema
2023-04-22T10:00:00,327.36112,Sistema
2023-04-22T11:00:00,338.36112,Sistema
2023-04-22T12:00:00,338.36112,Sistema
2023-04-22T13:00:00,338.36112,Sistema
2023-04-22T14:00:00,338.36112,Sistema
2023-04-22T15:00:00,338.36112,Sistema
2023-04-22T16:00:00,338.36112,Sistema
2023-04-22T17:00:00,338.36112,Sistema
2023-04-22T18:00:00,338.36112,Sistema
2023-04-22T19:00:00,348.36112,Sistema
2023-04-22T20:00:00,363.36112,Sistema
2023-04-22T21:00:00,348.36112,Sistema
2023-04-22T22:00:00,338.36112,Sistema
2023-04-22T23:00:00,326.86112,Sistema
2023-04-22T24:00:00,326.86112,Sistema
2023-04-23T01:00:00,336.80088,Sistema
2023-04-23T02:00:00,336.80088,Sistema
2023-04-23T03:00:00,336.80088,Sistema
2023-04-23T04:00:00,331.80088,Sistema
2023-04-23T05:00:00,331.80088,Sistema
2023-04-23T06:00:00,325.80088,Sistema
2023-04-23T07:00:00,320.80088,Sistema
2023-04-23T08:00:00,331.80088,Sistema
2023-04-23T09:00:00,331.80088,Sistema
2023-04-23T10:00:00,336.80088,Sistema
2023-04-23T11:00:00,336.80088,Sistema
2023-04-23T12:00:00,347.80088,Sistema
2023-04-23T13:00:00,347.80088,Sistema
2023-04-23T14:00:00,347.80088,Sistema
2023-04-23T15:00:00,347.80088,Sistema
2023-04-23T16:00:00,347.80088,Sistema
2023-04-23T17:00:00,347.80088,Sistema
2023-04-23T18:00:00,347.80088,Sistema
2023-04-23T19:00:00,347.80088,Sistema
2023-04-23T20:00:00,359.30088,Sistema
2023-04-23T21:00:00,347.80088,Sistema
2023-04-23T22:00:00,347.80088,Sistema
2023-04-23T23:00:00,347.80088,Sistema
2023-04-23T24:00:00,347.80088,Sistema
2023-04-24T01:00:00,319.72124,Sistema
2023-04-24T02:00:00,319.72124,Sistema
2023-04-24T03:00:00,319.72124,Sistema
2023-04-24T04:00:00,319.72124,Sistema
2023-04-24T05:00:00,319.72124,Sistema
2023-04-24T06:00:00,319.72124,Sistema
2023-04-24T07:00:00,319.72124,Sistema
2023-04-24T08:00:00,340.22124,Sistema
2023-04-24T09:00:00,340.22124,Sistema
2023-04-24T10:00:00,340.22124,Sistema
2023-04-24T11:00:00,357.72124,Sistema
2023-04-24T12:00:00,357.72124,Sistema
2023-04-24T13:00:00,357.72124,Sistema
2023-04-24T14:00:00,357.72124,Sistema
2023-04-24T15:00:00,357.72124,Sistema
2023-04-24T16:00:00,360.22124,Sistema
2023-04-24T17:00:00,357.72124,Sistema
2023-04-24T18:00:00,357.72124,Sistema
2023-04-24T19:00:00,360.22124,Sistema
2023-04-24T20:00:00,360.22124,Sistema
2023-04-24T21:00:00,360.22124,Sistema
2023-04-24T22:00:00,357.72124,Sistema
2023-04-24T23:00:00,340.22124,Sistema
2023-04-24T24:00:00,340.22124,Sistema
2023-04-25T01:00:00,317.6695,Sistema
2023-04-25T02:00:00,317.6695,Sistema
2023-04-25T03:00:00,317.6695,Sistema
2023-04-25T04:00:00,317.6695,Sistema
2023-04-25T05:00:00,317.6695,Sistema
2023-04-25T06:00:00,317.6695,Sistema
2023-04-25T07:00:00,317.6695,Sistema
2023-04-25T08:00:00,323.6695,Sistema
2023-04-25T09:00:00,338.6695,Sistema
2023-04-25T10:00:00,338.6695,Sistema
2023-04-25T11:00:00,343.6695,Sistema
2023-04-25T12:00:00,343.6695,Sistema
2023-04-25T13:00:00,343.6695,Sistema
2023-04-25T14:00:00,343.6695,Sistema
2023-04-25T15:00:00,343.6695,Sistema
2023-04-25T16:00:00,343.6695,Sistema
2023-04-25T17:00:00,343.6695,Sistema
2023-04-25T18:00:00,343.6695,Sistema
2023-04-25T19:00:00,343.6695,Sistema
2023-04-25T20:00:00,343.6695,Sistema
2023-04-25T21:00:00,343.6695,Sistema
2023-04-25T22:00:00,343.6695,Sistema
2023-04-25T23:00:00,338.6695,Sistema
2023-04-25T24:00:00,323.6695,Sistema
2023-04-26T01:00:00,293.7525,Sistema
2023-04-26T02:00:00,293.7525,Sistema
2023-04-26T03:00:00,293.7525,Sistema
2023-04-26T04:00:00,293.7525,Sistema
2023-04-26T05:00:00,293.7525,Sistema
2023-04-26T06:00:00,317.2525,Sistema
2023-04-26T07:00:00,317.2525,Sistema
2023-04-26T08:00:00,317.7525,Sistema
2023-04-26T09:00:00,317.7525,Sistema
2023-04-26T10:00:00,317.7525,Sistema
2023-04-26T11:00:00,321.7525,Sistema
2023-04-26T12:00:00,340.9525,Sistema
2023-04-26T13:00:00,340.9525,Sistema
2023-04-26T14:00:00,340.9525,Sistema
2023-04-26T15:00:00,340.9525,Sistema
2023-04-26T16:00:00,340.9525,Sistema
2023-04-26T17:00:00,340.9525,Sistema
2023-04-26T18:00:00,340.9525,Sistema
2023-04-26T19:00:00,340.9525,Sistema
2023-04-26T20:00:00,342.7525,Sistema
2023-04-26T21:00:00,340.9525,Sistema
2023-04-26T22:00:00,340.9525,Sistema
2023-04-26T23:00:00,321.7525,Sistema
2023-04-26T24:00:00,317.7525,Sistema
2023-04-27T01:00:00,126.65328,Sistema
2023-04-27T02:00:00,127.82828,Sistema
2023-04-27T03:00:00,127.82828,Sistema
2023-04-27T04:00:00,127.82828,Sistema
2023-04-27T05:00:00,127.82828,Sistema
2023-04-27T06:00:00,128.82928,Sistema
2023-04-27T07:00:00,128.82928,Sistema
2023-04-27T08:00:00,258.82828,Sistema
2023-04-27T09:00:00,258.82828,Sistema
2023-04-27T10:00:00,258.82828,Sistema
2023-04-27T11:00:00,308.82828,Sistema
2023-04-27T12:00:00,316.32828,Sistema
2023-04-27T13:00:00,308.82828,Sistema
2023-04-27T14:00:00,308.82828,Sistema
2023-04-27T15:00:00,329.82828,Sistema
2023-04-27T16:00:00,329.82828,Sistema
2023-04-27T17:00:00,308.82828,Sistema
2023-04-27T18:00:00,308.82828,Sistema
2023-04-27T19:00:00,316.32828,Sistema
2023-04-27T20:00:00,329.82828,Sistema
2023-04-27T21:00:00,316.32828,Sistema
2023-04-27T22:00:00,308.82828,Sistema
2023-04-27T23:00:00,258.82828,Sistema
2023-04-27T24:00:00,258.82828,Sistema
2023-04-28T01:00:00,223.58584,Sistema
2023-04-28T02:00:00,223.58584,Sistema
2023-04-28T03:00:00,223.58584,Sistema
2023-04-28T04:00:00,223.58584,Sistema
2023-04-28T05:00:00,223.58584,Sistema
2023-04-28T06:00:00,223.58584,Sistema
2023-04-28T07:00:00,223.58584,Sistema
2023-04-28T08:00:00,224.58584,Sistema
2023-04-28T09:00:00,266.48584,Sistema
2023-04-28T10:00:00,266.48584,Sistema
2023-04-28T11:00:00,266.48584,Sistema
2023-04-28T12:00:00,266.48584,Sistema
2023-04-28T13:00:00,266.48584,Sistema
2023-04-28T14:00:00,266.48584,Sistema
2023-04-28T15:00:00,266.48584,Sistema
2023-04-28T16:00:00,318.58584,Sistema
2023-04-28T17:00:00,266.48584,Sistema
2023-04-28T18:00:00,266.48584,Sistema
2023-04-28T19:00:00,266.48584,Sistema
2023-04-28T20:00:00,318.58584,Sistema
2023-04-28T21:00:00,266.48584,Sistema
2023-04-28T22:00:00,266.48584,Sistema
2023-04-28T23:00:00,266.48584,Sistema
2023-04-28T24:00:00,224.58584,Sistema
2023-04-29T01:00:00,125.72045,Sistema
2023-04-29T02:00:00,126.99345,Sistema
2023-04-29T03:00:00,126.99345,Sistema
2023-04-29T04:00:00,125.71945,Sistema
2023-04-29T05:00:00,125.71945,Sistema
2023-04-29T06:00:00,125.81845,Sistema
2023-04-29T07:00:00,125.72045,Sistema
2023-04-29T08:00:00,126.99345,Sistema
2023-04-29T09:00:00,214.09345,Sistema
2023-04-29T10:00:00,214.09345,Sistema
2023-04-29T11:00:00,214.09345,Sistema
2023-04-29T12:00:00,221.99345,Sistema
2023-04-29T13:00:00,221.99345,Sistema
2023-04-29T14:00:00,214.09345,Sistema
2023-04-29T15:00:00,214.09345,Sistema
2023-04-29T16:00:00,214.09345,Sistema
2023-04-29T17:00:00,214.09345,Sistema
2023-04-29T18:00:00,214.09345,Sistema
2023-04-29T19:00:00,226.99345,Sistema
2023-04-29T20:00:00,226.99345,Sistema
2023-04-29T21:00:00,226.99345,Sistema
2023-04-29T22:00:00,214.09345,Sistema
2023-04-29T23:00:00,214.09345,Sistema
2023-04-29T24:00:00,214.09345,Sistema
2023-04-30T01:00:00,209.62109,Sistema
2023-04-30T02:00:00,209.62109,Sistema
2023-04-30T03:00:00,209.62109,Sistema
2023-04-30T04:00:00,209.62109,Sistema
2023-04-30T05:00:00,209.62109,Sistema
2023-04-30T06:00:00,209.62109,Sistema
2023-04-30T07:00:00,209.62109,Sistema
2023-04-30T08:00:00,209.62109,Sistema
2023-04-30T09:00:00,209.62109,Sistema
2023-04-30T10:00:00,209.62109,Sistema
2023-04-30T11:00:00,209.62109,Sistema
2023-04-30T12:00:00,209.62109,Sistema
2023-04-30T13:00:00,212.72109,Sistema
2023-04-30T14:00:00,209.62109,Sistema
2023-04-30T15:00:00,209.62109,Sistema
2023-04-30T16:00:00,209.62109,Sistema
2023-04-30T17:00:00,209.62109,Sistema
2023-04-30T18:00:00,209.62109,Sistema
2023-04-30T19:00:00,218.02109,Sistema
2023-04-30T20:00:00,218.02109,Sistema
2023-04-30T21:00:00,218.02109,Sistema
2023-04-30T22:00:00,218.02109,Sistema
2023-04-30T23:00:00,212.72109,Sistema
2023-04-30T24:00:00,209.62109,Sistema
2023-05-01T01:00:00,126.01557,Sistema
2023-05-01T02:00:00,126.01557,Sistema
2023-05-01T03:00:00,126.01557,Sistema
2023-05-01T04:00:00,126.01557,Sistema
2023-05-01T05:00:00,126.01557,Sistema
2023-05-01T06:00:00,126.01557,Sistema
2023-05-01T07:00:00,126.01557,Sistema
2023-05-01T08:00:00,126.01557,Sistema
2023-05-01T09:00:00,126.01557,Sistema
2023-05-01T10:00:00,221.11557,Sistema
2023-05-01T11:00:00,221.11557,Sistema
2023-05-01T12:00:00,221.11557,Sistema
2023-05-01T13:00:00,221.11557,Sistema
2023-05-01T14:00:00,221.11557,Sistema
2023-05-01T15:00:00,221.11557,Sistema
2023-05-01T16:00:00,221.11557,Sistema
2023-05-01T17:00:00,221.11557,Sistema
2023-05-01T18:00:00,221.11557,Sistema
2023-05-01T19:00:00,242.01557,Sistema
2023-05-01T20:00:00,245.31557,Sistema
2023-05-01T21:00:00,245.31557,Sistema
2023-05-01T22:00:00,242.01557,Sistema
2023-05-01T23:00:00,221.11557,Sistema
2023-05-01T24:00:00,221.11557,Sistema
2023-05-02T01:00:00,173.04189,Sistema
2023-05-02T02:00:00,115.14189,Sistema
2023-05-02T03:00:00,115.14189,Sistema
2023-05-02T04:00:00,115.14189,Sistema
2023-05-02T05:00:00,173.04189,Sistema
2023-05-02T06:00:00,198.04189,Sistema
2023-05-02T07:00:00,198.04189,Sistema
2023-05-02T08:00:00,198.04189,Sistema
2023-05-02T09:00:00,215.24189,Sistema
2023-05-02T10:00:00,215.24189,Sistema
2023-05-02T11:00:00,215.24189,Sistema
2023-05-02T12:00:00,239.04189,Sistema
2023-05-02T13:00:00,239.04189,Sistema
2023-05-02T14:00:00,239.04189,Sistema
2023-05-02T15:00:00,250.04189,Sistema
2023-05-02T16:00:00,250.04189,Sistema
2023-05-02T17:00:00,250.04189,Sistema
2023-05-02T18:00:00,250.04189,Sistema
2023-05-02T19:00:00,450.04189,Sistema
2023-05-02T20:00:00,550.04189,Sistema
2023-05-02T21:00:00,450.04189,Sistema
2023-05-02T22:00:00,250.04189,Sistema
2023-05-02T23:00:00,215.24189,Sistema
2023-05-02T24:00:00,215.24189,Sistema
2023-05-03T01:00:00,117.96286,Sistema
2023-05-03T02:00:00,117.96286,Sistema
2023-05-03T03:00:00,117.96286,Sistema
2023-05-03T04:00:00,117.96286,Sistema
2023-05-03T05:00:00,117.96386,Sistema
2023-05-03T06:00:00,201.76286,Sistema
2023-05-03T07:00:00,201.76286,Sistema
2023-05-03T08:00:00,212.96286,Sistema
2023-05-03T09:00:00,252.76286,Sistema
2023-05-03T10:00:00,252.76286,Sistema
2023-05-03T11:00:00,262.76286,Sistema
2023-05-03T12:00:00,267.76286,Sistema
2023-05-03T13:00:00,262.76286,Sistema
2023-05-03T14:00:00,267.76286,Sistema
2023-05-03T15:00:00,452.76286,Sistema
2023-05-03T16:00:00,452.76286,Sistema
2023-05-03T17:00:00,262.76286,Sistema
2023-05-03T18:00:00,252.76286,Sistema
2023-05-03T19:00:00,267.76286,Sistema
2023-05-03T20:00:00,552.76286,Sistema
2023-05-03T21:00:00,452.76286,Sistema
2023-05-03T22:00:00,252.76286,Sistema
2023-05-03T23:00:00,212.96286,Sistema
2023-05-03T24:00:00,212.96286,Sistema
2023-05-04T01:00:00,214.0367,Sistema
2023-05-04T02:00:00,214.0367,Sistema
2023-05-04T03:00:00,214.0367,Sistema
2023-05-04T04:00:00,201.0367,Sistema
2023-05-04T05:00:00,214.0367,Sistema
2023-05-04T06:00:00,214.0367,Sistema
2023-05-04T07:00:00,214.0367,Sistema
2023-05-04T08:00:00,221.0367,Sistema
2023-05-04T09:00:00,256.0367,Sistema
2023-05-04T10:00:00,256.0367,Sistema
2023-05-04T11:00:00,256.0367,Sistema
2023-05-04T12:00:00,291.0367,Sistema
2023-05-04T13:00:00,291.0367,Sistema
2023-05-04T14:00:00,291.0367,Sistema
2023-05-04T15:00:00,301.0367,Sistema
2023-05-04T16:00:00,301.0367,Sistema
2023-05-04T17:00:00,301.0367,Sistema
2023-05-04T18:00:00,291.0367,Sistema
2023-05-04T19:00:00,301.0367,Sistema
2023-05-04T20:00:00,301.0367,Sistema
2023-05-04T21:00:00,291.0367,Sistema
2023-05-04T22:00:00,266.0367,Sistema
2023-05-04T23:00:00,256.0367,Sistema
2023-05-04T24:00:00,214.0367,Sistema
2023-05-05T01:00:00,249.72737,Sistema
2023-05-05T02:00:00,249.72737,Sistema
2023-05-05T03:00:00,249.72737,Sistema
2023-05-05T04:00:00,249.72737,Sistema
2023-05-05T05:00:00,249.72737,Sistema
2023-05-05T06:00:00,291.72737,Sistema
2023-05-05T07:00:00,291.72737,Sistema
2023-05-05T08:00:00,291.72737,Sistema
2023-05-05T09:00:00,300.72737,Sistema
2023-05-05T10:00:00,310.72737,Sistema
2023-05-05T11:00:00,310.72737,Sistema
2023-05-05T12:00:00,551.72737,Sistema
2023-05-05T13:00:00,351.72737,Sistema
2023-05-05T14:00:00,351.72737,Sistema
2023-05-05T15:00:00,351.72737,Sistema
2023-05-05T16:00:00,351.72737,Sistema
2023-05-05T17:00:00,351.72737,Sistema
2023-05-05T18:00:00,351.72737,Sistema
2023-05-05T19:00:00,351.72737,Sistema
2023-05-05T20:00:00,351.72737,Sistema
2023-05-05T21:00:00,351.72737,Sistema
2023-05-05T22:00:00,351.72737,Sistema
2023-05-05T23:00:00,310.72737,Sistema
2023-05-05T24:00:00,296.72737,Sistema
2023-05-06T01:00:00,280.42905,Sistema
2023-05-06T02:00:00,280.42905,Sistema
2023-05-06T03:00:00,280.42905,Sistema
2023-05-06T04:00:00,280.42905,Sistema
2023-05-06T05:00:00,280.42905,Sistema
2023-05-06T06:00:00,280.42905,Sistema
2023-05-06T07:00:00,280.42905,Sistema
2023-05-06T08:00:00,280.92905,Sistema
2023-05-06T09:00:00,314.92905,Sistema
2023-05-06T10:00:00,349.92905,Sistema
2023-05-06T11:00:00,349.92905,Sistema
2023-05-06T12:00:00,357.92905,Sistema
2023-05-06T13:00:00,357.92905,Sistema
2023-05-06T14:00:00,349.92905,Sistema
2023-05-06T15:00:00,349.92905,Sistema
2023-05-06T16:00:00,349.92905,Sistema
2023-05-06T17:00:00,349.92905,Sistema
2023-05-06T18:00:00,349.92905,Sistema
2023-05-06T19:00:00,349.92905,Sistema
2023-05-06T20:00:00,357.92905,Sistema
2023-05-06T21:00:00,349.92905,Sistema
2023-05-06T22:00:00,349.92905,Sistema
2023-05-06T23:00:00,314.92905,Sistema
2023-05-06T24:00:00,280.92905,Sistema
2023-05-07T01:00:00,359.25166,Sistema
2023-05-07T02:00:00,359.25166,Sistema
2023-05-07T03:00:00,349.15166,Sistema
2023-05-07T04:00:00,349.15166,Sistema
2023-05-07T05:00:00,349.15166,Sistema
2023-05-07T06:00:00,349.15166,Sistema
2023-05-07T07:00:00,335.25166,Sistema
2023-05-07T08:00:00,335.25166,Sistema
2023-05-07T09:00:00,335.25166,Sistema
2023-05-07T10:00:00,349.15166,Sistema
2023-05-07T11:00:00,349.15166,Sistema
2023-05-07T12:00:00,359.25166,Sistema
2023-05-07T13:00:00,359.25166,Sistema
2023-05-07T14:00:00,359.25166,Sistema
2023-05-07T15:00:00,359.25166,Sistema
2023-05-07T16:00:00,359.25166,Sistema
2023-05-07T17:00:00,359.25166,Sistema
2023-05-07T18:00:00,359.25166,Sistema
2023-05-07T19:00:00,359.25166,Sistema
2023-05-07T20:00:00,379.25166,Sistema
2023-05-07T21:00:00,359.25166,Sistema
2023-05-07T22:00:00,359.25166,Sistema
2023-05-07T23:00:00,359.25166,Sistema
2023-05-07T24:00:00,359.25166,Sistema
2023-05-08T01:00:00,358.22589,Sistema
2023-05-08T02:00:00,358.22589,Sistema
2023-05-08T03:00:00,358.22589,Sistema
2023-05-08T04:00:00,357.22589,Sistema
2023-05-08T05:00:00,358.22589,Sistema
2023-05-08T06:00:00,379.12589,Sistema
2023-05-08T07:00:00,394.22589,Sistema
2023-05-08T08:00:00,379.12589,Sistema
2023-05-08T09:00:00,398.22589,Sistema
2023-05-08T10:00:00,409.82589,Sistema
2023-05-08T11:00:00,409.82589,Sistema
2023-05-08T12:00:00,439.22589,Sistema
2023-05-08T13:00:00,439.22589,Sistema
2023-05-08T14:00:00,439.22589,Sistema
2023-05-08T15:00:00,439.22589,Sistema
2023-05-08T16:00:00,439.22589,Sistema
2023-05-08T17:00:00,439.22589,Sistema
2023-05-08T18:00:00,409.82589,Sistema
2023-05-08T19:00:00,439.22589,Sistema
2023-05-08T20:00:00,439.22589,Sistema
2023-05-08T21:00:00,439.22589,Sistema
2023-05-08T22:00:00,409.82589,Sistema
2023-05-08T23:00:00,394.22589,Sistema
2023-05-08T24:00:00,379.12589,Sistema
2023-05-09T01:00:00,410.5385,Sistema
2023-05-09T02:00:00,410.5385,Sistema
2023-05-09T03:00:00,359.5385,Sistema
2023-05-09T04:00:00,359.5385,Sistema
2023-05-09T05:00:00,410.5385,Sistema
2023-05-09T06:00:00,449.5385,Sistema
2023-05-09T07:00:00,459.5385,Sistema
2023-05-09T08:00:00,479.5385,Sistema
2023-05-09T09:00:00,489.5385,Sistema
2023-05-09T10:00:00,549.5385,Sistema
2023-05-09T11:00:00,554.5385,Sistema
2023-05-09T12:00:00,599.6385,Sistema
2023-05-09T13:00:00,554.5385,Sistema
2023-05-09T14:00:00,599.6385,Sistema
2023-05-09T15:00:00,659.5385,Sistema
2023-05-09T16:00:00,659.5385,Sistema
2023-05-09T17:00:00,649.5385,Sistema
2023-05-09T18:00:00,554.5385,Sistema
2023-05-09T19:00:00,554.5385,Sistema
2023-05-09T20:00:00,599.6385,Sistema
2023-05-09T21:00:00,554.5385,Sistema
2023-05-09T22:00:00,489.5385,Sistema
2023-05-09T23:00:00,479.5385,Sistema
2023-05-09T24:00:00,459.5385,Sistema
2023-05-10T01:00:00,504.32043,Sistema
2023-05-10T02:00:00,510.32043,Sistema
2023-05-10T03:00:00,504.32043,Sistema
2023-05-10T04:00:00,429.32043,Sistema
2023-05-10T05:00:00,504.32043,Sistema
2023-05-10T06:00:00,510.32043,Sistema
2023-05-10T07:00:00,571.12043,Sistema
2023-05-10T08:00:00,571.12043,Sistema
2023-05-10T09:00:00,595.32043,Sistema
2023-05-10T10:00:00,604.32043,Sistema
2023-05-10T11:00:00,604.32043,Sistema
2023-05-10T12:00:00,659.32043,Sistema
2023-05-10T13:00:00,604.32043,Sistema
2023-05-10T14:00:00,659.32043,Sistema
2023-05-10T15:00:00,659.32043,Sistema
2023-05-10T16:00:00,659.32043,Sistema
2023-05-10T17:00:00,604.32043,Sistema
2023-05-10T18:00:00,596.32043,Sistema
2023-05-10T19:00:00,604.32043,Sistema
2023-05-10T20:00:00,659.32043,Sistema
2023-05-10T21:00:00,604.32043,Sistema
2023-05-10T22:00:00,595.32043,Sistema
2023-05-10T23:00:00,594.32043,Sistema
2023-05-10T24:00:00,571.12043,Sistema
2023-05-11T01:00:00,554.49842,Sistema
2023-05-11T02:00:00,588.49842,Sistema
2023-05-11T03:00:00,588.49842,Sistema
2023-05-11T04:00:00,554.49842,Sistema
2023-05-11T05:00:00,554.49842,Sistema
2023-05-11T06:00:00,588.49842,Sistema
2023-05-11T07:00:00,588.49842,Sistema
2023-05-11T08:00:00,595.49842,Sistema
2023-05-11T09:00:00,649.49842,Sistema
2023-05-11T10:00:00,595.49842,Sistema
2023-05-11T11:00:00,649.49842,Sistema
2023-05-11T12:00:00,670.49842,Sistema
2023-05-11T13:00:00,669.49842,Sistema
2023-05-11T14:00:00,670.49842,Sistema
2023-05-11T15:00:00,670.49842,Sistema
2023-05-11T16:00:00,670.49842,Sistema
2023-05-11T17:00:00,670.49842,Sistema
2023-05-11T18:00:00,670.49842,Sistema
2023-05-11T19:00:00,670.49842,Sistema
2023-05-11T20:00:00,670.49842,Sistema
2023-05-11T21:00:00,670.49842,Sistema
2023-05-11T22:00:00,669.49842,Sistema
2023-05-11T23:00:00,649.49842,Sistema
2023-05-11T24:00:00,595.49842,Sistema
2023-05-12T01:00:00,552.67537,Sistema
2023-05-12T02:00:00,552.67537,Sistema
2023-05-12T03:00:00,552.67537,Sistema
2023-05-12T04:00:00,552.67537,Sistema
2023-05-12T05:00:00,552.67537,Sistema
2023-05-12T06:00:00,552.67537,Sistema
2023-05-12T07:00:00,552.67537,Sistema
2023-05-12T08:00:00,552.67537,Sistema
2023-05-12T09:00:00,616.67537,Sistema
2023-05-12T10:00:00,616.67537,Sistema
2023-05-12T11:00:00,676.87537,Sistema
2023-05-12T12:00:00,709.67537,Sistema
2023-05-12T13:00:00,709.67537,Sistema
2023-05-12T14:00:00,709.67537,Sistema
2023-05-12T15:00:00,710.67537,Sistema
2023-05-12T16:00:00,710.67537,Sistema
2023-05-12T17:00:00,709.67537,Sistema
2023-05-12T18:00:00,709.67537,Sistema
2023-05-12T19:00:00,710.67537,Sistema
2023-05-12T20:00:00,710.67537,Sistema
2023-05-12T21:00:00,709.67537,Sistema
2023-05-12T22:00:00,676.87537,Sistema
2023-05-12T23:00:00,616.67537,Sistema
2023-05-12T24:00:00,616.67537,Sistema
2023-05-13T01:00:00,641.89985,Sistema
2023-05-13T02:00:00,641.89985,Sistema
2023-05-13T03:00:00,641.89985,Sistema
2023-05-13T04:00:00,641.89985,Sistema
2023-05-13T05:00:00,641.89985,Sistema
2023-05-13T06:00:00,641.89985,Sistema
2023-05-13T07:00:00,641.89985,Sistema
2023-05-13T08:00:00,706.89985,Sistema
2023-05-13T09:00:00,706.89985,Sistema
2023-05-13T10:00:00,706.89985,Sistema
2023-05-13T11:00:00,713.89985,Sistema
2023-05-13T12:00:00,721.89985,Sistema
2023-05-13T13:00:00,721.89985,Sistema
2023-05-13T14:00:00,713.89985,Sistema
2023-05-13T15:00:00,713.89985,Sistema
2023-05-13T16:00:00,713.89985,Sistema
2023-05-13T17:00:00,713.89985,Sistema
2023-05-13T18:00:00,706.89985,Sistema
2023-05-13T19:00:00,721.89985,Sistema
2023-05-13T20:00:00,721.89985,Sistema
2023-05-13T21:00:00,721.89985,Sistema
2023-05-13T22:00:00,706.89985,Sistema
2023-05-13T23:00:00,706.89985,Sistema
2023-05-13T24:00:00,706.89985,Sistema
2023-05-14T01:00:00,630.87911,Sistema
2023-05-14T02:00:00,630.87911,Sistema
2023-05-14T03:00:00,630.87911,Sistema
2023-05-14T04:00:00,630.87911,Sistema
2023-05-14T05:00:00,630.87911,Sistema
2023-05-14T06:00:00,630.87911,Sistema
2023-05-14T07:00:00,615.87911,Sistema
2023-05-14T08:00:00,630.87911,Sistema
2023-05-14T09:00:00,630.87911,Sistema
2023-05-14T10:00:00,710.87911,Sistema
2023-05-14T11:00:00,710.87911,Sistema
2023-05-14T12:00:00,718.87911,Sistema
2023-05-14T13:00:00,718.87911,Sistema
2023-05-14T14:00:00,718.87911,Sistema
2023-05-14T15:00:00,710.87911,Sistema
2023-05-14T16:00:00,710.87911,Sistema
2023-05-14T17:00:00,710.87911,Sistema
2023-05-14T18:00:00,710.87911,Sistema
2023-05-14T19:00:00,720.87911,Sistema
2023-05-14T20:00:00,720.87911,Sistema
2023-05-14T21:00:00,720.87911,Sistema
2023-05-14T22:00:00,720.87911,Sistema
2023-05-14T23:00:00,718.87911,Sistema
2023-05-14T24:00:00,710.87911,Sistema
2023-05-15T01:00:00,628.35168,Sistema
2023-05-15T02:00:00,628.35168,Sistema
2023-05-15T03:00:00,628.35168,Sistema
2023-05-15T04:00:00,628.35168,Sistema
2023-05-15T05:00:00,628.35168,Sistema
2023-05-15T06:00:00,718.35168,Sistema
2023-05-15T07:00:00,718.35168,Sistema
2023-05-15T08:00:00,727.35168,Sistema
2023-05-15T09:00:00,758.35168,Sistema
2023-05-15T10:00:00,758.35168,Sistema
2023-05-15T11:00:00,758.35168,Sistema
2023-05-15T12:00:00,759.35168,Sistema
2023-05-15T13:00:00,758.35168,Sistema
2023-05-15T14:00:00,759.35168,Sistema
2023-05-15T15:00:00,759.35168,Sistema
2023-05-15T16:00:00,759.35168,Sistema
2023-05-15T17:00:00,759.35168,Sistema
2023-05-15T18:00:00,758.35168,Sistema
2023-05-15T19:00:00,760.35168,Sistema
2023-05-15T20:00:00,760.35168,Sistema
2023-05-15T21:00:00,760.35168,Sistema
2023-05-15T22:00:00,758.35168,Sistema
2023-05-15T23:00:00,758.35168,Sistema
2023-05-15T24:00:00,758.35168,Sistema
2023-05-16T01:00:00,748.83741,Sistema
2023-05-16T02:00:00,748.83741,Sistema
2023-05-16T03:00:00,748.83741,Sistema
2023-05-16T04:00:00,748.83741,Sistema
2023-05-16T05:00:00,748.83741,Sistema
2023-05-16T06:00:00,748.83741,Sistema
2023-05-16T07:00:00,748.83741,Sistema
2023-05-16T08:00:00,790.33741,Sistema
2023-05-16T09:00:00,790.33741,Sistema
2023-05-16T10:00:00,790.33741,Sistema
2023-05-16T11:00:00,790.33741,Sistema
2023-05-16T12:00:00,790.83741,Sistema
2023-05-16T13:00:00,790.33741,Sistema
2023-05-16T14:00:00,790.33741,Sistema
2023-05-16T15:00:00,790.83741,Sistema
2023-05-16T16:00:00,790.83741,Sistema
2023-05-16T17:00:00,790.33741,Sistema
2023-05-16T18:00:00,790.33741,Sistema
2023-05-16T19:00:00,790.83741,Sistema
2023-05-16T20:00:00,792.83741,Sistema
2023-05-16T21:00:00,790.33741,Sistema
2023-05-16T22:00:00,790.33741,Sistema
2023-05-16T23:00:00,790.33741,Sistema
2023-05-16T24:00:00,748.83741,Sistema
2023-05-17T01:00:00,790.38976,Sistema
2023-05-17T02:00:00,790.38976,Sistema
2023-05-17T03:00:00,550.48976,Sistema
2023-05-17T04:00:00,550.48976,Sistema
2023-05-17T05:00:00,790.38976,Sistema
2023-05-17T06:00:00,790.38976,Sistema
2023-05-17T07:00:00,790.38976,Sistema
2023-05-17T08:00:00,791.48976,Sistema
2023-05-17T09:00:00,800.47976,Sistema
2023-05-17T10:00:00,810.48976,Sistema
2023-05-17T11:00:00,830.48976,Sistema
2023-05-17T12:00:00,870.48976,Sistema
2023-05-17T13:00:00,832.31476,Sistema
2023-05-17T14:00:00,870.48976,Sistema
2023-05-17T15:00:00,887.18976,Sistema
2023-05-17T16:00:00,887.18976,Sistema
2023-05-17T17:00:00,887.18976,Sistema
2023-05-17T18:00:00,870.48976,Sistema
2023-05-17T19:00:00,887.18976,Sistema
2023-05-17T20:00:00,887.18976,Sistema
2023-05-17T21:00:00,870.48976,Sistema
2023-05-17T22:00:00,830.48976,Sistema
2023-05-17T23:00:00,810.48976,Sistema
2023-05-17T24:00:00,791.48976,Sistema
2023-05-18T01:00:00,810.7615,Sistema
2023-05-18T02:00:00,787.4045,Sistema
2023-05-18T03:00:00,758.5615,Sistema
2023-05-18T04:00:00,758.5615,Sistema
2023-05-18T05:00:00,758.5615,Sistema
2023-05-18T06:00:00,810.7615,Sistema
2023-05-18T07:00:00,810.7615,Sistema
2023-05-18T08:00:00,810.7615,Sistema
2023-05-18T09:00:00,828.5615,Sistema
2023-05-18T10:00:00,829.5615,Sistema
2023-05-18T11:00:00,829.5615,Sistema
2023-05-18T12:00:00,829.5615,Sistema
2023-05-18T13:00:00,829.5615,Sistema
2023-05-18T14:00:00,830.3865,Sistema
2023-05-18T15:00:00,857.1595,Sistema
2023-05-18T16:00:00,857.1595,Sistema
2023-05-18T17:00:00,857.1595,Sistema
2023-05-18T18:00:00,829.5615,Sistema
2023-05-18T19:00:00,848.5615,Sistema
2023-05-18T20:00:00,857.1595,Sistema
2023-05-18T21:00:00,829.5615,Sistema
2023-05-18T22:00:00,829.5615,Sistema
2023-05-18T23:00:00,829.5615,Sistema
2023-05-18T24:00:00,810.7615,Sistema
2023-05-19T01:00:00,812.96797,Sistema
2023-05-19T02:00:00,812.96797,Sistema
2023-05-19T03:00:00,812.96797,Sistema
2023-05-19T04:00:00,812.96797,Sistema
2023-05-19T05:00:00,812.96797,Sistema
2023-05-19T06:00:00,812.96797,Sistema
2023-05-19T07:00:00,812.96797,Sistema
2023-05-19T08:00:00,812.96797,Sistema
2023-05-19T09:00:00,830.46797,Sistema
2023-05-19T10:00:00,830.46797,Sistema
2023-05-19T11:00:00,838.96797,Sistema
2023-05-19T12:00:00,838.96797,Sistema
2023-05-19T13:00:00,838.96797,Sistema
2023-05-19T14:00:00,838.96797,Sistema
2023-05-19T15:00:00,838.96797,Sistema
2023-05-19T16:00:00,838.96797,Sistema
2023-05-19T17:00:00,847.96797,Sistema
2023-05-19T18:00:00,838.96797,Sistema
2023-05-19T19:00:00,907.96797,Sistema
2023-05-19T20:00:00,907.96797,Sistema
2023-05-19T21:00:00,847.96797,Sistema
2023-05-19T22:00:00,830.46797,Sistema
2023-05-19T23:00:00,830.46797,Sistema
2023-05-19T24:00:00,812.96797,Sistema
2023-05-20T01:00:00,832.97389,Sistema
2023-05-20T02:00:00,832.97389,Sistema
2023-05-20T03:00:00,832.97389,Sistema
2023-05-20T04:00:00,831.97389,Sistema
2023-05-20T05:00:00,831.97389,Sistema
2023-05-20T06:00:00,830.47389,Sistema
2023-05-20T07:00:00,831.97389,Sistema
2023-05-20T08:00:00,832.97389,Sistema
2023-05-20T09:00:00,832.97389,Sistema
2023-05-20T10:00:00,832.97389,Sistema
2023-05-20T11:00:00,842.97389,Sistema
2023-05-20T12:00:00,842.97389,Sistema
2023-05-20T13:00:00,842.97389,Sistema
2023-05-20T14:00:00,842.97389,Sistema
2023-05-20T15:00:00,842.97389,Sistema
2023-05-20T16:00:00,842.97389,Sistema
2023-05-20T17:00:00,832.97389,Sistema
2023-05-20T18:00:00,842.97389,Sistema
2023-05-20T19:00:00,843.97389,Sistema
2023-05-20T20:00:00,843.97389,Sistema
2023-05-20T21:00:00,842.97389,Sistema
2023-05-20T22:00:00,842.97389,Sistema
2023-05-20T23:00:00,832.97389,Sistema
2023-05-20T24:00:00,832.97389,Sistema
2023-05-21T01:00:00,845.31751,Sistema
2023-05-21T02:00:00,845.31751,Sistema
2023-05-21T03:00:00,788.27851,Sistema
2023-05-21T04:00:00,750.31751,Sistema
2023-05-21T05:00:00,750.31751,Sistema
2023-05-21T06:00:00,431.31751,Sistema
2023-05-21T07:00:00,431.31751,Sistema
2023-05-21T08:00:00,431.31751,Sistema
2023-05-21T09:00:00,845.31751,Sistema
2023-05-21T10:00:00,845.31751,Sistema
2023-05-21T11:00:00,845.31751,Sistema
2023-05-21T12:00:00,845.31751,Sistema
2023-05-21T13:00:00,845.31751,Sistema
2023-05-21T14:00:00,845.31751,Sistema
2023-05-21T15:00:00,845.31751,Sistema
2023-05-21T16:00:00,845.31751,Sistema
2023-05-21T17:00:00,832.14251,Sistema
2023-05-21T18:00:00,845.31751,Sistema
2023-05-21T19:00:00,850.31751,Sistema
2023-05-21T20:00:00,850.31751,Sistema
2023-05-21T21:00:00,850.31751,Sistema
2023-05-21T22:00:00,850.31751,Sistema
2023-05-21T23:00:00,845.31751,Sistema
2023-05-21T24:00:00,789.53951,Sistema
2023-05-22T01:00:00,848.53905,Sistema
2023-05-22T02:00:00,798.53905,Sistema
2023-05-22T03:00:00,848.53905,Sistema
2023-05-22T04:00:00,788.53905,Sistema
2023-05-22T05:00:00,423.53905,Sistema
2023-05-22T06:00:00,423.53905,Sistema
2023-05-22T07:00:00,423.53905,Sistema
2023-05-22T08:00:00,788.53905,Sistema
2023-05-22T09:00:00,848.53905,Sistema
2023-05-22T10:00:00,848.53905,Sistema
2023-05-22T11:00:00,848.53905,Sistema
2023-05-22T12:00:00,848.53905,Sistema
2023-05-22T13:00:00,853.08905,Sistema
2023-05-22T14:00:00,848.53905,Sistema
2023-05-22T15:00:00,848.53905,Sistema
2023-05-22T16:00:00,848.53905,Sistema
2023-05-22T17:00:00,848.53905,Sistema
2023-05-22T18:00:00,848.53905,Sistema
2023-05-22T19:00:00,853.08905,Sistema
2023-05-22T20:00:00,853.08905,Sistema
2023-05-22T21:00:00,853.08905,Sistema
2023-05-22T22:00:00,853.08905,Sistema
2023-05-22T23:00:00,853.08905,Sistema
2023-05-22T24:00:00,848.53905,Sistema
2023-05-23T01:00:00,801.36685,Sistema
2023-05-23T02:00:00,801.36685,Sistema
2023-05-23T03:00:00,325.83185,Sistema
2023-05-23T04:00:00,483.87385,Sistema
2023-05-23T05:00:00,801.36685,Sistema
2023-05-23T06:00:00,801.36685,Sistema
2023-05-23T07:00:00,801.36685,Sistema
2023-05-23T08:00:00,801.36685,Sistema
2023-05-23T09:00:00,849.66685,Sistema
2023-05-23T10:00:00,854.66685,Sistema
2023-05-23T11:00:00,854.66685,Sistema
2023-05-23T12:00:00,854.66685,Sistema
2023-05-23T13:00:00,854.66685,Sistema
2023-05-23T14:00:00,854.66685,Sistema
2023-05-23T15:00:00,854.66685,Sistema
2023-05-23T16:00:00,854.66685,Sistema
2023-05-23T17:00:00,854.66685,Sistema
2023-05-23T18:00:00,854.66685,Sistema
2023-05-23T19:00:00,854.66685,Sistema
2023-05-23T20:00:00,854.66685,Sistema
2023-05-23T21:00:00,854.66685,Sistema
2023-05-23T22:00:00,854.66685,Sistema
2023-05-23T23:00:00,849.66685,Sistema
2023-05-23T24:00:00,801.36685,Sistema
2023-05-24T01:00:00,433.00633,Sistema
2023-05-24T02:00:00,433.00633,Sistema
2023-05-24T03:00:00,433.00633,Sistema
2023-05-24T04:00:00,433.00633,Sistema
2023-05-24T05:00:00,433.00633,Sistema
2023-05-24T06:00:00,791.00633,Sistema
2023-05-24T07:00:00,791.00633,Sistema
2023-05-24T08:00:00,791.00633,Sistema
2023-05-24T09:00:00,792.20633,Sistema
2023-05-24T10:00:00,792.20633,Sistema
2023-05-24T11:00:00,792.20633,Sistema
2023-05-24T12:00:00,852.00533,Sistema
2023-05-24T13:00:00,852.00533,Sistema
2023-05-24T14:00:00,852.00533,Sistema
2023-05-24T15:00:00,857.00633,Sistema
2023-05-24T16:00:00,857.00633,Sistema
2023-05-24T17:00:00,857.00633,Sistema
2023-05-24T18:00:00,807.00633,Sistema
2023-05-24T19:00:00,857.00633,Sistema
2023-05-24T20:00:00,857.00633,Sistema
2023-05-24T21:00:00,857.00633,Sistema
2023-05-24T22:00:00,792.20633,Sistema
2023-05-24T23:00:00,792.20633,Sistema
2023-05-24T24:00:00,791.00633,Sistema
2023-05-25T01:00:00,779.38786,Sistema
2023-05-25T02:00:00,779.38786,Sistema
2023-05-25T03:00:00,430.38786,Sistema
2023-05-25T04:00:00,430.38786,Sistema
2023-05-25T05:00:00,430.38786,Sistema
2023-05-25T06:00:00,781.88786,Sistema
2023-05-25T07:00:00,781.88786,Sistema
2023-05-25T08:00:00,781.88786,Sistema
2023-05-25T09:00:00,788.38786,Sistema
2023-05-25T10:00:00,788.38786,Sistema
2023-05-25T11:00:00,844.38786,Sistema
2023-05-25T12:00:00,844.38786,Sistema
2023-05-25T13:00:00,844.38786,Sistema
2023-05-25T14:00:00,844.38786,Sistema
2023-05-25T15:00:00,844.38786,Sistema
2023-05-25T16:00:00,844.38786,Sistema
2023-05-25T17:00:00,844.38786,Sistema
2023-05-25T18:00:00,789.38786,Sistema
2023-05-25T19:00:00,844.38786,Sistema
2023-05-25T20:00:00,844.38786,Sistema
2023-05-25T21:00:00,844.38786,Sistema
2023-05-25T22:00:00,789.38786,Sistema
2023-05-25T23:00:00,788.38786,Sistema
2023-05-25T24:00:00,781.88786,Sistema
2023-05-26T01:00:00,292.35121,Sistema
2023-05-26T02:00:00,325.53621,Sistema
2023-05-26T03:00:00,325.53621,Sistema
2023-05-26T04:00:00,325.53621,Sistema
2023-05-26T05:00:00,430.37121,Sistema
2023-05-26T06:00:00,430.37121,Sistema
2023-05-26T07:00:00,478.65521,Sistema
2023-05-26T08:00:00,778.37121,Sistema
2023-05-26T09:00:00,779.87121,Sistema
2023-05-26T10:00:00,779.87121,Sistema
2023-05-26T11:00:00,779.87121,Sistema
2023-05-26T12:00:00,789.37121,Sistema
2023-05-26T13:00:00,779.87121,Sistema
2023-05-26T14:00:00,779.87121,Sistema
2023-05-26T15:00:00,789.37121,Sistema
2023-05-26T16:00:00,779.87121,Sistema
2023-05-26T17:00:00,779.87121,Sistema
2023-05-26T18:00:00,779.87121,Sistema
2023-05-26T19:00:00,789.37121,Sistema
2023-05-26T20:00:00,797.37121,Sistema
2023-05-26T21:00:00,789.37121,Sistema
2023-05-26T22:00:00,779.87121,Sistema
2023-05-26T23:00:00,779.87121,Sistema
2023-05-26T24:00:00,778.37121,Sistema
2023-05-27T01:00:00,469.84723,Sistema
2023-05-27T02:00:00,469.84723,Sistema
2023-05-27T03:00:00,469.84723,Sistema
2023-05-27T04:00:00,469.84723,Sistema
2023-05-27T05:00:00,469.84723,Sistema
2023-05-27T06:00:00,469.84723,Sistema
2023-05-27T07:00:00,469.84723,Sistema
2023-05-27T08:00:00,478.83123,Sistema
2023-05-27T09:00:00,734.54723,Sistema
2023-05-27T10:00:00,740.54723,Sistema
2023-05-27T11:00:00,740.54723,Sistema
2023-05-27T12:00:00,740.54723,Sistema
2023-05-27T13:00:00,740.54723,Sistema
2023-05-27T14:00:00,740.54723,Sistema
2023-05-27T15:00:00,740.54723,Sistema
2023-05-27T16:00:00,740.54723,Sistema
2023-05-27T17:00:00,740.54723,Sistema
2023-05-27T18:00:00,740.54723,Sistema
2023-05-27T19:00:00,740.54723,Sistema
2023-05-27T20:00:00,768.54723,Sistema
2023-05-27T21:00:00,740.54723,Sistema
2023-05-27T22:00:00,740.54723,Sistema
2023-05-27T23:00:00,740.54723,Sistema
2023-05-27T24:00:00,734.54723,Sistema
2023-05-28T01:00:00,430.48913,Sistema
2023-05-28T02:00:00,430.48913,Sistema
2023-05-28T03:00:00,419.58913,Sistema
2023-05-28T04:00:00,419.58913,Sistema
2023-05-28T05:00:00,419.58913,Sistema
2023-05-28T06:00:00,419.58913,Sistema
2023-05-28T07:00:00,292.56913,Sistema
2023-05-28T08:00:00,325.75413,Sistema
2023-05-28T09:00:00,419.58913,Sistema
2023-05-28T10:00:00,419.58913,Sistema
2023-05-28T11:00:00,430.48913,Sistema
2023-05-28T12:00:00,444.58913,Sistema
2023-05-28T13:00:00,444.58913,Sistema
2023-05-28T14:00:00,444.58913,Sistema
2023-05-28T15:00:00,444.58913,Sistema
2023-05-28T16:00:00,430.48913,Sistema
2023-05-28T17:00:00,430.48913,Sistema
2023-05-28T18:00:00,444.58913,Sistema
2023-05-28T19:00:00,462.38913,Sistema
2023-05-28T20:00:00,745.58913,Sistema
2023-05-28T21:00:00,745.58913,Sistema
2023-05-28T22:00:00,462.38913,Sistema
2023-05-28T23:00:00,444.58913,Sistema
2023-05-28T24:00:00,444.58913,Sistema
2023-05-29T01:00:00,119.30064,Sistema
2023-05-29T02:00:00,216.57564,Sistema
2023-05-29T03:00:00,129.80064,Sistema
2023-05-29T04:00:00,217.12764,Sistema
2023-05-29T05:00:00,263.58964,Sistema
2023-05-29T06:00:00,289.09064,Sistema
2023-05-29T07:00:00,409.13664,Sistema
2023-05-29T08:00:00,409.11064,Sistema
2023-05-29T09:00:00,414.11064,Sistema
2023-05-29T10:00:00,414.11064,Sistema
2023-05-29T11:00:00,429.31064,Sistema
2023-05-29T12:00:00,447.91064,Sistema
2023-05-29T13:00:00,447.91064,Sistema
2023-05-29T14:00:00,429.31064,Sistema
2023-05-29T15:00:00,447.91064,Sistema
2023-05-29T16:00:00,447.91064,Sistema
2023-05-29T17:00:00,429.31064,Sistema
2023-05-29T18:00:00,429.21064,Sistema
2023-05-29T19:00:00,447.91064,Sistema
2023-05-29T20:00:00,447.91064,Sistema
2023-05-29T21:00:00,447.91064,Sistema
2023-05-29T22:00:00,429.21064,Sistema
2023-05-29T23:00:00,414.11064,Sistema
2023-05-29T24:00:00,414.11064,Sistema
2023-05-30T01:00:00,359.28767,Sistema
2023-05-30T02:00:00,359.28767,Sistema
2023-05-30T03:00:00,359.28767,Sistema
2023-05-30T04:00:00,359.28767,Sistema
2023-05-30T05:00:00,359.28767,Sistema
2023-05-30T06:00:00,364.28767,Sistema
2023-05-30T07:00:00,364.28767,Sistema
2023-05-30T08:00:00,390.28767,Sistema
2023-05-30T09:00:00,390.28767,Sistema
2023-05-30T10:00:00,390.28767,Sistema
2023-05-30T11:00:00,398.28767,Sistema
2023-05-30T12:00:00,398.28767,Sistema
2023-05-30T13:00:00,398.28767,Sistema
2023-05-30T14:00:00,398.28767,Sistema
2023-05-30T15:00:00,398.28767,Sistema
2023-05-30T16:00:00,398.28767,Sistema
2023-05-30T17:00:00,398.28767,Sistema
2023-05-30T18:00:00,398.28767,Sistema
2023-05-30T19:00:00,398.28767,Sistema
2023-05-30T20:00:00,398.28767,Sistema
2023-05-30T21:00:00,398.28767,Sistema
2023-05-30T22:00:00,398.28767,Sistema
2023-05-30T23:00:00,390.28767,Sistema
2023-05-30T24:00:00,390.28767,Sistema
2023-05-31T01:00:00,254.46491,Sistema
2023-05-31T02:00:00,293.11191,Sistema
2023-05-31T03:00:00,285.11191,Sistema
2023-05-31T04:00:00,293.11191,Sistema
2023-05-31T05:00:00,293.11191,Sistema
2023-05-31T06:00:00,345.13191,Sistema
2023-05-31T07:00:00,345.13191,Sistema
2023-05-31T08:00:00,345.13191,Sistema
2023-05-31T09:00:00,379.13191,Sistema
2023-05-31T10:00:00,391.13191,Sistema
2023-05-31T11:00:00,391.13191,Sistema
2023-05-31T12:00:00,391.13191,Sistema
2023-05-31T13:00:00,391.13191,Sistema
2023-05-31T14:00:00,391.13191,Sistema
2023-05-31T15:00:00,391.13191,Sistema
2023-05-31T16:00:00,391.13191,Sistema
2023-05-31T17:00:00,391.13191,Sistema
2023-05-31T18:00:00,391.13191,Sistema
2023-05-31T19:00:00,391.13191,Sistema
2023-05-31T20:00:00,391.13191,Sistema
2023-05-31T21:00:00,391.13191,Sistema
2023-05-31T22:00:00,391.13191,Sistema
2023-05-31T23:00:00,379.13191,Sistema
2023-05-31T24:00:00,361.13191,Sistema
2023-06-01T01:00:00,151.07682,Sistema
2023-06-01T02:00:00,151.07682,Sistema
2023-06-01T03:00:00,151.07682,Sistema
2023-06-01T04:00:00,161.07682,Sistema
2023-06-01T05:00:00,161.07682,Sistema
2023-06-01T06:00:00,327.24182,Sistema
2023-06-01T07:00:00,338.42182,Sistema
2023-06-01T08:00:00,335.07682,Sistema
2023-06-01T09:00:00,341.07582,Sistema
2023-06-01T10:00:00,341.07582,Sistema
2023-06-01T11:00:00,343.07682,Sistema
2023-06-01T12:00:00,343.07682,Sistema
2023-06-01T13:00:00,343.07682,Sistema
2023-06-01T14:00:00,371.07682,Sistema
2023-06-01T15:00:00,371.07682,Sistema
2023-06-01T16:00:00,371.07682,Sistema
2023-06-01T17:00:00,371.07682,Sistema
2023-06-01T18:00:00,371.07682,Sistema
2023-06-01T19:00:00,371.07682,Sistema
2023-06-01T20:00:00,371.07682,Sistema
2023-06-01T21:00:00,371.07682,Sistema
2023-06-01T22:00:00,343.07682,Sistema
2023-06-01T23:00:00,341.07582,Sistema
2023-06-01T24:00:00,335.07682,Sistema
2023-06-02T01:00:00,161.4183,Sistema
2023-06-02T02:00:00,161.4183,Sistema
2023-06-02T03:00:00,161.4183,Sistema
2023-06-02T04:00:00,161.4183,Sistema
2023-06-02T05:00:00,161.4183,Sistema
2023-06-02T06:00:00,231.4183,Sistema
2023-06-02T07:00:00,231.4183,Sistema
2023-06-02T08:00:00,232.4183,Sistema
2023-06-02T09:00:00,251.4183,Sistema
2023-06-02T10:00:00,251.4183,Sistema
2023-06-02T11:00:00,251.4183,Sistema
2023-06-02T12:00:00,254.7713,Sistema
2023-06-02T13:00:00,251.4183,Sistema
2023-06-02T14:00:00,254.7713,Sistema
2023-06-02T15:00:00,270.4183,Sistema
2023-06-02T16:00:00,270.4183,Sistema
2023-06-02T17:00:00,270.4183,Sistema
2023-06-02T18:00:00,251.4183,Sistema
2023-06-02T19:00:00,270.4183,Sistema
2023-06-02T20:00:00,701.4183,Sistema
2023-06-02T21:00:00,270.4183,Sistema
2023-06-02T22:00:00,251.4183,Sistema
2023-06-02T23:00:00,251.4183,Sistema
2023-06-02T24:00:00,251.4183,Sistema
2023-06-03T01:00:00,216.2286,Sistema
2023-06-03T02:00:00,216.2286,Sistema
2023-06-03T03:00:00,201.2286,Sistema
2023-06-03T04:00:00,214.2086,Sistema
2023-06-03T05:00:00,214.2086,Sistema
2023-06-03T06:00:00,201.2286,Sistema
2023-06-03T07:00:00,216.2286,Sistema
2023-06-03T08:00:00,231.2286,Sistema
2023-06-03T09:00:00,231.2286,Sistema
2023-06-03T10:00:00,231.2286,Sistema
2023-06-03T11:00:00,232.3426,Sistema
2023-06-03T12:00:00,232.3426,Sistema
2023-06-03T13:00:00,232.3426,Sistema
2023-06-03T14:00:00,232.3426,Sistema
2023-06-03T15:00:00,232.3426,Sistema
2023-06-03T16:00:00,232.3426,Sistema
2023-06-03T17:00:00,232.3426,Sistema
2023-06-03T18:00:00,232.3426,Sistema
2023-06-03T19:00:00,232.3426,Sistema
2023-06-03T20:00:00,701.2286,Sistema
2023-06-03T21:00:00,232.3426,Sistema
2023-06-03T22:00:00,232.3426,Sistema
2023-06-03T23:00:00,231.2286,Sistema
2023-06-03T24:00:00,231.2286,Sistema
2023-06-04T01:00:00,224.58498,Sistema
2023-06-04T02:00:00,224.58498,Sistema
2023-06-04T03:00:00,191.47098,Sistema
2023-06-04T04:00:00,191.47098,Sistema
2023-06-04T05:00:00,177.47098,Sistema
2023-06-04T06:00:00,177.47098,Sistema
2023-06-04T07:00:00,157.46998,Sistema
2023-06-04T08:00:00,177.47098,Sistema
2023-06-04T09:00:00,177.47098,Sistema
2023-06-04T10:00:00,191.47098,Sistema
2023-06-04T11:00:00,224.58498,Sistema
2023-06-04T12:00:00,191.47098,Sistema
2023-06-04T13:00:00,224.58498,Sistema
2023-06-04T14:00:00,224.58498,Sistema
2023-06-04T15:00:00,224.58498,Sistema
2023-06-04T16:00:00,224.58498,Sistema
2023-06-04T17:00:00,224.58498,Sistema
2023-06-04T18:00:00,224.58498,Sistema
2023-06-04T19:00:00,227.47098,Sistema
2023-06-04T20:00:00,227.47098,Sistema
2023-06-04T21:00:00,227.47098,Sistema
2023-06-04T22:00:00,224.58498,Sistema
2023-06-04T23:00:00,224.58498,Sistema
2023-06-04T24:00:00,224.58498,Sistema
2023-06-05T01:00:00,115.2768,Sistema
2023-06-05T02:00:00,115.2768,Sistema
2023-06-05T03:00:00,108.9938,Sistema
2023-06-05T04:00:00,112.6468,Sistema
2023-06-05T05:00:00,115.6968,Sistema
2023-06-05T06:00:00,182.6838,Sistema
2023-06-05T07:00:00,182.6838,Sistema
2023-06-05T08:00:00,252.6838,Sistema
2023-06-05T09:00:00,252.6838,Sistema
2023-06-05T10:00:00,252.6838,Sistema
2023-06-05T11:00:00,252.8838,Sistema
2023-06-05T12:00:00,302.6838,Sistema
2023-06-05T13:00:00,302.6838,Sistema
2023-06-05T14:00:00,302.6838,Sistema
2023-06-05T15:00:00,562.6838,Sistema
2023-06-05T16:00:00,302.6838,Sistema
2023-06-05T17:00:00,302.6838,Sistema
2023-06-05T18:00:00,262.6838,Sistema
2023-06-05T19:00:00,302.6838,Sistema
2023-06-05T20:00:00,562.6838,Sistema
2023-06-05T21:00:00,562.6838,Sistema
2023-06-05T22:00:00,262.6838,Sistema
2023-06-05T23:00:00,252.6838,Sistema
2023-06-05T24:00:00,252.6838,Sistema
2023-06-06T01:00:00,300.09307,Sistema
2023-06-06T02:00:00,299.59107,Sistema
2023-06-06T03:00:00,289.59107,Sistema
2023-06-06T04:00:00,289.59107,Sistema
2023-06-06T05:00:00,289.59107,Sistema
2023-06-06T06:00:00,300.09307,Sistema
2023-06-06T07:00:00,300.09307,Sistema
2023-06-06T08:00:00,300.09307,Sistema
2023-06-06T09:00:00,304.59107,Sistema
2023-06-06T10:00:00,304.59107,Sistema
2023-06-06T11:00:00,304.59107,Sistema
2023-06-06T12:00:00,304.59107,Sistema
2023-06-06T13:00:00,304.59107,Sistema
2023-06-06T14:00:00,304.59107,Sistema
2023-06-06T15:00:00,304.59107,Sistema
2023-06-06T16:00:00,304.59107,Sistema
2023-06-06T17:00:00,304.59107,Sistema
2023-06-06T18:00:00,304.59107,Sistema
2023-06-06T19:00:00,304.59107,Sistema
2023-06-06T20:00:00,304.59107,Sistema
2023-06-06T21:00:00,304.59107,Sistema
2023-06-06T22:00:00,304.59107,Sistema
2023-06-06T23:00:00,300.09307,Sistema
2023-06-06T24:00:00,300.09307,Sistema
2023-06-07T01:00:00,299.5863,Sistema
2023-06-07T02:00:00,299.5863,Sistema
2023-06-07T03:00:00,299.5863,Sistema
2023-06-07T04:00:00,299.5863,Sistema
2023-06-07T05:00:00,299.5863,Sistema
2023-06-07T06:00:00,299.5863,Sistema
2023-06-07T07:00:00,307.3283,Sistema
2023-06-07T08:00:00,310.5863,Sistema
2023-06-07T09:00:00,342.0863,Sistema
2023-06-07T10:00:00,342.0863,Sistema
2023-06-07T11:00:00,350.5863,Sistema
2023-06-07T12:00:00,350.5863,Sistema
2023-06-07T13:00:00,350.5863,Sistema
2023-06-07T14:00:00,350.5863,Sistema
2023-06-07T15:00:00,450.5863,Sistema
2023-06-07T16:00:00,450.5863,Sistema
2023-06-07T17:00:00,422.0863,Sistema
2023-06-07T18:00:00,342.0863,Sistema
2023-06-07T19:00:00,350.5863,Sistema
2023-06-07T20:00:00,422.0863,Sistema
2023-06-07T21:00:00,350.5863,Sistema
2023-06-07T22:00:00,342.0863,Sistema
2023-06-07T23:00:00,342.0863,Sistema
2023-06-07T24:00:00,310.5863,Sistema
2023-06-08T01:00:00,321.48797,Sistema
2023-06-08T02:00:00,321.48797,Sistema
2023-06-08T03:00:00,261.48797,Sistema
2023-06-08T04:00:00,289.71297,Sistema
2023-06-08T05:00:00,321.48797,Sistema
2023-06-08T06:00:00,321.48797,Sistema
2023-06-08T07:00:00,321.48797,Sistema
2023-06-08T08:00:00,321.48797,Sistema
2023-06-08T09:00:00,332.48797,Sistema
2023-06-08T10:00:00,332.48797,Sistema
2023-06-08T11:00:00,342.98797,Sistema
2023-06-08T12:00:00,342.98797,Sistema
2023-06-08T13:00:00,342.98797,Sistema
2023-06-08T14:00:00,342.98797,Sistema
2023-06-08T15:00:00,342.98797,Sistema
2023-06-08T16:00:00,342.98797,Sistema
2023-06-08T17:00:00,342.98797,Sistema
2023-06-08T18:00:00,342.98797,Sistema
2023-06-08T19:00:00,342.98797,Sistema
2023-06-08T20:00:00,342.98797,Sistema
2023-06-08T21:00:00,342.98797,Sistema
2023-06-08T22:00:00,332.48797,Sistema
2023-06-08T23:00:00,321.48797,Sistema
2023-06-08T24:00:00,321.48797,Sistema
2023-06-09T01:00:00,284.00788,Sistema
2023-06-09T02:00:00,284.00788,Sistema
2023-06-09T03:00:00,283.00788,Sistema
2023-06-09T04:00:00,284.00788,Sistema
2023-06-09T05:00:00,284.00788,Sistema
2023-06-09T06:00:00,297.50788,Sistema
2023-06-09T07:00:00,297.50788,Sistema
2023-06-09T08:00:00,297.50788,Sistema
2023-06-09T09:00:00,323.00788,Sistema
2023-06-09T10:00:00,323.00788,Sistema
2023-06-09T11:00:00,323.00788,Sistema
2023-06-09T12:00:00,323.00788,Sistema
2023-06-09T13:00:00,323.00788,Sistema
2023-06-09T14:00:00,323.00788,Sistema
2023-06-09T15:00:00,323.00788,Sistema
2023-06-09T16:00:00,323.00788,Sistema
2023-06-09T17:00:00,323.00788,Sistema
2023-06-09T18:00:00,323.00788,Sistema
2023-06-09T19:00:00,323.00788,Sistema
2023-06-09T20:00:00,328.50788,Sistema
2023-06-09T21:00:00,323.00788,Sistema
2023-06-09T22:00:00,323.00788,Sistema
2023-06-09T23:00:00,323.00788,Sistema
2023-06-09T24:00:00,297.50788,Sistema
2023-06-10T01:00:00,283.12786,Sistema
2023-06-10T02:00:00,283.12786,Sistema
2023-06-10T03:00:00,283.12786,Sistema
2023-06-10T04:00:00,282.12786,Sistema
2023-06-10T05:00:00,282.12786,Sistema
2023-06-10T06:00:00,282.12786,Sistema
2023-06-10T07:00:00,282.12786,Sistema
2023-06-10T08:00:00,283.12786,Sistema
2023-06-10T09:00:00,296.62786,Sistema
2023-06-10T10:00:00,296.62786,Sistema
2023-06-10T11:00:00,296.62786,Sistema
2023-06-10T12:00:00,296.62786,Sistema
2023-06-10T13:00:00,296.62786,Sistema
2023-06-10T14:00:00,296.62786,Sistema
2023-06-10T15:00:00,296.62786,Sistema
2023-06-10T16:00:00,296.62786,Sistema
2023-06-10T17:00:00,296.62786,Sistema
2023-06-10T18:00:00,296.62786,Sistema
2023-06-10T19:00:00,296.62786,Sistema
2023-06-10T20:00:00,317.12786,Sistema
2023-06-10T21:00:00,296.62786,Sistema
2023-06-10T22:00:00,296.62786,Sistema
2023-06-10T23:00:00,296.62786,Sistema
2023-06-10T24:00:00,283.12786,Sistema
2023-06-11T01:00:00,279.36546,Sistema
2023-06-11T02:00:00,279.36546,Sistema
2023-06-11T03:00:00,260.36546,Sistema
2023-06-11T04:00:00,260.36546,Sistema
2023-06-11T05:00:00,260.36546,Sistema
2023-06-11T06:00:00,260.36546,Sistema
2023-06-11T07:00:00,260.36546,Sistema
2023-06-11T08:00:00,260.36546,Sistema
2023-06-11T09:00:00,260.36546,Sistema
2023-06-11T10:00:00,279.36546,Sistema
2023-06-11T11:00:00,289.36546,Sistema
2023-06-11T12:00:00,289.36546,Sistema
2023-06-11T13:00:00,293.86546,Sistema
2023-06-11T14:00:00,293.86546,Sistema
2023-06-11T15:00:00,289.36546,Sistema
2023-06-11T16:00:00,289.36546,Sistema
2023-06-11T17:00:00,289.36546,Sistema
2023-06-11T18:00:00,293.86546,Sistema
2023-06-11T19:00:00,293.86546,Sistema
2023-06-11T20:00:00,299.86546,Sistema
2023-06-11T21:00:00,299.86546,Sistema
2023-06-11T22:00:00,293.86546,Sistema
2023-06-11T23:00:00,293.86546,Sistema
2023-06-11T24:00:00,289.36546,Sistema
2023-06-12T01:00:00,292.17474,Sistema
2023-06-12T02:00:00,292.17474,Sistema
2023-06-12T03:00:00,292.17474,Sistema
2023-06-12T04:00:00,288.17474,Sistema
2023-06-12T05:00:00,288.17474,Sistema
2023-06-12T06:00:00,288.17474,Sistema
2023-06-12T07:00:00,288.17474,Sistema
2023-06-12T08:00:00,292.17474,Sistema
2023-06-12T09:00:00,292.17474,Sistema
2023-06-12T10:00:00,296.67474,Sistema
2023-06-12T11:00:00,296.67474,Sistema
2023-06-12T12:00:00,296.67474,Sistema
2023-06-12T13:00:00,296.67474,Sistema
2023-06-12T14:00:00,296.67474,Sistema
2023-06-12T15:00:00,296.67474,Sistema
2023-06-12T16:00:00,296.67474,Sistema
2023-06-12T17:00:00,296.67474,Sistema
2023-06-12T18:00:00,296.67474,Sistema
2023-06-12T19:00:00,302.17474,Sistema
2023-06-12T20:00:00,302.17474,Sistema
2023-06-12T21:00:00,302.17474,Sistema
2023-06-12T22:00:00,302.17474,Sistema
2023-06-12T23:00:00,302.17474,Sistema
2023-06-12T24:00:00,296.67474,Sistema
2023-06-13T01:00:00,283.83838,Sistema
2023-06-13T02:00:00,283.83838,Sistema
2023-06-13T03:00:00,283.83838,Sistema
2023-06-13T04:00:00,283.83838,Sistema
2023-06-13T05:00:00,283.83838,Sistema
2023-06-13T06:00:00,283.83838,Sistema
2023-06-13T07:00:00,283.83838,Sistema
2023-06-13T08:00:00,283.83838,Sistema
2023-06-13T09:00:00,298.83838,Sistema
2023-06-13T10:00:00,298.83838,Sistema
2023-06-13T11:00:00,305.83838,Sistema
2023-06-13T12:00:00,306.83838,Sistema
2023-06-13T13:00:00,306.83838,Sistema
2023-06-13T14:00:00,379.83838,Sistema
2023-06-13T15:00:00,379.83838,Sistema
2023-06-13T16:00:00,379.83838,Sistema
2023-06-13T17:00:00,379.83838,Sistema
2023-06-13T18:00:00,306.83838,Sistema
2023-06-13T19:00:00,379.83838,Sistema
2023-06-13T20:00:00,519.83838,Sistema
2023-06-13T21:00:00,449.83838,Sistema
2023-06-13T22:00:00,306.83838,Sistema
2023-06-13T23:00:00,298.83838,Sistema
2023-06-13T24:00:00,298.83838,Sistema
2023-06-14T01:00:00,294.74399,Sistema
2023-06-14T02:00:00,294.74399,Sistema
2023-06-14T03:00:00,294.74399,Sistema
2023-06-14T04:00:00,294.74399,Sistema
2023-06-14T05:00:00,294.74399,Sistema
2023-06-14T06:00:00,294.74399,Sistema
2023-06-14T07:00:00,294.74399,Sistema
2023-06-14T08:00:00,294.74399,Sistema
2023-06-14T09:00:00,301.74399,Sistema
2023-06-14T10:00:00,308.74399,Sistema
2023-06-14T11:00:00,343.74399,Sistema
2023-06-14T12:00:00,343.74399,Sistema
2023-06-14T13:00:00,343.74399,Sistema
2023-06-14T14:00:00,448.74399,Sistema
2023-06-14T15:00:00,448.74399,Sistema
2023-06-14T16:00:00,448.74399,Sistema
2023-06-14T17:00:00,448.74399,Sistema
2023-06-14T18:00:00,308.74399,Sistema
2023-06-14T19:00:00,448.74399,Sistema
2023-06-14T20:00:00,518.74399,Sistema
2023-06-14T21:00:00,448.74399,Sistema
2023-06-14T22:00:00,343.74399,Sistema
2023-06-14T23:00:00,301.74399,Sistema
2023-06-14T24:00:00,294.74399,Sistema
2023-06-15T01:00:00,331.98742,Sistema
2023-06-15T02:00:00,331.98742,Sistema
2023-06-15T03:00:00,304.28742,Sistema
2023-06-15T04:00:00,332.09842,Sistema
2023-06-15T05:00:00,331.98742,Sistema
2023-06-15T06:00:00,332.09842,Sistema
2023-06-15T07:00:00,332.09842,Sistema
2023-06-15T08:00:00,332.09842,Sistema
2023-06-15T09:00:00,381.98742,Sistema
2023-06-15T10:00:00,381.98742,Sistema
2023-06-15T11:00:00,381.98742,Sistema
2023-06-15T12:00:00,381.98742,Sistema
2023-06-15T13:00:00,381.98742,Sistema
2023-06-15T14:00:00,381.98742,Sistema
2023-06-15T15:00:00,381.98742,Sistema
2023-06-15T16:00:00,381.98742,Sistema
2023-06-15T17:00:00,381.98742,Sistema
2023-06-15T18:00:00,381.98742,Sistema
2023-06-15T19:00:00,381.98742,Sistema
2023-06-15T20:00:00,381.98742,Sistema
2023-06-15T21:00:00,381.98742,Sistema
2023-06-15T22:00:00,381.98742,Sistema
2023-06-15T23:00:00,381.98742,Sistema
2023-06-15T24:00:00,341.98642,Sistema
2023-06-16T01:00:00,358.85698,Sistema
2023-06-16T02:00:00,358.85698,Sistema
2023-06-16T03:00:00,358.85698,Sistema
2023-06-16T04:00:00,358.85698,Sistema
2023-06-16T05:00:00,358.85698,Sistema
2023-06-16T06:00:00,384.75798,Sistema
2023-06-16T07:00:00,384.75798,Sistema
2023-06-16T08:00:00,384.75798,Sistema
2023-06-16T09:00:00,413.85798,Sistema
2023-06-16T10:00:00,413.85798,Sistema
2023-06-16T11:00:00,418.85798,Sistema
2023-06-16T12:00:00,418.85798,Sistema
2023-06-16T13:00:00,418.85798,Sistema
2023-06-16T14:00:00,428.85798,Sistema
2023-06-16T15:00:00,478.85798,Sistema
2023-06-16T16:00:00,478.85798,Sistema
2023-06-16T17:00:00,418.85798,Sistema
2023-06-16T18:00:00,418.85798,Sistema
2023-06-16T19:00:00,428.85798,Sistema
2023-06-16T20:00:00,488.85798,Sistema
2023-06-16T21:00:00,418.85798,Sistema
2023-06-16T22:00:00,413.85798,Sistema
2023-06-16T23:00:00,413.85798,Sistema
2023-06-16T24:00:00,413.85798,Sistema
2023-06-17T01:00:00,418.29429,Sistema
2023-06-17T02:00:00,418.29429,Sistema
2023-06-17T03:00:00,418.29429,Sistema
2023-06-17T04:00:00,418.29429,Sistema
2023-06-17T05:00:00,418.29429,Sistema
2023-06-17T06:00:00,418.29429,Sistema
2023-06-17T07:00:00,418.29429,Sistema
2023-06-17T08:00:00,430.79429,Sistema
2023-06-17T09:00:00,446.79429,Sistema
2023-06-17T10:00:00,446.79429,Sistema
2023-06-17T11:00:00,446.79429,Sistema
2023-06-17T12:00:00,446.79429,Sistema
2023-06-17T13:00:00,446.79429,Sistema
2023-06-17T14:00:00,446.79429,Sistema
2023-06-17T15:00:00,446.79429,Sistema
2023-06-17T16:00:00,446.79429,Sistema
2023-06-17T17:00:00,446.79429,Sistema
2023-06-17T18:00:00,446.79429,Sistema
2023-06-17T19:00:00,480.79429,Sistema
2023-06-17T20:00:00,480.79429,Sistema
2023-06-17T21:00:00,477.79429,Sistema
2023-06-17T22:00:00,446.79429,Sistema
2023-06-17T23:00:00,446.79429,Sistema
2023-06-17T24:00:00,430.79429,Sistema
2023-06-18T01:00:00,483.36234,Sistema
2023-06-18T02:00:00,483.36234,Sistema
2023-06-18T03:00:00,483.36234,Sistema
2023-06-18T04:00:00,483.36234,Sistema
2023-06-18T05:00:00,483.36234,Sistema
2023-06-18T06:00:00,439.27334,Sistema
2023-06-18T07:00:00,439.27334,Sistema
2023-06-18T08:00:00,439.27334,Sistema
2023-06-18T09:00:00,483.36234,Sistema
2023-06-18T10:00:00,483.36234,Sistema
2023-06-18T11:00:00,483.36234,Sistema
2023-06-18T12:00:00,483.36234,Sistema
2023-06-18T13:00:00,483.36234,Sistema
2023-06-18T14:00:00,483.36234,Sistema
2023-06-18T15:00:00,483.36234,Sistema
2023-06-18T16:00:00,483.36234,Sistema
2023-06-18T17:00:00,483.36234,Sistema
2023-06-18T18:00:00,494.56234,Sistema
2023-06-18T19:00:00,589.16234,Sistema
2023-06-18T20:00:00,599.16234,Sistema
2023-06-18T21:00:00,589.16234,Sistema
2023-06-18T22:00:00,589.16234,Sistema
2023-06-18T23:00:00,549.16134,Sistema
2023-06-18T24:00:00,494.56234,Sistema
2023-06-19T01:00:00,521.90694,Sistema
2023-06-19T02:00:00,521.90694,Sistema
2023-06-19T03:00:00,521.90694,Sistema
2023-06-19T04:00:00,521.90694,Sistema
2023-06-19T05:00:00,521.90694,Sistema
2023-06-19T06:00:00,521.90694,Sistema
2023-06-19T07:00:00,495.79594,Sistema
2023-06-19T08:00:00,495.79594,Sistema
2023-06-19T09:00:00,521.90694,Sistema
2023-06-19T10:00:00,521.90694,Sistema
2023-06-19T11:00:00,586.79594,Sistema
2023-06-19T12:00:00,595.79594,Sistema
2023-06-19T13:00:00,595.79594,Sistema
2023-06-19T14:00:00,595.79594,Sistema
2023-06-19T15:00:00,595.79594,Sistema
2023-06-19T16:00:00,595.79594,Sistema
2023-06-19T17:00:00,595.79594,Sistema
2023-06-19T18:00:00,595.79594,Sistema
2023-06-19T19:00:00,626.79594,Sistema
2023-06-19T20:00:00,626.79594,Sistema
2023-06-19T21:00:00,626.79594,Sistema
2023-06-19T22:00:00,626.79594,Sistema
2023-06-19T23:00:00,626.79594,Sistema
2023-06-19T24:00:00,595.79594,Sistema
2023-06-20T01:00:00,431.75999,Sistema
2023-06-20T02:00:00,431.75999,Sistema
2023-06-20T03:00:00,431.75999,Sistema
2023-06-20T04:00:00,431.75999,Sistema
2023-06-20T05:00:00,449.67799,Sistema
2023-06-20T06:00:00,595.75999,Sistema
2023-06-20T07:00:00,595.75999,Sistema
2023-06-20T08:00:00,595.75999,Sistema
2023-06-20T09:00:00,646.75899,Sistema
2023-06-20T10:00:00,666.75999,Sistema
2023-06-20T11:00:00,656.75999,Sistema
2023-06-20T12:00:00,656.75999,Sistema
2023-06-20T13:00:00,656.75999,Sistema
2023-06-20T14:00:00,661.75999,Sistema
2023-06-20T15:00:00,666.75999,Sistema
2023-06-20T16:00:00,666.75999,Sistema
2023-06-20T17:00:00,661.75999,Sistema
2023-06-20T18:00:00,656.75999,Sistema
2023-06-20T19:00:00,666.75999,Sistema
2023-06-20T20:00:00,666.75999,Sistema
2023-06-20T21:00:00,656.75999,Sistema
2023-06-20T22:00:00,656.75999,Sistema
2023-06-20T23:00:00,646.75899,Sistema
2023-06-20T24:00:00,595.75999,Sistema
2023-06-21T01:00:00,666.9131,Sistema
2023-06-21T02:00:00,666.9131,Sistema
2023-06-21T03:00:00,666.9131,Sistema
2023-06-21T04:00:00,666.9131,Sistema
2023-06-21T05:00:00,666.9131,Sistema
2023-06-21T06:00:00,666.9131,Sistema
2023-06-21T07:00:00,666.9131,Sistema
2023-06-21T08:00:00,674.9131,Sistema
2023-06-21T09:00:00,674.9131,Sistema
2023-06-21T10:00:00,690.9131,Sistema
2023-06-21T11:00:00,695.9121,Sistema
2023-06-21T12:00:00,845.9131,Sistema
2023-06-21T13:00:00,845.9131,Sistema
2023-06-21T14:00:00,845.9131,Sistema
2023-06-21T15:00:00,845.9131,Sistema
2023-06-21T16:00:00,845.9131,Sistema
2023-06-21T17:00:00,845.9131,Sistema
2023-06-21T18:00:00,695.9121,Sistema
2023-06-21T19:00:00,845.9131,Sistema
2023-06-21T20:00:00,845.9131,Sistema
2023-06-21T21:00:00,845.9131,Sistema
2023-06-21T22:00:00,695.9121,Sistema
2023-06-21T23:00:00,674.9131,Sistema
2023-06-21T24:00:00,671.9131,Sistema
2023-06-22T01:00:00,744.90793,Sistema
2023-06-22T02:00:00,679.40793,Sistema
2023-06-22T03:00:00,679.40793,Sistema
2023-06-22T04:00:00,675.90793,Sistema
2023-06-22T05:00:00,679.40793,Sistema
2023-06-22T06:00:00,679.40793,Sistema
2023-06-22T07:00:00,679.40793,Sistema
2023-06-22T08:00:00,756.40793,Sistema
2023-06-22T09:00:00,761.40793,Sistema
2023-06-22T10:00:00,761.40793,Sistema
2023-06-22T11:00:00,761.40793,Sistema
2023-06-22T12:00:00,795.90793,Sistema
2023-06-22T13:00:00,795.90793,Sistema
2023-06-22T14:00:00,795.90793,Sistema
2023-06-22T15:00:00,795.90793,Sistema
2023-06-22T16:00:00,795.90793,Sistema
2023-06-22T17:00:00,795.90793,Sistema
2023-06-22T18:00:00,761.40793,Sistema
2023-06-22T19:00:00,761.40793,Sistema
2023-06-22T20:00:00,795.90793,Sistema
2023-06-22T21:00:00,761.40793,Sistema
2023-06-22T22:00:00,761.40793,Sistema
2023-06-22T23:00:00,761.40793,Sistema
2023-06-22T24:00:00,744.90793,Sistema
2023-06-23T01:00:00,815.89221,Sistema
2023-06-23T02:00:00,785.89221,Sistema
2023-06-23T03:00:00,785.89221,Sistema
2023-06-23T04:00:00,785.89221,Sistema
2023-06-23T05:00:00,815.89221,Sistema
2023-06-23T06:00:00,815.89221,Sistema
2023-06-23T07:00:00,815.89221,Sistema
2023-06-23T08:00:00,820.89221,Sistema
2023-06-23T09:00:00,875.89221,Sistema
2023-06-23T10:00:00,875.89221,Sistema
2023-06-23T11:00:00,875.89221,Sistema
2023-06-23T12:00:00,875.89221,Sistema
2023-06-23T13:00:00,875.89221,Sistema
2023-06-23T14:00:00,875.89221,Sistema
2023-06-23T15:00:00,885.89221,Sistema
2023-06-23T16:00:00,885.89221,Sistema
2023-06-23T17:00:00,875.89221,Sistema
2023-06-23T18:00:00,875.89221,Sistema
2023-06-23T19:00:00,875.89221,Sistema
2023-06-23T20:00:00,875.89221,Sistema
2023-06-23T21:00:00,875.89221,Sistema
2023-06-23T22:00:00,875.89221,Sistema
2023-06-23T23:00:00,820.89221,Sistema
2023-06-23T24:00:00,815.89221,Sistema
2023-06-24T01:00:00,915.23107,Sistema
2023-06-24T02:00:00,892.23107,Sistema
2023-06-24T03:00:00,887.23107,Sistema
2023-06-24T04:00:00,775.13607,Sistema
2023-06-24T05:00:00,775.13607,Sistema
2023-06-24T06:00:00,775.13607,Sistema
2023-06-24T07:00:00,887.23107,Sistema
2023-06-24T08:00:00,892.23107,Sistema
2023-06-24T09:00:00,915.23107,Sistema
2023-06-24T10:00:00,915.23107,Sistema
2023-06-24T11:00:00,915.23107,Sistema
2023-06-24T12:00:00,917.23107,Sistema
2023-06-24T13:00:00,917.23107,Sistema
2023-06-24T14:00:00,917.23107,Sistema
2023-06-24T15:00:00,915.23107,Sistema
2023-06-24T16:00:00,915.23107,Sistema
2023-06-24T17:00:00,915.23107,Sistema
2023-06-24T18:00:00,915.23107,Sistema
2023-06-24T19:00:00,917.23107,Sistema
2023-06-24T20:00:00,917.23107,Sistema
2023-06-24T21:00:00,917.23107,Sistema
2023-06-24T22:00:00,917.23107,Sistema
2023-06-24T23:00:00,915.23107,Sistema
2023-06-24T24:00:00,892.23107,Sistema
2023-06-25T01:00:00,581.73888,Sistema
2023-06-25T02:00:00,779.36688,Sistema
2023-06-25T03:00:00,581.73888,Sistema
2023-06-25T04:00:00,581.73888,Sistema
2023-06-25T05:00:00,581.73888,Sistema
2023-06-25T06:00:00,779.36688,Sistema
2023-06-25T07:00:00,314.68988,Sistema
2023-06-25T08:00:00,581.73888,Sistema
2023-06-25T09:00:00,862.53888,Sistema
2023-06-25T10:00:00,581.73888,Sistema
2023-06-25T11:00:00,862.53888,Sistema
2023-06-25T12:00:00,732.43988,Sistema
2023-06-25T13:00:00,862.53888,Sistema
2023-06-25T14:00:00,862.53888,Sistema
2023-06-25T15:00:00,732.43988,Sistema
2023-06-25T16:00:00,732.43988,Sistema
2023-06-25T17:00:00,732.43988,Sistema
2023-06-25T18:00:00,732.43988,Sistema
2023-06-25T19:00:00,862.53888,Sistema
2023-06-25T20:00:00,896.73888,Sistema
2023-06-25T21:00:00,896.73888,Sistema
2023-06-25T22:00:00,862.53888,Sistema
2023-06-25T23:00:00,862.53888,Sistema
2023-06-25T24:00:00,738.64988,Sistema
2023-06-26T01:00:00,281.19665,Sistema
2023-06-26T02:00:00,281.19665,Sistema
2023-06-26T03:00:00,281.19665,Sistema
2023-06-26T04:00:00,281.19665,Sistema
2023-06-26T05:00:00,297.17665,Sistema
2023-06-26T06:00:00,281.19665,Sistema
2023-06-26T07:00:00,281.19665,Sistema
2023-06-26T08:00:00,851.19665,Sistema
2023-06-26T09:00:00,896.19665,Sistema
2023-06-26T10:00:00,851.19665,Sistema
2023-06-26T11:00:00,851.19665,Sistema
2023-06-26T12:00:00,896.19665,Sistema
2023-06-26T13:00:00,896.19665,Sistema
2023-06-26T14:00:00,896.19665,Sistema
2023-06-26T15:00:00,896.19665,Sistema
2023-06-26T16:00:00,896.19665,Sistema
2023-06-26T17:00:00,896.19665,Sistema
2023-06-26T18:00:00,851.19665,Sistema
2023-06-26T19:00:00,896.19665,Sistema
2023-06-26T20:00:00,896.19665,Sistema
2023-06-26T21:00:00,896.19665,Sistema
2023-06-26T22:00:00,896.19665,Sistema
2023-06-26T23:00:00,851.19665,Sistema
2023-06-26T24:00:00,581.19665,Sistema
2023-06-27T01:00:00,110.69367,Sistema
2023-06-27T02:00:00,204.38367,Sistema
2023-06-27T03:00:00,204.38367,Sistema
2023-06-27T04:00:00,204.38367,Sistema
2023-06-27T05:00:00,204.38367,Sistema
2023-06-27T06:00:00,204.38367,Sistema
2023-06-27T07:00:00,210.83367,Sistema
2023-06-27T08:00:00,584.38367,Sistema
2023-06-27T09:00:00,733.38367,Sistema
2023-06-27T10:00:00,733.38367,Sistema
2023-06-27T11:00:00,804.38367,Sistema
2023-06-27T12:00:00,804.38367,Sistema
2023-06-27T13:00:00,804.38367,Sistema
2023-06-27T14:00:00,804.38367,Sistema
2023-06-27T15:00:00,804.38367,Sistema
2023-06-27T16:00:00,804.38367,Sistema
2023-06-27T17:00:00,804.38367,Sistema
2023-06-27T18:00:00,742.63667,Sistema
2023-06-27T19:00:00,804.38367,Sistema
2023-06-27T20:00:00,804.38367,Sistema
2023-06-27T21:00:00,804.38367,Sistema
2023-06-27T22:00:00,804.38367,Sistema
2023-06-27T23:00:00,733.38367,Sistema
2023-06-27T24:00:00,733.38367,Sistema
2023-06-28T01:00:00,586.84546,Sistema
2023-06-28T02:00:00,449.75546,Sistema
2023-06-28T03:00:00,341.84546,Sistema
2023-06-28T04:00:00,341.84546,Sistema
2023-06-28T05:00:00,341.84546,Sistema
2023-06-28T06:00:00,449.75546,Sistema
2023-06-28T07:00:00,586.84546,Sistema
2023-06-28T08:00:00,586.84546,Sistema
2023-06-28T09:00:00,586.84546,Sistema
2023-06-28T10:00:00,686.84546,Sistema
2023-06-28T11:00:00,686.84546,Sistema
2023-06-28T12:00:00,736.84546,Sistema
2023-06-28T13:00:00,736.84546,Sistema
2023-06-28T14:00:00,736.84546,Sistema
2023-06-28T15:00:00,736.84546,Sistema
2023-06-28T16:00:00,736.84546,Sistema
2023-06-28T17:00:00,736.84546,Sistema
2023-06-28T18:00:00,686.84546,Sistema
2023-06-28T19:00:00,736.84546,Sistema
2023-06-28T20:00:00,736.84546,Sistema
2023-06-28T21:00:00,736.84546,Sistema
2023-06-28T22:00:00,686.84546,Sistema
2023-06-28T23:00:00,586.84546,Sistema
2023-06-28T24:00:00,586.84546,Sistema
2023-06-29T01:00:00,342.63383,Sistema
2023-06-29T02:00:00,342.63383,Sistema
2023-06-29T03:00:00,342.63383,Sistema
2023-06-29T04:00:00,342.63383,Sistema
2023-06-29T05:00:00,342.63383,Sistema
2023-06-29T06:00:00,342.63383,Sistema
2023-06-29T07:00:00,426.76783,Sistema
2023-06-29T08:00:00,447.63383,Sistema
2023-06-29T09:00:00,447.63383,Sistema
2023-06-29T10:00:00,450.54383,Sistema
2023-06-29T11:00:00,458.63383,Sistema
2023-06-29T12:00:00,458.63383,Sistema
2023-06-29T13:00:00,458.63383,Sistema
2023-06-29T14:00:00,458.63383,Sistema
2023-06-29T15:00:00,672.63383,Sistema
2023-06-29T16:00:00,672.63383,Sistema
2023-06-29T17:00:00,458.63383,Sistema
2023-06-29T18:00:00,457.63383,Sistema
2023-06-29T19:00:00,458.63383,Sistema
2023-06-29T20:00:00,672.63383,Sistema
2023-06-29T21:00:00,672.63383,Sistema
2023-06-29T22:00:00,458.63383,Sistema
2023-06-29T23:00:00,447.63383,Sistema
2023-06-29T24:00:00,447.63383,Sistema
2023-06-30T01:00:00,492.49501,Sistema
2023-06-30T02:00:00,492.49501,Sistema
2023-06-30T03:00:00,492.49501,Sistema
2023-06-30T04:00:00,492.49501,Sistema
2023-06-30T05:00:00,492.49501,Sistema
2023-06-30T06:00:00,492.49501,Sistema
2023-06-30T07:00:00,492.49501,Sistema
2023-06-30T08:00:00,492.49501,Sistema
2023-06-30T09:00:00,492.49501,Sistema
2023-06-30T10:00:00,492.49501,Sistema
2023-06-30T11:00:00,517.49501,Sistema
2023-06-30T12:00:00,517.49501,Sistema
2023-06-30T13:00:00,517.49501,Sistema
2023-06-30T14:00:00,517.49501,Sistema
2023-06-30T15:00:00,571.49501,Sistema
2023-06-30T16:00:00,571.49501,Sistema
2023-06-30T17:00:00,517.49501,Sistema
2023-06-30T18:00:00,516.49501,Sistema
2023-06-30T19:00:00,571.49501,Sistema
2023-06-30T20:00:00,571.49501,Sistema
2023-06-30T21:00:00,571.49501,Sistema
2023-06-30T22:00:00,517.49501,Sistema
2023-06-30T23:00:00,492.49501,Sistema
2023-06-30T24:00:00,492.49501,Sistema
2023-07-01T01:00:00,519.227,Sistema
2023-07-01T02:00:00,519.227,Sistema
2023-07-01T03:00:00,513.227,Sistema
2023-07-01T04:00:00,513.227,Sistema
2023-07-01T05:00:00,513.227,Sistema
2023-07-01T06:00:00,513.227,Sistema
2023-07-01T07:00:00,513.227,Sistema
2023-07-01T08:00:00,519.227,Sistema
2023-07-01T09:00:00,559.227,Sistema
2023-07-01T10:00:00,559.227,Sistema
2023-07-01T11:00:00,559.227,Sistema
2023-07-01T12:00:00,559.227,Sistema
2023-07-01T13:00:00,559.227,Sistema
2023-07-01T14:00:00,559.227,Sistema
2023-07-01T15:00:00,559.227,Sistema
2023-07-01T16:00:00,559.227,Sistema
2023-07-01T17:00:00,559.227,Sistema
2023-07-01T18:00:00,559.227,Sistema
2023-07-01T19:00:00,579.227,Sistema
2023-07-01T20:00:00,579.227,Sistema
2023-07-01T21:00:00,559.227,Sistema
2023-07-01T22:00:00,559.227,Sistema
2023-07-01T23:00:00,559.227,Sistema
2023-07-01T24:00:00,519.227,Sistema
2023-07-02T01:00:00,559.21681,Sistema
2023-07-02T02:00:00,559.21681,Sistema
2023-07-02T03:00:00,559.21681,Sistema
2023-07-02T04:00:00,559.21681,Sistema
2023-07-02T05:00:00,559.21681,Sistema
2023-07-02T06:00:00,489.21681,Sistema
2023-07-02T07:00:00,489.21681,Sistema
2023-07-02T08:00:00,489.21681,Sistema
2023-07-02T09:00:00,559.21681,Sistema
2023-07-02T10:00:00,559.21681,Sistema
2023-07-02T11:00:00,559.21681,Sistema
2023-07-02T12:00:00,559.21681,Sistema
2023-07-02T13:00:00,559.21681,Sistema
2023-07-02T14:00:00,559.21681,Sistema
2023-07-02T15:00:00,559.21681,Sistema
2023-07-02T16:00:00,559.21681,Sistema
2023-07-02T17:00:00,559.21681,Sistema
2023-07-02T18:00:00,559.21681,Sistema
2023-07-02T19:00:00,559.21681,Sistema
2023-07-02T20:00:00,561.21681,Sistema
2023-07-02T21:00:00,561.21681,Sistema
2023-07-02T22:00:00,559.21681,Sistema
2023-07-02T23:00:00,559.21681,Sistema
2023-07-02T24:00:00,559.21681,Sistema
2023-07-03T01:00:00,380.68223,Sistema
2023-07-03T02:00:00,380.68223,Sistema
2023-07-03T03:00:00,250.32923,Sistema
2023-07-03T04:00:00,367.48223,Sistema
2023-07-03T05:00:00,380.68223,Sistema
2023-07-03T06:00:00,380.68223,Sistema
2023-07-03T07:00:00,380.68223,Sistema
2023-07-03T08:00:00,380.68223,Sistema
2023-07-03T09:00:00,380.68223,Sistema
2023-07-03T10:00:00,380.68223,Sistema
2023-07-03T11:00:00,380.68223,Sistema
2023-07-03T12:00:00,597.68223,Sistema
2023-07-03T13:00:00,597.68223,Sistema
2023-07-03T14:00:00,597.68223,Sistema
2023-07-03T15:00:00,597.68223,Sistema
2023-07-03T16:00:00,597.68223,Sistema
2023-07-03T17:00:00,597.68223,Sistema
2023-07-03T18:00:00,597.68223,Sistema
2023-07-03T19:00:00,597.68223,Sistema
2023-07-03T20:00:00,600.68223,Sistema
2023-07-03T21:00:00,600.68223,Sistema
2023-07-03T22:00:00,597.68223,Sistema
2023-07-03T23:00:00,597.68223,Sistema
2023-07-03T24:00:00,446.78223,Sistema
2023-07-04T01:00:00,448.86261,Sistema
2023-07-04T02:00:00,448.86261,Sistema
2023-07-04T03:00:00,448.86261,Sistema
2023-07-04T04:00:00,448.86261,Sistema
2023-07-04T05:00:00,448.86261,Sistema
2023-07-04T06:00:00,448.86261,Sistema
2023-07-04T07:00:00,448.86261,Sistema
2023-07-04T08:00:00,543.86261,Sistema
2023-07-04T09:00:00,599.86261,Sistema
2023-07-04T10:00:00,599.86261,Sistema
2023-07-04T11:00:00,599.86261,Sistema
2023-07-04T12:00:00,599.86261,Sistema
2023-07-04T13:00:00,599.86261,Sistema
2023-07-04T14:00:00,599.86261,Sistema
2023-07-04T15:00:00,599.86261,Sistema
2023-07-04T16:00:00,599.86261,Sistema
2023-07-04T17:00:00,599.86261,Sistema
2023-07-04T18:00:00,599.86261,Sistema
2023-07-04T19:00:00,614.86261,Sistema
2023-07-04T20:00:00,615.86261,Sistema
2023-07-04T21:00:00,615.86261,Sistema
2023-07-04T22:00:00,599.86261,Sistema
2023-07-04T23:00:00,599.86261,Sistema
2023-07-04T24:00:00,543.86261,Sistema
2023-07-05T01:00:00,541.12662,Sistema
2023-07-05T02:00:00,541.12662,Sistema
2023-07-05T03:00:00,541.12662,Sistema
2023-07-05T04:00:00,541.12662,Sistema
2023-07-05T05:00:00,606.12662,Sistema
2023-07-05T06:00:00,606.12662,Sistema
2023-07-05T07:00:00,606.12662,Sistema
2023-07-05T08:00:00,623.12662,Sistema
2023-07-05T09:00:00,623.62662,Sistema
2023-07-05T10:00:00,623.62662,Sistema
2023-07-05T11:00:00,623.62662,Sistema
2023-07-05T12:00:00,623.62662,Sistema
2023-07-05T13:00:00,623.62662,Sistema
2023-07-05T14:00:00,623.62662,Sistema
2023-07-05T15:00:00,623.62662,Sistema
2023-07-05T16:00:00,623.62662,Sistema
2023-07-05T17:00:00,623.62662,Sistema
2023-07-05T18:00:00,623.62662,Sistema
2023-07-05T19:00:00,623.62662,Sistema
2023-07-05T20:00:00,623.62662,Sistema
2023-07-05T21:00:00,623.62662,Sistema
2023-07-05T22:00:00,623.62662,Sistema
2023-07-05T23:00:00,623.12662,Sistema
2023-07-05T24:00:00,623.12662,Sistema
2023-07-06T01:00:00,592.36549,Sistema
2023-07-06T02:00:00,603.36549,Sistema
2023-07-06T03:00:00,603.36549,Sistema
2023-07-06T04:00:00,603.36549,Sistema
2023-07-06T05:00:00,603.36549,Sistema
2023-07-06T06:00:00,603.36549,Sistema
2023-07-06T07:00:00,608.36549,Sistema
2023-07-06T08:00:00,613.46549,Sistema
2023-07-06T09:00:00,613.46549,Sistema
2023-07-06T10:00:00,613.46549,Sistema
2023-07-06T11:00:00,618.36549,Sistema
2023-07-06T12:00:00,618.36549,Sistema
2023-07-06T13:00:00,618.36549,Sistema
2023-07-06T14:00:00,618.36549,Sistema
2023-07-06T15:00:00,618.36549,Sistema
2023-07-06T16:00:00,618.36549,Sistema
2023-07-06T17:00:00,618.36549,Sistema
2023-07-06T18:00:00,618.36549,Sistema
2023-07-06T19:00:00,618.36549,Sistema
2023-07-06T20:00:00,618.36549,Sistema
2023-07-06T21:00:00,618.36549,Sistema
2023-07-06T22:00:00,618.36549,Sistema
2023-07-06T23:00:00,613.46549,Sistema
2023-07-06T24:00:00,613.46549,Sistema
2023-07-07T01:00:00,451.69864,Sistema
2023-07-07T02:00:00,451.69864,Sistema
2023-07-07T03:00:00,451.69864,Sistema
2023-07-07T04:00:00,451.69864,Sistema
2023-07-07T05:00:00,451.69864,Sistema
2023-07-07T06:00:00,451.69864,Sistema
2023-07-07T07:00:00,451.69864,Sistema
2023-07-07T08:00:00,606.69864,Sistema
2023-07-07T09:00:00,606.69864,Sistema
2023-07-07T10:00:00,606.69864,Sistema
2023-07-07T11:00:00,606.69864,Sistema
2023-07-07T12:00:00,607.69864,Sistema
2023-07-07T13:00:00,606.69864,Sistema
2023-07-07T14:00:00,607.69864,Sistema
2023-07-07T15:00:00,607.69864,Sistema
2023-07-07T16:00:00,607.69864,Sistema
2023-07-07T17:00:00,607.69864,Sistema
2023-07-07T18:00:00,606.69864,Sistema
2023-07-07T19:00:00,607.69864,Sistema
2023-07-07T20:00:00,607.69864,Sistema
2023-07-07T21:00:00,607.69864,Sistema
2023-07-07T22:00:00,606.69864,Sistema
2023-07-07T23:00:00,606.69864,Sistema
2023-07-07T24:00:00,606.69864,Sistema
2023-07-08T01:00:00,490.39227,Sistema
2023-07-08T02:00:00,451.39227,Sistema
2023-07-08T03:00:00,451.39227,Sistema
2023-07-08T04:00:00,451.39227,Sistema
2023-07-08T05:00:00,451.39227,Sistema
2023-07-08T06:00:00,451.39227,Sistema
2023-07-08T07:00:00,490.39227,Sistema
2023-07-08T08:00:00,500.91027,Sistema
2023-07-08T09:00:00,500.91027,Sistema
2023-07-08T10:00:00,500.91027,Sistema
2023-07-08T11:00:00,500.91027,Sistema
2023-07-08T12:00:00,585.39227,Sistema
2023-07-08T13:00:00,585.39227,Sistema
2023-07-08T14:00:00,585.39227,Sistema
2023-07-08T15:00:00,500.91027,Sistema
2023-07-08T16:00:00,500.91027,Sistema
2023-07-08T17:00:00,500.91027,Sistema
2023-07-08T18:00:00,500.91027,Sistema
2023-07-08T19:00:00,585.39227,Sistema
2023-07-08T20:00:00,608.39227,Sistema
2023-07-08T21:00:00,585.39227,Sistema
2023-07-08T22:00:00,500.91027,Sistema
2023-07-08T23:00:00,500.91027,Sistema
2023-07-08T24:00:00,490.39227,Sistema
2023-07-09T01:00:00,487.88614,Sistema
2023-07-09T02:00:00,449.88614,Sistema
2023-07-09T03:00:00,449.88614,Sistema
2023-07-09T04:00:00,449.88614,Sistema
2023-07-09T05:00:00,449.88614,Sistema
2023-07-09T06:00:00,246.98514,Sistema
2023-07-09T07:00:00,246.98514,Sistema
2023-07-09T08:00:00,443.39314,Sistema
2023-07-09T09:00:00,444.88614,Sistema
2023-07-09T10:00:00,449.88614,Sistema
2023-07-09T11:00:00,449.88614,Sistema
2023-07-09T12:00:00,449.88614,Sistema
2023-07-09T13:00:00,449.88614,Sistema
2023-07-09T14:00:00,449.88614,Sistema
2023-07-09T15:00:00,449.88614,Sistema
2023-07-09T16:00:00,449.88614,Sistema
2023-07-09T17:00:00,449.88614,Sistema
2023-07-09T18:00:00,449.88614,Sistema
2023-07-09T19:00:00,489.88614,Sistema
2023-07-09T20:00:00,500.88614,Sistema
2023-07-09T21:00:00,500.88614,Sistema
2023-07-09T22:00:00,489.88614,Sistema
2023-07-09T23:00:00,487.88614,Sistema
2023-07-09T24:00:00,449.88614,Sistema
2023-07-10T01:00:00,344.03567,Sistema
2023-07-10T02:00:00,344.03567,Sistema
2023-07-10T03:00:00,344.03567,Sistema
2023-07-10T04:00:00,344.03567,Sistema
2023-07-10T05:00:00,344.03567,Sistema
2023-07-10T06:00:00,344.03567,Sistema
2023-07-10T07:00:00,442.54267,Sistema
2023-07-10T08:00:00,488.03567,Sistema
2023-07-10T09:00:00,500.03567,Sistema
2023-07-10T10:00:00,500.03567,Sistema
2023-07-10T11:00:00,501.03567,Sistema
2023-07-10T12:00:00,529.03567,Sistema
2023-07-10T13:00:00,529.03567,Sistema
2023-07-10T14:00:00,529.03567,Sistema
2023-07-10T15:00:00,529.03567,Sistema
2023-07-10T16:00:00,529.03567,Sistema
2023-07-10T17:00:00,529.03567,Sistema
2023-07-10T18:00:00,500.03567,Sistema
2023-07-10T19:00:00,500.03567,Sistema
2023-07-10T20:00:00,529.03567,Sistema
2023-07-10T21:00:00,500.03567,Sistema
2023-07-10T22:00:00,500.03567,Sistema
2023-07-10T23:00:00,500.03567,Sistema
2023-07-10T24:00:00,442.54267,Sistema
2023-07-11T01:00:00,468.59615,Sistema
2023-07-11T02:00:00,468.59615,Sistema
2023-07-11T03:00:00,349.59615,Sistema
2023-07-11T04:00:00,349.59615,Sistema
2023-07-11T05:00:00,468.59615,Sistema
2023-07-11T06:00:00,488.59615,Sistema
2023-07-11T07:00:00,488.59615,Sistema
2023-07-11T08:00:00,500.59615,Sistema
2023-07-11T09:00:00,500.59615,Sistema
2023-07-11T10:00:00,500.59615,Sistema
2023-07-11T11:00:00,501.59615,Sistema
2023-07-11T12:00:00,601.59615,Sistema
2023-07-11T13:00:00,600.59615,Sistema
2023-07-11T14:00:00,601.59615,Sistema
2023-07-11T15:00:00,601.59615,Sistema
2023-07-11T16:00:00,600.59615,Sistema
2023-07-11T17:00:00,601.59615,Sistema
2023-07-11T18:00:00,501.59615,Sistema
2023-07-11T19:00:00,601.59615,Sistema
2023-07-11T20:00:00,604.59615,Sistema
2023-07-11T21:00:00,604.59615,Sistema
2023-07-11T22:00:00,501.59615,Sistema
2023-07-11T23:00:00,500.59615,Sistema
2023-07-11T24:00:00,488.59615,Sistema
2023-07-12T01:00:00,499.37029,Sistema
2023-07-12T02:00:00,499.37029,Sistema
2023-07-12T03:00:00,499.37029,Sistema
2023-07-12T04:00:00,499.37029,Sistema
2023-07-12T05:00:00,499.37029,Sistema
2023-07-12T06:00:00,499.37029,Sistema
2023-07-12T07:00:00,499.37029,Sistema
2023-07-12T08:00:00,500.37029,Sistema
2023-07-12T09:00:00,599.87029,Sistema
2023-07-12T10:00:00,599.87029,Sistema
2023-07-12T11:00:00,599.87029,Sistema
2023-07-12T12:00:00,599.87029,Sistema
2023-07-12T13:00:00,599.87029,Sistema
2023-07-12T14:00:00,599.87029,Sistema
2023-07-12T15:00:00,599.87029,Sistema
2023-07-12T16:00:00,599.87029,Sistema
2023-07-12T17:00:00,599.87029,Sistema
2023-07-12T18:00:00,599.87029,Sistema
2023-07-12T19:00:00,599.87029,Sistema
2023-07-12T20:00:00,599.87029,Sistema
2023-07-12T21:00:00,599.87029,Sistema
2023-07-12T22:00:00,599.87029,Sistema
2023-07-12T23:00:00,501.37029,Sistema
2023-07-12T24:00:00,499.37029,Sistema
2023-07-13T01:00:00,597.43535,Sistema
2023-07-13T02:00:00,597.43535,Sistema
2023-07-13T03:00:00,597.43535,Sistema
2023-07-13T04:00:00,597.43535,Sistema
2023-07-13T05:00:00,597.43535,Sistema
2023-07-13T06:00:00,597.43535,Sistema
2023-07-13T07:00:00,597.43535,Sistema
2023-07-13T08:00:00,605.43535,Sistema
2023-07-13T09:00:00,606.43535,Sistema
2023-07-13T10:00:00,606.43535,Sistema
2023-07-13T11:00:00,606.43535,Sistema
2023-07-13T12:00:00,648.43535,Sistema
2023-07-13T13:00:00,606.43535,Sistema
2023-07-13T14:00:00,606.43535,Sistema
2023-07-13T15:00:00,648.43535,Sistema
2023-07-13T16:00:00,648.43535,Sistema
2023-07-13T17:00:00,707.43535,Sistema
2023-07-13T18:00:00,606.43535,Sistema
2023-07-13T19:00:00,648.43535,Sistema
2023-07-13T20:00:00,707.43535,Sistema
2023-07-13T21:00:00,707.43535,Sistema
2023-07-13T22:00:00,606.43535,Sistema
2023-07-13T23:00:00,606.43535,Sistema
2023-07-13T24:00:00,605.43535,Sistema
2023-07-14T01:00:00,647.0593,Sistema
2023-07-14T02:00:00,647.0593,Sistema
2023-07-14T03:00:00,608.0593,Sistema
2023-07-14T04:00:00,608.0593,Sistema
2023-07-14T05:00:00,608.0593,Sistema
2023-07-14T06:00:00,647.0593,Sistema
2023-07-14T07:00:00,647.0593,Sistema
2023-07-14T08:00:00,649.1593,Sistema
2023-07-14T09:00:00,693.1593,Sistema
2023-07-14T10:00:00,693.1593,Sistema
2023-07-14T11:00:00,693.1593,Sistema
2023-07-14T12:00:00,693.1593,Sistema
2023-07-14T13:00:00,693.1593,Sistema
2023-07-14T14:00:00,693.1593,Sistema
2023-07-14T15:00:00,693.1593,Sistema
2023-07-14T16:00:00,693.1593,Sistema
2023-07-14T17:00:00,693.1593,Sistema
2023-07-14T18:00:00,693.1593,Sistema
2023-07-14T19:00:00,693.1593,Sistema
2023-07-14T20:00:00,693.1593,Sistema
2023-07-14T21:00:00,693.1593,Sistema
2023-07-14T22:00:00,693.1593,Sistema
2023-07-14T23:00:00,647.0593,Sistema
2023-07-14T24:00:00,608.0593,Sistema
2023-07-15T01:00:00,603.03469,Sistema
2023-07-15T02:00:00,603.03469,Sistema
2023-07-15T03:00:00,603.03469,Sistema
2023-07-15T04:00:00,442.54169,Sistema
2023-07-15T05:00:00,442.54169,Sistema
2023-07-15T06:00:00,466.69269,Sistema
2023-07-15T07:00:00,603.03469,Sistema
2023-07-15T08:00:00,649.03469,Sistema
2023-07-15T09:00:00,656.03469,Sistema
2023-07-15T10:00:00,656.03469,Sistema
2023-07-15T11:00:00,656.03469,Sistema
2023-07-15T12:00:00,707.03469,Sistema
2023-07-15T13:00:00,656.03469,Sistema
2023-07-15T14:00:00,656.03469,Sistema
2023-07-15T15:00:00,656.03469,Sistema
2023-07-15T16:00:00,656.03469,Sistema
2023-07-15T17:00:00,656.03469,Sistema
2023-07-15T18:00:00,656.03469,Sistema
2023-07-15T19:00:00,707.03469,Sistema
2023-07-15T20:00:00,707.03469,Sistema
2023-07-15T21:00:00,707.03469,Sistema
2023-07-15T22:00:00,650.13469,Sistema
2023-07-15T23:00:00,656.03469,Sistema
2023-07-15T24:00:00,603.03469,Sistema
2023-07-16T01:00:00,647.83294,Sistema
2023-07-16T02:00:00,647.83294,Sistema
2023-07-16T03:00:00,647.83294,Sistema
2023-07-16T04:00:00,477.83294,Sistema
2023-07-16T05:00:00,647.83294,Sistema
2023-07-16T06:00:00,647.83294,Sistema
2023-07-16T07:00:00,647.83294,Sistema
2023-07-16T08:00:00,647.83294,Sistema
2023-07-16T09:00:00,647.83294,Sistema
2023-07-16T10:00:00,647.83294,Sistema
2023-07-16T11:00:00,647.83294,Sistema
2023-07-16T12:00:00,647.83294,Sistema
2023-07-16T13:00:00,647.83294,Sistema
2023-07-16T14:00:00,647.83294,Sistema
2023-07-16T15:00:00,647.83294,Sistema
2023-07-16T16:00:00,647.83294,Sistema
2023-07-16T17:00:00,647.83294,Sistema
2023-07-16T18:00:00,647.83294,Sistema
2023-07-16T19:00:00,705.83294,Sistema
2023-07-16T20:00:00,741.83294,Sistema
2023-07-16T21:00:00,741.83294,Sistema
2023-07-16T22:00:00,705.83294,Sistema
2023-07-16T23:00:00,705.83294,Sistema
2023-07-16T24:00:00,647.83294,Sistema
2023-07-17T01:00:00,514.53629,Sistema
2023-07-17T02:00:00,514.53629,Sistema
2023-07-17T03:00:00,514.53629,Sistema
2023-07-17T04:00:00,514.53629,Sistema
2023-07-17T05:00:00,514.53629,Sistema
2023-07-17T06:00:00,514.53629,Sistema
2023-07-17T07:00:00,514.53629,Sistema
2023-07-17T08:00:00,514.53629,Sistema
2023-07-17T09:00:00,649.02129,Sistema
2023-07-17T10:00:00,649.02129,Sistema
2023-07-17T11:00:00,649.02129,Sistema
2023-07-17T12:00:00,652.02129,Sistema
2023-07-17T13:00:00,652.02129,Sistema
2023-07-17T14:00:00,652.02129,Sistema
2023-07-17T15:00:00,653.02129,Sistema
2023-07-17T16:00:00,653.02129,Sistema
2023-07-17T17:00:00,652.02129,Sistema
2023-07-17T18:00:00,649.02129,Sistema
2023-07-17T19:00:00,653.02129,Sistema
2023-07-17T20:00:00,709.02129,Sistema
2023-07-17T21:00:00,653.02129,Sistema
2023-07-17T22:00:00,652.02129,Sistema
2023-07-17T23:00:00,649.02129,Sistema
2023-07-17T24:00:00,649.02129,Sistema
2023-07-18T01:00:00,499.27568,Sistema
2023-07-18T02:00:00,507.76068,Sistema
2023-07-18T03:00:00,499.27568,Sistema
2023-07-18T04:00:00,499.27568,Sistema
2023-07-18T05:00:00,507.76068,Sistema
2023-07-18T06:00:00,507.76068,Sistema
2023-07-18T07:00:00,508.76068,Sistema
2023-07-18T08:00:00,508.76068,Sistema
2023-07-18T09:00:00,508.76068,Sistema
2023-07-18T10:00:00,508.76068,Sistema
2023-07-18T11:00:00,539.76068,Sistema
2023-07-18T12:00:00,603.76068,Sistema
2023-07-18T13:00:00,603.76068,Sistema
2023-07-18T14:00:00,603.76068,Sistema
2023-07-18T15:00:00,603.76068,Sistema
2023-07-18T16:00:00,658.76068,Sistema
2023-07-18T17:00:00,603.76068,Sistema
2023-07-18T18:00:00,539.76068,Sistema
2023-07-18T19:00:00,658.76068,Sistema
2023-07-18T20:00:00,743.76068,Sistema
2023-07-18T21:00:00,658.76068,Sistema
2023-07-18T22:00:00,603.76068,Sistema
2023-07-18T23:00:00,508.76068,Sistema
2023-07-18T24:00:00,508.76068,Sistema
2023-07-19T01:00:00,248.7475,Sistema
2023-07-19T02:00:00,241.6485,Sistema
2023-07-19T03:00:00,248.7475,Sistema
2023-07-19T04:00:00,225.6285,Sistema
2023-07-19T05:00:00,241.6485,Sistema
2023-07-19T06:00:00,331.6485,Sistema
2023-07-19T07:00:00,331.6485,Sistema
2023-07-19T08:00:00,446.7065,Sistema
2023-07-19T09:00:00,492.6485,Sistema
2023-07-19T10:00:00,535.6485,Sistema
2023-07-19T11:00:00,541.5485,Sistema
2023-07-19T12:00:00,541.5485,Sistema
2023-07-19T13:00:00,541.5485,Sistema
2023-07-19T14:00:00,541.5485,Sistema
2023-07-19T15:00:00,541.5485,Sistema
2023-07-19T16:00:00,541.5485,Sistema
2023-07-19T17:00:00,535.6485,Sistema
2023-07-19T18:00:00,535.6485,Sistema
2023-07-19T19:00:00,541.5485,Sistema
2023-07-19T20:00:00,541.5485,Sistema
2023-07-19T21:00:00,541.5485,Sistema
2023-07-19T22:00:00,535.6485,Sistema
2023-07-19T23:00:00,535.6485,Sistema
2023-07-19T24:00:00,492.6485,Sistema
2023-07-20T01:00:00,328.71163,Sistema
2023-07-20T02:00:00,328.71163,Sistema
2023-07-20T03:00:00,328.71163,Sistema
2023-07-20T04:00:00,328.71163,Sistema
2023-07-20T05:00:00,320.21163,Sistema
2023-07-20T06:00:00,320.21163,Sistema
2023-07-20T07:00:00,320.21163,Sistema
2023-07-20T08:00:00,320.21163,Sistema
2023-07-20T09:00:00,328.71163,Sistema
2023-07-20T10:00:00,328.71163,Sistema
2023-07-20T11:00:00,328.71163,Sistema
2023-07-20T12:00:00,328.71163,Sistema
2023-07-20T13:00:00,328.71163,Sistema
2023-07-20T14:00:00,328.71163,Sistema
2023-07-20T15:00:00,328.71163,Sistema
2023-07-20T16:00:00,328.71163,Sistema
2023-07-20T17:00:00,328.71163,Sistema
2023-07-20T18:00:00,328.71163,Sistema
2023-07-20T19:00:00,491.21163,Sistema
2023-07-20T20:00:00,529.21163,Sistema
2023-07-20T21:00:00,491.21163,Sistema
2023-07-20T22:00:00,491.21163,Sistema
2023-07-20T23:00:00,328.71163,Sistema
2023-07-20T24:00:00,328.71163,Sistema
2023-07-21T01:00:00,319.43608,Sistema
2023-07-21T02:00:00,319.43608,Sistema
2023-07-21T03:00:00,319.43608,Sistema
2023-07-21T04:00:00,319.43608,Sistema
2023-07-21T05:00:00,327.93608,Sistema
2023-07-21T06:00:00,327.93608,Sistema
2023-07-21T07:00:00,327.93608,Sistema
2023-07-21T08:00:00,327.93608,Sistema
2023-07-21T09:00:00,327.93608,Sistema
2023-07-21T10:00:00,484.93608,Sistema
2023-07-21T11:00:00,490.43608,Sistema
2023-07-21T12:00:00,490.43608,Sistema
2023-07-21T13:00:00,484.93608,Sistema
2023-07-21T14:00:00,484.93608,Sistema
2023-07-21T15:00:00,490.43608,Sistema
2023-07-21T16:00:00,518.43608,Sistema
2023-07-21T17:00:00,518.43608,Sistema
2023-07-21T18:00:00,484.93608,Sistema
2023-07-21T19:00:00,699.43608,Sistema
2023-07-21T20:00:00,699.43608,Sistema
2023-07-21T21:00:00,699.43608,Sistema
2023-07-21T22:00:00,490.43608,Sistema
2023-07-21T23:00:00,490.43608,Sistema
2023-07-21T24:00:00,327.93608,Sistema
2023-07-22T01:00:00,327.61765,Sistema
2023-07-22T02:00:00,327.61765,Sistema
2023-07-22T03:00:00,327.61765,Sistema
2023-07-22T04:00:00,327.61765,Sistema
2023-07-22T05:00:00,327.61765,Sistema
2023-07-22T06:00:00,327.61765,Sistema
2023-07-22T07:00:00,327.61765,Sistema
2023-07-22T08:00:00,327.61765,Sistema
2023-07-22T09:00:00,327.61765,Sistema
2023-07-22T10:00:00,329.11765,Sistema
2023-07-22T11:00:00,330.11765,Sistema
2023-07-22T12:00:00,330.11765,Sistema
2023-07-22T13:00:00,329.11765,Sistema
2023-07-22T14:00:00,329.11765,Sistema
2023-07-22T15:00:00,327.61765,Sistema
2023-07-22T16:00:00,327.61765,Sistema
2023-07-22T17:00:00,327.61765,Sistema
2023-07-22T18:00:00,327.61765,Sistema
2023-07-22T19:00:00,484.61765,Sistema
2023-07-22T20:00:00,554.11765,Sistema
2023-07-22T21:00:00,329.11765,Sistema
2023-07-22T22:00:00,329.11765,Sistema
2023-07-22T23:00:00,327.61765,Sistema
2023-07-22T24:00:00,327.61765,Sistema
2023-07-23T01:00:00,329.5699,Sistema
2023-07-23T02:00:00,330.5699,Sistema
2023-07-23T03:00:00,329.5699,Sistema
2023-07-23T04:00:00,329.5699,Sistema
2023-07-23T05:00:00,329.5699,Sistema
2023-07-23T06:00:00,329.5699,Sistema
2023-07-23T07:00:00,199.5699,Sistema
2023-07-23T08:00:00,237.9799,Sistema
2023-07-23T09:00:00,329.5699,Sistema
2023-07-23T10:00:00,329.5699,Sistema
2023-07-23T11:00:00,329.5699,Sistema
2023-07-23T12:00:00,330.5699,Sistema
2023-07-23T13:00:00,399.5699,Sistema
2023-07-23T14:00:00,399.5699,Sistema
2023-07-23T15:00:00,399.5699,Sistema
2023-07-23T16:00:00,399.5699,Sistema
2023-07-23T17:00:00,399.5699,Sistema
2023-07-23T18:00:00,399.5699,Sistema
2023-07-23T19:00:00,464.5699,Sistema
2023-07-23T20:00:00,464.5699,Sistema
2023-07-23T21:00:00,464.5699,Sistema
2023-07-23T22:00:00,464.5699,Sistema
2023-07-23T23:00:00,464.5699,Sistema
2023-07-23T24:00:00,399.5699,Sistema
2023-07-24T01:00:00,468.8036,Sistema
2023-07-24T02:00:00,468.8036,Sistema
2023-07-24T03:00:00,348.8036,Sistema
2023-07-24T04:00:00,348.8036,Sistema
2023-07-24T05:00:00,348.8036,Sistema
2023-07-24T06:00:00,468.8036,Sistema
2023-07-24T07:00:00,468.8036,Sistema
2023-07-24T08:00:00,470.8036,Sistema
2023-07-24T09:00:00,484.3036,Sistema
2023-07-24T10:00:00,484.3036,Sistema
2023-07-24T11:00:00,484.3036,Sistema
2023-07-24T12:00:00,532.8036,Sistema
2023-07-24T13:00:00,484.3036,Sistema
2023-07-24T14:00:00,532.8036,Sistema
2023-07-24T15:00:00,532.8036,Sistema
2023-07-24T16:00:00,532.8036,Sistema
2023-07-24T17:00:00,532.8036,Sistema
2023-07-24T18:00:00,484.3036,Sistema
2023-07-24T19:00:00,668.8036,Sistema
2023-07-24T20:00:00,748.8036,Sistema
2023-07-24T21:00:00,748.8036,Sistema
2023-07-24T22:00:00,532.8036,Sistema
2023-07-24T23:00:00,484.3036,Sistema
2023-07-24T24:00:00,484.3036,Sistema
2023-07-25T01:00:00,499.1828,Sistema
2023-07-25T02:00:00,499.1828,Sistema
2023-07-25T03:00:00,459.1828,Sistema
2023-07-25T04:00:00,459.1828,Sistema
2023-07-25T05:00:00,459.1828,Sistema
2023-07-25T06:00:00,499.1828,Sistema
2023-07-25T07:00:00,499.1828,Sistema
2023-07-25T08:00:00,500.1828,Sistema
2023-07-25T09:00:00,500.1828,Sistema
2023-07-25T10:00:00,500.1828,Sistema
2023-07-25T11:00:00,500.1828,Sistema
2023-07-25T12:00:00,500.1828,Sistema
2023-07-25T13:00:00,500.1828,Sistema
2023-07-25T14:00:00,500.1828,Sistema
2023-07-25T15:00:00,500.1828,Sistema
2023-07-25T16:00:00,518.1828,Sistema
2023-07-25T17:00:00,500.1828,Sistema
2023-07-25T18:00:00,500.1828,Sistema
2023-07-25T19:00:00,518.1828,Sistema
2023-07-25T20:00:00,604.1828,Sistema
2023-07-25T21:00:00,518.1828,Sistema
2023-07-25T22:00:00,500.1828,Sistema
2023-07-25T23:00:00,500.1828,Sistema
2023-07-25T24:00:00,499.1828,Sistema
2023-07-26T01:00:00,430.30919,Sistema
2023-07-26T02:00:00,420.33919,Sistema
2023-07-26T03:00:00,430.52819,Sistema
2023-07-26T04:00:00,247.43819,Sistema
2023-07-26T05:00:00,224.31919,Sistema
2023-07-26T06:00:00,420.33919,Sistema
2023-07-26T07:00:00,420.33919,Sistema
2023-07-26T08:00:00,430.52819,Sistema
2023-07-26T09:00:00,494.33919,Sistema
2023-07-26T10:00:00,510.33919,Sistema
2023-07-26T11:00:00,601.33919,Sistema
2023-07-26T12:00:00,601.33919,Sistema
2023-07-26T13:00:00,601.33919,Sistema
2023-07-26T14:00:00,601.33919,Sistema
2023-07-26T15:00:00,601.33919,Sistema
2023-07-26T16:00:00,601.33919,Sistema
2023-07-26T17:00:00,601.33919,Sistema
2023-07-26T18:00:00,601.33919,Sistema
2023-07-26T19:00:00,601.33919,Sistema
2023-07-26T20:00:00,601.33919,Sistema
2023-07-26T21:00:00,601.33919,Sistema
2023-07-26T22:00:00,601.33919,Sistema
2023-07-26T23:00:00,510.33919,Sistema
2023-07-26T24:00:00,460.33919,Sistema
2023-07-27T01:00:00,420.4574,Sistema
2023-07-27T02:00:00,424.4574,Sistema
2023-07-27T03:00:00,420.4574,Sistema
2023-07-27T04:00:00,420.4574,Sistema
2023-07-27T05:00:00,420.4574,Sistema
2023-07-27T06:00:00,424.4574,Sistema
2023-07-27T07:00:00,420.4574,Sistema
2023-07-27T08:00:00,424.4574,Sistema
2023-07-27T09:00:00,494.4574,Sistema
2023-07-27T10:00:00,600.4574,Sistema
2023-07-27T11:00:00,639.4574,Sistema
2023-07-27T12:00:00,639.4574,Sistema
2023-07-27T13:00:00,639.4574,Sistema
2023-07-27T14:00:00,639.4574,Sistema
2023-07-27T15:00:00,639.4574,Sistema
2023-07-27T16:00:00,639.4574,Sistema
2023-07-27T17:00:00,639.4574,Sistema
2023-07-27T18:00:00,639.4574,Sistema
2023-07-27T19:00:00,639.4574,Sistema
2023-07-27T20:00:00,639.4574,Sistema
2023-07-27T21:00:00,639.4574,Sistema
2023-07-27T22:00:00,639.4574,Sistema
2023-07-27T23:00:00,494.4574,Sistema
2023-07-27T24:00:00,420.4574,Sistema
2023-07-28T01:00:00,421.96787,Sistema
2023-07-28T02:00:00,421.96787,Sistema
2023-07-28T03:00:00,415.99687,Sistema
2023-07-28T04:00:00,419.46787,Sistema
2023-07-28T05:00:00,419.46787,Sistema
2023-07-28T06:00:00,421.96787,Sistema
2023-07-28T07:00:00,421.96787,Sistema
2023-07-28T08:00:00,421.96787,Sistema
2023-07-28T09:00:00,421.96787,Sistema
2023-07-28T10:00:00,422.46787,Sistema
2023-07-28T11:00:00,422.46787,Sistema
2023-07-28T12:00:00,544.46787,Sistema
2023-07-28T13:00:00,544.46787,Sistema
2023-07-28T14:00:00,544.46787,Sistema
2023-07-28T15:00:00,544.46787,Sistema
2023-07-28T16:00:00,601.46787,Sistema
2023-07-28T17:00:00,569.46787,Sistema
2023-07-28T18:00:00,544.46787,Sistema
2023-07-28T19:00:00,569.46787,Sistema
2023-07-28T20:00:00,601.46787,Sistema
2023-07-28T21:00:00,569.46787,Sistema
2023-07-28T22:00:00,544.46787,Sistema
2023-07-28T23:00:00,422.46787,Sistema
2023-07-28T24:00:00,421.96787,Sistema
2023-07-29T01:00:00,413.99414,Sistema
2023-07-29T02:00:00,413.99414,Sistema
2023-07-29T03:00:00,413.99414,Sistema
2023-07-29T04:00:00,413.99414,Sistema
2023-07-29T05:00:00,413.99414,Sistema
2023-07-29T06:00:00,413.99414,Sistema
2023-07-29T07:00:00,413.99414,Sistema
2023-07-29T08:00:00,413.99414,Sistema
2023-07-29T09:00:00,498.69414,Sistema
2023-07-29T10:00:00,513.69414,Sistema
2023-07-29T11:00:00,523.69414,Sistema
2023-07-29T12:00:00,568.69414,Sistema
2023-07-29T13:00:00,568.69414,Sistema
2023-07-29T14:00:00,523.69414,Sistema
2023-07-29T15:00:00,523.69414,Sistema
2023-07-29T16:00:00,523.69414,Sistema
2023-07-29T17:00:00,523.69414,Sistema
2023-07-29T18:00:00,523.69414,Sistema
2023-07-29T19:00:00,638.69414,Sistema
2023-07-29T20:00:00,638.69414,Sistema
2023-07-29T21:00:00,523.69414,Sistema
2023-07-29T22:00:00,523.69414,Sistema
2023-07-29T23:00:00,513.69414,Sistema
2023-07-29T24:00:00,498.69414,Sistema
2023-07-30T01:00:00,514.61947,Sistema
2023-07-30T02:00:00,514.61947,Sistema
2023-07-30T03:00:00,509.61947,Sistema
2023-07-30T04:00:00,509.61947,Sistema
2023-07-30T05:00:00,493.61947,Sistema
2023-07-30T06:00:00,335.51247,Sistema
2023-07-30T07:00:00,493.61947,Sistema
2023-07-30T08:00:00,493.61947,Sistema
2023-07-30T09:00:00,493.61947,Sistema
2023-07-30T10:00:00,509.61947,Sistema
2023-07-30T11:00:00,514.61947,Sistema
2023-07-30T12:00:00,514.61947,Sistema
2023-07-30T13:00:00,516.91947,Sistema
2023-07-30T14:00:00,516.91947,Sistema
2023-07-30T15:00:00,516.91947,Sistema
2023-07-30T16:00:00,514.61947,Sistema
2023-07-30T17:00:00,516.91947,Sistema
2023-07-30T18:00:00,516.91947,Sistema
2023-07-30T19:00:00,516.91947,Sistema
2023-07-30T20:00:00,516.91947,Sistema
2023-07-30T21:00:00,516.91947,Sistema
2023-07-30T22:00:00,516.91947,Sistema
2023-07-30T23:00:00,516.91947,Sistema
2023-07-30T24:00:00,514.61947,Sistema
2023-07-31T01:00:00,250.02152,Sistema
2023-07-31T02:00:00,250.02152,Sistema
2023-07-31T03:00:00,250.02152,Sistema
2023-07-31T04:00:00,250.02152,Sistema
2023-07-31T05:00:00,250.02152,Sistema
2023-07-31T06:00:00,418.74852,Sistema
2023-07-31T07:00:00,320.02152,Sistema
2023-07-31T08:00:00,560.02152,Sistema
2023-07-31T09:00:00,570.02152,Sistema
2023-07-31T10:00:00,580.52152,Sistema
2023-07-31T11:00:00,580.52152,Sistema
2023-07-31T12:00:00,580.52152,Sistema
2023-07-31T13:00:00,580.52152,Sistema
2023-07-31T14:00:00,580.52152,Sistema
2023-07-31T15:00:00,580.52152,Sistema
2023-07-31T16:00:00,580.52152,Sistema
2023-07-31T17:00:00,580.52152,Sistema
2023-07-31T18:00:00,580.52152,Sistema
2023-07-31T19:00:00,580.52152,Sistema
2023-07-31T20:00:00,640.02152,Sistema
2023-07-31T21:00:00,580.52152,Sistema
2023-07-31T22:00:00,580.52152,Sistema
2023-07-31T23:00:00,580.52152,Sistema
2023-07-31T24:00:00,560.02152,Sistema
2023-08-01T01:00:00,322.00712,Sistema
2023-08-01T02:00:00,322.00712,Sistema
2023-08-01T03:00:00,322.00712,Sistema
2023-08-01T04:00:00,322.00712,Sistema
2023-08-01T05:00:00,322.00712,Sistema
2023-08-01T06:00:00,406.70712,Sistema
2023-08-01T07:00:00,406.70712,Sistema
2023-08-01T08:00:00,406.70712,Sistema
2023-08-01T09:00:00,596.70712,Sistema
2023-08-01T10:00:00,596.70712,Sistema
2023-08-01T11:00:00,656.70712,Sistema
2023-08-01T12:00:00,656.70712,Sistema
2023-08-01T13:00:00,656.70712,Sistema
2023-08-01T14:00:00,676.70712,Sistema
2023-08-01T15:00:00,676.70712,Sistema
2023-08-01T16:00:00,671.70712,Sistema
2023-08-01T17:00:00,671.70712,Sistema
2023-08-01T18:00:00,646.70712,Sistema
2023-08-01T19:00:00,676.70712,Sistema
2023-08-01T20:00:00,696.70712,Sistema
2023-08-01T21:00:00,736.70712,Sistema
2023-08-01T22:00:00,656.70712,Sistema
2023-08-01T23:00:00,596.70712,Sistema
2023-08-01T24:00:00,406.70712,Sistema
2023-08-02T01:00:00,408.63258,Sistema
2023-08-02T02:00:00,408.63258,Sistema
2023-08-02T03:00:00,408.63258,Sistema
2023-08-02T04:00:00,408.63258,Sistema
2023-08-02T05:00:00,408.63258,Sistema
2023-08-02T06:00:00,476.29058,Sistema
2023-08-02T07:00:00,476.63258,Sistema
2023-08-02T08:00:00,476.63258,Sistema
2023-08-02T09:00:00,476.63258,Sistema
2023-08-02T10:00:00,476.63258,Sistema
2023-08-02T11:00:00,603.63258,Sistema
2023-08-02T12:00:00,648.63258,Sistema
2023-08-02T13:00:00,648.63258,Sistema
2023-08-02T14:00:00,653.63258,Sistema
2023-08-02T15:00:00,653.63258,Sistema
2023-08-02T16:00:00,673.63258,Sistema
2023-08-02T17:00:00,653.63258,Sistema
2023-08-02T18:00:00,648.63258,Sistema
2023-08-02T19:00:00,653.63258,Sistema
2023-08-02T20:00:00,702.63258,Sistema
2023-08-02T21:00:00,673.63258,Sistema
2023-08-02T22:00:00,648.63258,Sistema
2023-08-02T23:00:00,476.63258,Sistema
2023-08-02T24:00:00,476.63258,Sistema
2023-08-03T01:00:00,320.21756,Sistema
2023-08-03T02:00:00,320.21756,Sistema
2023-08-03T03:00:00,320.21756,Sistema
2023-08-03T04:00:00,320.21756,Sistema
2023-08-03T05:00:00,320.21756,Sistema
2023-08-03T06:00:00,427.29856,Sistema
2023-08-03T07:00:00,427.29856,Sistema
2023-08-03T08:00:00,427.29856,Sistema
2023-08-03T09:00:00,485.91756,Sistema
2023-08-03T10:00:00,485.91756,Sistema
2023-08-03T11:00:00,485.91756,Sistema
2023-08-03T12:00:00,485.91756,Sistema
2023-08-03T13:00:00,485.91756,Sistema
2023-08-03T14:00:00,485.91756,Sistema
2023-08-03T15:00:00,644.91756,Sistema
2023-08-03T16:00:00,676.91756,Sistema
2023-08-03T17:00:00,644.91756,Sistema
2023-08-03T18:00:00,644.91756,Sistema
2023-08-03T19:00:00,644.91756,Sistema
2023-08-03T20:00:00,698.91756,Sistema
2023-08-03T21:00:00,676.91756,Sistema
2023-08-03T22:00:00,644.91756,Sistema
2023-08-03T23:00:00,485.91756,Sistema
2023-08-03T24:00:00,485.91756,Sistema
2023-08-04T01:00:00,404.23048,Sistema
2023-08-04T02:00:00,403.23048,Sistema
2023-08-04T03:00:00,403.23048,Sistema
2023-08-04T04:00:00,403.23048,Sistema
2023-08-04T05:00:00,403.23048,Sistema
2023-08-04T06:00:00,404.23048,Sistema
2023-08-04T07:00:00,404.23048,Sistema
2023-08-04T08:00:00,466.23048,Sistema
2023-08-04T09:00:00,524.73048,Sistema
2023-08-04T10:00:00,524.73048,Sistema
2023-08-04T11:00:00,524.73048,Sistema
2023-08-04T12:00:00,524.73048,Sistema
2023-08-04T13:00:00,524.73048,Sistema
2023-08-04T14:00:00,597.23048,Sistema
2023-08-04T15:00:00,718.23048,Sistema
2023-08-04T16:00:00,718.23048,Sistema
2023-08-04T17:00:00,597.23048,Sistema
2023-08-04T18:00:00,524.73048,Sistema
2023-08-04T19:00:00,718.23048,Sistema
2023-08-04T20:00:00,733.23048,Sistema
2023-08-04T21:00:00,718.23048,Sistema
2023-08-04T22:00:00,524.73048,Sistema
2023-08-04T23:00:00,524.73048,Sistema
2023-08-04T24:00:00,524.73048,Sistema
2023-08-05T01:00:00,465.15788,Sistema
2023-08-05T02:00:00,465.15788,Sistema
2023-08-05T03:00:00,433.15788,Sistema
2023-08-05T04:00:00,433.15788,Sistema
2023-08-05T05:00:00,382.18088,Sistema
2023-08-05T06:00:00,408.03988,Sistema
2023-08-05T07:00:00,433.15788,Sistema
2023-08-05T08:00:00,433.15788,Sistema
2023-08-05T09:00:00,433.15788,Sistema
2023-08-05T10:00:00,433.15788,Sistema
2023-08-05T11:00:00,465.15788,Sistema
2023-08-05T12:00:00,465.15788,Sistema
2023-08-05T13:00:00,465.15788,Sistema
2023-08-05T14:00:00,465.15788,Sistema
2023-08-05T15:00:00,465.15788,Sistema
2023-08-05T16:00:00,465.15788,Sistema
2023-08-05T17:00:00,465.15788,Sistema
2023-08-05T18:00:00,457.63888,Sistema
2023-08-05T19:00:00,592.15788,Sistema
2023-08-05T20:00:00,718.15788,Sistema
2023-08-05T21:00:00,466.15788,Sistema
2023-08-05T22:00:00,466.15788,Sistema
2023-08-05T23:00:00,433.15788,Sistema
2023-08-05T24:00:00,433.15788,Sistema
2023-08-06T01:00:00,483.47956,Sistema
2023-08-06T02:00:00,467.47956,Sistema
2023-08-06T03:00:00,467.47956,Sistema
2023-08-06T04:00:00,466.47956,Sistema
2023-08-06T05:00:00,466.47956,Sistema
2023-08-06T06:00:00,466.47956,Sistema
2023-08-06T07:00:00,425.86056,Sistema
2023-08-06T08:00:00,466.47956,Sistema
2023-08-06T09:00:00,466.47956,Sistema
2023-08-06T10:00:00,466.47956,Sistema
2023-08-06T11:00:00,467.47956,Sistema
2023-08-06T12:00:00,483.47956,Sistema
2023-08-06T13:00:00,483.47956,Sistema
2023-08-06T14:00:00,483.47956,Sistema
2023-08-06T15:00:00,483.47956,Sistema
2023-08-06T16:00:00,483.47956,Sistema
2023-08-06T17:00:00,483.47956,Sistema
2023-08-06T18:00:00,483.47956,Sistema
2023-08-06T19:00:00,587.47956,Sistema
2023-08-06T20:00:00,593.48556,Sistema
2023-08-06T21:00:00,593.48556,Sistema
2023-08-06T22:00:00,587.47956,Sistema
2023-08-06T23:00:00,483.47956,Sistema
2023-08-06T24:00:00,483.47956,Sistema
2023-08-07T01:00:00,204.06105,Sistema
2023-08-07T02:00:00,247.73305,Sistema
2023-08-07T03:00:00,206.04105,Sistema
2023-08-07T04:00:00,206.04105,Sistema
2023-08-07T05:00:00,206.04105,Sistema
2023-08-07T06:00:00,206.04105,Sistema
2023-08-07T07:00:00,204.06105,Sistema
2023-08-07T08:00:00,229.04105,Sistema
2023-08-07T09:00:00,427.44205,Sistema
2023-08-07T10:00:00,427.44205,Sistema
2023-08-07T11:00:00,470.06105,Sistema
2023-08-07T12:00:00,470.06105,Sistema
2023-08-07T13:00:00,470.06105,Sistema
2023-08-07T14:00:00,470.06105,Sistema
2023-08-07T15:00:00,470.06105,Sistema
2023-08-07T16:00:00,470.06105,Sistema
2023-08-07T17:00:00,470.06105,Sistema
2023-08-07T18:00:00,470.06105,Sistema
2023-08-07T19:00:00,595.06705,Sistema
2023-08-07T20:00:00,595.06705,Sistema
2023-08-07T21:00:00,595.06705,Sistema
2023-08-07T22:00:00,595.06705,Sistema
2023-08-07T23:00:00,589.06105,Sistema
2023-08-07T24:00:00,470.06105,Sistema
2023-08-08T01:00:00,403.12381,Sistema
2023-08-08T02:00:00,403.12381,Sistema
2023-08-08T03:00:00,403.12381,Sistema
2023-08-08T04:00:00,403.12381,Sistema
2023-08-08T05:00:00,403.12381,Sistema
2023-08-08T06:00:00,465.92381,Sistema
2023-08-08T07:00:00,465.92381,Sistema
2023-08-08T08:00:00,466.62381,Sistema
2023-08-08T09:00:00,473.12381,Sistema
2023-08-08T10:00:00,503.12381,Sistema
2023-08-08T11:00:00,503.12381,Sistema
2023-08-08T12:00:00,587.12381,Sistema
2023-08-08T13:00:00,587.12381,Sistema
2023-08-08T14:00:00,593.12981,Sistema
2023-08-08T15:00:00,593.12981,Sistema
2023-08-08T16:00:00,593.12981,Sistema
2023-08-08T17:00:00,593.12981,Sistema
2023-08-08T18:00:00,593.12981,Sistema
2023-08-08T19:00:00,593.12981,Sistema
2023-08-08T20:00:00,593.12981,Sistema
2023-08-08T21:00:00,593.12981,Sistema
2023-08-08T22:00:00,593.12981,Sistema
2023-08-08T23:00:00,593.12981,Sistema
2023-08-08T24:00:00,503.12381,Sistema
2023-08-09T01:00:00,493.04008,Sistema
2023-08-09T02:00:00,493.04008,Sistema
2023-08-09T03:00:00,493.04008,Sistema
2023-08-09T04:00:00,493.04008,Sistema
2023-08-09T05:00:00,493.04008,Sistema
2023-08-09T06:00:00,503.04008,Sistema
2023-08-09T07:00:00,503.04008,Sistema
2023-08-09T08:00:00,503.04008,Sistema
2023-08-09T09:00:00,518.04008,Sistema
2023-08-09T10:00:00,582.04008,Sistema
2023-08-09T11:00:00,633.04008,Sistema
2023-08-09T12:00:00,718.04008,Sistema
2023-08-09T13:00:00,693.04008,Sistema
2023-08-09T14:00:00,718.04008,Sistema
2023-08-09T15:00:00,718.04008,Sistema
2023-08-09T16:00:00,723.04008,Sistema
2023-08-09T17:00:00,723.04008,Sistema
2023-08-09T18:00:00,718.04008,Sistema
2023-08-09T19:00:00,733.04008,Sistema
2023-08-09T20:00:00,743.04008,Sistema
2023-08-09T21:00:00,733.04008,Sistema
2023-08-09T22:00:00,723.04008,Sistema
2023-08-09T23:00:00,582.04008,Sistema
2023-08-09T24:00:00,513.04008,Sistema
2023-08-10T01:00:00,577.52151,Sistema
2023-08-10T02:00:00,525.52151,Sistema
2023-08-10T03:00:00,525.52151,Sistema
2023-08-10T04:00:00,525.52151,Sistema
2023-08-10T05:00:00,605.52151,Sistema
2023-08-10T06:00:00,634.52151,Sistema
2023-08-10T07:00:00,634.52151,Sistema
2023-08-10T08:00:00,714.53651,Sistema
2023-08-10T09:00:00,714.53651,Sistema
2023-08-10T10:00:00,714.53651,Sistema
2023-08-10T11:00:00,714.53651,Sistema
2023-08-10T12:00:00,714.53651,Sistema
2023-08-10T13:00:00,714.53651,Sistema
2023-08-10T14:00:00,714.53651,Sistema
2023-08-10T15:00:00,724.52151,Sistema
2023-08-10T16:00:00,724.52151,Sistema
2023-08-10T17:00:00,723.52151,Sistema
2023-08-10T18:00:00,714.53651,Sistema
2023-08-10T19:00:00,723.52151,Sistema
2023-08-10T20:00:00,744.52151,Sistema
2023-08-10T21:00:00,723.52151,Sistema
2023-08-10T22:00:00,714.53651,Sistema
2023-08-10T23:00:00,714.53651,Sistema
2023-08-10T24:00:00,605.52151,Sistema
2023-08-11T01:00:00,747.59462,Sistema
2023-08-11T02:00:00,744.89462,Sistema
2023-08-11T03:00:00,744.89462,Sistema
2023-08-11T04:00:00,744.89462,Sistema
2023-08-11T05:00:00,747.59462,Sistema
2023-08-11T06:00:00,724.59562,Sistema
2023-08-11T07:00:00,724.59562,Sistema
2023-08-11T08:00:00,724.59562,Sistema
2023-08-11T09:00:00,744.89462,Sistema
2023-08-11T10:00:00,747.59462,Sistema
2023-08-11T11:00:00,754.59462,Sistema
2023-08-11T12:00:00,747.59462,Sistema
2023-08-11T13:00:00,744.89462,Sistema
2023-08-11T14:00:00,747.59462,Sistema
2023-08-11T15:00:00,754.59462,Sistema
2023-08-11T16:00:00,747.59462,Sistema
2023-08-11T17:00:00,744.89462,Sistema
2023-08-11T18:00:00,724.59562,Sistema
2023-08-11T19:00:00,754.59462,Sistema
2023-08-11T20:00:00,794.09462,Sistema
2023-08-11T21:00:00,744.89462,Sistema
2023-08-11T22:00:00,747.59462,Sistema
2023-08-11T23:00:00,724.59562,Sistema
2023-08-11T24:00:00,724.59562,Sistema
2023-08-12T01:00:00,759.34622,Sistema
2023-08-12T02:00:00,713.34622,Sistema
2023-08-12T03:00:00,713.34622,Sistema
2023-08-12T04:00:00,632.34622,Sistema
2023-08-12T05:00:00,632.34622,Sistema
2023-08-12T06:00:00,713.34622,Sistema
2023-08-12T07:00:00,713.34622,Sistema
2023-08-12T08:00:00,713.34622,Sistema
2023-08-12T09:00:00,802.34622,Sistema
2023-08-12T10:00:00,759.34622,Sistema
2023-08-12T11:00:00,802.34622,Sistema
2023-08-12T12:00:00,807.34622,Sistema
2023-08-12T13:00:00,807.34622,Sistema
2023-08-12T14:00:00,802.34622,Sistema
2023-08-12T15:00:00,802.34622,Sistema
2023-08-12T16:00:00,802.34622,Sistema
2023-08-12T17:00:00,797.34622,Sistema
2023-08-12T18:00:00,797.34622,Sistema
2023-08-12T19:00:00,817.34622,Sistema
2023-08-12T20:00:00,817.34622,Sistema
2023-08-12T21:00:00,817.34622,Sistema
2023-08-12T22:00:00,817.34622,Sistema
2023-08-12T23:00:00,797.34622,Sistema
2023-08-12T24:00:00,722.34622,Sistema
2023-08-13T01:00:00,685.77859,Sistema
2023-08-13T02:00:00,635.77859,Sistema
2023-08-13T03:00:00,575.77859,Sistema
2023-08-13T04:00:00,575.77859,Sistema
2023-08-13T05:00:00,575.77859,Sistema
2023-08-13T06:00:00,575.77859,Sistema
2023-08-13T07:00:00,575.77859,Sistema
2023-08-13T08:00:00,575.77859,Sistema
2023-08-13T09:00:00,575.77859,Sistema
2023-08-13T10:00:00,575.77859,Sistema
2023-08-13T11:00:00,635.77859,Sistema
2023-08-13T12:00:00,645.80259,Sistema
2023-08-13T13:00:00,725.77859,Sistema
2023-08-13T14:00:00,685.77859,Sistema
2023-08-13T15:00:00,685.77859,Sistema
2023-08-13T16:00:00,645.80259,Sistema
2023-08-13T17:00:00,645.80259,Sistema
2023-08-13T18:00:00,645.80259,Sistema
2023-08-13T19:00:00,774.77859,Sistema
2023-08-13T20:00:00,805.77859,Sistema
2023-08-13T21:00:00,806.77859,Sistema
2023-08-13T22:00:00,806.77859,Sistema
2023-08-13T23:00:00,774.77859,Sistema
2023-08-13T24:00:00,685.77859,Sistema
2023-08-14T01:00:00,251.7977,Sistema
2023-08-14T02:00:00,249.4697,Sistema
2023-08-14T03:00:00,237.7777,Sistema
2023-08-14T04:00:00,237.7777,Sistema
2023-08-14T05:00:00,237.7777,Sistema
2023-08-14T06:00:00,433.0267,Sistema
2023-08-14T07:00:00,636.7977,Sistema
2023-08-14T08:00:00,731.8977,Sistema
2023-08-14T09:00:00,731.8977,Sistema
2023-08-14T10:00:00,731.8977,Sistema
2023-08-14T11:00:00,806.7977,Sistema
2023-08-14T12:00:00,806.7977,Sistema
2023-08-14T13:00:00,806.7977,Sistema
2023-08-14T14:00:00,806.7977,Sistema
2023-08-14T15:00:00,806.7977,Sistema
2023-08-14T16:00:00,806.7977,Sistema
2023-08-14T17:00:00,806.7977,Sistema
2023-08-14T18:00:00,731.8977,Sistema
2023-08-14T19:00:00,806.7977,Sistema
2023-08-14T20:00:00,807.7977,Sistema
2023-08-14T21:00:00,807.7977,Sistema
2023-08-14T22:00:00,806.7977,Sistema
2023-08-14T23:00:00,731.8977,Sistema
2023-08-14T24:00:00,731.8977,Sistema
2023-08-15T01:00:00,726.02993,Sistema
2023-08-15T02:00:00,722.77793,Sistema
2023-08-15T03:00:00,722.77793,Sistema
2023-08-15T04:00:00,656.12993,Sistema
2023-08-15T05:00:00,656.12993,Sistema
2023-08-15T06:00:00,726.02993,Sistema
2023-08-15T07:00:00,722.77793,Sistema
2023-08-15T08:00:00,726.02993,Sistema
2023-08-15T09:00:00,726.02993,Sistema
2023-08-15T10:00:00,726.02993,Sistema
2023-08-15T11:00:00,726.02993,Sistema
2023-08-15T12:00:00,727.12993,Sistema
2023-08-15T13:00:00,727.12993,Sistema
2023-08-15T14:00:00,727.12993,Sistema
2023-08-15T15:00:00,807.12993,Sistema
2023-08-15T16:00:00,807.12993,Sistema
2023-08-15T17:00:00,807.12993,Sistema
2023-08-15T18:00:00,727.12993,Sistema
2023-08-15T19:00:00,806.12993,Sistema
2023-08-15T20:00:00,807.12993,Sistema
2023-08-15T21:00:00,807.12993,Sistema
2023-08-15T22:00:00,806.12993,Sistema
2023-08-15T23:00:00,726.02993,Sistema
2023-08-15T24:00:00,726.02993,Sistema
2023-08-16T01:00:00,434.66457,Sistema
2023-08-16T02:00:00,434.66457,Sistema
2023-08-16T03:00:00,415.99457,Sistema
2023-08-16T04:00:00,292.27257,Sistema
2023-08-16T05:00:00,292.27257,Sistema
2023-08-16T06:00:00,728.43557,Sistema
2023-08-16T07:00:00,728.43557,Sistema
2023-08-16T08:00:00,738.43557,Sistema
2023-08-16T09:00:00,767.53557,Sistema
2023-08-16T10:00:00,767.53557,Sistema
2023-08-16T11:00:00,767.53557,Sistema
2023-08-16T12:00:00,767.53557,Sistema
2023-08-16T13:00:00,767.53557,Sistema
2023-08-16T14:00:00,767.53557,Sistema
2023-08-16T15:00:00,767.53557,Sistema
2023-08-16T16:00:00,767.53557,Sistema
2023-08-16T17:00:00,767.53557,Sistema
2023-08-16T18:00:00,767.53557,Sistema
2023-08-16T19:00:00,813.43557,Sistema
2023-08-16T20:00:00,814.43557,Sistema
2023-08-16T21:00:00,814.43557,Sistema
2023-08-16T22:00:00,767.53557,Sistema
2023-08-16T23:00:00,767.53557,Sistema
2023-08-16T24:00:00,712.68357,Sistema
2023-08-17T01:00:00,291.08889,Sistema
2023-08-17T02:00:00,431.58189,Sistema
2023-08-17T03:00:00,236.33289,Sistema
2023-08-17T04:00:00,219.33289,Sistema
2023-08-17T05:00:00,236.33289,Sistema
2023-08-17T06:00:00,735.35289,Sistema
2023-08-17T07:00:00,735.35289,Sistema
2023-08-17T08:00:00,805.34989,Sistema
2023-08-17T09:00:00,805.34989,Sistema
2023-08-17T10:00:00,805.34989,Sistema
2023-08-17T11:00:00,805.34989,Sistema
2023-08-17T12:00:00,805.34989,Sistema
2023-08-17T13:00:00,805.34989,Sistema
2023-08-17T14:00:00,805.34989,Sistema
2023-08-17T15:00:00,805.34989,Sistema
2023-08-17T16:00:00,815.35289,Sistema
2023-08-17T17:00:00,820.35289,Sistema
2023-08-17T18:00:00,820.35289,Sistema
2023-08-17T19:00:00,830.35289,Sistema
2023-08-17T20:00:00,830.35289,Sistema
2023-08-17T21:00:00,820.35289,Sistema
2023-08-17T22:00:00,815.35289,Sistema
2023-08-17T23:00:00,805.34989,Sistema
2023-08-17T24:00:00,805.34989,Sistema
2023-08-18T01:00:00,763.45967,Sistema
2023-08-18T02:00:00,793.45967,Sistema
2023-08-18T03:00:00,769.02667,Sistema
2023-08-18T04:00:00,246.13167,Sistema
2023-08-18T05:00:00,411.01867,Sistema
2023-08-18T06:00:00,763.45967,Sistema
2023-08-18T07:00:00,709.13867,Sistema
2023-08-18T08:00:00,763.45967,Sistema
2023-08-18T09:00:00,793.45967,Sistema
2023-08-18T10:00:00,803.45667,Sistema
2023-08-18T11:00:00,803.45667,Sistema
2023-08-18T12:00:00,803.45667,Sistema
2023-08-18T13:00:00,803.45667,Sistema
2023-08-18T14:00:00,803.45667,Sistema
2023-08-18T15:00:00,803.45667,Sistema
2023-08-18T16:00:00,803.45667,Sistema
2023-08-18T17:00:00,803.45667,Sistema
2023-08-18T18:00:00,803.45667,Sistema
2023-08-18T19:00:00,803.45667,Sistema
2023-08-18T20:00:00,818.45967,Sistema
2023-08-18T21:00:00,803.45667,Sistema
2023-08-18T22:00:00,803.45667,Sistema
2023-08-18T23:00:00,803.45667,Sistema
2023-08-18T24:00:00,793.45967,Sistema
2023-08-19T01:00:00,712.62719,Sistema
2023-08-19T02:00:00,712.62719,Sistema
2023-08-19T03:00:00,712.62719,Sistema
2023-08-19T04:00:00,425.50419,Sistema
2023-08-19T05:00:00,425.50419,Sistema
2023-08-19T06:00:00,429.35619,Sistema
2023-08-19T07:00:00,712.62719,Sistema
2023-08-19T08:00:00,712.62719,Sistema
2023-08-19T09:00:00,712.62719,Sistema
2023-08-19T10:00:00,712.62719,Sistema
2023-08-19T11:00:00,712.62719,Sistema
2023-08-19T12:00:00,768.12719,Sistema
2023-08-19T13:00:00,768.12719,Sistema
2023-08-19T14:00:00,712.62719,Sistema
2023-08-19T15:00:00,712.62719,Sistema
2023-08-19T16:00:00,712.62719,Sistema
2023-08-19T17:00:00,712.62719,Sistema
2023-08-19T18:00:00,712.62719,Sistema
2023-08-19T19:00:00,768.12719,Sistema
2023-08-19T20:00:00,833.12719,Sistema
2023-08-19T21:00:00,712.62719,Sistema
2023-08-19T22:00:00,712.62719,Sistema
2023-08-19T23:00:00,712.62719,Sistema
2023-08-19T24:00:00,712.62719,Sistema
2023-08-20T01:00:00,353.76925,Sistema
2023-08-20T02:00:00,353.76925,Sistema
2023-08-20T03:00:00,353.76925,Sistema
2023-08-20T04:00:00,353.76925,Sistema
2023-08-20T05:00:00,353.76925,Sistema
2023-08-20T06:00:00,353.76925,Sistema
2023-08-20T07:00:00,353.76925,Sistema
2023-08-20T08:00:00,353.76925,Sistema
2023-08-20T09:00:00,353.76925,Sistema
2023-08-20T10:00:00,353.76925,Sistema
2023-08-20T11:00:00,353.76925,Sistema
2023-08-20T12:00:00,353.76925,Sistema
2023-08-20T13:00:00,353.76925,Sistema
2023-08-20T14:00:00,353.76925,Sistema
2023-08-20T15:00:00,353.76925,Sistema
2023-08-20T16:00:00,353.76925,Sistema
2023-08-20T17:00:00,353.76925,Sistema
2023-08-20T18:00:00,353.76925,Sistema
2023-08-20T19:00:00,798.76925,Sistema
2023-08-20T20:00:00,823.76925,Sistema
2023-08-20T21:00:00,823.76925,Sistema
2023-08-20T22:00:00,768.76925,Sistema
2023-08-20T23:00:00,353.76925,Sistema
2023-08-20T24:00:00,353.76925,Sistema
2023-08-21T01:00:00,326.35326,Sistema
2023-08-21T02:00:00,326.35326,Sistema
2023-08-21T03:00:00,326.35326,Sistema
2023-08-21T04:00:00,326.35326,Sistema
2023-08-21T05:00:00,326.35326,Sistema
2023-08-21T06:00:00,326.35326,Sistema
2023-08-21T07:00:00,326.35326,Sistema
2023-08-21T08:00:00,326.35326,Sistema
2023-08-21T09:00:00,326.35326,Sistema
2023-08-21T10:00:00,346.35326,Sistema
2023-08-21T11:00:00,346.35326,Sistema
2023-08-21T12:00:00,428.73026,Sistema
2023-08-21T13:00:00,556.35126,Sistema
2023-08-21T14:00:00,556.35126,Sistema
2023-08-21T15:00:00,478.35326,Sistema
2023-08-21T16:00:00,556.35126,Sistema
2023-08-21T17:00:00,346.35326,Sistema
2023-08-21T18:00:00,346.35326,Sistema
2023-08-21T19:00:00,556.35126,Sistema
2023-08-21T20:00:00,709.35326,Sistema
2023-08-21T21:00:00,709.35326,Sistema
2023-08-21T22:00:00,556.35126,Sistema
2023-08-21T23:00:00,478.35326,Sistema
2023-08-21T24:00:00,346.35326,Sistema
2023-08-22T01:00:00,103.02116,Sistema
2023-08-22T02:00:00,106.00216,Sistema
2023-08-22T03:00:00,221.98116,Sistema
2023-08-22T04:00:00,106.00216,Sistema
2023-08-22T05:00:00,238.98116,Sistema
2023-08-22T06:00:00,308.00116,Sistema
2023-08-22T07:00:00,308.00116,Sistema
2023-08-22T08:00:00,308.00116,Sistema
2023-08-22T09:00:00,308.00116,Sistema
2023-08-22T10:00:00,308.00116,Sistema
2023-08-22T11:00:00,308.00116,Sistema
2023-08-22T12:00:00,329.00716,Sistema
2023-08-22T13:00:00,308.00116,Sistema
2023-08-22T14:00:00,308.00116,Sistema
2023-08-22T15:00:00,329.00716,Sistema
2023-08-22T16:00:00,773.00116,Sistema
2023-08-22T17:00:00,487.00116,Sistema
2023-08-22T18:00:00,308.00116,Sistema
2023-08-22T19:00:00,487.00116,Sistema
2023-08-22T20:00:00,799.00116,Sistema
2023-08-22T21:00:00,329.00716,Sistema
2023-08-22T22:00:00,308.00116,Sistema
2023-08-22T23:00:00,308.00116,Sistema
2023-08-22T24:00:00,308.00116,Sistema
2023-08-23T01:00:00,103.02568,Sistema
2023-08-23T02:00:00,103.02568,Sistema
2023-08-23T03:00:00,106.79568,Sistema
2023-08-23T04:00:00,103.02568,Sistema
2023-08-23T05:00:00,107.02668,Sistema
2023-08-23T06:00:00,197.82668,Sistema
2023-08-23T07:00:00,197.82668,Sistema
2023-08-23T08:00:00,197.82668,Sistema
2023-08-23T09:00:00,197.82668,Sistema
2023-08-23T10:00:00,197.82668,Sistema
2023-08-23T11:00:00,206.82668,Sistema
2023-08-23T12:00:00,206.82668,Sistema
2023-08-23T13:00:00,206.82668,Sistema
2023-08-23T14:00:00,206.82668,Sistema
2023-08-23T15:00:00,238.80668,Sistema
2023-08-23T16:00:00,437.82668,Sistema
2023-08-23T17:00:00,415.38568,Sistema
2023-08-23T18:00:00,197.82668,Sistema
2023-08-23T19:00:00,437.82668,Sistema
2023-08-23T20:00:00,437.82668,Sistema
2023-08-23T21:00:00,437.82668,Sistema
2023-08-23T22:00:00,437.82668,Sistema
2023-08-23T23:00:00,197.82668,Sistema
2023-08-23T24:00:00,197.82668,Sistema
2023-08-24T01:00:00,101.48739,Sistema
2023-08-24T02:00:00,101.48739,Sistema
2023-08-24T03:00:00,101.48739,Sistema
2023-08-24T04:00:00,101.48739,Sistema
2023-08-24T05:00:00,104.19839,Sistema
2023-08-24T06:00:00,104.19839,Sistema
2023-08-24T07:00:00,104.19839,Sistema
2023-08-24T08:00:00,191.46639,Sistema
2023-08-24T09:00:00,191.46639,Sistema
2023-08-24T10:00:00,191.46639,Sistema
2023-08-24T11:00:00,191.46639,Sistema
2023-08-24T12:00:00,191.46639,Sistema
2023-08-24T13:00:00,191.46639,Sistema
2023-08-24T14:00:00,191.46639,Sistema
2023-08-24T15:00:00,220.44739,Sistema
2023-08-24T16:00:00,191.46639,Sistema
2023-08-24T17:00:00,191.46639,Sistema
2023-08-24T18:00:00,191.46639,Sistema
2023-08-24T19:00:00,276.46739,Sistema
2023-08-24T20:00:00,771.46739,Sistema
2023-08-24T21:00:00,276.46739,Sistema
2023-08-24T22:00:00,220.44739,Sistema
2023-08-24T23:00:00,191.46639,Sistema
2023-08-24T24:00:00,191.46639,Sistema
2023-08-25T01:00:00,100.5861,Sistema
2023-08-25T02:00:00,100.5861,Sistema
2023-08-25T03:00:00,100.5861,Sistema
2023-08-25T04:00:00,100.5861,Sistema
2023-08-25T05:00:00,100.5861,Sistema
2023-08-25T06:00:00,100.5861,Sistema
2023-08-25T07:00:00,100.5861,Sistema
2023-08-25T08:00:00,103.2971,Sistema
2023-08-25T09:00:00,103.2971,Sistema
2023-08-25T10:00:00,106.2971,Sistema
2023-08-25T11:00:00,184.5661,Sistema
2023-08-25T12:00:00,184.5661,Sistema
2023-08-25T13:00:00,184.5661,Sistema
2023-08-25T14:00:00,184.5661,Sistema
2023-08-25T15:00:00,257.7201,Sistema
2023-08-25T16:00:00,257.7201,Sistema
2023-08-25T17:00:00,184.5661,Sistema
2023-08-25T18:00:00,184.5661,Sistema
2023-08-25T19:00:00,219.5461,Sistema
2023-08-25T20:00:00,795.5661,Sistema
2023-08-25T21:00:00,795.5661,Sistema
2023-08-25T22:00:00,184.5661,Sistema
2023-08-25T23:00:00,103.2971,Sistema
2023-08-25T24:00:00,103.2971,Sistema
2023-08-26T01:00:00,175.99659,Sistema
2023-08-26T02:00:00,175.99659,Sistema
2023-08-26T03:00:00,175.99659,Sistema
2023-08-26T04:00:00,101.72959,Sistema
2023-08-26T05:00:00,101.72959,Sistema
2023-08-26T06:00:00,104.03859,Sistema
2023-08-26T07:00:00,175.99659,Sistema
2023-08-26T08:00:00,175.99659,Sistema
2023-08-26T09:00:00,175.99659,Sistema
2023-08-26T10:00:00,175.99659,Sistema
2023-08-26T11:00:00,257.99659,Sistema
2023-08-26T12:00:00,257.99659,Sistema
2023-08-26T13:00:00,257.99659,Sistema
2023-08-26T14:00:00,257.99659,Sistema
2023-08-26T15:00:00,256.15059,Sistema
2023-08-26T16:00:00,257.99659,Sistema
2023-08-26T17:00:00,256.15059,Sistema
2023-08-26T18:00:00,175.99659,Sistema
2023-08-26T19:00:00,741.99659,Sistema
2023-08-26T20:00:00,741.99659,Sistema
2023-08-26T21:00:00,257.99659,Sistema
2023-08-26T22:00:00,257.99659,Sistema
2023-08-26T23:00:00,175.99659,Sistema
2023-08-26T24:00:00,175.99659,Sistema
2023-08-27T01:00:00,205.99177,Sistema
2023-08-27T02:00:00,105.86777,Sistema
2023-08-27T03:00:00,102.72477,Sistema
2023-08-27T04:00:00,102.72477,Sistema
2023-08-27T05:00:00,102.72477,Sistema
2023-08-27T06:00:00,102.72477,Sistema
2023-08-27T07:00:00,102.69177,Sistema
2023-08-27T08:00:00,102.72477,Sistema
2023-08-27T09:00:00,102.72477,Sistema
2023-08-27T10:00:00,105.72277,Sistema
2023-08-27T11:00:00,205.99177,Sistema
2023-08-27T12:00:00,205.99177,Sistema
2023-08-27T13:00:00,205.99177,Sistema
2023-08-27T14:00:00,205.99177,Sistema
2023-08-27T15:00:00,205.99177,Sistema
2023-08-27T16:00:00,205.99177,Sistema
2023-08-27T17:00:00,205.99177,Sistema
2023-08-27T18:00:00,205.99177,Sistema
2023-08-27T19:00:00,254.99177,Sistema
2023-08-27T20:00:00,358.99177,Sistema
2023-08-27T21:00:00,358.99177,Sistema
2023-08-27T22:00:00,205.99177,Sistema
2023-08-27T23:00:00,205.99177,Sistema
2023-08-27T24:00:00,205.99177,Sistema
2023-08-28T01:00:00,253.63284,Sistema
2023-08-28T02:00:00,294.61284,Sistema
2023-08-28T03:00:00,253.63284,Sistema
2023-08-28T04:00:00,253.63284,Sistema
2023-08-28T05:00:00,253.63284,Sistema
2023-08-28T06:00:00,302.63284,Sistema
2023-08-28T07:00:00,302.63284,Sistema
2023-08-28T08:00:00,302.63284,Sistema
2023-08-28T09:00:00,302.63284,Sistema
2023-08-28T10:00:00,302.63284,Sistema
2023-08-28T11:00:00,357.63284,Sistema
2023-08-28T12:00:00,357.63284,Sistema
2023-08-28T13:00:00,357.63284,Sistema
2023-08-28T14:00:00,385.92084,Sistema
2023-08-28T15:00:00,485.63284,Sistema
2023-08-28T16:00:00,485.63284,Sistema
2023-08-28T17:00:00,485.63284,Sistema
2023-08-28T18:00:00,357.63284,Sistema
2023-08-28T19:00:00,484.63284,Sistema
2023-08-28T20:00:00,485.63284,Sistema
2023-08-28T21:00:00,485.63284,Sistema
2023-08-28T22:00:00,484.63284,Sistema
2023-08-28T23:00:00,357.63284,Sistema
2023-08-28T24:00:00,302.63284,Sistema
2023-08-29T01:00:00,506.39532,Sistema
2023-08-29T02:00:00,506.39532,Sistema
2023-08-29T03:00:00,506.39532,Sistema
2023-08-29T04:00:00,506.39532,Sistema
2023-08-29T05:00:00,506.39532,Sistema
2023-08-29T06:00:00,497.41532,Sistema
2023-08-29T07:00:00,497.41532,Sistema
2023-08-29T08:00:00,506.39532,Sistema
2023-08-29T09:00:00,506.39532,Sistema
2023-08-29T10:00:00,506.39532,Sistema
2023-08-29T11:00:00,583.41532,Sistema
2023-08-29T12:00:00,596.73032,Sistema
2023-08-29T13:00:00,603.41532,Sistema
2023-08-29T14:00:00,603.41532,Sistema
2023-08-29T15:00:00,603.41532,Sistema
2023-08-29T16:00:00,604.41532,Sistema
2023-08-29T17:00:00,604.41532,Sistema
2023-08-29T18:00:00,603.41532,Sistema
2023-08-29T19:00:00,605.41532,Sistema
2023-08-29T20:00:00,605.41532,Sistema
2023-08-29T21:00:00,605.41532,Sistema
2023-08-29T22:00:00,603.41532,Sistema
2023-08-29T23:00:00,603.41532,Sistema
2023-08-29T24:00:00,506.39532,Sistema
2023-08-30T01:00:00,752.26538,Sistema
2023-08-30T02:00:00,752.26538,Sistema
2023-08-30T03:00:00,747.26538,Sistema
2023-08-30T04:00:00,733.26538,Sistema
2023-08-30T05:00:00,733.26538,Sistema
2023-08-30T06:00:00,752.26538,Sistema
2023-08-30T07:00:00,752.26538,Sistema
2023-08-30T08:00:00,767.26538,Sistema
2023-08-30T09:00:00,752.26538,Sistema
2023-08-30T10:00:00,752.26538,Sistema
2023-08-30T11:00:00,752.26538,Sistema
2023-08-30T12:00:00,767.26538,Sistema
2023-08-30T13:00:00,752.26538,Sistema
2023-08-30T14:00:00,752.26538,Sistema
2023-08-30T15:00:00,752.26538,Sistema
2023-08-30T16:00:00,767.26538,Sistema
2023-08-30T17:00:00,752.26538,Sistema
2023-08-30T18:00:00,752.26538,Sistema
2023-08-30T19:00:00,752.26538,Sistema
2023-08-30T20:00:00,752.26538,Sistema
2023-08-30T21:00:00,752.26538,Sistema
2023-08-30T22:00:00,752.26538,Sistema
2023-08-30T23:00:00,752.26538,Sistema
2023-08-30T24:00:00,747.26538,Sistema
2023-08-31T01:00:00,797.55071,Sistema
2023-08-31T02:00:00,772.55071,Sistema
2023-08-31T03:00:00,772.55071,Sistema
2023-08-31T04:00:00,772.55071,Sistema
2023-08-31T05:00:00,772.55071,Sistema
2023-08-31T06:00:00,797.55071,Sistema
2023-08-31T07:00:00,797.55071,Sistema
2023-08-31T08:00:00,797.55071,Sistema
2023-08-31T09:00:00,797.55071,Sistema
2023-08-31T10:00:00,797.55071,Sistema
2023-08-31T11:00:00,817.55071,Sistema
2023-08-31T12:00:00,817.55071,Sistema
2023-08-31T13:00:00,817.55071,Sistema
2023-08-31T14:00:00,817.55071,Sistema
2023-08-31T15:00:00,817.55071,Sistema
2023-08-31T16:00:00,817.55071,Sistema
2023-08-31T17:00:00,817.55071,Sistema
2023-08-31T18:00:00,817.55071,Sistema
2023-08-31T19:00:00,817.55071,Sistema
2023-08-31T20:00:00,817.55071,Sistema
2023-08-31T21:00:00,817.55071,Sistema
2023-08-31T22:00:00,817.55071,Sistema
2023-08-31T23:00:00,817.55071,Sistema
2023-08-31T24:00:00,797.55071,Sistema
2023-09-01T01:00:00,815.87371,Sistema
2023-09-01T02:00:00,815.87371,Sistema
2023-09-01T03:00:00,815.87371,Sistema
2023-09-01T04:00:00,815.87371,Sistema
2023-09-01T05:00:00,815.87371,Sistema
2023-09-01T06:00:00,815.87371,Sistema
2023-09-01T07:00:00,815.87371,Sistema
2023-09-01T08:00:00,815.87371,Sistema
2023-09-01T09:00:00,838.87371,Sistema
2023-09-01T10:00:00,838.87371,Sistema
2023-09-01T11:00:00,849.37371,Sistema
2023-09-01T12:00:00,849.37371,Sistema
2023-09-01T13:00:00,849.37371,Sistema
2023-09-01T14:00:00,849.37371,Sistema
2023-09-01T15:00:00,849.37371,Sistema
2023-09-01T16:00:00,868.87371,Sistema
2023-09-01T17:00:00,849.37371,Sistema
2023-09-01T18:00:00,849.37371,Sistema
2023-09-01T19:00:00,849.37371,Sistema
2023-09-01T20:00:00,868.87371,Sistema
2023-09-01T21:00:00,849.37371,Sistema
2023-09-01T22:00:00,849.37371,Sistema
2023-09-01T23:00:00,849.37371,Sistema
2023-09-01T24:00:00,838.87371,Sistema
2023-09-02T01:00:00,900.98076,Sistema
2023-09-02T02:00:00,873.98176,Sistema
2023-09-02T03:00:00,873.98176,Sistema
2023-09-02T04:00:00,873.98176,Sistema
2023-09-02T05:00:00,873.98176,Sistema
2023-09-02T06:00:00,873.98176,Sistema
2023-09-02T07:00:00,873.98176,Sistema
2023-09-02T08:00:00,873.98176,Sistema
2023-09-02T09:00:00,900.98076,Sistema
2023-09-02T10:00:00,900.98076,Sistema
2023-09-02T11:00:00,900.98076,Sistema
2023-09-02T12:00:00,900.98076,Sistema
2023-09-02T13:00:00,900.98076,Sistema
2023-09-02T14:00:00,900.98076,Sistema
2023-09-02T15:00:00,900.98076,Sistema
2023-09-02T16:00:00,900.98076,Sistema
2023-09-02T17:00:00,900.98076,Sistema
2023-09-02T18:00:00,900.98076,Sistema
2023-09-02T19:00:00,917.98076,Sistema
2023-09-02T20:00:00,917.98076,Sistema
2023-09-02T21:00:00,900.98076,Sistema
2023-09-02T22:00:00,900.98076,Sistema
2023-09-02T23:00:00,900.98076,Sistema
2023-09-02T24:00:00,873.98176,Sistema
2023-09-03T01:00:00,920.06746,Sistema
2023-09-03T02:00:00,920.06746,Sistema
2023-09-03T03:00:00,920.06746,Sistema
2023-09-03T04:00:00,920.06746,Sistema
2023-09-03T05:00:00,920.06746,Sistema
2023-09-03T06:00:00,920.06746,Sistema
2023-09-03T07:00:00,860.06746,Sistema
2023-09-03T08:00:00,920.06746,Sistema
2023-09-03T09:00:00,920.06746,Sistema
2023-09-03T10:00:00,920.06746,Sistema
2023-09-03T11:00:00,920.06746,Sistema
2023-09-03T12:00:00,920.06746,Sistema
2023-09-03T13:00:00,920.06746,Sistema
2023-09-03T14:00:00,920.06746,Sistema
2023-09-03T15:00:00,920.06746,Sistema
2023-09-03T16:00:00,920.06746,Sistema
2023-09-03T17:00:00,970.06746,Sistema
2023-09-03T18:00:00,970.06746,Sistema
2023-09-03T19:00:00,977.06746,Sistema
2023-09-03T20:00:00,977.06746,Sistema
2023-09-03T21:00:00,977.06746,Sistema
2023-09-03T22:00:00,977.06746,Sistema
2023-09-03T23:00:00,970.06746,Sistema
2023-09-03T24:00:00,920.06746,Sistema
2023-09-04T01:00:00,976.98325,Sistema
2023-09-04T02:00:00,892.68325,Sistema
2023-09-04T03:00:00,892.68325,Sistema
2023-09-04T04:00:00,885.98325,Sistema
2023-09-04T05:00:00,892.68325,Sistema
2023-09-04T06:00:00,976.98325,Sistema
2023-09-04T07:00:00,976.98325,Sistema
2023-09-04T08:00:00,977.48325,Sistema
2023-09-04T09:00:00,977.48325,Sistema
2023-09-04T10:00:00,977.48325,Sistema
2023-09-04T11:00:00,977.48325,Sistema
2023-09-04T12:00:00,981.98325,Sistema
2023-09-04T13:00:00,981.98325,Sistema
2023-09-04T14:00:00,981.98325,Sistema
2023-09-04T15:00:00,981.98325,Sistema
2023-09-04T16:00:00,981.98325,Sistema
2023-09-04T17:00:00,981.98325,Sistema
2023-09-04T18:00:00,981.98325,Sistema
2023-09-04T19:00:00,981.98325,Sistema
2023-09-04T20:00:00,981.98325,Sistema
2023-09-04T21:00:00,981.98325,Sistema
2023-09-04T22:00:00,981.98325,Sistema
2023-09-04T23:00:00,981.98325,Sistema
2023-09-04T24:00:00,977.48325,Sistema
2023-09-05T01:00:00,981.11023,Sistema
2023-09-05T02:00:00,977.11023,Sistema
2023-09-05T03:00:00,977.11023,Sistema
2023-09-05T04:00:00,893.81023,Sistema
2023-09-05T05:00:00,977.11023,Sistema
2023-09-05T06:00:00,981.11023,Sistema
2023-09-05T07:00:00,981.11023,Sistema
2023-09-05T08:00:00,981.11023,Sistema
2023-09-05T09:00:00,985.31023,Sistema
2023-09-05T10:00:00,985.31023,Sistema
2023-09-05T11:00:00,985.31023,Sistema
2023-09-05T12:00:00,985.31023,Sistema
2023-09-05T13:00:00,985.31023,Sistema
2023-09-05T14:00:00,985.31023,Sistema
2023-09-05T15:00:00,985.31023,Sistema
2023-09-05T16:00:00,985.31023,Sistema
2023-09-05T17:00:00,985.31023,Sistema
2023-09-05T18:00:00,985.31023,Sistema
2023-09-05T19:00:00,987.11023,Sistema
2023-09-05T20:00:00,987.11023,Sistema
2023-09-05T21:00:00,985.31023,Sistema
2023-09-05T22:00:00,985.31023,Sistema
2023-09-05T23:00:00,985.31023,Sistema
2023-09-05T24:00:00,981.11023,Sistema
2023-09-06T01:00:00,895.92907,Sistema
2023-09-06T02:00:00,747.92907,Sistema
2023-09-06T03:00:00,747.92907,Sistema
2023-09-06T04:00:00,747.92907,Sistema
2023-09-06T05:00:00,747.92907,Sistema
2023-09-06T06:00:00,895.92907,Sistema
2023-09-06T07:00:00,895.92907,Sistema
2023-09-06T08:00:00,985.02907,Sistema
2023-09-06T09:00:00,985.02907,Sistema
2023-09-06T10:00:00,985.02907,Sistema
2023-09-06T11:00:00,992.92907,Sistema
2023-09-06T12:00:00,992.92907,Sistema
2023-09-06T13:00:00,992.92907,Sistema
2023-09-06T14:00:00,992.92907,Sistema
2023-09-06T15:00:00,992.92907,Sistema
2023-09-06T16:00:00,992.92907,Sistema
2023-09-06T17:00:00,992.92907,Sistema
2023-09-06T18:00:00,992.92907,Sistema
2023-09-06T19:00:00,992.92907,Sistema
2023-09-06T20:00:00,992.92907,Sistema
2023-09-06T21:00:00,992.92907,Sistema
2023-09-06T22:00:00,992.92907,Sistema
2023-09-06T23:00:00,992.92907,Sistema
2023-09-06T24:00:00,985.02907,Sistema
2023-09-07T01:00:00,1000.03002,Sistema
2023-09-07T02:00:00,1000.03002,Sistema
2023-09-07T03:00:00,996.53002,Sistema
2023-09-07T04:00:00,996.53002,Sistema
2023-09-07T05:00:00,996.53002,Sistema
2023-09-07T06:00:00,1000.03002,Sistema
2023-09-07T07:00:00,1000.03002,Sistema
2023-09-07T08:00:00,1000.03002,Sistema
2023-09-07T09:00:00,1000.03002,Sistema
2023-09-07T10:00:00,1000.03002,Sistema
2023-09-07T11:00:00,1002.03002,Sistema
2023-09-07T12:00:00,1002.03002,Sistema
2023-09-07T13:00:00,1002.03002,Sistema
2023-09-07T14:00:00,1007.03002,Sistema
2023-09-07T15:00:00,1007.03002,Sistema
2023-09-07T16:00:00,1007.03002,Sistema
2023-09-07T17:00:00,1007.03002,Sistema
2023-09-07T18:00:00,1007.03002,Sistema
2023-09-07T19:00:00,1007.03002,Sistema
2023-09-07T20:00:00,1007.03002,Sistema
2023-09-07T21:00:00,1007.03002,Sistema
2023-09-07T22:00:00,1002.03002,Sistema
2023-09-07T23:00:00,1000.03002,Sistema
2023-09-07T24:00:00,1000.03002,Sistema
2023-09-08T01:00:00,1017.98325,Sistema
2023-09-08T02:00:00,1017.98325,Sistema
2023-09-08T03:00:00,1017.98325,Sistema
2023-09-08T04:00:00,1017.98325,Sistema
2023-09-08T05:00:00,1017.98325,Sistema
2023-09-08T06:00:00,1017.98325,Sistema
2023-09-08T07:00:00,1018.28325,Sistema
2023-09-08T08:00:00,1018.28325,Sistema
2023-09-08T09:00:00,1018.98325,Sistema
2023-09-08T10:00:00,1018.98325,Sistema
2023-09-08T11:00:00,1019.98325,Sistema
2023-09-08T12:00:00,1021.98325,Sistema
2023-09-08T13:00:00,1021.98325,Sistema
2023-09-08T14:00:00,1021.98325,Sistema
2023-09-08T15:00:00,1021.98325,Sistema
2023-09-08T16:00:00,1021.98325,Sistema
2023-09-08T17:00:00,1021.98325,Sistema
2023-09-08T18:00:00,1021.98325,Sistema
2023-09-08T19:00:00,1021.98325,Sistema
2023-09-08T20:00:00,1021.98325,Sistema
2023-09-08T21:00:00,1021.98325,Sistema
2023-09-08T22:00:00,1019.98325,Sistema
2023-09-08T23:00:00,1018.98325,Sistema
2023-09-08T24:00:00,1018.43325,Sistema
2023-09-09T01:00:00,1041.98325,Sistema
2023-09-09T02:00:00,1032.98325,Sistema
2023-09-09T03:00:00,1031.98325,Sistema
2023-09-09T04:00:00,1031.98325,Sistema
2023-09-09T05:00:00,1031.98325,Sistema
2023-09-09T06:00:00,1031.98325,Sistema
2023-09-09T07:00:00,1032.98325,Sistema
2023-09-09T08:00:00,1046.98325,Sistema
2023-09-09T09:00:00,1046.98325,Sistema
2023-09-09T10:00:00,1046.98325,Sistema
2023-09-09T11:00:00,1046.98325,Sistema
2023-09-09T12:00:00,1046.98325,Sistema
2023-09-09T13:00:00,1046.98325,Sistema
2023-09-09T14:00:00,1046.98325,Sistema
2023-09-09T15:00:00,1046.98325,Sistema
2023-09-09T16:00:00,1046.98325,Sistema
2023-09-09T17:00:00,1046.98325,Sistema
2023-09-09T18:00:00,1046.98325,Sistema
2023-09-09T19:00:00,1046.98325,Sistema
2023-09-09T20:00:00,1046.98325,Sistema
2023-09-09T21:00:00,1046.98325,Sistema
2023-09-09T22:00:00,1046.98325,Sistema
2023-09-09T23:00:00,1041.98325,Sistema
2023-09-09T24:00:00,1031.98325,Sistema
2023-09-10T01:00:00,1051.98325,Sistema
2023-09-10T02:00:00,1044.98325,Sistema
2023-09-10T03:00:00,1018.06325,Sistema
2023-09-10T04:00:00,1018.06325,Sistema
2023-09-10T05:00:00,1018.06325,Sistema
2023-09-10T06:00:00,1018.06325,Sistema
2023-09-10T07:00:00,1018.06325,Sistema
2023-09-10T08:00:00,1018.06325,Sistema
2023-09-10T09:00:00,1018.06325,Sistema
2023-09-10T10:00:00,1018.06325,Sistema
2023-09-10T11:00:00,1044.98325,Sistema
2023-09-10T12:00:00,1051.98325,Sistema
2023-09-10T13:00:00,1051.98325,Sistema
2023-09-10T14:00:00,1051.98325,Sistema
2023-09-10T15:00:00,1051.98325,Sistema
2023-09-10T16:00:00,1051.98325,Sistema
2023-09-10T17:00:00,1051.98325,Sistema
2023-09-10T18:00:00,1051.98325,Sistema
2023-09-10T19:00:00,1051.98325,Sistema
2023-09-10T20:00:00,1051.98325,Sistema
2023-09-10T21:00:00,1051.98325,Sistema
2023-09-10T22:00:00,1051.98325,Sistema
2023-09-10T23:00:00,1051.98325,Sistema
2023-09-10T24:00:00,1051.98325,Sistema
2023-09-11T01:00:00,1054.98325,Sistema
2023-09-11T02:00:00,1053.68325,Sistema
2023-09-11T03:00:00,1054.98325,Sistema
2023-09-11T04:00:00,1053.68325,Sistema
2023-09-11T05:00:00,1054.98325,Sistema
2023-09-11T06:00:00,1054.98325,Sistema
2023-09-11T07:00:00,1053.68325,Sistema
2023-09-11T08:00:00,1055.99225,Sistema
2023-09-11T09:00:00,1056.98325,Sistema
2023-09-11T10:00:00,1056.99025,Sistema
2023-09-11T11:00:00,1057.00325,Sistema
2023-09-11T12:00:00,1057.98325,Sistema
2023-09-11T13:00:00,1054.98325,Sistema
2023-09-11T14:00:00,1056.98325,Sistema
2023-09-11T15:00:00,1056.99025,Sistema
2023-09-11T16:00:00,1056.99025,Sistema
2023-09-11T17:00:00,1056.99025,Sistema
2023-09-11T18:00:00,1056.99025,Sistema
2023-09-11T19:00:00,1056.99025,Sistema
2023-09-11T20:00:00,1057.00325,Sistema
2023-09-11T21:00:00,1056.98325,Sistema
2023-09-11T22:00:00,1056.98325,Sistema
2023-09-11T23:00:00,1054.98325,Sistema
2023-09-11T24:00:00,1053.68325,Sistema
2023-09-12T01:00:00,1055.48325,Sistema
2023-09-12T02:00:00,1049.48325,Sistema
2023-09-12T03:00:00,1049.48325,Sistema
2023-09-12T04:00:00,1049.48325,Sistema
2023-09-12T05:00:00,1049.48325,Sistema
2023-09-12T06:00:00,1049.48325,Sistema
2023-09-12T07:00:00,1049.48325,Sistema
2023-09-12T08:00:00,1055.48325,Sistema
2023-09-12T09:00:00,1055.48325,Sistema
2023-09-12T10:00:00,1057.18325,Sistema
2023-09-12T11:00:00,1058.28325,Sistema
2023-09-12T12:00:00,1058.28325,Sistema
2023-09-12T13:00:00,1058.28325,Sistema
2023-09-12T14:00:00,1058.28325,Sistema
2023-09-12T15:00:00,1058.28325,Sistema
2023-09-12T16:00:00,1058.28325,Sistema
2023-09-12T17:00:00,1058.28325,Sistema
2023-09-12T18:00:00,1058.28325,Sistema
2023-09-12T19:00:00,1058.98325,Sistema
2023-09-12T20:00:00,1059.18325,Sistema
2023-09-12T21:00:00,1059.18325,Sistema
2023-09-12T22:00:00,1058.28325,Sistema
2023-09-12T23:00:00,1058.28325,Sistema
2023-09-12T24:00:00,1055.48325,Sistema
2023-09-13T01:00:00,1057.98325,Sistema
2023-09-13T02:00:00,1056.98325,Sistema
2023-09-13T03:00:00,1056.98325,Sistema
2023-09-13T04:00:00,1036.98325,Sistema
2023-09-13T05:00:00,1056.98325,Sistema
2023-09-13T06:00:00,1056.98325,Sistema
2023-09-13T07:00:00,1057.08325,Sistema
2023-09-13T08:00:00,1058.38325,Sistema
2023-09-13T09:00:00,1058.38325,Sistema
2023-09-13T10:00:00,1057.98325,Sistema
2023-09-13T11:00:00,1057.98325,Sistema
2023-09-13T12:00:00,1057.98325,Sistema
2023-09-13T13:00:00,1057.98325,Sistema
2023-09-13T14:00:00,1058.38325,Sistema
2023-09-13T15:00:00,1058.38325,Sistema
2023-09-13T16:00:00,1058.38325,Sistema
2023-09-13T17:00:00,1058.38325,Sistema
2023-09-13T18:00:00,1058.38325,Sistema
2023-09-13T19:00:00,1058.38325,Sistema
2023-09-13T20:00:00,1058.38325,Sistema
2023-09-13T21:00:00,1058.38325,Sistema
2023-09-13T22:00:00,1058.38325,Sistema
2023-09-13T23:00:00,1057.98325,Sistema
2023-09-13T24:00:00,1057.98325,Sistema
2023-09-14T01:00:00,1058.58325,Sistema
2023-09-14T02:00:00,1058.43325,Sistema
2023-09-14T03:00:00,1054.98325,Sistema
2023-09-14T04:00:00,1054.98325,Sistema
2023-09-14T05:00:00,1054.98325,Sistema
2023-09-14T06:00:00,1058.43325,Sistema
2023-09-14T07:00:00,1058.43325,Sistema
2023-09-14T08:00:00,1058.43325,Sistema
2023-09-14T09:00:00,1058.43325,Sistema
2023-09-14T10:00:00,1058.43325,Sistema
2023-09-14T11:00:00,1058.43325,Sistema
2023-09-14T12:00:00,1058.58325,Sistema
2023-09-14T13:00:00,1058.58325,Sistema
2023-09-14T14:00:00,1058.58325,Sistema
2023-09-14T15:00:00,1058.58325,Sistema
2023-09-14T16:00:00,1058.58325,Sistema
2023-09-14T17:00:00,1058.58325,Sistema
2023-09-14T18:00:00,1058.58325,Sistema
2023-09-14T19:00:00,1058.58325,Sistema
2023-09-14T20:00:00,1058.98325,Sistema
2023-09-14T21:00:00,1058.58325,Sistema
2023-09-14T22:00:00,1058.58325,Sistema
2023-09-14T23:00:00,1058.43325,Sistema
2023-09-14T24:00:00,1058.43325,Sistema
2023-09-15T01:00:00,1058.78325,Sistema
2023-09-15T02:00:00,1058.78325,Sistema
2023-09-15T03:00:00,1058.78325,Sistema
2023-09-15T04:00:00,1058.58325,Sistema
2023-09-15T05:00:00,1058.78325,Sistema
2023-09-15T06:00:00,1058.78325,Sistema
2023-09-15T07:00:00,1058.78325,Sistema
2023-09-15T08:00:00,1059.08325,Sistema
2023-09-15T09:00:00,1059.08325,Sistema
2023-09-15T10:00:00,1059.88325,Sistema
2023-09-15T11:00:00,1059.88325,Sistema
2023-09-15T12:00:00,1059.88325,Sistema
2023-09-15T13:00:00,1059.88325,Sistema
2023-09-15T14:00:00,1059.88325,Sistema
2023-09-15T15:00:00,1059.88325,Sistema
2023-09-15T16:00:00,1059.88325,Sistema
2023-09-15T17:00:00,1059.88325,Sistema
2023-09-15T18:00:00,1059.88325,Sistema
2023-09-15T19:00:00,1059.88325,Sistema
2023-09-15T20:00:00,1059.88325,Sistema
2023-09-15T21:00:00,1059.88325,Sistema
2023-09-15T22:00:00,1059.08325,Sistema
2023-09-15T23:00:00,1059.08325,Sistema
2023-09-15T24:00:00,1058.78325,Sistema
2023-09-16T01:00:00,1059.31816,Sistema
2023-09-16T02:00:00,1059.31816,Sistema
2023-09-16T03:00:00,1059.31816,Sistema
2023-09-16T04:00:00,1010.31916,Sistema
2023-09-16T05:00:00,1010.31916,Sistema
2023-09-16T06:00:00,1010.31916,Sistema
2023-09-16T07:00:00,1010.31916,Sistema
2023-09-16T08:00:00,1059.31816,Sistema
2023-09-16T09:00:00,1059.31816,Sistema
2023-09-16T10:00:00,1059.31816,Sistema
2023-09-16T11:00:00,1059.51916,Sistema
2023-09-16T12:00:00,1059.51916,Sistema
2023-09-16T13:00:00,1059.51916,Sistema
2023-09-16T14:00:00,1059.51916,Sistema
2023-09-16T15:00:00,1059.51916,Sistema
2023-09-16T16:00:00,1059.51916,Sistema
2023-09-16T17:00:00,1059.51916,Sistema
2023-09-16T18:00:00,1059.51916,Sistema
2023-09-16T19:00:00,1059.81916,Sistema
2023-09-16T20:00:00,1059.81916,Sistema
2023-09-16T21:00:00,1059.51916,Sistema
2023-09-16T22:00:00,1059.51916,Sistema
2023-09-16T23:00:00,1059.31816,Sistema
2023-09-16T24:00:00,1059.31816,Sistema
2023-09-17T01:00:00,1061.48013,Sistema
2023-09-17T02:00:00,1061.38013,Sistema
2023-09-17T03:00:00,1061.38013,Sistema
2023-09-17T04:00:00,822.14713,Sistema
2023-09-17T05:00:00,899.08013,Sistema
2023-09-17T06:00:00,668.04213,Sistema
2023-09-17T07:00:00,639.08013,Sistema
2023-09-17T08:00:00,668.04213,Sistema
2023-09-17T09:00:00,668.04213,Sistema
2023-09-17T10:00:00,639.08013,Sistema
2023-09-17T11:00:00,1010.77813,Sistema
2023-09-17T12:00:00,1061.38013,Sistema
2023-09-17T13:00:00,1061.38013,Sistema
2023-09-17T14:00:00,1061.38013,Sistema
2023-09-17T15:00:00,1061.38013,Sistema
2023-09-17T16:00:00,1061.38013,Sistema
2023-09-17T17:00:00,1061.38013,Sistema
2023-09-17T18:00:00,1061.48013,Sistema
2023-09-17T19:00:00,1061.48013,Sistema
2023-09-17T20:00:00,1061.48013,Sistema
2023-09-17T21:00:00,1061.48013,Sistema
2023-09-17T22:00:00,1061.48013,Sistema
2023-09-17T23:00:00,1061.48013,Sistema
2023-09-17T24:00:00,1061.38013,Sistema
2023-09-18T01:00:00,1059.29942,Sistema
2023-09-18T02:00:00,1009.79742,Sistema
2023-09-18T03:00:00,811.60342,Sistema
2023-09-18T04:00:00,728.09942,Sistema
2023-09-18T05:00:00,833.54242,Sistema
2023-09-18T06:00:00,1059.29942,Sistema
2023-09-18T07:00:00,1059.29942,Sistema
2023-09-18T08:00:00,1059.29942,Sistema
2023-09-18T09:00:00,1059.29942,Sistema
2023-09-18T10:00:00,1060.29942,Sistema
2023-09-18T11:00:00,1060.29942,Sistema
2023-09-18T12:00:00,1060.29942,Sistema
2023-09-18T13:00:00,1060.29942,Sistema
2023-09-18T14:00:00,1060.29942,Sistema
2023-09-18T15:00:00,1060.29942,Sistema
2023-09-18T16:00:00,1060.29942,Sistema
2023-09-18T17:00:00,1060.29942,Sistema
2023-09-18T18:00:00,1060.29942,Sistema
2023-09-18T19:00:00,1060.29942,Sistema
2023-09-18T20:00:00,1060.29942,Sistema
2023-09-18T21:00:00,1060.29942,Sistema
2023-09-18T22:00:00,1060.29942,Sistema
2023-09-18T23:00:00,1060.29942,Sistema
2023-09-18T24:00:00,1059.29942,Sistema
2023-09-19T01:00:00,1008.70246,Sistema
2023-09-19T02:00:00,1008.70146,Sistema
2023-09-19T03:00:00,828.95746,Sistema
2023-09-19T04:00:00,810.50846,Sistema
2023-09-19T05:00:00,1008.70146,Sistema
2023-09-19T06:00:00,1009.00446,Sistema
2023-09-19T07:00:00,1008.70246,Sistema
2023-09-19T08:00:00,1009.00446,Sistema
2023-09-19T09:00:00,1058.50446,Sistema
2023-09-19T10:00:00,1058.50446,Sistema
2023-09-19T11:00:00,1058.50446,Sistema
2023-09-19T12:00:00,1060.05446,Sistema
2023-09-19T13:00:00,1060.05446,Sistema
2023-09-19T14:00:00,1060.05446,Sistema
2023-09-19T15:00:00,1060.05446,Sistema
2023-09-19T16:00:00,1060.05446,Sistema
2023-09-19T17:00:00,1060.05446,Sistema
2023-09-19T18:00:00,1060.05446,Sistema
2023-09-19T19:00:00,1060.05446,Sistema
2023-09-19T20:00:00,1060.05446,Sistema
2023-09-19T21:00:00,1060.05446,Sistema
2023-09-19T22:00:00,1060.05446,Sistema
2023-09-19T23:00:00,1058.50446,Sistema
2023-09-19T24:00:00,1058.50446,Sistema
2023-09-20T01:00:00,1008.88325,Sistema
2023-09-20T02:00:00,1008.88325,Sistema
2023-09-20T03:00:00,1008.68125,Sistema
2023-09-20T04:00:00,1008.68125,Sistema
2023-09-20T05:00:00,1008.88325,Sistema
2023-09-20T06:00:00,1008.88325,Sistema
2023-09-20T07:00:00,1008.88325,Sistema
2023-09-20T08:00:00,1008.88325,Sistema
2023-09-20T09:00:00,1008.88325,Sistema
2023-09-20T10:00:00,1008.88325,Sistema
2023-09-20T11:00:00,1058.48325,Sistema
2023-09-20T12:00:00,1058.58325,Sistema
2023-09-20T13:00:00,1058.58325,Sistema
2023-09-20T14:00:00,1058.58325,Sistema
2023-09-20T15:00:00,1058.58325,Sistema
2023-09-20T16:00:00,1058.58325,Sistema
2023-09-20T17:00:00,1060.04325,Sistema
2023-09-20T18:00:00,1058.58325,Sistema
2023-09-20T19:00:00,1060.05325,Sistema
2023-09-20T20:00:00,1060.04325,Sistema
2023-09-20T21:00:00,1058.58325,Sistema
2023-09-20T22:00:00,1058.58325,Sistema
2023-09-20T23:00:00,1058.58325,Sistema
2023-09-20T24:00:00,1056.98325,Sistema
2023-09-21T01:00:00,1059.98325,Sistema
2023-09-21T02:00:00,1058.98325,Sistema
2023-09-21T03:00:00,1058.98325,Sistema
2023-09-21T04:00:00,1058.98325,Sistema
2023-09-21T05:00:00,1058.98325,Sistema
2023-09-21T06:00:00,1058.98325,Sistema
2023-09-21T07:00:00,1058.98325,Sistema
2023-09-21T08:00:00,1058.98325,Sistema
2023-09-21T09:00:00,1058.98325,Sistema
2023-09-21T10:00:00,1060.05325,Sistema
2023-09-21T11:00:00,1060.05325,Sistema
2023-09-21T12:00:00,1060.88325,Sistema
2023-09-21T13:00:00,1060.88325,Sistema
2023-09-21T14:00:00,1060.09825,Sistema
2023-09-21T15:00:00,1060.88325,Sistema
2023-09-21T16:00:00,1060.88325,Sistema
2023-09-21T17:00:00,1060.88325,Sistema
2023-09-21T18:00:00,1060.88325,Sistema
2023-09-21T19:00:00,1060.88325,Sistema
2023-09-21T20:00:00,1060.88325,Sistema
2023-09-21T21:00:00,1060.88325,Sistema
2023-09-21T22:00:00,1060.88325,Sistema
2023-09-21T23:00:00,1059.98325,Sistema
2023-09-21T24:00:00,1058.98325,Sistema
2023-09-22T01:00:00,1060.03325,Sistema
2023-09-22T02:00:00,1060.03325,Sistema
2023-09-22T03:00:00,1051.98325,Sistema
2023-09-22T04:00:00,1051.98325,Sistema
2023-09-22T05:00:00,1060.03325,Sistema
2023-09-22T06:00:00,1060.03325,Sistema
2023-09-22T07:00:00,1060.03325,Sistema
2023-09-22T08:00:00,1060.03325,Sistema
2023-09-22T09:00:00,1060.03325,Sistema
2023-09-22T10:00:00,1060.03325,Sistema
2023-09-22T11:00:00,1060.48325,Sistema
2023-09-22T12:00:00,1060.48325,Sistema
2023-09-22T13:00:00,1060.91325,Sistema
2023-09-22T14:00:00,1060.91325,Sistema
2023-09-22T15:00:00,1060.93325,Sistema
2023-09-22T16:00:00,1060.93325,Sistema
2023-09-22T17:00:00,1060.93325,Sistema
2023-09-22T18:00:00,1060.92325,Sistema
2023-09-22T19:00:00,1060.98325,Sistema
2023-09-22T20:00:00,1060.98325,Sistema
2023-09-22T21:00:00,1060.98325,Sistema
2023-09-22T22:00:00,1060.98325,Sistema
2023-09-22T23:00:00,1060.91325,Sistema
2023-09-22T24:00:00,1060.91325,Sistema
2023-09-23T01:00:00,1061.08326,Sistema
2023-09-23T02:00:00,1061.03226,Sistema
2023-09-23T03:00:00,1061.03226,Sistema
2023-09-23T04:00:00,1061.03226,Sistema
2023-09-23T05:00:00,1061.03226,Sistema
2023-09-23T06:00:00,1061.03226,Sistema
2023-09-23T07:00:00,1061.03226,Sistema
2023-09-23T08:00:00,1061.03226,Sistema
2023-09-23T09:00:00,1061.08326,Sistema
2023-09-23T10:00:00,1061.08326,Sistema
2023-09-23T11:00:00,1061.08326,Sistema
2023-09-23T12:00:00,1061.13226,Sistema
2023-09-23T13:00:00,1061.13226,Sistema
2023-09-23T14:00:00,1061.08326,Sistema
2023-09-23T15:00:00,1061.08326,Sistema
2023-09-23T16:00:00,1061.08326,Sistema
2023-09-23T17:00:00,1061.08326,Sistema
2023-09-23T18:00:00,1061.08326,Sistema
2023-09-23T19:00:00,1061.08326,Sistema
2023-09-23T20:00:00,1061.08326,Sistema
2023-09-23T21:00:00,1061.08326,Sistema
2023-09-23T22:00:00,1061.08326,Sistema
2023-09-23T23:00:00,1061.03226,Sistema
2023-09-23T24:00:00,1061.03226,Sistema
2023-09-24T01:00:00,1060.68508,Sistema
2023-09-24T02:00:00,1060.58508,Sistema
2023-09-24T03:00:00,1009.58308,Sistema
2023-09-24T04:00:00,1009.58208,Sistema
2023-09-24T05:00:00,997.88508,Sistema
2023-09-24T06:00:00,747.88508,Sistema
2023-09-24T07:00:00,747.88508,Sistema
2023-09-24T08:00:00,747.88508,Sistema
2023-09-24T09:00:00,747.88508,Sistema
2023-09-24T10:00:00,1009.58308,Sistema
2023-09-24T11:00:00,1060.58508,Sistema
2023-09-24T12:00:00,1060.58508,Sistema
2023-09-24T13:00:00,1060.68508,Sistema
2023-09-24T14:00:00,1060.68508,Sistema
2023-09-24T15:00:00,1060.68508,Sistema
2023-09-24T16:00:00,1060.68508,Sistema
2023-09-24T17:00:00,1060.68508,Sistema
2023-09-24T18:00:00,1060.88508,Sistema
2023-09-24T19:00:00,1060.88508,Sistema
2023-09-24T20:00:00,1060.88508,Sistema
2023-09-24T21:00:00,1060.88508,Sistema
2023-09-24T22:00:00,1060.88508,Sistema
2023-09-24T23:00:00,1060.88508,Sistema
2023-09-24T24:00:00,1060.88508,Sistema
2023-09-25T01:00:00,1008.68025,Sistema
2023-09-25T02:00:00,1008.68025,Sistema
2023-09-25T03:00:00,996.98325,Sistema
2023-09-25T04:00:00,796.98325,Sistema
2023-09-25T05:00:00,1008.68025,Sistema
2023-09-25T06:00:00,1059.68325,Sistema
2023-09-25T07:00:00,1059.68325,Sistema
2023-09-25T08:00:00,1060.48325,Sistema
2023-09-25T09:00:00,1060.48325,Sistema
2023-09-25T10:00:00,1060.48325,Sistema
2023-09-25T11:00:00,1061.08325,Sistema
2023-09-25T12:00:00,1061.08325,Sistema
2023-09-25T13:00:00,1061.08325,Sistema
2023-09-25T14:00:00,1061.08325,Sistema
2023-09-25T15:00:00,1061.08325,Sistema
2023-09-25T16:00:00,1061.08325,Sistema
2023-09-25T17:00:00,1061.08325,Sistema
2023-09-25T18:00:00,1061.08325,Sistema
2023-09-25T19:00:00,1061.68325,Sistema
2023-09-25T20:00:00,1061.08325,Sistema
2023-09-25T21:00:00,1061.08325,Sistema
2023-09-25T22:00:00,1061.08325,Sistema
2023-09-25T23:00:00,1061.08325,Sistema
2023-09-25T24:00:00,1060.48325,Sistema
2023-09-26T01:00:00,1061.48325,Sistema
2023-09-26T02:00:00,1060.98325,Sistema
2023-09-26T03:00:00,1060.68325,Sistema
2023-09-26T04:00:00,1060.68325,Sistema
2023-09-26T05:00:00,1060.68325,Sistema
2023-09-26T06:00:00,1060.98325,Sistema
2023-09-26T07:00:00,1060.98325,Sistema
2023-09-26T08:00:00,1061.48325,Sistema
2023-09-26T09:00:00,1061.48325,Sistema
2023-09-26T10:00:00,1061.48325,Sistema
2023-09-26T11:00:00,1061.48325,Sistema
2023-09-26T12:00:00,1061.48325,Sistema
2023-09-26T13:00:00,1061.48325,Sistema
2023-09-26T14:00:00,1061.63325,Sistema
2023-09-26T15:00:00,1061.63325,Sistema
2023-09-26T16:00:00,1061.63325,Sistema
2023-09-26T17:00:00,1061.63325,Sistema
2023-09-26T18:00:00,1061.63325,Sistema
2023-09-26T19:00:00,1061.63325,Sistema
2023-09-26T20:00:00,1061.63325,Sistema
2023-09-26T21:00:00,1061.63325,Sistema
2023-09-26T22:00:00,1061.63325,Sistema
2023-09-26T23:00:00,1061.48325,Sistema
2023-09-26T24:00:00,1061.48325,Sistema
2023-09-27T01:00:00,1008.98325,Sistema
2023-09-27T02:00:00,1008.68025,Sistema
2023-09-27T03:00:00,1001.98325,Sistema
2023-09-27T04:00:00,1001.98325,Sistema
2023-09-27T05:00:00,1001.98325,Sistema
2023-09-27T06:00:00,1008.68125,Sistema
2023-09-27T07:00:00,1008.98325,Sistema
2023-09-27T08:00:00,1008.98325,Sistema
2023-09-27T09:00:00,1061.68525,Sistema
2023-09-27T10:00:00,1061.68525,Sistema
2023-09-27T11:00:00,1061.68525,Sistema
2023-09-27T12:00:00,1061.68525,Sistema
2023-09-27T13:00:00,1061.68525,Sistema
2023-09-27T14:00:00,1061.68525,Sistema
2023-09-27T15:00:00,1061.68625,Sistema
2023-09-27T16:00:00,1061.68625,Sistema
2023-09-27T17:00:00,1061.68625,Sistema
2023-09-27T18:00:00,1061.68525,Sistema
2023-09-27T19:00:00,1061.68625,Sistema
2023-09-27T20:00:00,1061.68625,Sistema
2023-09-27T21:00:00,1061.68625,Sistema
2023-09-27T22:00:00,1061.68525,Sistema
2023-09-27T23:00:00,1061.65325,Sistema
2023-09-27T24:00:00,1008.98325,Sistema
2023-09-28T01:00:00,1012.75866,Sistema
2023-09-28T02:00:00,1009.45666,Sistema
2023-09-28T03:00:00,1009.45566,Sistema
2023-09-28T04:00:00,997.75866,Sistema
2023-09-28T05:00:00,1009.45566,Sistema
2023-09-28T06:00:00,1012.75866,Sistema
2023-09-28T07:00:00,1012.75866,Sistema
2023-09-28T08:00:00,1012.75866,Sistema
2023-09-28T09:00:00,1062.55866,Sistema
2023-09-28T10:00:00,1062.55866,Sistema
2023-09-28T11:00:00,1062.59266,Sistema
2023-09-28T12:00:00,1062.59266,Sistema
2023-09-28T13:00:00,1062.59266,Sistema
2023-09-28T14:00:00,1062.59366,Sistema
2023-09-28T15:00:00,1062.59466,Sistema
2023-09-28T16:00:00,1062.59466,Sistema
2023-09-28T17:00:00,1062.59466,Sistema
2023-09-28T18:00:00,1062.59466,Sistema
2023-09-28T19:00:00,1062.59466,Sistema
2023-09-28T20:00:00,1062.59466,Sistema
2023-09-28T21:00:00,1062.59466,Sistema
2023-09-28T22:00:00,1062.59466,Sistema
2023-09-28T23:00:00,1062.55866,Sistema
2023-09-28T24:00:00,1062.55866,Sistema
2023-09-29T01:00:00,1013.25479,Sistema
2023-09-29T02:00:00,1009.95279,Sistema
2023-09-29T03:00:00,998.25479,Sistema
2023-09-29T04:00:00,848.25479,Sistema
2023-09-29T05:00:00,998.25479,Sistema
2023-09-29T06:00:00,1013.25479,Sistema
2023-09-29T07:00:00,1013.25479,Sistema
2023-09-29T08:00:00,1013.25479,Sistema
2023-09-29T09:00:00,1017.25479,Sistema
2023-09-29T10:00:00,1018.25479,Sistema
2023-09-29T11:00:00,1018.25479,Sistema
2023-09-29T12:00:00,1063.18479,Sistema
2023-09-29T13:00:00,1063.19179,Sistema
2023-09-29T14:00:00,1063.19179,Sistema
2023-09-29T15:00:00,1063.19179,Sistema
2023-09-29T16:00:00,1063.19279,Sistema
2023-09-29T17:00:00,1063.19279,Sistema
2023-09-29T18:00:00,1063.19279,Sistema
2023-09-29T19:00:00,1063.19379,Sistema
2023-09-29T20:00:00,1063.19379,Sistema
2023-09-29T21:00:00,1063.19379,Sistema
2023-09-29T22:00:00,1063.19279,Sistema
2023-09-29T23:00:00,1063.19179,Sistema
2023-09-29T24:00:00,1018.25479,Sistema
2023-09-30T01:00:00,1016.02604,Sistema
2023-09-30T02:00:00,1008.72404,Sistema
2023-09-30T03:00:00,997.02604,Sistema
2023-09-30T04:00:00,847.02604,Sistema
2023-09-30T05:00:00,847.02604,Sistema
2023-09-30T06:00:00,847.02604,Sistema
2023-09-30T07:00:00,847.02604,Sistema
2023-09-30T08:00:00,1008.72304,Sistema
2023-09-30T09:00:00,1016.02604,Sistema
2023-09-30T10:00:00,1047.02604,Sistema
2023-09-30T11:00:00,1061.86404,Sistema
2023-09-30T12:00:00,1061.94604,Sistema
2023-09-30T13:00:00,1061.94604,Sistema
2023-09-30T14:00:00,1061.94604,Sistema
2023-09-30T15:00:00,1061.94604,Sistema
2023-09-30T16:00:00,1061.94604,Sistema
2023-09-30T17:00:00,1061.96304,Sistema
2023-09-30T18:00:00,1061.96304,Sistema
2023-09-30T19:00:00,1061.96404,Sistema
2023-09-30T20:00:00,1061.96304,Sistema
2023-09-30T21:00:00,1061.96304,Sistema
2023-09-30T22:00:00,1047.02604,Sistema
2023-09-30T23:00:00,1061.86404,Sistema
2023-09-30T24:00:00,1016.02604,Sistema
2023-10-01T01:00:00,1061.14694,Sistema
2023-10-01T02:00:00,1061.10994,Sistema
2023-10-01T03:00:00,1061.10994,Sistema
2023-10-01T04:00:00,1061.10994,Sistema
2023-10-01T05:00:00,1061.10994,Sistema
2023-10-01T06:00:00,1061.10994,Sistema
2023-10-01T07:00:00,1061.10994,Sistema
2023-10-01T08:00:00,1061.10994,Sistema
2023-10-01T09:00:00,1061.10994,Sistema
2023-10-01T10:00:00,1061.10994,Sistema
2023-10-01T11:00:00,1061.10994,Sistema
2023-10-01T12:00:00,596.20994,Sistema
2023-10-01T13:00:00,1061.14694,Sistema
2023-10-01T14:00:00,1061.10994,Sistema
2023-10-01T15:00:00,1061.10994,Sistema
2023-10-01T16:00:00,1061.10994,Sistema
2023-10-01T17:00:00,1061.10994,Sistema
2023-10-01T18:00:00,1061.14694,Sistema
2023-10-01T19:00:00,1061.70994,Sistema
2023-10-01T20:00:00,1062.80994,Sistema
2023-10-01T21:00:00,1062.80994,Sistema
2023-10-01T22:00:00,1061.70994,Sistema
2023-10-01T23:00:00,1061.14794,Sistema
2023-10-01T24:00:00,1061.14694,Sistema
2023-10-02T01:00:00,1062.19806,Sistema
2023-10-02T02:00:00,1061.58706,Sistema
2023-10-02T03:00:00,1050.58806,Sistema
2023-10-02T04:00:00,1050.58806,Sistema
2023-10-02T05:00:00,1061.58706,Sistema
2023-10-02T06:00:00,1062.19806,Sistema
2023-10-02T07:00:00,1062.19806,Sistema
2023-10-02T08:00:00,1062.19806,Sistema
2023-10-02T09:00:00,1062.19806,Sistema
2023-10-02T10:00:00,1062.19806,Sistema
2023-10-02T11:00:00,1062.19806,Sistema
2023-10-02T12:00:00,1062.19806,Sistema
2023-10-02T13:00:00,1062.19806,Sistema
2023-10-02T14:00:00,1062.19806,Sistema
2023-10-02T15:00:00,1062.20306,Sistema
2023-10-02T16:00:00,1062.23706,Sistema
2023-10-02T17:00:00,1062.23706,Sistema
2023-10-02T18:00:00,1062.23706,Sistema
2023-10-02T19:00:00,1072.58806,Sistema
2023-10-02T20:00:00,1072.58806,Sistema
2023-10-02T21:00:00,1072.58806,Sistema
2023-10-02T22:00:00,1062.23706,Sistema
2023-10-02T23:00:00,1062.19806,Sistema
2023-10-02T24:00:00,1062.19806,Sistema
2023-10-03T01:00:00,1062.54511,Sistema
2023-10-03T02:00:00,1062.54511,Sistema
2023-10-03T03:00:00,1062.54511,Sistema
2023-10-03T04:00:00,1062.54511,Sistema
2023-10-03T05:00:00,1062.54511,Sistema
2023-10-03T06:00:00,1062.54511,Sistema
2023-10-03T07:00:00,1062.54511,Sistema
2023-10-03T08:00:00,1062.54511,Sistema
2023-10-03T09:00:00,1062.55211,Sistema
2023-10-03T10:00:00,1062.55211,Sistema
2023-10-03T11:00:00,1062.55211,Sistema
2023-10-03T12:00:00,1062.55211,Sistema
2023-10-03T13:00:00,1062.55211,Sistema
2023-10-03T14:00:00,1062.55211,Sistema
2023-10-03T15:00:00,1062.55311,Sistema
2023-10-03T16:00:00,1062.55311,Sistema
2023-10-03T17:00:00,1062.55311,Sistema
2023-10-03T18:00:00,1062.55211,Sistema
2023-10-03T19:00:00,1062.55311,Sistema
2023-10-03T20:00:00,1062.55311,Sistema
2023-10-03T21:00:00,1062.55211,Sistema
2023-10-03T22:00:00,1062.55211,Sistema
2023-10-03T23:00:00,1062.55211,Sistema
2023-10-03T24:00:00,1062.54511,Sistema
2023-10-04T01:00:00,1047.58806,Sistema
2023-10-04T02:00:00,1047.58806,Sistema
2023-10-04T03:00:00,1047.58806,Sistema
2023-10-04T04:00:00,1047.58806,Sistema
2023-10-04T05:00:00,1047.58806,Sistema
2023-10-04T06:00:00,1047.58806,Sistema
2023-10-04T07:00:00,1047.58806,Sistema
2023-10-04T08:00:00,1047.58806,Sistema
2023-10-04T09:00:00,1047.58806,Sistema
2023-10-04T10:00:00,1047.58806,Sistema
2023-10-04T11:00:00,1062.23606,Sistema
2023-10-04T12:00:00,1062.23606,Sistema
2023-10-04T13:00:00,1062.23606,Sistema
2023-10-04T14:00:00,1062.23606,Sistema
2023-10-04T15:00:00,1062.23606,Sistema
2023-10-04T16:00:00,1062.23606,Sistema
2023-10-04T17:00:00,1062.23606,Sistema
2023-10-04T18:00:00,1062.23706,Sistema
2023-10-04T19:00:00,1081.58806,Sistema
2023-10-04T20:00:00,1081.58806,Sistema
2023-10-04T21:00:00,1062.23706,Sistema
2023-10-04T22:00:00,1062.23606,Sistema
2023-10-04T23:00:00,1062.23606,Sistema
2023-10-04T24:00:00,1047.58806,Sistema
2023-10-05T01:00:00,1047.58806,Sistema
2023-10-05T02:00:00,1047.58806,Sistema
2023-10-05T03:00:00,1008.90506,Sistema
2023-10-05T04:00:00,1008.90506,Sistema
2023-10-05T05:00:00,1047.58806,Sistema
2023-10-05T06:00:00,1047.58806,Sistema
2023-10-05T07:00:00,1047.58806,Sistema
2023-10-05T08:00:00,1047.58806,Sistema
2023-10-05T09:00:00,1047.58806,Sistema
2023-10-05T10:00:00,1050.58806,Sistema
2023-10-05T11:00:00,1062.23606,Sistema
2023-10-05T12:00:00,1062.23606,Sistema
2023-10-05T13:00:00,1062.23606,Sistema
2023-10-05T14:00:00,1062.23606,Sistema
2023-10-05T15:00:00,1084.58806,Sistema
2023-10-05T16:00:00,1085.58806,Sistema
2023-10-05T17:00:00,1085.58806,Sistema
2023-10-05T18:00:00,1084.58806,Sistema
2023-10-05T19:00:00,1085.58806,Sistema
2023-10-05T20:00:00,1085.58806,Sistema
2023-10-05T21:00:00,1085.58806,Sistema
2023-10-05T22:00:00,1062.23606,Sistema
2023-10-05T23:00:00,1050.58806,Sistema
2023-10-05T24:00:00,1047.58806,Sistema
2023-10-06T01:00:00,1084.58806,Sistema
2023-10-06T02:00:00,1062.23506,Sistema
2023-10-06T03:00:00,1062.23506,Sistema
2023-10-06T04:00:00,1062.23506,Sistema
2023-10-06T05:00:00,1062.23506,Sistema
2023-10-06T06:00:00,1084.58806,Sistema
2023-10-06T07:00:00,1084.58806,Sistema
2023-10-06T08:00:00,1084.58806,Sistema
2023-10-06T09:00:00,1084.58806,Sistema
2023-10-06T10:00:00,1085.58806,Sistema
2023-10-06T11:00:00,1090.58806,Sistema
2023-10-06T12:00:00,1090.58806,Sistema
2023-10-06T13:00:00,1090.58806,Sistema
2023-10-06T14:00:00,1090.58806,Sistema
2023-10-06T15:00:00,1107.58806,Sistema
2023-10-06T16:00:00,1090.58806,Sistema
2023-10-06T17:00:00,1106.58806,Sistema
2023-10-06T18:00:00,1090.58806,Sistema
2023-10-06T19:00:00,1090.58806,Sistema
2023-10-06T20:00:00,1090.58806,Sistema
2023-10-06T21:00:00,1090.58806,Sistema
2023-10-06T22:00:00,1090.58806,Sistema
2023-10-06T23:00:00,1085.58806,Sistema
2023-10-06T24:00:00,1084.58806,Sistema
2023-10-07T01:00:00,1107.76603,Sistema
2023-10-07T02:00:00,1084.76603,Sistema
2023-10-07T03:00:00,1084.76603,Sistema
2023-10-07T04:00:00,1084.76603,Sistema
2023-10-07T05:00:00,1062.41303,Sistema
2023-10-07T06:00:00,1062.41303,Sistema
2023-10-07T07:00:00,1084.76603,Sistema
2023-10-07T08:00:00,1084.76603,Sistema
2023-10-07T09:00:00,1106.76603,Sistema
2023-10-07T10:00:00,1106.76603,Sistema
2023-10-07T11:00:00,1106.76603,Sistema
2023-10-07T12:00:00,1106.76603,Sistema
2023-10-07T13:00:00,1106.76603,Sistema
2023-10-07T14:00:00,1106.76603,Sistema
2023-10-07T15:00:00,1106.76603,Sistema
2023-10-07T16:00:00,1106.76603,Sistema
2023-10-07T17:00:00,1106.76603,Sistema
2023-10-07T18:00:00,1106.76603,Sistema
2023-10-07T19:00:00,1106.76603,Sistema
2023-10-07T20:00:00,1106.76603,Sistema
2023-10-07T21:00:00,1106.76603,Sistema
2023-10-07T22:00:00,1106.76603,Sistema
2023-10-07T23:00:00,1084.76603,Sistema
2023-10-07T24:00:00,1084.76603,Sistema
2023-10-08T01:00:00,1046.40288,Sistema
2023-10-08T02:00:00,1046.40288,Sistema
2023-10-08T03:00:00,1046.40288,Sistema
2023-10-08T04:00:00,1009.71888,Sistema
2023-10-08T05:00:00,996.40288,Sistema
2023-10-08T06:00:00,996.40288,Sistema
2023-10-08T07:00:00,946.40288,Sistema
2023-10-08T08:00:00,946.40288,Sistema
2023-10-08T09:00:00,1009.71888,Sistema
2023-10-08T10:00:00,1016.40288,Sistema
2023-10-08T11:00:00,1046.40288,Sistema
2023-10-08T12:00:00,1046.40288,Sistema
2023-10-08T13:00:00,1063.04588,Sistema
2023-10-08T14:00:00,1063.04588,Sistema
2023-10-08T15:00:00,1046.40288,Sistema
2023-10-08T16:00:00,1046.40288,Sistema
2023-10-08T17:00:00,1063.04588,Sistema
2023-10-08T18:00:00,1063.04588,Sistema
2023-10-08T19:00:00,1063.04588,Sistema
2023-10-08T20:00:00,1151.40288,Sistema
2023-10-08T21:00:00,1151.40288,Sistema
2023-10-08T22:00:00,1063.04588,Sistema
2023-10-08T23:00:00,1063.04588,Sistema
2023-10-08T24:00:00,1063.04588,Sistema
2023-10-09T01:00:00,945.87958,Sistema
2023-10-09T02:00:00,945.87958,Sistema
2023-10-09T03:00:00,945.87958,Sistema
2023-10-09T04:00:00,945.87958,Sistema
2023-10-09T05:00:00,945.87958,Sistema
2023-10-09T06:00:00,945.87958,Sistema
2023-10-09T07:00:00,945.87958,Sistema
2023-10-09T08:00:00,950.87958,Sistema
2023-10-09T09:00:00,1115.87958,Sistema
2023-10-09T10:00:00,1115.87958,Sistema
2023-10-09T11:00:00,1150.87958,Sistema
2023-10-09T12:00:00,1150.87958,Sistema
2023-10-09T13:00:00,1150.87958,Sistema
2023-10-09T14:00:00,1150.87958,Sistema
2023-10-09T15:00:00,1150.87958,Sistema
2023-10-09T16:00:00,1150.87958,Sistema
2023-10-09T17:00:00,1150.87958,Sistema
2023-10-09T18:00:00,1150.87958,Sistema
2023-10-09T19:00:00,1150.87958,Sistema
2023-10-09T20:00:00,1150.87958,Sistema
2023-10-09T21:00:00,1115.87958,Sistema
2023-10-09T22:00:00,1115.87958,Sistema
2023-10-09T23:00:00,1115.87958,Sistema
2023-10-09T24:00:00,950.87958,Sistema
2023-10-10T01:00:00,945.68963,Sistema
2023-10-10T02:00:00,945.68963,Sistema
2023-10-10T03:00:00,945.68963,Sistema
2023-10-10T04:00:00,945.68963,Sistema
2023-10-10T05:00:00,945.68963,Sistema
2023-10-10T06:00:00,945.68963,Sistema
2023-10-10T07:00:00,945.68963,Sistema
2023-10-10T08:00:00,950.68963,Sistema
2023-10-10T09:00:00,1123.68963,Sistema
2023-10-10T10:00:00,1123.68963,Sistema
2023-10-10T11:00:00,1123.68963,Sistema
2023-10-10T12:00:00,1150.68963,Sistema
2023-10-10T13:00:00,1123.68963,Sistema
2023-10-10T14:00:00,1150.68963,Sistema
2023-10-10T15:00:00,1150.68963,Sistema
2023-10-10T16:00:00,1150.68963,Sistema
2023-10-10T17:00:00,1150.68963,Sistema
2023-10-10T18:00:00,1123.68963,Sistema
2023-10-10T19:00:00,1150.68963,Sistema
2023-10-10T20:00:00,1150.68963,Sistema
2023-10-10T21:00:00,1123.68963,Sistema
2023-10-10T22:00:00,1123.68963,Sistema
2023-10-10T23:00:00,1123.68963,Sistema
2023-10-10T24:00:00,950.68963,Sistema
2023-10-11T01:00:00,950.59727,Sistema
2023-10-11T02:00:00,945.59727,Sistema
2023-10-11T03:00:00,945.59727,Sistema
2023-10-11T04:00:00,945.59727,Sistema
2023-10-11T05:00:00,945.59727,Sistema
2023-10-11T06:00:00,945.59727,Sistema
2023-10-11T07:00:00,950.59727,Sistema
2023-10-11T08:00:00,1008.91327,Sistema
2023-10-11T09:00:00,1050.59727,Sistema
2023-10-11T10:00:00,1050.59727,Sistema
2023-10-11T11:00:00,1050.59727,Sistema
2023-10-11T12:00:00,1050.59727,Sistema
2023-10-11T13:00:00,1050.59727,Sistema
2023-10-11T14:00:00,1050.59727,Sistema
2023-10-11T15:00:00,1050.59727,Sistema
2023-10-11T16:00:00,1050.59727,Sistema
2023-10-11T17:00:00,1050.59727,Sistema
2023-10-11T18:00:00,1150.59727,Sistema
2023-10-11T19:00:00,1150.59727,Sistema
2023-10-11T20:00:00,1150.59727,Sistema
2023-10-11T21:00:00,1150.59727,Sistema
2023-10-11T22:00:00,1150.59727,Sistema
2023-10-11T23:00:00,1050.59727,Sistema
2023-10-11T24:00:00,1050.59727,Sistema
2023-10-12T01:00:00,865.79137,Sistema
2023-10-12T02:00:00,865.79137,Sistema
2023-10-12T03:00:00,865.79137,Sistema
2023-10-12T04:00:00,865.79137,Sistema
2023-10-12T05:00:00,865.79137,Sistema
2023-10-12T06:00:00,865.79137,Sistema
2023-10-12T07:00:00,865.79137,Sistema
2023-10-12T08:00:00,865.79137,Sistema
2023-10-12T09:00:00,995.79137,Sistema
2023-10-12T10:00:00,945.79137,Sistema
2023-10-12T11:00:00,1061.79137,Sistema
2023-10-12T12:00:00,1061.89137,Sistema
2023-10-12T13:00:00,1061.89137,Sistema
2023-10-12T14:00:00,1061.89137,Sistema
2023-10-12T15:00:00,1061.89137,Sistema
2023-10-12T16:00:00,1061.89137,Sistema
2023-10-12T17:00:00,1061.89137,Sistema
2023-10-12T18:00:00,1061.89137,Sistema
2023-10-12T19:00:00,1061.89137,Sistema
2023-10-12T20:00:00,1061.89137,Sistema
2023-10-12T21:00:00,1061.89137,Sistema
2023-10-12T22:00:00,1061.89137,Sistema
2023-10-12T23:00:00,945.79137,Sistema
2023-10-12T24:00:00,865.79137,Sistema
2023-10-13T01:00:00,945.69234,Sistema
2023-10-13T02:00:00,845.69234,Sistema
2023-10-13T03:00:00,845.69234,Sistema
2023-10-13T04:00:00,745.69234,Sistema
2023-10-13T05:00:00,845.69234,Sistema
2023-10-13T06:00:00,845.69234,Sistema
2023-10-13T07:00:00,945.69234,Sistema
2023-10-13T08:00:00,945.69234,Sistema
2023-10-13T09:00:00,945.69234,Sistema
2023-10-13T10:00:00,1009.00834,Sistema
2023-10-13T11:00:00,1059.69234,Sistema
2023-10-13T12:00:00,1061.99234,Sistema
2023-10-13T13:00:00,1061.99234,Sistema
2023-10-13T14:00:00,1061.99234,Sistema
2023-10-13T15:00:00,1061.99234,Sistema
2023-10-13T16:00:00,1061.99234,Sistema
2023-10-13T17:00:00,1061.99234,Sistema
2023-10-13T18:00:00,1061.99234,Sistema
2023-10-13T19:00:00,1095.69234,Sistema
2023-10-13T20:00:00,1061.99234,Sistema
2023-10-13T21:00:00,1061.99234,Sistema
2023-10-13T22:00:00,1061.99234,Sistema
2023-10-13T23:00:00,1059.69234,Sistema
2023-10-13T24:00:00,945.69234,Sistema
2023-10-14T01:00:00,1060.08806,Sistema
2023-10-14T02:00:00,1008.90506,Sistema
2023-10-14T03:00:00,1060.08806,Sistema
2023-10-14T04:00:00,1008.90506,Sistema
2023-10-14T05:00:00,1008.90506,Sistema
2023-10-14T06:00:00,1008.90506,Sistema
2023-10-14T07:00:00,1060.08806,Sistema
2023-10-14T08:00:00,1060.08806,Sistema
2023-10-14T09:00:00,1060.08806,Sistema
2023-10-14T10:00:00,1060.08806,Sistema
2023-10-14T11:00:00,1061.98806,Sistema
2023-10-14T12:00:00,1061.98806,Sistema
2023-10-14T13:00:00,1061.98806,Sistema
2023-10-14T14:00:00,1061.98806,Sistema
2023-10-14T15:00:00,1061.98806,Sistema
2023-10-14T16:00:00,1060.08806,Sistema
2023-10-14T17:00:00,1060.08806,Sistema
2023-10-14T18:00:00,1061.98806,Sistema
2023-10-14T19:00:00,1061.98806,Sistema
2023-10-14T20:00:00,1061.98806,Sistema
2023-10-14T21:00:00,1061.98806,Sistema
2023-10-14T22:00:00,1061.98806,Sistema
2023-10-14T23:00:00,1061.98806,Sistema
2023-10-14T24:00:00,1060.08806,Sistema
2023-10-15T01:00:00,1062.0296,Sistema
2023-10-15T02:00:00,1062.0296,Sistema
2023-10-15T03:00:00,1062.0296,Sistema
2023-10-15T04:00:00,1008.9966,Sistema
2023-10-15T05:00:00,855.6796,Sistema
2023-10-15T06:00:00,855.6796,Sistema
2023-10-15T07:00:00,742.8756,Sistema
2023-10-15T08:00:00,855.6796,Sistema
2023-10-15T09:00:00,855.6796,Sistema
2023-10-15T10:00:00,1062.0296,Sistema
2023-10-15T11:00:00,1062.0296,Sistema
2023-10-15T12:00:00,1062.0296,Sistema
2023-10-15T13:00:00,1062.0296,Sistema
2023-10-15T14:00:00,1062.0296,Sistema
2023-10-15T15:00:00,1062.0296,Sistema
2023-10-15T16:00:00,1062.0296,Sistema
2023-10-15T17:00:00,1062.0296,Sistema
2023-10-15T18:00:00,1062.0296,Sistema
2023-10-15T19:00:00,1062.2496,Sistema
2023-10-15T20:00:00,1062.2496,Sistema
2023-10-15T21:00:00,1062.2496,Sistema
2023-10-15T22:00:00,1062.2496,Sistema
2023-10-15T23:00:00,1062.0296,Sistema
2023-10-15T24:00:00,1062.0296,Sistema
2023-10-16T01:00:00,1062.16306,Sistema
2023-10-16T02:00:00,1062.16306,Sistema
2023-10-16T03:00:00,1062.16306,Sistema
2023-10-16T04:00:00,1062.16306,Sistema
2023-10-16T05:00:00,1062.16306,Sistema
2023-10-16T06:00:00,1062.16306,Sistema
2023-10-16T07:00:00,1015.58806,Sistema
2023-10-16T08:00:00,1062.16306,Sistema
2023-10-16T09:00:00,1062.16306,Sistema
2023-10-16T10:00:00,1062.16306,Sistema
2023-10-16T11:00:00,1062.16306,Sistema
2023-10-16T12:00:00,1062.23606,Sistema
2023-10-16T13:00:00,1062.23606,Sistema
2023-10-16T14:00:00,1062.23606,Sistema
2023-10-16T15:00:00,1062.23606,Sistema
2023-10-16T16:00:00,1062.23606,Sistema
2023-10-16T17:00:00,1062.23606,Sistema
2023-10-16T18:00:00,1062.23606,Sistema
2023-10-16T19:00:00,1195.58806,Sistema
2023-10-16T20:00:00,1195.58806,Sistema
2023-10-16T21:00:00,1114.69806,Sistema
2023-10-16T22:00:00,1062.23606,Sistema
2023-10-16T23:00:00,1062.23606,Sistema
2023-10-16T24:00:00,1062.16306,Sistema
2023-10-17T01:00:00,1015.6846,Sistema
2023-10-17T02:00:00,1015.6846,Sistema
2023-10-17T03:00:00,1009.0016,Sistema
2023-10-17T04:00:00,1015.6846,Sistema
2023-10-17T05:00:00,1015.6846,Sistema
2023-10-17T06:00:00,1075.6846,Sistema
2023-10-17T07:00:00,1075.6846,Sistema
2023-10-17T08:00:00,1075.6846,Sistema
2023-10-17T09:00:00,1075.6846,Sistema
2023-10-17T10:00:00,1151.9846,Sistema
2023-10-17T11:00:00,1151.9846,Sistema
2023-10-17T12:00:00,1151.9846,Sistema
2023-10-17T13:00:00,1151.9846,Sistema
2023-10-17T14:00:00,1151.9846,Sistema
2023-10-17T15:00:00,1151.9846,Sistema
2023-10-17T16:00:00,1151.9846,Sistema
2023-10-17T17:00:00,1151.9846,Sistema
2023-10-17T18:00:00,1151.9846,Sistema
2023-10-17T19:00:00,1206.6846,Sistema
2023-10-17T20:00:00,1206.6846,Sistema
2023-10-17T21:00:00,1200.6846,Sistema
2023-10-17T22:00:00,1151.9846,Sistema
2023-10-17T23:00:00,1151.9846,Sistema
2023-10-17T24:00:00,1075.6846,Sistema
2023-10-18T01:00:00,1205.99752,Sistema
2023-10-18T02:00:00,1015.59752,Sistema
2023-10-18T03:00:00,1015.59752,Sistema
2023-10-18T04:00:00,1015.59752,Sistema
2023-10-18T05:00:00,1015.59752,Sistema
2023-10-18T06:00:00,1205.99752,Sistema
2023-10-18T07:00:00,1205.99752,Sistema
2023-10-18T08:00:00,1205.99752,Sistema
2023-10-18T09:00:00,1205.99752,Sistema
2023-10-18T10:00:00,1207.59752,Sistema
2023-10-18T11:00:00,1207.59752,Sistema
2023-10-18T12:00:00,1207.59752,Sistema
2023-10-18T13:00:00,1207.59752,Sistema
2023-10-18T14:00:00,1207.59752,Sistema
2023-10-18T15:00:00,1207.59752,Sistema
2023-10-18T16:00:00,1207.59752,Sistema
2023-10-18T17:00:00,1207.59752,Sistema
2023-10-18T18:00:00,1207.59752,Sistema
2023-10-18T19:00:00,1216.59752,Sistema
2023-10-18T20:00:00,1216.59752,Sistema
2023-10-18T21:00:00,1216.59752,Sistema
2023-10-18T22:00:00,1207.59752,Sistema
2023-10-18T23:00:00,1207.59752,Sistema
2023-10-18T24:00:00,1205.99752,Sistema
2023-10-19T01:00:00,1210.58946,Sistema
2023-10-19T02:00:00,1210.58946,Sistema
2023-10-19T03:00:00,1210.58946,Sistema
2023-10-19T04:00:00,1210.58946,Sistema
2023-10-19T05:00:00,1210.58946,Sistema
2023-10-19T06:00:00,1210.58946,Sistema
2023-10-19T07:00:00,1210.58946,Sistema
2023-10-19T08:00:00,1269.72346,Sistema
2023-10-19T09:00:00,1285.58946,Sistema
2023-10-19T10:00:00,1285.58946,Sistema
2023-10-19T11:00:00,1285.58946,Sistema
2023-10-19T12:00:00,1295.58946,Sistema
2023-10-19T13:00:00,1285.58946,Sistema
2023-10-19T14:00:00,1295.58946,Sistema
2023-10-19T15:00:00,1295.58946,Sistema
2023-10-19T16:00:00,1295.58946,Sistema
2023-10-19T17:00:00,1295.58946,Sistema
2023-10-19T18:00:00,1295.58946,Sistema
2023-10-19T19:00:00,1395.58946,Sistema
2023-10-19T20:00:00,1395.58946,Sistema
2023-10-19T21:00:00,1385.58946,Sistema
2023-10-19T22:00:00,1295.58946,Sistema
2023-10-19T23:00:00,1285.58946,Sistema
2023-10-19T24:00:00,1285.58946,Sistema
2023-10-20T01:00:00,1290.63441,Sistema
2023-10-20T02:00:00,1284.63441,Sistema
2023-10-20T03:00:00,1284.63441,Sistema
2023-10-20T04:00:00,1284.63441,Sistema
2023-10-20T05:00:00,1284.63441,Sistema
2023-10-20T06:00:00,1284.63441,Sistema
2023-10-20T07:00:00,1290.63441,Sistema
2023-10-20T08:00:00,1297.18941,Sistema
2023-10-20T09:00:00,1297.18941,Sistema
2023-10-20T10:00:00,1297.18941,Sistema
2023-10-20T11:00:00,1385.63441,Sistema
2023-10-20T12:00:00,1395.63441,Sistema
2023-10-20T13:00:00,1385.63441,Sistema
2023-10-20T14:00:00,1395.63441,Sistema
2023-10-20T15:00:00,1465.63441,Sistema
2023-10-20T16:00:00,1465.63441,Sistema
2023-10-20T17:00:00,1465.63441,Sistema
2023-10-20T18:00:00,1465.63441,Sistema
2023-10-20T19:00:00,1465.63441,Sistema
2023-10-20T20:00:00,1465.63441,Sistema
2023-10-20T21:00:00,1465.63441,Sistema
2023-10-20T22:00:00,1385.63441,Sistema
2023-10-20T23:00:00,1297.18941,Sistema
2023-10-20T24:00:00,1290.63441,Sistema
2023-10-21T01:00:00,1245.76534,Sistema
2023-10-21T02:00:00,1245.76534,Sistema
2023-10-21T03:00:00,1245.76534,Sistema
2023-10-21T04:00:00,1245.76534,Sistema
2023-10-21T05:00:00,1245.76534,Sistema
2023-10-21T06:00:00,1245.76534,Sistema
2023-10-21T07:00:00,1245.76534,Sistema
2023-10-21T08:00:00,1245.76534,Sistema
2023-10-21T09:00:00,1505.76534,Sistema
2023-10-21T10:00:00,1526.32034,Sistema
2023-10-21T11:00:00,1526.32034,Sistema
2023-10-21T12:00:00,1526.32034,Sistema
2023-10-21T13:00:00,1526.32034,Sistema
2023-10-21T14:00:00,1526.32034,Sistema
2023-10-21T15:00:00,1526.32034,Sistema
2023-10-21T16:00:00,1526.32034,Sistema
2023-10-21T17:00:00,1526.32034,Sistema
2023-10-21T18:00:00,1526.32034,Sistema
2023-10-21T19:00:00,1526.32034,Sistema
2023-10-21T20:00:00,1526.32034,Sistema
2023-10-21T21:00:00,1526.32034,Sistema
2023-10-21T22:00:00,1526.32034,Sistema
2023-10-21T23:00:00,1495.76534,Sistema
2023-10-21T24:00:00,1245.76534,Sistema
2023-10-22T01:00:00,1195.66958,Sistema
2023-10-22T02:00:00,1195.66958,Sistema
2023-10-22T03:00:00,1195.66958,Sistema
2023-10-22T04:00:00,1195.66958,Sistema
2023-10-22T05:00:00,1195.66958,Sistema
2023-10-22T06:00:00,1114.77958,Sistema
2023-10-22T07:00:00,1114.77958,Sistema
2023-10-22T08:00:00,1114.77958,Sistema
2023-10-22T09:00:00,1195.66958,Sistema
2023-10-22T10:00:00,1195.66958,Sistema
2023-10-22T11:00:00,1195.66958,Sistema
2023-10-22T12:00:00,1245.66958,Sistema
2023-10-22T13:00:00,1245.66958,Sistema
2023-10-22T14:00:00,1245.66958,Sistema
2023-10-22T15:00:00,1245.66958,Sistema
2023-10-22T16:00:00,1195.66958,Sistema
2023-10-22T17:00:00,1245.66958,Sistema
2023-10-22T18:00:00,1245.66958,Sistema
2023-10-22T19:00:00,1535.66958,Sistema
2023-10-22T20:00:00,1581.22458,Sistema
2023-10-22T21:00:00,1245.66958,Sistema
2023-10-22T22:00:00,1245.66958,Sistema
2023-10-22T23:00:00,1245.66958,Sistema
2023-10-22T24:00:00,1195.66958,Sistema
2023-10-23T01:00:00,1165.58806,Sistema
2023-10-23T02:00:00,1114.69806,Sistema
2023-10-23T03:00:00,1114.69806,Sistema
2023-10-23T04:00:00,1114.69806,Sistema
2023-10-23T05:00:00,1165.58806,Sistema
2023-10-23T06:00:00,1165.58806,Sistema
2023-10-23T07:00:00,1165.58806,Sistema
2023-10-23T08:00:00,1165.58806,Sistema
2023-10-23T09:00:00,1350.58806,Sistema
2023-10-23T10:00:00,1350.58806,Sistema
2023-10-23T11:00:00,1350.58806,Sistema
2023-10-23T12:00:00,1497.14306,Sistema
2023-10-23T13:00:00,1350.58806,Sistema
2023-10-23T14:00:00,1497.14306,Sistema
2023-10-23T15:00:00,1497.14306,Sistema
2023-10-23T16:00:00,1565.58806,Sistema
2023-10-23T17:00:00,1497.14306,Sistema
2023-10-23T18:00:00,1497.14306,Sistema
2023-10-23T19:00:00,1497.14306,Sistema
2023-10-23T20:00:00,1497.14306,Sistema
2023-10-23T21:00:00,1497.14306,Sistema
2023-10-23T22:00:00,1497.14306,Sistema
2023-10-23T23:00:00,1350.58806,Sistema
2023-10-23T24:00:00,1350.58806,Sistema
2023-10-24T01:00:00,1497.24108,Sistema
2023-10-24T02:00:00,1165.68608,Sistema
2023-10-24T03:00:00,1165.68608,Sistema
2023-10-24T04:00:00,1165.68608,Sistema
2023-10-24T05:00:00,1497.24108,Sistema
2023-10-24T06:00:00,1497.24108,Sistema
2023-10-24T07:00:00,1497.24108,Sistema
2023-10-24T08:00:00,1497.24108,Sistema
2023-10-24T09:00:00,1501.68608,Sistema
2023-10-24T10:00:00,1501.68608,Sistema
2023-10-24T11:00:00,1501.68608,Sistema
2023-10-24T12:00:00,1534.68608,Sistema
2023-10-24T13:00:00,1534.68608,Sistema
2023-10-24T14:00:00,1534.68608,Sistema
2023-10-24T15:00:00,1534.68608,Sistema
2023-10-24T16:00:00,1534.68608,Sistema
2023-10-24T17:00:00,1534.68608,Sistema
2023-10-24T18:00:00,1534.68608,Sistema
2023-10-24T19:00:00,1595.68608,Sistema
2023-10-24T20:00:00,1534.68608,Sistema
2023-10-24T21:00:00,1534.68608,Sistema
2023-10-24T22:00:00,1501.68608,Sistema
2023-10-24T23:00:00,1497.24108,Sistema
2023-10-24T24:00:00,1497.24108,Sistema
2023-10-25T01:00:00,451.7337,Sistema
2023-10-25T02:00:00,451.7337,Sistema
2023-10-25T03:00:00,744.4267,Sistema
2023-10-25T04:00:00,451.7337,Sistema
2023-10-25T05:00:00,451.7337,Sistema
2023-10-25T06:00:00,748.9297,Sistema
2023-10-25T07:00:00,748.9297,Sistema
2023-10-25T08:00:00,801.7337,Sistema
2023-10-25T09:00:00,1014.4697,Sistema
2023-10-25T10:00:00,1068.3827,Sistema
2023-10-25T11:00:00,1171.7337,Sistema
2023-10-25T12:00:00,1171.7337,Sistema
2023-10-25T13:00:00,1171.7337,Sistema
2023-10-25T14:00:00,1171.7337,Sistema
2023-10-25T15:00:00,1171.7337,Sistema
2023-10-25T16:00:00,1171.7337,Sistema
2023-10-25T17:00:00,1171.7337,Sistema
2023-10-25T18:00:00,1171.7337,Sistema
2023-10-25T19:00:00,1498.7337,Sistema
2023-10-25T20:00:00,1171.7337,Sistema
2023-10-25T21:00:00,1171.7337,Sistema
2023-10-25T22:00:00,1171.7337,Sistema
2023-10-25T23:00:00,801.7337,Sistema
2023-10-25T24:00:00,951.7337,Sistema
2023-10-26T01:00:00,697.40666,Sistema
2023-10-26T02:00:00,697.40666,Sistema
2023-10-26T03:00:00,401.98566,Sistema
2023-10-26T04:00:00,398.40666,Sistema
2023-10-26T05:00:00,435.59466,Sistema
2023-10-26T06:00:00,697.40666,Sistema
2023-10-26T07:00:00,697.40666,Sistema
2023-10-26T08:00:00,697.40666,Sistema
2023-10-26T09:00:00,697.40666,Sistema
2023-10-26T10:00:00,737.32766,Sistema
2023-10-26T11:00:00,848.40666,Sistema
2023-10-26T12:00:00,848.40666,Sistema
2023-10-26T13:00:00,848.40666,Sistema
2023-10-26T14:00:00,848.40666,Sistema
2023-10-26T15:00:00,848.40666,Sistema
2023-10-26T16:00:00,848.40666,Sistema
2023-10-26T17:00:00,848.40666,Sistema
2023-10-26T18:00:00,848.40666,Sistema
2023-10-26T19:00:00,968.40666,Sistema
2023-10-26T20:00:00,1198.40666,Sistema
2023-10-26T21:00:00,848.40666,Sistema
2023-10-26T22:00:00,848.40666,Sistema
2023-10-26T23:00:00,737.32766,Sistema
2023-10-26T24:00:00,697.40666,Sistema
2023-10-27T01:00:00,501.60752,Sistema
2023-10-27T02:00:00,501.60752,Sistema
2023-10-27T03:00:00,501.60752,Sistema
2023-10-27T04:00:00,501.60752,Sistema
2023-10-27T05:00:00,501.60752,Sistema
2023-10-27T06:00:00,501.60752,Sistema
2023-10-27T07:00:00,501.60752,Sistema
2023-10-27T08:00:00,632.60752,Sistema
2023-10-27T09:00:00,632.60752,Sistema
2023-10-27T10:00:00,745.66452,Sistema
2023-10-27T11:00:00,632.60752,Sistema
2023-10-27T12:00:00,751.60752,Sistema
2023-10-27T13:00:00,749.80352,Sistema
2023-10-27T14:00:00,751.60752,Sistema
2023-10-27T15:00:00,933.60752,Sistema
2023-10-27T16:00:00,933.60752,Sistema
2023-10-27T17:00:00,751.60752,Sistema
2023-10-27T18:00:00,632.60752,Sistema
2023-10-27T19:00:00,755.77352,Sistema
2023-10-27T20:00:00,933.60752,Sistema
2023-10-27T21:00:00,755.77352,Sistema
2023-10-27T22:00:00,632.60752,Sistema
2023-10-27T23:00:00,632.60752,Sistema
2023-10-27T24:00:00,632.60752,Sistema
2023-10-28T01:00:00,296.98175,Sistema
2023-10-28T02:00:00,296.98175,Sistema
2023-10-28T03:00:00,296.98175,Sistema
2023-10-28T04:00:00,296.98175,Sistema
2023-10-28T05:00:00,296.98175,Sistema
2023-10-28T06:00:00,296.98175,Sistema
2023-10-28T07:00:00,310.30975,Sistema
2023-10-28T08:00:00,410.56075,Sistema
2023-10-28T09:00:00,426.36775,Sistema
2023-10-28T10:00:00,413.63975,Sistema
2023-10-28T11:00:00,444.16975,Sistema
2023-10-28T12:00:00,748.67275,Sistema
2023-10-28T13:00:00,656.96575,Sistema
2023-10-28T14:00:00,606.52875,Sistema
2023-10-28T15:00:00,606.52875,Sistema
2023-10-28T16:00:00,655.98175,Sistema
2023-10-28T17:00:00,606.52875,Sistema
2023-10-28T18:00:00,706.98175,Sistema
2023-10-28T19:00:00,956.98175,Sistema
2023-10-28T20:00:00,706.98175,Sistema
2023-10-28T21:00:00,655.98175,Sistema
2023-10-28T22:00:00,426.36775,Sistema
2023-10-28T23:00:00,410.56075,Sistema
2023-10-28T24:00:00,310.30975,Sistema
2023-10-29T01:00:00,292.55684,Sistema
2023-10-29T02:00:00,292.55684,Sistema
2023-10-29T03:00:00,292.55684,Sistema
2023-10-29T04:00:00,292.55684,Sistema
2023-10-29T05:00:00,292.55684,Sistema
2023-10-29T06:00:00,292.55684,Sistema
2023-10-29T07:00:00,292.55684,Sistema
2023-10-29T08:00:00,292.55684,Sistema
2023-10-29T09:00:00,292.55684,Sistema
2023-10-29T10:00:00,292.55684,Sistema
2023-10-29T11:00:00,292.55684,Sistema
2023-10-29T12:00:00,292.55684,Sistema
2023-10-29T13:00:00,292.55684,Sistema
2023-10-29T14:00:00,292.55684,Sistema
2023-10-29T15:00:00,292.55684,Sistema
2023-10-29T16:00:00,292.55684,Sistema
2023-10-29T17:00:00,292.55684,Sistema
2023-10-29T18:00:00,292.55684,Sistema
2023-10-29T19:00:00,952.55684,Sistema
2023-10-29T20:00:00,952.55684,Sistema
2023-10-29T21:00:00,651.55684,Sistema
2023-10-29T22:00:00,305.88484,Sistema
2023-10-29T23:00:00,305.88484,Sistema
2023-10-29T24:00:00,292.55684,Sistema
2023-10-30T01:00:00,274.12049,Sistema
2023-10-30T02:00:00,274.12049,Sistema
2023-10-30T03:00:00,274.12049,Sistema
2023-10-30T04:00:00,274.12049,Sistema
2023-10-30T05:00:00,274.12049,Sistema
2023-10-30T06:00:00,274.12049,Sistema
2023-10-30T07:00:00,274.12049,Sistema
2023-10-30T08:00:00,454.23049,Sistema
2023-10-30T09:00:00,709.13049,Sistema
2023-10-30T10:00:00,472.84449,Sistema
2023-10-30T11:00:00,735.83049,Sistema
2023-10-30T12:00:00,454.23049,Sistema
2023-10-30T13:00:00,709.13049,Sistema
2023-10-30T14:00:00,709.13049,Sistema
2023-10-30T15:00:00,748.24049,Sistema
2023-10-30T16:00:00,748.24049,Sistema
2023-10-30T17:00:00,748.24049,Sistema
2023-10-30T18:00:00,748.24049,Sistema
2023-10-30T19:00:00,748.24049,Sistema
2023-10-30T20:00:00,748.24049,Sistema
2023-10-30T21:00:00,748.24049,Sistema
2023-10-30T22:00:00,554.13049,Sistema
2023-10-30T23:00:00,454.23049,Sistema
2023-10-30T24:00:00,454.23049,Sistema
2023-10-31T01:00:00,105.41225,Sistema
2023-10-31T02:00:00,105.41225,Sistema
2023-10-31T03:00:00,266.39225,Sistema
2023-10-31T04:00:00,232.34425,Sistema
2023-10-31T05:00:00,275.40225,Sistema
2023-10-31T06:00:00,275.40225,Sistema
2023-10-31T07:00:00,275.40225,Sistema
2023-10-31T08:00:00,455.51225,Sistema
2023-10-31T09:00:00,455.51225,Sistema
2023-10-31T10:00:00,455.51225,Sistema
2023-10-31T11:00:00,655.41225,Sistema
2023-10-31T12:00:00,655.41225,Sistema
2023-10-31T13:00:00,655.41225,Sistema
2023-10-31T14:00:00,655.69325,Sistema
2023-10-31T15:00:00,710.41225,Sistema
2023-10-31T16:00:00,710.41225,Sistema
2023-10-31T17:00:00,710.41225,Sistema
2023-10-31T18:00:00,710.41225,Sistema
2023-10-31T19:00:00,1018.72925,Sistema
2023-10-31T20:00:00,1006.41225,Sistema
2023-10-31T21:00:00,655.69325,Sistema
2023-10-31T22:00:00,555.41225,Sistema
2023-10-31T23:00:00,308.74025,Sistema
2023-10-31T24:00:00,296.54325,Sistema
2023-11-01T01:00:00,110.02194,Sistema
2023-11-01T02:00:00,110.02394,Sistema
2023-11-01T03:00:00,110.02394,Sistema
2023-11-01T04:00:00,110.02394,Sistema
2023-11-01T05:00:00,110.02394,Sistema
2023-11-01T06:00:00,110.02394,Sistema
2023-11-01T07:00:00,110.02394,Sistema
2023-11-01T08:00:00,245.88394,Sistema
2023-11-01T09:00:00,314.23194,Sistema
2023-11-01T10:00:00,715.90394,Sistema
2023-11-01T11:00:00,715.90394,Sistema
2023-11-01T12:00:00,715.90394,Sistema
2023-11-01T13:00:00,618.65694,Sistema
2023-11-01T14:00:00,618.65694,Sistema
2023-11-01T15:00:00,739.66294,Sistema
2023-11-01T16:00:00,739.66294,Sistema
2023-11-01T17:00:00,739.66294,Sistema
2023-11-01T18:00:00,739.66294,Sistema
2023-11-01T19:00:00,739.66294,Sistema
2023-11-01T20:00:00,739.66294,Sistema
2023-11-01T21:00:00,618.65694,Sistema
2023-11-01T22:00:00,314.23194,Sistema
2023-11-01T23:00:00,110.02394,Sistema
2023-11-01T24:00:00,110.02394,Sistema
2023-11-02T01:00:00,104.36476,Sistema
2023-11-02T02:00:00,104.36476,Sistema
2023-11-02T03:00:00,104.36476,Sistema
2023-11-02T04:00:00,104.36476,Sistema
2023-11-02T05:00:00,104.36476,Sistema
2023-11-02T06:00:00,107.01076,Sistema
2023-11-02T07:00:00,104.36476,Sistema
2023-11-02T08:00:00,357.83276,Sistema
2023-11-02T09:00:00,617.83276,Sistema
2023-11-02T10:00:00,617.83276,Sistema
2023-11-02T11:00:00,617.83276,Sistema
2023-11-02T12:00:00,617.83276,Sistema
2023-11-02T13:00:00,617.83276,Sistema
2023-11-02T14:00:00,707.83276,Sistema
2023-11-02T15:00:00,729.69176,Sistema
2023-11-02T16:00:00,618.83276,Sistema
2023-11-02T17:00:00,618.83276,Sistema
2023-11-02T18:00:00,617.83276,Sistema
2023-11-02T19:00:00,729.69176,Sistema
2023-11-02T20:00:00,707.83276,Sistema
2023-11-02T21:00:00,407.83276,Sistema
2023-11-02T22:00:00,407.83276,Sistema
2023-11-02T23:00:00,152.05076,Sistema
2023-11-02T24:00:00,111.14176,Sistema
2023-11-03T01:00:00,104.59704,Sistema
2023-11-03T02:00:00,104.59704,Sistema
2023-11-03T03:00:00,104.59704,Sistema
2023-11-03T04:00:00,104.59704,Sistema
2023-11-03T05:00:00,104.59704,Sistema
2023-11-03T06:00:00,107.84304,Sistema
2023-11-03T07:00:00,107.86504,Sistema
2023-11-03T08:00:00,236.82004,Sistema
2023-11-03T09:00:00,243.04504,Sistema
2023-11-03T10:00:00,311.39304,Sistema
2023-11-03T11:00:00,408.06504,Sistema
2023-11-03T12:00:00,408.06504,Sistema
2023-11-03T13:00:00,311.39304,Sistema
2023-11-03T14:00:00,408.06504,Sistema
2023-11-03T15:00:00,408.06504,Sistema
2023-11-03T16:00:00,485.19804,Sistema
2023-11-03T17:00:00,618.06504,Sistema
2023-11-03T18:00:00,408.06504,Sistema
2023-11-03T19:00:00,585.09404,Sistema
2023-11-03T20:00:00,408.06504,Sistema
2023-11-03T21:00:00,408.06504,Sistema
2023-11-03T22:00:00,311.39304,Sistema
2023-11-03T23:00:00,150.36904,Sistema
2023-11-03T24:00:00,107.86504,Sistema
2023-11-04T01:00:00,244.50354,Sistema
2023-11-04T02:00:00,244.50354,Sistema
2023-11-04T03:00:00,109.21054,Sistema
2023-11-04T04:00:00,104.84654,Sistema
2023-11-04T05:00:00,103.84654,Sistema
2023-11-04T06:00:00,104.84654,Sistema
2023-11-04T07:00:00,109.21054,Sistema
2023-11-04T08:00:00,599.55754,Sistema
2023-11-04T09:00:00,616.84654,Sistema
2023-11-04T10:00:00,616.84654,Sistema
2023-11-04T11:00:00,616.84654,Sistema
2023-11-04T12:00:00,617.03754,Sistema
2023-11-04T13:00:00,616.84654,Sistema
2023-11-04T14:00:00,599.55754,Sistema
2023-11-04T15:00:00,738.60054,Sistema
2023-11-04T16:00:00,599.55754,Sistema
2023-11-04T17:00:00,599.55754,Sistema
2023-11-04T18:00:00,738.60054,Sistema
2023-11-04T19:00:00,738.60054,Sistema
2023-11-04T20:00:00,738.60054,Sistema
2023-11-04T21:00:00,738.60054,Sistema
2023-11-04T22:00:00,406.84654,Sistema
2023-11-04T23:00:00,260.83454,Sistema
2023-11-04T24:00:00,260.83454,Sistema
2023-11-05T01:00:00,110.10931,Sistema
2023-11-05T02:00:00,247.83531,Sistema
2023-11-05T03:00:00,110.10931,Sistema
2023-11-05T04:00:00,106.97131,Sistema
2023-11-05T05:00:00,110.10931,Sistema
2023-11-05T06:00:00,106.97031,Sistema
2023-11-05T07:00:00,106.97031,Sistema
2023-11-05T08:00:00,110.28231,Sistema
2023-11-05T09:00:00,326.97331,Sistema
2023-11-05T10:00:00,247.83531,Sistema
2023-11-05T11:00:00,326.97331,Sistema
2023-11-05T12:00:00,326.97331,Sistema
2023-11-05T13:00:00,326.97331,Sistema
2023-11-05T14:00:00,326.97331,Sistema
2023-11-05T15:00:00,262.08931,Sistema
2023-11-05T16:00:00,260.96131,Sistema
2023-11-05T17:00:00,326.97331,Sistema
2023-11-05T18:00:00,326.97331,Sistema
2023-11-05T19:00:00,716.97331,Sistema
2023-11-05T20:00:00,736.43731,Sistema
2023-11-05T21:00:00,736.43731,Sistema
2023-11-05T22:00:00,736.43731,Sistema
2023-11-05T23:00:00,106.97031,Sistema
2023-11-05T24:00:00,106.97031,Sistema
2023-11-06T01:00:00,111.80566,Sistema
2023-11-06T02:00:00,108.92766,Sistema
2023-11-06T03:00:00,241.79166,Sistema
2023-11-06T04:00:00,108.92766,Sistema
2023-11-06T05:00:00,241.79166,Sistema
2023-11-06T06:00:00,111.80566,Sistema
2023-11-06T07:00:00,108.92766,Sistema
2023-11-06T08:00:00,108.92766,Sistema
2023-11-06T09:00:00,328.93066,Sistema
2023-11-06T10:00:00,408.93066,Sistema
2023-11-06T11:00:00,408.93066,Sistema
2023-11-06T12:00:00,423.93066,Sistema
2023-11-06T13:00:00,423.93066,Sistema
2023-11-06T14:00:00,408.93066,Sistema
2023-11-06T15:00:00,423.93066,Sistema
2023-11-06T16:00:00,423.93066,Sistema
2023-11-06T17:00:00,423.93066,Sistema
2023-11-06T18:00:00,608.93066,Sistema
2023-11-06T19:00:00,1068.93066,Sistema
2023-11-06T20:00:00,1068.93066,Sistema
2023-11-06T21:00:00,1067.93066,Sistema
2023-11-06T22:00:00,718.93066,Sistema
2023-11-06T23:00:00,383.78466,Sistema
2023-11-06T24:00:00,328.93066,Sistema
2023-11-07T01:00:00,112.94894,Sistema
2023-11-07T02:00:00,112.94894,Sistema
2023-11-07T03:00:00,112.94894,Sistema
2023-11-07T04:00:00,112.94894,Sistema
2023-11-07T05:00:00,241.70694,Sistema
2023-11-07T06:00:00,268.06794,Sistema
2023-11-07T07:00:00,316.27994,Sistema
2023-11-07T08:00:00,427.95194,Sistema
2023-11-07T09:00:00,605.66294,Sistema
2023-11-07T10:00:00,427.95194,Sistema
2023-11-07T11:00:00,605.66294,Sistema
2023-11-07T12:00:00,715.07394,Sistema
2023-11-07T13:00:00,724.53294,Sistema
2023-11-07T14:00:00,724.53294,Sistema
2023-11-07T15:00:00,822.95194,Sistema
2023-11-07T16:00:00,822.95194,Sistema
2023-11-07T17:00:00,916.95194,Sistema
2023-11-07T18:00:00,916.95194,Sistema
2023-11-07T19:00:00,1032.95194,Sistema
2023-11-07T20:00:00,1032.95194,Sistema
2023-11-07T21:00:00,822.95194,Sistema
2023-11-07T22:00:00,605.66294,Sistema
2023-11-07T23:00:00,343.21294,Sistema
2023-11-07T24:00:00,332.95194,Sistema
2023-11-08T01:00:00,106.5456,Sistema
2023-11-08T02:00:00,106.5456,Sistema
2023-11-08T03:00:00,106.5456,Sistema
2023-11-08T04:00:00,103.1486,Sistema
2023-11-08T05:00:00,106.5456,Sistema
2023-11-08T06:00:00,247.4106,Sistema
2023-11-08T07:00:00,235.3036,Sistema
2023-11-08T08:00:00,336.8096,Sistema
2023-11-08T09:00:00,421.5486,Sistema
2023-11-08T10:00:00,421.5486,Sistema
2023-11-08T11:00:00,616.7396,Sistema
2023-11-08T12:00:00,421.5486,Sistema
2023-11-08T13:00:00,421.5486,Sistema
2023-11-08T14:00:00,718.1426,Sistema
2023-11-08T15:00:00,616.7396,Sistema
2023-11-08T16:00:00,718.1426,Sistema
2023-11-08T17:00:00,891.5486,Sistema
2023-11-08T18:00:00,718.1426,Sistema
2023-11-08T19:00:00,891.5486,Sistema
2023-11-08T20:00:00,891.5486,Sistema
2023-11-08T21:00:00,891.5486,Sistema
2023-11-08T22:00:00,616.7396,Sistema
2023-11-08T23:00:00,406.5486,Sistema
2023-11-08T24:00:00,326.5486,Sistema
2023-11-09T01:00:00,382.85667,Sistema
2023-11-09T02:00:00,382.85667,Sistema
2023-11-09T03:00:00,382.85667,Sistema
2023-11-09T04:00:00,382.85667,Sistema
2023-11-09T05:00:00,382.85667,Sistema
2023-11-09T06:00:00,402.85667,Sistema
2023-11-09T07:00:00,382.85667,Sistema
2023-11-09T08:00:00,403.61767,Sistema
2023-11-09T09:00:00,417.85667,Sistema
2023-11-09T10:00:00,482.85667,Sistema
2023-11-09T11:00:00,613.04767,Sistema
2023-11-09T12:00:00,613.04767,Sistema
2023-11-09T13:00:00,562.85667,Sistema
2023-11-09T14:00:00,562.85667,Sistema
2023-11-09T15:00:00,718.39467,Sistema
2023-11-09T16:00:00,718.39467,Sistema
2023-11-09T17:00:00,718.39467,Sistema
2023-11-09T18:00:00,718.39467,Sistema
2023-11-09T19:00:00,1062.85667,Sistema
2023-11-09T20:00:00,1062.85667,Sistema
2023-11-09T21:00:00,1062.85667,Sistema
2023-11-09T22:00:00,562.85667,Sistema
2023-11-09T23:00:00,403.61767,Sistema
2023-11-09T24:00:00,402.85667,Sistema
2023-11-10T01:00:00,811.2007,Sistema
2023-11-10T02:00:00,499.2007,Sistema
2023-11-10T03:00:00,499.2007,Sistema
2023-11-10T04:00:00,407.2007,Sistema
2023-11-10T05:00:00,477.7257,Sistema
2023-11-10T06:00:00,477.7257,Sistema
2023-11-10T07:00:00,407.2007,Sistema
2023-11-10T08:00:00,499.2007,Sistema
2023-11-10T09:00:00,499.2007,Sistema
2023-11-10T10:00:00,499.2007,Sistema
2023-11-10T11:00:00,530.2007,Sistema
2023-11-10T12:00:00,780.2007,Sistema
2023-11-10T13:00:00,780.2007,Sistema
2023-11-10T14:00:00,780.2007,Sistema
2023-11-10T15:00:00,780.2007,Sistema
2023-11-10T16:00:00,780.2007,Sistema
2023-11-10T17:00:00,811.2007,Sistema
2023-11-10T18:00:00,811.2007,Sistema
2023-11-10T19:00:00,811.2007,Sistema
2023-11-10T20:00:00,811.2007,Sistema
2023-11-10T21:00:00,811.2007,Sistema
2023-11-10T22:00:00,530.2007,Sistema
2023-11-10T23:00:00,499.2007,Sistema
2023-11-10T24:00:00,499.2007,Sistema
2023-11-11T01:00:00,396.48963,Sistema
2023-11-11T02:00:00,396.48963,Sistema
2023-11-11T03:00:00,396.48963,Sistema
2023-11-11T04:00:00,396.48963,Sistema
2023-11-11T05:00:00,396.48963,Sistema
2023-11-11T06:00:00,396.48963,Sistema
2023-11-11T07:00:00,396.48963,Sistema
2023-11-11T08:00:00,471.31163,Sistema
2023-11-11T09:00:00,655.48963,Sistema
2023-11-11T10:00:00,724.68863,Sistema
2023-11-11T11:00:00,724.68863,Sistema
2023-11-11T12:00:00,724.68863,Sistema
2023-11-11T13:00:00,724.68863,Sistema
2023-11-11T14:00:00,724.68863,Sistema
2023-11-11T15:00:00,724.68863,Sistema
2023-11-11T16:00:00,785.48963,Sistema
2023-11-11T17:00:00,785.48963,Sistema
2023-11-11T18:00:00,785.48963,Sistema
2023-11-11T19:00:00,816.48963,Sistema
2023-11-11T20:00:00,816.48963,Sistema
2023-11-11T21:00:00,816.48963,Sistema
2023-11-11T22:00:00,655.48963,Sistema
2023-11-11T23:00:00,471.31163,Sistema
2023-11-11T24:00:00,412.48963,Sistema
2023-11-12T01:00:00,810.8672,Sistema
2023-11-12T02:00:00,810.8672,Sistema
2023-11-12T03:00:00,810.8672,Sistema
2023-11-12T04:00:00,779.8672,Sistema
2023-11-12T05:00:00,554.8672,Sistema
2023-11-12T06:00:00,779.8672,Sistema
2023-11-12T07:00:00,554.8672,Sistema
2023-11-12T08:00:00,554.8672,Sistema
2023-11-12T09:00:00,449.8672,Sistema
2023-11-12T10:00:00,449.8672,Sistema
2023-11-12T11:00:00,554.8672,Sistema
2023-11-12T12:00:00,554.8672,Sistema
2023-11-12T13:00:00,554.8672,Sistema
2023-11-12T14:00:00,554.8672,Sistema
2023-11-12T15:00:00,554.8672,Sistema
2023-11-12T16:00:00,554.8672,Sistema
2023-11-12T17:00:00,554.8672,Sistema
2023-11-12T18:00:00,779.8672,Sistema
2023-11-12T19:00:00,811.8672,Sistema
2023-11-12T20:00:00,811.8672,Sistema
2023-11-12T21:00:00,810.8672,Sistema
2023-11-12T22:00:00,810.8672,Sistema
2023-11-12T23:00:00,554.8672,Sistema
2023-11-12T24:00:00,554.8672,Sistema
2023-11-13T01:00:00,569.74911,Sistema
2023-11-13T02:00:00,569.74911,Sistema
2023-11-13T03:00:00,569.74911,Sistema
2023-11-13T04:00:00,569.74911,Sistema
2023-11-13T05:00:00,569.74911,Sistema
2023-11-13T06:00:00,569.74911,Sistema
2023-11-13T07:00:00,554.74911,Sistema
2023-11-13T08:00:00,569.74911,Sistema
2023-11-13T09:00:00,569.74911,Sistema
2023-11-13T10:00:00,569.74911,Sistema
2023-11-13T11:00:00,569.74911,Sistema
2023-11-13T12:00:00,811.74911,Sistema
2023-11-13T13:00:00,811.74911,Sistema
2023-11-13T14:00:00,811.74911,Sistema
2023-11-13T15:00:00,569.74911,Sistema
2023-11-13T16:00:00,569.74911,Sistema
2023-11-13T17:00:00,569.74911,Sistema
2023-11-13T18:00:00,713.87611,Sistema
2023-11-13T19:00:00,811.74911,Sistema
2023-11-13T20:00:00,812.74911,Sistema
2023-11-13T21:00:00,811.74911,Sistema
2023-11-13T22:00:00,811.74911,Sistema
2023-11-13T23:00:00,811.74911,Sistema
2023-11-13T24:00:00,713.87611,Sistema
2023-11-14T01:00:00,812.1792,Sistema
2023-11-14T02:00:00,811.1792,Sistema
2023-11-14T03:00:00,746.3752,Sistema
2023-11-14T04:00:00,725.3202,Sistema
2023-11-14T05:00:00,811.1792,Sistema
2023-11-14T06:00:00,812.1792,Sistema
2023-11-14T07:00:00,812.1792,Sistema
2023-11-14T08:00:00,812.1792,Sistema
2023-11-14T09:00:00,812.1792,Sistema
2023-11-14T10:00:00,812.1792,Sistema
2023-11-14T11:00:00,849.1792,Sistema
2023-11-14T12:00:00,849.1792,Sistema
2023-11-14T13:00:00,849.1792,Sistema
2023-11-14T14:00:00,849.1792,Sistema
2023-11-14T15:00:00,849.1792,Sistema
2023-11-14T16:00:00,849.1792,Sistema
2023-11-14T17:00:00,849.1792,Sistema
2023-11-14T18:00:00,849.1792,Sistema
2023-11-14T19:00:00,849.1792,Sistema
2023-11-14T20:00:00,849.1792,Sistema
2023-11-14T21:00:00,849.1792,Sistema
2023-11-14T22:00:00,849.1792,Sistema
2023-11-14T23:00:00,849.1792,Sistema
2023-11-14T24:00:00,812.1792,Sistema
2023-11-15T01:00:00,772.99925,Sistema
2023-11-15T02:00:00,747.56125,Sistema
2023-11-15T03:00:00,725.21925,Sistema
2023-11-15T04:00:00,772.99925,Sistema
2023-11-15T05:00:00,799.36525,Sistema
2023-11-15T06:00:00,800.36525,Sistema
2023-11-15T07:00:00,800.36525,Sistema
2023-11-15T08:00:00,803.36525,Sistema
2023-11-15T09:00:00,803.36525,Sistema
2023-11-15T10:00:00,803.36525,Sistema
2023-11-15T11:00:00,803.36525,Sistema
2023-11-15T12:00:00,811.36525,Sistema
2023-11-15T13:00:00,803.36525,Sistema
2023-11-15T14:00:00,803.36525,Sistema
2023-11-15T15:00:00,803.36525,Sistema
2023-11-15T16:00:00,803.36525,Sistema
2023-11-15T17:00:00,803.36525,Sistema
2023-11-15T18:00:00,803.36525,Sistema
2023-11-15T19:00:00,811.36525,Sistema
2023-11-15T20:00:00,811.36525,Sistema
2023-11-15T21:00:00,811.36525,Sistema
2023-11-15T22:00:00,803.36525,Sistema
2023-11-15T23:00:00,803.36525,Sistema
2023-11-15T24:00:00,803.36525,Sistema
2023-11-16T01:00:00,471.22673,Sistema
2023-11-16T02:00:00,558.49773,Sistema
2023-11-16T03:00:00,482.92973,Sistema
2023-11-16T04:00:00,405.40473,Sistema
2023-11-16T05:00:00,482.92973,Sistema
2023-11-16T06:00:00,635.40473,Sistema
2023-11-16T07:00:00,635.40473,Sistema
2023-11-16T08:00:00,705.40473,Sistema
2023-11-16T09:00:00,635.40473,Sistema
2023-11-16T10:00:00,635.40473,Sistema
2023-11-16T11:00:00,729.84073,Sistema
2023-11-16T12:00:00,729.84073,Sistema
2023-11-16T13:00:00,729.84073,Sistema
2023-11-16T14:00:00,729.84073,Sistema
2023-11-16T15:00:00,804.40473,Sistema
2023-11-16T16:00:00,810.40473,Sistema
2023-11-16T17:00:00,804.40473,Sistema
2023-11-16T18:00:00,804.40473,Sistema
2023-11-16T19:00:00,810.40473,Sistema
2023-11-16T20:00:00,810.40473,Sistema
2023-11-16T21:00:00,804.40473,Sistema
2023-11-16T22:00:00,767.92873,Sistema
2023-11-16T23:00:00,729.84073,Sistema
2023-11-16T24:00:00,635.40473,Sistema
2023-11-17T01:00:00,552.19812,Sistema
2023-11-17T02:00:00,552.19812,Sistema
2023-11-17T03:00:00,552.19812,Sistema
2023-11-17T04:00:00,552.19812,Sistema
2023-11-17T05:00:00,552.19812,Sistema
2023-11-17T06:00:00,552.19812,Sistema
2023-11-17T07:00:00,552.19812,Sistema
2023-11-17T08:00:00,552.19812,Sistema
2023-11-17T09:00:00,557.19812,Sistema
2023-11-17T10:00:00,627.19812,Sistema
2023-11-17T11:00:00,632.19812,Sistema
2023-11-17T12:00:00,632.19812,Sistema
2023-11-17T13:00:00,717.43612,Sistema
2023-11-17T14:00:00,717.43612,Sistema
2023-11-17T15:00:00,792.19812,Sistema
2023-11-17T16:00:00,792.19812,Sistema
2023-11-17T17:00:00,792.19812,Sistema
2023-11-17T18:00:00,792.19812,Sistema
2023-11-17T19:00:00,803.19812,Sistema
2023-11-17T20:00:00,803.19812,Sistema
2023-11-17T21:00:00,632.19812,Sistema
2023-11-17T22:00:00,632.19812,Sistema
2023-11-17T23:00:00,632.19812,Sistema
2023-11-17T24:00:00,627.19812,Sistema
2023-11-18T01:00:00,385.27822,Sistema
2023-11-18T02:00:00,350.78922,Sistema
2023-11-18T03:00:00,350.78922,Sistema
2023-11-18T04:00:00,350.78922,Sistema
2023-11-18T05:00:00,350.78922,Sistema
2023-11-18T06:00:00,350.78922,Sistema
2023-11-18T07:00:00,350.78922,Sistema
2023-11-18T08:00:00,385.27822,Sistema
2023-11-18T09:00:00,450.78922,Sistema
2023-11-18T10:00:00,450.78922,Sistema
2023-11-18T11:00:00,450.78922,Sistema
2023-11-18T12:00:00,450.78922,Sistema
2023-11-18T13:00:00,450.78922,Sistema
2023-11-18T14:00:00,450.78922,Sistema
2023-11-18T15:00:00,450.78922,Sistema
2023-11-18T16:00:00,450.78922,Sistema
2023-11-18T17:00:00,450.78922,Sistema
2023-11-18T18:00:00,478.31422,Sistema
2023-11-18T19:00:00,750.78922,Sistema
2023-11-18T20:00:00,478.31422,Sistema
2023-11-18T21:00:00,460.78922,Sistema
2023-11-18T22:00:00,450.78922,Sistema
2023-11-18T23:00:00,450.78922,Sistema
2023-11-18T24:00:00,350.78922,Sistema
2023-11-19T01:00:00,299.85278,Sistema
2023-11-19T02:00:00,299.85278,Sistema
2023-11-19T03:00:00,299.85278,Sistema
2023-11-19T04:00:00,299.85278,Sistema
2023-11-19T05:00:00,299.85278,Sistema
2023-11-19T06:00:00,299.85278,Sistema
2023-11-19T07:00:00,290.85278,Sistema
2023-11-19T08:00:00,290.85278,Sistema
2023-11-19T09:00:00,299.85278,Sistema
2023-11-19T10:00:00,299.85278,Sistema
2023-11-19T11:00:00,299.85278,Sistema
2023-11-19T12:00:00,299.85278,Sistema
2023-11-19T13:00:00,299.85278,Sistema
2023-11-19T14:00:00,299.85278,Sistema
2023-11-19T15:00:00,299.85278,Sistema
2023-11-19T16:00:00,299.85278,Sistema
2023-11-19T17:00:00,299.85278,Sistema
2023-11-19T18:00:00,370.55078,Sistema
2023-11-19T19:00:00,650.85278,Sistema
2023-11-19T20:00:00,650.85278,Sistema
2023-11-19T21:00:00,650.85278,Sistema
2023-11-19T22:00:00,650.85278,Sistema
2023-11-19T23:00:00,299.85278,Sistema
2023-11-19T24:00:00,299.85278,Sistema
2023-11-20T01:00:00,103.45265,Sistema
2023-11-20T02:00:00,206.19265,Sistema
2023-11-20T03:00:00,275.45265,Sistema
2023-11-20T04:00:00,261.18165,Sistema
2023-11-20T05:00:00,261.18165,Sistema
2023-11-20T06:00:00,275.45265,Sistema
2023-11-20T07:00:00,275.45265,Sistema
2023-11-20T08:00:00,275.45265,Sistema
2023-11-20T09:00:00,275.45265,Sistema
2023-11-20T10:00:00,275.45265,Sistema
2023-11-20T11:00:00,275.45265,Sistema
2023-11-20T12:00:00,356.19465,Sistema
2023-11-20T13:00:00,356.19465,Sistema
2023-11-20T14:00:00,356.19465,Sistema
2023-11-20T15:00:00,375.15065,Sistema
2023-11-20T16:00:00,375.15065,Sistema
2023-11-20T17:00:00,356.19465,Sistema
2023-11-20T18:00:00,389.94165,Sistema
2023-11-20T19:00:00,710.45265,Sistema
2023-11-20T20:00:00,705.45265,Sistema
2023-11-20T21:00:00,389.94165,Sistema
2023-11-20T22:00:00,482.97765,Sistema
2023-11-20T23:00:00,275.45265,Sistema
2023-11-20T24:00:00,275.45265,Sistema
2023-11-21T01:00:00,106.10716,Sistema
2023-11-21T02:00:00,106.10716,Sistema
2023-11-21T03:00:00,106.10716,Sistema
2023-11-21T04:00:00,107.33016,Sistema
2023-11-21T05:00:00,107.33016,Sistema
2023-11-21T06:00:00,107.33016,Sistema
2023-11-21T07:00:00,107.33016,Sistema
2023-11-21T08:00:00,211.53816,Sistema
2023-11-21T09:00:00,108.79816,Sistema
2023-11-21T10:00:00,108.79816,Sistema
2023-11-21T11:00:00,211.77816,Sistema
2023-11-21T12:00:00,361.48316,Sistema
2023-11-21T13:00:00,234.48816,Sistema
2023-11-21T14:00:00,211.77816,Sistema
2023-11-21T15:00:00,395.28716,Sistema
2023-11-21T16:00:00,400.79816,Sistema
2023-11-21T17:00:00,400.79816,Sistema
2023-11-21T18:00:00,700.79816,Sistema
2023-11-21T19:00:00,700.79816,Sistema
2023-11-21T20:00:00,700.79816,Sistema
2023-11-21T21:00:00,700.79816,Sistema
2023-11-21T22:00:00,400.79816,Sistema
2023-11-21T23:00:00,266.52716,Sistema
2023-11-21T24:00:00,108.79816,Sistema
2023-11-22T01:00:00,105.28744,Sistema
2023-11-22T02:00:00,104.06444,Sistema
2023-11-22T03:00:00,105.28744,Sistema
2023-11-22T04:00:00,105.28744,Sistema
2023-11-22T05:00:00,105.28744,Sistema
2023-11-22T06:00:00,105.28744,Sistema
2023-11-22T07:00:00,105.28744,Sistema
2023-11-22T08:00:00,105.28744,Sistema
2023-11-22T09:00:00,232.44544,Sistema
2023-11-22T10:00:00,393.24444,Sistema
2023-11-22T11:00:00,398.75544,Sistema
2023-11-22T12:00:00,708.75544,Sistema
2023-11-22T13:00:00,708.75544,Sistema
2023-11-22T14:00:00,708.75544,Sistema
2023-11-22T15:00:00,708.75544,Sistema
2023-11-22T16:00:00,708.75544,Sistema
2023-11-22T17:00:00,708.75544,Sistema
2023-11-22T18:00:00,708.75544,Sistema
2023-11-22T19:00:00,708.75544,Sistema
2023-11-22T20:00:00,708.75544,Sistema
2023-11-22T21:00:00,708.75544,Sistema
2023-11-22T22:00:00,398.75544,Sistema
2023-11-22T23:00:00,105.53544,Sistema
2023-11-22T24:00:00,105.28744,Sistema
2023-11-23T01:00:00,100.7856,Sistema
2023-11-23T02:00:00,100.7856,Sistema
2023-11-23T03:00:00,100.7856,Sistema
2023-11-23T04:00:00,100.7856,Sistema
2023-11-23T05:00:00,100.7866,Sistema
2023-11-23T06:00:00,100.7866,Sistema
2023-11-23T07:00:00,100.7866,Sistema
2023-11-23T08:00:00,101.0336,Sistema
2023-11-23T09:00:00,388.7426,Sistema
2023-11-23T10:00:00,584.2536,Sistema
2023-11-23T11:00:00,584.2536,Sistema
2023-11-23T12:00:00,584.2536,Sistema
2023-11-23T13:00:00,584.2536,Sistema
2023-11-23T14:00:00,584.2536,Sistema
2023-11-23T15:00:00,609.2536,Sistema
2023-11-23T16:00:00,609.2536,Sistema
2023-11-23T17:00:00,609.2536,Sistema
2023-11-23T18:00:00,609.2536,Sistema
2023-11-23T19:00:00,879.3676,Sistema
2023-11-23T20:00:00,609.2536,Sistema
2023-11-23T21:00:00,584.2536,Sistema
2023-11-23T22:00:00,584.2536,Sistema
2023-11-23T23:00:00,519.2536,Sistema
2023-11-23T24:00:00,354.2536,Sistema
2023-11-24T01:00:00,365.42378,Sistema
2023-11-24T02:00:00,365.42378,Sistema
2023-11-24T03:00:00,365.42378,Sistema
2023-11-24T04:00:00,365.42378,Sistema
2023-11-24T05:00:00,365.42378,Sistema
2023-11-24T06:00:00,365.42378,Sistema
2023-11-24T07:00:00,365.42378,Sistema
2023-11-24T08:00:00,405.42378,Sistema
2023-11-24T09:00:00,405.42378,Sistema
2023-11-24T10:00:00,525.42378,Sistema
2023-11-24T11:00:00,585.42378,Sistema
2023-11-24T12:00:00,585.42378,Sistema
2023-11-24T13:00:00,585.42378,Sistema
2023-11-24T14:00:00,585.42378,Sistema
2023-11-24T15:00:00,585.42378,Sistema
2023-11-24T16:00:00,585.42378,Sistema
2023-11-24T17:00:00,585.42378,Sistema
2023-11-24T18:00:00,585.42378,Sistema
2023-11-24T19:00:00,585.42378,Sistema
2023-11-24T20:00:00,585.42378,Sistema
2023-11-24T21:00:00,585.42378,Sistema
2023-11-24T22:00:00,585.42378,Sistema
2023-11-24T23:00:00,405.42378,Sistema
2023-11-24T24:00:00,405.42378,Sistema
2023-11-25T01:00:00,260.47577,Sistema
2023-11-25T02:00:00,260.47577,Sistema
2023-11-25T03:00:00,258.73477,Sistema
2023-11-25T04:00:00,184.74677,Sistema
2023-11-25T05:00:00,260.47577,Sistema
2023-11-25T06:00:00,360.24677,Sistema
2023-11-25T07:00:00,184.74677,Sistema
2023-11-25T08:00:00,360.24677,Sistema
2023-11-25T09:00:00,360.24677,Sistema
2023-11-25T10:00:00,360.24677,Sistema
2023-11-25T11:00:00,360.24677,Sistema
2023-11-25T12:00:00,434.74677,Sistema
2023-11-25T13:00:00,404.74677,Sistema
2023-11-25T14:00:00,360.24677,Sistema
2023-11-25T15:00:00,360.24677,Sistema
2023-11-25T16:00:00,404.74677,Sistema
2023-11-25T17:00:00,434.74677,Sistema
2023-11-25T18:00:00,524.74677,Sistema
2023-11-25T19:00:00,584.74677,Sistema
2023-11-25T20:00:00,584.74677,Sistema
2023-11-25T21:00:00,584.74677,Sistema
2023-11-25T22:00:00,360.24677,Sistema
2023-11-25T23:00:00,360.24677,Sistema
2023-11-25T24:00:00,360.24677,Sistema
2023-11-26T01:00:00,250.55615,Sistema
2023-11-26T02:00:00,250.55615,Sistema
2023-11-26T03:00:00,250.55615,Sistema
2023-11-26T04:00:00,250.55615,Sistema
2023-11-26T05:00:00,250.55615,Sistema
2023-11-26T06:00:00,250.55615,Sistema
2023-11-26T07:00:00,250.55615,Sistema
2023-11-26T08:00:00,250.55615,Sistema
2023-11-26T09:00:00,250.55615,Sistema
2023-11-26T10:00:00,250.55615,Sistema
2023-11-26T11:00:00,250.55615,Sistema
2023-11-26T12:00:00,390.55615,Sistema
2023-11-26T13:00:00,390.55615,Sistema
2023-11-26T14:00:00,390.55615,Sistema
2023-11-26T15:00:00,390.55615,Sistema
2023-11-26T16:00:00,390.55615,Sistema
2023-11-26T17:00:00,390.55615,Sistema
2023-11-26T18:00:00,400.55615,Sistema
2023-11-26T19:00:00,520.55615,Sistema
2023-11-26T20:00:00,400.55615,Sistema
2023-11-26T21:00:00,605.55615,Sistema
2023-11-26T22:00:00,400.55615,Sistema
2023-11-26T23:00:00,400.55615,Sistema
2023-11-26T24:00:00,390.55615,Sistema
2023-11-27T01:00:00,255.53356,Sistema
2023-11-27T02:00:00,255.53356,Sistema
2023-11-27T03:00:00,255.53356,Sistema
2023-11-27T04:00:00,255.53356,Sistema
2023-11-27T05:00:00,255.53356,Sistema
2023-11-27T06:00:00,255.53356,Sistema
2023-11-27T07:00:00,261.26256,Sistema
2023-11-27T08:00:00,395.53356,Sistema
2023-11-27T09:00:00,583.53356,Sistema
2023-11-27T10:00:00,583.53356,Sistema
2023-11-27T11:00:00,585.53356,Sistema
2023-11-27T12:00:00,585.53356,Sistema
2023-11-27T13:00:00,585.53356,Sistema
2023-11-27T14:00:00,585.53356,Sistema
2023-11-27T15:00:00,646.31356,Sistema
2023-11-27T16:00:00,646.31356,Sistema
2023-11-27T17:00:00,646.31356,Sistema
2023-11-27T18:00:00,646.31356,Sistema
2023-11-27T19:00:00,755.53356,Sistema
2023-11-27T20:00:00,755.53356,Sistema
2023-11-27T21:00:00,646.31356,Sistema
2023-11-27T22:00:00,646.31356,Sistema
2023-11-27T23:00:00,585.53356,Sistema
2023-11-27T24:00:00,583.53356,Sistema
2023-11-28T01:00:00,430.61505,Sistema
2023-11-28T02:00:00,384.53005,Sistema
2023-11-28T03:00:00,434.53005,Sistema
2023-11-28T04:00:00,384.53005,Sistema
2023-11-28T05:00:00,434.53005,Sistema
2023-11-28T06:00:00,434.53005,Sistema
2023-11-28T07:00:00,453.53005,Sistema
2023-11-28T08:00:00,453.53005,Sistema
2023-11-28T09:00:00,704.53005,Sistema
2023-11-28T10:00:00,453.53005,Sistema
2023-11-28T11:00:00,587.56905,Sistema
2023-11-28T12:00:00,704.53005,Sistema
2023-11-28T13:00:00,704.53005,Sistema
2023-11-28T14:00:00,704.53005,Sistema
2023-11-28T15:00:00,704.53005,Sistema
2023-11-28T16:00:00,704.53005,Sistema
2023-11-28T17:00:00,704.53005,Sistema
2023-11-28T18:00:00,704.53005,Sistema
2023-11-28T19:00:00,704.53005,Sistema
2023-11-28T20:00:00,704.53005,Sistema
2023-11-28T21:00:00,704.53005,Sistema
2023-11-28T22:00:00,704.53005,Sistema
2023-11-28T23:00:00,453.53005,Sistema
2023-11-28T24:00:00,453.53005,Sistema
2023-11-29T01:00:00,452.10547,Sistema
2023-11-29T02:00:00,452.10547,Sistema
2023-11-29T03:00:00,452.10547,Sistema
2023-11-29T04:00:00,282.10547,Sistema
2023-11-29T05:00:00,282.10547,Sistema
2023-11-29T06:00:00,452.10547,Sistema
2023-11-29T07:00:00,452.10547,Sistema
2023-11-29T08:00:00,452.10547,Sistema
2023-11-29T09:00:00,452.10547,Sistema
2023-11-29T10:00:00,472.10547,Sistema
2023-11-29T11:00:00,502.10547,Sistema
2023-11-29T12:00:00,532.10547,Sistema
2023-11-29T13:00:00,502.10547,Sistema
2023-11-29T14:00:00,585.14447,Sistema
2023-11-29T15:00:00,685.10547,Sistema
2023-11-29T16:00:00,685.10547,Sistema
2023-11-29T17:00:00,685.10547,Sistema
2023-11-29T18:00:00,685.10547,Sistema
2023-11-29T19:00:00,685.10547,Sistema
2023-11-29T20:00:00,685.10547,Sistema
2023-11-29T21:00:00,685.10547,Sistema
2023-11-29T22:00:00,685.10547,Sistema
2023-11-29T23:00:00,532.10547,Sistema
2023-11-29T24:00:00,472.10547,Sistema
2023-11-30T01:00:00,591.21098,Sistema
2023-11-30T02:00:00,533.21098,Sistema
2023-11-30T03:00:00,533.21098,Sistema
2023-11-30T04:00:00,533.21098,Sistema
2023-11-30T05:00:00,533.21098,Sistema
2023-11-30T06:00:00,533.21098,Sistema
2023-11-30T07:00:00,591.21098,Sistema
2023-11-30T08:00:00,591.21098,Sistema
2023-11-30T09:00:00,711.58898,Sistema
2023-11-30T10:00:00,591.21098,Sistema
2023-11-30T11:00:00,725.21098,Sistema
2023-11-30T12:00:00,725.21098,Sistema
2023-11-30T13:00:00,725.21098,Sistema
2023-11-30T14:00:00,725.21098,Sistema
2023-11-30T15:00:00,726.21098,Sistema
2023-11-30T16:00:00,726.21098,Sistema
2023-11-30T17:00:00,726.21098,Sistema
2023-11-30T18:00:00,726.21098,Sistema
2023-11-30T19:00:00,749.21098,Sistema
2023-11-30T20:00:00,749.21098,Sistema
2023-11-30T21:00:00,749.21098,Sistema
2023-11-30T22:00:00,749.21098,Sistema
2023-11-30T23:00:00,591.21098,Sistema
2023-11-30T24:00:00,591.21098,Sistema
2023-12-01T01:00:00,589.37329,Sistema
2023-12-01T02:00:00,559.37329,Sistema
2023-12-01T03:00:00,559.37329,Sistema
2023-12-01T04:00:00,559.37329,Sistema
2023-12-01T05:00:00,559.37329,Sistema
2023-12-01T06:00:00,559.37329,Sistema
2023-12-01T07:00:00,656.37329,Sistema
2023-12-01T08:00:00,656.37329,Sistema
2023-12-01T09:00:00,727.60729,Sistema
2023-12-01T10:00:00,749.37329,Sistema
2023-12-01T11:00:00,755.37329,Sistema
2023-12-01T12:00:00,755.37329,Sistema
2023-12-01T13:00:00,755.37329,Sistema
2023-12-01T14:00:00,755.37329,Sistema
2023-12-01T15:00:00,763.37329,Sistema
2023-12-01T16:00:00,763.37329,Sistema
2023-12-01T17:00:00,763.37329,Sistema
2023-12-01T18:00:00,763.37329,Sistema
2023-12-01T19:00:00,763.37329,Sistema
2023-12-01T20:00:00,763.37329,Sistema
2023-12-01T21:00:00,763.37329,Sistema
2023-12-01T22:00:00,763.37329,Sistema
2023-12-01T23:00:00,755.37329,Sistema
2023-12-01T24:00:00,749.37329,Sistema
2023-12-02T01:00:00,742.83258,Sistema
2023-12-02T02:00:00,728.87558,Sistema
2023-12-02T03:00:00,728.87558,Sistema
2023-12-02T04:00:00,728.87558,Sistema
2023-12-02T05:00:00,728.87558,Sistema
2023-12-02T06:00:00,728.87558,Sistema
2023-12-02T07:00:00,728.87558,Sistema
2023-12-02T08:00:00,728.87558,Sistema
2023-12-02T09:00:00,728.87558,Sistema
2023-12-02T10:00:00,742.83258,Sistema
2023-12-02T11:00:00,763.87558,Sistema
2023-12-02T12:00:00,763.87558,Sistema
2023-12-02T13:00:00,763.87558,Sistema
2023-12-02T14:00:00,763.87558,Sistema
2023-12-02T15:00:00,763.87558,Sistema
2023-12-02T16:00:00,763.87558,Sistema
2023-12-02T17:00:00,763.87558,Sistema
2023-12-02T18:00:00,788.37558,Sistema
2023-12-02T19:00:00,788.37558,Sistema
2023-12-02T20:00:00,788.37558,Sistema
2023-12-02T21:00:00,788.37558,Sistema
2023-12-02T22:00:00,763.87558,Sistema
2023-12-02T23:00:00,763.87558,Sistema
2023-12-02T24:00:00,742.83258,Sistema
2023-12-03T01:00:00,745.77379,Sistema
2023-12-03T02:00:00,745.77379,Sistema
2023-12-03T03:00:00,745.77379,Sistema
2023-12-03T04:00:00,745.77379,Sistema
2023-12-03T05:00:00,745.77379,Sistema
2023-12-03T06:00:00,745.77379,Sistema
2023-12-03T07:00:00,715.77379,Sistema
2023-12-03T08:00:00,620.77379,Sistema
2023-12-03T09:00:00,640.32679,Sistema
2023-12-03T10:00:00,745.77379,Sistema
2023-12-03T11:00:00,745.77379,Sistema
2023-12-03T12:00:00,745.77379,Sistema
2023-12-03T13:00:00,745.77379,Sistema
2023-12-03T14:00:00,745.77379,Sistema
2023-12-03T15:00:00,753.27379,Sistema
2023-12-03T16:00:00,753.27379,Sistema
2023-12-03T17:00:00,753.27379,Sistema
2023-12-03T18:00:00,753.27379,Sistema
2023-12-03T19:00:00,760.77379,Sistema
2023-12-03T20:00:00,760.77379,Sistema
2023-12-03T21:00:00,760.77379,Sistema
2023-12-03T22:00:00,760.77379,Sistema
2023-12-03T23:00:00,753.27379,Sistema
2023-12-03T24:00:00,753.27379,Sistema
2023-12-04T01:00:00,639.33223,Sistema
2023-12-04T02:00:00,619.77923,Sistema
2023-12-04T03:00:00,725.21423,Sistema
2023-12-04T04:00:00,619.77923,Sistema
2023-12-04T05:00:00,725.21423,Sistema
2023-12-04T06:00:00,725.21423,Sistema
2023-12-04T07:00:00,694.77923,Sistema
2023-12-04T08:00:00,729.77923,Sistema
2023-12-04T09:00:00,769.77923,Sistema
2023-12-04T10:00:00,769.77923,Sistema
2023-12-04T11:00:00,769.77923,Sistema
2023-12-04T12:00:00,769.77923,Sistema
2023-12-04T13:00:00,799.77923,Sistema
2023-12-04T14:00:00,769.77923,Sistema
2023-12-04T15:00:00,769.77923,Sistema
2023-12-04T16:00:00,805.27923,Sistema
2023-12-04T17:00:00,805.27923,Sistema
2023-12-04T18:00:00,805.27923,Sistema
2023-12-04T19:00:00,814.77923,Sistema
2023-12-04T20:00:00,814.77923,Sistema
2023-12-04T21:00:00,814.77923,Sistema
2023-12-04T22:00:00,799.77923,Sistema
2023-12-04T23:00:00,799.77923,Sistema
2023-12-04T24:00:00,805.27923,Sistema
2023-12-05T01:00:00,754.78864,Sistema
2023-12-05T02:00:00,753.78864,Sistema
2023-12-05T03:00:00,753.78864,Sistema
2023-12-05T04:00:00,753.78864,Sistema
2023-12-05T05:00:00,753.78864,Sistema
2023-12-05T06:00:00,753.78864,Sistema
2023-12-05T07:00:00,753.78864,Sistema
2023-12-05T08:00:00,753.78864,Sistema
2023-12-05T09:00:00,753.78864,Sistema
2023-12-05T10:00:00,754.78864,Sistema
2023-12-05T11:00:00,817.78864,Sistema
2023-12-05T12:00:00,822.78864,Sistema
2023-12-05T13:00:00,822.78864,Sistema
2023-12-05T14:00:00,822.78864,Sistema
2023-12-05T15:00:00,852.78864,Sistema
2023-12-05T16:00:00,852.78864,Sistema
2023-12-05T17:00:00,852.78864,Sistema
2023-12-05T18:00:00,852.78864,Sistema
2023-12-05T19:00:00,852.78864,Sistema
2023-12-05T20:00:00,852.78864,Sistema
2023-12-05T21:00:00,822.78864,Sistema
2023-12-05T22:00:00,817.78864,Sistema
2023-12-05T23:00:00,852.78864,Sistema
2023-12-05T24:00:00,822.78864,Sistema
2023-12-06T01:00:00,803.77734,Sistema
2023-12-06T02:00:00,803.77734,Sistema
2023-12-06T03:00:00,803.77734,Sistema
2023-12-06T04:00:00,803.77734,Sistema
2023-12-06T05:00:00,803.77734,Sistema
2023-12-06T06:00:00,803.77734,Sistema
2023-12-06T07:00:00,803.77734,Sistema
2023-12-06T08:00:00,803.77734,Sistema
2023-12-06T09:00:00,804.77734,Sistema
2023-12-06T10:00:00,804.77734,Sistema
2023-12-06T11:00:00,804.77734,Sistema
2023-12-06T12:00:00,824.74534,Sistema
2023-12-06T13:00:00,824.74534,Sistema
2023-12-06T14:00:00,824.74534,Sistema
2023-12-06T15:00:00,824.74534,Sistema
2023-12-06T16:00:00,824.74534,Sistema
2023-12-06T17:00:00,824.74534,Sistema
2023-12-06T18:00:00,824.74534,Sistema
2023-12-06T19:00:00,824.74534,Sistema
2023-12-06T20:00:00,824.74534,Sistema
2023-12-06T21:00:00,824.74534,Sistema
2023-12-06T22:00:00,804.77734,Sistema
2023-12-06T23:00:00,803.77734,Sistema
2023-12-06T24:00:00,803.77734,Sistema
2023-12-07T01:00:00,802.55361,Sistema
2023-12-07T02:00:00,802.55361,Sistema
2023-12-07T03:00:00,802.55361,Sistema
2023-12-07T04:00:00,802.55361,Sistema
2023-12-07T05:00:00,802.55361,Sistema
2023-12-07T06:00:00,802.55361,Sistema
2023-12-07T07:00:00,802.55361,Sistema
2023-12-07T08:00:00,802.55361,Sistema
2023-12-07T09:00:00,811.05361,Sistema
2023-12-07T10:00:00,811.05361,Sistema
2023-12-07T11:00:00,811.05361,Sistema
2023-12-07T12:00:00,811.05361,Sistema
2023-12-07T13:00:00,811.05361,Sistema
2023-12-07T14:00:00,811.05361,Sistema
2023-12-07T15:00:00,819.05361,Sistema
2023-12-07T16:00:00,819.05361,Sistema
2023-12-07T17:00:00,819.05361,Sistema
2023-12-07T18:00:00,819.05361,Sistema
2023-12-07T19:00:00,819.05361,Sistema
2023-12-07T20:00:00,811.05361,Sistema
2023-12-07T21:00:00,811.05361,Sistema
2023-12-07T22:00:00,811.05361,Sistema
2023-12-07T23:00:00,802.55361,Sistema
2023-12-07T24:00:00,802.55361,Sistema
2023-12-08T01:00:00,763.63394,Sistema
2023-12-08T02:00:00,763.63394,Sistema
2023-12-08T03:00:00,763.63394,Sistema
2023-12-08T04:00:00,763.63394,Sistema
2023-12-08T05:00:00,763.63394,Sistema
2023-12-08T06:00:00,763.63394,Sistema
2023-12-08T07:00:00,763.63394,Sistema
2023-12-08T08:00:00,763.63394,Sistema
2023-12-08T09:00:00,763.63394,Sistema
2023-12-08T10:00:00,763.63394,Sistema
2023-12-08T11:00:00,763.63394,Sistema
2023-12-08T12:00:00,763.63394,Sistema
2023-12-08T13:00:00,833.43994,Sistema
2023-12-08T14:00:00,833.43994,Sistema
2023-12-08T15:00:00,763.63394,Sistema
2023-12-08T16:00:00,833.43994,Sistema
2023-12-08T17:00:00,833.43994,Sistema
2023-12-08T18:00:00,833.43994,Sistema
2023-12-08T19:00:00,853.43994,Sistema
2023-12-08T20:00:00,853.43994,Sistema
2023-12-08T21:00:00,853.43994,Sistema
2023-12-08T22:00:00,853.43994,Sistema
2023-12-08T23:00:00,833.43994,Sistema
2023-12-08T24:00:00,833.43994,Sistema
2023-12-09T01:00:00,830.07253,Sistema
2023-12-09T02:00:00,830.07253,Sistema
2023-12-09T03:00:00,830.07253,Sistema
2023-12-09T04:00:00,830.07253,Sistema
2023-12-09T05:00:00,830.07253,Sistema
2023-12-09T06:00:00,830.07253,Sistema
2023-12-09T07:00:00,830.07253,Sistema
2023-12-09T08:00:00,830.07253,Sistema
2023-12-09T09:00:00,833.07253,Sistema
2023-12-09T10:00:00,898.57253,Sistema
2023-12-09T11:00:00,898.57253,Sistema
2023-12-09T12:00:00,923.07253,Sistema
2023-12-09T13:00:00,923.07253,Sistema
2023-12-09T14:00:00,923.07253,Sistema
2023-12-09T15:00:00,923.07253,Sistema
2023-12-09T16:00:00,923.07253,Sistema
2023-12-09T17:00:00,923.07253,Sistema
2023-12-09T18:00:00,923.18353,Sistema
2023-12-09T19:00:00,923.18353,Sistema
2023-12-09T20:00:00,923.18353,Sistema
2023-12-09T21:00:00,923.18353,Sistema
2023-12-09T22:00:00,923.07253,Sistema
2023-12-09T23:00:00,898.57253,Sistema
2023-12-09T24:00:00,833.07253,Sistema
2023-12-10T01:00:00,928.8756,Sistema
2023-12-10T02:00:00,928.8756,Sistema
2023-12-10T03:00:00,833.3756,Sistema
2023-12-10T04:00:00,818.8756,Sistema
2023-12-10T05:00:00,833.3756,Sistema
2023-12-10T06:00:00,833.3756,Sistema
2023-12-10T07:00:00,818.8756,Sistema
2023-12-10T08:00:00,818.8756,Sistema
2023-12-10T09:00:00,833.3756,Sistema
2023-12-10T10:00:00,928.8756,Sistema
2023-12-10T11:00:00,833.3756,Sistema
2023-12-10T12:00:00,928.8756,Sistema
2023-12-10T13:00:00,928.8756,Sistema
2023-12-10T14:00:00,928.8756,Sistema
2023-12-10T15:00:00,928.8756,Sistema
2023-12-10T16:00:00,928.8756,Sistema
2023-12-10T17:00:00,953.8756,Sistema
2023-12-10T18:00:00,953.8756,Sistema
2023-12-10T19:00:00,954.3756,Sistema
2023-12-10T20:00:00,954.3756,Sistema
2023-12-10T21:00:00,954.3756,Sistema
2023-12-10T22:00:00,954.3756,Sistema
2023-12-10T23:00:00,953.8756,Sistema
2023-12-10T24:00:00,953.8756,Sistema
2023-12-11T01:00:00,920.71752,Sistema
2023-12-11T02:00:00,920.71752,Sistema
2023-12-11T03:00:00,920.71752,Sistema
2023-12-11T04:00:00,920.71752,Sistema
2023-12-11T05:00:00,920.71752,Sistema
2023-12-11T06:00:00,920.71752,Sistema
2023-12-11T07:00:00,920.71752,Sistema
2023-12-11T08:00:00,920.71752,Sistema
2023-12-11T09:00:00,927.71752,Sistema
2023-12-11T10:00:00,927.71752,Sistema
2023-12-11T11:00:00,962.70752,Sistema
2023-12-11T12:00:00,962.70752,Sistema
2023-12-11T13:00:00,962.70752,Sistema
2023-12-11T14:00:00,962.70752,Sistema
2023-12-11T15:00:00,962.70752,Sistema
2023-12-11T16:00:00,962.70752,Sistema
2023-12-11T17:00:00,962.70752,Sistema
2023-12-11T18:00:00,962.70752,Sistema
2023-12-11T19:00:00,972.82852,Sistema
2023-12-11T20:00:00,972.82852,Sistema
2023-12-11T21:00:00,962.70752,Sistema
2023-12-11T22:00:00,962.70752,Sistema
2023-12-11T23:00:00,962.70752,Sistema
2023-12-11T24:00:00,962.70752,Sistema
2023-12-12T01:00:00,911.87816,Sistema
2023-12-12T02:00:00,817.87816,Sistema
2023-12-12T03:00:00,817.87816,Sistema
2023-12-12T04:00:00,817.87816,Sistema
2023-12-12T05:00:00,817.87816,Sistema
2023-12-12T06:00:00,911.87816,Sistema
2023-12-12T07:00:00,911.87816,Sistema
2023-12-12T08:00:00,911.87816,Sistema
2023-12-12T09:00:00,911.87816,Sistema
2023-12-12T10:00:00,920.37816,Sistema
2023-12-12T11:00:00,920.37816,Sistema
2023-12-12T12:00:00,920.37816,Sistema
2023-12-12T13:00:00,920.37816,Sistema
2023-12-12T14:00:00,920.37816,Sistema
2023-12-12T15:00:00,921.87816,Sistema
2023-12-12T16:00:00,921.87816,Sistema
2023-12-12T17:00:00,921.87816,Sistema
2023-12-12T18:00:00,921.87816,Sistema
2023-12-12T19:00:00,942.87816,Sistema
2023-12-12T20:00:00,921.87816,Sistema
2023-12-12T21:00:00,921.87816,Sistema
2023-12-12T22:00:00,920.37816,Sistema
2023-12-12T23:00:00,920.37816,Sistema
2023-12-12T24:00:00,920.37816,Sistema
2023-12-13T01:00:00,854.93984,Sistema
2023-12-13T02:00:00,853.93984,Sistema
2023-12-13T03:00:00,853.93984,Sistema
2023-12-13T04:00:00,852.93984,Sistema
2023-12-13T05:00:00,852.93984,Sistema
2023-12-13T06:00:00,853.93984,Sistema
2023-12-13T07:00:00,853.93984,Sistema
2023-12-13T08:00:00,853.93984,Sistema
2023-12-13T09:00:00,927.83984,Sistema
2023-12-13T10:00:00,927.83984,Sistema
2023-12-13T11:00:00,927.83984,Sistema
2023-12-13T12:00:00,927.83984,Sistema
2023-12-13T13:00:00,927.83984,Sistema
2023-12-13T14:00:00,927.83984,Sistema
2023-12-13T15:00:00,927.83984,Sistema
2023-12-13T16:00:00,973.05084,Sistema
2023-12-13T17:00:00,973.05084,Sistema
2023-12-13T18:00:00,973.05084,Sistema
2023-12-13T19:00:00,973.05084,Sistema
2023-12-13T20:00:00,973.05084,Sistema
2023-12-13T21:00:00,927.83984,Sistema
2023-12-13T22:00:00,927.83984,Sistema
2023-12-13T23:00:00,927.83984,Sistema
2023-12-13T24:00:00,927.83984,Sistema
2023-12-14T01:00:00,849.48689,Sistema
2023-12-14T02:00:00,849.48689,Sistema
2023-12-14T03:00:00,848.48689,Sistema
2023-12-14T04:00:00,848.48689,Sistema
2023-12-14T05:00:00,848.48689,Sistema
2023-12-14T06:00:00,848.48689,Sistema
2023-12-14T07:00:00,848.48689,Sistema
2023-12-14T08:00:00,849.48689,Sistema
2023-12-14T09:00:00,849.48689,Sistema
2023-12-14T10:00:00,849.48689,Sistema
2023-12-14T11:00:00,850.48689,Sistema
2023-12-14T12:00:00,922.98689,Sistema
2023-12-14T13:00:00,922.98689,Sistema
2023-12-14T14:00:00,922.98689,Sistema
2023-12-14T15:00:00,922.98689,Sistema
2023-12-14T16:00:00,922.98689,Sistema
2023-12-14T17:00:00,922.98689,Sistema
2023-12-14T18:00:00,922.98689,Sistema
2023-12-14T19:00:00,923.18689,Sistema
2023-12-14T20:00:00,923.18689,Sistema
2023-12-14T21:00:00,923.18689,Sistema
2023-12-14T22:00:00,922.98689,Sistema
2023-12-14T23:00:00,922.98689,Sistema
2023-12-14T24:00:00,922.98689,Sistema
2023-12-15T01:00:00,863.09077,Sistema
2023-12-15T02:00:00,848.09077,Sistema
2023-12-15T03:00:00,848.09077,Sistema
2023-12-15T04:00:00,848.09077,Sistema
2023-12-15T05:00:00,848.09077,Sistema
2023-12-15T06:00:00,848.09077,Sistema
2023-12-15T07:00:00,848.09077,Sistema
2023-12-15T08:00:00,848.09077,Sistema
2023-12-15T09:00:00,848.09077,Sistema
2023-12-15T10:00:00,863.09077,Sistema
2023-12-15T11:00:00,863.09077,Sistema
2023-12-15T12:00:00,863.09077,Sistema
2023-12-15T13:00:00,883.09077,Sistema
2023-12-15T14:00:00,863.09077,Sistema
2023-12-15T15:00:00,933.59077,Sistema
2023-12-15T16:00:00,933.59077,Sistema
2023-12-15T17:00:00,883.09077,Sistema
2023-12-15T18:00:00,883.09077,Sistema
2023-12-15T19:00:00,933.59077,Sistema
2023-12-15T20:00:00,883.09077,Sistema
2023-12-15T21:00:00,863.09077,Sistema
2023-12-15T22:00:00,863.09077,Sistema
2023-12-15T23:00:00,848.09077,Sistema
2023-12-15T24:00:00,848.09077,Sistema
2023-12-16T01:00:00,853.61662,Sistema
2023-12-16T02:00:00,853.61662,Sistema
2023-12-16T03:00:00,792.71662,Sistema
2023-12-16T04:00:00,792.71662,Sistema
2023-12-16T05:00:00,792.71662,Sistema
2023-12-16T06:00:00,792.71662,Sistema
2023-12-16T07:00:00,792.71662,Sistema
2023-12-16T08:00:00,853.61662,Sistema
2023-12-16T09:00:00,853.61662,Sistema
2023-12-16T10:00:00,853.61662,Sistema
2023-12-16T11:00:00,853.61662,Sistema
2023-12-16T12:00:00,853.61662,Sistema
2023-12-16T13:00:00,853.61662,Sistema
2023-12-16T14:00:00,853.61662,Sistema
2023-12-16T15:00:00,853.61662,Sistema
2023-12-16T16:00:00,853.61662,Sistema
2023-12-16T17:00:00,853.61662,Sistema
2023-12-16T18:00:00,853.61662,Sistema
2023-12-16T19:00:00,864.61662,Sistema
2023-12-16T20:00:00,864.61662,Sistema
2023-12-16T21:00:00,853.61662,Sistema
2023-12-16T22:00:00,853.61662,Sistema
2023-12-16T23:00:00,853.61662,Sistema
2023-12-16T24:00:00,853.61662,Sistema
2023-12-17T01:00:00,783.71422,Sistema
2023-12-17T02:00:00,783.71422,Sistema
2023-12-17T03:00:00,753.91422,Sistema
2023-12-17T04:00:00,783.71422,Sistema
2023-12-17T05:00:00,738.78922,Sistema
2023-12-17T06:00:00,738.78922,Sistema
2023-12-17T07:00:00,723.91422,Sistema
2023-12-17T08:00:00,723.91422,Sistema
2023-12-17T09:00:00,738.78922,Sistema
2023-12-17T10:00:00,783.71422,Sistema
2023-12-17T11:00:00,753.91422,Sistema
2023-12-17T12:00:00,783.71422,Sistema
2023-12-17T13:00:00,783.71422,Sistema
2023-12-17T14:00:00,783.71422,Sistema
2023-12-17T15:00:00,783.71422,Sistema
2023-12-17T16:00:00,783.71422,Sistema
2023-12-17T17:00:00,783.71422,Sistema
2023-12-17T18:00:00,804.91422,Sistema
2023-12-17T19:00:00,804.91422,Sistema
2023-12-17T20:00:00,804.91422,Sistema
2023-12-17T21:00:00,804.91422,Sistema
2023-12-17T22:00:00,804.91422,Sistema
2023-12-17T23:00:00,804.91422,Sistema
2023-12-17T24:00:00,804.91422,Sistema
2023-12-18T01:00:00,741.87591,Sistema
2023-12-18T02:00:00,741.87591,Sistema
2023-12-18T03:00:00,741.87591,Sistema
2023-12-18T04:00:00,741.87591,Sistema
2023-12-18T05:00:00,741.87591,Sistema
2023-12-18T06:00:00,751.87591,Sistema
2023-12-18T07:00:00,751.87591,Sistema
2023-12-18T08:00:00,751.87591,Sistema
2023-12-18T09:00:00,751.87591,Sistema
2023-12-18T10:00:00,751.87591,Sistema
2023-12-18T11:00:00,751.87591,Sistema
2023-12-18T12:00:00,773.87591,Sistema
2023-12-18T13:00:00,773.87591,Sistema
2023-12-18T14:00:00,773.87591,Sistema
2023-12-18T15:00:00,773.87591,Sistema
2023-12-18T16:00:00,773.87591,Sistema
2023-12-18T17:00:00,773.87591,Sistema
2023-12-18T18:00:00,773.87591,Sistema
2023-12-18T19:00:00,773.87591,Sistema
2023-12-18T20:00:00,773.87591,Sistema
2023-12-18T21:00:00,773.87591,Sistema
2023-12-18T22:00:00,773.87591,Sistema
2023-12-18T23:00:00,773.87591,Sistema
2023-12-18T24:00:00,751.87591,Sistema
2023-12-19T01:00:00,573.00051,Sistema
2023-12-19T02:00:00,573.00051,Sistema
2023-12-19T03:00:00,623.00051,Sistema
2023-12-19T04:00:00,704.00051,Sistema
2023-12-19T05:00:00,468.11951,Sistema
2023-12-19T06:00:00,704.00051,Sistema
2023-12-19T07:00:00,573.00051,Sistema
2023-12-19T08:00:00,704.00051,Sistema
2023-12-19T09:00:00,704.00051,Sistema
2023-12-19T10:00:00,704.00051,Sistema
2023-12-19T11:00:00,704.00051,Sistema
2023-12-19T12:00:00,704.00051,Sistema
2023-12-19T13:00:00,704.00051,Sistema
2023-12-19T14:00:00,704.00051,Sistema
2023-12-19T15:00:00,704.00051,Sistema
2023-12-19T16:00:00,728.00051,Sistema
2023-12-19T17:00:00,728.00051,Sistema
2023-12-19T18:00:00,728.00051,Sistema
2023-12-19T19:00:00,739.00051,Sistema
2023-12-19T20:00:00,739.00051,Sistema
2023-12-19T21:00:00,739.00051,Sistema
2023-12-19T22:00:00,728.00051,Sistema
2023-12-19T23:00:00,704.00051,Sistema
2023-12-19T24:00:00,704.00051,Sistema
2023-12-20T01:00:00,105.17116,Sistema
2023-12-20T02:00:00,258.99416,Sistema
2023-12-20T03:00:00,258.99416,Sistema
2023-12-20T04:00:00,283.80716,Sistema
2023-12-20T05:00:00,458.26316,Sistema
2023-12-20T06:00:00,557.17116,Sistema
2023-12-20T07:00:00,557.17116,Sistema
2023-12-20T08:00:00,557.17116,Sistema
2023-12-20T09:00:00,557.17116,Sistema
2023-12-20T10:00:00,557.17116,Sistema
2023-12-20T11:00:00,557.17116,Sistema
2023-12-20T12:00:00,557.17116,Sistema
2023-12-20T13:00:00,557.17116,Sistema
2023-12-20T14:00:00,557.17116,Sistema
2023-12-20T15:00:00,617.17116,Sistema
2023-12-20T16:00:00,617.17116,Sistema
2023-12-20T17:00:00,617.17116,Sistema
2023-12-20T18:00:00,683.37116,Sistema
2023-12-20T19:00:00,683.37116,Sistema
2023-12-20T20:00:00,683.37116,Sistema
2023-12-20T21:00:00,683.37116,Sistema
2023-12-20T22:00:00,683.37116,Sistema
2023-12-20T23:00:00,617.17116,Sistema
2023-12-20T24:00:00,557.17116,Sistema
2023-12-21T01:00:00,493.33172,Sistema
2023-12-21T02:00:00,493.33172,Sistema
2023-12-21T03:00:00,493.33172,Sistema
2023-12-21T04:00:00,493.33172,Sistema
2023-12-21T05:00:00,493.33172,Sistema
2023-12-21T06:00:00,493.33172,Sistema
2023-12-21T07:00:00,493.33172,Sistema
2023-12-21T08:00:00,493.33172,Sistema
2023-12-21T09:00:00,502.33172,Sistema
2023-12-21T10:00:00,502.33172,Sistema
2023-12-21T11:00:00,543.33172,Sistema
2023-12-21T12:00:00,548.33172,Sistema
2023-12-21T13:00:00,523.33172,Sistema
2023-12-21T14:00:00,548.33172,Sistema
2023-12-21T15:00:00,548.33172,Sistema
2023-12-21T16:00:00,548.33172,Sistema
2023-12-21T17:00:00,548.33172,Sistema
2023-12-21T18:00:00,548.33172,Sistema
2023-12-21T19:00:00,613.33172,Sistema
2023-12-21T20:00:00,613.33172,Sistema
2023-12-21T21:00:00,548.33172,Sistema
2023-12-21T22:00:00,548.33172,Sistema
2023-12-21T23:00:00,548.33172,Sistema
2023-12-21T24:00:00,523.33172,Sistema
2023-12-22T01:00:00,472.68451,Sistema
2023-12-22T02:00:00,472.68451,Sistema
2023-12-22T03:00:00,472.68451,Sistema
2023-12-22T04:00:00,453.77651,Sistema
2023-12-22T05:00:00,467.80351,Sistema
2023-12-22T06:00:00,472.68451,Sistema
2023-12-22T07:00:00,472.68451,Sistema
2023-12-22T08:00:00,472.68451,Sistema
2023-12-22T09:00:00,472.68451,Sistema
2023-12-22T10:00:00,472.68451,Sistema
2023-12-22T11:00:00,502.68451,Sistema
2023-12-22T12:00:00,502.68451,Sistema
2023-12-22T13:00:00,502.68451,Sistema
2023-12-22T14:00:00,502.68451,Sistema
2023-12-22T15:00:00,512.68451,Sistema
2023-12-22T16:00:00,512.68451,Sistema
2023-12-22T17:00:00,512.68451,Sistema
2023-12-22T18:00:00,512.68451,Sistema
2023-12-22T19:00:00,552.68451,Sistema
2023-12-22T20:00:00,521.68451,Sistema
2023-12-22T21:00:00,512.68451,Sistema
2023-12-22T22:00:00,502.68451,Sistema
2023-12-22T23:00:00,502.68451,Sistema
2023-12-22T24:00:00,472.68451,Sistema
2023-12-23T01:00:00,492.55717,Sistema
2023-12-23T02:00:00,492.55717,Sistema
2023-12-23T03:00:00,492.55717,Sistema
2023-12-23T04:00:00,492.55717,Sistema
2023-12-23T05:00:00,492.55717,Sistema
2023-12-23T06:00:00,492.55717,Sistema
2023-12-23T07:00:00,492.55717,Sistema
2023-12-23T08:00:00,492.55717,Sistema
2023-12-23T09:00:00,492.55717,Sistema
2023-12-23T10:00:00,492.55717,Sistema
2023-12-23T11:00:00,496.55717,Sistema
2023-12-23T12:00:00,502.55717,Sistema
2023-12-23T13:00:00,502.55717,Sistema
2023-12-23T14:00:00,502.55717,Sistema
2023-12-23T15:00:00,496.55717,Sistema
2023-12-23T16:00:00,502.55717,Sistema
2023-12-23T17:00:00,521.55717,Sistema
2023-12-23T18:00:00,502.55717,Sistema
2023-12-23T19:00:00,538.05717,Sistema
2023-12-23T20:00:00,538.05717,Sistema
2023-12-23T21:00:00,538.05717,Sistema
2023-12-23T22:00:00,538.05717,Sistema
2023-12-23T23:00:00,502.55717,Sistema
2023-12-23T24:00:00,496.55717,Sistema
2023-12-24T01:00:00,492.05645,Sistema
2023-12-24T02:00:00,492.05645,Sistema
2023-12-24T03:00:00,492.05645,Sistema
2023-12-24T04:00:00,492.05645,Sistema
2023-12-24T05:00:00,492.05645,Sistema
2023-12-24T06:00:00,492.05645,Sistema
2023-12-24T07:00:00,492.05645,Sistema
2023-12-24T08:00:00,492.05645,Sistema
2023-12-24T09:00:00,492.05645,Sistema
2023-12-24T10:00:00,492.05645,Sistema
2023-12-24T11:00:00,492.05645,Sistema
2023-12-24T12:00:00,492.05645,Sistema
2023-12-24T13:00:00,500.55645,Sistema
2023-12-24T14:00:00,500.55645,Sistema
2023-12-24T15:00:00,500.55645,Sistema
2023-12-24T16:00:00,500.55645,Sistema
2023-12-24T17:00:00,500.55645,Sistema
2023-12-24T18:00:00,500.55645,Sistema
2023-12-24T19:00:00,540.55645,Sistema
2023-12-24T20:00:00,502.55645,Sistema
2023-12-24T21:00:00,500.55645,Sistema
2023-12-24T22:00:00,500.55645,Sistema
2023-12-24T23:00:00,500.55645,Sistema
2023-12-24T24:00:00,492.05645,Sistema
2023-12-25T01:00:00,434.82023,Sistema
2023-12-25T02:00:00,434.82023,Sistema
2023-12-25T03:00:00,433.89323,Sistema
2023-12-25T04:00:00,404.64323,Sistema
2023-12-25T05:00:00,404.64323,Sistema
2023-12-25T06:00:00,404.64323,Sistema
2023-12-25T07:00:00,404.64323,Sistema
2023-12-25T08:00:00,404.64323,Sistema
2023-12-25T09:00:00,404.64323,Sistema
2023-12-25T10:00:00,404.64323,Sistema
2023-12-25T11:00:00,404.64323,Sistema
2023-12-25T12:00:00,404.64323,Sistema
2023-12-25T13:00:00,404.64323,Sistema
2023-12-25T14:00:00,404.64323,Sistema
2023-12-25T15:00:00,404.64323,Sistema
2023-12-25T16:00:00,404.64323,Sistema
2023-12-25T17:00:00,404.64323,Sistema
2023-12-25T18:00:00,404.64323,Sistema
2023-12-25T19:00:00,504.54323,Sistema
2023-12-25T20:00:00,513.54323,Sistema
2023-12-25T21:00:00,504.54323,Sistema
2023-12-25T22:00:00,440.00423,Sistema
2023-12-25T23:00:00,434.82023,Sistema
2023-12-25T24:00:00,434.82023,Sistema
2023-12-26T01:00:00,103.92028,Sistema
2023-12-26T02:00:00,106.70028,Sistema
2023-12-26T03:00:00,214.23028,Sistema
2023-12-26T04:00:00,107.66128,Sistema
2023-12-26T05:00:00,107.66128,Sistema
2023-12-26T06:00:00,399.92028,Sistema
2023-12-26T07:00:00,399.92028,Sistema
2023-12-26T08:00:00,399.92028,Sistema
2023-12-26T09:00:00,399.92028,Sistema
2023-12-26T10:00:00,399.92028,Sistema
2023-12-26T11:00:00,399.92028,Sistema
2023-12-26T12:00:00,419.92028,Sistema
2023-12-26T13:00:00,419.92028,Sistema
2023-12-26T14:00:00,459.92028,Sistema
2023-12-26T15:00:00,459.92028,Sistema
2023-12-26T16:00:00,489.92028,Sistema
2023-12-26T17:00:00,489.92028,Sistema
2023-12-26T18:00:00,489.92028,Sistema
2023-12-26T19:00:00,509.42028,Sistema
2023-12-26T20:00:00,489.92028,Sistema
2023-12-26T21:00:00,489.92028,Sistema
2023-12-26T22:00:00,489.92028,Sistema
2023-12-26T23:00:00,419.92028,Sistema
2023-12-26T24:00:00,408.92028,Sistema
2023-12-27T01:00:00,363.90791,Sistema
2023-12-27T02:00:00,363.90791,Sistema
2023-12-27T03:00:00,363.90791,Sistema
2023-12-27T04:00:00,363.90791,Sistema
2023-12-27T05:00:00,363.90791,Sistema
2023-12-27T06:00:00,394.40791,Sistema
2023-12-27T07:00:00,394.40791,Sistema
2023-12-27T08:00:00,394.40791,Sistema
2023-12-27T09:00:00,433.90791,Sistema
2023-12-27T10:00:00,433.90791,Sistema
2023-12-27T11:00:00,433.90791,Sistema
2023-12-27T12:00:00,433.90791,Sistema
2023-12-27T13:00:00,433.90791,Sistema
2023-12-27T14:00:00,443.90791,Sistema
2023-12-27T15:00:00,443.90791,Sistema
2023-12-27T16:00:00,443.90791,Sistema
2023-12-27T17:00:00,443.90791,Sistema
2023-12-27T18:00:00,443.90791,Sistema
2023-12-27T19:00:00,443.90791,Sistema
2023-12-27T20:00:00,443.90791,Sistema
2023-12-27T21:00:00,443.90791,Sistema
2023-12-27T22:00:00,443.90791,Sistema
2023-12-27T23:00:00,443.90791,Sistema
2023-12-27T24:00:00,433.90791,Sistema
2023-12-28T01:00:00,364.80591,Sistema
2023-12-28T02:00:00,364.80591,Sistema
2023-12-28T03:00:00,364.80591,Sistema
2023-12-28T04:00:00,364.80591,Sistema
2023-12-28T05:00:00,364.80591,Sistema
2023-12-28T06:00:00,364.80591,Sistema
2023-12-28T07:00:00,364.80591,Sistema
2023-12-28T08:00:00,364.80591,Sistema
2023-12-28T09:00:00,364.80591,Sistema
2023-12-28T10:00:00,364.80591,Sistema
2023-12-28T11:00:00,364.80591,Sistema
2023-12-28T12:00:00,364.80591,Sistema
2023-12-28T13:00:00,364.80591,Sistema
2023-12-28T14:00:00,364.80591,Sistema
2023-12-28T15:00:00,384.80591,Sistema
2023-12-28T16:00:00,384.80591,Sistema
2023-12-28T17:00:00,405.80591,Sistema
2023-12-28T18:00:00,405.80591,Sistema
2023-12-28T19:00:00,405.80591,Sistema
2023-12-28T20:00:00,405.80591,Sistema
2023-12-28T21:00:00,405.80591,Sistema
2023-12-28T22:00:00,405.80591,Sistema
2023-12-28T23:00:00,405.80591,Sistema
2023-12-28T24:00:00,384.80591,Sistema
2023-12-29T01:00:00,344.2566,Sistema
2023-12-29T02:00:00,344.2566,Sistema
2023-12-29T03:00:00,294.2566,Sistema
2023-12-29T04:00:00,262.5376,Sistema
2023-12-29T05:00:00,294.2566,Sistema
2023-12-29T06:00:00,294.2566,Sistema
2023-12-29T07:00:00,294.2566,Sistema
2023-12-29T08:00:00,294.2566,Sistema
2023-12-29T09:00:00,294.2566,Sistema
2023-12-29T10:00:00,344.2566,Sistema
2023-12-29T11:00:00,344.2566,Sistema
2023-12-29T12:00:00,359.2566,Sistema
2023-12-29T13:00:00,359.2566,Sistema
2023-12-29T14:00:00,344.2566,Sistema
2023-12-29T15:00:00,359.2566,Sistema
2023-12-29T16:00:00,359.2566,Sistema
2023-12-29T17:00:00,359.2566,Sistema
2023-12-29T18:00:00,359.2566,Sistema
2023-12-29T19:00:00,359.2566,Sistema
2023-12-29T20:00:00,359.2566,Sistema
2023-12-29T21:00:00,359.2566,Sistema
2023-12-29T22:00:00,359.2566,Sistema
2023-12-29T23:00:00,359.2566,Sistema
2023-12-29T24:00:00,359.2566,Sistema
2023-12-30T01:00:00,99.41605,Sistema
2023-12-30T02:00:00,99.41605,Sistema
2023-12-30T03:00:00,99.41605,Sistema
2023-12-30T04:00:00,99.41605,Sistema
2023-12-30T05:00:00,99.41605,Sistema
2023-12-30T06:00:00,99.41605,Sistema
2023-12-30T07:00:00,99.41605,Sistema
2023-12-30T08:00:00,99.41605,Sistema
2023-12-30T09:00:00,99.41605,Sistema
2023-12-30T10:00:00,100.22905,Sistema
2023-12-30T11:00:00,100.22905,Sistema
2023-12-30T12:00:00,105.97005,Sistema
2023-12-30T13:00:00,105.00905,Sistema
2023-12-30T14:00:00,105.00905,Sistema
2023-12-30T15:00:00,105.97005,Sistema
2023-12-30T16:00:00,105.97005,Sistema
2023-12-30T17:00:00,105.97005,Sistema
2023-12-30T18:00:00,105.97105,Sistema
2023-12-30T19:00:00,238.59705,Sistema
2023-12-30T20:00:00,238.22905,Sistema
2023-12-30T21:00:00,238.22905,Sistema
2023-12-30T22:00:00,208.22905,Sistema
2023-12-30T23:00:00,105.97005,Sistema
2023-12-30T24:00:00,105.97005,Sistema
2023-12-31T01:00:00,152.99804,Sistema
2023-12-31T02:00:00,152.99804,Sistema
2023-12-31T03:00:00,152.99804,Sistema
2023-12-31T04:00:00,152.99804,Sistema
2023-12-31T05:00:00,152.99804,Sistema
2023-12-31T06:00:00,152.99804,Sistema
2023-12-31T07:00:00,152.99804,Sistema
2023-12-31T08:00:00,152.99804,Sistema
2023-12-31T09:00:00,152.99804,Sistema
2023-12-31T10:00:00,152.99804,Sistema
2023-12-31T11:00:00,152.99804,Sistema
2023-12-31T12:00:00,152.99804,Sistema
2023-12-31T13:00:00,152.99804,Sistema
2023-12-31T14:00:00,192.45504,Sistema
2023-12-31T15:00:00,152.99804,Sistema
2023-12-31T16:00:00,192.45504,Sistema
2023-12-31T17:00:00,192.45504,Sistema
2023-12-31T18:00:00,202.45504,Sistema
2023-12-31T19:00:00,282.45504,Sistema
2023-12-31T20:00:00,282.45504,Sistema
2023-12-31T21:00:00,282.45504,Sistema
2023-12-31T22:00:00,202.45504,Sistema
2023-12-31T23:00:00,192.45504,Sistema
2023-12-31T24:00:00,192.45504,Sistema
2024-01-01T01:00:00,251.91161,Sistema
2024-01-01T02:00:00,251.91161,Sistema
2024-01-01T03:00:00,251.91161,Sistema
2024-01-01T04:00:00,281.91161,Sistema
2024-01-01T05:00:00,281.91161,Sistema
2024-01-01T06:00:00,251.91161,Sistema
2024-01-01T07:00:00,152.91161,Sistema
2024-01-01T08:00:00,95.85161,Sistema
2024-01-01T09:00:00,95.85161,Sistema
2024-01-01T10:00:00,95.85161,Sistema
2024-01-01T11:00:00,95.85161,Sistema
2024-01-01T12:00:00,152.91161,Sistema
2024-01-01T13:00:00,152.91161,Sistema
2024-01-01T14:00:00,152.91161,Sistema
2024-01-01T15:00:00,152.91161,Sistema
2024-01-01T16:00:00,251.91161,Sistema
2024-01-01T17:00:00,281.91161,Sistema
2024-01-01T18:00:00,281.91161,Sistema
2024-01-01T19:00:00,301.23261,Sistema
2024-01-01T20:00:00,301.23261,Sistema
2024-01-01T21:00:00,301.23261,Sistema
2024-01-01T22:00:00,301.23261,Sistema
2024-01-01T23:00:00,301.23261,Sistema
2024-01-01T24:00:00,290.91161,Sistema
2024-01-02T01:00:00,360.22127,Sistema
2024-01-02T02:00:00,360.22127,Sistema
2024-01-02T03:00:00,309.82127,Sistema
2024-01-02T04:00:00,284.32127,Sistema
2024-01-02T05:00:00,309.82127,Sistema
2024-01-02T06:00:00,317.32127,Sistema
2024-01-02T07:00:00,317.32127,Sistema
2024-01-02T08:00:00,360.22127,Sistema
2024-01-02T09:00:00,379.32127,Sistema
2024-01-02T10:00:00,317.32127,Sistema
2024-01-02T11:00:00,360.22127,Sistema
2024-01-02T12:00:00,379.32127,Sistema
2024-01-02T13:00:00,419.32127,Sistema
2024-01-02T14:00:00,419.32127,Sistema
2024-01-02T15:00:00,419.32127,Sistema
2024-01-02T16:00:00,419.32127,Sistema
2024-01-02T17:00:00,419.32127,Sistema
2024-01-02T18:00:00,419.32127,Sistema
2024-01-02T19:00:00,449.32127,Sistema
2024-01-02T20:00:00,449.32127,Sistema
2024-01-02T21:00:00,449.32127,Sistema
2024-01-02T22:00:00,449.32127,Sistema
2024-01-02T23:00:00,419.32127,Sistema
2024-01-02T24:00:00,419.32127,Sistema
2024-01-03T01:00:00,429.48823,Sistema
2024-01-03T02:00:00,429.48823,Sistema
2024-01-03T03:00:00,429.48823,Sistema
2024-01-03T04:00:00,429.48823,Sistema
2024-01-03T05:00:00,429.48823,Sistema
2024-01-03T06:00:00,429.48823,Sistema
2024-01-03T07:00:00,429.48823,Sistema
2024-01-03T08:00:00,429.48823,Sistema
2024-01-03T09:00:00,429.48823,Sistema
2024-01-03T10:00:00,429.48823,Sistema
2024-01-03T11:00:00,429.48823,Sistema
2024-01-03T12:00:00,430.48823,Sistema
2024-01-03T13:00:00,430.48823,Sistema
2024-01-03T14:00:00,430.48823,Sistema
2024-01-03T15:00:00,504.48823,Sistema
2024-01-03T16:00:00,504.48823,Sistema
2024-01-03T17:00:00,504.48823,Sistema
2024-01-03T18:00:00,509.48823,Sistema
2024-01-03T19:00:00,509.48823,Sistema
2024-01-03T20:00:00,514.48823,Sistema
2024-01-03T21:00:00,509.48823,Sistema
2024-01-03T22:00:00,509.48823,Sistema
2024-01-03T23:00:00,504.48823,Sistema
2024-01-03T24:00:00,504.48823,Sistema
2024-01-04T01:00:00,519.95005,Sistema
2024-01-04T02:00:00,519.95005,Sistema
2024-01-04T03:00:00,519.95005,Sistema
2024-01-04T04:00:00,448.95005,Sistema
2024-01-04T05:00:00,448.95005,Sistema
2024-01-04T06:00:00,519.95005,Sistema
2024-01-04T07:00:00,519.95005,Sistema
2024-01-04T08:00:00,519.95005,Sistema
2024-01-04T09:00:00,519.95005,Sistema
2024-01-04T10:00:00,519.95005,Sistema
2024-01-04T11:00:00,539.95005,Sistema
2024-01-04T12:00:00,602.95005,Sistema
2024-01-04T13:00:00,602.95005,Sistema
2024-01-04T14:00:00,602.95005,Sistema
2024-01-04T15:00:00,602.95005,Sistema
2024-01-04T16:00:00,602.95005,Sistema
2024-01-04T17:00:00,602.95005,Sistema
2024-01-04T18:00:00,602.95005,Sistema
2024-01-04T19:00:00,602.95005,Sistema
2024-01-04T20:00:00,602.95005,Sistema
2024-01-04T21:00:00,602.95005,Sistema
2024-01-04T22:00:00,602.95005,Sistema
2024-01-04T23:00:00,602.95005,Sistema
2024-01-04T24:00:00,550.88105,Sistema
2024-01-05T01:00:00,609.50109,Sistema
2024-01-05T02:00:00,609.50109,Sistema
2024-01-05T03:00:00,609.50109,Sistema
2024-01-05T04:00:00,609.50109,Sistema
2024-01-05T05:00:00,609.50109,Sistema
2024-01-05T06:00:00,609.50109,Sistema
2024-01-05T07:00:00,609.50109,Sistema
2024-01-05T08:00:00,609.50109,Sistema
2024-01-05T09:00:00,609.50109,Sistema
2024-01-05T10:00:00,609.50109,Sistema
2024-01-05T11:00:00,609.50109,Sistema
2024-01-05T12:00:00,614.49909,Sistema
2024-01-05T13:00:00,614.49909,Sistema
2024-01-05T14:00:00,614.49909,Sistema
2024-01-05T15:00:00,624.46809,Sistema
2024-01-05T16:00:00,624.46809,Sistema
2024-01-05T17:00:00,649.49909,Sistema
2024-01-05T18:00:00,649.49909,Sistema
2024-01-05T19:00:00,650.49909,Sistema
2024-01-05T20:00:00,650.49909,Sistema
2024-01-05T21:00:00,650.49909,Sistema
2024-01-05T22:00:00,649.49909,Sistema
2024-01-05T23:00:00,649.49909,Sistema
2024-01-05T24:00:00,614.49909,Sistema
2024-01-06T01:00:00,652.62055,Sistema
2024-01-06T02:00:00,651.62055,Sistema
2024-01-06T03:00:00,651.62055,Sistema
2024-01-06T04:00:00,619.62055,Sistema
2024-01-06T05:00:00,609.62255,Sistema
2024-01-06T06:00:00,609.62255,Sistema
2024-01-06T07:00:00,609.62255,Sistema
2024-01-06T08:00:00,609.62055,Sistema
2024-01-06T09:00:00,609.62255,Sistema
2024-01-06T10:00:00,609.62255,Sistema
2024-01-06T11:00:00,609.62255,Sistema
2024-01-06T12:00:00,609.62255,Sistema
2024-01-06T13:00:00,609.62255,Sistema
2024-01-06T14:00:00,609.62255,Sistema
2024-01-06T15:00:00,609.62255,Sistema
2024-01-06T16:00:00,609.62255,Sistema
2024-01-06T17:00:00,609.62255,Sistema
2024-01-06T18:00:00,629.61155,Sistema
2024-01-06T19:00:00,652.62055,Sistema
2024-01-06T20:00:00,652.62055,Sistema
2024-01-06T21:00:00,651.62055,Sistema
2024-01-06T22:00:00,651.62055,Sistema
2024-01-06T23:00:00,651.62055,Sistema
2024-01-06T24:00:00,651.62055,Sistema
2024-01-07T01:00:00,636.24401,Sistema
2024-01-07T02:00:00,636.24401,Sistema
2024-01-07T03:00:00,636.24401,Sistema
2024-01-07T04:00:00,628.00401,Sistema
2024-01-07T05:00:00,628.00401,Sistema
2024-01-07T06:00:00,628.00401,Sistema
2024-01-07T07:00:00,618.24401,Sistema
2024-01-07T08:00:00,618.24401,Sistema
2024-01-07T09:00:00,618.24401,Sistema
2024-01-07T10:00:00,618.24401,Sistema
2024-01-07T11:00:00,618.24401,Sistema
2024-01-07T12:00:00,628.00401,Sistema
2024-01-07T13:00:00,636.24401,Sistema
2024-01-07T14:00:00,636.24401,Sistema
2024-01-07T15:00:00,636.24401,Sistema
2024-01-07T16:00:00,636.24401,Sistema
2024-01-07T17:00:00,636.24401,Sistema
2024-01-07T18:00:00,636.24401,Sistema
2024-01-07T19:00:00,649.09401,Sistema
2024-01-07T20:00:00,649.09401,Sistema
2024-01-07T21:00:00,649.09401,Sistema
2024-01-07T22:00:00,649.09401,Sistema
2024-01-07T23:00:00,649.09401,Sistema
2024-01-07T24:00:00,636.24401,Sistema
2024-01-08T01:00:00,649.15965,Sistema
2024-01-08T02:00:00,649.15965,Sistema
2024-01-08T03:00:00,625.37565,Sistema
2024-01-08T04:00:00,579.15965,Sistema
2024-01-08T05:00:00,579.15965,Sistema
2024-01-08T06:00:00,579.15965,Sistema
2024-01-08T07:00:00,579.15965,Sistema
2024-01-08T08:00:00,559.15965,Sistema
2024-01-08T09:00:00,559.15965,Sistema
2024-01-08T10:00:00,550.15965,Sistema
2024-01-08T11:00:00,609.15965,Sistema
2024-01-08T12:00:00,625.37565,Sistema
2024-01-08T13:00:00,649.15965,Sistema
2024-01-08T14:00:00,649.15965,Sistema
2024-01-08T15:00:00,649.15965,Sistema
2024-01-08T16:00:00,649.15965,Sistema
2024-01-08T17:00:00,674.15965,Sistema
2024-01-08T18:00:00,674.15965,Sistema
2024-01-08T19:00:00,720.15965,Sistema
2024-01-08T20:00:00,720.15965,Sistema
2024-01-08T21:00:00,720.15965,Sistema
2024-01-08T22:00:00,674.15965,Sistema
2024-01-08T23:00:00,674.15965,Sistema
2024-01-08T24:00:00,674.15965,Sistema
2024-01-09T01:00:00,671.15667,Sistema
2024-01-09T02:00:00,671.15667,Sistema
2024-01-09T03:00:00,671.15667,Sistema
2024-01-09T04:00:00,671.15667,Sistema
2024-01-09T05:00:00,671.15667,Sistema
2024-01-09T06:00:00,671.15667,Sistema
2024-01-09T07:00:00,671.15667,Sistema
2024-01-09T08:00:00,671.15667,Sistema
2024-01-09T09:00:00,671.15667,Sistema
2024-01-09T10:00:00,671.15667,Sistema
2024-01-09T11:00:00,671.15667,Sistema
2024-01-09T12:00:00,698.15667,Sistema
2024-01-09T13:00:00,704.15667,Sistema
2024-01-09T14:00:00,710.15667,Sistema
2024-01-09T15:00:00,710.15667,Sistema
2024-01-09T16:00:00,710.15667,Sistema
2024-01-09T17:00:00,710.15667,Sistema
2024-01-09T18:00:00,710.15667,Sistema
2024-01-09T19:00:00,721.15667,Sistema
2024-01-09T20:00:00,721.15667,Sistema
2024-01-09T21:00:00,710.15667,Sistema
2024-01-09T22:00:00,710.15667,Sistema
2024-01-09T23:00:00,704.15667,Sistema
2024-01-09T24:00:00,671.15667,Sistema
2024-01-10T01:00:00,661.02935,Sistema
2024-01-10T02:00:00,636.02935,Sistema
2024-01-10T03:00:00,636.02935,Sistema
2024-01-10T04:00:00,636.02935,Sistema
2024-01-10T05:00:00,636.02935,Sistema
2024-01-10T06:00:00,636.02935,Sistema
2024-01-10T07:00:00,636.02935,Sistema
2024-01-10T08:00:00,636.02935,Sistema
2024-01-10T09:00:00,636.02935,Sistema
2024-01-10T10:00:00,661.02935,Sistema
2024-01-10T11:00:00,661.02935,Sistema
2024-01-10T12:00:00,661.02935,Sistema
2024-01-10T13:00:00,661.02935,Sistema
2024-01-10T14:00:00,661.02935,Sistema
2024-01-10T15:00:00,662.02935,Sistema
2024-01-10T16:00:00,662.02935,Sistema
2024-01-10T17:00:00,699.02935,Sistema
2024-01-10T18:00:00,699.02935,Sistema
2024-01-10T19:00:00,699.02935,Sistema
2024-01-10T20:00:00,699.02935,Sistema
2024-01-10T21:00:00,714.02935,Sistema
2024-01-10T22:00:00,699.02935,Sistema
2024-01-10T23:00:00,699.02935,Sistema
2024-01-10T24:00:00,661.02935,Sistema
2024-01-11T01:00:00,679.0339,Sistema
2024-01-11T02:00:00,679.0339,Sistema
2024-01-11T03:00:00,679.0339,Sistema
2024-01-11T04:00:00,679.0339,Sistema
2024-01-11T05:00:00,679.0339,Sistema
2024-01-11T06:00:00,679.0339,Sistema
2024-01-11T07:00:00,679.0339,Sistema
2024-01-11T08:00:00,679.0339,Sistema
2024-01-11T09:00:00,679.0339,Sistema
2024-01-11T10:00:00,679.0339,Sistema
2024-01-11T11:00:00,679.0339,Sistema
2024-01-11T12:00:00,696.0339,Sistema
2024-01-11T13:00:00,679.0339,Sistema
2024-01-11T14:00:00,696.0339,Sistema
2024-01-11T15:00:00,696.0339,Sistema
2024-01-11T16:00:00,696.0339,Sistema
2024-01-11T17:00:00,696.0339,Sistema
2024-01-11T18:00:00,696.0339,Sistema
2024-01-11T19:00:00,696.0339,Sistema
2024-01-11T20:00:00,696.0339,Sistema
2024-01-11T21:00:00,696.0339,Sistema
2024-01-11T22:00:00,696.0339,Sistema
2024-01-11T23:00:00,679.0339,Sistema
2024-01-11T24:00:00,679.0339,Sistema
2024-01-12T01:00:00,674.02669,Sistema
2024-01-12T02:00:00,649.02669,Sistema
2024-01-12T03:00:00,629.39469,Sistema
2024-01-12T04:00:00,597.92669,Sistema
2024-01-12T05:00:00,597.92669,Sistema
2024-01-12T06:00:00,629.39469,Sistema
2024-01-12T07:00:00,649.02669,Sistema
2024-01-12T08:00:00,649.02669,Sistema
2024-01-12T09:00:00,674.02669,Sistema
2024-01-12T10:00:00,674.02669,Sistema
2024-01-12T11:00:00,674.02669,Sistema
2024-01-12T12:00:00,686.02669,Sistema
2024-01-12T13:00:00,686.02669,Sistema
2024-01-12T14:00:00,686.02669,Sistema
2024-01-12T15:00:00,686.02669,Sistema
2024-01-12T16:00:00,686.02669,Sistema
2024-01-12T17:00:00,686.02669,Sistema
2024-01-12T18:00:00,686.02669,Sistema
2024-01-12T19:00:00,686.02669,Sistema
2024-01-12T20:00:00,686.02669,Sistema
2024-01-12T21:00:00,686.02669,Sistema
2024-01-12T22:00:00,686.02669,Sistema
2024-01-12T23:00:00,674.02669,Sistema
2024-01-12T24:00:00,649.02669,Sistema
2024-01-13T01:00:00,646.03097,Sistema
2024-01-13T02:00:00,618.03097,Sistema
2024-01-13T03:00:00,607.06297,Sistema
2024-01-13T04:00:00,607.06297,Sistema
2024-01-13T05:00:00,607.06297,Sistema
2024-01-13T06:00:00,607.06297,Sistema
2024-01-13T07:00:00,618.03097,Sistema
2024-01-13T08:00:00,629.03097,Sistema
2024-01-13T09:00:00,646.03097,Sistema
2024-01-13T10:00:00,647.03097,Sistema
2024-01-13T11:00:00,647.03097,Sistema
2024-01-13T12:00:00,674.03097,Sistema
2024-01-13T13:00:00,674.03097,Sistema
2024-01-13T14:00:00,647.03097,Sistema
2024-01-13T15:00:00,647.03097,Sistema
2024-01-13T16:00:00,647.03097,Sistema
2024-01-13T17:00:00,674.03097,Sistema
2024-01-13T18:00:00,674.03097,Sistema
2024-01-13T19:00:00,674.03097,Sistema
2024-01-13T20:00:00,674.03097,Sistema
2024-01-13T21:00:00,674.03097,Sistema
2024-01-13T22:00:00,674.03097,Sistema
2024-01-13T23:00:00,647.03097,Sistema
2024-01-13T24:00:00,647.03097,Sistema
2024-01-14T01:00:00,619.23229,Sistema
2024-01-14T02:00:00,613.23229,Sistema
2024-01-14T03:00:00,613.23229,Sistema
2024-01-14T04:00:00,607.94329,Sistema
2024-01-14T05:00:00,607.94329,Sistema
2024-01-14T06:00:00,607.94329,Sistema
2024-01-14T07:00:00,599.78329,Sistema
2024-01-14T08:00:00,519.23229,Sistema
2024-01-14T09:00:00,607.94329,Sistema
2024-01-14T10:00:00,607.94329,Sistema
2024-01-14T11:00:00,599.78329,Sistema
2024-01-14T12:00:00,607.94329,Sistema
2024-01-14T13:00:00,613.23229,Sistema
2024-01-14T14:00:00,613.23229,Sistema
2024-01-14T15:00:00,613.23229,Sistema
2024-01-14T16:00:00,613.23229,Sistema
2024-01-14T17:00:00,619.23229,Sistema
2024-01-14T18:00:00,621.23229,Sistema
2024-01-14T19:00:00,638.23229,Sistema
2024-01-14T20:00:00,638.23229,Sistema
2024-01-14T21:00:00,638.23229,Sistema
2024-01-14T22:00:00,638.23229,Sistema
2024-01-14T23:00:00,638.23229,Sistema
2024-01-14T24:00:00,619.23229,Sistema
2024-01-15T01:00:00,603.44401,Sistema
2024-01-15T02:00:00,580.70201,Sistema
2024-01-15T03:00:00,500.70201,Sistema
2024-01-15T04:00:00,449.49101,Sistema
2024-01-15T05:00:00,533.31001,Sistema
2024-01-15T06:00:00,580.70201,Sistema
2024-01-15T07:00:00,603.44401,Sistema
2024-01-15T08:00:00,603.44401,Sistema
2024-01-15T09:00:00,603.44401,Sistema
2024-01-15T10:00:00,608.78401,Sistema
2024-01-15T11:00:00,608.78401,Sistema
2024-01-15T12:00:00,644.20201,Sistema
2024-01-15T13:00:00,644.20201,Sistema
2024-01-15T14:00:00,644.20201,Sistema
2024-01-15T15:00:00,644.20201,Sistema
2024-01-15T16:00:00,644.20201,Sistema
2024-01-15T17:00:00,644.70201,Sistema
2024-01-15T18:00:00,644.70201,Sistema
2024-01-15T19:00:00,660.70201,Sistema
2024-01-15T20:00:00,660.70201,Sistema
2024-01-15T21:00:00,660.70201,Sistema
2024-01-15T22:00:00,660.70201,Sistema
2024-01-15T23:00:00,660.70201,Sistema
2024-01-15T24:00:00,644.70201,Sistema
2024-01-16T01:00:00,603.18744,Sistema
2024-01-16T02:00:00,603.18744,Sistema
2024-01-16T03:00:00,603.18744,Sistema
2024-01-16T04:00:00,602.54844,Sistema
2024-01-16T05:00:00,603.18744,Sistema
2024-01-16T06:00:00,603.18744,Sistema
2024-01-16T07:00:00,603.18744,Sistema
2024-01-16T08:00:00,603.18744,Sistema
2024-01-16T09:00:00,603.18744,Sistema
2024-01-16T10:00:00,603.18744,Sistema
2024-01-16T11:00:00,603.18744,Sistema
2024-01-16T12:00:00,603.18744,Sistema
2024-01-16T13:00:00,603.18744,Sistema
2024-01-16T14:00:00,603.18744,Sistema
2024-01-16T15:00:00,603.18744,Sistema
2024-01-16T16:00:00,603.18744,Sistema
2024-01-16T17:00:00,620.18744,Sistema
2024-01-16T18:00:00,620.18744,Sistema
2024-01-16T19:00:00,620.18744,Sistema
2024-01-16T20:00:00,624.42044,Sistema
2024-01-16T21:00:00,624.42044,Sistema
2024-01-16T22:00:00,620.18744,Sistema
2024-01-16T23:00:00,620.18744,Sistema
2024-01-16T24:00:00,620.18744,Sistema
2024-01-17T01:00:00,563.11622,Sistema
2024-01-17T02:00:00,563.11622,Sistema
2024-01-17T03:00:00,563.11622,Sistema
2024-01-17T04:00:00,555.49122,Sistema
2024-01-17T05:00:00,563.11622,Sistema
2024-01-17T06:00:00,563.11622,Sistema
2024-01-17T07:00:00,563.11622,Sistema
2024-01-17T08:00:00,563.11622,Sistema
2024-01-17T09:00:00,565.11622,Sistema
2024-01-17T10:00:00,565.11622,Sistema
2024-01-17T11:00:00,566.11622,Sistema
2024-01-17T12:00:00,599.11622,Sistema
2024-01-17T13:00:00,599.11622,Sistema
2024-01-17T14:00:00,599.11622,Sistema
2024-01-17T15:00:00,599.11622,Sistema
2024-01-17T16:00:00,617.11622,Sistema
2024-01-17T17:00:00,617.11622,Sistema
2024-01-17T18:00:00,617.11622,Sistema
2024-01-17T19:00:00,617.11622,Sistema
2024-01-17T20:00:00,711.11622,Sistema
2024-01-17T21:00:00,617.11622,Sistema
2024-01-17T22:00:00,599.11622,Sistema
2024-01-17T23:00:00,565.11622,Sistema
2024-01-17T24:00:00,565.11622,Sistema
2024-01-18T01:00:00,549.10151,Sistema
2024-01-18T02:00:00,549.10151,Sistema
2024-01-18T03:00:00,549.10151,Sistema
2024-01-18T04:00:00,529.10151,Sistema
2024-01-18T05:00:00,529.10151,Sistema
2024-01-18T06:00:00,549.10151,Sistema
2024-01-18T07:00:00,549.10151,Sistema
2024-01-18T08:00:00,549.10151,Sistema
2024-01-18T09:00:00,549.10151,Sistema
2024-01-18T10:00:00,549.10151,Sistema
2024-01-18T11:00:00,556.10151,Sistema
2024-01-18T12:00:00,556.10151,Sistema
2024-01-18T13:00:00,556.10151,Sistema
2024-01-18T14:00:00,556.10151,Sistema
2024-01-18T15:00:00,556.10151,Sistema
2024-01-18T16:00:00,558.10151,Sistema
2024-01-18T17:00:00,558.10151,Sistema
2024-01-18T18:00:00,556.10151,Sistema
2024-01-18T19:00:00,564.10151,Sistema
2024-01-18T20:00:00,558.10151,Sistema
2024-01-18T21:00:00,558.10151,Sistema
2024-01-18T22:00:00,558.10151,Sistema
2024-01-18T23:00:00,558.10151,Sistema
2024-01-18T24:00:00,556.10151,Sistema
2024-01-19T01:00:00,523.1693,Sistema
2024-01-19T02:00:00,523.1693,Sistema
2024-01-19T03:00:00,518.1693,Sistema
2024-01-19T04:00:00,518.1693,Sistema
2024-01-19T05:00:00,518.1693,Sistema
2024-01-19T06:00:00,523.1693,Sistema
2024-01-19T07:00:00,523.1693,Sistema
2024-01-19T08:00:00,523.1693,Sistema
2024-01-19T09:00:00,523.1693,Sistema
2024-01-19T10:00:00,532.1693,Sistema
2024-01-19T11:00:00,555.0693,Sistema
2024-01-19T12:00:00,565.4693,Sistema
2024-01-19T13:00:00,541.1693,Sistema
2024-01-19T14:00:00,541.1693,Sistema
2024-01-19T15:00:00,565.4693,Sistema
2024-01-19T16:00:00,565.4693,Sistema
2024-01-19T17:00:00,555.0693,Sistema
2024-01-19T18:00:00,555.0693,Sistema
2024-01-19T19:00:00,565.4693,Sistema
2024-01-19T20:00:00,565.4693,Sistema
2024-01-19T21:00:00,555.0693,Sistema
2024-01-19T22:00:00,547.1693,Sistema
2024-01-19T23:00:00,541.1693,Sistema
2024-01-19T24:00:00,532.1693,Sistema
2024-01-20T01:00:00,527.55298,Sistema
2024-01-20T02:00:00,519.25298,Sistema
2024-01-20T03:00:00,519.25298,Sistema
2024-01-20T04:00:00,518.25298,Sistema
2024-01-20T05:00:00,518.25298,Sistema
2024-01-20T06:00:00,518.25298,Sistema
2024-01-20T07:00:00,518.25298,Sistema
2024-01-20T08:00:00,519.25298,Sistema
2024-01-20T09:00:00,527.55298,Sistema
2024-01-20T10:00:00,527.55298,Sistema
2024-01-20T11:00:00,527.55298,Sistema
2024-01-20T12:00:00,527.55298,Sistema
2024-01-20T13:00:00,527.55298,Sistema
2024-01-20T14:00:00,527.55298,Sistema
2024-01-20T15:00:00,527.55298,Sistema
2024-01-20T16:00:00,527.55298,Sistema
2024-01-20T17:00:00,531.25298,Sistema
2024-01-20T18:00:00,531.25298,Sistema
2024-01-20T19:00:00,531.25298,Sistema
2024-01-20T20:00:00,531.25298,Sistema
2024-01-20T21:00:00,531.25298,Sistema
2024-01-20T22:00:00,531.25298,Sistema
2024-01-20T23:00:00,527.55298,Sistema
2024-01-20T24:00:00,527.55298,Sistema
2024-01-21T01:00:00,500.43121,Sistema
2024-01-21T02:00:00,500.43121,Sistema
2024-01-21T03:00:00,500.43121,Sistema
2024-01-21T04:00:00,500.43121,Sistema
2024-01-21T05:00:00,500.43121,Sistema
2024-01-21T06:00:00,500.43121,Sistema
2024-01-21T07:00:00,500.43121,Sistema
2024-01-21T08:00:00,449.43121,Sistema
2024-01-21T09:00:00,500.43121,Sistema
2024-01-21T10:00:00,500.43121,Sistema
2024-01-21T11:00:00,500.43121,Sistema
2024-01-21T12:00:00,500.43121,Sistema
2024-01-21T13:00:00,500.43121,Sistema
2024-01-21T14:00:00,500.43121,Sistema
2024-01-21T15:00:00,500.43121,Sistema
2024-01-21T16:00:00,500.43121,Sistema
2024-01-21T17:00:00,500.43121,Sistema
2024-01-21T18:00:00,500.43121,Sistema
2024-01-21T19:00:00,524.73121,Sistema
2024-01-21T20:00:00,524.73121,Sistema
2024-01-21T21:00:00,524.73121,Sistema
2024-01-21T22:00:00,519.43121,Sistema
2024-01-21T23:00:00,518.43121,Sistema
2024-01-21T24:00:00,500.43121,Sistema
2024-01-22T01:00:00,501.32247,Sistema
2024-01-22T02:00:00,501.32247,Sistema
2024-01-22T03:00:00,501.32247,Sistema
2024-01-22T04:00:00,500.86847,Sistema
2024-01-22T05:00:00,500.32247,Sistema
2024-01-22T06:00:00,500.86847,Sistema
2024-01-22T07:00:00,501.32247,Sistema
2024-01-22T08:00:00,501.32247,Sistema
2024-01-22T09:00:00,501.32247,Sistema
2024-01-22T10:00:00,501.32247,Sistema
2024-01-22T11:00:00,501.32247,Sistema
2024-01-22T12:00:00,501.82247,Sistema
2024-01-22T13:00:00,501.32247,Sistema
2024-01-22T14:00:00,501.82247,Sistema
2024-01-22T15:00:00,501.82247,Sistema
2024-01-22T16:00:00,501.82247,Sistema
2024-01-22T17:00:00,501.82247,Sistema
2024-01-22T18:00:00,501.82247,Sistema
2024-01-22T19:00:00,501.82247,Sistema
2024-01-22T20:00:00,509.32247,Sistema
2024-01-22T21:00:00,509.32247,Sistema
2024-01-22T22:00:00,509.32247,Sistema
2024-01-22T23:00:00,501.82247,Sistema
2024-01-22T24:00:00,501.82247,Sistema
2024-01-23T01:00:00,483.585,Sistema
2024-01-23T02:00:00,480.24,Sistema
2024-01-23T03:00:00,480.24,Sistema
2024-01-23T04:00:00,480.24,Sistema
2024-01-23T05:00:00,480.24,Sistema
2024-01-23T06:00:00,483.585,Sistema
2024-01-23T07:00:00,483.585,Sistema
2024-01-23T08:00:00,483.585,Sistema
2024-01-23T09:00:00,483.585,Sistema
2024-01-23T10:00:00,501.64,Sistema
2024-01-23T11:00:00,501.64,Sistema
2024-01-23T12:00:00,501.84,Sistema
2024-01-23T13:00:00,501.64,Sistema
2024-01-23T14:00:00,501.64,Sistema
2024-01-23T15:00:00,501.84,Sistema
2024-01-23T16:00:00,501.84,Sistema
2024-01-23T17:00:00,503.24,Sistema
2024-01-23T18:00:00,501.74,Sistema
2024-01-23T19:00:00,503.24,Sistema
2024-01-23T20:00:00,503.24,Sistema
2024-01-23T21:00:00,501.84,Sistema
2024-01-23T22:00:00,511.64,Sistema
2024-01-23T23:00:00,501.74,Sistema
2024-01-23T24:00:00,489.24,Sistema
2024-01-24T01:00:00,484.05098,Sistema
2024-01-24T02:00:00,484.05098,Sistema
2024-01-24T03:00:00,455.51698,Sistema
2024-01-24T04:00:00,454.05098,Sistema
2024-01-24T05:00:00,455.51698,Sistema
2024-01-24T06:00:00,484.05098,Sistema
2024-01-24T07:00:00,484.05098,Sistema
2024-01-24T08:00:00,484.05098,Sistema
2024-01-24T09:00:00,484.05098,Sistema
2024-01-24T10:00:00,484.05098,Sistema
2024-01-24T11:00:00,500.50098,Sistema
2024-01-24T12:00:00,500.50098,Sistema
2024-01-24T13:00:00,500.50098,Sistema
2024-01-24T14:00:00,500.55098,Sistema
2024-01-24T15:00:00,500.65098,Sistema
2024-01-24T16:00:00,500.55098,Sistema
2024-01-24T17:00:00,500.65098,Sistema
2024-01-24T18:00:00,500.55098,Sistema
2024-01-24T19:00:00,500.65098,Sistema
2024-01-24T20:00:00,500.65098,Sistema
2024-01-24T21:00:00,500.55098,Sistema
2024-01-24T22:00:00,500.55098,Sistema
2024-01-24T23:00:00,500.50098,Sistema
2024-01-24T24:00:00,500.50098,Sistema
2024-01-25T01:00:00,472.05794,Sistema
2024-01-25T02:00:00,472.05794,Sistema
2024-01-25T03:00:00,472.05794,Sistema
2024-01-25T04:00:00,471.05794,Sistema
2024-01-25T05:00:00,472.05794,Sistema
2024-01-25T06:00:00,472.05794,Sistema
2024-01-25T07:00:00,472.05794,Sistema
2024-01-25T08:00:00,472.05794,Sistema
2024-01-25T09:00:00,472.05794,Sistema
2024-01-25T10:00:00,479.05794,Sistema
2024-01-25T11:00:00,479.05794,Sistema
2024-01-25T12:00:00,479.05794,Sistema
2024-01-25T13:00:00,479.05794,Sistema
2024-01-25T14:00:00,479.05794,Sistema
2024-01-25T15:00:00,479.05794,Sistema
2024-01-25T16:00:00,501.16894,Sistema
2024-01-25T17:00:00,501.16894,Sistema
2024-01-25T18:00:00,479.05794,Sistema
2024-01-25T19:00:00,501.16894,Sistema
2024-01-25T20:00:00,501.16894,Sistema
2024-01-25T21:00:00,501.16894,Sistema
2024-01-25T22:00:00,479.05794,Sistema
2024-01-25T23:00:00,479.05794,Sistema
2024-01-25T24:00:00,472.05794,Sistema
2024-01-26T01:00:00,412.66834,Sistema
2024-01-26T02:00:00,412.66834,Sistema
2024-01-26T03:00:00,412.66834,Sistema
2024-01-26T04:00:00,412.66834,Sistema
2024-01-26T05:00:00,452.66834,Sistema
2024-01-26T06:00:00,452.66834,Sistema
2024-01-26T07:00:00,452.66834,Sistema
2024-01-26T08:00:00,452.66834,Sistema
2024-01-26T09:00:00,452.66834,Sistema
2024-01-26T10:00:00,452.66834,Sistema
2024-01-26T11:00:00,452.66834,Sistema
2024-01-26T12:00:00,452.66834,Sistema
2024-01-26T13:00:00,452.66834,Sistema
2024-01-26T14:00:00,452.66834,Sistema
2024-01-26T15:00:00,453.66834,Sistema
2024-01-26T16:00:00,453.66834,Sistema
2024-01-26T17:00:00,453.66834,Sistema
2024-01-26T18:00:00,452.66834,Sistema
2024-01-26T19:00:00,454.66834,Sistema
2024-01-26T20:00:00,454.66834,Sistema
2024-01-26T21:00:00,455.78934,Sistema
2024-01-26T22:00:00,453.66834,Sistema
2024-01-26T23:00:00,452.66834,Sistema
2024-01-26T24:00:00,452.66834,Sistema
2024-01-27T01:00:00,450.30074,Sistema
2024-01-27T02:00:00,450.30074,Sistema
2024-01-27T03:00:00,450.30074,Sistema
2024-01-27T04:00:00,450.30074,Sistema
2024-01-27T05:00:00,450.30074,Sistema
2024-01-27T06:00:00,450.30074,Sistema
2024-01-27T07:00:00,450.30074,Sistema
2024-01-27T08:00:00,450.30074,Sistema
2024-01-27T09:00:00,481.30074,Sistema
2024-01-27T10:00:00,481.30074,Sistema
2024-01-27T11:00:00,503.41174,Sistema
2024-01-27T12:00:00,481.30074,Sistema
2024-01-27T13:00:00,450.30074,Sistema
2024-01-27T14:00:00,450.30074,Sistema
2024-01-27T15:00:00,450.30074,Sistema
2024-01-27T16:00:00,450.30074,Sistema
2024-01-27T17:00:00,450.30074,Sistema
2024-01-27T18:00:00,479.30074,Sistema
2024-01-27T19:00:00,503.41174,Sistema
2024-01-27T20:00:00,503.41174,Sistema
2024-01-27T21:00:00,503.41174,Sistema
2024-01-27T22:00:00,503.41174,Sistema
2024-01-27T23:00:00,481.30074,Sistema
2024-01-27T24:00:00,450.30074,Sistema
2024-01-28T01:00:00,509.54063,Sistema
2024-01-28T02:00:00,509.54063,Sistema
2024-01-28T03:00:00,509.54063,Sistema
2024-01-28T04:00:00,509.54063,Sistema
2024-01-28T05:00:00,509.54063,Sistema
2024-01-28T06:00:00,509.54063,Sistema
2024-01-28T07:00:00,509.54063,Sistema
2024-01-28T08:00:00,509.54063,Sistema
2024-01-28T09:00:00,509.54063,Sistema
2024-01-28T10:00:00,509.54063,Sistema
2024-01-28T11:00:00,509.54063,Sistema
2024-01-28T12:00:00,509.54063,Sistema
2024-01-28T13:00:00,511.42963,Sistema
2024-01-28T14:00:00,511.42963,Sistema
2024-01-28T15:00:00,511.42963,Sistema
2024-01-28T16:00:00,511.42963,Sistema
2024-01-28T17:00:00,555.42963,Sistema
2024-01-28T18:00:00,556.42963,Sistema
2024-01-28T19:00:00,556.42963,Sistema
2024-01-28T20:00:00,649.42963,Sistema
2024-01-28T21:00:00,556.42963,Sistema
2024-01-28T22:00:00,556.42963,Sistema
2024-01-28T23:00:00,556.42963,Sistema
2024-01-28T24:00:00,555.42963,Sistema
2024-01-29T01:00:00,569.15334,Sistema
2024-01-29T02:00:00,569.15334,Sistema
2024-01-29T03:00:00,549.04234,Sistema
2024-01-29T04:00:00,544.04234,Sistema
2024-01-29T05:00:00,549.04234,Sistema
2024-01-29T06:00:00,569.15334,Sistema
2024-01-29T07:00:00,569.15334,Sistema
2024-01-29T08:00:00,569.15334,Sistema
2024-01-29T09:00:00,605.28434,Sistema
2024-01-29T10:00:00,605.28434,Sistema
2024-01-29T11:00:00,619.04234,Sistema
2024-01-29T12:00:00,620.04234,Sistema
2024-01-29T13:00:00,619.04234,Sistema
2024-01-29T14:00:00,620.04234,Sistema
2024-01-29T15:00:00,620.04234,Sistema
2024-01-29T16:00:00,620.04234,Sistema
2024-01-29T17:00:00,620.04234,Sistema
2024-01-29T18:00:00,620.04234,Sistema
2024-01-29T19:00:00,620.04234,Sistema
2024-01-29T20:00:00,620.04234,Sistema
2024-01-29T21:00:00,620.04234,Sistema
2024-01-29T22:00:00,620.04234,Sistema
2024-01-29T23:00:00,620.04234,Sistema
2024-01-29T24:00:00,599.04234,Sistema
2024-01-30T01:00:00,656.4458,Sistema
2024-01-30T02:00:00,616.4458,Sistema
2024-01-30T03:00:00,607.7548,Sistema
2024-01-30T04:00:00,581.4458,Sistema
2024-01-30T05:00:00,581.4458,Sistema
2024-01-30T06:00:00,607.7548,Sistema
2024-01-30T07:00:00,616.4458,Sistema
2024-01-30T08:00:00,616.4458,Sistema
2024-01-30T09:00:00,616.4458,Sistema
2024-01-30T10:00:00,616.4458,Sistema
2024-01-30T11:00:00,622.4458,Sistema
2024-01-30T12:00:00,622.4458,Sistema
2024-01-30T13:00:00,622.4458,Sistema
2024-01-30T14:00:00,622.4458,Sistema
2024-01-30T15:00:00,671.4458,Sistema
2024-01-30T16:00:00,671.4458,Sistema
2024-01-30T17:00:00,656.4458,Sistema
2024-01-30T18:00:00,622.4458,Sistema
2024-01-30T19:00:00,656.4458,Sistema
2024-01-30T20:00:00,671.4458,Sistema
2024-01-30T21:00:00,656.4458,Sistema
2024-01-30T22:00:00,622.4458,Sistema
2024-01-30T23:00:00,622.4458,Sistema
2024-01-30T24:00:00,622.4458,Sistema
2024-01-31T01:00:00,612.19926,Sistema
2024-01-31T02:00:00,612.19926,Sistema
2024-01-31T03:00:00,612.19926,Sistema
2024-01-31T04:00:00,612.19926,Sistema
2024-01-31T05:00:00,612.19926,Sistema
2024-01-31T06:00:00,620.19926,Sistema
2024-01-31T07:00:00,620.19926,Sistema
2024-01-31T08:00:00,620.19926,Sistema
2024-01-31T09:00:00,620.19926,Sistema
2024-01-31T10:00:00,620.19926,Sistema
2024-01-31T11:00:00,620.19926,Sistema
2024-01-31T12:00:00,620.19926,Sistema
2024-01-31T13:00:00,620.19926,Sistema
2024-01-31T14:00:00,672.31026,Sistema
2024-01-31T15:00:00,672.31026,Sistema
2024-01-31T16:00:00,672.31026,Sistema
2024-01-31T17:00:00,672.31026,Sistema
2024-01-31T18:00:00,672.31026,Sistema
2024-01-31T19:00:00,672.31026,Sistema
2024-01-31T20:00:00,672.31026,Sistema
2024-01-31T21:00:00,672.31026,Sistema
2024-01-31T22:00:00,672.31026,Sistema
2024-01-31T23:00:00,620.19926,Sistema
2024-01-31T24:00:00,620.19926,Sistema
2024-02-01T01:00:00,698.28995,Sistema
2024-02-01T02:00:00,691.28995,Sistema
2024-02-01T03:00:00,691.28995,Sistema
2024-02-01T04:00:00,691.28995,Sistema
2024-02-01T05:00:00,691.28995,Sistema
2024-02-01T06:00:00,698.28995,Sistema
2024-02-01T07:00:00,680.28995,Sistema
2024-02-01T08:00:00,691.28995,Sistema
2024-02-01T09:00:00,691.28995,Sistema
2024-02-01T10:00:00,691.28995,Sistema
2024-02-01T11:00:00,691.28995,Sistema
2024-02-01T12:00:00,691.28995,Sistema
2024-02-01T13:00:00,691.28995,Sistema
2024-02-01T14:00:00,698.28995,Sistema
2024-02-01T15:00:00,698.28995,Sistema
2024-02-01T16:00:00,698.28995,Sistema
2024-02-01T17:00:00,699.28995,Sistema
2024-02-01T18:00:00,698.28995,Sistema
2024-02-01T19:00:00,699.28995,Sistema
2024-02-01T20:00:00,699.28995,Sistema
2024-02-01T21:00:00,699.28995,Sistema
2024-02-01T22:00:00,698.28995,Sistema
2024-02-01T23:00:00,691.28995,Sistema
2024-02-01T24:00:00,691.28995,Sistema
2024-02-02T01:00:00,685.43446,Sistema
2024-02-02T02:00:00,680.43446,Sistema
2024-02-02T03:00:00,680.43446,Sistema
2024-02-02T04:00:00,680.43446,Sistema
2024-02-02T05:00:00,680.43446,Sistema
2024-02-02T06:00:00,685.43446,Sistema
2024-02-02T07:00:00,685.43446,Sistema
2024-02-02T08:00:00,695.43446,Sistema
2024-02-02T09:00:00,695.43446,Sistema
2024-02-02T10:00:00,695.43446,Sistema
2024-02-02T11:00:00,695.43446,Sistema
2024-02-02T12:00:00,695.43446,Sistema
2024-02-02T13:00:00,695.43446,Sistema
2024-02-02T14:00:00,695.43446,Sistema
2024-02-02T15:00:00,695.43446,Sistema
2024-02-02T16:00:00,695.43446,Sistema
2024-02-02T17:00:00,695.43446,Sistema
2024-02-02T18:00:00,695.43446,Sistema
2024-02-02T19:00:00,695.43446,Sistema
2024-02-02T20:00:00,695.43446,Sistema
2024-02-02T21:00:00,695.43446,Sistema
2024-02-02T22:00:00,695.43446,Sistema
2024-02-02T23:00:00,691.43446,Sistema
2024-02-02T24:00:00,685.43446,Sistema
2024-02-03T01:00:00,681.43777,Sistema
2024-02-03T02:00:00,664.90577,Sistema
2024-02-03T03:00:00,611.81877,Sistema
2024-02-03T04:00:00,611.81877,Sistema
2024-02-03T05:00:00,611.81877,Sistema
2024-02-03T06:00:00,611.81877,Sistema
2024-02-03T07:00:00,664.90577,Sistema
2024-02-03T08:00:00,664.90577,Sistema
2024-02-03T09:00:00,664.90577,Sistema
2024-02-03T10:00:00,664.90577,Sistema
2024-02-03T11:00:00,681.43777,Sistema
2024-02-03T12:00:00,682.43777,Sistema
2024-02-03T13:00:00,681.43777,Sistema
2024-02-03T14:00:00,681.43777,Sistema
2024-02-03T15:00:00,681.43777,Sistema
2024-02-03T16:00:00,681.43777,Sistema
2024-02-03T17:00:00,684.43777,Sistema
2024-02-03T18:00:00,684.43777,Sistema
2024-02-03T19:00:00,700.93777,Sistema
2024-02-03T20:00:00,705.43777,Sistema
2024-02-03T21:00:00,700.93777,Sistema
2024-02-03T22:00:00,684.43777,Sistema
2024-02-03T23:00:00,684.43777,Sistema
2024-02-03T24:00:00,681.43777,Sistema
2024-02-04T01:00:00,642.06064,Sistema
2024-02-04T02:00:00,642.06064,Sistema
2024-02-04T03:00:00,642.06064,Sistema
2024-02-04T04:00:00,641.06064,Sistema
2024-02-04T05:00:00,598.51664,Sistema
2024-02-04T06:00:00,598.51664,Sistema
2024-02-04T07:00:00,471.06064,Sistema
2024-02-04T08:00:00,441.06064,Sistema
2024-02-04T09:00:00,598.51664,Sistema
2024-02-04T10:00:00,598.51664,Sistema
2024-02-04T11:00:00,473.30664,Sistema
2024-02-04T12:00:00,641.06064,Sistema
2024-02-04T13:00:00,641.06064,Sistema
2024-02-04T14:00:00,642.06064,Sistema
2024-02-04T15:00:00,642.06064,Sistema
2024-02-04T16:00:00,642.06064,Sistema
2024-02-04T17:00:00,642.06064,Sistema
2024-02-04T18:00:00,642.06064,Sistema
2024-02-04T19:00:00,678.06064,Sistema
2024-02-04T20:00:00,678.06064,Sistema
2024-02-04T21:00:00,678.06064,Sistema
2024-02-04T22:00:00,678.06064,Sistema
2024-02-04T23:00:00,678.06064,Sistema
2024-02-04T24:00:00,642.06064,Sistema
2024-02-05T01:00:00,546.79662,Sistema
2024-02-05T02:00:00,546.79662,Sistema
2024-02-05T03:00:00,441.46562,Sistema
2024-02-05T04:00:00,422.46562,Sistema
2024-02-05T05:00:00,516.46562,Sistema
2024-02-05T06:00:00,613.45862,Sistema
2024-02-05T07:00:00,635.46562,Sistema
2024-02-05T08:00:00,640.46562,Sistema
2024-02-05T09:00:00,640.46562,Sistema
2024-02-05T10:00:00,640.46562,Sistema
2024-02-05T11:00:00,640.46562,Sistema
2024-02-05T12:00:00,641.96562,Sistema
2024-02-05T13:00:00,640.46562,Sistema
2024-02-05T14:00:00,640.46562,Sistema
2024-02-05T15:00:00,687.46562,Sistema
2024-02-05T16:00:00,687.46562,Sistema
2024-02-05T17:00:00,687.46562,Sistema
2024-02-05T18:00:00,687.46562,Sistema
2024-02-05T19:00:00,687.46562,Sistema
2024-02-05T20:00:00,687.46562,Sistema
2024-02-05T21:00:00,687.46562,Sistema
2024-02-05T22:00:00,687.46562,Sistema
2024-02-05T23:00:00,640.46562,Sistema
2024-02-05T24:00:00,640.46562,Sistema
2024-02-06T01:00:00,99.80455,Sistema
2024-02-06T02:00:00,127.44455,Sistema
2024-02-06T03:00:00,298.73455,Sistema
2024-02-06T04:00:00,418.16455,Sistema
2024-02-06T05:00:00,553.24955,Sistema
2024-02-06T06:00:00,577.16455,Sistema
2024-02-06T07:00:00,577.16455,Sistema
2024-02-06T08:00:00,632.16455,Sistema
2024-02-06T09:00:00,610.16455,Sistema
2024-02-06T10:00:00,632.16455,Sistema
2024-02-06T11:00:00,632.16455,Sistema
2024-02-06T12:00:00,632.16455,Sistema
2024-02-06T13:00:00,632.16455,Sistema
2024-02-06T14:00:00,632.16455,Sistema
2024-02-06T15:00:00,632.16455,Sistema
2024-02-06T16:00:00,632.16455,Sistema
2024-02-06T17:00:00,632.16455,Sistema
2024-02-06T18:00:00,632.16455,Sistema
2024-02-06T19:00:00,632.16455,Sistema
2024-02-06T20:00:00,638.16455,Sistema
2024-02-06T21:00:00,637.16455,Sistema
2024-02-06T22:00:00,632.16455,Sistema
2024-02-06T23:00:00,632.16455,Sistema
2024-02-06T24:00:00,577.16455,Sistema
2024-02-07T01:00:00,552.45205,Sistema
2024-02-07T02:00:00,551.45205,Sistema
2024-02-07T03:00:00,533.45205,Sistema
2024-02-07T04:00:00,494.45205,Sistema
2024-02-07T05:00:00,533.45205,Sistema
2024-02-07T06:00:00,552.45205,Sistema
2024-02-07T07:00:00,551.45205,Sistema
2024-02-07T08:00:00,565.45805,Sistema
2024-02-07T09:00:00,580.45205,Sistema
2024-02-07T10:00:00,580.45205,Sistema
2024-02-07T11:00:00,580.45205,Sistema
2024-02-07T12:00:00,518.45205,Sistema
2024-02-07T13:00:00,518.45205,Sistema
2024-02-07T14:00:00,580.45205,Sistema
2024-02-07T15:00:00,580.45205,Sistema
2024-02-07T16:00:00,580.45205,Sistema
2024-02-07T17:00:00,580.45205,Sistema
2024-02-07T18:00:00,580.45205,Sistema
2024-02-07T19:00:00,580.45205,Sistema
2024-02-07T20:00:00,580.45205,Sistema
2024-02-07T21:00:00,580.45205,Sistema
2024-02-07T22:00:00,580.45205,Sistema
2024-02-07T23:00:00,551.45205,Sistema
2024-02-07T24:00:00,533.45205,Sistema
2024-02-08T01:00:00,100.64222,Sistema
2024-02-08T02:00:00,100.64222,Sistema
2024-02-08T03:00:00,100.64222,Sistema
2024-02-08T04:00:00,100.64222,Sistema
2024-02-08T05:00:00,100.64322,Sistema
2024-02-08T06:00:00,408.74222,Sistema
2024-02-08T07:00:00,228.00222,Sistema
2024-02-08T08:00:00,408.74222,Sistema
2024-02-08T09:00:00,513.00222,Sistema
2024-02-08T10:00:00,463.00222,Sistema
2024-02-08T11:00:00,514.00222,Sistema
2024-02-08T12:00:00,514.00222,Sistema
2024-02-08T13:00:00,514.00222,Sistema
2024-02-08T14:00:00,514.00222,Sistema
2024-02-08T15:00:00,563.00222,Sistema
2024-02-08T16:00:00,563.00222,Sistema
2024-02-08T17:00:00,593.00222,Sistema
2024-02-08T18:00:00,573.00822,Sistema
2024-02-08T19:00:00,573.00822,Sistema
2024-02-08T20:00:00,593.00222,Sistema
2024-02-08T21:00:00,593.00222,Sistema
2024-02-08T22:00:00,563.00222,Sistema
2024-02-08T23:00:00,557.00222,Sistema
2024-02-08T24:00:00,513.00222,Sistema
2024-02-09T01:00:00,504.76029,Sistema
2024-02-09T02:00:00,504.76029,Sistema
2024-02-09T03:00:00,504.76029,Sistema
2024-02-09T04:00:00,504.76029,Sistema
2024-02-09T05:00:00,504.76029,Sistema
2024-02-09T06:00:00,506.11729,Sistema
2024-02-09T07:00:00,506.11729,Sistema
2024-02-09T08:00:00,506.11729,Sistema
2024-02-09T09:00:00,506.11729,Sistema
2024-02-09T10:00:00,506.11729,Sistema
2024-02-09T11:00:00,506.11729,Sistema
2024-02-09T12:00:00,530.79329,Sistema
2024-02-09T13:00:00,506.11729,Sistema
2024-02-09T14:00:00,506.11729,Sistema
2024-02-09T15:00:00,530.79329,Sistema
2024-02-09T16:00:00,530.79329,Sistema
2024-02-09T17:00:00,530.79329,Sistema
2024-02-09T18:00:00,530.79329,Sistema
2024-02-09T19:00:00,530.79329,Sistema
2024-02-09T20:00:00,530.79329,Sistema
2024-02-09T21:00:00,530.79329,Sistema
2024-02-09T22:00:00,530.79329,Sistema
2024-02-09T23:00:00,506.11729,Sistema
2024-02-09T24:00:00,506.11729,Sistema
2024-02-10T01:00:00,535.53106,Sistema
2024-02-10T02:00:00,510.96306,Sistema
2024-02-10T03:00:00,510.96306,Sistema
2024-02-10T04:00:00,510.96306,Sistema
2024-02-10T05:00:00,510.96306,Sistema
2024-02-10T06:00:00,510.96306,Sistema
2024-02-10T07:00:00,510.96306,Sistema
2024-02-10T08:00:00,510.96306,Sistema
2024-02-10T09:00:00,510.96306,Sistema
2024-02-10T10:00:00,510.96306,Sistema
2024-02-10T11:00:00,510.96306,Sistema
2024-02-10T12:00:00,535.53106,Sistema
2024-02-10T13:00:00,535.53106,Sistema
2024-02-10T14:00:00,535.53106,Sistema
2024-02-10T15:00:00,535.53106,Sistema
2024-02-10T16:00:00,535.53106,Sistema
2024-02-10T17:00:00,535.53106,Sistema
2024-02-10T18:00:00,535.53106,Sistema
2024-02-10T19:00:00,561.53106,Sistema
2024-02-10T20:00:00,700.53106,Sistema
2024-02-10T21:00:00,550.53106,Sistema
2024-02-10T22:00:00,535.53106,Sistema
2024-02-10T23:00:00,535.53106,Sistema
2024-02-10T24:00:00,535.53106,Sistema
2024-02-11T01:00:00,547.58375,Sistema
2024-02-11T02:00:00,547.58375,Sistema
2024-02-11T03:00:00,547.58375,Sistema
2024-02-11T04:00:00,547.58375,Sistema
2024-02-11T05:00:00,547.58375,Sistema
2024-02-11T06:00:00,547.58375,Sistema
2024-02-11T07:00:00,523.01575,Sistema
2024-02-11T08:00:00,523.01575,Sistema
2024-02-11T09:00:00,498.58375,Sistema
2024-02-11T10:00:00,523.01575,Sistema
2024-02-11T11:00:00,523.01575,Sistema
2024-02-11T12:00:00,523.01575,Sistema
2024-02-11T13:00:00,531.58375,Sistema
2024-02-11T14:00:00,547.58375,Sistema
2024-02-11T15:00:00,547.58375,Sistema
2024-02-11T16:00:00,547.58375,Sistema
2024-02-11T17:00:00,547.58375,Sistema
2024-02-11T18:00:00,547.58375,Sistema
2024-02-11T19:00:00,564.58375,Sistema
2024-02-11T20:00:00,564.58375,Sistema
2024-02-11T21:00:00,564.58375,Sistema
2024-02-11T22:00:00,564.58375,Sistema
2024-02-11T23:00:00,564.58375,Sistema
2024-02-11T24:00:00,564.58375,Sistema
2024-02-12T01:00:00,563.00513,Sistema
2024-02-12T02:00:00,530.00513,Sistema
2024-02-12T03:00:00,527.00513,Sistema
2024-02-12T04:00:00,527.00513,Sistema
2024-02-12T05:00:00,527.00513,Sistema
2024-02-12T06:00:00,530.00513,Sistema
2024-02-12T07:00:00,551.00513,Sistema
2024-02-12T08:00:00,563.00513,Sistema
2024-02-12T09:00:00,563.00513,Sistema
2024-02-12T10:00:00,568.44013,Sistema
2024-02-12T11:00:00,568.44013,Sistema
2024-02-12T12:00:00,568.44013,Sistema
2024-02-12T13:00:00,591.00513,Sistema
2024-02-12T14:00:00,591.00513,Sistema
2024-02-12T15:00:00,601.00513,Sistema
2024-02-12T16:00:00,601.00513,Sistema
2024-02-12T17:00:00,601.00513,Sistema
2024-02-12T18:00:00,601.00513,Sistema
2024-02-12T19:00:00,601.00513,Sistema
2024-02-12T20:00:00,601.00513,Sistema
2024-02-12T21:00:00,601.00513,Sistema
2024-02-12T22:00:00,601.00513,Sistema
2024-02-12T23:00:00,591.00513,Sistema
2024-02-12T24:00:00,568.44013,Sistema
2024-02-13T01:00:00,593.44149,Sistema
2024-02-13T02:00:00,552.44149,Sistema
2024-02-13T03:00:00,552.44149,Sistema
2024-02-13T04:00:00,552.44149,Sistema
2024-02-13T05:00:00,551.44149,Sistema
2024-02-13T06:00:00,593.44149,Sistema
2024-02-13T07:00:00,593.44149,Sistema
2024-02-13T08:00:00,610.44149,Sistema
2024-02-13T09:00:00,593.44149,Sistema
2024-02-13T10:00:00,593.44149,Sistema
2024-02-13T11:00:00,593.44149,Sistema
2024-02-13T12:00:00,610.44149,Sistema
2024-02-13T13:00:00,610.44149,Sistema
2024-02-13T14:00:00,610.44149,Sistema
2024-02-13T15:00:00,610.44149,Sistema
2024-02-13T16:00:00,612.44149,Sistema
2024-02-13T17:00:00,612.44149,Sistema
2024-02-13T18:00:00,612.44149,Sistema
2024-02-13T19:00:00,612.44149,Sistema
2024-02-13T20:00:00,612.44149,Sistema
2024-02-13T21:00:00,612.44149,Sistema
2024-02-13T22:00:00,612.44149,Sistema
2024-02-13T23:00:00,610.44149,Sistema
2024-02-13T24:00:00,593.44149,Sistema
2024-02-14T01:00:00,533.53343,Sistema
2024-02-14T02:00:00,533.53343,Sistema
2024-02-14T03:00:00,533.53343,Sistema
2024-02-14T04:00:00,533.53343,Sistema
2024-02-14T05:00:00,533.53343,Sistema
2024-02-14T06:00:00,595.53343,Sistema
2024-02-14T07:00:00,596.53343,Sistema
2024-02-14T08:00:00,596.53343,Sistema
2024-02-14T09:00:00,596.53343,Sistema
2024-02-14T10:00:00,596.53343,Sistema
2024-02-14T11:00:00,596.53343,Sistema
2024-02-14T12:00:00,615.98943,Sistema
2024-02-14T13:00:00,615.98943,Sistema
2024-02-14T14:00:00,615.98943,Sistema
2024-02-14T15:00:00,615.98943,Sistema
2024-02-14T16:00:00,615.98943,Sistema
2024-02-14T17:00:00,671.53343,Sistema
2024-02-14T18:00:00,615.98943,Sistema
2024-02-14T19:00:00,615.98943,Sistema
2024-02-14T20:00:00,671.53343,Sistema
2024-02-14T21:00:00,671.53343,Sistema
2024-02-14T22:00:00,615.98943,Sistema
2024-02-14T23:00:00,596.53343,Sistema
2024-02-14T24:00:00,565.53343,Sistema
2024-02-15T01:00:00,551.65071,Sistema
2024-02-15T02:00:00,551.65071,Sistema
2024-02-15T03:00:00,551.65071,Sistema
2024-02-15T04:00:00,551.65071,Sistema
2024-02-15T05:00:00,551.65071,Sistema
2024-02-15T06:00:00,551.65071,Sistema
2024-02-15T07:00:00,551.65071,Sistema
2024-02-15T08:00:00,551.65071,Sistema
2024-02-15T09:00:00,556.65071,Sistema
2024-02-15T10:00:00,556.65071,Sistema
2024-02-15T11:00:00,591.65071,Sistema
2024-02-15T12:00:00,601.65071,Sistema
2024-02-15T13:00:00,591.65071,Sistema
2024-02-15T14:00:00,591.65071,Sistema
2024-02-15T15:00:00,651.65071,Sistema
2024-02-15T16:00:00,712.65071,Sistema
2024-02-15T17:00:00,712.65071,Sistema
2024-02-15T18:00:00,651.65071,Sistema
2024-02-15T19:00:00,616.65071,Sistema
2024-02-15T20:00:00,651.65071,Sistema
2024-02-15T21:00:00,651.65071,Sistema
2024-02-15T22:00:00,601.65071,Sistema
2024-02-15T23:00:00,591.65071,Sistema
2024-02-15T24:00:00,551.65071,Sistema
2024-02-16T01:00:00,531.50715,Sistema
2024-02-16T02:00:00,531.50715,Sistema
2024-02-16T03:00:00,531.50715,Sistema
2024-02-16T04:00:00,531.50715,Sistema
2024-02-16T05:00:00,531.50715,Sistema
2024-02-16T06:00:00,531.50715,Sistema
2024-02-16T07:00:00,531.50715,Sistema
2024-02-16T08:00:00,531.50715,Sistema
2024-02-16T09:00:00,531.50715,Sistema
2024-02-16T10:00:00,536.50715,Sistema
2024-02-16T11:00:00,536.50715,Sistema
2024-02-16T12:00:00,536.50715,Sistema
2024-02-16T13:00:00,536.50715,Sistema
2024-02-16T14:00:00,536.50715,Sistema
2024-02-16T15:00:00,550.50715,Sistema
2024-02-16T16:00:00,550.50715,Sistema
2024-02-16T17:00:00,550.50715,Sistema
2024-02-16T18:00:00,536.50715,Sistema
2024-02-16T19:00:00,550.50715,Sistema
2024-02-16T20:00:00,556.50715,Sistema
2024-02-16T21:00:00,556.50715,Sistema
2024-02-16T22:00:00,551.50715,Sistema
2024-02-16T23:00:00,536.50715,Sistema
2024-02-16T24:00:00,531.50715,Sistema
2024-02-17T01:00:00,600.47076,Sistema
2024-02-17T02:00:00,600.47076,Sistema
2024-02-17T03:00:00,555.47076,Sistema
2024-02-17T04:00:00,555.47076,Sistema
2024-02-17T05:00:00,555.47076,Sistema
2024-02-17T06:00:00,555.47076,Sistema
2024-02-17T07:00:00,555.47076,Sistema
2024-02-17T08:00:00,555.47076,Sistema
2024-02-17T09:00:00,555.47076,Sistema
2024-02-17T10:00:00,555.47076,Sistema
2024-02-17T11:00:00,555.47076,Sistema
2024-02-17T12:00:00,555.47076,Sistema
2024-02-17T13:00:00,555.47076,Sistema
2024-02-17T14:00:00,555.47076,Sistema
2024-02-17T15:00:00,555.47076,Sistema
2024-02-17T16:00:00,555.47076,Sistema
2024-02-17T17:00:00,555.47076,Sistema
2024-02-17T18:00:00,555.47076,Sistema
2024-02-17T19:00:00,599.47076,Sistema
2024-02-17T20:00:00,599.47076,Sistema
2024-02-17T21:00:00,599.47076,Sistema
2024-02-17T22:00:00,599.47076,Sistema
2024-02-17T23:00:00,555.47076,Sistema
2024-02-17T24:00:00,555.47076,Sistema
2024-02-18T01:00:00,545.67424,Sistema
2024-02-18T02:00:00,545.67424,Sistema
2024-02-18T03:00:00,535.67424,Sistema
2024-02-18T04:00:00,535.67424,Sistema
2024-02-18T05:00:00,535.67424,Sistema
2024-02-18T06:00:00,535.67424,Sistema
2024-02-18T07:00:00,535.67424,Sistema
2024-02-18T08:00:00,535.67424,Sistema
2024-02-18T09:00:00,535.67424,Sistema
2024-02-18T10:00:00,535.67424,Sistema
2024-02-18T11:00:00,535.67424,Sistema
2024-02-18T12:00:00,535.67424,Sistema
2024-02-18T13:00:00,535.67424,Sistema
2024-02-18T14:00:00,535.67424,Sistema
2024-02-18T15:00:00,535.67424,Sistema
2024-02-18T16:00:00,535.67424,Sistema
2024-02-18T17:00:00,545.67424,Sistema
2024-02-18T18:00:00,545.67424,Sistema
2024-02-18T19:00:00,585.67424,Sistema
2024-02-18T20:00:00,589.67424,Sistema
2024-02-18T21:00:00,589.67424,Sistema
2024-02-18T22:00:00,610.78824,Sistema
2024-02-18T23:00:00,585.67424,Sistema
2024-02-18T24:00:00,550.67424,Sistema
2024-02-19T01:00:00,555.52323,Sistema
2024-02-19T02:00:00,550.52323,Sistema
2024-02-19T03:00:00,540.52323,Sistema
2024-02-19T04:00:00,497.64923,Sistema
2024-02-19T05:00:00,540.52323,Sistema
2024-02-19T06:00:00,555.52323,Sistema
2024-02-19T07:00:00,555.52323,Sistema
2024-02-19T08:00:00,555.52323,Sistema
2024-02-19T09:00:00,555.52323,Sistema
2024-02-19T10:00:00,565.52323,Sistema
2024-02-19T11:00:00,579.52323,Sistema
2024-02-19T12:00:00,585.52323,Sistema
2024-02-19T13:00:00,585.52323,Sistema
2024-02-19T14:00:00,585.52323,Sistema
2024-02-19T15:00:00,590.52323,Sistema
2024-02-19T16:00:00,590.52323,Sistema
2024-02-19T17:00:00,590.52323,Sistema
2024-02-19T18:00:00,590.52323,Sistema
2024-02-19T19:00:00,610.63723,Sistema
2024-02-19T20:00:00,610.63723,Sistema
2024-02-19T21:00:00,610.63723,Sistema
2024-02-19T22:00:00,610.63723,Sistema
2024-02-19T23:00:00,579.52323,Sistema
2024-02-19T24:00:00,555.52323,Sistema
2024-02-20T01:00:00,577.43842,Sistema
2024-02-20T02:00:00,550.43842,Sistema
2024-02-20T03:00:00,531.06142,Sistema
2024-02-20T04:00:00,531.06142,Sistema
2024-02-20T05:00:00,550.43842,Sistema
2024-02-20T06:00:00,581.43842,Sistema
2024-02-20T07:00:00,581.43842,Sistema
2024-02-20T08:00:00,581.43842,Sistema
2024-02-20T09:00:00,590.43842,Sistema
2024-02-20T10:00:00,590.43842,Sistema
2024-02-20T11:00:00,590.43842,Sistema
2024-02-20T12:00:00,590.43842,Sistema
2024-02-20T13:00:00,590.43842,Sistema
2024-02-20T14:00:00,581.43842,Sistema
2024-02-20T15:00:00,590.43842,Sistema
2024-02-20T16:00:00,590.43842,Sistema
2024-02-20T17:00:00,590.43842,Sistema
2024-02-20T18:00:00,590.43842,Sistema
2024-02-20T19:00:00,611.43842,Sistema
2024-02-20T20:00:00,611.43842,Sistema
2024-02-20T21:00:00,590.43842,Sistema
2024-02-20T22:00:00,590.43842,Sistema
2024-02-20T23:00:00,590.43842,Sistema
2024-02-20T24:00:00,577.43842,Sistema
2024-02-21T01:00:00,601.55427,Sistema
2024-02-21T02:00:00,601.55427,Sistema
2024-02-21T03:00:00,601.55427,Sistema
2024-02-21T04:00:00,601.55427,Sistema
2024-02-21T05:00:00,601.44027,Sistema
2024-02-21T06:00:00,601.55427,Sistema
2024-02-21T07:00:00,601.55427,Sistema
2024-02-21T08:00:00,601.55427,Sistema
2024-02-21T09:00:00,601.55427,Sistema
2024-02-21T10:00:00,601.55427,Sistema
2024-02-21T11:00:00,601.55427,Sistema
2024-02-21T12:00:00,601.55427,Sistema
2024-02-21T13:00:00,601.44027,Sistema
2024-02-21T14:00:00,601.44027,Sistema
2024-02-21T15:00:00,601.44027,Sistema
2024-02-21T16:00:00,601.55427,Sistema
2024-02-21T17:00:00,601.55427,Sistema
2024-02-21T18:00:00,601.44027,Sistema
2024-02-21T19:00:00,601.55427,Sistema
2024-02-21T20:00:00,601.55427,Sistema
2024-02-21T21:00:00,601.55427,Sistema
2024-02-21T22:00:00,601.55427,Sistema
2024-02-21T23:00:00,601.55427,Sistema
2024-02-21T24:00:00,592.44027,Sistema
2024-02-22T01:00:00,473.88152,Sistema
2024-02-22T02:00:00,473.88152,Sistema
2024-02-22T03:00:00,473.88152,Sistema
2024-02-22T04:00:00,229.15852,Sistema
2024-02-22T05:00:00,293.96352,Sistema
2024-02-22T06:00:00,502.39352,Sistema
2024-02-22T07:00:00,473.88152,Sistema
2024-02-22T08:00:00,531.64852,Sistema
2024-02-22T09:00:00,502.39352,Sistema
2024-02-22T10:00:00,502.39352,Sistema
2024-02-22T11:00:00,502.39352,Sistema
2024-02-22T12:00:00,531.64852,Sistema
2024-02-22T13:00:00,531.64852,Sistema
2024-02-22T14:00:00,531.64852,Sistema
2024-02-22T15:00:00,552.39352,Sistema
2024-02-22T16:00:00,594.39352,Sistema
2024-02-22T17:00:00,594.39352,Sistema
2024-02-22T18:00:00,502.39352,Sistema
2024-02-22T19:00:00,531.64852,Sistema
2024-02-22T20:00:00,602.39352,Sistema
2024-02-22T21:00:00,594.39352,Sistema
2024-02-22T22:00:00,557.39352,Sistema
2024-02-22T23:00:00,557.39352,Sistema
2024-02-22T24:00:00,502.39352,Sistema
2024-02-23T01:00:00,530.55587,Sistema
2024-02-23T02:00:00,528.94587,Sistema
2024-02-23T03:00:00,484.32887,Sistema
2024-02-23T04:00:00,484.32887,Sistema
2024-02-23T05:00:00,528.94587,Sistema
2024-02-23T06:00:00,540.55587,Sistema
2024-02-23T07:00:00,580.55587,Sistema
2024-02-23T08:00:00,580.55587,Sistema
2024-02-23T09:00:00,580.55587,Sistema
2024-02-23T10:00:00,540.55587,Sistema
2024-02-23T11:00:00,580.55587,Sistema
2024-02-23T12:00:00,605.55587,Sistema
2024-02-23T13:00:00,580.55587,Sistema
2024-02-23T14:00:00,580.55587,Sistema
2024-02-23T15:00:00,605.55587,Sistema
2024-02-23T16:00:00,605.55587,Sistema
2024-02-23T17:00:00,605.55587,Sistema
2024-02-23T18:00:00,605.55587,Sistema
2024-02-23T19:00:00,605.55587,Sistema
2024-02-23T20:00:00,605.55587,Sistema
2024-02-23T21:00:00,605.55587,Sistema
2024-02-23T22:00:00,580.55587,Sistema
2024-02-23T23:00:00,580.55587,Sistema
2024-02-23T24:00:00,530.55587,Sistema
2024-02-24T01:00:00,580.44408,Sistema
2024-02-24T02:00:00,555.44408,Sistema
2024-02-24T03:00:00,555.44408,Sistema
2024-02-24T04:00:00,540.44408,Sistema
2024-02-24T05:00:00,540.44408,Sistema
2024-02-24T06:00:00,555.44408,Sistema
2024-02-24T07:00:00,555.44408,Sistema
2024-02-24T08:00:00,555.44408,Sistema
2024-02-24T09:00:00,580.44408,Sistema
2024-02-24T10:00:00,580.44408,Sistema
2024-02-24T11:00:00,580.44408,Sistema
2024-02-24T12:00:00,590.44408,Sistema
2024-02-24T13:00:00,590.44408,Sistema
2024-02-24T14:00:00,605.44408,Sistema
2024-02-24T15:00:00,600.94408,Sistema
2024-02-24T16:00:00,600.94408,Sistema
2024-02-24T17:00:00,605.44408,Sistema
2024-02-24T18:00:00,605.44408,Sistema
2024-02-24T19:00:00,640.44408,Sistema
2024-02-24T20:00:00,640.44408,Sistema
2024-02-24T21:00:00,605.44408,Sistema
2024-02-24T22:00:00,605.44408,Sistema
2024-02-24T23:00:00,605.44408,Sistema
2024-02-24T24:00:00,590.44408,Sistema
2024-02-25T01:00:00,555.45125,Sistema
2024-02-25T02:00:00,555.45125,Sistema
2024-02-25T03:00:00,555.45125,Sistema
2024-02-25T04:00:00,555.45125,Sistema
2024-02-25T05:00:00,555.45125,Sistema
2024-02-25T06:00:00,555.45125,Sistema
2024-02-25T07:00:00,550.45125,Sistema
2024-02-25T08:00:00,550.45125,Sistema
2024-02-25T09:00:00,550.45125,Sistema
2024-02-25T10:00:00,550.45125,Sistema
2024-02-25T11:00:00,550.45125,Sistema
2024-02-25T12:00:00,550.45125,Sistema
2024-02-25T13:00:00,555.45125,Sistema
2024-02-25T14:00:00,555.45125,Sistema
2024-02-25T15:00:00,555.45125,Sistema
2024-02-25T16:00:00,555.45125,Sistema
2024-02-25T17:00:00,555.45125,Sistema
2024-02-25T18:00:00,561.45125,Sistema
2024-02-25T19:00:00,561.45125,Sistema
2024-02-25T20:00:00,561.45125,Sistema
2024-02-25T21:00:00,561.45125,Sistema
2024-02-25T22:00:00,561.45125,Sistema
2024-02-25T23:00:00,561.45125,Sistema
2024-02-25T24:00:00,561.45125,Sistema
2024-02-26T01:00:00,548.44333,Sistema
2024-02-26T02:00:00,530.88133,Sistema
2024-02-26T03:00:00,500.44333,Sistema
2024-02-26T04:00:00,500.44333,Sistema
2024-02-26T05:00:00,500.44333,Sistema
2024-02-26T06:00:00,557.44333,Sistema
2024-02-26T07:00:00,557.44333,Sistema
2024-02-26T08:00:00,558.44333,Sistema
2024-02-26T09:00:00,558.44333,Sistema
2024-02-26T10:00:00,558.44333,Sistema
2024-02-26T11:00:00,559.44333,Sistema
2024-02-26T12:00:00,559.44333,Sistema
2024-02-26T13:00:00,559.44333,Sistema
2024-02-26T14:00:00,559.44333,Sistema
2024-02-26T15:00:00,600.94333,Sistema
2024-02-26T16:00:00,600.94333,Sistema
2024-02-26T17:00:00,600.94333,Sistema
2024-02-26T18:00:00,600.94333,Sistema
2024-02-26T19:00:00,600.94333,Sistema
2024-02-26T20:00:00,600.94333,Sistema
2024-02-26T21:00:00,600.94333,Sistema
2024-02-26T22:00:00,600.94333,Sistema
2024-02-26T23:00:00,570.44333,Sistema
2024-02-26T24:00:00,559.44333,Sistema
2024-02-27T01:00:00,547.63553,Sistema
2024-02-27T02:00:00,525.63553,Sistema
2024-02-27T03:00:00,512.00553,Sistema
2024-02-27T04:00:00,453.63553,Sistema
2024-02-27T05:00:00,473.35653,Sistema
2024-02-27T06:00:00,525.63553,Sistema
2024-02-27T07:00:00,512.00553,Sistema
2024-02-27T08:00:00,512.00553,Sistema
2024-02-27T09:00:00,512.00553,Sistema
2024-02-27T10:00:00,512.00553,Sistema
2024-02-27T11:00:00,547.63553,Sistema
2024-02-27T12:00:00,550.63553,Sistema
2024-02-27T13:00:00,549.13553,Sistema
2024-02-27T14:00:00,550.63553,Sistema
2024-02-27T15:00:00,551.63553,Sistema
2024-02-27T16:00:00,551.63553,Sistema
2024-02-27T17:00:00,560.63553,Sistema
2024-02-27T18:00:00,551.63553,Sistema
2024-02-27T19:00:00,560.63553,Sistema
2024-02-27T20:00:00,570.63553,Sistema
2024-02-27T21:00:00,564.63553,Sistema
2024-02-27T22:00:00,551.63553,Sistema
2024-02-27T23:00:00,549.13553,Sistema
2024-02-27T24:00:00,525.63553,Sistema
2024-02-28T01:00:00,482.13382,Sistema
2024-02-28T02:00:00,232.57682,Sistema
2024-02-28T03:00:00,129.08382,Sistema
2024-02-28T04:00:00,128.78382,Sistema
2024-02-28T05:00:00,129.08382,Sistema
2024-02-28T06:00:00,503.80382,Sistema
2024-02-28T07:00:00,482.13382,Sistema
2024-02-28T08:00:00,508.74282,Sistema
2024-02-28T09:00:00,519.91682,Sistema
2024-02-28T10:00:00,508.74282,Sistema
2024-02-28T11:00:00,519.91682,Sistema
2024-02-28T12:00:00,528.80382,Sistema
2024-02-28T13:00:00,528.80382,Sistema
2024-02-28T14:00:00,555.80382,Sistema
2024-02-28T15:00:00,558.80382,Sistema
2024-02-28T16:00:00,559.80382,Sistema
2024-02-28T17:00:00,568.80382,Sistema
2024-02-28T18:00:00,559.80382,Sistema
2024-02-28T19:00:00,568.80382,Sistema
2024-02-28T20:00:00,568.80382,Sistema
2024-02-28T21:00:00,568.80382,Sistema
2024-02-28T22:00:00,568.80382,Sistema
2024-02-28T23:00:00,558.80382,Sistema
2024-02-28T24:00:00,519.91682,Sistema
2024-02-29T01:00:00,495.45108,Sistema
2024-02-29T02:00:00,482.47708,Sistema
2024-02-29T03:00:00,475.16308,Sistema
2024-02-29T04:00:00,475.16308,Sistema
2024-02-29T05:00:00,475.16308,Sistema
2024-02-29T06:00:00,495.45108,Sistema
2024-02-29T07:00:00,495.45108,Sistema
2024-02-29T08:00:00,495.45108,Sistema
2024-02-29T09:00:00,495.45108,Sistema
2024-02-29T10:00:00,495.45108,Sistema
2024-02-29T11:00:00,495.45108,Sistema
2024-02-29T12:00:00,495.45108,Sistema
2024-02-29T13:00:00,495.45108,Sistema
2024-02-29T14:00:00,495.45108,Sistema
2024-02-29T15:00:00,500.45108,Sistema
2024-02-29T16:00:00,505.45108,Sistema
2024-02-29T17:00:00,505.45108,Sistema
2024-02-29T18:00:00,505.45108,Sistema
2024-02-29T19:00:00,505.45108,Sistema
2024-02-29T20:00:00,505.45108,Sistema
2024-02-29T21:00:00,505.45108,Sistema
2024-02-29T22:00:00,505.45108,Sistema
2024-02-29T23:00:00,505.45108,Sistema
2024-02-29T24:00:00,495.45108,Sistema
2024-03-01T01:00:00,469.07504,Sistema
2024-03-01T02:00:00,469.07504,Sistema
2024-03-01T03:00:00,469.07504,Sistema
2024-03-01T04:00:00,408.94604,Sistema
2024-03-01T05:00:00,469.07504,Sistema
2024-03-01T06:00:00,475.50404,Sistema
2024-03-01T07:00:00,479.13404,Sistema
2024-03-01T08:00:00,479.13404,Sistema
2024-03-01T09:00:00,479.13404,Sistema
2024-03-01T10:00:00,479.13404,Sistema
2024-03-01T11:00:00,479.13404,Sistema
2024-03-01T12:00:00,493.94604,Sistema
2024-03-01T13:00:00,493.94604,Sistema
2024-03-01T14:00:00,493.94604,Sistema
2024-03-01T15:00:00,494.94604,Sistema
2024-03-01T16:00:00,494.94604,Sistema
2024-03-01T17:00:00,494.94604,Sistema
2024-03-01T18:00:00,494.94604,Sistema
2024-03-01T19:00:00,497.94604,Sistema
2024-03-01T20:00:00,513.94604,Sistema
2024-03-01T21:00:00,497.94604,Sistema
2024-03-01T22:00:00,494.94604,Sistema
2024-03-01T23:00:00,493.94604,Sistema
2024-03-01T24:00:00,493.94604,Sistema
2024-03-02T01:00:00,487.98271,Sistema
2024-03-02T02:00:00,487.98271,Sistema
2024-03-02T03:00:00,487.98271,Sistema
2024-03-02T04:00:00,483.98271,Sistema
2024-03-02T05:00:00,483.98271,Sistema
2024-03-02T06:00:00,487.98271,Sistema
2024-03-02T07:00:00,487.98271,Sistema
2024-03-02T08:00:00,487.98271,Sistema
2024-03-02T09:00:00,492.48271,Sistema
2024-03-02T10:00:00,492.48271,Sistema
2024-03-02T11:00:00,492.48271,Sistema
2024-03-02T12:00:00,492.48271,Sistema
2024-03-02T13:00:00,492.48271,Sistema
2024-03-02T14:00:00,492.48271,Sistema
2024-03-02T15:00:00,492.48271,Sistema
2024-03-02T16:00:00,492.48271,Sistema
2024-03-02T17:00:00,492.48271,Sistema
2024-03-02T18:00:00,492.48271,Sistema
2024-03-02T19:00:00,513.98271,Sistema
2024-03-02T20:00:00,513.98271,Sistema
2024-03-02T21:00:00,508.98271,Sistema
2024-03-02T22:00:00,492.48271,Sistema
2024-03-02T23:00:00,492.48271,Sistema
2024-03-02T24:00:00,492.48271,Sistema
2024-03-03T01:00:00,481.42565,Sistema
2024-03-03T02:00:00,481.42565,Sistema
2024-03-03T03:00:00,473.92565,Sistema
2024-03-03T04:00:00,473.92565,Sistema
2024-03-03T05:00:00,473.92565,Sistema
2024-03-03T06:00:00,473.92565,Sistema
2024-03-03T07:00:00,467.92265,Sistema
2024-03-03T08:00:00,463.92565,Sistema
2024-03-03T09:00:00,463.92565,Sistema
2024-03-03T10:00:00,438.92565,Sistema
2024-03-03T11:00:00,448.89365,Sistema
2024-03-03T12:00:00,467.92265,Sistema
2024-03-03T13:00:00,467.92265,Sistema
2024-03-03T14:00:00,473.92565,Sistema
2024-03-03T15:00:00,473.92565,Sistema
2024-03-03T16:00:00,473.92565,Sistema
2024-03-03T17:00:00,473.92565,Sistema
2024-03-03T18:00:00,481.42565,Sistema
2024-03-03T19:00:00,481.42565,Sistema
2024-03-03T20:00:00,487.92565,Sistema
2024-03-03T21:00:00,487.92565,Sistema
2024-03-03T22:00:00,481.42565,Sistema
2024-03-03T23:00:00,481.42565,Sistema
2024-03-03T24:00:00,481.42565,Sistema
2024-03-04T01:00:00,419.85509,Sistema
2024-03-04T02:00:00,419.85509,Sistema
2024-03-04T03:00:00,419.85509,Sistema
2024-03-04T04:00:00,409.85509,Sistema
2024-03-04T05:00:00,419.85509,Sistema
2024-03-04T06:00:00,419.85509,Sistema
2024-03-04T07:00:00,439.85509,Sistema
2024-03-04T08:00:00,479.85509,Sistema
2024-03-04T09:00:00,494.85509,Sistema
2024-03-04T10:00:00,494.85509,Sistema
2024-03-04T11:00:00,508.85509,Sistema
2024-03-04T12:00:00,510.85509,Sistema
2024-03-04T13:00:00,510.85509,Sistema
2024-03-04T14:00:00,510.85509,Sistema
2024-03-04T15:00:00,518.17809,Sistema
2024-03-04T16:00:00,518.17809,Sistema
2024-03-04T17:00:00,518.17809,Sistema
2024-03-04T18:00:00,518.17809,Sistema
2024-03-04T19:00:00,518.17809,Sistema
2024-03-04T20:00:00,518.17809,Sistema
2024-03-04T21:00:00,518.17809,Sistema
2024-03-04T22:00:00,514.85509,Sistema
2024-03-04T23:00:00,510.85509,Sistema
2024-03-04T24:00:00,510.85509,Sistema
2024-03-05T01:00:00,505.78098,Sistema
2024-03-05T02:00:00,498.78098,Sistema
2024-03-05T03:00:00,479.78098,Sistema
2024-03-05T04:00:00,479.78098,Sistema
2024-03-05T05:00:00,479.78098,Sistema
2024-03-05T06:00:00,512.50098,Sistema
2024-03-05T07:00:00,512.50098,Sistema
2024-03-05T08:00:00,512.50098,Sistema
2024-03-05T09:00:00,538.78098,Sistema
2024-03-05T10:00:00,538.78098,Sistema
2024-03-05T11:00:00,538.78098,Sistema
2024-03-05T12:00:00,538.78098,Sistema
2024-03-05T13:00:00,538.78098,Sistema
2024-03-05T14:00:00,538.78098,Sistema
2024-03-05T15:00:00,543.78098,Sistema
2024-03-05T16:00:00,563.45898,Sistema
2024-03-05T17:00:00,563.45898,Sistema
2024-03-05T18:00:00,563.45898,Sistema
2024-03-05T19:00:00,613.78098,Sistema
2024-03-05T20:00:00,618.78098,Sistema
2024-03-05T21:00:00,613.78098,Sistema
2024-03-05T22:00:00,563.45898,Sistema
2024-03-05T23:00:00,543.78098,Sistema
2024-03-05T24:00:00,538.78098,Sistema
2024-03-06T01:00:00,514.2739,Sistema
2024-03-06T02:00:00,514.2739,Sistema
2024-03-06T03:00:00,512.9809,Sistema
2024-03-06T04:00:00,512.9809,Sistema
2024-03-06T05:00:00,512.9809,Sistema
2024-03-06T06:00:00,514.2739,Sistema
2024-03-06T07:00:00,522.2259,Sistema
2024-03-06T08:00:00,522.2259,Sistema
2024-03-06T09:00:00,522.2259,Sistema
2024-03-06T10:00:00,522.2259,Sistema
2024-03-06T11:00:00,522.2259,Sistema
2024-03-06T12:00:00,539.2739,Sistema
2024-03-06T13:00:00,539.2739,Sistema
2024-03-06T14:00:00,540.2739,Sistema
2024-03-06T15:00:00,549.2739,Sistema
2024-03-06T16:00:00,579.7739,Sistema
2024-03-06T17:00:00,579.7739,Sistema
2024-03-06T18:00:00,579.7739,Sistema
2024-03-06T19:00:00,579.7739,Sistema
2024-03-06T20:00:00,579.7739,Sistema
2024-03-06T21:00:00,579.7739,Sistema
2024-03-06T22:00:00,579.7739,Sistema
2024-03-06T23:00:00,540.2739,Sistema
2024-03-06T24:00:00,539.2739,Sistema
2024-03-07T01:00:00,529.70139,Sistema
2024-03-07T02:00:00,529.70139,Sistema
2024-03-07T03:00:00,529.70139,Sistema
2024-03-07T04:00:00,529.70139,Sistema
2024-03-07T05:00:00,529.70139,Sistema
2024-03-07T06:00:00,529.70139,Sistema
2024-03-07T07:00:00,529.70139,Sistema
2024-03-07T08:00:00,529.70139,Sistema
2024-03-07T09:00:00,529.70139,Sistema
2024-03-07T10:00:00,529.70139,Sistema
2024-03-07T11:00:00,544.20139,Sistema
2024-03-07T12:00:00,544.20139,Sistema
2024-03-07T13:00:00,544.20139,Sistema
2024-03-07T14:00:00,549.20139,Sistema
2024-03-07T15:00:00,551.20139,Sistema
2024-03-07T16:00:00,622.31239,Sistema
2024-03-07T17:00:00,622.31239,Sistema
2024-03-07T18:00:00,622.31239,Sistema
2024-03-07T19:00:00,622.31239,Sistema
2024-03-07T20:00:00,622.31239,Sistema
2024-03-07T21:00:00,622.31239,Sistema
2024-03-07T22:00:00,622.31239,Sistema
2024-03-07T23:00:00,549.20139,Sistema
2024-03-07T24:00:00,544.20139,Sistema
2024-03-08T01:00:00,543.89473,Sistema
2024-03-08T02:00:00,524.39473,Sistema
2024-03-08T03:00:00,505.89073,Sistema
2024-03-08T04:00:00,505.89073,Sistema
2024-03-08T05:00:00,505.89073,Sistema
2024-03-08T06:00:00,543.89473,Sistema
2024-03-08T07:00:00,543.89473,Sistema
2024-03-08T08:00:00,543.89473,Sistema
2024-03-08T09:00:00,543.89473,Sistema
2024-03-08T10:00:00,543.89473,Sistema
2024-03-08T11:00:00,543.89473,Sistema
2024-03-08T12:00:00,543.89473,Sistema
2024-03-08T13:00:00,543.89473,Sistema
2024-03-08T14:00:00,543.89473,Sistema
2024-03-08T15:00:00,550.39473,Sistema
2024-03-08T16:00:00,550.39473,Sistema
2024-03-08T17:00:00,550.39473,Sistema
2024-03-08T18:00:00,550.39473,Sistema
2024-03-08T19:00:00,551.39473,Sistema
2024-03-08T20:00:00,569.39473,Sistema
2024-03-08T21:00:00,551.39473,Sistema
2024-03-08T22:00:00,550.39473,Sistema
2024-03-08T23:00:00,543.89473,Sistema
2024-03-08T24:00:00,543.89473,Sistema
2024-03-09T01:00:00,549.17025,Sistema
2024-03-09T02:00:00,534.16925,Sistema
2024-03-09T03:00:00,534.16925,Sistema
2024-03-09T04:00:00,534.16925,Sistema
2024-03-09T05:00:00,534.16925,Sistema
2024-03-09T06:00:00,534.16925,Sistema
2024-03-09T07:00:00,534.16925,Sistema
2024-03-09T08:00:00,534.16925,Sistema
2024-03-09T09:00:00,547.16925,Sistema
2024-03-09T10:00:00,547.16925,Sistema
2024-03-09T11:00:00,548.16925,Sistema
2024-03-09T12:00:00,548.16925,Sistema
2024-03-09T13:00:00,547.16925,Sistema
2024-03-09T14:00:00,534.16925,Sistema
2024-03-09T15:00:00,534.16925,Sistema
2024-03-09T16:00:00,534.16925,Sistema
2024-03-09T17:00:00,534.16925,Sistema
2024-03-09T18:00:00,548.16925,Sistema
2024-03-09T19:00:00,549.17025,Sistema
2024-03-09T20:00:00,619.28025,Sistema
2024-03-09T21:00:00,548.16925,Sistema
2024-03-09T22:00:00,548.16925,Sistema
2024-03-09T23:00:00,547.16925,Sistema
2024-03-09T24:00:00,534.16925,Sistema
2024-03-10T01:00:00,569.82025,Sistema
2024-03-10T02:00:00,568.82025,Sistema
2024-03-10T03:00:00,568.82025,Sistema
2024-03-10T04:00:00,548.82025,Sistema
2024-03-10T05:00:00,535.82025,Sistema
2024-03-10T06:00:00,535.82025,Sistema
2024-03-10T07:00:00,517.82025,Sistema
2024-03-10T08:00:00,523.09025,Sistema
2024-03-10T09:00:00,523.09025,Sistema
2024-03-10T10:00:00,523.09025,Sistema
2024-03-10T11:00:00,517.82025,Sistema
2024-03-10T12:00:00,548.82025,Sistema
2024-03-10T13:00:00,568.82025,Sistema
2024-03-10T14:00:00,568.82025,Sistema
2024-03-10T15:00:00,568.82025,Sistema
2024-03-10T16:00:00,568.82025,Sistema
2024-03-10T17:00:00,569.82025,Sistema
2024-03-10T18:00:00,569.82025,Sistema
2024-03-10T19:00:00,588.93125,Sistema
2024-03-10T20:00:00,588.93125,Sistema
2024-03-10T21:00:00,588.93125,Sistema
2024-03-10T22:00:00,588.93125,Sistema
2024-03-10T23:00:00,588.93125,Sistema
2024-03-10T24:00:00,569.82025,Sistema
2024-03-11T01:00:00,545.264,Sistema
2024-03-11T02:00:00,524.648,Sistema
2024-03-11T03:00:00,518.264,Sistema
2024-03-11T04:00:00,518.264,Sistema
2024-03-11T05:00:00,518.264,Sistema
2024-03-11T06:00:00,545.264,Sistema
2024-03-11T07:00:00,545.264,Sistema
2024-03-11T08:00:00,545.264,Sistema
2024-03-11T09:00:00,545.264,Sistema
2024-03-11T10:00:00,545.264,Sistema
2024-03-11T11:00:00,545.264,Sistema
2024-03-11T12:00:00,545.264,Sistema
2024-03-11T13:00:00,545.264,Sistema
2024-03-11T14:00:00,569.264,Sistema
2024-03-11T15:00:00,570.264,Sistema
2024-03-11T16:00:00,579.375,Sistema
2024-03-11T17:00:00,579.375,Sistema
2024-03-11T18:00:00,579.375,Sistema
2024-03-11T19:00:00,579.375,Sistema
2024-03-11T20:00:00,629.264,Sistema
2024-03-11T21:00:00,629.264,Sistema
2024-03-11T22:00:00,579.375,Sistema
2024-03-11T23:00:00,570.264,Sistema
2024-03-11T24:00:00,549.264,Sistema
2024-03-12T01:00:00,569.01848,Sistema
2024-03-12T02:00:00,554.01848,Sistema
2024-03-12T03:00:00,554.01848,Sistema
2024-03-12T04:00:00,554.01848,Sistema
2024-03-12T05:00:00,554.01848,Sistema
2024-03-12T06:00:00,569.01848,Sistema
2024-03-12T07:00:00,569.31848,Sistema
2024-03-12T08:00:00,569.31848,Sistema
2024-03-12T09:00:00,569.31848,Sistema
2024-03-12T10:00:00,570.01848,Sistema
2024-03-12T11:00:00,570.01848,Sistema
2024-03-12T12:00:00,574.01848,Sistema
2024-03-12T13:00:00,574.01848,Sistema
2024-03-12T14:00:00,599.02748,Sistema
2024-03-12T15:00:00,599.02748,Sistema
2024-03-12T16:00:00,599.02748,Sistema
2024-03-12T17:00:00,599.02748,Sistema
2024-03-12T18:00:00,599.02748,Sistema
2024-03-12T19:00:00,629.01848,Sistema
2024-03-12T20:00:00,629.01848,Sistema
2024-03-12T21:00:00,629.01848,Sistema
2024-03-12T22:00:00,599.02748,Sistema
2024-03-12T23:00:00,599.02748,Sistema
2024-03-12T24:00:00,570.01848,Sistema
2024-03-13T01:00:00,567.80601,Sistema
2024-03-13T02:00:00,569.10601,Sistema
2024-03-13T03:00:00,567.80601,Sistema
2024-03-13T04:00:00,567.80601,Sistema
2024-03-13T05:00:00,567.80601,Sistema
2024-03-13T06:00:00,569.10601,Sistema
2024-03-13T07:00:00,569.10601,Sistema
2024-03-13T08:00:00,569.80601,Sistema
2024-03-13T09:00:00,569.80601,Sistema
2024-03-13T10:00:00,569.80601,Sistema
2024-03-13T11:00:00,570.00601,Sistema
2024-03-13T12:00:00,570.00601,Sistema
2024-03-13T13:00:00,570.00601,Sistema
2024-03-13T14:00:00,570.00601,Sistema
2024-03-13T15:00:00,570.00601,Sistema
2024-03-13T16:00:00,573.80601,Sistema
2024-03-13T17:00:00,574.80601,Sistema
2024-03-13T18:00:00,573.80601,Sistema
2024-03-13T19:00:00,574.80601,Sistema
2024-03-13T20:00:00,653.80601,Sistema
2024-03-13T21:00:00,575.80601,Sistema
2024-03-13T22:00:00,573.80601,Sistema
2024-03-13T23:00:00,570.00601,Sistema
2024-03-13T24:00:00,570.00601,Sistema
2024-03-14T01:00:00,570.99493,Sistema
2024-03-14T02:00:00,543.99493,Sistema
2024-03-14T03:00:00,486.99493,Sistema
2024-03-14T04:00:00,486.99493,Sistema
2024-03-14T05:00:00,486.99493,Sistema
2024-03-14T06:00:00,486.99493,Sistema
2024-03-14T07:00:00,486.99493,Sistema
2024-03-14T08:00:00,493.99493,Sistema
2024-03-14T09:00:00,493.99493,Sistema
2024-03-14T10:00:00,493.99493,Sistema
2024-03-14T11:00:00,543.99493,Sistema
2024-03-14T12:00:00,570.99493,Sistema
2024-03-14T13:00:00,569.29493,Sistema
2024-03-14T14:00:00,570.99493,Sistema
2024-03-14T15:00:00,570.99493,Sistema
2024-03-14T16:00:00,570.99493,Sistema
2024-03-14T17:00:00,570.99493,Sistema
2024-03-14T18:00:00,570.99493,Sistema
2024-03-14T19:00:00,572.99493,Sistema
2024-03-14T20:00:00,573.49493,Sistema
2024-03-14T21:00:00,572.99493,Sistema
2024-03-14T22:00:00,571.99493,Sistema
2024-03-14T23:00:00,570.99493,Sistema
2024-03-14T24:00:00,493.99493,Sistema
2024-03-15T01:00:00,551.99906,Sistema
2024-03-15T02:00:00,551.99906,Sistema
2024-03-15T03:00:00,551.99906,Sistema
2024-03-15T04:00:00,497.65806,Sistema
2024-03-15T05:00:00,551.99906,Sistema
2024-03-15T06:00:00,551.99906,Sistema
2024-03-15T07:00:00,551.99906,Sistema
2024-03-15T08:00:00,569.29906,Sistema
2024-03-15T09:00:00,571.99906,Sistema
2024-03-15T10:00:00,551.99906,Sistema
2024-03-15T11:00:00,551.99906,Sistema
2024-03-15T12:00:00,551.99906,Sistema
2024-03-15T13:00:00,551.99906,Sistema
2024-03-15T14:00:00,551.99906,Sistema
2024-03-15T15:00:00,569.29906,Sistema
2024-03-15T16:00:00,571.99906,Sistema
2024-03-15T17:00:00,571.99906,Sistema
2024-03-15T18:00:00,571.99906,Sistema
2024-03-15T19:00:00,572.99906,Sistema
2024-03-15T20:00:00,572.99906,Sistema
2024-03-15T21:00:00,572.99906,Sistema
2024-03-15T22:00:00,571.99906,Sistema
2024-03-15T23:00:00,551.99906,Sistema
2024-03-15T24:00:00,551.99906,Sistema
2024-03-16T01:00:00,568.48722,Sistema
2024-03-16T02:00:00,568.48722,Sistema
2024-03-16T03:00:00,568.48722,Sistema
2024-03-16T04:00:00,566.28722,Sistema
2024-03-16T05:00:00,566.28722,Sistema
2024-03-16T06:00:00,568.48722,Sistema
2024-03-16T07:00:00,568.48722,Sistema
2024-03-16T08:00:00,568.48722,Sistema
2024-03-16T09:00:00,568.48722,Sistema
2024-03-16T10:00:00,568.48722,Sistema
2024-03-16T11:00:00,568.48722,Sistema
2024-03-16T12:00:00,568.98722,Sistema
2024-03-16T13:00:00,568.98722,Sistema
2024-03-16T14:00:00,568.48722,Sistema
2024-03-16T15:00:00,568.48722,Sistema
2024-03-16T16:00:00,568.98722,Sistema
2024-03-16T17:00:00,583.98722,Sistema
2024-03-16T18:00:00,583.98722,Sistema
2024-03-16T19:00:00,597.98722,Sistema
2024-03-16T20:00:00,597.98722,Sistema
2024-03-16T21:00:00,597.98722,Sistema
2024-03-16T22:00:00,583.98722,Sistema
2024-03-16T23:00:00,568.98722,Sistema
2024-03-16T24:00:00,568.48722,Sistema
2024-03-17T01:00:00,590.11779,Sistema
2024-03-17T02:00:00,568.61779,Sistema
2024-03-17T03:00:00,568.61779,Sistema
2024-03-17T04:00:00,568.61779,Sistema
2024-03-17T05:00:00,568.61779,Sistema
2024-03-17T06:00:00,568.61779,Sistema
2024-03-17T07:00:00,568.61779,Sistema
2024-03-17T08:00:00,568.61779,Sistema
2024-03-17T09:00:00,568.61779,Sistema
2024-03-17T10:00:00,568.61779,Sistema
2024-03-17T11:00:00,568.61779,Sistema
2024-03-17T12:00:00,568.61779,Sistema
2024-03-17T13:00:00,589.11779,Sistema
2024-03-17T14:00:00,589.11779,Sistema
2024-03-17T15:00:00,568.61779,Sistema
2024-03-17T16:00:00,589.11779,Sistema
2024-03-17T17:00:00,590.11779,Sistema
2024-03-17T18:00:00,596.11779,Sistema
2024-03-17T19:00:00,598.11779,Sistema
2024-03-17T20:00:00,598.11779,Sistema
2024-03-17T21:00:00,598.11779,Sistema
2024-03-17T22:00:00,598.11779,Sistema
2024-03-17T23:00:00,598.11779,Sistema
2024-03-17T24:00:00,598.11779,Sistema
2024-03-18T01:00:00,239.9842,Sistema
2024-03-18T02:00:00,442.7282,Sistema
2024-03-18T03:00:00,412.1142,Sistema
2024-03-18T04:00:00,225.8872,Sistema
2024-03-18T05:00:00,385.1142,Sistema
2024-03-18T06:00:00,477.2242,Sistema
2024-03-18T07:00:00,442.7282,Sistema
2024-03-18T08:00:00,477.2242,Sistema
2024-03-18T09:00:00,577.1142,Sistema
2024-03-18T10:00:00,500.7732,Sistema
2024-03-18T11:00:00,577.1142,Sistema
2024-03-18T12:00:00,577.1142,Sistema
2024-03-18T13:00:00,577.1142,Sistema
2024-03-18T14:00:00,598.1142,Sistema
2024-03-18T15:00:00,601.1142,Sistema
2024-03-18T16:00:00,617.1142,Sistema
2024-03-18T17:00:00,622.1142,Sistema
2024-03-18T18:00:00,601.1142,Sistema
2024-03-18T19:00:00,629.1142,Sistema
2024-03-18T20:00:00,657.1142,Sistema
2024-03-18T21:00:00,628.1142,Sistema
2024-03-18T22:00:00,622.1142,Sistema
2024-03-18T23:00:00,601.1142,Sistema
2024-03-18T24:00:00,577.1142,Sistema
2024-03-19T01:00:00,595.70666,Sistema
2024-03-19T02:00:00,574.70666,Sistema
2024-03-19T03:00:00,574.70666,Sistema
2024-03-19T04:00:00,570.70666,Sistema
2024-03-19T05:00:00,574.70666,Sistema
2024-03-19T06:00:00,595.70666,Sistema
2024-03-19T07:00:00,595.70666,Sistema
2024-03-19T08:00:00,598.70666,Sistema
2024-03-19T09:00:00,598.70666,Sistema
2024-03-19T10:00:00,608.70666,Sistema
2024-03-19T11:00:00,608.70666,Sistema
2024-03-19T12:00:00,625.70666,Sistema
2024-03-19T13:00:00,625.70666,Sistema
2024-03-19T14:00:00,626.70666,Sistema
2024-03-19T15:00:00,626.70666,Sistema
2024-03-19T16:00:00,649.70666,Sistema
2024-03-19T17:00:00,649.70666,Sistema
2024-03-19T18:00:00,626.70666,Sistema
2024-03-19T19:00:00,649.70666,Sistema
2024-03-19T20:00:00,654.70666,Sistema
2024-03-19T21:00:00,649.70666,Sistema
2024-03-19T22:00:00,630.70666,Sistema
2024-03-19T23:00:00,598.70666,Sistema
2024-03-19T24:00:00,595.70666,Sistema
2024-03-20T01:00:00,643.63894,Sistema
2024-03-20T02:00:00,630.43894,Sistema
2024-03-20T03:00:00,478.44194,Sistema
2024-03-20T04:00:00,552.43894,Sistema
2024-03-20T05:00:00,573.43894,Sistema
2024-03-20T06:00:00,630.43894,Sistema
2024-03-20T07:00:00,630.43894,Sistema
2024-03-20T08:00:00,630.43894,Sistema
2024-03-20T09:00:00,632.43894,Sistema
2024-03-20T10:00:00,630.43894,Sistema
2024-03-20T11:00:00,632.43894,Sistema
2024-03-20T12:00:00,632.43894,Sistema
2024-03-20T13:00:00,632.43894,Sistema
2024-03-20T14:00:00,632.43894,Sistema
2024-03-20T15:00:00,643.63894,Sistema
2024-03-20T16:00:00,643.63894,Sistema
2024-03-20T17:00:00,647.43894,Sistema
2024-03-20T18:00:00,643.63894,Sistema
2024-03-20T19:00:00,643.63894,Sistema
2024-03-20T20:00:00,647.43894,Sistema
2024-03-20T21:00:00,643.63894,Sistema
2024-03-20T22:00:00,643.63894,Sistema
2024-03-20T23:00:00,630.43894,Sistema
2024-03-20T24:00:00,630.43894,Sistema
2024-03-21T01:00:00,659.00156,Sistema
2024-03-21T02:00:00,642.12456,Sistema
2024-03-21T03:00:00,642.12456,Sistema
2024-03-21T04:00:00,642.12456,Sistema
2024-03-21T05:00:00,642.12456,Sistema
2024-03-21T06:00:00,659.00156,Sistema
2024-03-21T07:00:00,659.00156,Sistema
2024-03-21T08:00:00,642.12456,Sistema
2024-03-21T09:00:00,642.12456,Sistema
2024-03-21T10:00:00,642.12456,Sistema
2024-03-21T11:00:00,642.12456,Sistema
2024-03-21T12:00:00,659.00156,Sistema
2024-03-21T13:00:00,659.00156,Sistema
2024-03-21T14:00:00,659.00156,Sistema
2024-03-21T15:00:00,659.00156,Sistema
2024-03-21T16:00:00,659.00156,Sistema
2024-03-21T17:00:00,659.00156,Sistema
2024-03-21T18:00:00,659.00156,Sistema
2024-03-21T19:00:00,666.00156,Sistema
2024-03-21T20:00:00,669.00156,Sistema
2024-03-21T21:00:00,669.00156,Sistema
2024-03-21T22:00:00,659.00156,Sistema
2024-03-21T23:00:00,659.00156,Sistema
2024-03-21T24:00:00,642.12456,Sistema
2024-03-22T01:00:00,713.81406,Sistema
2024-03-22T02:00:00,708.81406,Sistema
2024-03-22T03:00:00,696.81406,Sistema
2024-03-22T04:00:00,696.81406,Sistema
2024-03-22T05:00:00,708.81406,Sistema
2024-03-22T06:00:00,671.81406,Sistema
2024-03-22T07:00:00,671.81406,Sistema
2024-03-22T08:00:00,671.81406,Sistema
2024-03-22T09:00:00,671.81406,Sistema
2024-03-22T10:00:00,696.81406,Sistema
2024-03-22T11:00:00,713.81406,Sistema
2024-03-22T12:00:00,713.81406,Sistema
2024-03-22T13:00:00,713.81406,Sistema
2024-03-22T14:00:00,713.81406,Sistema
2024-03-22T15:00:00,713.81406,Sistema
2024-03-22T16:00:00,718.81406,Sistema
2024-03-22T17:00:00,728.93706,Sistema
2024-03-22T18:00:00,728.93706,Sistema
2024-03-22T19:00:00,728.93706,Sistema
2024-03-22T20:00:00,728.93706,Sistema
2024-03-22T21:00:00,728.93706,Sistema
2024-03-22T22:00:00,713.81406,Sistema
2024-03-22T23:00:00,713.81406,Sistema
2024-03-22T24:00:00,708.81406,Sistema
2024-03-23T01:00:00,773.93958,Sistema
2024-03-23T02:00:00,719.12558,Sistema
2024-03-23T03:00:00,719.12558,Sistema
2024-03-23T04:00:00,719.12558,Sistema
2024-03-23T05:00:00,719.12558,Sistema
2024-03-23T06:00:00,719.12558,Sistema
2024-03-23T07:00:00,465.20658,Sistema
2024-03-23T08:00:00,638.93958,Sistema
2024-03-23T09:00:00,719.12558,Sistema
2024-03-23T10:00:00,638.93958,Sistema
2024-03-23T11:00:00,719.12558,Sistema
2024-03-23T12:00:00,719.12558,Sistema
2024-03-23T13:00:00,719.12558,Sistema
2024-03-23T14:00:00,719.12558,Sistema
2024-03-23T15:00:00,719.12558,Sistema
2024-03-23T16:00:00,719.12558,Sistema
2024-03-23T17:00:00,719.12558,Sistema
2024-03-23T18:00:00,719.12558,Sistema
2024-03-23T19:00:00,798.93958,Sistema
2024-03-23T20:00:00,798.93958,Sistema
2024-03-23T21:00:00,773.93958,Sistema
2024-03-23T22:00:00,773.93958,Sistema
2024-03-23T23:00:00,719.12558,Sistema
2024-03-23T24:00:00,719.12558,Sistema
2024-03-24T01:00:00,729.22523,Sistema
2024-03-24T02:00:00,729.22523,Sistema
2024-03-24T03:00:00,717.32923,Sistema
2024-03-24T04:00:00,717.12923,Sistema
2024-03-24T05:00:00,701.12923,Sistema
2024-03-24T06:00:00,559.06223,Sistema
2024-03-24T07:00:00,517.38823,Sistema
2024-03-24T08:00:00,528.39723,Sistema
2024-03-24T09:00:00,528.39723,Sistema
2024-03-24T10:00:00,559.06223,Sistema
2024-03-24T11:00:00,567.91123,Sistema
2024-03-24T12:00:00,567.91123,Sistema
2024-03-24T13:00:00,639.12923,Sistema
2024-03-24T14:00:00,639.12923,Sistema
2024-03-24T15:00:00,639.12923,Sistema
2024-03-24T16:00:00,639.12923,Sistema
2024-03-24T17:00:00,639.12923,Sistema
2024-03-24T18:00:00,701.12923,Sistema
2024-03-24T19:00:00,717.32923,Sistema
2024-03-24T20:00:00,729.22523,Sistema
2024-03-24T21:00:00,729.22523,Sistema
2024-03-24T22:00:00,717.32923,Sistema
2024-03-24T23:00:00,717.32923,Sistema
2024-03-24T24:00:00,717.12923,Sistema
2024-03-25T01:00:00,787.842,Sistema
2024-03-25T02:00:00,758.842,Sistema
2024-03-25T03:00:00,719.842,Sistema
2024-03-25T04:00:00,719.842,Sistema
2024-03-25T05:00:00,658.842,Sistema
2024-03-25T06:00:00,658.842,Sistema
2024-03-25T07:00:00,658.842,Sistema
2024-03-25T08:00:00,658.842,Sistema
2024-03-25T09:00:00,658.842,Sistema
2024-03-25T10:00:00,658.842,Sistema
2024-03-25T11:00:00,718.842,Sistema
2024-03-25T12:00:00,719.842,Sistema
2024-03-25T13:00:00,719.842,Sistema
2024-03-25T14:00:00,719.842,Sistema
2024-03-25T15:00:00,719.842,Sistema
2024-03-25T16:00:00,719.842,Sistema
2024-03-25T17:00:00,758.842,Sistema
2024-03-25T18:00:00,723.842,Sistema
2024-03-25T19:00:00,838.842,Sistema
2024-03-25T20:00:00,848.842,Sistema
2024-03-25T21:00:00,848.842,Sistema
2024-03-25T22:00:00,838.842,Sistema
2024-03-25T23:00:00,787.842,Sistema
2024-03-25T24:00:00,758.842,Sistema
2024-03-26T01:00:00,848.80775,Sistema
2024-03-26T02:00:00,838.80775,Sistema
2024-03-26T03:00:00,838.80775,Sistema
2024-03-26T04:00:00,838.80775,Sistema
2024-03-26T05:00:00,798.80775,Sistema
2024-03-26T06:00:00,787.80775,Sistema
2024-03-26T07:00:00,788.80775,Sistema
2024-03-26T08:00:00,798.80775,Sistema
2024-03-26T09:00:00,803.17775,Sistema
2024-03-26T10:00:00,838.80775,Sistema
2024-03-26T11:00:00,838.80775,Sistema
2024-03-26T12:00:00,838.80775,Sistema
2024-03-26T13:00:00,838.80775,Sistema
2024-03-26T14:00:00,848.80775,Sistema
2024-03-26T15:00:00,848.80775,Sistema
2024-03-26T16:00:00,853.80775,Sistema
2024-03-26T17:00:00,853.80775,Sistema
2024-03-26T18:00:00,853.80775,Sistema
2024-03-26T19:00:00,853.80775,Sistema
2024-03-26T20:00:00,853.80775,Sistema
2024-03-26T21:00:00,853.80775,Sistema
2024-03-26T22:00:00,848.80775,Sistema
2024-03-26T23:00:00,838.80775,Sistema
2024-03-26T24:00:00,823.80775,Sistema
2024-03-27T01:00:00,993.74024,Sistema
2024-03-27T02:00:00,988.74024,Sistema
2024-03-27T03:00:00,858.74024,Sistema
2024-03-27T04:00:00,858.74024,Sistema
2024-03-27T05:00:00,858.74024,Sistema
2024-03-27T06:00:00,858.74024,Sistema
2024-03-27T07:00:00,858.74024,Sistema
2024-03-27T08:00:00,858.74024,Sistema
2024-03-27T09:00:00,858.74024,Sistema
2024-03-27T10:00:00,858.74024,Sistema
2024-03-27T11:00:00,858.74024,Sistema
2024-03-27T12:00:00,988.74024,Sistema
2024-03-27T13:00:00,858.74024,Sistema
2024-03-27T14:00:00,988.74024,Sistema
2024-03-27T15:00:00,988.74024,Sistema
2024-03-27T16:00:00,988.74024,Sistema
2024-03-27T17:00:00,993.74024,Sistema
2024-03-27T18:00:00,993.74024,Sistema
2024-03-27T19:00:00,1013.74024,Sistema
2024-03-27T20:00:00,1013.74024,Sistema
2024-03-27T21:00:00,1008.74024,Sistema
2024-03-27T22:00:00,858.74024,Sistema
2024-03-27T23:00:00,858.74024,Sistema
2024-03-27T24:00:00,858.74024,Sistema
2024-03-28T01:00:00,1004.61181,Sistema
2024-03-28T02:00:00,982.32981,Sistema
2024-03-28T03:00:00,864.61181,Sistema
2024-03-28T04:00:00,864.61181,Sistema
2024-03-28T05:00:00,864.61181,Sistema
2024-03-28T06:00:00,864.61181,Sistema
2024-03-28T07:00:00,859.61181,Sistema
2024-03-28T08:00:00,599.61181,Sistema
2024-03-28T09:00:00,599.61181,Sistema
2024-03-28T10:00:00,549.61181,Sistema
2024-03-28T11:00:00,599.61181,Sistema
2024-03-28T12:00:00,849.61181,Sistema
2024-03-28T13:00:00,849.61181,Sistema
2024-03-28T14:00:00,859.61181,Sistema
2024-03-28T15:00:00,859.61181,Sistema
2024-03-28T16:00:00,859.61181,Sistema
2024-03-28T17:00:00,859.61181,Sistema
2024-03-28T18:00:00,859.61181,Sistema
2024-03-28T19:00:00,864.61181,Sistema
2024-03-28T20:00:00,1015.73481,Sistema
2024-03-28T21:00:00,1015.73481,Sistema
2024-03-28T22:00:00,1015.73481,Sistema
2024-03-28T23:00:00,1015.73481,Sistema
2024-03-28T24:00:00,859.61181,Sistema
2024-03-29T01:00:00,859.26637,Sistema
2024-03-29T02:00:00,823.76637,Sistema
2024-03-29T03:00:00,823.76637,Sistema
2024-03-29T04:00:00,823.76637,Sistema
2024-03-29T05:00:00,823.76637,Sistema
2024-03-29T06:00:00,823.76637,Sistema
2024-03-29T07:00:00,787.76637,Sistema
2024-03-29T08:00:00,787.76637,Sistema
2024-03-29T09:00:00,689.19237,Sistema
2024-03-29T10:00:00,648.70137,Sistema
2024-03-29T11:00:00,689.19237,Sistema
2024-03-29T12:00:00,797.02137,Sistema
2024-03-29T13:00:00,823.76637,Sistema
2024-03-29T14:00:00,823.76637,Sistema
2024-03-29T15:00:00,823.76637,Sistema
2024-03-29T16:00:00,823.76637,Sistema
2024-03-29T17:00:00,823.76637,Sistema
2024-03-29T18:00:00,849.76637,Sistema
2024-03-29T19:00:00,859.26637,Sistema
2024-03-29T20:00:00,859.26637,Sistema
2024-03-29T21:00:00,859.26637,Sistema
2024-03-29T22:00:00,859.26637,Sistema
2024-03-29T23:00:00,859.26637,Sistema
2024-03-29T24:00:00,859.26637,Sistema
2024-03-30T01:00:00,699.05335,Sistema
2024-03-30T02:00:00,699.05335,Sistema
2024-03-30T03:00:00,699.05335,Sistema
2024-03-30T04:00:00,699.05335,Sistema
2024-03-30T05:00:00,699.05335,Sistema
2024-03-30T06:00:00,699.05335,Sistema
2024-03-30T07:00:00,699.05335,Sistema
2024-03-30T08:00:00,699.05335,Sistema
2024-03-30T09:00:00,699.05335,Sistema
2024-03-30T10:00:00,699.05335,Sistema
2024-03-30T11:00:00,749.05335,Sistema
2024-03-30T12:00:00,752.05335,Sistema
2024-03-30T13:00:00,752.05335,Sistema
2024-03-30T14:00:00,752.05335,Sistema
2024-03-30T15:00:00,752.05335,Sistema
2024-03-30T16:00:00,752.05335,Sistema
2024-03-30T17:00:00,820.25835,Sistema
2024-03-30T18:00:00,829.05335,Sistema
2024-03-30T19:00:00,829.05335,Sistema
2024-03-30T20:00:00,829.05335,Sistema
2024-03-30T21:00:00,829.05335,Sistema
2024-03-30T22:00:00,829.05335,Sistema
2024-03-30T23:00:00,829.05335,Sistema
2024-03-30T24:00:00,829.05335,Sistema
2024-03-31T01:00:00,749.41551,Sistema
2024-03-31T02:00:00,699.29251,Sistema
2024-03-31T03:00:00,698.29251,Sistema
2024-03-31T04:00:00,689.29251,Sistema
2024-03-31T05:00:00,689.29251,Sistema
2024-03-31T06:00:00,689.29251,Sistema
2024-03-31T07:00:00,689.29251,Sistema
2024-03-31T08:00:00,689.29251,Sistema
2024-03-31T09:00:00,689.29251,Sistema
2024-03-31T10:00:00,689.29251,Sistema
2024-03-31T11:00:00,689.29251,Sistema
2024-03-31T12:00:00,689.29251,Sistema
2024-03-31T13:00:00,689.29251,Sistema
2024-03-31T14:00:00,698.29251,Sistema
2024-03-31T15:00:00,698.29251,Sistema
2024-03-31T16:00:00,698.29251,Sistema
2024-03-31T17:00:00,699.29251,Sistema
2024-03-31T18:00:00,749.41551,Sistema
2024-03-31T19:00:00,751.29251,Sistema
2024-03-31T20:00:00,751.29251,Sistema
2024-03-31T21:00:00,751.29251,Sistema
2024-03-31T22:00:00,751.29251,Sistema
2024-03-31T23:00:00,749.41551,Sistema
2024-03-31T24:00:00,749.41551,Sistema
2024-04-01T01:00:00,768.17121,Sistema
2024-04-01T02:00:00,768.17121,Sistema
2024-04-01T03:00:00,768.17121,Sistema
2024-04-01T04:00:00,768.17121,Sistema
2024-04-01T05:00:00,768.17121,Sistema
2024-04-01T06:00:00,768.17121,Sistema
2024-04-01T07:00:00,768.17121,Sistema
2024-04-01T08:00:00,788.17121,Sistema
2024-04-01T09:00:00,788.17121,Sistema
2024-04-01T10:00:00,788.17121,Sistema
2024-04-01T11:00:00,788.17121,Sistema
2024-04-01T12:00:00,853.17121,Sistema
2024-04-01T13:00:00,853.17121,Sistema
2024-04-01T14:00:00,853.17121,Sistema
2024-04-01T15:00:00,904.29421,Sistema
2024-04-01T16:00:00,904.29421,Sistema
2024-04-01T17:00:00,904.29421,Sistema
2024-04-01T18:00:00,904.29421,Sistema
2024-04-01T19:00:00,1024.17121,Sistema
2024-04-01T20:00:00,1025.17121,Sistema
2024-04-01T21:00:00,1024.17121,Sistema
2024-04-01T22:00:00,968.17121,Sistema
2024-04-01T23:00:00,904.29421,Sistema
2024-04-01T24:00:00,858.17121,Sistema
2024-04-02T01:00:00,1037.6119,Sistema
2024-04-02T02:00:00,1027.7349,Sistema
2024-04-02T03:00:00,1027.7349,Sistema
2024-04-02T04:00:00,1027.7349,Sistema
2024-04-02T05:00:00,1027.7349,Sistema
2024-04-02T06:00:00,1037.6119,Sistema
2024-04-02T07:00:00,1027.7349,Sistema
2024-04-02T08:00:00,1027.7349,Sistema
2024-04-02T09:00:00,1037.6119,Sistema
2024-04-02T10:00:00,1027.7349,Sistema
2024-04-02T11:00:00,1024.2119,Sistema
2024-04-02T12:00:00,1027.7349,Sistema
2024-04-02T13:00:00,1027.7349,Sistema
2024-04-02T14:00:00,1027.7349,Sistema
2024-04-02T15:00:00,1027.7349,Sistema
2024-04-02T16:00:00,1027.7349,Sistema
2024-04-02T17:00:00,1027.7349,Sistema
2024-04-02T18:00:00,1027.7349,Sistema
2024-04-02T19:00:00,1048.0619,Sistema
2024-04-02T20:00:00,1048.0619,Sistema
2024-04-02T21:00:00,1048.0619,Sistema
2024-04-02T22:00:00,1037.6119,Sistema
2024-04-02T23:00:00,1027.7349,Sistema
2024-04-02T24:00:00,1027.7349,Sistema
2024-04-03T01:00:00,1262.59336,Sistema
2024-04-03T02:00:00,1247.59336,Sistema
2024-04-03T03:00:00,1052.59336,Sistema
2024-04-03T04:00:00,1052.59336,Sistema
2024-04-03T05:00:00,1059.21536,Sistema
2024-04-03T06:00:00,1247.59336,Sistema
2024-04-03T07:00:00,1247.59336,Sistema
2024-04-03T08:00:00,1247.59336,Sistema
2024-04-03T09:00:00,1262.59336,Sistema
2024-04-03T10:00:00,1262.59336,Sistema
2024-04-03T11:00:00,1262.59336,Sistema
2024-04-03T12:00:00,1262.59336,Sistema
2024-04-03T13:00:00,1262.59336,Sistema
2024-04-03T14:00:00,1262.59336,Sistema
2024-04-03T15:00:00,1266.59336,Sistema
2024-04-03T16:00:00,1267.59336,Sistema
2024-04-03T17:00:00,1267.59336,Sistema
2024-04-03T18:00:00,1264.59336,Sistema
2024-04-03T19:00:00,1266.59336,Sistema
2024-04-03T20:00:00,1266.59336,Sistema
2024-04-03T21:00:00,1264.59336,Sistema
2024-04-03T22:00:00,1266.59336,Sistema
2024-04-03T23:00:00,1262.59336,Sistema
2024-04-03T24:00:00,1247.59336,Sistema
2024-04-04T01:00:00,1248.56938,Sistema
2024-04-04T02:00:00,1153.56938,Sistema
2024-04-04T03:00:00,1144.15638,Sistema
2024-04-04T04:00:00,1019.56938,Sistema
2024-04-04T05:00:00,1144.15638,Sistema
2024-04-04T06:00:00,1007.36038,Sistema
2024-04-04T07:00:00,703.56938,Sistema
2024-04-04T08:00:00,968.56938,Sistema
2024-04-04T09:00:00,968.56938,Sistema
2024-04-04T10:00:00,1007.36038,Sistema
2024-04-04T11:00:00,1007.36038,Sistema
2024-04-04T12:00:00,1007.36038,Sistema
2024-04-04T13:00:00,1007.36038,Sistema
2024-04-04T14:00:00,1019.56938,Sistema
2024-04-04T15:00:00,1144.15638,Sistema
2024-04-04T16:00:00,1153.56938,Sistema
2024-04-04T17:00:00,1248.56938,Sistema
2024-04-04T18:00:00,1248.56938,Sistema
2024-04-04T19:00:00,1248.56938,Sistema
2024-04-04T20:00:00,1248.56938,Sistema
2024-04-04T21:00:00,1248.56938,Sistema
2024-04-04T22:00:00,1153.56938,Sistema
2024-04-04T23:00:00,1019.56938,Sistema
2024-04-04T24:00:00,853.56938,Sistema
2024-04-05T01:00:00,839.19783,Sistema
2024-04-05T02:00:00,719.93183,Sistema
2024-04-05T03:00:00,505.19783,Sistema
2024-04-05T04:00:00,505.19783,Sistema
2024-04-05T05:00:00,762.44583,Sistema
2024-04-05T06:00:00,843.19783,Sistema
2024-04-05T07:00:00,843.19783,Sistema
2024-04-05T08:00:00,843.19783,Sistema
2024-04-05T09:00:00,969.19783,Sistema
2024-04-05T10:00:00,1007.98883,Sistema
2024-04-05T11:00:00,1009.19783,Sistema
2024-04-05T12:00:00,1054.19783,Sistema
2024-04-05T13:00:00,1009.19783,Sistema
2024-04-05T14:00:00,1155.19783,Sistema
2024-04-05T15:00:00,1155.19783,Sistema
2024-04-05T16:00:00,1155.19783,Sistema
2024-04-05T17:00:00,1155.19783,Sistema
2024-04-05T18:00:00,1155.19783,Sistema
2024-04-05T19:00:00,1155.19783,Sistema
2024-04-05T20:00:00,1155.19783,Sistema
2024-04-05T21:00:00,1155.19783,Sistema
2024-04-05T22:00:00,1155.19783,Sistema
2024-04-05T23:00:00,1054.19783,Sistema
2024-04-05T24:00:00,1009.19783,Sistema
2024-04-06T01:00:00,506.10987,Sistema
2024-04-06T02:00:00,505.10987,Sistema
2024-04-06T03:00:00,504.10987,Sistema
2024-04-06T04:00:00,504.10987,Sistema
2024-04-06T05:00:00,504.10987,Sistema
2024-04-06T06:00:00,504.10987,Sistema
2024-04-06T07:00:00,504.10987,Sistema
2024-04-06T08:00:00,505.10987,Sistema
2024-04-06T09:00:00,505.10987,Sistema
2024-04-06T10:00:00,506.10987,Sistema
2024-04-06T11:00:00,506.10987,Sistema
2024-04-06T12:00:00,656.10987,Sistema
2024-04-06T13:00:00,656.10987,Sistema
2024-04-06T14:00:00,656.10987,Sistema
2024-04-06T15:00:00,656.10987,Sistema
2024-04-06T16:00:00,656.10987,Sistema
2024-04-06T17:00:00,656.10987,Sistema
2024-04-06T18:00:00,657.10987,Sistema
2024-04-06T19:00:00,1061.10987,Sistema
2024-04-06T20:00:00,1157.00987,Sistema
2024-04-06T21:00:00,1061.10987,Sistema
2024-04-06T22:00:00,1008.90087,Sistema
2024-04-06T23:00:00,656.10987,Sistema
2024-04-06T24:00:00,656.10987,Sistema
2024-04-07T01:00:00,703.25666,Sistema
2024-04-07T02:00:00,673.75666,Sistema
2024-04-07T03:00:00,613.25666,Sistema
2024-04-07T04:00:00,608.25666,Sistema
2024-04-07T05:00:00,608.25666,Sistema
2024-04-07T06:00:00,608.25666,Sistema
2024-04-07T07:00:00,493.25666,Sistema
2024-04-07T08:00:00,493.25666,Sistema
2024-04-07T09:00:00,493.25666,Sistema
2024-04-07T10:00:00,493.25666,Sistema
2024-04-07T11:00:00,608.25666,Sistema
2024-04-07T12:00:00,608.25666,Sistema
2024-04-07T13:00:00,613.25666,Sistema
2024-04-07T14:00:00,613.25666,Sistema
2024-04-07T15:00:00,608.25666,Sistema
2024-04-07T16:00:00,613.25666,Sistema
2024-04-07T17:00:00,673.75666,Sistema
2024-04-07T18:00:00,703.25666,Sistema
2024-04-07T19:00:00,733.75666,Sistema
2024-04-07T20:00:00,733.75666,Sistema
2024-04-07T21:00:00,733.75666,Sistema
2024-04-07T22:00:00,733.75666,Sistema
2024-04-07T23:00:00,733.75666,Sistema
2024-04-07T24:00:00,703.25666,Sistema
2024-04-08T01:00:00,833.03776,Sistema
2024-04-08T02:00:00,753.15176,Sistema
2024-04-08T03:00:00,753.15176,Sistema
2024-04-08T04:00:00,753.15176,Sistema
2024-04-08T05:00:00,753.15176,Sistema
2024-04-08T06:00:00,803.03776,Sistema
2024-04-08T07:00:00,833.03776,Sistema
2024-04-08T08:00:00,833.03776,Sistema
2024-04-08T09:00:00,833.03776,Sistema
2024-04-08T10:00:00,833.03776,Sistema
2024-04-08T11:00:00,893.03776,Sistema
2024-04-08T12:00:00,1028.03776,Sistema
2024-04-08T13:00:00,893.03776,Sistema
2024-04-08T14:00:00,893.03776,Sistema
2024-04-08T15:00:00,1028.03776,Sistema
2024-04-08T16:00:00,1028.03776,Sistema
2024-04-08T17:00:00,1028.03776,Sistema
2024-04-08T18:00:00,1028.03776,Sistema
2024-04-08T19:00:00,1028.03776,Sistema
2024-04-08T20:00:00,1028.03776,Sistema
2024-04-08T21:00:00,1028.03776,Sistema
2024-04-08T22:00:00,1028.03776,Sistema
2024-04-08T23:00:00,968.44776,Sistema
2024-04-08T24:00:00,893.03776,Sistema
2024-04-09T01:00:00,1012.62667,Sistema
2024-04-09T02:00:00,907.74067,Sistema
2024-04-09T03:00:00,907.74067,Sistema
2024-04-09T04:00:00,907.74067,Sistema
2024-04-09T05:00:00,907.74067,Sistema
2024-04-09T06:00:00,907.74067,Sistema
2024-04-09T07:00:00,907.74067,Sistema
2024-04-09T08:00:00,907.74067,Sistema
2024-04-09T09:00:00,907.74067,Sistema
2024-04-09T10:00:00,968.03667,Sistema
2024-04-09T11:00:00,1013.62667,Sistema
2024-04-09T12:00:00,1036.62667,Sistema
2024-04-09T13:00:00,1036.62667,Sistema
2024-04-09T14:00:00,1036.62667,Sistema
2024-04-09T15:00:00,1052.62667,Sistema
2024-04-09T16:00:00,1052.62667,Sistema
2024-04-09T17:00:00,1052.62667,Sistema
2024-04-09T18:00:00,1052.62667,Sistema
2024-04-09T19:00:00,1052.62667,Sistema
2024-04-09T20:00:00,1052.62667,Sistema
2024-04-09T21:00:00,1052.62667,Sistema
2024-04-09T22:00:00,1052.62667,Sistema
2024-04-09T23:00:00,1042.62667,Sistema
2024-04-09T24:00:00,1006.41767,Sistema
2024-04-10T01:00:00,754.72274,Sistema
2024-04-10T02:00:00,970.13274,Sistema
2024-04-10T03:00:00,507.72274,Sistema
2024-04-10T04:00:00,507.72274,Sistema
2024-04-10T05:00:00,969.72274,Sistema
2024-04-10T06:00:00,969.72274,Sistema
2024-04-10T07:00:00,970.13274,Sistema
2024-04-10T08:00:00,970.13274,Sistema
2024-04-10T09:00:00,754.72274,Sistema
2024-04-10T10:00:00,970.13274,Sistema
2024-04-10T11:00:00,1009.72274,Sistema
2024-04-10T12:00:00,1014.72274,Sistema
2024-04-10T13:00:00,1014.72274,Sistema
2024-04-10T14:00:00,1014.72274,Sistema
2024-04-10T15:00:00,1014.72274,Sistema
2024-04-10T16:00:00,1049.72274,Sistema
2024-04-10T17:00:00,1049.72274,Sistema
2024-04-10T18:00:00,1049.72274,Sistema
2024-04-10T19:00:00,1049.72274,Sistema
2024-04-10T20:00:00,1060.72274,Sistema
2024-04-10T21:00:00,1049.72274,Sistema
2024-04-10T22:00:00,1049.72274,Sistema
2024-04-10T23:00:00,1024.72274,Sistema
2024-04-10T24:00:00,1014.72274,Sistema
2024-04-11T01:00:00,1008.39026,Sistema
2024-04-11T02:00:00,1008.39026,Sistema
2024-04-11T03:00:00,1008.39026,Sistema
2024-04-11T04:00:00,1008.39026,Sistema
2024-04-11T05:00:00,1008.39026,Sistema
2024-04-11T06:00:00,1008.39026,Sistema
2024-04-11T07:00:00,1008.39026,Sistema
2024-04-11T08:00:00,1008.39026,Sistema
2024-04-11T09:00:00,1008.39026,Sistema
2024-04-11T10:00:00,1008.39026,Sistema
2024-04-11T11:00:00,1008.39026,Sistema
2024-04-11T12:00:00,1018.39026,Sistema
2024-04-11T13:00:00,1018.39026,Sistema
2024-04-11T14:00:00,1018.39026,Sistema
2024-04-11T15:00:00,1064.39026,Sistema
2024-04-11T16:00:00,1064.39026,Sistema
2024-04-11T17:00:00,1064.39026,Sistema
2024-04-11T18:00:00,1064.39026,Sistema
2024-04-11T19:00:00,1066.39026,Sistema
2024-04-11T20:00:00,1066.39026,Sistema
2024-04-11T21:00:00,1065.39026,Sistema
2024-04-11T22:00:00,1065.39026,Sistema
2024-04-11T23:00:00,1059.39026,Sistema
2024-04-11T24:00:00,1018.39026,Sistema
2024-04-12T01:00:00,1022.60999,Sistema
2024-04-12T02:00:00,1012.60999,Sistema
2024-04-12T03:00:00,1012.60999,Sistema
2024-04-12T04:00:00,1012.60999,Sistema
2024-04-12T05:00:00,1012.60999,Sistema
2024-04-12T06:00:00,1012.60999,Sistema
2024-04-12T07:00:00,1012.60999,Sistema
2024-04-12T08:00:00,1012.60999,Sistema
2024-04-12T09:00:00,1012.60999,Sistema
2024-04-12T10:00:00,1012.60999,Sistema
2024-04-12T11:00:00,1022.60999,Sistema
2024-04-12T12:00:00,1047.60999,Sistema
2024-04-12T13:00:00,1047.60999,Sistema
2024-04-12T14:00:00,1047.60999,Sistema
2024-04-12T15:00:00,1058.61099,Sistema
2024-04-12T16:00:00,1058.61099,Sistema
2024-04-12T17:00:00,1058.61099,Sistema
2024-04-12T18:00:00,1058.61099,Sistema
2024-04-12T19:00:00,1058.61099,Sistema
2024-04-12T20:00:00,1058.61099,Sistema
2024-04-12T21:00:00,1058.61099,Sistema
2024-04-12T22:00:00,1058.61099,Sistema
2024-04-12T23:00:00,1058.61099,Sistema
2024-04-12T24:00:00,1047.60999,Sistema
2024-04-13T01:00:00,1022.60996,Sistema
2024-04-13T02:00:00,1006.40096,Sistema
2024-04-13T03:00:00,997.60996,Sistema
2024-04-13T04:00:00,997.60996,Sistema
2024-04-13T05:00:00,997.60996,Sistema
2024-04-13T06:00:00,997.60996,Sistema
2024-04-13T07:00:00,997.60996,Sistema
2024-04-13T08:00:00,997.60996,Sistema
2024-04-13T09:00:00,997.60996,Sistema
2024-04-13T10:00:00,997.60996,Sistema
2024-04-13T11:00:00,997.60996,Sistema
2024-04-13T12:00:00,1010.60996,Sistema
2024-04-13T13:00:00,997.60996,Sistema
2024-04-13T14:00:00,1010.60996,Sistema
2024-04-13T15:00:00,1022.60996,Sistema
2024-04-13T16:00:00,1022.60996,Sistema
2024-04-13T17:00:00,1057.61096,Sistema
2024-04-13T18:00:00,1057.61096,Sistema
2024-04-13T19:00:00,1057.61096,Sistema
2024-04-13T20:00:00,1057.61096,Sistema
2024-04-13T21:00:00,1057.61096,Sistema
2024-04-13T22:00:00,1057.61096,Sistema
2024-04-13T23:00:00,1022.60996,Sistema
2024-04-13T24:00:00,1006.40096,Sistema
2024-04-14T01:00:00,1058.73256,Sistema
2024-04-14T02:00:00,1058.17756,Sistema
2024-04-14T03:00:00,1058.17656,Sistema
2024-04-14T04:00:00,1012.67656,Sistema
2024-04-14T05:00:00,1012.67656,Sistema
2024-04-14T06:00:00,1012.67656,Sistema
2024-04-14T07:00:00,1012.67656,Sistema
2024-04-14T08:00:00,1007.67656,Sistema
2024-04-14T09:00:00,1006.46756,Sistema
2024-04-14T10:00:00,1012.67656,Sistema
2024-04-14T11:00:00,1012.67656,Sistema
2024-04-14T12:00:00,1012.67656,Sistema
2024-04-14T13:00:00,1012.67656,Sistema
2024-04-14T14:00:00,1012.67656,Sistema
2024-04-14T15:00:00,1012.67656,Sistema
2024-04-14T16:00:00,1058.17656,Sistema
2024-04-14T17:00:00,1058.17756,Sistema
2024-04-14T18:00:00,1058.73256,Sistema
2024-04-14T19:00:00,1058.73256,Sistema
2024-04-14T20:00:00,1058.73256,Sistema
2024-04-14T21:00:00,1058.73256,Sistema
2024-04-14T22:00:00,1058.73256,Sistema
2024-04-14T23:00:00,1058.73256,Sistema
2024-04-14T24:00:00,1058.73256,Sistema
2024-04-15T01:00:00,1058.88437,Sistema
2024-04-15T02:00:00,1058.88437,Sistema
2024-04-15T03:00:00,1058.88437,Sistema
2024-04-15T04:00:00,1058.88437,Sistema
2024-04-15T05:00:00,1058.88437,Sistema
2024-04-15T06:00:00,1058.88437,Sistema
2024-04-15T07:00:00,1058.88437,Sistema
2024-04-15T08:00:00,1058.88437,Sistema
2024-04-15T09:00:00,1059.40837,Sistema
2024-04-15T10:00:00,1059.40837,Sistema
2024-04-15T11:00:00,1059.40837,Sistema
2024-04-15T12:00:00,1059.40837,Sistema
2024-04-15T13:00:00,1059.40837,Sistema
2024-04-15T14:00:00,1059.40837,Sistema
2024-04-15T15:00:00,1059.40837,Sistema
2024-04-15T16:00:00,1059.42837,Sistema
2024-04-15T17:00:00,1102.95837,Sistema
2024-04-15T18:00:00,1059.42837,Sistema
2024-04-15T19:00:00,1202.82837,Sistema
2024-04-15T20:00:00,1202.82837,Sistema
2024-04-15T21:00:00,1202.82837,Sistema
2024-04-15T22:00:00,1059.42837,Sistema
2024-04-15T23:00:00,1059.40837,Sistema
2024-04-15T24:00:00,1059.40837,Sistema
2024-04-16T01:00:00,1057.82362,Sistema
2024-04-16T02:00:00,1057.82362,Sistema
2024-04-16T03:00:00,1043.82362,Sistema
2024-04-16T04:00:00,1043.82362,Sistema
2024-04-16T05:00:00,1043.82362,Sistema
2024-04-16T06:00:00,1059.40362,Sistema
2024-04-16T07:00:00,1057.82362,Sistema
2024-04-16T08:00:00,1059.40362,Sistema
2024-04-16T09:00:00,1059.40362,Sistema
2024-04-16T10:00:00,1059.40362,Sistema
2024-04-16T11:00:00,1059.40362,Sistema
2024-04-16T12:00:00,1059.42362,Sistema
2024-04-16T13:00:00,1059.42362,Sistema
2024-04-16T14:00:00,1105.85862,Sistema
2024-04-16T15:00:00,1105.85862,Sistema
2024-04-16T16:00:00,1105.85862,Sistema
2024-04-16T17:00:00,1201.82362,Sistema
2024-04-16T18:00:00,1201.82362,Sistema
2024-04-16T19:00:00,1203.68262,Sistema
2024-04-16T20:00:00,1203.68262,Sistema
2024-04-16T21:00:00,1202.82362,Sistema
2024-04-16T22:00:00,1105.85862,Sistema
2024-04-16T23:00:00,1105.85862,Sistema
2024-04-16T24:00:00,1059.42362,Sistema
2024-04-17T01:00:00,1044.5656,Sistema
2024-04-17T02:00:00,1013.5656,Sistema
2024-04-17T03:00:00,1013.5656,Sistema
2024-04-17T04:00:00,1013.5656,Sistema
2024-04-17T05:00:00,1013.5656,Sistema
2024-04-17T06:00:00,1013.5656,Sistema
2024-04-17T07:00:00,1044.5656,Sistema
2024-04-17T08:00:00,1044.5656,Sistema
2024-04-17T09:00:00,1044.5656,Sistema
2024-04-17T10:00:00,1044.5656,Sistema
2024-04-17T11:00:00,1044.5656,Sistema
2024-04-17T12:00:00,1044.5656,Sistema
2024-04-17T13:00:00,1044.5656,Sistema
2024-04-17T14:00:00,1044.5656,Sistema
2024-04-17T15:00:00,1060.1556,Sistema
2024-04-17T16:00:00,1060.1556,Sistema
2024-04-17T17:00:00,1060.1556,Sistema
2024-04-17T18:00:00,1060.1556,Sistema
2024-04-17T19:00:00,1060.1866,Sistema
2024-04-17T20:00:00,1060.1866,Sistema
2024-04-17T21:00:00,1060.1556,Sistema
2024-04-17T22:00:00,1060.1556,Sistema
2024-04-17T23:00:00,1044.5656,Sistema
2024-04-17T24:00:00,1044.5656,Sistema
2024-04-18T01:00:00,1006.36038,Sistema
2024-04-18T02:00:00,1004.35838,Sistema
2024-04-18T03:00:00,1004.35838,Sistema
2024-04-18T04:00:00,1004.35838,Sistema
2024-04-18T05:00:00,1004.35838,Sistema
2024-04-18T06:00:00,1006.36038,Sistema
2024-04-18T07:00:00,1007.15138,Sistema
2024-04-18T08:00:00,1033.36038,Sistema
2024-04-18T09:00:00,1051.47438,Sistema
2024-04-18T10:00:00,1051.47438,Sistema
2024-04-18T11:00:00,1051.47438,Sistema
2024-04-18T12:00:00,1051.47438,Sistema
2024-04-18T13:00:00,1051.47438,Sistema
2024-04-18T14:00:00,1053.36038,Sistema
2024-04-18T15:00:00,1053.36038,Sistema
2024-04-18T16:00:00,1057.51438,Sistema
2024-04-18T17:00:00,1059.86038,Sistema
2024-04-18T18:00:00,1053.36038,Sistema
2024-04-18T19:00:00,1059.86038,Sistema
2024-04-18T20:00:00,1059.86038,Sistema
2024-04-18T21:00:00,1059.86038,Sistema
2024-04-18T22:00:00,1053.36038,Sistema
2024-04-18T23:00:00,1051.47438,Sistema
2024-04-18T24:00:00,1033.36038,Sistema
2024-04-19T01:00:00,1007.39611,Sistema
2024-04-19T02:00:00,954.50211,Sistema
2024-04-19T03:00:00,741.70911,Sistema
2024-04-19T04:00:00,954.50211,Sistema
2024-04-19T05:00:00,954.50211,Sistema
2024-04-19T06:00:00,1005.10311,Sistema
2024-04-19T07:00:00,1005.10311,Sistema
2024-04-19T08:00:00,1005.10311,Sistema
2024-04-19T09:00:00,1005.10311,Sistema
2024-04-19T10:00:00,1005.10311,Sistema
2024-04-19T11:00:00,1005.10311,Sistema
2024-04-19T12:00:00,1007.39611,Sistema
2024-04-19T13:00:00,1007.39611,Sistema
2024-04-19T14:00:00,1028.60311,Sistema
2024-04-19T15:00:00,1028.60311,Sistema
2024-04-19T16:00:00,1028.60311,Sistema
2024-04-19T17:00:00,1028.60311,Sistema
2024-04-19T18:00:00,1028.60311,Sistema
2024-04-19T19:00:00,1028.60311,Sistema
2024-04-19T20:00:00,1028.60311,Sistema
2024-04-19T21:00:00,1028.60311,Sistema
2024-04-19T22:00:00,1028.60311,Sistema
2024-04-19T23:00:00,1007.39611,Sistema
2024-04-19T24:00:00,1005.10311,Sistema
2024-04-20T01:00:00,1004.68396,Sistema
2024-04-20T02:00:00,1004.68396,Sistema
2024-04-20T03:00:00,961.87296,Sistema
2024-04-20T04:00:00,928.18396,Sistema
2024-04-20T05:00:00,928.18396,Sistema
2024-04-20T06:00:00,961.87296,Sistema
2024-04-20T07:00:00,961.87296,Sistema
2024-04-20T08:00:00,863.18396,Sistema
2024-04-20T09:00:00,928.18396,Sistema
2024-04-20T10:00:00,928.18396,Sistema
2024-04-20T11:00:00,928.18396,Sistema
2024-04-20T12:00:00,1004.68396,Sistema
2024-04-20T13:00:00,1004.68396,Sistema
2024-04-20T14:00:00,1004.68396,Sistema
2024-04-20T15:00:00,1004.68396,Sistema
2024-04-20T16:00:00,1004.68396,Sistema
2024-04-20T17:00:00,1004.68396,Sistema
2024-04-20T18:00:00,1004.68396,Sistema
2024-04-20T19:00:00,1007.18396,Sistema
2024-04-20T20:00:00,1007.18396,Sistema
2024-04-20T21:00:00,1007.18396,Sistema
2024-04-20T22:00:00,1004.68396,Sistema
2024-04-20T23:00:00,1004.68396,Sistema
2024-04-20T24:00:00,1004.68396,Sistema
2024-04-21T01:00:00,483.11693,Sistema
2024-04-21T02:00:00,483.11693,Sistema
2024-04-21T03:00:00,483.11693,Sistema
2024-04-21T04:00:00,483.11693,Sistema
2024-04-21T05:00:00,483.11693,Sistema
2024-04-21T06:00:00,480.44593,Sistema
2024-04-21T07:00:00,437.27593,Sistema
2024-04-21T08:00:00,294.24993,Sistema
2024-04-21T09:00:00,437.27593,Sistema
2024-04-21T10:00:00,437.27593,Sistema
2024-04-21T11:00:00,487.64293,Sistema
2024-04-21T12:00:00,483.11693,Sistema
2024-04-21T13:00:00,483.11693,Sistema
2024-04-21T14:00:00,699.35693,Sistema
2024-04-21T15:00:00,699.35693,Sistema
2024-04-21T16:00:00,798.35693,Sistema
2024-04-21T17:00:00,483.11693,Sistema
2024-04-21T18:00:00,798.35693,Sistema
2024-04-21T19:00:00,933.35693,Sistema
2024-04-21T20:00:00,998.35693,Sistema
2024-04-21T21:00:00,998.35693,Sistema
2024-04-21T22:00:00,933.35693,Sistema
2024-04-21T23:00:00,730.42893,Sistema
2024-04-21T24:00:00,483.11693,Sistema
2024-04-22T01:00:00,105.47262,Sistema
2024-04-22T02:00:00,105.47362,Sistema
2024-04-22T03:00:00,137.59362,Sistema
2024-04-22T04:00:00,137.59362,Sistema
2024-04-22T05:00:00,137.29362,Sistema
2024-04-22T06:00:00,303.20662,Sistema
2024-04-22T07:00:00,496.59962,Sistema
2024-04-22T08:00:00,708.31362,Sistema
2024-04-22T09:00:00,708.31362,Sistema
2024-04-22T10:00:00,708.31362,Sistema
2024-04-22T11:00:00,708.31362,Sistema
2024-04-22T12:00:00,496.59962,Sistema
2024-04-22T13:00:00,708.31362,Sistema
2024-04-22T14:00:00,514.84862,Sistema
2024-04-22T15:00:00,767.31362,Sistema
2024-04-22T16:00:00,767.31362,Sistema
2024-04-22T17:00:00,767.31362,Sistema
2024-04-22T18:00:00,767.31362,Sistema
2024-04-22T19:00:00,807.31362,Sistema
2024-04-22T20:00:00,807.31362,Sistema
2024-04-22T21:00:00,767.31362,Sistema
2024-04-22T22:00:00,767.31362,Sistema
2024-04-22T23:00:00,496.59962,Sistema
2024-04-22T24:00:00,767.31362,Sistema
2024-04-23T01:00:00,98.04345,Sistema
2024-04-23T02:00:00,100.92745,Sistema
2024-04-23T03:00:00,133.04845,Sistema
2024-04-23T04:00:00,133.04845,Sistema
2024-04-23T05:00:00,412.76845,Sistema
2024-04-23T06:00:00,413.46845,Sistema
2024-04-23T07:00:00,413.46845,Sistema
2024-04-23T08:00:00,413.46845,Sistema
2024-04-23T09:00:00,413.46845,Sistema
2024-04-23T10:00:00,413.46845,Sistema
2024-04-23T11:00:00,612.76845,Sistema
2024-04-23T12:00:00,612.76845,Sistema
2024-04-23T13:00:00,413.46845,Sistema
2024-04-23T14:00:00,413.46845,Sistema
2024-04-23T15:00:00,486.14845,Sistema
2024-04-23T16:00:00,612.76845,Sistema
2024-04-23T17:00:00,612.76845,Sistema
2024-04-23T18:00:00,612.76845,Sistema
2024-04-23T19:00:00,612.76845,Sistema
2024-04-23T20:00:00,612.76845,Sistema
2024-04-23T21:00:00,612.76845,Sistema
2024-04-23T22:00:00,612.76845,Sistema
2024-04-23T23:00:00,413.46845,Sistema
2024-04-23T24:00:00,413.46845,Sistema
2024-04-24T01:00:00,103.28989,Sistema
2024-04-24T02:00:00,103.28989,Sistema
2024-04-24T03:00:00,106.17389,Sistema
2024-04-24T04:00:00,106.17389,Sistema
2024-04-24T05:00:00,106.17389,Sistema
2024-04-24T06:00:00,111.01489,Sistema
2024-04-24T07:00:00,111.01489,Sistema
2024-04-24T08:00:00,111.01489,Sistema
2024-04-24T09:00:00,111.01489,Sistema
2024-04-24T10:00:00,111.01489,Sistema
2024-04-24T11:00:00,218.01489,Sistema
2024-04-24T12:00:00,218.01489,Sistema
2024-04-24T13:00:00,218.01489,Sistema
2024-04-24T14:00:00,218.01489,Sistema
2024-04-24T15:00:00,218.01489,Sistema
2024-04-24T16:00:00,219.01489,Sistema
2024-04-24T17:00:00,252.74289,Sistema
2024-04-24T18:00:00,219.01489,Sistema
2024-04-24T19:00:00,308.01489,Sistema
2024-04-24T20:00:00,518.01489,Sistema
2024-04-24T21:00:00,308.01489,Sistema
2024-04-24T22:00:00,308.01489,Sistema
2024-04-24T23:00:00,218.01489,Sistema
2024-04-24T24:00:00,218.01489,Sistema
2024-04-25T01:00:00,104.30831,Sistema
2024-04-25T02:00:00,107.19331,Sistema
2024-04-25T03:00:00,112.30831,Sistema
2024-04-25T04:00:00,119.03331,Sistema
2024-04-25T05:00:00,169.03331,Sistema
2024-04-25T06:00:00,179.14731,Sistema
2024-04-25T07:00:00,179.14731,Sistema
2024-04-25T08:00:00,179.14731,Sistema
2024-04-25T09:00:00,179.14731,Sistema
2024-04-25T10:00:00,179.14731,Sistema
2024-04-25T11:00:00,179.14731,Sistema
2024-04-25T12:00:00,209.03331,Sistema
2024-04-25T13:00:00,199.03331,Sistema
2024-04-25T14:00:00,209.03331,Sistema
2024-04-25T15:00:00,299.03331,Sistema
2024-04-25T16:00:00,299.03331,Sistema
2024-04-25T17:00:00,299.03331,Sistema
2024-04-25T18:00:00,248.01331,Sistema
2024-04-25T19:00:00,619.03331,Sistema
2024-04-25T20:00:00,619.03331,Sistema
2024-04-25T21:00:00,419.03331,Sistema
2024-04-25T22:00:00,248.01331,Sistema
2024-04-25T23:00:00,199.03331,Sistema
2024-04-25T24:00:00,179.14731,Sistema
2024-04-26T01:00:00,99.3128,Sistema
2024-04-26T02:00:00,101.3128,Sistema
2024-04-26T03:00:00,102.1978,Sistema
2024-04-26T04:00:00,102.1988,Sistema
2024-04-26T05:00:00,107.0378,Sistema
2024-04-26T06:00:00,174.0378,Sistema
2024-04-26T07:00:00,174.0378,Sistema
2024-04-26T08:00:00,199.1058,Sistema
2024-04-26T09:00:00,199.1058,Sistema
2024-04-26T10:00:00,199.1058,Sistema
2024-04-26T11:00:00,199.1058,Sistema
2024-04-26T12:00:00,199.1058,Sistema
2024-04-26T13:00:00,199.1058,Sistema
2024-04-26T14:00:00,199.1058,Sistema
2024-04-26T15:00:00,209.0378,Sistema
2024-04-26T16:00:00,254.0178,Sistema
2024-04-26T17:00:00,254.0178,Sistema
2024-04-26T18:00:00,199.1058,Sistema
2024-04-26T19:00:00,513.0378,Sistema
2024-04-26T20:00:00,513.0378,Sistema
2024-04-26T21:00:00,364.0378,Sistema
2024-04-26T22:00:00,199.1058,Sistema
2024-04-26T23:00:00,199.1058,Sistema
2024-04-26T24:00:00,199.1058,Sistema
2024-04-27T01:00:00,101.17844,Sistema
2024-04-27T02:00:00,103.01944,Sistema
2024-04-27T03:00:00,106.01944,Sistema
2024-04-27T04:00:00,113.01944,Sistema
2024-04-27T05:00:00,113.01944,Sistema
2024-04-27T06:00:00,113.01944,Sistema
2024-04-27T07:00:00,113.01944,Sistema
2024-04-27T08:00:00,113.01944,Sistema
2024-04-27T09:00:00,113.01944,Sistema
2024-04-27T10:00:00,114.01944,Sistema
2024-04-27T11:00:00,142.01944,Sistema
2024-04-27T12:00:00,225.33344,Sistema
2024-04-27T13:00:00,225.33344,Sistema
2024-04-27T14:00:00,225.33344,Sistema
2024-04-27T15:00:00,225.33344,Sistema
2024-04-27T16:00:00,225.33344,Sistema
2024-04-27T17:00:00,225.33344,Sistema
2024-04-27T18:00:00,225.33344,Sistema
2024-04-27T19:00:00,225.33344,Sistema
2024-04-27T20:00:00,225.33344,Sistema
2024-04-27T21:00:00,225.33344,Sistema
2024-04-27T22:00:00,113.01944,Sistema
2024-04-27T23:00:00,113.01944,Sistema
2024-04-27T24:00:00,113.01944,Sistema
2024-04-28T01:00:00,99.3222,Sistema
2024-04-28T02:00:00,102.2062,Sistema
2024-04-28T03:00:00,102.2072,Sistema
2024-04-28T04:00:00,102.2072,Sistema
2024-04-28T05:00:00,104.0472,Sistema
2024-04-28T06:00:00,104.0472,Sistema
2024-04-28T07:00:00,102.2072,Sistema
2024-04-28T08:00:00,102.2072,Sistema
2024-04-28T09:00:00,102.2072,Sistema
2024-04-28T10:00:00,102.2072,Sistema
2024-04-28T11:00:00,104.0472,Sistema
2024-04-28T12:00:00,104.0472,Sistema
2024-04-28T13:00:00,106.7472,Sistema
2024-04-28T14:00:00,107.0472,Sistema
2024-04-28T15:00:00,107.0472,Sistema
2024-04-28T16:00:00,107.0472,Sistema
2024-04-28T17:00:00,110.0472,Sistema
2024-04-28T18:00:00,113.0472,Sistema
2024-04-28T19:00:00,114.0472,Sistema
2024-04-28T20:00:00,114.0472,Sistema
2024-04-28T21:00:00,114.0472,Sistema
2024-04-28T22:00:00,114.0472,Sistema
2024-04-28T23:00:00,114.0472,Sistema
2024-04-28T24:00:00,113.0472,Sistema
2024-04-29T01:00:00,99.12168,Sistema
2024-04-29T02:00:00,103.96168,Sistema
2024-04-29T03:00:00,105.96168,Sistema
2024-04-29T04:00:00,105.96168,Sistema
2024-04-29T05:00:00,105.96168,Sistema
2024-04-29T06:00:00,106.96168,Sistema
2024-04-29T07:00:00,109.96168,Sistema
2024-04-29T08:00:00,109.96168,Sistema
2024-04-29T09:00:00,110.96168,Sistema
2024-04-29T10:00:00,110.96168,Sistema
2024-04-29T11:00:00,110.96168,Sistema
2024-04-29T12:00:00,110.96168,Sistema
2024-04-29T13:00:00,110.96168,Sistema
2024-04-29T14:00:00,110.96168,Sistema
2024-04-29T15:00:00,120.96168,Sistema
2024-04-29T16:00:00,191.68068,Sistema
2024-04-29T17:00:00,191.68068,Sistema
2024-04-29T18:00:00,191.68068,Sistema
2024-04-29T19:00:00,200.96168,Sistema
2024-04-29T20:00:00,230.96168,Sistema
2024-04-29T21:00:00,200.96168,Sistema
2024-04-29T22:00:00,191.68068,Sistema
2024-04-29T23:00:00,120.96168,Sistema
2024-04-29T24:00:00,110.96168,Sistema
2024-04-30T01:00:00,96.36406,Sistema
2024-04-30T02:00:00,104.36406,Sistema
2024-04-30T03:00:00,107.36406,Sistema
2024-04-30T04:00:00,107.36406,Sistema
2024-04-30T05:00:00,108.36406,Sistema
2024-04-30T06:00:00,108.36406,Sistema
2024-04-30T07:00:00,113.67806,Sistema
2024-04-30T08:00:00,108.36406,Sistema
2024-04-30T09:00:00,110.36406,Sistema
2024-04-30T10:00:00,113.67806,Sistema
2024-04-30T11:00:00,113.67806,Sistema
2024-04-30T12:00:00,118.36406,Sistema
2024-04-30T13:00:00,118.36406,Sistema
2024-04-30T14:00:00,118.36406,Sistema
2024-04-30T15:00:00,123.36406,Sistema
2024-04-30T16:00:00,123.36406,Sistema
2024-04-30T17:00:00,123.36406,Sistema
2024-04-30T18:00:00,123.36406,Sistema
2024-04-30T19:00:00,228.36406,Sistema
2024-04-30T20:00:00,228.36406,Sistema
2024-04-30T21:00:00,198.36406,Sistema
2024-04-30T22:00:00,123.36406,Sistema
2024-04-30T23:00:00,118.36406,Sistema
2024-04-30T24:00:00,113.67806,Sistema
2024-05-01T01:00:00,98.39469,Sistema
2024-05-01T02:00:00,126.13169,Sistema
2024-05-01T03:00:00,126.13169,Sistema
2024-05-01T04:00:00,131.13169,Sistema
2024-05-01T05:00:00,131.13169,Sistema
2024-05-01T06:00:00,131.13169,Sistema
2024-05-01T07:00:00,131.13169,Sistema
2024-05-01T08:00:00,131.13169,Sistema
2024-05-01T09:00:00,131.13169,Sistema
2024-05-01T10:00:00,131.13169,Sistema
2024-05-01T11:00:00,131.13169,Sistema
2024-05-01T12:00:00,145.44569,Sistema
2024-05-01T13:00:00,131.13169,Sistema
2024-05-01T14:00:00,131.13169,Sistema
2024-05-01T15:00:00,145.44569,Sistema
2024-05-01T16:00:00,145.44569,Sistema
2024-05-01T17:00:00,145.44569,Sistema
2024-05-01T18:00:00,201.13169,Sistema
2024-05-01T19:00:00,201.13169,Sistema
2024-05-01T20:00:00,206.13169,Sistema
2024-05-01T21:00:00,201.13169,Sistema
2024-05-01T22:00:00,201.13169,Sistema
2024-05-01T23:00:00,145.44569,Sistema
2024-05-01T24:00:00,145.44569,Sistema
2024-05-02T01:00:00,121.59657,Sistema
2024-05-02T02:00:00,121.59657,Sistema
2024-05-02T03:00:00,121.59657,Sistema
2024-05-02T04:00:00,121.59657,Sistema
2024-05-02T05:00:00,121.59657,Sistema
2024-05-02T06:00:00,171.59657,Sistema
2024-05-02T07:00:00,171.59657,Sistema
2024-05-02T08:00:00,171.59657,Sistema
2024-05-02T09:00:00,171.59657,Sistema
2024-05-02T10:00:00,171.59657,Sistema
2024-05-02T11:00:00,186.59657,Sistema
2024-05-02T12:00:00,186.59657,Sistema
2024-05-02T13:00:00,186.59657,Sistema
2024-05-02T14:00:00,206.59657,Sistema
2024-05-02T15:00:00,226.59657,Sistema
2024-05-02T16:00:00,226.59657,Sistema
2024-05-02T17:00:00,226.59657,Sistema
2024-05-02T18:00:00,235.57657,Sistema
2024-05-02T19:00:00,301.70757,Sistema
2024-05-02T20:00:00,301.70757,Sistema
2024-05-02T21:00:00,301.70757,Sistema
2024-05-02T22:00:00,235.57657,Sistema
2024-05-02T23:00:00,171.59657,Sistema
2024-05-02T24:00:00,171.59657,Sistema
2024-05-03T01:00:00,236.26921,Sistema
2024-05-03T02:00:00,236.26921,Sistema
2024-05-03T03:00:00,236.26921,Sistema
2024-05-03T04:00:00,236.26921,Sistema
2024-05-03T05:00:00,236.26921,Sistema
2024-05-03T06:00:00,254.26921,Sistema
2024-05-03T07:00:00,236.26921,Sistema
2024-05-03T08:00:00,254.26921,Sistema
2024-05-03T09:00:00,294.26921,Sistema
2024-05-03T10:00:00,294.26921,Sistema
2024-05-03T11:00:00,294.26921,Sistema
2024-05-03T12:00:00,294.26921,Sistema
2024-05-03T13:00:00,254.26921,Sistema
2024-05-03T14:00:00,294.26921,Sistema
2024-05-03T15:00:00,294.26921,Sistema
2024-05-03T16:00:00,294.26921,Sistema
2024-05-03T17:00:00,294.26921,Sistema
2024-05-03T18:00:00,294.26921,Sistema
2024-05-03T19:00:00,294.26921,Sistema
2024-05-03T20:00:00,319.26921,Sistema
2024-05-03T21:00:00,294.26921,Sistema
2024-05-03T22:00:00,294.26921,Sistema
2024-05-03T23:00:00,294.26921,Sistema
2024-05-03T24:00:00,294.26921,Sistema
2024-05-04T01:00:00,319.88109,Sistema
2024-05-04T02:00:00,319.78109,Sistema
2024-05-04T03:00:00,319.78109,Sistema
2024-05-04T04:00:00,319.78109,Sistema
2024-05-04T05:00:00,319.78109,Sistema
2024-05-04T06:00:00,319.78109,Sistema
2024-05-04T07:00:00,319.78109,Sistema
2024-05-04T08:00:00,319.88109,Sistema
2024-05-04T09:00:00,319.88109,Sistema
2024-05-04T10:00:00,319.88109,Sistema
2024-05-04T11:00:00,324.88109,Sistema
2024-05-04T12:00:00,324.88109,Sistema
2024-05-04T13:00:00,319.88109,Sistema
2024-05-04T14:00:00,319.88109,Sistema
2024-05-04T15:00:00,319.88109,Sistema
2024-05-04T16:00:00,319.88109,Sistema
2024-05-04T17:00:00,319.88109,Sistema
2024-05-04T18:00:00,319.88109,Sistema
2024-05-04T19:00:00,324.88109,Sistema
2024-05-04T20:00:00,324.88109,Sistema
2024-05-04T21:00:00,324.88109,Sistema
2024-05-04T22:00:00,324.88109,Sistema
2024-05-04T23:00:00,319.88109,Sistema
2024-05-04T24:00:00,319.88109,Sistema
2024-05-05T01:00:00,323.75088,Sistema
2024-05-05T02:00:00,323.75088,Sistema
2024-05-05T03:00:00,323.75088,Sistema
2024-05-05T04:00:00,300.25088,Sistema
2024-05-05T05:00:00,300.25088,Sistema
2024-05-05T06:00:00,300.25088,Sistema
2024-05-05T07:00:00,299.25088,Sistema
2024-05-05T08:00:00,279.25088,Sistema
2024-05-05T09:00:00,299.25088,Sistema
2024-05-05T10:00:00,279.25088,Sistema
2024-05-05T11:00:00,299.25088,Sistema
2024-05-05T12:00:00,300.25088,Sistema
2024-05-05T13:00:00,300.25088,Sistema
2024-05-05T14:00:00,300.25088,Sistema
2024-05-05T15:00:00,323.75088,Sistema
2024-05-05T16:00:00,323.75088,Sistema
2024-05-05T17:00:00,323.75088,Sistema
2024-05-05T18:00:00,323.75088,Sistema
2024-05-05T19:00:00,324.25088,Sistema
2024-05-05T20:00:00,334.25088,Sistema
2024-05-05T21:00:00,334.25088,Sistema
2024-05-05T22:00:00,324.25088,Sistema
2024-05-05T23:00:00,323.75088,Sistema
2024-05-05T24:00:00,323.75088,Sistema
2024-05-06T01:00:00,272.09765,Sistema
2024-05-06T02:00:00,272.09765,Sistema
2024-05-06T03:00:00,272.09765,Sistema
2024-05-06T04:00:00,272.09765,Sistema
2024-05-06T05:00:00,272.09765,Sistema
2024-05-06T06:00:00,272.09765,Sistema
2024-05-06T07:00:00,272.09765,Sistema
2024-05-06T08:00:00,300.09765,Sistema
2024-05-06T09:00:00,300.09765,Sistema
2024-05-06T10:00:00,300.09765,Sistema
2024-05-06T11:00:00,300.09765,Sistema
2024-05-06T12:00:00,313.09765,Sistema
2024-05-06T13:00:00,313.09765,Sistema
2024-05-06T14:00:00,322.09765,Sistema
2024-05-06T15:00:00,322.59765,Sistema
2024-05-06T16:00:00,322.59765,Sistema
2024-05-06T17:00:00,322.59765,Sistema
2024-05-06T18:00:00,333.09765,Sistema
2024-05-06T19:00:00,333.20865,Sistema
2024-05-06T20:00:00,333.20865,Sistema
2024-05-06T21:00:00,333.20865,Sistema
2024-05-06T22:00:00,333.09765,Sistema
2024-05-06T23:00:00,313.09765,Sistema
2024-05-06T24:00:00,300.09765,Sistema
2024-05-07T01:00:00,267.63928,Sistema
2024-05-07T02:00:00,267.63928,Sistema
2024-05-07T03:00:00,267.63928,Sistema
2024-05-07T04:00:00,267.63928,Sistema
2024-05-07T05:00:00,267.63928,Sistema
2024-05-07T06:00:00,267.63928,Sistema
2024-05-07T07:00:00,267.63928,Sistema
2024-05-07T08:00:00,267.63928,Sistema
2024-05-07T09:00:00,268.63928,Sistema
2024-05-07T10:00:00,268.63928,Sistema
2024-05-07T11:00:00,298.63928,Sistema
2024-05-07T12:00:00,268.63928,Sistema
2024-05-07T13:00:00,289.53228,Sistema
2024-05-07T14:00:00,298.63928,Sistema
2024-05-07T15:00:00,300.63928,Sistema
2024-05-07T16:00:00,300.63928,Sistema
2024-05-07T17:00:00,300.63928,Sistema
2024-05-07T18:00:00,300.63928,Sistema
2024-05-07T19:00:00,333.63928,Sistema
2024-05-07T20:00:00,333.63928,Sistema
2024-05-07T21:00:00,333.63928,Sistema
2024-05-07T22:00:00,300.63928,Sistema
2024-05-07T23:00:00,300.63928,Sistema
2024-05-07T24:00:00,267.63928,Sistema
2024-05-08T01:00:00,253.61207,Sistema
2024-05-08T02:00:00,253.61207,Sistema
2024-05-08T03:00:00,253.61207,Sistema
2024-05-08T04:00:00,253.61207,Sistema
2024-05-08T05:00:00,253.61207,Sistema
2024-05-08T06:00:00,253.61207,Sistema
2024-05-08T07:00:00,253.61207,Sistema
2024-05-08T08:00:00,298.61207,Sistema
2024-05-08T09:00:00,298.61207,Sistema
2024-05-08T10:00:00,298.61207,Sistema
2024-05-08T11:00:00,304.72307,Sistema
2024-05-08T12:00:00,304.72307,Sistema
2024-05-08T13:00:00,304.72307,Sistema
2024-05-08T14:00:00,304.72307,Sistema
2024-05-08T15:00:00,304.72307,Sistema
2024-05-08T16:00:00,304.72307,Sistema
2024-05-08T17:00:00,308.61207,Sistema
2024-05-08T18:00:00,304.72307,Sistema
2024-05-08T19:00:00,327.61207,Sistema
2024-05-08T20:00:00,345.61207,Sistema
2024-05-08T21:00:00,327.61207,Sistema
2024-05-08T22:00:00,308.61207,Sistema
2024-05-08T23:00:00,304.72307,Sistema
2024-05-08T24:00:00,289.50507,Sistema
2024-05-09T01:00:00,206.48939,Sistema
2024-05-09T02:00:00,206.48939,Sistema
2024-05-09T03:00:00,206.48939,Sistema
2024-05-09T04:00:00,206.48939,Sistema
2024-05-09T05:00:00,206.48939,Sistema
2024-05-09T06:00:00,220.48939,Sistema
2024-05-09T07:00:00,220.48939,Sistema
2024-05-09T08:00:00,255.48939,Sistema
2024-05-09T09:00:00,255.48939,Sistema
2024-05-09T10:00:00,256.48939,Sistema
2024-05-09T11:00:00,256.48939,Sistema
2024-05-09T12:00:00,256.48939,Sistema
2024-05-09T13:00:00,256.48939,Sistema
2024-05-09T14:00:00,256.48939,Sistema
2024-05-09T15:00:00,300.48939,Sistema
2024-05-09T16:00:00,315.48939,Sistema
2024-05-09T17:00:00,315.48939,Sistema
2024-05-09T18:00:00,315.48939,Sistema
2024-05-09T19:00:00,329.48939,Sistema
2024-05-09T20:00:00,329.48939,Sistema
2024-05-09T21:00:00,329.48939,Sistema
2024-05-09T22:00:00,315.48939,Sistema
2024-05-09T23:00:00,256.48939,Sistema
2024-05-09T24:00:00,220.48939,Sistema
2024-05-10T01:00:00,219.12512,Sistema
2024-05-10T02:00:00,219.12512,Sistema
2024-05-10T03:00:00,219.12512,Sistema
2024-05-10T04:00:00,219.12512,Sistema
2024-05-10T05:00:00,219.12512,Sistema
2024-05-10T06:00:00,219.12512,Sistema
2024-05-10T07:00:00,219.12512,Sistema
2024-05-10T08:00:00,219.12512,Sistema
2024-05-10T09:00:00,219.12512,Sistema
2024-05-10T10:00:00,219.12512,Sistema
2024-05-10T11:00:00,253.52512,Sistema
2024-05-10T12:00:00,253.52512,Sistema
2024-05-10T13:00:00,253.52512,Sistema
2024-05-10T14:00:00,253.52512,Sistema
2024-05-10T15:00:00,253.52512,Sistema
2024-05-10T16:00:00,264.12512,Sistema
2024-05-10T17:00:00,264.12512,Sistema
2024-05-10T18:00:00,264.12512,Sistema
2024-05-10T19:00:00,285.12512,Sistema
2024-05-10T20:00:00,293.12512,Sistema
2024-05-10T21:00:00,285.12512,Sistema
2024-05-10T22:00:00,264.12512,Sistema
2024-05-10T23:00:00,264.12512,Sistema
2024-05-10T24:00:00,253.52512,Sistema
2024-05-11T01:00:00,216.12234,Sistema
2024-05-11T02:00:00,216.12234,Sistema
2024-05-11T03:00:00,216.12234,Sistema
2024-05-11T04:00:00,216.12234,Sistema
2024-05-11T05:00:00,216.12234,Sistema
2024-05-11T06:00:00,216.12234,Sistema
2024-05-11T07:00:00,216.12234,Sistema
2024-05-11T08:00:00,216.12234,Sistema
2024-05-11T09:00:00,221.12234,Sistema
2024-05-11T10:00:00,221.12234,Sistema
2024-05-11T11:00:00,221.12234,Sistema
2024-05-11T12:00:00,221.12234,Sistema
2024-05-11T13:00:00,221.12234,Sistema
2024-05-11T14:00:00,221.12234,Sistema
2024-05-11T15:00:00,221.12234,Sistema
2024-05-11T16:00:00,221.12234,Sistema
2024-05-11T17:00:00,230.42234,Sistema
2024-05-11T18:00:00,230.42234,Sistema
2024-05-11T19:00:00,230.42234,Sistema
2024-05-11T20:00:00,287.12234,Sistema
2024-05-11T21:00:00,230.42234,Sistema
2024-05-11T22:00:00,230.42234,Sistema
2024-05-11T23:00:00,221.12234,Sistema
2024-05-11T24:00:00,221.12234,Sistema
2024-05-12T01:00:00,101.73654,Sistema
2024-05-12T02:00:00,166.47754,Sistema
2024-05-12T03:00:00,101.73654,Sistema
2024-05-12T04:00:00,101.73654,Sistema
2024-05-12T05:00:00,166.47754,Sistema
2024-05-12T06:00:00,100.19454,Sistema
2024-05-12T07:00:00,100.19454,Sistema
2024-05-12T08:00:00,100.19454,Sistema
2024-05-12T09:00:00,100.19454,Sistema
2024-05-12T10:00:00,100.19454,Sistema
2024-05-12T11:00:00,100.19454,Sistema
2024-05-12T12:00:00,166.47754,Sistema
2024-05-12T13:00:00,166.47754,Sistema
2024-05-12T14:00:00,100.19454,Sistema
2024-05-12T15:00:00,100.19454,Sistema
2024-05-12T16:00:00,100.19454,Sistema
2024-05-12T17:00:00,166.47754,Sistema
2024-05-12T18:00:00,166.47754,Sistema
2024-05-12T19:00:00,205.97754,Sistema
2024-05-12T20:00:00,205.97754,Sistema
2024-05-12T21:00:00,205.97754,Sistema
2024-05-12T22:00:00,205.97754,Sistema
2024-05-12T23:00:00,196.47754,Sistema
2024-05-12T24:00:00,166.47754,Sistema
2024-05-13T01:00:00,161.27947,Sistema
2024-05-13T02:00:00,161.27947,Sistema
2024-05-13T03:00:00,161.27947,Sistema
2024-05-13T04:00:00,161.27947,Sistema
2024-05-13T05:00:00,161.27947,Sistema
2024-05-13T06:00:00,161.27947,Sistema
2024-05-13T07:00:00,161.27947,Sistema
2024-05-13T08:00:00,161.27947,Sistema
2024-05-13T09:00:00,161.27947,Sistema
2024-05-13T10:00:00,161.27947,Sistema
2024-05-13T11:00:00,161.27947,Sistema
2024-05-13T12:00:00,191.97947,Sistema
2024-05-13T13:00:00,191.97947,Sistema
2024-05-13T14:00:00,191.97947,Sistema
2024-05-13T15:00:00,191.97947,Sistema
2024-05-13T16:00:00,191.97947,Sistema
2024-05-13T17:00:00,201.27947,Sistema
2024-05-13T18:00:00,201.27947,Sistema
2024-05-13T19:00:00,217.77947,Sistema
2024-05-13T20:00:00,286.27947,Sistema
2024-05-13T21:00:00,286.27947,Sistema
2024-05-13T22:00:00,286.27947,Sistema
2024-05-13T23:00:00,201.27947,Sistema
2024-05-13T24:00:00,201.27947,Sistema
2024-05-14T01:00:00,180.84521,Sistema
2024-05-14T02:00:00,180.84521,Sistema
2024-05-14T03:00:00,180.84521,Sistema
2024-05-14T04:00:00,180.84521,Sistema
2024-05-14T05:00:00,180.84521,Sistema
2024-05-14T06:00:00,196.34521,Sistema
2024-05-14T07:00:00,196.34521,Sistema
2024-05-14T08:00:00,196.34521,Sistema
2024-05-14T09:00:00,196.34521,Sistema
2024-05-14T10:00:00,196.34521,Sistema
2024-05-14T11:00:00,196.34521,Sistema
2024-05-14T12:00:00,196.34521,Sistema
2024-05-14T13:00:00,196.34521,Sistema
2024-05-14T14:00:00,220.84521,Sistema
2024-05-14T15:00:00,220.84521,Sistema
2024-05-14T16:00:00,225.84521,Sistema
2024-05-14T17:00:00,295.84521,Sistema
2024-05-14T18:00:00,295.84521,Sistema
2024-05-14T19:00:00,301.84521,Sistema
2024-05-14T20:00:00,301.84521,Sistema
2024-05-14T21:00:00,301.84521,Sistema
2024-05-14T22:00:00,295.84521,Sistema
2024-05-14T23:00:00,220.84521,Sistema
2024-05-14T24:00:00,196.34521,Sistema
2024-05-15T01:00:00,178.84836,Sistema
2024-05-15T02:00:00,178.84836,Sistema
2024-05-15T03:00:00,178.84836,Sistema
2024-05-15T04:00:00,178.84836,Sistema
2024-05-15T05:00:00,178.84836,Sistema
2024-05-15T06:00:00,178.84836,Sistema
2024-05-15T07:00:00,178.84836,Sistema
2024-05-15T08:00:00,178.84836,Sistema
2024-05-15T09:00:00,186.34836,Sistema
2024-05-15T10:00:00,186.34836,Sistema
2024-05-15T11:00:00,186.34836,Sistema
2024-05-15T12:00:00,186.34836,Sistema
2024-05-15T13:00:00,186.34836,Sistema
2024-05-15T14:00:00,186.34836,Sistema
2024-05-15T15:00:00,190.34836,Sistema
2024-05-15T16:00:00,225.34836,Sistema
2024-05-15T17:00:00,225.34836,Sistema
2024-05-15T18:00:00,225.34836,Sistema
2024-05-15T19:00:00,301.34836,Sistema
2024-05-15T20:00:00,303.34836,Sistema
2024-05-15T21:00:00,301.34836,Sistema
2024-05-15T22:00:00,301.34836,Sistema
2024-05-15T23:00:00,225.34836,Sistema
2024-05-15T24:00:00,186.34836,Sistema
2024-05-16T01:00:00,153.13539,Sistema
2024-05-16T02:00:00,188.63539,Sistema
2024-05-16T03:00:00,188.63539,Sistema
2024-05-16T04:00:00,153.13539,Sistema
2024-05-16T05:00:00,188.63539,Sistema
2024-05-16T06:00:00,188.63539,Sistema
2024-05-16T07:00:00,188.63539,Sistema
2024-05-16T08:00:00,188.63539,Sistema
2024-05-16T09:00:00,188.63539,Sistema
2024-05-16T10:00:00,188.63539,Sistema
2024-05-16T11:00:00,190.13539,Sistema
2024-05-16T12:00:00,195.39839,Sistema
2024-05-16T13:00:00,195.39839,Sistema
2024-05-16T14:00:00,195.39839,Sistema
2024-05-16T15:00:00,195.39839,Sistema
2024-05-16T16:00:00,303.13539,Sistema
2024-05-16T17:00:00,374.13539,Sistema
2024-05-16T18:00:00,195.39839,Sistema
2024-05-16T19:00:00,295.13539,Sistema
2024-05-16T20:00:00,295.13539,Sistema
2024-05-16T21:00:00,295.13539,Sistema
2024-05-16T22:00:00,295.13539,Sistema
2024-05-16T23:00:00,195.39839,Sistema
2024-05-16T24:00:00,188.63539,Sistema
2024-05-17T01:00:00,152.83756,Sistema
2024-05-17T02:00:00,152.83756,Sistema
2024-05-17T03:00:00,152.83756,Sistema
2024-05-17T04:00:00,152.83756,Sistema
2024-05-17T05:00:00,152.83756,Sistema
2024-05-17T06:00:00,185.83756,Sistema
2024-05-17T07:00:00,152.83756,Sistema
2024-05-17T08:00:00,185.83756,Sistema
2024-05-17T09:00:00,185.83756,Sistema
2024-05-17T10:00:00,185.83756,Sistema
2024-05-17T11:00:00,185.83756,Sistema
2024-05-17T12:00:00,186.03756,Sistema
2024-05-17T13:00:00,186.03756,Sistema
2024-05-17T14:00:00,233.81756,Sistema
2024-05-17T15:00:00,354.83756,Sistema
2024-05-17T16:00:00,354.83756,Sistema
2024-05-17T17:00:00,354.83756,Sistema
2024-05-17T18:00:00,354.83756,Sistema
2024-05-17T19:00:00,359.83756,Sistema
2024-05-17T20:00:00,567.83756,Sistema
2024-05-17T21:00:00,567.83756,Sistema
2024-05-17T22:00:00,354.83756,Sistema
2024-05-17T23:00:00,354.83756,Sistema
2024-05-17T24:00:00,186.03756,Sistema
2024-05-18T01:00:00,147.21213,Sistema
2024-05-18T02:00:00,147.21213,Sistema
2024-05-18T03:00:00,147.21213,Sistema
2024-05-18T04:00:00,147.21213,Sistema
2024-05-18T05:00:00,147.21213,Sistema
2024-05-18T06:00:00,147.21213,Sistema
2024-05-18T07:00:00,147.21213,Sistema
2024-05-18T08:00:00,147.21213,Sistema
2024-05-18T09:00:00,148.41213,Sistema
2024-05-18T10:00:00,148.41213,Sistema
2024-05-18T11:00:00,148.41213,Sistema
2024-05-18T12:00:00,357.21213,Sistema
2024-05-18T13:00:00,357.21213,Sistema
2024-05-18T14:00:00,357.21213,Sistema
2024-05-18T15:00:00,357.21213,Sistema
2024-05-18T16:00:00,357.21213,Sistema
2024-05-18T17:00:00,357.21213,Sistema
2024-05-18T18:00:00,362.21213,Sistema
2024-05-18T19:00:00,362.21213,Sistema
2024-05-18T20:00:00,362.21213,Sistema
2024-05-18T21:00:00,362.21213,Sistema
2024-05-18T22:00:00,357.21213,Sistema
2024-05-18T23:00:00,357.21213,Sistema
2024-05-18T24:00:00,256.77813,Sistema
2024-05-19T01:00:00,156.12321,Sistema
2024-05-19T02:00:00,156.12321,Sistema
2024-05-19T03:00:00,153.12321,Sistema
2024-05-19T04:00:00,156.12321,Sistema
2024-05-19T05:00:00,156.12321,Sistema
2024-05-19T06:00:00,153.12321,Sistema
2024-05-19T07:00:00,151.12321,Sistema
2024-05-19T08:00:00,145.55821,Sistema
2024-05-19T09:00:00,145.55821,Sistema
2024-05-19T10:00:00,145.55821,Sistema
2024-05-19T11:00:00,151.12321,Sistema
2024-05-19T12:00:00,156.12321,Sistema
2024-05-19T13:00:00,156.12321,Sistema
2024-05-19T14:00:00,156.12321,Sistema
2024-05-19T15:00:00,156.12321,Sistema
2024-05-19T16:00:00,156.12321,Sistema
2024-05-19T17:00:00,256.12321,Sistema
2024-05-19T18:00:00,256.12321,Sistema
2024-05-19T19:00:00,266.12321,Sistema
2024-05-19T20:00:00,356.12321,Sistema
2024-05-19T21:00:00,356.12321,Sistema
2024-05-19T22:00:00,266.12321,Sistema
2024-05-19T23:00:00,256.12321,Sistema
2024-05-19T24:00:00,256.12321,Sistema
2024-05-20T01:00:00,160.29702,Sistema
2024-05-20T02:00:00,160.29702,Sistema
2024-05-20T03:00:00,160.29702,Sistema
2024-05-20T04:00:00,160.29702,Sistema
2024-05-20T05:00:00,175.29702,Sistema
2024-05-20T06:00:00,198.77502,Sistema
2024-05-20T07:00:00,175.29702,Sistema
2024-05-20T08:00:00,265.29702,Sistema
2024-05-20T09:00:00,265.29702,Sistema
2024-05-20T10:00:00,270.29702,Sistema
2024-05-20T11:00:00,270.29702,Sistema
2024-05-20T12:00:00,360.29702,Sistema
2024-05-20T13:00:00,360.29702,Sistema
2024-05-20T14:00:00,365.29702,Sistema
2024-05-20T15:00:00,365.29702,Sistema
2024-05-20T16:00:00,365.29702,Sistema
2024-05-20T17:00:00,365.29702,Sistema
2024-05-20T18:00:00,365.29702,Sistema
2024-05-20T19:00:00,365.29702,Sistema
2024-05-20T20:00:00,365.29702,Sistema
2024-05-20T21:00:00,365.29702,Sistema
2024-05-20T22:00:00,365.29702,Sistema
2024-05-20T23:00:00,360.29702,Sistema
2024-05-20T24:00:00,265.29702,Sistema
2024-05-21T01:00:00,208.17924,Sistema
2024-05-21T02:00:00,208.17924,Sistema
2024-05-21T03:00:00,208.17924,Sistema
2024-05-21T04:00:00,208.17924,Sistema
2024-05-21T05:00:00,237.15924,Sistema
2024-05-21T06:00:00,243.17924,Sistema
2024-05-21T07:00:00,243.17924,Sistema
2024-05-21T08:00:00,243.17924,Sistema
2024-05-21T09:00:00,243.17924,Sistema
2024-05-21T10:00:00,243.17924,Sistema
2024-05-21T11:00:00,243.17924,Sistema
2024-05-21T12:00:00,266.17924,Sistema
2024-05-21T13:00:00,266.17924,Sistema
2024-05-21T14:00:00,266.17924,Sistema
2024-05-21T15:00:00,269.17924,Sistema
2024-05-21T16:00:00,368.17924,Sistema
2024-05-21T17:00:00,368.17924,Sistema
2024-05-21T18:00:00,368.17924,Sistema
2024-05-21T19:00:00,368.96824,Sistema
2024-05-21T20:00:00,368.96824,Sistema
2024-05-21T21:00:00,368.17924,Sistema
2024-05-21T22:00:00,363.17924,Sistema
2024-05-21T23:00:00,266.17924,Sistema
2024-05-21T24:00:00,243.17924,Sistema
2024-05-22T01:00:00,367.87011,Sistema
2024-05-22T02:00:00,265.08111,Sistema
2024-05-22T03:00:00,265.08111,Sistema
2024-05-22T04:00:00,265.08111,Sistema
2024-05-22T05:00:00,265.08111,Sistema
2024-05-22T06:00:00,367.87011,Sistema
2024-05-22T07:00:00,367.87011,Sistema
2024-05-22T08:00:00,375.08111,Sistema
2024-05-22T09:00:00,375.08111,Sistema
2024-05-22T10:00:00,375.08111,Sistema
2024-05-22T11:00:00,375.08111,Sistema
2024-05-22T12:00:00,397.08111,Sistema
2024-05-22T13:00:00,397.08111,Sistema
2024-05-22T14:00:00,397.08111,Sistema
2024-05-22T15:00:00,397.08111,Sistema
2024-05-22T16:00:00,397.08111,Sistema
2024-05-22T17:00:00,397.08111,Sistema
2024-05-22T18:00:00,397.08111,Sistema
2024-05-22T19:00:00,397.08111,Sistema
2024-05-22T20:00:00,397.08111,Sistema
2024-05-22T21:00:00,397.08111,Sistema
2024-05-22T22:00:00,397.08111,Sistema
2024-05-22T23:00:00,395.08111,Sistema
2024-05-22T24:00:00,375.08111,Sistema
2024-05-23T01:00:00,370.05272,Sistema
2024-05-23T02:00:00,371.05272,Sistema
2024-05-23T03:00:00,370.05272,Sistema
2024-05-23T04:00:00,364.05272,Sistema
2024-05-23T05:00:00,370.05272,Sistema
2024-05-23T06:00:00,371.05272,Sistema
2024-05-23T07:00:00,371.05272,Sistema
2024-05-23T08:00:00,370.05272,Sistema
2024-05-23T09:00:00,371.05272,Sistema
2024-05-23T10:00:00,371.05272,Sistema
2024-05-23T11:00:00,372.05272,Sistema
2024-05-23T12:00:00,372.05272,Sistema
2024-05-23T13:00:00,372.05272,Sistema
2024-05-23T14:00:00,372.05272,Sistema
2024-05-23T15:00:00,373.05272,Sistema
2024-05-23T16:00:00,373.05272,Sistema
2024-05-23T17:00:00,383.05272,Sistema
2024-05-23T18:00:00,373.05272,Sistema
2024-05-23T19:00:00,383.05272,Sistema
2024-05-23T20:00:00,571.05272,Sistema
2024-05-23T21:00:00,383.05272,Sistema
2024-05-23T22:00:00,373.05272,Sistema
2024-05-23T23:00:00,372.05272,Sistema
2024-05-23T24:00:00,371.05272,Sistema
2024-05-24T01:00:00,353.58171,Sistema
2024-05-24T02:00:00,353.58171,Sistema
2024-05-24T03:00:00,353.58171,Sistema
2024-05-24T04:00:00,353.58171,Sistema
2024-05-24T05:00:00,353.58171,Sistema
2024-05-24T06:00:00,378.58171,Sistema
2024-05-24T07:00:00,378.58171,Sistema
2024-05-24T08:00:00,378.58171,Sistema
2024-05-24T09:00:00,378.58171,Sistema
2024-05-24T10:00:00,378.58171,Sistema
2024-05-24T11:00:00,378.58171,Sistema
2024-05-24T12:00:00,383.58171,Sistema
2024-05-24T13:00:00,383.58171,Sistema
2024-05-24T14:00:00,503.58171,Sistema
2024-05-24T15:00:00,583.58171,Sistema
2024-05-24T16:00:00,583.58171,Sistema
2024-05-24T17:00:00,583.58171,Sistema
2024-05-24T18:00:00,583.58171,Sistema
2024-05-24T19:00:00,583.58171,Sistema
2024-05-24T20:00:00,583.58171,Sistema
2024-05-24T21:00:00,583.58171,Sistema
2024-05-24T22:00:00,583.58171,Sistema
2024-05-24T23:00:00,503.58171,Sistema
2024-05-24T24:00:00,378.58171,Sistema
2024-05-25T01:00:00,304.68267,Sistema
2024-05-25T02:00:00,304.68267,Sistema
2024-05-25T03:00:00,304.68267,Sistema
2024-05-25T04:00:00,414.68267,Sistema
2024-05-25T05:00:00,414.68267,Sistema
2024-05-25T06:00:00,414.68267,Sistema
2024-05-25T07:00:00,414.68267,Sistema
2024-05-25T08:00:00,414.68267,Sistema
2024-05-25T09:00:00,424.68267,Sistema
2024-05-25T10:00:00,424.68267,Sistema
2024-05-25T11:00:00,424.68267,Sistema
2024-05-25T12:00:00,584.68267,Sistema
2024-05-25T13:00:00,424.68267,Sistema
2024-05-25T14:00:00,424.68267,Sistema
2024-05-25T15:00:00,534.68267,Sistema
2024-05-25T16:00:00,534.68267,Sistema
2024-05-25T17:00:00,534.68267,Sistema
2024-05-25T18:00:00,584.68267,Sistema
2024-05-25T19:00:00,584.68267,Sistema
2024-05-25T20:00:00,584.68267,Sistema
2024-05-25T21:00:00,584.68267,Sistema
2024-05-25T22:00:00,584.68267,Sistema
2024-05-25T23:00:00,584.68267,Sistema
2024-05-25T24:00:00,534.68267,Sistema
2024-05-26T01:00:00,287.01462,Sistema
2024-05-26T02:00:00,237.01462,Sistema
2024-05-26T03:00:00,287.01462,Sistema
2024-05-26T04:00:00,287.01462,Sistema
2024-05-26T05:00:00,287.01462,Sistema
2024-05-26T06:00:00,287.01462,Sistema
2024-05-26T07:00:00,237.01462,Sistema
2024-05-26T08:00:00,157.01462,Sistema
2024-05-26T09:00:00,166.99462,Sistema
2024-05-26T10:00:00,177.01462,Sistema
2024-05-26T11:00:00,200.49362,Sistema
2024-05-26T12:00:00,237.01462,Sistema
2024-05-26T13:00:00,287.01462,Sistema
2024-05-26T14:00:00,287.01462,Sistema
2024-05-26T15:00:00,287.01462,Sistema
2024-05-26T16:00:00,417.01462,Sistema
2024-05-26T17:00:00,427.01462,Sistema
2024-05-26T18:00:00,587.01462,Sistema
2024-05-26T19:00:00,587.01462,Sistema
2024-05-26T20:00:00,587.01462,Sistema
2024-05-26T21:00:00,587.01462,Sistema
2024-05-26T22:00:00,587.01462,Sistema
2024-05-26T23:00:00,587.01462,Sistema
2024-05-26T24:00:00,587.01462,Sistema
2024-05-27T01:00:00,304.21175,Sistema
2024-05-27T02:00:00,235.21175,Sistema
2024-05-27T03:00:00,235.21175,Sistema
2024-05-27T04:00:00,304.21175,Sistema
2024-05-27T05:00:00,304.21175,Sistema
2024-05-27T06:00:00,415.21175,Sistema
2024-05-27T07:00:00,415.21175,Sistema
2024-05-27T08:00:00,415.21175,Sistema
2024-05-27T09:00:00,415.21175,Sistema
2024-05-27T10:00:00,415.21175,Sistema
2024-05-27T11:00:00,415.21175,Sistema
2024-05-27T12:00:00,415.21175,Sistema
2024-05-27T13:00:00,415.21175,Sistema
2024-05-27T14:00:00,415.21175,Sistema
2024-05-27T15:00:00,425.21175,Sistema
2024-05-27T16:00:00,525.21175,Sistema
2024-05-27T17:00:00,525.21175,Sistema
2024-05-27T18:00:00,525.21175,Sistema
2024-05-27T19:00:00,625.21075,Sistema
2024-05-27T20:00:00,655.21175,Sistema
2024-05-27T21:00:00,625.21075,Sistema
2024-05-27T22:00:00,625.21075,Sistema
2024-05-27T23:00:00,525.21175,Sistema
2024-05-27T24:00:00,415.21175,Sistema
2024-05-28T01:00:00,305.918,Sistema
2024-05-28T02:00:00,305.918,Sistema
2024-05-28T03:00:00,305.918,Sistema
2024-05-28T04:00:00,305.918,Sistema
2024-05-28T05:00:00,305.918,Sistema
2024-05-28T06:00:00,305.918,Sistema
2024-05-28T07:00:00,305.918,Sistema
2024-05-28T08:00:00,305.918,Sistema
2024-05-28T09:00:00,305.918,Sistema
2024-05-28T10:00:00,305.918,Sistema
2024-05-28T11:00:00,305.918,Sistema
2024-05-28T12:00:00,413.918,Sistema
2024-05-28T13:00:00,413.918,Sistema
2024-05-28T14:00:00,413.918,Sistema
2024-05-28T15:00:00,424.918,Sistema
2024-05-28T16:00:00,584.918,Sistema
2024-05-28T17:00:00,584.918,Sistema
2024-05-28T18:00:00,584.918,Sistema
2024-05-28T19:00:00,684.918,Sistema
2024-05-28T20:00:00,684.918,Sistema
2024-05-28T21:00:00,684.918,Sistema
2024-05-28T22:00:00,424.918,Sistema
2024-05-28T23:00:00,413.918,Sistema
2024-05-28T24:00:00,413.918,Sistema
2024-05-29T01:00:00,412.71839,Sistema
2024-05-29T02:00:00,304.71839,Sistema
2024-05-29T03:00:00,304.71839,Sistema
2024-05-29T04:00:00,304.71839,Sistema
2024-05-29T05:00:00,318.86739,Sistema
2024-05-29T06:00:00,412.71839,Sistema
2024-05-29T07:00:00,412.71839,Sistema
2024-05-29T08:00:00,412.71839,Sistema
2024-05-29T09:00:00,412.71839,Sistema
2024-05-29T10:00:00,412.71839,Sistema
2024-05-29T11:00:00,412.71839,Sistema
2024-05-29T12:00:00,412.71839,Sistema
2024-05-29T13:00:00,412.71839,Sistema
2024-05-29T14:00:00,424.71839,Sistema
2024-05-29T15:00:00,424.71839,Sistema
2024-05-29T16:00:00,476.71339,Sistema
2024-05-29T17:00:00,476.71339,Sistema
2024-05-29T18:00:00,684.71839,Sistema
2024-05-29T19:00:00,694.71839,Sistema
2024-05-29T20:00:00,694.71839,Sistema
2024-05-29T21:00:00,694.71839,Sistema
2024-05-29T22:00:00,684.71839,Sistema
2024-05-29T23:00:00,424.71839,Sistema
2024-05-29T24:00:00,412.71839,Sistema
2024-05-30T01:00:00,231.58975,Sistema
2024-05-30T02:00:00,231.58975,Sistema
2024-05-30T03:00:00,231.58975,Sistema
2024-05-30T04:00:00,226.04375,Sistema
2024-05-30T05:00:00,231.58975,Sistema
2024-05-30T06:00:00,231.58975,Sistema
2024-05-30T07:00:00,231.58975,Sistema
2024-05-30T08:00:00,231.58975,Sistema
2024-05-30T09:00:00,231.58975,Sistema
2024-05-30T10:00:00,231.58975,Sistema
2024-05-30T11:00:00,231.58975,Sistema
2024-05-30T12:00:00,231.58975,Sistema
2024-05-30T13:00:00,231.58975,Sistema
2024-05-30T14:00:00,394.58975,Sistema
2024-05-30T15:00:00,415.88575,Sistema
2024-05-30T16:00:00,424.58975,Sistema
2024-05-30T17:00:00,424.58975,Sistema
2024-05-30T18:00:00,424.58975,Sistema
2024-05-30T19:00:00,584.58975,Sistema
2024-05-30T20:00:00,624.58975,Sistema
2024-05-30T21:00:00,584.58975,Sistema
2024-05-30T22:00:00,584.58975,Sistema
2024-05-30T23:00:00,394.58975,Sistema
2024-05-30T24:00:00,231.58975,Sistema
2024-05-31T01:00:00,97.34622,Sistema
2024-05-31T02:00:00,97.39022,Sistema
2024-05-31T03:00:00,97.39022,Sistema
2024-05-31T04:00:00,97.34622,Sistema
2024-05-31T05:00:00,97.39022,Sistema
2024-05-31T06:00:00,97.39022,Sistema
2024-05-31T07:00:00,97.39022,Sistema
2024-05-31T08:00:00,155.34622,Sistema
2024-05-31T09:00:00,155.34622,Sistema
2024-05-31T10:00:00,155.34622,Sistema
2024-05-31T11:00:00,155.34622,Sistema
2024-05-31T12:00:00,165.32622,Sistema
2024-05-31T13:00:00,155.34622,Sistema
2024-05-31T14:00:00,155.34622,Sistema
2024-05-31T15:00:00,355.34622,Sistema
2024-05-31T16:00:00,355.34622,Sistema
2024-05-31T17:00:00,355.34622,Sistema
2024-05-31T18:00:00,355.34622,Sistema
2024-05-31T19:00:00,355.34622,Sistema
2024-05-31T20:00:00,355.34622,Sistema
2024-05-31T21:00:00,355.34622,Sistema
2024-05-31T22:00:00,355.34622,Sistema
2024-05-31T23:00:00,355.34622,Sistema
2024-05-31T24:00:00,155.34622,Sistema
2024-06-01T01:00:00,207.03582,Sistema
2024-06-01T02:00:00,165.33582,Sistema
2024-06-01T03:00:00,165.33582,Sistema
2024-06-01T04:00:00,165.33582,Sistema
2024-06-01T05:00:00,165.33582,Sistema
2024-06-01T06:00:00,177.01582,Sistema
2024-06-01T07:00:00,165.33582,Sistema
2024-06-01T08:00:00,165.33582,Sistema
2024-06-01T09:00:00,165.33582,Sistema
2024-06-01T10:00:00,165.33582,Sistema
2024-06-01T11:00:00,207.03582,Sistema
2024-06-01T12:00:00,208.03582,Sistema
2024-06-01T13:00:00,208.03582,Sistema
2024-06-01T14:00:00,208.03582,Sistema
2024-06-01T15:00:00,208.03582,Sistema
2024-06-01T16:00:00,208.03582,Sistema
2024-06-01T17:00:00,208.03582,Sistema
2024-06-01T18:00:00,367.03582,Sistema
2024-06-01T19:00:00,377.03582,Sistema
2024-06-01T20:00:00,377.03582,Sistema
2024-06-01T21:00:00,372.03582,Sistema
2024-06-01T22:00:00,367.03582,Sistema
2024-06-01T23:00:00,367.03582,Sistema
2024-06-01T24:00:00,208.03582,Sistema
2024-06-02T01:00:00,207.91043,Sistema
2024-06-02T02:00:00,207.91043,Sistema
2024-06-02T03:00:00,207.91043,Sistema
2024-06-02T04:00:00,207.91043,Sistema
2024-06-02T05:00:00,207.91043,Sistema
2024-06-02T06:00:00,206.91043,Sistema
2024-06-02T07:00:00,161.91043,Sistema
2024-06-02T08:00:00,161.91043,Sistema
2024-06-02T09:00:00,161.91043,Sistema
2024-06-02T10:00:00,161.91043,Sistema
2024-06-02T11:00:00,161.91043,Sistema
2024-06-02T12:00:00,176.89043,Sistema
2024-06-02T13:00:00,206.91043,Sistema
2024-06-02T14:00:00,206.91043,Sistema
2024-06-02T15:00:00,207.91043,Sistema
2024-06-02T16:00:00,296.91043,Sistema
2024-06-02T17:00:00,207.91043,Sistema
2024-06-02T18:00:00,296.91043,Sistema
2024-06-02T19:00:00,361.91043,Sistema
2024-06-02T20:00:00,361.91043,Sistema
2024-06-02T21:00:00,361.91043,Sistema
2024-06-02T22:00:00,361.91043,Sistema
2024-06-02T23:00:00,306.91043,Sistema
2024-06-02T24:00:00,296.91043,Sistema
2024-06-03T01:00:00,201.61149,Sistema
2024-06-03T02:00:00,201.61149,Sistema
2024-06-03T03:00:00,201.61149,Sistema
2024-06-03T04:00:00,200.61149,Sistema
2024-06-03T05:00:00,200.61149,Sistema
2024-06-03T06:00:00,200.61149,Sistema
2024-06-03T07:00:00,201.61149,Sistema
2024-06-03T08:00:00,200.61149,Sistema
2024-06-03T09:00:00,201.61149,Sistema
2024-06-03T10:00:00,201.61149,Sistema
2024-06-03T11:00:00,201.61149,Sistema
2024-06-03T12:00:00,201.61149,Sistema
2024-06-03T13:00:00,212.61149,Sistema
2024-06-03T14:00:00,212.61149,Sistema
2024-06-03T15:00:00,212.61149,Sistema
2024-06-03T16:00:00,300.61149,Sistema
2024-06-03T17:00:00,300.61149,Sistema
2024-06-03T18:00:00,365.61149,Sistema
2024-06-03T19:00:00,365.61149,Sistema
2024-06-03T20:00:00,370.61149,Sistema
2024-06-03T21:00:00,365.61149,Sistema
2024-06-03T22:00:00,365.61149,Sistema
2024-06-03T23:00:00,370.61149,Sistema
2024-06-03T24:00:00,300.61149,Sistema
2024-06-04T01:00:00,236.83558,Sistema
2024-06-04T02:00:00,236.83558,Sistema
2024-06-04T03:00:00,200.83558,Sistema
2024-06-04T04:00:00,209.51658,Sistema
2024-06-04T05:00:00,236.83558,Sistema
2024-06-04T06:00:00,237.83558,Sistema
2024-06-04T07:00:00,237.83558,Sistema
2024-06-04T08:00:00,307.83558,Sistema
2024-06-04T09:00:00,307.83558,Sistema
2024-06-04T10:00:00,307.83558,Sistema
2024-06-04T11:00:00,307.83558,Sistema
2024-06-04T12:00:00,307.83558,Sistema
2024-06-04T13:00:00,307.83558,Sistema
2024-06-04T14:00:00,307.83558,Sistema
2024-06-04T15:00:00,365.83558,Sistema
2024-06-04T16:00:00,365.83558,Sistema
2024-06-04T17:00:00,307.83558,Sistema
2024-06-04T18:00:00,307.83558,Sistema
2024-06-04T19:00:00,307.83558,Sistema
2024-06-04T20:00:00,365.83558,Sistema
2024-06-04T21:00:00,595.83558,Sistema
2024-06-04T22:00:00,365.83558,Sistema
2024-06-04T23:00:00,307.83558,Sistema
2024-06-04T24:00:00,307.83558,Sistema
2024-06-05T01:00:00,298.52022,Sistema
2024-06-05T02:00:00,298.52022,Sistema
2024-06-05T03:00:00,298.52022,Sistema
2024-06-05T04:00:00,249.52022,Sistema
2024-06-05T05:00:00,268.08622,Sistema
2024-06-05T06:00:00,268.08622,Sistema
2024-06-05T07:00:00,244.50022,Sistema
2024-06-05T08:00:00,298.52022,Sistema
2024-06-05T09:00:00,323.52022,Sistema
2024-06-05T10:00:00,323.52022,Sistema
2024-06-05T11:00:00,363.52022,Sistema
2024-06-05T12:00:00,363.52022,Sistema
2024-06-05T13:00:00,363.52022,Sistema
2024-06-05T14:00:00,363.52022,Sistema
2024-06-05T15:00:00,363.52022,Sistema
2024-06-05T16:00:00,368.52022,Sistema
2024-06-05T17:00:00,368.52022,Sistema
2024-06-05T18:00:00,368.52022,Sistema
2024-06-05T19:00:00,718.52022,Sistema
2024-06-05T20:00:00,945.62322,Sistema
2024-06-05T21:00:00,918.52022,Sistema
2024-06-05T22:00:00,368.52022,Sistema
2024-06-05T23:00:00,368.52022,Sistema
2024-06-05T24:00:00,363.52022,Sistema
2024-06-06T01:00:00,306.89358,Sistema
2024-06-06T02:00:00,330.89358,Sistema
2024-06-06T03:00:00,306.89358,Sistema
2024-06-06T04:00:00,306.89358,Sistema
2024-06-06T05:00:00,330.89358,Sistema
2024-06-06T06:00:00,365.89358,Sistema
2024-06-06T07:00:00,365.89358,Sistema
2024-06-06T08:00:00,365.89358,Sistema
2024-06-06T09:00:00,365.89358,Sistema
2024-06-06T10:00:00,365.89358,Sistema
2024-06-06T11:00:00,385.89358,Sistema
2024-06-06T12:00:00,375.89358,Sistema
2024-06-06T13:00:00,365.89358,Sistema
2024-06-06T14:00:00,375.89358,Sistema
2024-06-06T15:00:00,375.89358,Sistema
2024-06-06T16:00:00,385.89358,Sistema
2024-06-06T17:00:00,375.89358,Sistema
2024-06-06T18:00:00,375.89358,Sistema
2024-06-06T19:00:00,385.89358,Sistema
2024-06-06T20:00:00,385.89358,Sistema
2024-06-06T21:00:00,385.89358,Sistema
2024-06-06T22:00:00,365.89358,Sistema
2024-06-06T23:00:00,365.89358,Sistema
2024-06-06T24:00:00,330.89358,Sistema
2024-06-07T01:00:00,245.00486,Sistema
2024-06-07T02:00:00,246.00486,Sistema
2024-06-07T03:00:00,245.00486,Sistema
2024-06-07T04:00:00,245.00486,Sistema
2024-06-07T05:00:00,246.00486,Sistema
2024-06-07T06:00:00,329.00486,Sistema
2024-06-07T07:00:00,329.00486,Sistema
2024-06-07T08:00:00,329.00486,Sistema
2024-06-07T09:00:00,329.00486,Sistema
2024-06-07T10:00:00,329.00486,Sistema
2024-06-07T11:00:00,329.00486,Sistema
2024-06-07T12:00:00,373.00486,Sistema
2024-06-07T13:00:00,329.00486,Sistema
2024-06-07T14:00:00,373.00486,Sistema
2024-06-07T15:00:00,373.00486,Sistema
2024-06-07T16:00:00,386.00486,Sistema
2024-06-07T17:00:00,386.00486,Sistema
2024-06-07T18:00:00,386.00486,Sistema
2024-06-07T19:00:00,406.00486,Sistema
2024-06-07T20:00:00,596.00486,Sistema
2024-06-07T21:00:00,406.00486,Sistema
2024-06-07T22:00:00,406.00486,Sistema
2024-06-07T23:00:00,406.00486,Sistema
2024-06-07T24:00:00,373.00486,Sistema
2024-06-08T01:00:00,263.99788,Sistema
2024-06-08T02:00:00,263.99788,Sistema
2024-06-08T03:00:00,263.99788,Sistema
2024-06-08T04:00:00,263.99788,Sistema
2024-06-08T05:00:00,263.99788,Sistema
2024-06-08T06:00:00,263.99788,Sistema
2024-06-08T07:00:00,263.99788,Sistema
2024-06-08T08:00:00,324.99788,Sistema
2024-06-08T09:00:00,327.99788,Sistema
2024-06-08T10:00:00,327.99788,Sistema
2024-06-08T11:00:00,390.99788,Sistema
2024-06-08T12:00:00,390.99788,Sistema
2024-06-08T13:00:00,385.99788,Sistema
2024-06-08T14:00:00,385.99788,Sistema
2024-06-08T15:00:00,390.99788,Sistema
2024-06-08T16:00:00,390.99788,Sistema
2024-06-08T17:00:00,405.99788,Sistema
2024-06-08T18:00:00,550.99788,Sistema
2024-06-08T19:00:00,550.99788,Sistema
2024-06-08T20:00:00,550.99788,Sistema
2024-06-08T21:00:00,550.99788,Sistema
2024-06-08T22:00:00,405.99788,Sistema
2024-06-08T23:00:00,385.99788,Sistema
2024-06-08T24:00:00,327.99788,Sistema
2024-06-09T01:00:00,306.13088,Sistema
2024-06-09T02:00:00,306.13088,Sistema
2024-06-09T03:00:00,266.13088,Sistema
2024-06-09T04:00:00,266.13088,Sistema
2024-06-09T05:00:00,266.13088,Sistema
2024-06-09T06:00:00,266.13088,Sistema
2024-06-09T07:00:00,228.13088,Sistema
2024-06-09T08:00:00,266.13088,Sistema
2024-06-09T09:00:00,265.69688,Sistema
2024-06-09T10:00:00,266.13088,Sistema
2024-06-09T11:00:00,266.13088,Sistema
2024-06-09T12:00:00,266.13088,Sistema
2024-06-09T13:00:00,266.13088,Sistema
2024-06-09T14:00:00,266.13088,Sistema
2024-06-09T15:00:00,266.13088,Sistema
2024-06-09T16:00:00,266.13088,Sistema
2024-06-09T17:00:00,306.13088,Sistema
2024-06-09T18:00:00,381.13088,Sistema
2024-06-09T19:00:00,406.13088,Sistema
2024-06-09T20:00:00,407.13088,Sistema
2024-06-09T21:00:00,407.13088,Sistema
2024-06-09T22:00:00,406.13088,Sistema
2024-06-09T23:00:00,406.13088,Sistema
2024-06-09T24:00:00,381.13088,Sistema
2024-06-10T01:00:00,239.15925,Sistema
2024-06-10T02:00:00,239.15925,Sistema
2024-06-10T03:00:00,239.15925,Sistema
2024-06-10T04:00:00,239.15925,Sistema
2024-06-10T05:00:00,239.15925,Sistema
2024-06-10T06:00:00,239.15925,Sistema
2024-06-10T07:00:00,234.65925,Sistema
2024-06-10T08:00:00,234.65925,Sistema
2024-06-10T09:00:00,242.96325,Sistema
2024-06-10T10:00:00,239.15925,Sistema
2024-06-10T11:00:00,239.15925,Sistema
2024-06-10T12:00:00,263.15925,Sistema
2024-06-10T13:00:00,263.15925,Sistema
2024-06-10T14:00:00,263.15925,Sistema
2024-06-10T15:00:00,263.15925,Sistema
2024-06-10T16:00:00,308.15925,Sistema
2024-06-10T17:00:00,393.15925,Sistema
2024-06-10T18:00:00,409.15925,Sistema
2024-06-10T19:00:00,409.65925,Sistema
2024-06-10T20:00:00,413.15925,Sistema
2024-06-10T21:00:00,409.65925,Sistema
2024-06-10T22:00:00,409.15925,Sistema
2024-06-10T23:00:00,409.15925,Sistema
2024-06-10T24:00:00,409.15925,Sistema
2024-06-11T01:00:00,252.22519,Sistema
2024-06-11T02:00:00,268.22519,Sistema
2024-06-11T03:00:00,252.22519,Sistema
2024-06-11T04:00:00,252.22519,Sistema
2024-06-11T05:00:00,268.22519,Sistema
2024-06-11T06:00:00,268.22519,Sistema
2024-06-11T07:00:00,268.22519,Sistema
2024-06-11T08:00:00,268.22519,Sistema
2024-06-11T09:00:00,268.22519,Sistema
2024-06-11T10:00:00,268.22519,Sistema
2024-06-11T11:00:00,268.22519,Sistema
2024-06-11T12:00:00,299.72519,Sistema
2024-06-11T13:00:00,299.72519,Sistema
2024-06-11T14:00:00,299.72519,Sistema
2024-06-11T15:00:00,367.22519,Sistema
2024-06-11T16:00:00,392.22519,Sistema
2024-06-11T17:00:00,392.22519,Sistema
2024-06-11T18:00:00,367.22519,Sistema
2024-06-11T19:00:00,392.22519,Sistema
2024-06-11T20:00:00,393.22519,Sistema
2024-06-11T21:00:00,367.22519,Sistema
2024-06-11T22:00:00,299.72519,Sistema
2024-06-11T23:00:00,299.72519,Sistema
2024-06-11T24:00:00,268.22519,Sistema
2024-06-12T01:00:00,266.64303,Sistema
2024-06-12T02:00:00,266.64303,Sistema
2024-06-12T03:00:00,266.64303,Sistema
2024-06-12T04:00:00,266.64303,Sistema
2024-06-12T05:00:00,266.64303,Sistema
2024-06-12T06:00:00,266.64303,Sistema
2024-06-12T07:00:00,266.64303,Sistema
2024-06-12T08:00:00,266.64303,Sistema
2024-06-12T09:00:00,315.64303,Sistema
2024-06-12T10:00:00,315.64303,Sistema
2024-06-12T11:00:00,365.64303,Sistema
2024-06-12T12:00:00,366.64303,Sistema
2024-06-12T13:00:00,365.64303,Sistema
2024-06-12T14:00:00,366.64303,Sistema
2024-06-12T15:00:00,390.64303,Sistema
2024-06-12T16:00:00,390.64303,Sistema
2024-06-12T17:00:00,391.64303,Sistema
2024-06-12T18:00:00,390.64303,Sistema
2024-06-12T19:00:00,390.64303,Sistema
2024-06-12T20:00:00,391.64303,Sistema
2024-06-12T21:00:00,366.64303,Sistema
2024-06-12T22:00:00,366.64303,Sistema
2024-06-12T23:00:00,365.64303,Sistema
2024-06-12T24:00:00,315.64303,Sistema
2024-06-13T01:00:00,309.99718,Sistema
2024-06-13T02:00:00,348.49718,Sistema
2024-06-13T03:00:00,309.99718,Sistema
2024-06-13T04:00:00,309.99718,Sistema
2024-06-13T05:00:00,309.99718,Sistema
2024-06-13T06:00:00,348.49718,Sistema
2024-06-13T07:00:00,348.49718,Sistema
2024-06-13T08:00:00,348.49718,Sistema
2024-06-13T09:00:00,348.49718,Sistema
2024-06-13T10:00:00,348.49718,Sistema
2024-06-13T11:00:00,364.99718,Sistema
2024-06-13T12:00:00,364.99718,Sistema
2024-06-13T13:00:00,364.99718,Sistema
2024-06-13T14:00:00,364.99718,Sistema
2024-06-13T15:00:00,389.99718,Sistema
2024-06-13T16:00:00,389.99718,Sistema
2024-06-13T17:00:00,389.99718,Sistema
2024-06-13T18:00:00,391.99718,Sistema
2024-06-13T19:00:00,391.99718,Sistema
2024-06-13T20:00:00,391.99718,Sistema
2024-06-13T21:00:00,391.99718,Sistema
2024-06-13T22:00:00,391.99718,Sistema
2024-06-13T23:00:00,365.99718,Sistema
2024-06-13T24:00:00,364.99718,Sistema
2024-06-14T01:00:00,365.29413,Sistema
2024-06-14T02:00:00,365.29413,Sistema
2024-06-14T03:00:00,360.29413,Sistema
2024-06-14T04:00:00,360.29413,Sistema
2024-06-14T05:00:00,365.29413,Sistema
2024-06-14T06:00:00,365.29413,Sistema
2024-06-14T07:00:00,365.79413,Sistema
2024-06-14T08:00:00,365.79413,Sistema
2024-06-14T09:00:00,365.79413,Sistema
2024-06-14T10:00:00,365.79413,Sistema
2024-06-14T11:00:00,365.79413,Sistema
2024-06-14T12:00:00,365.79413,Sistema
2024-06-14T13:00:00,365.79413,Sistema
2024-06-14T14:00:00,365.79413,Sistema
2024-06-14T15:00:00,390.29413,Sistema
2024-06-14T16:00:00,390.29413,Sistema
2024-06-14T17:00:00,375.29413,Sistema
2024-06-14T18:00:00,375.29413,Sistema
2024-06-14T19:00:00,390.29413,Sistema
2024-06-14T20:00:00,391.29413,Sistema
2024-06-14T21:00:00,391.29413,Sistema
2024-06-14T22:00:00,375.29413,Sistema
2024-06-14T23:00:00,365.79413,Sistema
2024-06-14T24:00:00,365.79413,Sistema
2024-06-15T01:00:00,216.83303,Sistema
2024-06-15T02:00:00,243.93803,Sistema
2024-06-15T03:00:00,243.93803,Sistema
2024-06-15T04:00:00,243.93803,Sistema
2024-06-15T05:00:00,205.91803,Sistema
2024-06-15T06:00:00,243.93803,Sistema
2024-06-15T07:00:00,243.93803,Sistema
2024-06-15T08:00:00,243.93803,Sistema
2024-06-15T09:00:00,243.93803,Sistema
2024-06-15T10:00:00,346.93803,Sistema
2024-06-15T11:00:00,243.93803,Sistema
2024-06-15T12:00:00,346.93803,Sistema
2024-06-15T13:00:00,243.93803,Sistema
2024-06-15T14:00:00,243.93803,Sistema
2024-06-15T15:00:00,346.93803,Sistema
2024-06-15T16:00:00,347.93803,Sistema
2024-06-15T17:00:00,347.93803,Sistema
2024-06-15T18:00:00,347.93803,Sistema
2024-06-15T19:00:00,365.93803,Sistema
2024-06-15T20:00:00,386.93803,Sistema
2024-06-15T21:00:00,365.93803,Sistema
2024-06-15T22:00:00,347.93803,Sistema
2024-06-15T23:00:00,346.93803,Sistema
2024-06-15T24:00:00,243.93803,Sistema
2024-06-16T01:00:00,244.62845,Sistema
2024-06-16T02:00:00,244.62845,Sistema
2024-06-16T03:00:00,244.62845,Sistema
2024-06-16T04:00:00,244.62845,Sistema
2024-06-16T05:00:00,244.62845,Sistema
2024-06-16T06:00:00,244.62845,Sistema
2024-06-16T07:00:00,241.43245,Sistema
2024-06-16T08:00:00,244.62845,Sistema
2024-06-16T09:00:00,244.62845,Sistema
2024-06-16T10:00:00,244.62845,Sistema
2024-06-16T11:00:00,244.62845,Sistema
2024-06-16T12:00:00,244.62845,Sistema
2024-06-16T13:00:00,244.62845,Sistema
2024-06-16T14:00:00,244.62845,Sistema
2024-06-16T15:00:00,244.62845,Sistema
2024-06-16T16:00:00,244.62845,Sistema
2024-06-16T17:00:00,244.62845,Sistema
2024-06-16T18:00:00,306.62845,Sistema
2024-06-16T19:00:00,391.62845,Sistema
2024-06-16T20:00:00,406.62845,Sistema
2024-06-16T21:00:00,406.62845,Sistema
2024-06-16T22:00:00,307.62845,Sistema
2024-06-16T23:00:00,307.62845,Sistema
2024-06-16T24:00:00,307.62845,Sistema
2024-06-17T01:00:00,116.44068,Sistema
2024-06-17T02:00:00,116.44068,Sistema
2024-06-17T03:00:00,116.44068,Sistema
2024-06-17T04:00:00,168.44068,Sistema
2024-06-17T05:00:00,168.44068,Sistema
2024-06-17T06:00:00,168.44068,Sistema
2024-06-17T07:00:00,168.44068,Sistema
2024-06-17T08:00:00,168.44068,Sistema
2024-06-17T09:00:00,243.24468,Sistema
2024-06-17T10:00:00,211.28168,Sistema
2024-06-17T11:00:00,243.44068,Sistema
2024-06-17T12:00:00,248.44068,Sistema
2024-06-17T13:00:00,248.44068,Sistema
2024-06-17T14:00:00,248.44068,Sistema
2024-06-17T15:00:00,248.44068,Sistema
2024-06-17T16:00:00,248.44068,Sistema
2024-06-17T17:00:00,314.44068,Sistema
2024-06-17T18:00:00,393.44068,Sistema
2024-06-17T19:00:00,413.44068,Sistema
2024-06-17T20:00:00,413.44068,Sistema
2024-06-17T21:00:00,413.44068,Sistema
2024-06-17T22:00:00,413.44068,Sistema
2024-06-17T23:00:00,314.44068,Sistema
2024-06-17T24:00:00,243.44068,Sistema
2024-06-18T01:00:00,169.23467,Sistema
2024-06-18T02:00:00,179.23467,Sistema
2024-06-18T03:00:00,179.23467,Sistema
2024-06-18T04:00:00,169.23467,Sistema
2024-06-18T05:00:00,179.23467,Sistema
2024-06-18T06:00:00,179.23467,Sistema
2024-06-18T07:00:00,169.23467,Sistema
2024-06-18T08:00:00,179.23467,Sistema
2024-06-18T09:00:00,185.21467,Sistema
2024-06-18T10:00:00,179.23467,Sistema
2024-06-18T11:00:00,179.23467,Sistema
2024-06-18T12:00:00,244.03867,Sistema
2024-06-18T13:00:00,185.21467,Sistema
2024-06-18T14:00:00,209.21467,Sistema
2024-06-18T15:00:00,308.23467,Sistema
2024-06-18T16:00:00,379.23467,Sistema
2024-06-18T17:00:00,379.23467,Sistema
2024-06-18T18:00:00,337.23467,Sistema
2024-06-18T19:00:00,379.23467,Sistema
2024-06-18T20:00:00,379.23467,Sistema
2024-06-18T21:00:00,379.23467,Sistema
2024-06-18T22:00:00,244.13467,Sistema
2024-06-18T23:00:00,244.13467,Sistema
2024-06-18T24:00:00,169.23467,Sistema
2024-06-19T01:00:00,204.60688,Sistema
2024-06-19T02:00:00,204.60688,Sistema
2024-06-19T03:00:00,185.58688,Sistema
2024-06-19T04:00:00,139.60688,Sistema
2024-06-19T05:00:00,204.60688,Sistema
2024-06-19T06:00:00,204.60688,Sistema
2024-06-19T07:00:00,204.60688,Sistema
2024-06-19T08:00:00,308.60688,Sistema
2024-06-19T09:00:00,339.60688,Sistema
2024-06-19T10:00:00,337.60688,Sistema
2024-06-19T11:00:00,339.60688,Sistema
2024-06-19T12:00:00,374.60688,Sistema
2024-06-19T13:00:00,339.60688,Sistema
2024-06-19T14:00:00,374.60688,Sistema
2024-06-19T15:00:00,374.60688,Sistema
2024-06-19T16:00:00,374.60688,Sistema
2024-06-19T17:00:00,374.60688,Sistema
2024-06-19T18:00:00,374.60688,Sistema
2024-06-19T19:00:00,374.60688,Sistema
2024-06-19T20:00:00,374.60688,Sistema
2024-06-19T21:00:00,374.60688,Sistema
2024-06-19T22:00:00,374.60688,Sistema
2024-06-19T23:00:00,374.60688,Sistema
2024-06-19T24:00:00,337.60688,Sistema
2024-06-20T01:00:00,209.36859,Sistema
2024-06-20T02:00:00,209.36859,Sistema
2024-06-20T03:00:00,209.36859,Sistema
2024-06-20T04:00:00,209.36859,Sistema
2024-06-20T05:00:00,209.36859,Sistema
2024-06-20T06:00:00,209.36859,Sistema
2024-06-20T07:00:00,209.36859,Sistema
2024-06-20T08:00:00,331.36859,Sistema
2024-06-20T09:00:00,331.36859,Sistema
2024-06-20T10:00:00,331.36859,Sistema
2024-06-20T11:00:00,331.36859,Sistema
2024-06-20T12:00:00,371.36859,Sistema
2024-06-20T13:00:00,371.36859,Sistema
2024-06-20T14:00:00,371.36859,Sistema
2024-06-20T15:00:00,371.36859,Sistema
2024-06-20T16:00:00,371.36859,Sistema
2024-06-20T17:00:00,371.36859,Sistema
2024-06-20T18:00:00,371.36859,Sistema
2024-06-20T19:00:00,371.36859,Sistema
2024-06-20T20:00:00,371.36859,Sistema
2024-06-20T21:00:00,371.36859,Sistema
2024-06-20T22:00:00,371.36859,Sistema
2024-06-20T23:00:00,371.36859,Sistema
2024-06-20T24:00:00,331.36859,Sistema
2024-06-21T01:00:00,132.62638,Sistema
2024-06-21T02:00:00,132.62638,Sistema
2024-06-21T03:00:00,132.62638,Sistema
2024-06-21T04:00:00,132.62638,Sistema
2024-06-21T05:00:00,132.62638,Sistema
2024-06-21T06:00:00,132.62638,Sistema
2024-06-21T07:00:00,206.67238,Sistema
2024-06-21T08:00:00,212.62638,Sistema
2024-06-21T09:00:00,212.62638,Sistema
2024-06-21T10:00:00,247.62638,Sistema
2024-06-21T11:00:00,247.62638,Sistema
2024-06-21T12:00:00,247.62638,Sistema
2024-06-21T13:00:00,247.62638,Sistema
2024-06-21T14:00:00,247.62638,Sistema
2024-06-21T15:00:00,247.62638,Sistema
2024-06-21T16:00:00,247.62638,Sistema
2024-06-21T17:00:00,247.62638,Sistema
2024-06-21T18:00:00,247.62638,Sistema
2024-06-21T19:00:00,247.62638,Sistema
2024-06-21T20:00:00,337.62638,Sistema
2024-06-21T21:00:00,296.62638,Sistema
2024-06-21T22:00:00,247.62638,Sistema
2024-06-21T23:00:00,247.62638,Sistema
2024-06-21T24:00:00,212.62638,Sistema
2024-06-22T01:00:00,205.8816,Sistema
2024-06-22T02:00:00,205.8816,Sistema
2024-06-22T03:00:00,205.8816,Sistema
2024-06-22T04:00:00,205.8816,Sistema
2024-06-22T05:00:00,205.8816,Sistema
2024-06-22T06:00:00,205.8816,Sistema
2024-06-22T07:00:00,205.8816,Sistema
2024-06-22T08:00:00,205.8816,Sistema
2024-06-22T09:00:00,210.8816,Sistema
2024-06-22T10:00:00,208.7226,Sistema
2024-06-22T11:00:00,210.8816,Sistema
2024-06-22T12:00:00,255.8806,Sistema
2024-06-22T13:00:00,210.8816,Sistema
2024-06-22T14:00:00,310.6386,Sistema
2024-06-22T15:00:00,310.6386,Sistema
2024-06-22T16:00:00,334.8816,Sistema
2024-06-22T17:00:00,334.8816,Sistema
2024-06-22T18:00:00,334.8816,Sistema
2024-06-22T19:00:00,334.8816,Sistema
2024-06-22T20:00:00,334.8816,Sistema
2024-06-22T21:00:00,334.8816,Sistema
2024-06-22T22:00:00,334.8816,Sistema
2024-06-22T23:00:00,334.8816,Sistema
2024-06-22T24:00:00,210.8816,Sistema
2024-06-23T01:00:00,181.83815,Sistema
2024-06-23T02:00:00,181.83815,Sistema
2024-06-23T03:00:00,181.83815,Sistema
2024-06-23T04:00:00,181.83815,Sistema
2024-06-23T05:00:00,194.83915,Sistema
2024-06-23T06:00:00,182.81915,Sistema
2024-06-23T07:00:00,181.83815,Sistema
2024-06-23T08:00:00,181.83815,Sistema
2024-06-23T09:00:00,182.81915,Sistema
2024-06-23T10:00:00,182.81915,Sistema
2024-06-23T11:00:00,181.83815,Sistema
2024-06-23T12:00:00,195.83915,Sistema
2024-06-23T13:00:00,194.83915,Sistema
2024-06-23T14:00:00,195.83915,Sistema
2024-06-23T15:00:00,195.83915,Sistema
2024-06-23T16:00:00,195.83915,Sistema
2024-06-23T17:00:00,195.83915,Sistema
2024-06-23T18:00:00,197.83915,Sistema
2024-06-23T19:00:00,197.83915,Sistema
2024-06-23T20:00:00,211.83915,Sistema
2024-06-23T21:00:00,197.83915,Sistema
2024-06-23T22:00:00,197.83915,Sistema
2024-06-23T23:00:00,197.83915,Sistema
2024-06-23T24:00:00,197.83915,Sistema
2024-06-24T01:00:00,131.64632,Sistema
2024-06-24T02:00:00,131.64632,Sistema
2024-06-24T03:00:00,131.64632,Sistema
2024-06-24T04:00:00,131.64632,Sistema
2024-06-24T05:00:00,175.23932,Sistema
2024-06-24T06:00:00,184.02032,Sistema
2024-06-24T07:00:00,226.64632,Sistema
2024-06-24T08:00:00,237.64632,Sistema
2024-06-24T09:00:00,237.64632,Sistema
2024-06-24T10:00:00,237.64632,Sistema
2024-06-24T11:00:00,237.64632,Sistema
2024-06-24T12:00:00,237.64632,Sistema
2024-06-24T13:00:00,237.64632,Sistema
2024-06-24T14:00:00,237.64632,Sistema
2024-06-24T15:00:00,237.64632,Sistema
2024-06-24T16:00:00,250.64632,Sistema
2024-06-24T17:00:00,250.64632,Sistema
2024-06-24T18:00:00,250.64632,Sistema
2024-06-24T19:00:00,373.64632,Sistema
2024-06-24T20:00:00,376.64632,Sistema
2024-06-24T21:00:00,376.64632,Sistema
2024-06-24T22:00:00,250.64632,Sistema
2024-06-24T23:00:00,237.64632,Sistema
2024-06-24T24:00:00,237.64632,Sistema
2024-06-25T01:00:00,237.39023,Sistema
2024-06-25T02:00:00,194.39023,Sistema
2024-06-25T03:00:00,194.39023,Sistema
2024-06-25T04:00:00,194.39023,Sistema
2024-06-25T05:00:00,194.39023,Sistema
2024-06-25T06:00:00,194.39023,Sistema
2024-06-25T07:00:00,237.39023,Sistema
2024-06-25T08:00:00,252.39023,Sistema
2024-06-25T09:00:00,252.39023,Sistema
2024-06-25T10:00:00,252.39023,Sistema
2024-06-25T11:00:00,252.39023,Sistema
2024-06-25T12:00:00,252.39023,Sistema
2024-06-25T13:00:00,252.39023,Sistema
2024-06-25T14:00:00,252.39023,Sistema
2024-06-25T15:00:00,296.39023,Sistema
2024-06-25T16:00:00,252.39023,Sistema
2024-06-25T17:00:00,374.39023,Sistema
2024-06-25T18:00:00,252.39023,Sistema
2024-06-25T19:00:00,374.39023,Sistema
2024-06-25T20:00:00,377.39023,Sistema
2024-06-25T21:00:00,377.39023,Sistema
2024-06-25T22:00:00,377.39023,Sistema
2024-06-25T23:00:00,252.39023,Sistema
2024-06-25T24:00:00,252.39023,Sistema
2024-06-26T01:00:00,204.43352,Sistema
2024-06-26T02:00:00,204.43352,Sistema
2024-06-26T03:00:00,204.43352,Sistema
2024-06-26T04:00:00,204.43352,Sistema
2024-06-26T05:00:00,204.43352,Sistema
2024-06-26T06:00:00,204.43352,Sistema
2024-06-26T07:00:00,204.43352,Sistema
2024-06-26T08:00:00,212.27452,Sistema
2024-06-26T09:00:00,239.43352,Sistema
2024-06-26T10:00:00,239.43352,Sistema
2024-06-26T11:00:00,239.43352,Sistema
2024-06-26T12:00:00,309.43352,Sistema
2024-06-26T13:00:00,239.43352,Sistema
2024-06-26T14:00:00,288.43352,Sistema
2024-06-26T15:00:00,239.43352,Sistema
2024-06-26T16:00:00,309.43352,Sistema
2024-06-26T17:00:00,309.43352,Sistema
2024-06-26T18:00:00,339.43352,Sistema
2024-06-26T19:00:00,339.43352,Sistema
2024-06-26T20:00:00,376.43352,Sistema
2024-06-26T21:00:00,339.43352,Sistema
2024-06-26T22:00:00,339.43352,Sistema
2024-06-26T23:00:00,309.43352,Sistema
2024-06-26T24:00:00,239.43352,Sistema
2024-06-27T01:00:00,207.95885,Sistema
2024-06-27T02:00:00,207.95885,Sistema
2024-06-27T03:00:00,207.95885,Sistema
2024-06-27T04:00:00,207.95885,Sistema
2024-06-27T05:00:00,207.95885,Sistema
2024-06-27T06:00:00,207.95885,Sistema
2024-06-27T07:00:00,220.39985,Sistema
2024-06-27T08:00:00,248.95885,Sistema
2024-06-27T09:00:00,248.95885,Sistema
2024-06-27T10:00:00,248.95885,Sistema
2024-06-27T11:00:00,248.95885,Sistema
2024-06-27T12:00:00,307.95885,Sistema
2024-06-27T13:00:00,307.95885,Sistema
2024-06-27T14:00:00,307.95885,Sistema
2024-06-27T15:00:00,338.95885,Sistema
2024-06-27T16:00:00,342.95885,Sistema
2024-06-27T17:00:00,342.95885,Sistema
2024-06-27T18:00:00,338.95885,Sistema
2024-06-27T19:00:00,374.95885,Sistema
2024-06-27T20:00:00,393.95885,Sistema
2024-06-27T21:00:00,342.95885,Sistema
2024-06-27T22:00:00,338.95885,Sistema
2024-06-27T23:00:00,248.95885,Sistema
2024-06-27T24:00:00,248.95885,Sistema
2024-06-28T01:00:00,133.58232,Sistema
2024-06-28T02:00:00,133.58232,Sistema
2024-06-28T03:00:00,133.58232,Sistema
2024-06-28T04:00:00,133.58232,Sistema
2024-06-28T05:00:00,133.58232,Sistema
2024-06-28T06:00:00,133.58232,Sistema
2024-06-28T07:00:00,133.58232,Sistema
2024-06-28T08:00:00,183.58232,Sistema
2024-06-28T09:00:00,184.56232,Sistema
2024-06-28T10:00:00,184.56232,Sistema
2024-06-28T11:00:00,221.02332,Sistema
2024-06-28T12:00:00,247.58232,Sistema
2024-06-28T13:00:00,183.58232,Sistema
2024-06-28T14:00:00,183.58232,Sistema
2024-06-28T15:00:00,247.58232,Sistema
2024-06-28T16:00:00,247.58232,Sistema
2024-06-28T17:00:00,287.58232,Sistema
2024-06-28T18:00:00,314.58232,Sistema
2024-06-28T19:00:00,375.58232,Sistema
2024-06-28T20:00:00,375.58232,Sistema
2024-06-28T21:00:00,314.58232,Sistema
2024-06-28T22:00:00,314.58232,Sistema
2024-06-28T23:00:00,221.02332,Sistema
2024-06-28T24:00:00,133.58232,Sistema
2024-06-29T01:00:00,118.0887,Sistema
2024-06-29T02:00:00,118.0887,Sistema
2024-06-29T03:00:00,118.0887,Sistema
2024-06-29T04:00:00,118.0887,Sistema
2024-06-29T05:00:00,118.0887,Sistema
2024-06-29T06:00:00,118.0887,Sistema
2024-06-29T07:00:00,141.0887,Sistema
2024-06-29T08:00:00,141.0887,Sistema
2024-06-29T09:00:00,141.0887,Sistema
2024-06-29T10:00:00,141.0887,Sistema
2024-06-29T11:00:00,141.0887,Sistema
2024-06-29T12:00:00,207.0887,Sistema
2024-06-29T13:00:00,141.0887,Sistema
2024-06-29T14:00:00,141.0887,Sistema
2024-06-29T15:00:00,184.0687,Sistema
2024-06-29T16:00:00,207.0887,Sistema
2024-06-29T17:00:00,207.0887,Sistema
2024-06-29T18:00:00,208.0887,Sistema
2024-06-29T19:00:00,375.0887,Sistema
2024-06-29T20:00:00,918.0887,Sistema
2024-06-29T21:00:00,208.0887,Sistema
2024-06-29T22:00:00,208.0887,Sistema
2024-06-29T23:00:00,207.0887,Sistema
2024-06-29T24:00:00,141.0887,Sistema
2024-06-30T01:00:00,117.46305,Sistema
2024-06-30T02:00:00,110.46305,Sistema
2024-06-30T03:00:00,110.46305,Sistema
2024-06-30T04:00:00,107.46305,Sistema
2024-06-30T05:00:00,107.46305,Sistema
2024-06-30T06:00:00,106.93005,Sistema
2024-06-30T07:00:00,106.93005,Sistema
2024-06-30T08:00:00,106.93005,Sistema
2024-06-30T09:00:00,106.93005,Sistema
2024-06-30T10:00:00,106.93005,Sistema
2024-06-30T11:00:00,106.93005,Sistema
2024-06-30T12:00:00,107.46305,Sistema
2024-06-30T13:00:00,107.46305,Sistema
2024-06-30T14:00:00,110.46305,Sistema
2024-06-30T15:00:00,110.46305,Sistema
2024-06-30T16:00:00,111.09705,Sistema
2024-06-30T17:00:00,117.46305,Sistema
2024-06-30T18:00:00,117.46305,Sistema
2024-06-30T19:00:00,137.46305,Sistema
2024-06-30T20:00:00,137.46305,Sistema
2024-06-30T21:00:00,137.46305,Sistema
2024-06-30T22:00:00,137.46305,Sistema
2024-06-30T23:00:00,117.46305,Sistema
2024-06-30T24:00:00,117.46305,Sistema
2024-07-01T01:00:00,109.47976,Sistema
2024-07-01T02:00:00,109.47976,Sistema
2024-07-01T03:00:00,109.47976,Sistema
2024-07-01T04:00:00,109.47976,Sistema
2024-07-01T05:00:00,109.47976,Sistema
2024-07-01T06:00:00,109.47976,Sistema
2024-07-01T07:00:00,107.76876,Sistema
2024-07-01T08:00:00,107.76876,Sistema
2024-07-01T09:00:00,107.76876,Sistema
2024-07-01T10:00:00,107.76876,Sistema
2024-07-01T11:00:00,109.47976,Sistema
2024-07-01T12:00:00,109.47976,Sistema
2024-07-01T13:00:00,109.47976,Sistema
2024-07-01T14:00:00,109.47976,Sistema
2024-07-01T15:00:00,109.47976,Sistema
2024-07-01T16:00:00,109.47976,Sistema
2024-07-01T17:00:00,129.47976,Sistema
2024-07-01T18:00:00,129.47976,Sistema
2024-07-01T19:00:00,188.47976,Sistema
2024-07-01T20:00:00,188.47976,Sistema
2024-07-01T21:00:00,188.47976,Sistema
2024-07-01T22:00:00,188.47976,Sistema
2024-07-01T23:00:00,188.47976,Sistema
2024-07-01T24:00:00,129.47976,Sistema
2024-07-02T01:00:00,109.60929,Sistema
2024-07-02T02:00:00,109.60929,Sistema
2024-07-02T03:00:00,109.60929,Sistema
2024-07-02T04:00:00,109.60929,Sistema
2024-07-02T05:00:00,109.60929,Sistema
2024-07-02T06:00:00,109.60929,Sistema
2024-07-02T07:00:00,109.60929,Sistema
2024-07-02T08:00:00,134.60929,Sistema
2024-07-02T09:00:00,134.60929,Sistema
2024-07-02T10:00:00,169.60929,Sistema
2024-07-02T11:00:00,169.60929,Sistema
2024-07-02T12:00:00,200.60929,Sistema
2024-07-02T13:00:00,200.60929,Sistema
2024-07-02T14:00:00,201.60929,Sistema
2024-07-02T15:00:00,201.60929,Sistema
2024-07-02T16:00:00,209.60929,Sistema
2024-07-02T17:00:00,209.60929,Sistema
2024-07-02T18:00:00,200.60929,Sistema
2024-07-02T19:00:00,207.57029,Sistema
2024-07-02T20:00:00,237.64929,Sistema
2024-07-02T21:00:00,209.60929,Sistema
2024-07-02T22:00:00,200.60929,Sistema
2024-07-02T23:00:00,207.57029,Sistema
2024-07-02T24:00:00,109.60929,Sistema
2024-07-03T01:00:00,129.05285,Sistema
2024-07-03T02:00:00,129.05285,Sistema
2024-07-03T03:00:00,129.05285,Sistema
2024-07-03T04:00:00,129.05285,Sistema
2024-07-03T05:00:00,129.05285,Sistema
2024-07-03T06:00:00,129.05285,Sistema
2024-07-03T07:00:00,169.05285,Sistema
2024-07-03T08:00:00,201.05285,Sistema
2024-07-03T09:00:00,201.05285,Sistema
2024-07-03T10:00:00,208.05285,Sistema
2024-07-03T11:00:00,208.05285,Sistema
2024-07-03T12:00:00,208.05285,Sistema
2024-07-03T13:00:00,208.05285,Sistema
2024-07-03T14:00:00,208.05285,Sistema
2024-07-03T15:00:00,208.05285,Sistema
2024-07-03T16:00:00,208.05285,Sistema
2024-07-03T17:00:00,208.05285,Sistema
2024-07-03T18:00:00,208.05285,Sistema
2024-07-03T19:00:00,208.05285,Sistema
2024-07-03T20:00:00,237.09285,Sistema
2024-07-03T21:00:00,209.05285,Sistema
2024-07-03T22:00:00,208.05285,Sistema
2024-07-03T23:00:00,208.05285,Sistema
2024-07-03T24:00:00,208.05285,Sistema
2024-07-04T01:00:00,104.51862,Sistema
2024-07-04T02:00:00,188.51662,Sistema
2024-07-04T03:00:00,105.17462,Sistema
2024-07-04T04:00:00,104.51862,Sistema
2024-07-04T05:00:00,105.17462,Sistema
2024-07-04T06:00:00,188.51662,Sistema
2024-07-04T07:00:00,188.51662,Sistema
2024-07-04T08:00:00,198.51662,Sistema
2024-07-04T09:00:00,207.51662,Sistema
2024-07-04T10:00:00,207.51662,Sistema
2024-07-04T11:00:00,207.51662,Sistema
2024-07-04T12:00:00,207.51662,Sistema
2024-07-04T13:00:00,207.51662,Sistema
2024-07-04T14:00:00,207.51662,Sistema
2024-07-04T15:00:00,207.51662,Sistema
2024-07-04T16:00:00,207.51662,Sistema
2024-07-04T17:00:00,207.51662,Sistema
2024-07-04T18:00:00,207.51662,Sistema
2024-07-04T19:00:00,207.51662,Sistema
2024-07-04T20:00:00,708.51662,Sistema
2024-07-04T21:00:00,234.49662,Sistema
2024-07-04T22:00:00,207.51662,Sistema
2024-07-04T23:00:00,207.51662,Sistema
2024-07-04T24:00:00,198.51662,Sistema
2024-07-05T01:00:00,108.94187,Sistema
2024-07-05T02:00:00,108.94187,Sistema
2024-07-05T03:00:00,108.94187,Sistema
2024-07-05T04:00:00,108.94187,Sistema
2024-07-05T05:00:00,108.94187,Sistema
2024-07-05T06:00:00,108.94187,Sistema
2024-07-05T07:00:00,108.94187,Sistema
2024-07-05T08:00:00,108.94187,Sistema
2024-07-05T09:00:00,201.94187,Sistema
2024-07-05T10:00:00,201.94187,Sistema
2024-07-05T11:00:00,202.94187,Sistema
2024-07-05T12:00:00,202.94187,Sistema
2024-07-05T13:00:00,202.94187,Sistema
2024-07-05T14:00:00,202.94187,Sistema
2024-07-05T15:00:00,258.94187,Sistema
2024-07-05T16:00:00,258.94187,Sistema
2024-07-05T17:00:00,258.94187,Sistema
2024-07-05T18:00:00,202.94187,Sistema
2024-07-05T19:00:00,258.94187,Sistema
2024-07-05T20:00:00,708.94187,Sistema
2024-07-05T21:00:00,258.94187,Sistema
2024-07-05T22:00:00,258.94187,Sistema
2024-07-05T23:00:00,201.94187,Sistema
2024-07-05T24:00:00,108.94187,Sistema
2024-07-06T01:00:00,105.54114,Sistema
2024-07-06T02:00:00,109.53914,Sistema
2024-07-06T03:00:00,107.24614,Sistema
2024-07-06T04:00:00,109.53914,Sistema
2024-07-06T05:00:00,109.53914,Sistema
2024-07-06T06:00:00,109.53914,Sistema
2024-07-06T07:00:00,109.53914,Sistema
2024-07-06T08:00:00,109.53914,Sistema
2024-07-06T09:00:00,109.53914,Sistema
2024-07-06T10:00:00,109.53914,Sistema
2024-07-06T11:00:00,109.53914,Sistema
2024-07-06T12:00:00,189.53914,Sistema
2024-07-06T13:00:00,189.53914,Sistema
2024-07-06T14:00:00,189.53914,Sistema
2024-07-06T15:00:00,189.53914,Sistema
2024-07-06T16:00:00,189.53914,Sistema
2024-07-06T17:00:00,189.53914,Sistema
2024-07-06T18:00:00,189.53914,Sistema
2024-07-06T19:00:00,204.53914,Sistema
2024-07-06T20:00:00,259.53914,Sistema
2024-07-06T21:00:00,204.53914,Sistema
2024-07-06T22:00:00,189.53914,Sistema
2024-07-06T23:00:00,189.53914,Sistema
2024-07-06T24:00:00,189.53914,Sistema
2024-07-07T01:00:00,107.43338,Sistema
2024-07-07T02:00:00,107.43338,Sistema
2024-07-07T03:00:00,107.43338,Sistema
2024-07-07T04:00:00,107.43338,Sistema
2024-07-07T05:00:00,107.43338,Sistema
2024-07-07T06:00:00,107.43338,Sistema
2024-07-07T07:00:00,107.43338,Sistema
2024-07-07T08:00:00,104.84938,Sistema
2024-07-07T09:00:00,104.84938,Sistema
2024-07-07T10:00:00,104.84938,Sistema
2024-07-07T11:00:00,104.84938,Sistema
2024-07-07T12:00:00,107.43338,Sistema
2024-07-07T13:00:00,107.43338,Sistema
2024-07-07T14:00:00,107.43338,Sistema
2024-07-07T15:00:00,107.43338,Sistema
2024-07-07T16:00:00,107.43338,Sistema
2024-07-07T17:00:00,107.43338,Sistema
2024-07-07T18:00:00,203.84738,Sistema
2024-07-07T19:00:00,203.84738,Sistema
2024-07-07T20:00:00,203.84738,Sistema
2024-07-07T21:00:00,203.84738,Sistema
2024-07-07T22:00:00,203.84738,Sistema
2024-07-07T23:00:00,203.84738,Sistema
2024-07-07T24:00:00,203.84738,Sistema
2024-07-08T01:00:00,105.78058,Sistema
2024-07-08T02:00:00,104.78058,Sistema
2024-07-08T03:00:00,104.78058,Sistema
2024-07-08T04:00:00,104.78058,Sistema
2024-07-08T05:00:00,105.78258,Sistema
2024-07-08T06:00:00,105.78258,Sistema
2024-07-08T07:00:00,105.78258,Sistema
2024-07-08T08:00:00,109.78058,Sistema
2024-07-08T09:00:00,109.78058,Sistema
2024-07-08T10:00:00,109.78058,Sistema
2024-07-08T11:00:00,198.78058,Sistema
2024-07-08T12:00:00,198.78058,Sistema
2024-07-08T13:00:00,198.78058,Sistema
2024-07-08T14:00:00,198.78058,Sistema
2024-07-08T15:00:00,198.78058,Sistema
2024-07-08T16:00:00,199.28058,Sistema
2024-07-08T17:00:00,199.28058,Sistema
2024-07-08T18:00:00,198.78058,Sistema
2024-07-08T19:00:00,199.28058,Sistema
2024-07-08T20:00:00,909.78058,Sistema
2024-07-08T21:00:00,281.22658,Sistema
2024-07-08T22:00:00,198.78058,Sistema
2024-07-08T23:00:00,198.78058,Sistema
2024-07-08T24:00:00,198.78058,Sistema
2024-07-09T01:00:00,110.02057,Sistema
2024-07-09T02:00:00,110.02057,Sistema
2024-07-09T03:00:00,110.02057,Sistema
2024-07-09T04:00:00,110.02057,Sistema
2024-07-09T05:00:00,205.52057,Sistema
2024-07-09T06:00:00,205.52057,Sistema
2024-07-09T07:00:00,205.52057,Sistema
2024-07-09T08:00:00,205.52057,Sistema
2024-07-09T09:00:00,215.02057,Sistema
2024-07-09T10:00:00,215.02057,Sistema
2024-07-09T11:00:00,220.02057,Sistema
2024-07-09T12:00:00,205.52057,Sistema
2024-07-09T13:00:00,205.52057,Sistema
2024-07-09T14:00:00,215.02057,Sistema
2024-07-09T15:00:00,220.02057,Sistema
2024-07-09T16:00:00,220.02057,Sistema
2024-07-09T17:00:00,220.02057,Sistema
2024-07-09T18:00:00,220.02057,Sistema
2024-07-09T19:00:00,220.02057,Sistema
2024-07-09T20:00:00,910.02057,Sistema
2024-07-09T21:00:00,710.02057,Sistema
2024-07-09T22:00:00,220.02057,Sistema
2024-07-09T23:00:00,215.02057,Sistema
2024-07-09T24:00:00,205.52057,Sistema
2024-07-10T01:00:00,130.51232,Sistema
2024-07-10T02:00:00,130.51232,Sistema
2024-07-10T03:00:00,110.51232,Sistema
2024-07-10T04:00:00,130.51232,Sistema
2024-07-10T05:00:00,130.51232,Sistema
2024-07-10T06:00:00,130.51232,Sistema
2024-07-10T07:00:00,130.51232,Sistema
2024-07-10T08:00:00,130.51232,Sistema
2024-07-10T09:00:00,130.51232,Sistema
2024-07-10T10:00:00,130.51232,Sistema
2024-07-10T11:00:00,130.51232,Sistema
2024-07-10T12:00:00,255.51232,Sistema
2024-07-10T13:00:00,198.51232,Sistema
2024-07-10T14:00:00,255.51232,Sistema
2024-07-10T15:00:00,260.51232,Sistema
2024-07-10T16:00:00,260.51232,Sistema
2024-07-10T17:00:00,260.51232,Sistema
2024-07-10T18:00:00,255.51232,Sistema
2024-07-10T19:00:00,260.51232,Sistema
2024-07-10T20:00:00,710.51232,Sistema
2024-07-10T21:00:00,260.51232,Sistema
2024-07-10T22:00:00,260.51232,Sistema
2024-07-10T23:00:00,255.51232,Sistema
2024-07-10T24:00:00,179.51232,Sistema
2024-07-11T01:00:00,238.98511,Sistema
2024-07-11T02:00:00,238.98511,Sistema
2024-07-11T03:00:00,232.48511,Sistema
2024-07-11T04:00:00,232.48511,Sistema
2024-07-11T05:00:00,238.98511,Sistema
2024-07-11T06:00:00,238.98511,Sistema
2024-07-11T07:00:00,238.98511,Sistema
2024-07-11T08:00:00,238.98511,Sistema
2024-07-11T09:00:00,248.98511,Sistema
2024-07-11T10:00:00,248.98511,Sistema
2024-07-11T11:00:00,298.98511,Sistema
2024-07-11T12:00:00,358.98511,Sistema
2024-07-11T13:00:00,298.98511,Sistema
2024-07-11T14:00:00,298.98511,Sistema
2024-07-11T15:00:00,358.98511,Sistema
2024-07-11T16:00:00,358.98511,Sistema
2024-07-11T17:00:00,358.98511,Sistema
2024-07-11T18:00:00,358.98511,Sistema
2024-07-11T19:00:00,358.98511,Sistema
2024-07-11T20:00:00,908.98511,Sistema
2024-07-11T21:00:00,708.98511,Sistema
2024-07-11T22:00:00,358.98511,Sistema
2024-07-11T23:00:00,298.98511,Sistema
2024-07-11T24:00:00,248.98511,Sistema
2024-07-12T01:00:00,248.07211,Sistema
2024-07-12T02:00:00,249.07211,Sistema
2024-07-12T03:00:00,248.07211,Sistema
2024-07-12T04:00:00,248.07211,Sistema
2024-07-12T05:00:00,249.07211,Sistema
2024-07-12T06:00:00,249.07211,Sistema
2024-07-12T07:00:00,249.07211,Sistema
2024-07-12T08:00:00,249.07211,Sistema
2024-07-12T09:00:00,298.05311,Sistema
2024-07-12T10:00:00,298.05311,Sistema
2024-07-12T11:00:00,298.05311,Sistema
2024-07-12T12:00:00,298.05311,Sistema
2024-07-12T13:00:00,298.05311,Sistema
2024-07-12T14:00:00,298.05311,Sistema
2024-07-12T15:00:00,298.05311,Sistema
2024-07-12T16:00:00,298.05311,Sistema
2024-07-12T17:00:00,359.07211,Sistema
2024-07-12T18:00:00,359.07211,Sistema
2024-07-12T19:00:00,359.07211,Sistema
2024-07-12T20:00:00,359.07211,Sistema
2024-07-12T21:00:00,359.07211,Sistema
2024-07-12T22:00:00,359.07211,Sistema
2024-07-12T23:00:00,298.05311,Sistema
2024-07-12T24:00:00,298.05311,Sistema
2024-07-13T01:00:00,233.66963,Sistema
2024-07-13T02:00:00,233.66963,Sistema
2024-07-13T03:00:00,233.66963,Sistema
2024-07-13T04:00:00,233.66963,Sistema
2024-07-13T05:00:00,233.66963,Sistema
2024-07-13T06:00:00,233.66963,Sistema
2024-07-13T07:00:00,233.66963,Sistema
2024-07-13T08:00:00,233.66963,Sistema
2024-07-13T09:00:00,233.66963,Sistema
2024-07-13T10:00:00,233.66963,Sistema
2024-07-13T11:00:00,258.66963,Sistema
2024-07-13T12:00:00,298.65063,Sistema
2024-07-13T13:00:00,298.65063,Sistema
2024-07-13T14:00:00,298.65063,Sistema
2024-07-13T15:00:00,298.65063,Sistema
2024-07-13T16:00:00,298.65063,Sistema
2024-07-13T17:00:00,298.65063,Sistema
2024-07-13T18:00:00,298.65063,Sistema
2024-07-13T19:00:00,298.66963,Sistema
2024-07-13T20:00:00,298.66963,Sistema
2024-07-13T21:00:00,298.66963,Sistema
2024-07-13T22:00:00,298.66963,Sistema
2024-07-13T23:00:00,298.65063,Sistema
2024-07-13T24:00:00,298.65063,Sistema
2024-07-14T01:00:00,230.58066,Sistema
2024-07-14T02:00:00,230.58066,Sistema
2024-07-14T03:00:00,230.58066,Sistema
2024-07-14T04:00:00,230.58066,Sistema
2024-07-14T05:00:00,230.58066,Sistema
2024-07-14T06:00:00,230.58066,Sistema
2024-07-14T07:00:00,230.58066,Sistema
2024-07-14T08:00:00,229.58066,Sistema
2024-07-14T09:00:00,229.58066,Sistema
2024-07-14T10:00:00,229.58066,Sistema
2024-07-14T11:00:00,229.58066,Sistema
2024-07-14T12:00:00,230.58066,Sistema
2024-07-14T13:00:00,230.58066,Sistema
2024-07-14T14:00:00,230.58066,Sistema
2024-07-14T15:00:00,230.58066,Sistema
2024-07-14T16:00:00,230.58066,Sistema
2024-07-14T17:00:00,230.58066,Sistema
2024-07-14T18:00:00,230.58066,Sistema
2024-07-14T19:00:00,230.58066,Sistema
2024-07-14T20:00:00,233.38166,Sistema
2024-07-14T21:00:00,230.58066,Sistema
2024-07-14T22:00:00,230.58066,Sistema
2024-07-14T23:00:00,230.58066,Sistema
2024-07-14T24:00:00,230.58066,Sistema
2024-07-15T01:00:00,279.4453,Sistema
2024-07-15T02:00:00,219.4453,Sistema
2024-07-15T03:00:00,219.4453,Sistema
2024-07-15T04:00:00,219.4453,Sistema
2024-07-15T05:00:00,219.4453,Sistema
2024-07-15T06:00:00,219.4453,Sistema
2024-07-15T07:00:00,219.4453,Sistema
2024-07-15T08:00:00,279.4453,Sistema
2024-07-15T09:00:00,279.4453,Sistema
2024-07-15T10:00:00,279.4453,Sistema
2024-07-15T11:00:00,299.4453,Sistema
2024-07-15T12:00:00,302.4453,Sistema
2024-07-15T13:00:00,302.4453,Sistema
2024-07-15T14:00:00,302.4453,Sistema
2024-07-15T15:00:00,302.4453,Sistema
2024-07-15T16:00:00,304.4453,Sistema
2024-07-15T17:00:00,304.4453,Sistema
2024-07-15T18:00:00,304.4453,Sistema
2024-07-15T19:00:00,304.4453,Sistema
2024-07-15T20:00:00,409.4453,Sistema
2024-07-15T21:00:00,409.4453,Sistema
2024-07-15T22:00:00,304.4453,Sistema
2024-07-15T23:00:00,302.4453,Sistema
2024-07-15T24:00:00,302.4453,Sistema
2024-07-16T01:00:00,253.50938,Sistema
2024-07-16T02:00:00,253.50938,Sistema
2024-07-16T03:00:00,253.50938,Sistema
2024-07-16T04:00:00,253.50938,Sistema
2024-07-16T05:00:00,253.50938,Sistema
2024-07-16T06:00:00,253.50938,Sistema
2024-07-16T07:00:00,253.50938,Sistema
2024-07-16T08:00:00,253.50938,Sistema
2024-07-16T09:00:00,258.50938,Sistema
2024-07-16T10:00:00,296.50938,Sistema
2024-07-16T11:00:00,296.50938,Sistema
2024-07-16T12:00:00,296.50938,Sistema
2024-07-16T13:00:00,296.50938,Sistema
2024-07-16T14:00:00,296.50938,Sistema
2024-07-16T15:00:00,296.50938,Sistema
2024-07-16T16:00:00,296.50938,Sistema
2024-07-16T17:00:00,308.50938,Sistema
2024-07-16T18:00:00,308.50938,Sistema
2024-07-16T19:00:00,413.50938,Sistema
2024-07-16T20:00:00,413.50938,Sistema
2024-07-16T21:00:00,308.50938,Sistema
2024-07-16T22:00:00,296.50938,Sistema
2024-07-16T23:00:00,296.50938,Sistema
2024-07-16T24:00:00,296.50938,Sistema
2024-07-17T01:00:00,256.02595,Sistema
2024-07-17T02:00:00,256.02595,Sistema
2024-07-17T03:00:00,256.02595,Sistema
2024-07-17T04:00:00,256.02595,Sistema
2024-07-17T05:00:00,256.02595,Sistema
2024-07-17T06:00:00,256.52595,Sistema
2024-07-17T07:00:00,256.52595,Sistema
2024-07-17T08:00:00,256.52595,Sistema
2024-07-17T09:00:00,256.52595,Sistema
2024-07-17T10:00:00,257.02595,Sistema
2024-07-17T11:00:00,257.02595,Sistema
2024-07-17T12:00:00,300.02595,Sistema
2024-07-17T13:00:00,300.02595,Sistema
2024-07-17T14:00:00,300.02595,Sistema
2024-07-17T15:00:00,320.02595,Sistema
2024-07-17T16:00:00,512.02595,Sistema
2024-07-17T17:00:00,320.02595,Sistema
2024-07-17T18:00:00,310.02595,Sistema
2024-07-17T19:00:00,320.02595,Sistema
2024-07-17T20:00:00,415.02595,Sistema
2024-07-17T21:00:00,512.02595,Sistema
2024-07-17T22:00:00,310.02595,Sistema
2024-07-17T23:00:00,300.02595,Sistema
2024-07-17T24:00:00,257.02595,Sistema
2024-07-18T01:00:00,297.01855,Sistema
2024-07-18T02:00:00,297.01855,Sistema
2024-07-18T03:00:00,297.01855,Sistema
2024-07-18T04:00:00,292.61855,Sistema
2024-07-18T05:00:00,292.61855,Sistema
2024-07-18T06:00:00,297.01855,Sistema
2024-07-18T07:00:00,297.01855,Sistema
2024-07-18T08:00:00,297.01855,Sistema
2024-07-18T09:00:00,297.01855,Sistema
2024-07-18T10:00:00,297.01855,Sistema
2024-07-18T11:00:00,297.01855,Sistema
2024-07-18T12:00:00,297.01855,Sistema
2024-07-18T13:00:00,297.01855,Sistema
2024-07-18T14:00:00,297.01855,Sistema
2024-07-18T15:00:00,307.61855,Sistema
2024-07-18T16:00:00,317.61855,Sistema
2024-07-18T17:00:00,317.61855,Sistema
2024-07-18T18:00:00,307.61855,Sistema
2024-07-18T19:00:00,317.61855,Sistema
2024-07-18T20:00:00,352.61855,Sistema
2024-07-18T21:00:00,352.61855,Sistema
2024-07-18T22:00:00,297.01855,Sistema
2024-07-18T23:00:00,297.01855,Sistema
2024-07-18T24:00:00,297.01855,Sistema
2024-07-19T01:00:00,298.92596,Sistema
2024-07-19T02:00:00,298.92596,Sistema
2024-07-19T03:00:00,298.92596,Sistema
2024-07-19T04:00:00,298.92596,Sistema
2024-07-19T05:00:00,298.92596,Sistema
2024-07-19T06:00:00,298.92596,Sistema
2024-07-19T07:00:00,298.92596,Sistema
2024-07-19T08:00:00,298.92596,Sistema
2024-07-19T09:00:00,308.92596,Sistema
2024-07-19T10:00:00,308.92596,Sistema
2024-07-19T11:00:00,308.92596,Sistema
2024-07-19T12:00:00,308.92596,Sistema
2024-07-19T13:00:00,308.92596,Sistema
2024-07-19T14:00:00,318.92596,Sistema
2024-07-19T15:00:00,348.92596,Sistema
2024-07-19T16:00:00,358.92596,Sistema
2024-07-19T17:00:00,348.92596,Sistema
2024-07-19T18:00:00,348.92596,Sistema
2024-07-19T19:00:00,358.92596,Sistema
2024-07-19T20:00:00,353.92596,Sistema
2024-07-19T21:00:00,348.92596,Sistema
2024-07-19T22:00:00,348.92596,Sistema
2024-07-19T23:00:00,308.92596,Sistema
2024-07-19T24:00:00,308.92596,Sistema
2024-07-20T01:00:00,263.96837,Sistema
2024-07-20T02:00:00,348.96837,Sistema
2024-07-20T03:00:00,288.95837,Sistema
2024-07-20T04:00:00,263.96837,Sistema
2024-07-20T05:00:00,263.96837,Sistema
2024-07-20T06:00:00,263.96837,Sistema
2024-07-20T07:00:00,263.96837,Sistema
2024-07-20T08:00:00,263.96837,Sistema
2024-07-20T09:00:00,263.96837,Sistema
2024-07-20T10:00:00,263.96837,Sistema
2024-07-20T11:00:00,263.96837,Sistema
2024-07-20T12:00:00,288.95837,Sistema
2024-07-20T13:00:00,348.96837,Sistema
2024-07-20T14:00:00,358.96837,Sistema
2024-07-20T15:00:00,358.96837,Sistema
2024-07-20T16:00:00,363.96837,Sistema
2024-07-20T17:00:00,363.96837,Sistema
2024-07-20T18:00:00,363.96837,Sistema
2024-07-20T19:00:00,363.96837,Sistema
2024-07-20T20:00:00,368.96837,Sistema
2024-07-20T21:00:00,368.96837,Sistema
2024-07-20T22:00:00,363.96837,Sistema
2024-07-20T23:00:00,363.96837,Sistema
2024-07-20T24:00:00,358.96837,Sistema
2024-07-21T01:00:00,300.10759,Sistema
2024-07-21T02:00:00,300.10759,Sistema
2024-07-21T03:00:00,300.10759,Sistema
2024-07-21T04:00:00,290.08759,Sistema
2024-07-21T05:00:00,280.10759,Sistema
2024-07-21T06:00:00,290.08759,Sistema
2024-07-21T07:00:00,280.10759,Sistema
2024-07-21T08:00:00,280.10759,Sistema
2024-07-21T09:00:00,280.10759,Sistema
2024-07-21T10:00:00,280.10759,Sistema
2024-07-21T11:00:00,280.10759,Sistema
2024-07-21T12:00:00,300.10759,Sistema
2024-07-21T13:00:00,300.10759,Sistema
2024-07-21T14:00:00,300.10759,Sistema
2024-07-21T15:00:00,350.10759,Sistema
2024-07-21T16:00:00,350.10759,Sistema
2024-07-21T17:00:00,350.10759,Sistema
2024-07-21T18:00:00,370.10759,Sistema
2024-07-21T19:00:00,370.10759,Sistema
2024-07-21T20:00:00,399.10759,Sistema
2024-07-21T21:00:00,370.10759,Sistema
2024-07-21T22:00:00,370.10759,Sistema
2024-07-21T23:00:00,370.10759,Sistema
2024-07-21T24:00:00,370.10759,Sistema
2024-07-22T01:00:00,387.71328,Sistema
2024-07-22T02:00:00,387.71328,Sistema
2024-07-22T03:00:00,387.71328,Sistema
2024-07-22T04:00:00,387.71328,Sistema
2024-07-22T05:00:00,387.71328,Sistema
2024-07-22T06:00:00,387.71328,Sistema
2024-07-22T07:00:00,387.71328,Sistema
2024-07-22T08:00:00,387.71328,Sistema
2024-07-22T09:00:00,387.71328,Sistema
2024-07-22T10:00:00,387.71328,Sistema
2024-07-22T11:00:00,387.71328,Sistema
2024-07-22T12:00:00,387.71328,Sistema
2024-07-22T13:00:00,387.71328,Sistema
2024-07-22T14:00:00,409.61328,Sistema
2024-07-22T15:00:00,417.71328,Sistema
2024-07-22T16:00:00,417.71328,Sistema
2024-07-22T17:00:00,417.71328,Sistema
2024-07-22T18:00:00,417.71328,Sistema
2024-07-22T19:00:00,427.71328,Sistema
2024-07-22T20:00:00,427.71328,Sistema
2024-07-22T21:00:00,427.71328,Sistema
2024-07-22T22:00:00,427.71328,Sistema
2024-07-22T23:00:00,417.71328,Sistema
2024-07-22T24:00:00,387.71328,Sistema
2024-07-23T01:00:00,392.91624,Sistema
2024-07-23T02:00:00,392.91624,Sistema
2024-07-23T03:00:00,392.91624,Sistema
2024-07-23T04:00:00,391.91624,Sistema
2024-07-23T05:00:00,392.91624,Sistema
2024-07-23T06:00:00,431.91624,Sistema
2024-07-23T07:00:00,431.91624,Sistema
2024-07-23T08:00:00,431.91624,Sistema
2024-07-23T09:00:00,431.91624,Sistema
2024-07-23T10:00:00,431.91624,Sistema
2024-07-23T11:00:00,461.91624,Sistema
2024-07-23T12:00:00,502.81524,Sistema
2024-07-23T13:00:00,502.81524,Sistema
2024-07-23T14:00:00,502.81524,Sistema
2024-07-23T15:00:00,502.81524,Sistema
2024-07-23T16:00:00,502.81524,Sistema
2024-07-23T17:00:00,502.81524,Sistema
2024-07-23T18:00:00,502.81524,Sistema
2024-07-23T19:00:00,502.81524,Sistema
2024-07-23T20:00:00,502.81524,Sistema
2024-07-23T21:00:00,502.81524,Sistema
2024-07-23T22:00:00,502.81524,Sistema
2024-07-23T23:00:00,502.81524,Sistema
2024-07-23T24:00:00,392.91624,Sistema
2024-07-24T01:00:00,292.49497,Sistema
2024-07-24T02:00:00,292.49497,Sistema
2024-07-24T03:00:00,292.49497,Sistema
2024-07-24T04:00:00,239.51497,Sistema
2024-07-24T05:00:00,292.49497,Sistema
2024-07-24T06:00:00,349.51497,Sistema
2024-07-24T07:00:00,349.51497,Sistema
2024-07-24T08:00:00,349.51497,Sistema
2024-07-24T09:00:00,349.51497,Sistema
2024-07-24T10:00:00,349.51497,Sistema
2024-07-24T11:00:00,389.51697,Sistema
2024-07-24T12:00:00,389.51697,Sistema
2024-07-24T13:00:00,389.51697,Sistema
2024-07-24T14:00:00,389.51697,Sistema
2024-07-24T15:00:00,389.51697,Sistema
2024-07-24T16:00:00,389.51697,Sistema
2024-07-24T17:00:00,420.51497,Sistema
2024-07-24T18:00:00,389.51697,Sistema
2024-07-24T19:00:00,429.51497,Sistema
2024-07-24T20:00:00,524.51497,Sistema
2024-07-24T21:00:00,429.51497,Sistema
2024-07-24T22:00:00,429.51497,Sistema
2024-07-24T23:00:00,389.51697,Sistema
2024-07-24T24:00:00,389.51697,Sistema
2024-07-25T01:00:00,306.76032,Sistema
2024-07-25T02:00:00,306.76032,Sistema
2024-07-25T03:00:00,306.76032,Sistema
2024-07-25T04:00:00,292.76132,Sistema
2024-07-25T05:00:00,306.76032,Sistema
2024-07-25T06:00:00,306.76032,Sistema
2024-07-25T07:00:00,306.76032,Sistema
2024-07-25T08:00:00,306.76032,Sistema
2024-07-25T09:00:00,306.76032,Sistema
2024-07-25T10:00:00,306.76032,Sistema
2024-07-25T11:00:00,306.76032,Sistema
2024-07-25T12:00:00,306.76032,Sistema
2024-07-25T13:00:00,386.76132,Sistema
2024-07-25T14:00:00,408.76132,Sistema
2024-07-25T15:00:00,412.76132,Sistema
2024-07-25T16:00:00,457.76132,Sistema
2024-07-25T17:00:00,457.76132,Sistema
2024-07-25T18:00:00,457.76132,Sistema
2024-07-25T19:00:00,457.76132,Sistema
2024-07-25T20:00:00,457.76132,Sistema
2024-07-25T21:00:00,457.76132,Sistema
2024-07-25T22:00:00,457.76132,Sistema
2024-07-25T23:00:00,408.76132,Sistema
2024-07-25T24:00:00,306.76032,Sistema
2024-07-26T01:00:00,296.00508,Sistema
2024-07-26T02:00:00,296.00508,Sistema
2024-07-26T03:00:00,252.00508,Sistema
2024-07-26T04:00:00,252.00508,Sistema
2024-07-26T05:00:00,296.00508,Sistema
2024-07-26T06:00:00,296.00508,Sistema
2024-07-26T07:00:00,296.00508,Sistema
2024-07-26T08:00:00,296.00508,Sistema
2024-07-26T09:00:00,296.00508,Sistema
2024-07-26T10:00:00,296.00508,Sistema
2024-07-26T11:00:00,296.00508,Sistema
2024-07-26T12:00:00,299.98508,Sistema
2024-07-26T13:00:00,296.00508,Sistema
2024-07-26T14:00:00,299.98508,Sistema
2024-07-26T15:00:00,416.00508,Sistema
2024-07-26T16:00:00,416.00508,Sistema
2024-07-26T17:00:00,416.00508,Sistema
2024-07-26T18:00:00,416.00508,Sistema
2024-07-26T19:00:00,416.00508,Sistema
2024-07-26T20:00:00,431.00508,Sistema
2024-07-26T21:00:00,416.00508,Sistema
2024-07-26T22:00:00,361.00508,Sistema
2024-07-26T23:00:00,360.00508,Sistema
2024-07-26T24:00:00,296.00508,Sistema
2024-07-27T01:00:00,318.86441,Sistema
2024-07-27T02:00:00,318.86441,Sistema
2024-07-27T03:00:00,318.86441,Sistema
2024-07-27T04:00:00,318.86441,Sistema
2024-07-27T05:00:00,318.86441,Sistema
2024-07-27T06:00:00,318.86441,Sistema
2024-07-27T07:00:00,318.86441,Sistema
2024-07-27T08:00:00,318.86441,Sistema
2024-07-27T09:00:00,318.86441,Sistema
2024-07-27T10:00:00,318.86441,Sistema
2024-07-27T11:00:00,318.86441,Sistema
2024-07-27T12:00:00,323.86441,Sistema
2024-07-27T13:00:00,323.86441,Sistema
2024-07-27T14:00:00,323.86441,Sistema
2024-07-27T15:00:00,323.86441,Sistema
2024-07-27T16:00:00,338.86441,Sistema
2024-07-27T17:00:00,338.86441,Sistema
2024-07-27T18:00:00,338.86441,Sistema
2024-07-27T19:00:00,338.86441,Sistema
2024-07-27T20:00:00,413.86441,Sistema
2024-07-27T21:00:00,413.86441,Sistema
2024-07-27T22:00:00,428.86441,Sistema
2024-07-27T23:00:00,413.86441,Sistema
2024-07-27T24:00:00,338.86441,Sistema
2024-07-28T01:00:00,232.02053,Sistema
2024-07-28T02:00:00,269.95553,Sistema
2024-07-28T03:00:00,269.95553,Sistema
2024-07-28T04:00:00,229.95553,Sistema
2024-07-28T05:00:00,232.02053,Sistema
2024-07-28T06:00:00,229.95553,Sistema
2024-07-28T07:00:00,229.95553,Sistema
2024-07-28T08:00:00,229.95553,Sistema
2024-07-28T09:00:00,229.95553,Sistema
2024-07-28T10:00:00,229.95553,Sistema
2024-07-28T11:00:00,229.95553,Sistema
2024-07-28T12:00:00,229.95553,Sistema
2024-07-28T13:00:00,229.95553,Sistema
2024-07-28T14:00:00,229.95553,Sistema
2024-07-28T15:00:00,229.95553,Sistema
2024-07-28T16:00:00,269.95553,Sistema
2024-07-28T17:00:00,269.95553,Sistema
2024-07-28T18:00:00,329.95553,Sistema
2024-07-28T19:00:00,338.95553,Sistema
2024-07-28T20:00:00,424.95553,Sistema
2024-07-28T21:00:00,424.95553,Sistema
2024-07-28T22:00:00,424.95553,Sistema
2024-07-28T23:00:00,411.95553,Sistema
2024-07-28T24:00:00,338.95553,Sistema
2024-07-29T01:00:00,307.10886,Sistema
2024-07-29T02:00:00,307.10886,Sistema
2024-07-29T03:00:00,307.10886,Sistema
2024-07-29T04:00:00,307.10886,Sistema
2024-07-29T05:00:00,307.10886,Sistema
2024-07-29T06:00:00,317.10886,Sistema
2024-07-29T07:00:00,327.10886,Sistema
2024-07-29T08:00:00,317.10886,Sistema
2024-07-29T09:00:00,327.10886,Sistema
2024-07-29T10:00:00,417.10886,Sistema
2024-07-29T11:00:00,347.10886,Sistema
2024-07-29T12:00:00,417.10886,Sistema
2024-07-29T13:00:00,417.10886,Sistema
2024-07-29T14:00:00,417.10886,Sistema
2024-07-29T15:00:00,417.10886,Sistema
2024-07-29T16:00:00,417.10886,Sistema
2024-07-29T17:00:00,418.10886,Sistema
2024-07-29T18:00:00,422.10886,Sistema
2024-07-29T19:00:00,422.10886,Sistema
2024-07-29T20:00:00,422.10886,Sistema
2024-07-29T21:00:00,422.10886,Sistema
2024-07-29T22:00:00,422.10886,Sistema
2024-07-29T23:00:00,422.10886,Sistema
2024-07-29T24:00:00,417.10886,Sistema
2024-07-30T01:00:00,317.02391,Sistema
2024-07-30T02:00:00,397.02391,Sistema
2024-07-30T03:00:00,330.02391,Sistema
2024-07-30T04:00:00,317.02391,Sistema
2024-07-30T05:00:00,330.02391,Sistema
2024-07-30T06:00:00,397.02391,Sistema
2024-07-30T07:00:00,397.02391,Sistema
2024-07-30T08:00:00,398.02391,Sistema
2024-07-30T09:00:00,398.02391,Sistema
2024-07-30T10:00:00,422.02391,Sistema
2024-07-30T11:00:00,422.02391,Sistema
2024-07-30T12:00:00,422.02391,Sistema
2024-07-30T13:00:00,422.02391,Sistema
2024-07-30T14:00:00,427.02391,Sistema
2024-07-30T15:00:00,427.02391,Sistema
2024-07-30T16:00:00,422.02391,Sistema
2024-07-30T17:00:00,422.02391,Sistema
2024-07-30T18:00:00,422.02391,Sistema
2024-07-30T19:00:00,422.02391,Sistema
2024-07-30T20:00:00,427.02391,Sistema
2024-07-30T21:00:00,422.02391,Sistema
2024-07-30T22:00:00,427.02391,Sistema
2024-07-30T23:00:00,427.02391,Sistema
2024-07-30T24:00:00,398.02391,Sistema
2024-07-31T01:00:00,404.79085,Sistema
2024-07-31T02:00:00,358.79085,Sistema
2024-07-31T03:00:00,303.79085,Sistema
2024-07-31T04:00:00,303.79085,Sistema
2024-07-31T05:00:00,358.79085,Sistema
2024-07-31T06:00:00,404.79085,Sistema
2024-07-31T07:00:00,404.79085,Sistema
2024-07-31T08:00:00,404.79085,Sistema
2024-07-31T09:00:00,404.79085,Sistema
2024-07-31T10:00:00,303.79085,Sistema
2024-07-31T11:00:00,404.79085,Sistema
2024-07-31T12:00:00,404.79085,Sistema
2024-07-31T13:00:00,404.79085,Sistema
2024-07-31T14:00:00,406.79085,Sistema
2024-07-31T15:00:00,406.79085,Sistema
2024-07-31T16:00:00,406.79085,Sistema
2024-07-31T17:00:00,406.79085,Sistema
2024-07-31T18:00:00,406.79085,Sistema
2024-07-31T19:00:00,425.79085,Sistema
2024-07-31T20:00:00,425.79085,Sistema
2024-07-31T21:00:00,425.79085,Sistema
2024-07-31T22:00:00,425.79085,Sistema
2024-07-31T23:00:00,406.79085,Sistema
2024-07-31T24:00:00,406.79085,Sistema
2024-08-01T01:00:00,426.88923,Sistema
2024-08-01T02:00:00,426.88923,Sistema
2024-08-01T03:00:00,426.88923,Sistema
2024-08-01T04:00:00,426.88923,Sistema
2024-08-01T05:00:00,427.88923,Sistema
2024-08-01T06:00:00,427.88923,Sistema
2024-08-01T07:00:00,427.88923,Sistema
2024-08-01T08:00:00,427.88923,Sistema
2024-08-01T09:00:00,427.88923,Sistema
2024-08-01T10:00:00,427.88923,Sistema
2024-08-01T11:00:00,427.88923,Sistema
2024-08-01T12:00:00,427.88923,Sistema
2024-08-01T13:00:00,427.88923,Sistema
2024-08-01T14:00:00,427.88923,Sistema
2024-08-01T15:00:00,427.88923,Sistema
2024-08-01T16:00:00,458.88923,Sistema
2024-08-01T17:00:00,458.88923,Sistema
2024-08-01T18:00:00,427.88923,Sistema
2024-08-01T19:00:00,458.88923,Sistema
2024-08-01T20:00:00,458.88923,Sistema
2024-08-01T21:00:00,458.88923,Sistema
2024-08-01T22:00:00,427.88923,Sistema
2024-08-01T23:00:00,427.88923,Sistema
2024-08-01T24:00:00,427.88923,Sistema
2024-08-02T01:00:00,111.43024,Sistema
2024-08-02T02:00:00,251.41024,Sistema
2024-08-02T03:00:00,111.43024,Sistema
2024-08-02T04:00:00,111.43024,Sistema
2024-08-02T05:00:00,220.36824,Sistema
2024-08-02T06:00:00,407.76324,Sistema
2024-08-02T07:00:00,407.76324,Sistema
2024-08-02T08:00:00,407.76324,Sistema
2024-08-02T09:00:00,428.93024,Sistema
2024-08-02T10:00:00,428.93024,Sistema
2024-08-02T11:00:00,428.93024,Sistema
2024-08-02T12:00:00,428.93024,Sistema
2024-08-02T13:00:00,428.93024,Sistema
2024-08-02T14:00:00,463.43024,Sistema
2024-08-02T15:00:00,501.43024,Sistema
2024-08-02T16:00:00,501.43024,Sistema
2024-08-02T17:00:00,501.43024,Sistema
2024-08-02T18:00:00,512.43024,Sistema
2024-08-02T19:00:00,512.43024,Sistema
2024-08-02T20:00:00,512.43024,Sistema
2024-08-02T21:00:00,512.43024,Sistema
2024-08-02T22:00:00,512.43024,Sistema
2024-08-02T23:00:00,464.43024,Sistema
2024-08-02T24:00:00,463.43024,Sistema
2024-08-03T01:00:00,428.79824,Sistema
2024-08-03T02:00:00,428.79824,Sistema
2024-08-03T03:00:00,428.79824,Sistema
2024-08-03T04:00:00,428.79824,Sistema
2024-08-03T05:00:00,428.79824,Sistema
2024-08-03T06:00:00,428.79824,Sistema
2024-08-03T07:00:00,428.79824,Sistema
2024-08-03T08:00:00,428.79824,Sistema
2024-08-03T09:00:00,428.79824,Sistema
2024-08-03T10:00:00,428.79824,Sistema
2024-08-03T11:00:00,525.79824,Sistema
2024-08-03T12:00:00,525.79824,Sistema
2024-08-03T13:00:00,525.79824,Sistema
2024-08-03T14:00:00,525.79824,Sistema
2024-08-03T15:00:00,525.79824,Sistema
2024-08-03T16:00:00,525.79824,Sistema
2024-08-03T17:00:00,461.79824,Sistema
2024-08-03T18:00:00,503.79824,Sistema
2024-08-03T19:00:00,525.79824,Sistema
2024-08-03T20:00:00,525.79824,Sistema
2024-08-03T21:00:00,525.79824,Sistema
2024-08-03T22:00:00,525.79824,Sistema
2024-08-03T23:00:00,461.79824,Sistema
2024-08-03T24:00:00,460.79824,Sistema
2024-08-04T01:00:00,439.69867,Sistema
2024-08-04T02:00:00,439.69867,Sistema
2024-08-04T03:00:00,439.69867,Sistema
2024-08-04T04:00:00,439.69867,Sistema
2024-08-04T05:00:00,439.69867,Sistema
2024-08-04T06:00:00,439.69867,Sistema
2024-08-04T07:00:00,439.69867,Sistema
2024-08-04T08:00:00,439.69867,Sistema
2024-08-04T09:00:00,439.69867,Sistema
2024-08-04T10:00:00,439.69867,Sistema
2024-08-04T11:00:00,439.69867,Sistema
2024-08-04T12:00:00,439.69867,Sistema
2024-08-04T13:00:00,439.69867,Sistema
2024-08-04T14:00:00,439.69867,Sistema
2024-08-04T15:00:00,439.69867,Sistema
2024-08-04T16:00:00,439.69867,Sistema
2024-08-04T17:00:00,460.69867,Sistema
2024-08-04T18:00:00,461.69867,Sistema
2024-08-04T19:00:00,525.69867,Sistema
2024-08-04T20:00:00,525.69867,Sistema
2024-08-04T21:00:00,525.69867,Sistema
2024-08-04T22:00:00,525.69867,Sistema
2024-08-04T23:00:00,525.69867,Sistema
2024-08-04T24:00:00,461.69867,Sistema
2024-08-05T01:00:00,459.88842,Sistema
2024-08-05T02:00:00,459.88842,Sistema
2024-08-05T03:00:00,459.88842,Sistema
2024-08-05T04:00:00,459.88842,Sistema
2024-08-05T05:00:00,459.88842,Sistema
2024-08-05T06:00:00,508.38842,Sistema
2024-08-05T07:00:00,508.38842,Sistema
2024-08-05T08:00:00,508.38842,Sistema
2024-08-05T09:00:00,508.38842,Sistema
2024-08-05T10:00:00,508.38842,Sistema
2024-08-05T11:00:00,528.38842,Sistema
2024-08-05T12:00:00,529.38842,Sistema
2024-08-05T13:00:00,508.38842,Sistema
2024-08-05T14:00:00,529.38842,Sistema
2024-08-05T15:00:00,531.38842,Sistema
2024-08-05T16:00:00,603.38842,Sistema
2024-08-05T17:00:00,603.38842,Sistema
2024-08-05T18:00:00,531.38842,Sistema
2024-08-05T19:00:00,603.38842,Sistema
2024-08-05T20:00:00,603.38842,Sistema
2024-08-05T21:00:00,603.38842,Sistema
2024-08-05T22:00:00,603.38842,Sistema
2024-08-05T23:00:00,508.38842,Sistema
2024-08-05T24:00:00,508.38842,Sistema
2024-08-06T01:00:00,424.81318,Sistema
2024-08-06T02:00:00,424.81318,Sistema
2024-08-06T03:00:00,424.81318,Sistema
2024-08-06T04:00:00,424.81318,Sistema
2024-08-06T05:00:00,424.81318,Sistema
2024-08-06T06:00:00,424.81318,Sistema
2024-08-06T07:00:00,424.81318,Sistema
2024-08-06T08:00:00,498.81318,Sistema
2024-08-06T09:00:00,498.81318,Sistema
2024-08-06T10:00:00,498.81318,Sistema
2024-08-06T11:00:00,498.81318,Sistema
2024-08-06T12:00:00,498.81318,Sistema
2024-08-06T13:00:00,498.81318,Sistema
2024-08-06T14:00:00,498.81318,Sistema
2024-08-06T15:00:00,498.81318,Sistema
2024-08-06T16:00:00,498.81318,Sistema
2024-08-06T17:00:00,531.81318,Sistema
2024-08-06T18:00:00,531.81318,Sistema
2024-08-06T19:00:00,539.81318,Sistema
2024-08-06T20:00:00,539.81318,Sistema
2024-08-06T21:00:00,539.81318,Sistema
2024-08-06T22:00:00,538.81318,Sistema
2024-08-06T23:00:00,498.81318,Sistema
2024-08-06T24:00:00,498.81318,Sistema
2024-08-07T01:00:00,424.55647,Sistema
2024-08-07T02:00:00,424.55647,Sistema
2024-08-07T03:00:00,424.55647,Sistema
2024-08-07T04:00:00,424.55647,Sistema
2024-08-07T05:00:00,424.55647,Sistema
2024-08-07T06:00:00,424.55647,Sistema
2024-08-07T07:00:00,424.55647,Sistema
2024-08-07T08:00:00,424.55647,Sistema
2024-08-07T09:00:00,424.55647,Sistema
2024-08-07T10:00:00,424.55647,Sistema
2024-08-07T11:00:00,424.55647,Sistema
2024-08-07T12:00:00,424.55647,Sistema
2024-08-07T13:00:00,457.55647,Sistema
2024-08-07T14:00:00,457.55647,Sistema
2024-08-07T15:00:00,457.55647,Sistema
2024-08-07T16:00:00,457.55647,Sistema
2024-08-07T17:00:00,457.55647,Sistema
2024-08-07T18:00:00,457.55647,Sistema
2024-08-07T19:00:00,531.55647,Sistema
2024-08-07T20:00:00,539.55647,Sistema
2024-08-07T21:00:00,538.55647,Sistema
2024-08-07T22:00:00,538.55647,Sistema
2024-08-07T23:00:00,457.55647,Sistema
2024-08-07T24:00:00,457.55647,Sistema
2024-08-08T01:00:00,532.3414,Sistema
2024-08-08T02:00:00,532.3414,Sistema
2024-08-08T03:00:00,532.3414,Sistema
2024-08-08T04:00:00,532.3414,Sistema
2024-08-08T05:00:00,532.3414,Sistema
2024-08-08T06:00:00,532.3414,Sistema
2024-08-08T07:00:00,533.3414,Sistema
2024-08-08T08:00:00,533.3414,Sistema
2024-08-08T09:00:00,533.3414,Sistema
2024-08-08T10:00:00,533.3414,Sistema
2024-08-08T11:00:00,533.3414,Sistema
2024-08-08T12:00:00,533.3414,Sistema
2024-08-08T13:00:00,533.3414,Sistema
2024-08-08T14:00:00,533.3414,Sistema
2024-08-08T15:00:00,538.3414,Sistema
2024-08-08T16:00:00,546.3414,Sistema
2024-08-08T17:00:00,546.3414,Sistema
2024-08-08T18:00:00,546.3414,Sistema
2024-08-08T19:00:00,628.3414,Sistema
2024-08-08T20:00:00,638.3414,Sistema
2024-08-08T21:00:00,628.3414,Sistema
2024-08-08T22:00:00,628.3414,Sistema
2024-08-08T23:00:00,538.3414,Sistema
2024-08-08T24:00:00,533.3414,Sistema
2024-08-09T01:00:00,419.51778,Sistema
2024-08-09T02:00:00,419.51778,Sistema
2024-08-09T03:00:00,419.51778,Sistema
2024-08-09T04:00:00,419.51778,Sistema
2024-08-09T05:00:00,419.51778,Sistema
2024-08-09T06:00:00,419.51778,Sistema
2024-08-09T07:00:00,422.97478,Sistema
2024-08-09T08:00:00,445.03578,Sistema
2024-08-09T09:00:00,519.51778,Sistema
2024-08-09T10:00:00,519.51778,Sistema
2024-08-09T11:00:00,520.51778,Sistema
2024-08-09T12:00:00,629.51778,Sistema
2024-08-09T13:00:00,629.51778,Sistema
2024-08-09T14:00:00,629.51778,Sistema
2024-08-09T15:00:00,675.01778,Sistema
2024-08-09T16:00:00,675.01778,Sistema
2024-08-09T17:00:00,675.01778,Sistema
2024-08-09T18:00:00,675.01778,Sistema
2024-08-09T19:00:00,675.01778,Sistema
2024-08-09T20:00:00,675.01778,Sistema
2024-08-09T21:00:00,675.01778,Sistema
2024-08-09T22:00:00,675.01778,Sistema
2024-08-09T23:00:00,520.51778,Sistema
2024-08-09T24:00:00,519.51778,Sistema
2024-08-10T01:00:00,526.29728,Sistema
2024-08-10T02:00:00,526.29728,Sistema
2024-08-10T03:00:00,526.29728,Sistema
2024-08-10T04:00:00,458.29728,Sistema
2024-08-10T05:00:00,458.29728,Sistema
2024-08-10T06:00:00,526.29728,Sistema
2024-08-10T07:00:00,526.29728,Sistema
2024-08-10T08:00:00,526.29728,Sistema
2024-08-10T09:00:00,526.29728,Sistema
2024-08-10T10:00:00,526.29728,Sistema
2024-08-10T11:00:00,526.29728,Sistema
2024-08-10T12:00:00,580.29728,Sistema
2024-08-10T13:00:00,580.29728,Sistema
2024-08-10T14:00:00,580.29728,Sistema
2024-08-10T15:00:00,580.29728,Sistema
2024-08-10T16:00:00,580.29728,Sistema
2024-08-10T17:00:00,580.29728,Sistema
2024-08-10T18:00:00,583.29728,Sistema
2024-08-10T19:00:00,588.29728,Sistema
2024-08-10T20:00:00,588.29728,Sistema
2024-08-10T21:00:00,583.29728,Sistema
2024-08-10T22:00:00,580.29728,Sistema
2024-08-10T23:00:00,526.29728,Sistema
2024-08-10T24:00:00,526.29728,Sistema
2024-08-11T01:00:00,426.20945,Sistema
2024-08-11T02:00:00,542.75245,Sistema
2024-08-11T03:00:00,406.75245,Sistema
2024-08-11T04:00:00,267.86245,Sistema
2024-08-11T05:00:00,267.86245,Sistema
2024-08-11T06:00:00,107.75245,Sistema
2024-08-11T07:00:00,106.75245,Sistema
2024-08-11T08:00:00,106.75245,Sistema
2024-08-11T09:00:00,106.75245,Sistema
2024-08-11T10:00:00,106.75245,Sistema
2024-08-11T11:00:00,106.75245,Sistema
2024-08-11T12:00:00,327.75245,Sistema
2024-08-11T13:00:00,406.75245,Sistema
2024-08-11T14:00:00,542.75245,Sistema
2024-08-11T15:00:00,542.75245,Sistema
2024-08-11T16:00:00,542.75245,Sistema
2024-08-11T17:00:00,562.75245,Sistema
2024-08-11T18:00:00,562.75245,Sistema
2024-08-11T19:00:00,562.75245,Sistema
2024-08-11T20:00:00,583.75245,Sistema
2024-08-11T21:00:00,583.75245,Sistema
2024-08-11T22:00:00,583.75245,Sistema
2024-08-11T23:00:00,562.75245,Sistema
2024-08-11T24:00:00,562.75245,Sistema
2024-08-12T01:00:00,568.38972,Sistema
2024-08-12T02:00:00,568.38972,Sistema
2024-08-12T03:00:00,568.38972,Sistema
2024-08-12T04:00:00,568.38972,Sistema
2024-08-12T05:00:00,568.38972,Sistema
2024-08-12T06:00:00,591.38972,Sistema
2024-08-12T07:00:00,591.38972,Sistema
2024-08-12T08:00:00,591.38972,Sistema
2024-08-12T09:00:00,591.38972,Sistema
2024-08-12T10:00:00,591.38972,Sistema
2024-08-12T11:00:00,593.38972,Sistema
2024-08-12T12:00:00,598.38972,Sistema
2024-08-12T13:00:00,598.38972,Sistema
2024-08-12T14:00:00,598.38972,Sistema
2024-08-12T15:00:00,598.65372,Sistema
2024-08-12T16:00:00,629.38972,Sistema
2024-08-12T17:00:00,629.38972,Sistema
2024-08-12T18:00:00,629.38972,Sistema
2024-08-12T19:00:00,668.38972,Sistema
2024-08-12T20:00:00,675.88972,Sistema
2024-08-12T21:00:00,668.38972,Sistema
2024-08-12T22:00:00,629.38972,Sistema
2024-08-12T23:00:00,598.38972,Sistema
2024-08-12T24:00:00,598.38972,Sistema
2024-08-13T01:00:00,610.31478,Sistema
2024-08-13T02:00:00,592.81478,Sistema
2024-08-13T03:00:00,592.81478,Sistema
2024-08-13T04:00:00,592.81478,Sistema
2024-08-13T05:00:00,592.81478,Sistema
2024-08-13T06:00:00,610.31478,Sistema
2024-08-13T07:00:00,592.81478,Sistema
2024-08-13T08:00:00,610.31478,Sistema
2024-08-13T09:00:00,610.31478,Sistema
2024-08-13T10:00:00,610.31478,Sistema
2024-08-13T11:00:00,618.31478,Sistema
2024-08-13T12:00:00,618.31478,Sistema
2024-08-13T13:00:00,618.31478,Sistema
2024-08-13T14:00:00,618.31478,Sistema
2024-08-13T15:00:00,631.52278,Sistema
2024-08-13T16:00:00,618.31478,Sistema
2024-08-13T17:00:00,631.52278,Sistema
2024-08-13T18:00:00,631.52278,Sistema
2024-08-13T19:00:00,668.31478,Sistema
2024-08-13T20:00:00,673.31478,Sistema
2024-08-13T21:00:00,673.31478,Sistema
2024-08-13T22:00:00,618.31478,Sistema
2024-08-13T23:00:00,618.31478,Sistema
2024-08-13T24:00:00,618.31478,Sistema
2024-08-14T01:00:00,673.18529,Sistema
2024-08-14T02:00:00,631.99629,Sistema
2024-08-14T03:00:00,614.18529,Sistema
2024-08-14T04:00:00,508.18529,Sistema
2024-08-14T05:00:00,631.99629,Sistema
2024-08-14T06:00:00,673.18529,Sistema
2024-08-14T07:00:00,673.18529,Sistema
2024-08-14T08:00:00,673.18529,Sistema
2024-08-14T09:00:00,673.18529,Sistema
2024-08-14T10:00:00,673.18529,Sistema
2024-08-14T11:00:00,673.18529,Sistema
2024-08-14T12:00:00,673.18529,Sistema
2024-08-14T13:00:00,673.18529,Sistema
2024-08-14T14:00:00,684.68529,Sistema
2024-08-14T15:00:00,684.68529,Sistema
2024-08-14T16:00:00,684.68529,Sistema
2024-08-14T17:00:00,684.68529,Sistema
2024-08-14T18:00:00,684.68529,Sistema
2024-08-14T19:00:00,684.68529,Sistema
2024-08-14T20:00:00,718.18529,Sistema
2024-08-14T21:00:00,756.18529,Sistema
2024-08-14T22:00:00,756.18529,Sistema
2024-08-14T23:00:00,684.68529,Sistema
2024-08-14T24:00:00,673.18529,Sistema
2024-08-15T01:00:00,623.0547,Sistema
2024-08-15T02:00:00,623.0547,Sistema
2024-08-15T03:00:00,623.0547,Sistema
2024-08-15T04:00:00,623.0547,Sistema
2024-08-15T05:00:00,623.0547,Sistema
2024-08-15T06:00:00,631.7297,Sistema
2024-08-15T07:00:00,631.7297,Sistema
2024-08-15T08:00:00,623.0547,Sistema
2024-08-15T09:00:00,623.0547,Sistema
2024-08-15T10:00:00,623.0547,Sistema
2024-08-15T11:00:00,623.0547,Sistema
2024-08-15T12:00:00,631.7297,Sistema
2024-08-15T13:00:00,631.7297,Sistema
2024-08-15T14:00:00,631.7297,Sistema
2024-08-15T15:00:00,642.5547,Sistema
2024-08-15T16:00:00,642.5547,Sistema
2024-08-15T17:00:00,673.0547,Sistema
2024-08-15T18:00:00,673.0547,Sistema
2024-08-15T19:00:00,678.0547,Sistema
2024-08-15T20:00:00,760.0547,Sistema
2024-08-15T21:00:00,678.0547,Sistema
2024-08-15T22:00:00,673.0547,Sistema
2024-08-15T23:00:00,642.5547,Sistema
2024-08-15T24:00:00,642.5547,Sistema
2024-08-16T01:00:00,589.9656,Sistema
2024-08-16T02:00:00,589.9656,Sistema
2024-08-16T03:00:00,589.9656,Sistema
2024-08-16T04:00:00,589.9656,Sistema
2024-08-16T05:00:00,589.9656,Sistema
2024-08-16T06:00:00,589.9656,Sistema
2024-08-16T07:00:00,589.9656,Sistema
2024-08-16T08:00:00,589.9656,Sistema
2024-08-16T09:00:00,625.4656,Sistema
2024-08-16T10:00:00,610.4656,Sistema
2024-08-16T11:00:00,589.9656,Sistema
2024-08-16T12:00:00,610.4656,Sistema
2024-08-16T13:00:00,625.4656,Sistema
2024-08-16T14:00:00,610.4656,Sistema
2024-08-16T15:00:00,625.4656,Sistema
2024-08-16T16:00:00,625.4656,Sistema
2024-08-16T17:00:00,634.3536,Sistema
2024-08-16T18:00:00,625.4656,Sistema
2024-08-16T19:00:00,634.3536,Sistema
2024-08-16T20:00:00,634.3536,Sistema
2024-08-16T21:00:00,634.3536,Sistema
2024-08-16T22:00:00,625.4656,Sistema
2024-08-16T23:00:00,625.4656,Sistema
2024-08-16T24:00:00,610.4656,Sistema
2024-08-17T01:00:00,558.76107,Sistema
2024-08-17T02:00:00,538.76107,Sistema
2024-08-17T03:00:00,538.76107,Sistema
2024-08-17T04:00:00,538.76107,Sistema
2024-08-17T05:00:00,538.76107,Sistema
2024-08-17T06:00:00,538.76107,Sistema
2024-08-17T07:00:00,538.76107,Sistema
2024-08-17T08:00:00,538.76107,Sistema
2024-08-17T09:00:00,538.76107,Sistema
2024-08-17T10:00:00,568.76107,Sistema
2024-08-17T11:00:00,558.76107,Sistema
2024-08-17T12:00:00,568.76107,Sistema
2024-08-17T13:00:00,558.76107,Sistema
2024-08-17T14:00:00,558.76107,Sistema
2024-08-17T15:00:00,568.76107,Sistema
2024-08-17T16:00:00,568.76107,Sistema
2024-08-17T17:00:00,608.76107,Sistema
2024-08-17T18:00:00,608.76107,Sistema
2024-08-17T19:00:00,623.26107,Sistema
2024-08-17T20:00:00,623.26107,Sistema
2024-08-17T21:00:00,623.26107,Sistema
2024-08-17T22:00:00,608.76107,Sistema
2024-08-17T23:00:00,608.76107,Sistema
2024-08-17T24:00:00,568.76107,Sistema
2024-08-18T01:00:00,624.60391,Sistema
2024-08-18T02:00:00,624.60391,Sistema
2024-08-18T03:00:00,598.21491,Sistema
2024-08-18T04:00:00,598.21491,Sistema
2024-08-18T05:00:00,598.21491,Sistema
2024-08-18T06:00:00,598.21491,Sistema
2024-08-18T07:00:00,598.21491,Sistema
2024-08-18T08:00:00,598.21491,Sistema
2024-08-18T09:00:00,598.10391,Sistema
2024-08-18T10:00:00,598.10391,Sistema
2024-08-18T11:00:00,598.21491,Sistema
2024-08-18T12:00:00,598.21491,Sistema
2024-08-18T13:00:00,598.21491,Sistema
2024-08-18T14:00:00,598.21491,Sistema
2024-08-18T15:00:00,598.21491,Sistema
2024-08-18T16:00:00,599.66991,Sistema
2024-08-18T17:00:00,599.66991,Sistema
2024-08-18T18:00:00,624.60391,Sistema
2024-08-18T19:00:00,624.60391,Sistema
2024-08-18T20:00:00,678.10391,Sistema
2024-08-18T21:00:00,624.60391,Sistema
2024-08-18T22:00:00,624.60391,Sistema
2024-08-18T23:00:00,624.60391,Sistema
2024-08-18T24:00:00,624.60391,Sistema
2024-08-19T01:00:00,643.02195,Sistema
2024-08-19T02:00:00,626.40295,Sistema
2024-08-19T03:00:00,626.40295,Sistema
2024-08-19T04:00:00,626.40295,Sistema
2024-08-19T05:00:00,626.40295,Sistema
2024-08-19T06:00:00,626.40295,Sistema
2024-08-19T07:00:00,624.52195,Sistema
2024-08-19T08:00:00,624.52195,Sistema
2024-08-19T09:00:00,624.52195,Sistema
2024-08-19T10:00:00,624.52195,Sistema
2024-08-19T11:00:00,624.52195,Sistema
2024-08-19T12:00:00,626.40295,Sistema
2024-08-19T13:00:00,643.02195,Sistema
2024-08-19T14:00:00,658.02195,Sistema
2024-08-19T15:00:00,658.02195,Sistema
2024-08-19T16:00:00,658.02195,Sistema
2024-08-19T17:00:00,658.02195,Sistema
2024-08-19T18:00:00,678.02195,Sistema
2024-08-19T19:00:00,698.13295,Sistema
2024-08-19T20:00:00,698.13295,Sistema
2024-08-19T21:00:00,698.13295,Sistema
2024-08-19T22:00:00,698.13295,Sistema
2024-08-19T23:00:00,678.02195,Sistema
2024-08-19T24:00:00,658.02195,Sistema
2024-08-20T01:00:00,698.04864,Sistema
2024-08-20T02:00:00,698.04864,Sistema
2024-08-20T03:00:00,626.40564,Sistema
2024-08-20T04:00:00,626.40564,Sistema
2024-08-20T05:00:00,698.04864,Sistema
2024-08-20T06:00:00,719.04864,Sistema
2024-08-20T07:00:00,719.04864,Sistema
2024-08-20T08:00:00,719.04864,Sistema
2024-08-20T09:00:00,719.04864,Sistema
2024-08-20T10:00:00,749.04864,Sistema
2024-08-20T11:00:00,758.04864,Sistema
2024-08-20T12:00:00,773.04864,Sistema
2024-08-20T13:00:00,773.04864,Sistema
2024-08-20T14:00:00,819.04864,Sistema
2024-08-20T15:00:00,819.04864,Sistema
2024-08-20T16:00:00,819.04864,Sistema
2024-08-20T17:00:00,819.04864,Sistema
2024-08-20T18:00:00,819.04864,Sistema
2024-08-20T19:00:00,823.04864,Sistema
2024-08-20T20:00:00,843.04864,Sistema
2024-08-20T21:00:00,843.04864,Sistema
2024-08-20T22:00:00,843.04864,Sistema
2024-08-20T23:00:00,819.04864,Sistema
2024-08-20T24:00:00,773.04864,Sistema
2024-08-21T01:00:00,708.58547,Sistema
2024-08-21T02:00:00,708.58547,Sistema
2024-08-21T03:00:00,708.58547,Sistema
2024-08-21T04:00:00,708.58547,Sistema
2024-08-21T05:00:00,708.58547,Sistema
2024-08-21T06:00:00,708.58547,Sistema
2024-08-21T07:00:00,708.58547,Sistema
2024-08-21T08:00:00,708.58547,Sistema
2024-08-21T09:00:00,708.58547,Sistema
2024-08-21T10:00:00,708.58547,Sistema
2024-08-21T11:00:00,708.58547,Sistema
2024-08-21T12:00:00,758.58547,Sistema
2024-08-21T13:00:00,758.58547,Sistema
2024-08-21T14:00:00,793.58547,Sistema
2024-08-21T15:00:00,793.58547,Sistema
2024-08-21T16:00:00,798.58547,Sistema
2024-08-21T17:00:00,813.58547,Sistema
2024-08-21T18:00:00,813.58547,Sistema
2024-08-21T19:00:00,819.58547,Sistema
2024-08-21T20:00:00,819.58547,Sistema
2024-08-21T21:00:00,819.58547,Sistema
2024-08-21T22:00:00,813.58547,Sistema
2024-08-21T23:00:00,798.58547,Sistema
2024-08-21T24:00:00,758.58547,Sistema
2024-08-22T01:00:00,768.36194,Sistema
2024-08-22T02:00:00,768.36194,Sistema
2024-08-22T03:00:00,768.36194,Sistema
2024-08-22T04:00:00,628.13294,Sistema
2024-08-22T05:00:00,751.36194,Sistema
2024-08-22T06:00:00,768.36194,Sistema
2024-08-22T07:00:00,768.36194,Sistema
2024-08-22T08:00:00,768.36194,Sistema
2024-08-22T09:00:00,768.36194,Sistema
2024-08-22T10:00:00,768.36194,Sistema
2024-08-22T11:00:00,768.36194,Sistema
2024-08-22T12:00:00,788.36194,Sistema
2024-08-22T13:00:00,768.36194,Sistema
2024-08-22T14:00:00,790.48694,Sistema
2024-08-22T15:00:00,819.36194,Sistema
2024-08-22T16:00:00,819.36194,Sistema
2024-08-22T17:00:00,819.36194,Sistema
2024-08-22T18:00:00,819.36194,Sistema
2024-08-22T19:00:00,823.36194,Sistema
2024-08-22T20:00:00,823.36194,Sistema
2024-08-22T21:00:00,823.36194,Sistema
2024-08-22T22:00:00,823.36194,Sistema
2024-08-22T23:00:00,819.36194,Sistema
2024-08-22T24:00:00,819.36194,Sistema
2024-08-23T01:00:00,708.06522,Sistema
2024-08-23T02:00:00,698.06522,Sistema
2024-08-23T03:00:00,648.06522,Sistema
2024-08-23T04:00:00,648.06522,Sistema
2024-08-23T05:00:00,648.06522,Sistema
2024-08-23T06:00:00,708.06522,Sistema
2024-08-23T07:00:00,698.06522,Sistema
2024-08-23T08:00:00,708.06522,Sistema
2024-08-23T09:00:00,708.06522,Sistema
2024-08-23T10:00:00,708.06522,Sistema
2024-08-23T11:00:00,708.06522,Sistema
2024-08-23T12:00:00,708.06522,Sistema
2024-08-23T13:00:00,708.06522,Sistema
2024-08-23T14:00:00,708.06522,Sistema
2024-08-23T15:00:00,718.06522,Sistema
2024-08-23T16:00:00,718.06522,Sistema
2024-08-23T17:00:00,718.06522,Sistema
2024-08-23T18:00:00,708.06522,Sistema
2024-08-23T19:00:00,718.06522,Sistema
2024-08-23T20:00:00,718.06522,Sistema
2024-08-23T21:00:00,718.06522,Sistema
2024-08-23T22:00:00,708.06522,Sistema
2024-08-23T23:00:00,708.06522,Sistema
2024-08-23T24:00:00,708.06522,Sistema
2024-08-24T01:00:00,623.579,Sistema
2024-08-24T02:00:00,623.579,Sistema
2024-08-24T03:00:00,623.579,Sistema
2024-08-24T04:00:00,623.579,Sistema
2024-08-24T05:00:00,623.579,Sistema
2024-08-24T06:00:00,623.579,Sistema
2024-08-24T07:00:00,623.579,Sistema
2024-08-24T08:00:00,623.579,Sistema
2024-08-24T09:00:00,623.579,Sistema
2024-08-24T10:00:00,623.579,Sistema
2024-08-24T11:00:00,632.724,Sistema
2024-08-24T12:00:00,632.724,Sistema
2024-08-24T13:00:00,632.724,Sistema
2024-08-24T14:00:00,632.724,Sistema
2024-08-24T15:00:00,632.724,Sistema
2024-08-24T16:00:00,632.724,Sistema
2024-08-24T17:00:00,632.724,Sistema
2024-08-24T18:00:00,709.379,Sistema
2024-08-24T19:00:00,709.379,Sistema
2024-08-24T20:00:00,709.379,Sistema
2024-08-24T21:00:00,709.379,Sistema
2024-08-24T22:00:00,709.379,Sistema
2024-08-24T23:00:00,658.379,Sistema
2024-08-24T24:00:00,632.724,Sistema
2024-08-25T01:00:00,598.47852,Sistema
2024-08-25T02:00:00,598.47852,Sistema
2024-08-25T03:00:00,598.47852,Sistema
2024-08-25T04:00:00,598.47852,Sistema
2024-08-25T05:00:00,598.47852,Sistema
2024-08-25T06:00:00,598.47852,Sistema
2024-08-25T07:00:00,525.66152,Sistema
2024-08-25T08:00:00,515.75552,Sistema
2024-08-25T09:00:00,515.75552,Sistema
2024-08-25T10:00:00,525.66152,Sistema
2024-08-25T11:00:00,598.47852,Sistema
2024-08-25T12:00:00,598.47852,Sistema
2024-08-25T13:00:00,598.47852,Sistema
2024-08-25T14:00:00,598.47852,Sistema
2024-08-25T15:00:00,598.47852,Sistema
2024-08-25T16:00:00,598.47852,Sistema
2024-08-25T17:00:00,598.47852,Sistema
2024-08-25T18:00:00,598.47852,Sistema
2024-08-25T19:00:00,634.47852,Sistema
2024-08-25T20:00:00,634.47852,Sistema
2024-08-25T21:00:00,634.47852,Sistema
2024-08-25T22:00:00,634.47852,Sistema
2024-08-25T23:00:00,634.47852,Sistema
2024-08-25T24:00:00,610.32252,Sistema
2024-08-26T01:00:00,110.08546,Sistema
2024-08-26T02:00:00,110.08546,Sistema
2024-08-26T03:00:00,110.08546,Sistema
2024-08-26T04:00:00,110.08546,Sistema
2024-08-26T05:00:00,225.22046,Sistema
2024-08-26T06:00:00,283.25546,Sistema
2024-08-26T07:00:00,519.27546,Sistema
2024-08-26T08:00:00,519.27546,Sistema
2024-08-26T09:00:00,519.27546,Sistema
2024-08-26T10:00:00,519.27546,Sistema
2024-08-26T11:00:00,519.27546,Sistema
2024-08-26T12:00:00,521.34746,Sistema
2024-08-26T13:00:00,519.27546,Sistema
2024-08-26T14:00:00,519.27546,Sistema
2024-08-26T15:00:00,521.34746,Sistema
2024-08-26T16:00:00,521.34746,Sistema
2024-08-26T17:00:00,521.34746,Sistema
2024-08-26T18:00:00,636.27546,Sistema
2024-08-26T19:00:00,657.27546,Sistema
2024-08-26T20:00:00,657.27546,Sistema
2024-08-26T21:00:00,657.27546,Sistema
2024-08-26T22:00:00,636.27546,Sistema
2024-08-26T23:00:00,521.34746,Sistema
2024-08-26T24:00:00,519.27546,Sistema
2024-08-27T01:00:00,277.37372,Sistema
2024-08-27T02:00:00,424.91972,Sistema
2024-08-27T03:00:00,271.37372,Sistema
2024-08-27T04:00:00,266.50372,Sistema
2024-08-27T05:00:00,271.37372,Sistema
2024-08-27T06:00:00,521.39372,Sistema
2024-08-27T07:00:00,521.39372,Sistema
2024-08-27T08:00:00,521.39372,Sistema
2024-08-27T09:00:00,521.39372,Sistema
2024-08-27T10:00:00,561.39372,Sistema
2024-08-27T11:00:00,561.39372,Sistema
2024-08-27T12:00:00,561.39372,Sistema
2024-08-27T13:00:00,561.39372,Sistema
2024-08-27T14:00:00,561.39372,Sistema
2024-08-27T15:00:00,591.29372,Sistema
2024-08-27T16:00:00,605.45072,Sistema
2024-08-27T17:00:00,641.39372,Sistema
2024-08-27T18:00:00,641.39372,Sistema
2024-08-27T19:00:00,646.39372,Sistema
2024-08-27T20:00:00,646.39372,Sistema
2024-08-27T21:00:00,646.39372,Sistema
2024-08-27T22:00:00,646.39372,Sistema
2024-08-27T23:00:00,641.39372,Sistema
2024-08-27T24:00:00,591.29372,Sistema
2024-08-28T01:00:00,464.68284,Sistema
2024-08-28T02:00:00,464.68284,Sistema
2024-08-28T03:00:00,464.68284,Sistema
2024-08-28T04:00:00,464.68284,Sistema
2024-08-28T05:00:00,464.68284,Sistema
2024-08-28T06:00:00,524.68284,Sistema
2024-08-28T07:00:00,524.68284,Sistema
2024-08-28T08:00:00,524.68284,Sistema
2024-08-28T09:00:00,524.68284,Sistema
2024-08-28T10:00:00,524.68284,Sistema
2024-08-28T11:00:00,539.68284,Sistema
2024-08-28T12:00:00,539.68284,Sistema
2024-08-28T13:00:00,539.68284,Sistema
2024-08-28T14:00:00,539.68284,Sistema
2024-08-28T15:00:00,539.68284,Sistema
2024-08-28T16:00:00,539.68284,Sistema
2024-08-28T17:00:00,539.68284,Sistema
2024-08-28T18:00:00,584.58284,Sistema
2024-08-28T19:00:00,644.68284,Sistema
2024-08-28T20:00:00,790.68284,Sistema
2024-08-28T21:00:00,644.68284,Sistema
2024-08-28T22:00:00,584.58284,Sistema
2024-08-28T23:00:00,539.68284,Sistema
2024-08-28T24:00:00,524.68284,Sistema
2024-08-29T01:00:00,469.95226,Sistema
2024-08-29T02:00:00,469.95226,Sistema
2024-08-29T03:00:00,469.95226,Sistema
2024-08-29T04:00:00,469.95226,Sistema
2024-08-29T05:00:00,469.95226,Sistema
2024-08-29T06:00:00,519.95226,Sistema
2024-08-29T07:00:00,469.95226,Sistema
2024-08-29T08:00:00,469.95226,Sistema
2024-08-29T09:00:00,469.95226,Sistema
2024-08-29T10:00:00,469.95226,Sistema
2024-08-29T11:00:00,519.95226,Sistema
2024-08-29T12:00:00,519.95226,Sistema
2024-08-29T13:00:00,519.95226,Sistema
2024-08-29T14:00:00,519.95226,Sistema
2024-08-29T15:00:00,519.95226,Sistema
2024-08-29T16:00:00,519.95226,Sistema
2024-08-29T17:00:00,519.95226,Sistema
2024-08-29T18:00:00,519.95226,Sistema
2024-08-29T19:00:00,587.95226,Sistema
2024-08-29T20:00:00,587.95226,Sistema
2024-08-29T21:00:00,587.95226,Sistema
2024-08-29T22:00:00,519.95226,Sistema
2024-08-29T23:00:00,519.95226,Sistema
2024-08-29T24:00:00,519.95226,Sistema
2024-08-30T01:00:00,444.51898,Sistema
2024-08-30T02:00:00,422.45798,Sistema
2024-08-30T03:00:00,438.93198,Sistema
2024-08-30T04:00:00,438.93198,Sistema
2024-08-30T05:00:00,422.45798,Sistema
2024-08-30T06:00:00,468.93198,Sistema
2024-08-30T07:00:00,468.93198,Sistema
2024-08-30T08:00:00,444.51898,Sistema
2024-08-30T09:00:00,438.93198,Sistema
2024-08-30T10:00:00,438.93198,Sistema
2024-08-30T11:00:00,468.93198,Sistema
2024-08-30T12:00:00,468.93198,Sistema
2024-08-30T13:00:00,468.93198,Sistema
2024-08-30T14:00:00,468.93198,Sistema
2024-08-30T15:00:00,561.93198,Sistema
2024-08-30T16:00:00,561.93198,Sistema
2024-08-30T17:00:00,561.93198,Sistema
2024-08-30T18:00:00,561.93198,Sistema
2024-08-30T19:00:00,561.93198,Sistema
2024-08-30T20:00:00,568.93198,Sistema
2024-08-30T21:00:00,561.93198,Sistema
2024-08-30T22:00:00,561.93198,Sistema
2024-08-30T23:00:00,561.93198,Sistema
2024-08-30T24:00:00,468.93198,Sistema
2024-08-31T01:00:00,508.88896,Sistema
2024-08-31T02:00:00,508.88896,Sistema
2024-08-31T03:00:00,508.88896,Sistema
2024-08-31T04:00:00,508.88896,Sistema
2024-08-31T05:00:00,508.88896,Sistema
2024-08-31T06:00:00,508.88896,Sistema
2024-08-31T07:00:00,508.88896,Sistema
2024-08-31T08:00:00,508.88896,Sistema
2024-08-31T09:00:00,508.88896,Sistema
2024-08-31T10:00:00,508.88896,Sistema
2024-08-31T11:00:00,556.37596,Sistema
2024-08-31T12:00:00,559.37596,Sistema
2024-08-31T13:00:00,564.37596,Sistema
2024-08-31T14:00:00,564.37596,Sistema
2024-08-31T15:00:00,564.37596,Sistema
2024-08-31T16:00:00,564.37596,Sistema
2024-08-31T17:00:00,569.37596,Sistema
2024-08-31T18:00:00,569.37596,Sistema
2024-08-31T19:00:00,569.37596,Sistema
2024-08-31T20:00:00,569.37596,Sistema
2024-08-31T21:00:00,569.37596,Sistema
2024-08-31T22:00:00,569.37596,Sistema
2024-08-31T23:00:00,564.37596,Sistema
2024-08-31T24:00:00,559.37596,Sistema
2024-09-01T01:00:00,557.53868,Sistema
2024-09-01T02:00:00,557.53868,Sistema
2024-09-01T03:00:00,557.53868,Sistema
2024-09-01T04:00:00,557.53868,Sistema
2024-09-01T05:00:00,557.53868,Sistema
2024-09-01T06:00:00,557.53868,Sistema
2024-09-01T07:00:00,557.53868,Sistema
2024-09-01T08:00:00,557.53868,Sistema
2024-09-01T09:00:00,552.53868,Sistema
2024-09-01T10:00:00,552.53868,Sistema
2024-09-01T11:00:00,552.53868,Sistema
2024-09-01T12:00:00,557.53868,Sistema
2024-09-01T13:00:00,557.53868,Sistema
2024-09-01T14:00:00,557.53868,Sistema
2024-09-01T15:00:00,557.53868,Sistema
2024-09-01T16:00:00,557.53868,Sistema
2024-09-01T17:00:00,557.53868,Sistema
2024-09-01T18:00:00,582.53868,Sistema
2024-09-01T19:00:00,641.53868,Sistema
2024-09-01T20:00:00,643.05168,Sistema
2024-09-01T21:00:00,643.05168,Sistema
2024-09-01T22:00:00,641.53868,Sistema
2024-09-01T23:00:00,639.53868,Sistema
2024-09-01T24:00:00,582.53868,Sistema
2024-09-02T01:00:00,559.98981,Sistema
2024-09-02T02:00:00,582.98981,Sistema
2024-09-02T03:00:00,493.98981,Sistema
2024-09-02T04:00:00,493.98981,Sistema
2024-09-02T05:00:00,493.98981,Sistema
2024-09-02T06:00:00,619.85781,Sistema
2024-09-02T07:00:00,644.98981,Sistema
2024-09-02T08:00:00,644.98981,Sistema
2024-09-02T09:00:00,644.98981,Sistema
2024-09-02T10:00:00,644.98981,Sistema
2024-09-02T11:00:00,644.98981,Sistema
2024-09-02T12:00:00,648.98981,Sistema
2024-09-02T13:00:00,648.98981,Sistema
2024-09-02T14:00:00,649.98981,Sistema
2024-09-02T15:00:00,663.80281,Sistema
2024-09-02T16:00:00,663.80281,Sistema
2024-09-02T17:00:00,722.98981,Sistema
2024-09-02T18:00:00,722.98981,Sistema
2024-09-02T19:00:00,722.98981,Sistema
2024-09-02T20:00:00,722.98981,Sistema
2024-09-02T21:00:00,722.98981,Sistema
2024-09-02T22:00:00,722.98981,Sistema
2024-09-02T23:00:00,663.80281,Sistema
2024-09-02T24:00:00,649.98981,Sistema
2024-09-03T01:00:00,619.53616,Sistema
2024-09-03T02:00:00,619.53616,Sistema
2024-09-03T03:00:00,619.53616,Sistema
2024-09-03T04:00:00,619.53616,Sistema
2024-09-03T05:00:00,619.53616,Sistema
2024-09-03T06:00:00,619.53616,Sistema
2024-09-03T07:00:00,619.53616,Sistema
2024-09-03T08:00:00,630.53616,Sistema
2024-09-03T09:00:00,630.53616,Sistema
2024-09-03T10:00:00,619.53616,Sistema
2024-09-03T11:00:00,630.53616,Sistema
2024-09-03T12:00:00,632.53616,Sistema
2024-09-03T13:00:00,632.53616,Sistema
2024-09-03T14:00:00,632.53616,Sistema
2024-09-03T15:00:00,632.53616,Sistema
2024-09-03T16:00:00,632.53616,Sistema
2024-09-03T17:00:00,663.34916,Sistema
2024-09-03T18:00:00,663.34916,Sistema
2024-09-03T19:00:00,663.34916,Sistema
2024-09-03T20:00:00,663.34916,Sistema
2024-09-03T21:00:00,663.34916,Sistema
2024-09-03T22:00:00,663.34916,Sistema
2024-09-03T23:00:00,632.53616,Sistema
2024-09-03T24:00:00,630.53616,Sistema
2024-09-04T01:00:00,632.58135,Sistema
2024-09-04T02:00:00,632.58135,Sistema
2024-09-04T03:00:00,632.58135,Sistema
2024-09-04T04:00:00,632.58135,Sistema
2024-09-04T05:00:00,632.58135,Sistema
2024-09-04T06:00:00,632.58135,Sistema
2024-09-04T07:00:00,632.58135,Sistema
2024-09-04T08:00:00,632.58135,Sistema
2024-09-04T09:00:00,632.58135,Sistema
2024-09-04T10:00:00,632.58135,Sistema
2024-09-04T11:00:00,642.58135,Sistema
2024-09-04T12:00:00,652.58135,Sistema
2024-09-04T13:00:00,652.58135,Sistema
2024-09-04T14:00:00,663.58035,Sistema
2024-09-04T15:00:00,663.58035,Sistema
2024-09-04T16:00:00,663.58035,Sistema
2024-09-04T17:00:00,663.58035,Sistema
2024-09-04T18:00:00,663.58035,Sistema
2024-09-04T19:00:00,664.58135,Sistema
2024-09-04T20:00:00,665.58135,Sistema
2024-09-04T21:00:00,664.58135,Sistema
2024-09-04T22:00:00,664.58135,Sistema
2024-09-04T23:00:00,663.58035,Sistema
2024-09-04T24:00:00,652.58135,Sistema
2024-09-05T01:00:00,665.19387,Sistema
2024-09-05T02:00:00,652.19387,Sistema
2024-09-05T03:00:00,652.19387,Sistema
2024-09-05T04:00:00,652.19387,Sistema
2024-09-05T05:00:00,652.19387,Sistema
2024-09-05T06:00:00,665.19387,Sistema
2024-09-05T07:00:00,665.19387,Sistema
2024-09-05T08:00:00,665.19387,Sistema
2024-09-05T09:00:00,665.19387,Sistema
2024-09-05T10:00:00,665.19387,Sistema
2024-09-05T11:00:00,665.19387,Sistema
2024-09-05T12:00:00,665.19387,Sistema
2024-09-05T13:00:00,665.19387,Sistema
2024-09-05T14:00:00,665.19387,Sistema
2024-09-05T15:00:00,677.19387,Sistema
2024-09-05T16:00:00,687.19387,Sistema
2024-09-05T17:00:00,687.19387,Sistema
2024-09-05T18:00:00,687.19387,Sistema
2024-09-05T19:00:00,701.30787,Sistema
2024-09-05T20:00:00,701.30787,Sistema
2024-09-05T21:00:00,701.30787,Sistema
2024-09-05T22:00:00,692.19387,Sistema
2024-09-05T23:00:00,677.19387,Sistema
2024-09-05T24:00:00,665.19387,Sistema
2024-09-06T01:00:00,619.46324,Sistema
2024-09-06T02:00:00,619.46324,Sistema
2024-09-06T03:00:00,619.46324,Sistema
2024-09-06T04:00:00,619.46324,Sistema
2024-09-06T05:00:00,619.46324,Sistema
2024-09-06T06:00:00,682.59524,Sistema
2024-09-06T07:00:00,682.59524,Sistema
2024-09-06T08:00:00,682.59524,Sistema
2024-09-06T09:00:00,682.59524,Sistema
2024-09-06T10:00:00,682.59524,Sistema
2024-09-06T11:00:00,682.59524,Sistema
2024-09-06T12:00:00,697.59524,Sistema
2024-09-06T13:00:00,697.59524,Sistema
2024-09-06T14:00:00,727.59524,Sistema
2024-09-06T15:00:00,752.59524,Sistema
2024-09-06T16:00:00,752.59524,Sistema
2024-09-06T17:00:00,732.59524,Sistema
2024-09-06T18:00:00,752.59524,Sistema
2024-09-06T19:00:00,757.59524,Sistema
2024-09-06T20:00:00,757.59524,Sistema
2024-09-06T21:00:00,757.59524,Sistema
2024-09-06T22:00:00,732.59524,Sistema
2024-09-06T23:00:00,697.59524,Sistema
2024-09-06T24:00:00,682.59524,Sistema
2024-09-07T01:00:00,698.52359,Sistema
2024-09-07T02:00:00,698.52359,Sistema
2024-09-07T03:00:00,698.52359,Sistema
2024-09-07T04:00:00,697.40959,Sistema
2024-09-07T05:00:00,697.40959,Sistema
2024-09-07T06:00:00,697.40959,Sistema
2024-09-07T07:00:00,697.40959,Sistema
2024-09-07T08:00:00,698.52359,Sistema
2024-09-07T09:00:00,690.92359,Sistema
2024-09-07T10:00:00,697.40959,Sistema
2024-09-07T11:00:00,697.40959,Sistema
2024-09-07T12:00:00,698.52359,Sistema
2024-09-07T13:00:00,698.52359,Sistema
2024-09-07T14:00:00,698.52359,Sistema
2024-09-07T15:00:00,698.52359,Sistema
2024-09-07T16:00:00,698.52359,Sistema
2024-09-07T17:00:00,698.52359,Sistema
2024-09-07T18:00:00,698.52359,Sistema
2024-09-07T19:00:00,757.40959,Sistema
2024-09-07T20:00:00,757.40959,Sistema
2024-09-07T21:00:00,762.40959,Sistema
2024-09-07T22:00:00,757.40959,Sistema
2024-09-07T23:00:00,752.40959,Sistema
2024-09-07T24:00:00,698.52359,Sistema
2024-09-08T01:00:00,620.09236,Sistema
2024-09-08T02:00:00,620.09236,Sistema
2024-09-08T03:00:00,620.09236,Sistema
2024-09-08T04:00:00,620.09236,Sistema
2024-09-08T05:00:00,620.09236,Sistema
2024-09-08T06:00:00,603.22436,Sistema
2024-09-08T07:00:00,428.07336,Sistema
2024-09-08T08:00:00,403.22436,Sistema
2024-09-08T09:00:00,403.22436,Sistema
2024-09-08T10:00:00,403.22436,Sistema
2024-09-08T11:00:00,603.22436,Sistema
2024-09-08T12:00:00,603.22436,Sistema
2024-09-08T13:00:00,620.09236,Sistema
2024-09-08T14:00:00,691.73836,Sistema
2024-09-08T15:00:00,713.22436,Sistema
2024-09-08T16:00:00,714.22436,Sistema
2024-09-08T17:00:00,714.22436,Sistema
2024-09-08T18:00:00,752.22436,Sistema
2024-09-08T19:00:00,755.72436,Sistema
2024-09-08T20:00:00,755.72436,Sistema
2024-09-08T21:00:00,755.72436,Sistema
2024-09-08T22:00:00,755.72436,Sistema
2024-09-08T23:00:00,753.22436,Sistema
2024-09-08T24:00:00,714.22436,Sistema
2024-09-09T01:00:00,463.83742,Sistema
2024-09-09T02:00:00,463.83742,Sistema
2024-09-09T03:00:00,463.83742,Sistema
2024-09-09T04:00:00,463.83742,Sistema
2024-09-09T05:00:00,463.83742,Sistema
2024-09-09T06:00:00,623.83742,Sistema
2024-09-09T07:00:00,623.83742,Sistema
2024-09-09T08:00:00,623.83742,Sistema
2024-09-09T09:00:00,623.83742,Sistema
2024-09-09T10:00:00,692.35142,Sistema
2024-09-09T11:00:00,753.83742,Sistema
2024-09-09T12:00:00,756.33742,Sistema
2024-09-09T13:00:00,756.33742,Sistema
2024-09-09T14:00:00,756.33742,Sistema
2024-09-09T15:00:00,756.33742,Sistema
2024-09-09T16:00:00,756.33742,Sistema
2024-09-09T17:00:00,758.83742,Sistema
2024-09-09T18:00:00,756.33742,Sistema
2024-09-09T19:00:00,763.83742,Sistema
2024-09-09T20:00:00,793.83742,Sistema
2024-09-09T21:00:00,763.83742,Sistema
2024-09-09T22:00:00,756.33742,Sistema
2024-09-09T23:00:00,756.33742,Sistema
2024-09-09T24:00:00,753.83742,Sistema
2024-09-10T01:00:00,754.30232,Sistema
2024-09-10T02:00:00,754.30232,Sistema
2024-09-10T03:00:00,754.30232,Sistema
2024-09-10T04:00:00,754.30232,Sistema
2024-09-10T05:00:00,754.30232,Sistema
2024-09-10T06:00:00,757.30232,Sistema
2024-09-10T07:00:00,757.30232,Sistema
2024-09-10T08:00:00,757.30232,Sistema
2024-09-10T09:00:00,760.30232,Sistema
2024-09-10T10:00:00,760.30232,Sistema
2024-09-10T11:00:00,760.30232,Sistema
2024-09-10T12:00:00,760.30232,Sistema
2024-09-10T13:00:00,760.30232,Sistema
2024-09-10T14:00:00,769.41632,Sistema
2024-09-10T15:00:00,769.41632,Sistema
2024-09-10T16:00:00,769.41632,Sistema
2024-09-10T17:00:00,769.41632,Sistema
2024-09-10T18:00:00,769.41632,Sistema
2024-09-10T19:00:00,773.30232,Sistema
2024-09-10T20:00:00,773.64932,Sistema
2024-09-10T21:00:00,769.41632,Sistema
2024-09-10T22:00:00,769.41632,Sistema
2024-09-10T23:00:00,760.30232,Sistema
2024-09-10T24:00:00,760.30232,Sistema
2024-09-11T01:00:00,771.52093,Sistema
2024-09-11T02:00:00,771.52093,Sistema
2024-09-11T03:00:00,771.52093,Sistema
2024-09-11T04:00:00,771.52093,Sistema
2024-09-11T05:00:00,771.52093,Sistema
2024-09-11T06:00:00,771.57293,Sistema
2024-09-11T07:00:00,771.52093,Sistema
2024-09-11T08:00:00,771.57293,Sistema
2024-09-11T09:00:00,773.86793,Sistema
2024-09-11T10:00:00,777.42093,Sistema
2024-09-11T11:00:00,777.42093,Sistema
2024-09-11T12:00:00,777.42093,Sistema
2024-09-11T13:00:00,777.42093,Sistema
2024-09-11T14:00:00,804.52093,Sistema
2024-09-11T15:00:00,804.52093,Sistema
2024-09-11T16:00:00,806.52093,Sistema
2024-09-11T17:00:00,806.52093,Sistema
2024-09-11T18:00:00,806.52093,Sistema
2024-09-11T19:00:00,812.52093,Sistema
2024-09-11T20:00:00,812.52093,Sistema
2024-09-11T21:00:00,812.52093,Sistema
2024-09-11T22:00:00,806.52093,Sistema
2024-09-11T23:00:00,777.42093,Sistema
2024-09-11T24:00:00,777.42093,Sistema
2024-09-12T01:00:00,817.70653,Sistema
2024-09-12T02:00:00,792.10653,Sistema
2024-09-12T03:00:00,792.10653,Sistema
2024-09-12T04:00:00,792.10653,Sistema
2024-09-12T05:00:00,792.10653,Sistema
2024-09-12T06:00:00,817.70653,Sistema
2024-09-12T07:00:00,817.70653,Sistema
2024-09-12T08:00:00,817.70653,Sistema
2024-09-12T09:00:00,817.70653,Sistema
2024-09-12T10:00:00,817.70653,Sistema
2024-09-12T11:00:00,825.10653,Sistema
2024-09-12T12:00:00,825.10653,Sistema
2024-09-12T13:00:00,817.70653,Sistema
2024-09-12T14:00:00,827.10653,Sistema
2024-09-12T15:00:00,832.10653,Sistema
2024-09-12T16:00:00,832.10653,Sistema
2024-09-12T17:00:00,832.10653,Sistema
2024-09-12T18:00:00,832.10653,Sistema
2024-09-12T19:00:00,832.10653,Sistema
2024-09-12T20:00:00,832.10653,Sistema
2024-09-12T21:00:00,832.10653,Sistema
2024-09-12T22:00:00,825.10653,Sistema
2024-09-12T23:00:00,817.70653,Sistema
2024-09-12T24:00:00,817.70653,Sistema
2024-09-13T01:00:00,782.72109,Sistema
2024-09-13T02:00:00,782.72109,Sistema
2024-09-13T03:00:00,782.72109,Sistema
2024-09-13T04:00:00,782.72109,Sistema
2024-09-13T05:00:00,782.72109,Sistema
2024-09-13T06:00:00,782.72109,Sistema
2024-09-13T07:00:00,782.72109,Sistema
2024-09-13T08:00:00,782.72109,Sistema
2024-09-13T09:00:00,782.72109,Sistema
2024-09-13T10:00:00,782.72109,Sistema
2024-09-13T11:00:00,782.72109,Sistema
2024-09-13T12:00:00,827.72109,Sistema
2024-09-13T13:00:00,827.72109,Sistema
2024-09-13T14:00:00,827.72109,Sistema
2024-09-13T15:00:00,833.22109,Sistema
2024-09-13T16:00:00,833.22109,Sistema
2024-09-13T17:00:00,833.22109,Sistema
2024-09-13T18:00:00,833.22109,Sistema
2024-09-13T19:00:00,837.72109,Sistema
2024-09-13T20:00:00,837.72109,Sistema
2024-09-13T21:00:00,837.72109,Sistema
2024-09-13T22:00:00,852.72109,Sistema
2024-09-13T23:00:00,833.22109,Sistema
2024-09-13T24:00:00,827.72109,Sistema
2024-09-14T01:00:00,867.30143,Sistema
2024-09-14T02:00:00,862.30143,Sistema
2024-09-14T03:00:00,847.30143,Sistema
2024-09-14T04:00:00,847.30143,Sistema
2024-09-14T05:00:00,847.30143,Sistema
2024-09-14T06:00:00,847.30143,Sistema
2024-09-14T07:00:00,847.30143,Sistema
2024-09-14T08:00:00,847.30143,Sistema
2024-09-14T09:00:00,847.30143,Sistema
2024-09-14T10:00:00,861.30143,Sistema
2024-09-14T11:00:00,862.30143,Sistema
2024-09-14T12:00:00,867.30143,Sistema
2024-09-14T13:00:00,867.30143,Sistema
2024-09-14T14:00:00,867.30143,Sistema
2024-09-14T15:00:00,867.30143,Sistema
2024-09-14T16:00:00,867.30143,Sistema
2024-09-14T17:00:00,867.30143,Sistema
2024-09-14T18:00:00,867.30143,Sistema
2024-09-14T19:00:00,892.30143,Sistema
2024-09-14T20:00:00,892.30143,Sistema
2024-09-14T21:00:00,867.30143,Sistema
2024-09-14T22:00:00,867.30143,Sistema
2024-09-14T23:00:00,867.30143,Sistema
2024-09-14T24:00:00,867.30143,Sistema
2024-09-15T01:00:00,882.59781,Sistema
2024-09-15T02:00:00,882.59781,Sistema
2024-09-15T03:00:00,882.59781,Sistema
2024-09-15T04:00:00,882.59781,Sistema
2024-09-15T05:00:00,882.59781,Sistema
2024-09-15T06:00:00,882.59781,Sistema
2024-09-15T07:00:00,773.94481,Sistema
2024-09-15T08:00:00,668.30281,Sistema
2024-09-15T09:00:00,668.30281,Sistema
2024-09-15T10:00:00,668.30281,Sistema
2024-09-15T11:00:00,691.11181,Sistema
2024-09-15T12:00:00,882.59781,Sistema
2024-09-15T13:00:00,882.59781,Sistema
2024-09-15T14:00:00,882.59781,Sistema
2024-09-15T15:00:00,882.59781,Sistema
2024-09-15T16:00:00,882.59781,Sistema
2024-09-15T17:00:00,892.59781,Sistema
2024-09-15T18:00:00,894.09781,Sistema
2024-09-15T19:00:00,904.59781,Sistema
2024-09-15T20:00:00,904.79781,Sistema
2024-09-15T21:00:00,904.59781,Sistema
2024-09-15T22:00:00,894.09781,Sistema
2024-09-15T23:00:00,894.09781,Sistema
2024-09-15T24:00:00,894.09781,Sistema
2024-09-16T01:00:00,906.29547,Sistema
2024-09-16T02:00:00,906.29547,Sistema
2024-09-16T03:00:00,904.29547,Sistema
2024-09-16T04:00:00,904.29547,Sistema
2024-09-16T05:00:00,904.29547,Sistema
2024-09-16T06:00:00,906.29547,Sistema
2024-09-16T07:00:00,906.29547,Sistema
2024-09-16T08:00:00,904.29547,Sistema
2024-09-16T09:00:00,906.29547,Sistema
2024-09-16T10:00:00,906.29547,Sistema
2024-09-16T11:00:00,912.29547,Sistema
2024-09-16T12:00:00,912.29547,Sistema
2024-09-16T13:00:00,912.29547,Sistema
2024-09-16T14:00:00,912.29547,Sistema
2024-09-16T15:00:00,919.79547,Sistema
2024-09-16T16:00:00,919.79547,Sistema
2024-09-16T17:00:00,919.79547,Sistema
2024-09-16T18:00:00,919.79547,Sistema
2024-09-16T19:00:00,919.79547,Sistema
2024-09-16T20:00:00,919.79547,Sistema
2024-09-16T21:00:00,919.79547,Sistema
2024-09-16T22:00:00,919.79547,Sistema
2024-09-16T23:00:00,912.29547,Sistema
2024-09-16T24:00:00,906.29547,Sistema
2024-09-17T01:00:00,919.61228,Sistema
2024-09-17T02:00:00,915.11228,Sistema
2024-09-17T03:00:00,913.11228,Sistema
2024-09-17T04:00:00,913.11228,Sistema
2024-09-17T05:00:00,915.11228,Sistema
2024-09-17T06:00:00,919.61228,Sistema
2024-09-17T07:00:00,919.61228,Sistema
2024-09-17T08:00:00,919.61228,Sistema
2024-09-17T09:00:00,919.61228,Sistema
2024-09-17T10:00:00,919.61228,Sistema
2024-09-17T11:00:00,919.61228,Sistema
2024-09-17T12:00:00,920.11228,Sistema
2024-09-17T13:00:00,919.61228,Sistema
2024-09-17T14:00:00,919.61228,Sistema
2024-09-17T15:00:00,926.41228,Sistema
2024-09-17T16:00:00,926.41228,Sistema
2024-09-17T17:00:00,926.41228,Sistema
2024-09-17T18:00:00,926.41228,Sistema
2024-09-17T19:00:00,926.41228,Sistema
2024-09-17T20:00:00,927.11228,Sistema
2024-09-17T21:00:00,926.41228,Sistema
2024-09-17T22:00:00,926.41228,Sistema
2024-09-17T23:00:00,922.11228,Sistema
2024-09-17T24:00:00,919.61228,Sistema
2024-09-18T01:00:00,921.0953,Sistema
2024-09-18T02:00:00,921.0953,Sistema
2024-09-18T03:00:00,917.0953,Sistema
2024-09-18T04:00:00,917.0953,Sistema
2024-09-18T05:00:00,921.0953,Sistema
2024-09-18T06:00:00,921.0953,Sistema
2024-09-18T07:00:00,921.0953,Sistema
2024-09-18T08:00:00,921.0953,Sistema
2024-09-18T09:00:00,921.0953,Sistema
2024-09-18T10:00:00,922.0953,Sistema
2024-09-18T11:00:00,922.0953,Sistema
2024-09-18T12:00:00,923.0953,Sistema
2024-09-18T13:00:00,922.0953,Sistema
2024-09-18T14:00:00,927.5953,Sistema
2024-09-18T15:00:00,929.6953,Sistema
2024-09-18T16:00:00,929.6953,Sistema
2024-09-18T17:00:00,932.0953,Sistema
2024-09-18T18:00:00,932.0953,Sistema
2024-09-18T19:00:00,932.2093,Sistema
2024-09-18T20:00:00,932.2093,Sistema
2024-09-18T21:00:00,932.2093,Sistema
2024-09-18T22:00:00,932.2093,Sistema
2024-09-18T23:00:00,927.5953,Sistema
2024-09-18T24:00:00,922.0953,Sistema
2024-09-19T01:00:00,916.64552,Sistema
2024-09-19T02:00:00,916.64552,Sistema
2024-09-19T03:00:00,915.14552,Sistema
2024-09-19T04:00:00,906.14552,Sistema
2024-09-19T05:00:00,916.64552,Sistema
2024-09-19T06:00:00,916.64552,Sistema
2024-09-19T07:00:00,916.64552,Sistema
2024-09-19T08:00:00,916.64552,Sistema
2024-09-19T09:00:00,916.64552,Sistema
2024-09-19T10:00:00,928.14552,Sistema
2024-09-19T11:00:00,928.14552,Sistema
2024-09-19T12:00:00,932.34552,Sistema
2024-09-19T13:00:00,932.34652,Sistema
2024-09-19T14:00:00,932.34652,Sistema
2024-09-19T15:00:00,932.34652,Sistema
2024-09-19T16:00:00,932.34652,Sistema
2024-09-19T17:00:00,932.34652,Sistema
2024-09-19T18:00:00,932.34652,Sistema
2024-09-19T19:00:00,932.34652,Sistema
2024-09-19T20:00:00,933.14552,Sistema
2024-09-19T21:00:00,933.14552,Sistema
2024-09-19T22:00:00,932.34652,Sistema
2024-09-19T23:00:00,932.34652,Sistema
2024-09-19T24:00:00,932.34552,Sistema
2024-09-20T01:00:00,933.09393,Sistema
2024-09-20T02:00:00,932.19393,Sistema
2024-09-20T03:00:00,932.19393,Sistema
2024-09-20T04:00:00,932.19393,Sistema
2024-09-20T05:00:00,932.19393,Sistema
2024-09-20T06:00:00,932.19393,Sistema
2024-09-20T07:00:00,932.19393,Sistema
2024-09-20T08:00:00,932.19393,Sistema
2024-09-20T09:00:00,932.19393,Sistema
2024-09-20T10:00:00,933.09393,Sistema
2024-09-20T11:00:00,933.09393,Sistema
2024-09-20T12:00:00,933.09493,Sistema
2024-09-20T13:00:00,933.09493,Sistema
2024-09-20T14:00:00,933.09493,Sistema
2024-09-20T15:00:00,933.61593,Sistema
2024-09-20T16:00:00,934.49393,Sistema
2024-09-20T17:00:00,934.49393,Sistema
2024-09-20T18:00:00,934.49393,Sistema
2024-09-20T19:00:00,934.49393,Sistema
2024-09-20T20:00:00,934.49393,Sistema
2024-09-20T21:00:00,934.49393,Sistema
2024-09-20T22:00:00,934.49393,Sistema
2024-09-20T23:00:00,933.61593,Sistema
2024-09-20T24:00:00,933.09493,Sistema
2024-09-21T01:00:00,933.88929,Sistema
2024-09-21T02:00:00,933.88929,Sistema
2024-09-21T03:00:00,933.78929,Sistema
2024-09-21T04:00:00,933.78929,Sistema
2024-09-21T05:00:00,933.78929,Sistema
2024-09-21T06:00:00,933.78929,Sistema
2024-09-21T07:00:00,933.78929,Sistema
2024-09-21T08:00:00,933.78929,Sistema
2024-09-21T09:00:00,933.88929,Sistema
2024-09-21T10:00:00,933.88929,Sistema
2024-09-21T11:00:00,933.88929,Sistema
2024-09-21T12:00:00,934.08829,Sistema
2024-09-21T13:00:00,934.08829,Sistema
2024-09-21T14:00:00,934.08829,Sistema
2024-09-21T15:00:00,934.08829,Sistema
2024-09-21T16:00:00,934.08829,Sistema
2024-09-21T17:00:00,934.08829,Sistema
2024-09-21T18:00:00,934.38929,Sistema
2024-09-21T19:00:00,934.53929,Sistema
2024-09-21T20:00:00,934.53929,Sistema
2024-09-21T21:00:00,934.48929,Sistema
2024-09-21T22:00:00,934.08829,Sistema
2024-09-21T23:00:00,933.88929,Sistema
2024-09-21T24:00:00,933.78929,Sistema
2024-09-22T01:00:00,934.186,Sistema
2024-09-22T02:00:00,934.186,Sistema
2024-09-22T03:00:00,934.186,Sistema
2024-09-22T04:00:00,933.786,Sistema
2024-09-22T05:00:00,933.786,Sistema
2024-09-22T06:00:00,927.286,Sistema
2024-09-22T07:00:00,927.286,Sistema
2024-09-22T08:00:00,927.286,Sistema
2024-09-22T09:00:00,927.286,Sistema
2024-09-22T10:00:00,934.186,Sistema
2024-09-22T11:00:00,934.186,Sistema
2024-09-22T12:00:00,934.186,Sistema
2024-09-22T13:00:00,934.186,Sistema
2024-09-22T14:00:00,934.186,Sistema
2024-09-22T15:00:00,934.186,Sistema
2024-09-22T16:00:00,934.186,Sistema
2024-09-22T17:00:00,934.186,Sistema
2024-09-22T18:00:00,934.186,Sistema
2024-09-22T19:00:00,934.686,Sistema
2024-09-22T20:00:00,934.686,Sistema
2024-09-22T21:00:00,934.686,Sistema
2024-09-22T22:00:00,934.686,Sistema
2024-09-22T23:00:00,934.186,Sistema
2024-09-22T24:00:00,934.186,Sistema
2024-09-23T01:00:00,933.60056,Sistema
2024-09-23T02:00:00,933.60056,Sistema
2024-09-23T03:00:00,931.60056,Sistema
2024-09-23T04:00:00,931.60056,Sistema
2024-09-23T05:00:00,931.60056,Sistema
2024-09-23T06:00:00,933.60056,Sistema
2024-09-23T07:00:00,934.49956,Sistema
2024-09-23T08:00:00,934.49956,Sistema
2024-09-23T09:00:00,934.49956,Sistema
2024-09-23T10:00:00,934.49956,Sistema
2024-09-23T11:00:00,934.51056,Sistema
2024-09-23T12:00:00,934.51556,Sistema
2024-09-23T13:00:00,934.51056,Sistema
2024-09-23T14:00:00,934.51556,Sistema
2024-09-23T15:00:00,934.52056,Sistema
2024-09-23T16:00:00,934.52056,Sistema
2024-09-23T17:00:00,934.53056,Sistema
2024-09-23T18:00:00,934.53056,Sistema
2024-09-23T19:00:00,934.55056,Sistema
2024-09-23T20:00:00,934.55056,Sistema
2024-09-23T21:00:00,934.55056,Sistema
2024-09-23T22:00:00,934.55056,Sistema
2024-09-23T23:00:00,934.52056,Sistema
2024-09-23T24:00:00,934.51556,Sistema
2024-09-24T01:00:00,934.71025,Sistema
2024-09-24T02:00:00,931.80025,Sistema
2024-09-24T03:00:00,931.80025,Sistema
2024-09-24T04:00:00,931.80025,Sistema
2024-09-24T05:00:00,933.80025,Sistema
2024-09-24T06:00:00,934.71025,Sistema
2024-09-24T07:00:00,934.71025,Sistema
2024-09-24T08:00:00,933.80025,Sistema
2024-09-24T09:00:00,934.71025,Sistema
2024-09-24T10:00:00,934.71525,Sistema
2024-09-24T11:00:00,934.71525,Sistema
2024-09-24T12:00:00,934.74125,Sistema
2024-09-24T13:00:00,934.72025,Sistema
2024-09-24T14:00:00,934.72025,Sistema
2024-09-24T15:00:00,934.74125,Sistema
2024-09-24T16:00:00,934.74125,Sistema
2024-09-24T17:00:00,934.74125,Sistema
2024-09-24T18:00:00,934.74125,Sistema
2024-09-24T19:00:00,934.75025,Sistema
2024-09-24T20:00:00,934.75025,Sistema
2024-09-24T21:00:00,934.75025,Sistema
2024-09-24T22:00:00,934.74125,Sistema
2024-09-24T23:00:00,934.74125,Sistema
2024-09-24T24:00:00,934.71525,Sistema
2024-09-25T01:00:00,906.27993,Sistema
2024-09-25T02:00:00,905.77993,Sistema
2024-09-25T03:00:00,905.77993,Sistema
2024-09-25T04:00:00,905.77993,Sistema
2024-09-25T05:00:00,905.77993,Sistema
2024-09-25T06:00:00,906.27993,Sistema
2024-09-25T07:00:00,906.27993,Sistema
2024-09-25T08:00:00,905.77993,Sistema
2024-09-25T09:00:00,906.27993,Sistema
2024-09-25T10:00:00,934.69493,Sistema
2024-09-25T11:00:00,934.69493,Sistema
2024-09-25T12:00:00,934.69993,Sistema
2024-09-25T13:00:00,934.69993,Sistema
2024-09-25T14:00:00,934.73993,Sistema
2024-09-25T15:00:00,934.74993,Sistema
2024-09-25T16:00:00,934.74993,Sistema
2024-09-25T17:00:00,934.74993,Sistema
2024-09-25T18:00:00,934.74993,Sistema
2024-09-25T19:00:00,934.74993,Sistema
2024-09-25T20:00:00,934.80093,Sistema
2024-09-25T21:00:00,934.74993,Sistema
2024-09-25T22:00:00,934.74993,Sistema
2024-09-25T23:00:00,934.69993,Sistema
2024-09-25T24:00:00,934.69493,Sistema
2024-09-26T01:00:00,905.68907,Sistema
2024-09-26T02:00:00,905.68907,Sistema
2024-09-26T03:00:00,905.68907,Sistema
2024-09-26T04:00:00,905.68907,Sistema
2024-09-26T05:00:00,905.68907,Sistema
2024-09-26T06:00:00,905.68907,Sistema
2024-09-26T07:00:00,905.68907,Sistema
2024-09-26T08:00:00,905.68907,Sistema
2024-09-26T09:00:00,905.68907,Sistema
2024-09-26T10:00:00,906.08907,Sistema
2024-09-26T11:00:00,932.58907,Sistema
2024-09-26T12:00:00,932.58907,Sistema
2024-09-26T13:00:00,932.58907,Sistema
2024-09-26T14:00:00,932.58907,Sistema
2024-09-26T15:00:00,932.58907,Sistema
2024-09-26T16:00:00,934.55807,Sistema
2024-09-26T17:00:00,934.55807,Sistema
2024-09-26T18:00:00,934.55807,Sistema
2024-09-26T19:00:00,934.56007,Sistema
2024-09-26T20:00:00,934.56007,Sistema
2024-09-26T21:00:00,934.56007,Sistema
2024-09-26T22:00:00,934.54907,Sistema
2024-09-26T23:00:00,932.58907,Sistema
2024-09-26T24:00:00,915.08907,Sistema
2024-09-27T01:00:00,889.11923,Sistema
2024-09-27T02:00:00,889.11923,Sistema
2024-09-27T03:00:00,889.11923,Sistema
2024-09-27T04:00:00,889.11923,Sistema
2024-09-27T05:00:00,889.11923,Sistema
2024-09-27T06:00:00,890.11923,Sistema
2024-09-27T07:00:00,890.11923,Sistema
2024-09-27T08:00:00,890.11923,Sistema
2024-09-27T09:00:00,890.11923,Sistema
2024-09-27T10:00:00,891.11923,Sistema
2024-09-27T11:00:00,891.11923,Sistema
2024-09-27T12:00:00,906.11923,Sistema
2024-09-27T13:00:00,930.61923,Sistema
2024-09-27T14:00:00,930.61923,Sistema
2024-09-27T15:00:00,930.61923,Sistema
2024-09-27T16:00:00,930.61923,Sistema
2024-09-27T17:00:00,930.61923,Sistema
2024-09-27T18:00:00,930.61923,Sistema
2024-09-27T19:00:00,934.59023,Sistema
2024-09-27T20:00:00,934.59023,Sistema
2024-09-27T21:00:00,934.59023,Sistema
2024-09-27T22:00:00,930.61923,Sistema
2024-09-27T23:00:00,930.61923,Sistema
2024-09-27T24:00:00,930.61923,Sistema
2024-09-28T01:00:00,915.15174,Sistema
2024-09-28T02:00:00,889.15174,Sistema
2024-09-28T03:00:00,888.01774,Sistema
2024-09-28T04:00:00,888.01774,Sistema
2024-09-28T05:00:00,889.15174,Sistema
2024-09-28T06:00:00,889.15174,Sistema
2024-09-28T07:00:00,889.15174,Sistema
2024-09-28T08:00:00,889.15174,Sistema
2024-09-28T09:00:00,889.15174,Sistema
2024-09-28T10:00:00,889.15174,Sistema
2024-09-28T11:00:00,889.15174,Sistema
2024-09-28T12:00:00,934.61174,Sistema
2024-09-28T13:00:00,889.15174,Sistema
2024-09-28T14:00:00,934.61174,Sistema
2024-09-28T15:00:00,934.62274,Sistema
2024-09-28T16:00:00,934.62374,Sistema
2024-09-28T17:00:00,934.62374,Sistema
2024-09-28T18:00:00,934.62474,Sistema
2024-09-28T19:00:00,934.62574,Sistema
2024-09-28T20:00:00,934.62574,Sistema
2024-09-28T21:00:00,934.62574,Sistema
2024-09-28T22:00:00,934.62474,Sistema
2024-09-28T23:00:00,934.62374,Sistema
2024-09-28T24:00:00,934.62274,Sistema
2024-09-29T01:00:00,934.56871,Sistema
2024-09-29T02:00:00,893.01671,Sistema
2024-09-29T03:00:00,887.96471,Sistema
2024-09-29T04:00:00,881.09871,Sistema
2024-09-29T05:00:00,887.96471,Sistema
2024-09-29T06:00:00,880.09871,Sistema
2024-09-29T07:00:00,880.09871,Sistema
2024-09-29T08:00:00,880.09871,Sistema
2024-09-29T09:00:00,880.09871,Sistema
2024-09-29T10:00:00,887.96471,Sistema
2024-09-29T11:00:00,893.01671,Sistema
2024-09-29T12:00:00,934.56871,Sistema
2024-09-29T13:00:00,934.56871,Sistema
2024-09-29T14:00:00,934.56871,Sistema
2024-09-29T15:00:00,934.56871,Sistema
2024-09-29T16:00:00,934.56871,Sistema
2024-09-29T17:00:00,934.56871,Sistema
2024-09-29T18:00:00,934.56871,Sistema
2024-09-29T19:00:00,934.57171,Sistema
2024-09-29T20:00:00,934.57171,Sistema
2024-09-29T21:00:00,934.57071,Sistema
2024-09-29T22:00:00,934.57071,Sistema
2024-09-29T23:00:00,934.56871,Sistema
2024-09-29T24:00:00,897.09871,Sistema
2024-09-30T01:00:00,2498.80407,Sistema
2024-09-30T02:00:00,2498.80407,Sistema
2024-09-30T03:00:00,2498.80407,Sistema
2024-09-30T04:00:00,2498.80407,Sistema
2024-09-30T05:00:00,2498.80407,Sistema
2024-09-30T06:00:00,2498.80407,Sistema
2024-09-30T07:00:00,2498.80407,Sistema
2024-09-30T08:00:00,2498.80407,Sistema
2024-09-30T09:00:00,2498.80407,Sistema
2024-09-30T10:00:00,2498.80407,Sistema
2024-09-30T11:00:00,2498.80407,Sistema
2024-09-30T12:00:00,2498.80407,Sistema
2024-09-30T13:00:00,2498.80407,Sistema
2024-09-30T14:00:00,2498.80407,Sistema
2024-09-30T15:00:00,2498.80407,Sistema
2024-09-30T16:00:00,2498.80407,Sistema
2024-09-30T17:00:00,2498.80407,Sistema
2024-09-30T18:00:00,2498.80407,Sistema
2024-09-30T19:00:00,2498.80407,Sistema
2024-09-30T20:00:00,2498.80407,Sistema
2024-09-30T21:00:00,2498.80407,Sistema
2024-09-30T22:00:00,2498.80407,Sistema
2024-09-30T23:00:00,2498.80407,Sistema
2024-09-30T24:00:00,2498.80407,Sistema
2024-10-01T01:00:00,943.08555,Sistema
2024-10-01T02:00:00,943.08555,Sistema
2024-10-01T03:00:00,943.08555,Sistema
2024-10-01T04:00:00,943.08555,Sistema
2024-10-01T05:00:00,943.08555,Sistema
2024-10-01T06:00:00,943.08555,Sistema
2024-10-01T07:00:00,943.08555,Sistema
2024-10-01T08:00:00,943.08555,Sistema
2024-10-01T09:00:00,943.08555,Sistema
2024-10-01T10:00:00,943.08555,Sistema
2024-10-01T11:00:00,943.08555,Sistema
2024-10-01T12:00:00,1039.08255,Sistema
2024-10-01T13:00:00,943.08555,Sistema
2024-10-01T14:00:00,1039.08255,Sistema
2024-10-01T15:00:00,1039.08255,Sistema
2024-10-01T16:00:00,1039.08255,Sistema
2024-10-01T17:00:00,1115.48555,Sistema
2024-10-01T18:00:00,1399.08255,Sistema
2024-10-01T19:00:00,1400.58255,Sistema
2024-10-01T20:00:00,1400.58255,Sistema
2024-10-01T21:00:00,1400.08255,Sistema
2024-10-01T22:00:00,1399.08255,Sistema
2024-10-01T23:00:00,1039.08255,Sistema
2024-10-01T24:00:00,943.08555,Sistema
2024-10-02T01:00:00,944.60437,Sistema
2024-10-02T02:00:00,944.60437,Sistema
2024-10-02T03:00:00,943.60437,Sistema
2024-10-02T04:00:00,943.60437,Sistema
2024-10-02T05:00:00,944.60437,Sistema
2024-10-02T06:00:00,944.60437,Sistema
2024-10-02T07:00:00,944.60437,Sistema
2024-10-02T08:00:00,944.60437,Sistema
2024-10-02T09:00:00,944.60437,Sistema
2024-10-02T10:00:00,944.60437,Sistema
2024-10-02T11:00:00,1008.72737,Sistema
2024-10-02T12:00:00,1008.72737,Sistema
2024-10-02T13:00:00,1008.72737,Sistema
2024-10-02T14:00:00,1008.72737,Sistema
2024-10-02T15:00:00,1398.60437,Sistema
2024-10-02T16:00:00,1398.60437,Sistema
2024-10-02T17:00:00,1400.60437,Sistema
2024-10-02T18:00:00,1400.60437,Sistema
2024-10-02T19:00:00,1659.50437,Sistema
2024-10-02T20:00:00,1659.50437,Sistema
2024-10-02T21:00:00,1659.49437,Sistema
2024-10-02T22:00:00,1400.60437,Sistema
2024-10-02T23:00:00,1008.72737,Sistema
2024-10-02T24:00:00,1008.72737,Sistema
2024-10-03T01:00:00,1390.59369,Sistema
2024-10-03T02:00:00,1089.15669,Sistema
2024-10-03T03:00:00,1089.15669,Sistema
2024-10-03T04:00:00,1089.15669,Sistema
2024-10-03T05:00:00,1089.15669,Sistema
2024-10-03T06:00:00,1089.15669,Sistema
2024-10-03T07:00:00,1089.15669,Sistema
2024-10-03T08:00:00,1089.15669,Sistema
2024-10-03T09:00:00,1089.15669,Sistema
2024-10-03T10:00:00,1089.15669,Sistema
2024-10-03T11:00:00,1089.15669,Sistema
2024-10-03T12:00:00,1390.59369,Sistema
2024-10-03T13:00:00,1113.99669,Sistema
2024-10-03T14:00:00,1390.59369,Sistema
2024-10-03T15:00:00,1658.48369,Sistema
2024-10-03T16:00:00,1697.59369,Sistema
2024-10-03T17:00:00,1697.59369,Sistema
2024-10-03T18:00:00,1967.59369,Sistema
2024-10-03T19:00:00,2495.24769,Sistema
2024-10-03T20:00:00,2495.24769,Sistema
2024-10-03T21:00:00,1967.59369,Sistema
2024-10-03T22:00:00,1967.59369,Sistema
2024-10-03T23:00:00,1697.59369,Sistema
2024-10-03T24:00:00,1390.59369,Sistema
2024-10-04T01:00:00,1247.59369,Sistema
2024-10-04T02:00:00,1188.43269,Sistema
2024-10-04T03:00:00,1188.43269,Sistema
2024-10-04T04:00:00,1188.43269,Sistema
2024-10-04T05:00:00,1188.43269,Sistema
2024-10-04T06:00:00,1188.43269,Sistema
2024-10-04T07:00:00,1188.43269,Sistema
2024-10-04T08:00:00,1188.43269,Sistema
2024-10-04T09:00:00,1247.59369,Sistema
2024-10-04T10:00:00,1247.59369,Sistema
2024-10-04T11:00:00,1247.59369,Sistema
2024-10-04T12:00:00,1247.59369,Sistema
2024-10-04T13:00:00,1247.59369,Sistema
2024-10-04T14:00:00,1247.59369,Sistema
2024-10-04T15:00:00,1390.59369,Sistema
2024-10-04T16:00:00,1658.48369,Sistema
2024-10-04T17:00:00,1658.48369,Sistema
2024-10-04T18:00:00,1658.48369,Sistema
2024-10-04T19:00:00,1658.48369,Sistema
2024-10-04T20:00:00,1658.48369,Sistema
2024-10-04T21:00:00,1927.59369,Sistema
2024-10-04T22:00:00,1927.59369,Sistema
2024-10-04T23:00:00,1390.59369,Sistema
2024-10-04T24:00:00,1247.59369,Sistema
2024-10-05T01:00:00,1658.39369,Sistema
2024-10-05T02:00:00,1236.59369,Sistema
2024-10-05T03:00:00,977.59369,Sistema
2024-10-05T04:00:00,969.89269,Sistema
2024-10-05T05:00:00,977.59369,Sistema
2024-10-05T06:00:00,969.89269,Sistema
2024-10-05T07:00:00,969.89269,Sistema
2024-10-05T08:00:00,977.59369,Sistema
2024-10-05T09:00:00,977.59369,Sistema
2024-10-05T10:00:00,1236.59369,Sistema
2024-10-05T11:00:00,977.59369,Sistema
2024-10-05T12:00:00,1236.59369,Sistema
2024-10-05T13:00:00,1236.59369,Sistema
2024-10-05T14:00:00,1236.59369,Sistema
2024-10-05T15:00:00,1390.59369,Sistema
2024-10-05T16:00:00,1658.48369,Sistema
2024-10-05T17:00:00,1658.48369,Sistema
2024-10-05T18:00:00,1927.59369,Sistema
2024-10-05T19:00:00,1967.59369,Sistema
2024-10-05T20:00:00,1967.59369,Sistema
2024-10-05T21:00:00,1966.59369,Sistema
2024-10-05T22:00:00,1927.59369,Sistema
2024-10-05T23:00:00,1390.59369,Sistema
2024-10-05T24:00:00,1390.59369,Sistema
2024-10-06T01:00:00,1658.43043,Sistema
2024-10-06T02:00:00,977.63043,Sistema
2024-10-06T03:00:00,977.63043,Sistema
2024-10-06T04:00:00,977.63043,Sistema
2024-10-06T05:00:00,975.63043,Sistema
2024-10-06T06:00:00,975.63043,Sistema
2024-10-06T07:00:00,975.63043,Sistema
2024-10-06T08:00:00,895.67543,Sistema
2024-10-06T09:00:00,923.63043,Sistema
2024-10-06T10:00:00,975.63043,Sistema
2024-10-06T11:00:00,975.63043,Sistema
2024-10-06T12:00:00,975.63043,Sistema
2024-10-06T13:00:00,975.63043,Sistema
2024-10-06T14:00:00,975.63043,Sistema
2024-10-06T15:00:00,975.63043,Sistema
2024-10-06T16:00:00,977.63043,Sistema
2024-10-06T17:00:00,977.63043,Sistema
2024-10-06T18:00:00,1390.63043,Sistema
2024-10-06T19:00:00,1659.63043,Sistema
2024-10-06T20:00:00,1659.63043,Sistema
2024-10-06T21:00:00,1658.43043,Sistema
2024-10-06T22:00:00,1659.63043,Sistema
2024-10-06T23:00:00,1390.63043,Sistema
2024-10-06T24:00:00,977.63043,Sistema
2024-10-07T01:00:00,1658.39369,Sistema
2024-10-07T02:00:00,1547.59369,Sistema
2024-10-07T03:00:00,1487.59369,Sistema
2024-10-07T04:00:00,1487.59369,Sistema
2024-10-07T05:00:00,1487.59369,Sistema
2024-10-07T06:00:00,1547.59369,Sistema
2024-10-07T07:00:00,1547.59369,Sistema
2024-10-07T08:00:00,1487.59369,Sistema
2024-10-07T09:00:00,1547.59369,Sistema
2024-10-07T10:00:00,1547.59369,Sistema
2024-10-07T11:00:00,1547.59369,Sistema
2024-10-07T12:00:00,1658.39369,Sistema
2024-10-07T13:00:00,1658.39369,Sistema
2024-10-07T14:00:00,1658.39369,Sistema
2024-10-07T15:00:00,1658.39369,Sistema
2024-10-07T16:00:00,1658.39369,Sistema
2024-10-07T17:00:00,1658.39369,Sistema
2024-10-07T18:00:00,1658.48369,Sistema
2024-10-07T19:00:00,1660.59369,Sistema
2024-10-07T20:00:00,1660.59369,Sistema
2024-10-07T21:00:00,1658.39369,Sistema
2024-10-07T22:00:00,1658.39369,Sistema
2024-10-07T23:00:00,1658.39369,Sistema
2024-10-07T24:00:00,1547.59369,Sistema
2024-10-08T01:00:00,1390.49369,Sistema
2024-10-08T02:00:00,1390.49369,Sistema
2024-10-08T03:00:00,1197.59369,Sistema
2024-10-08T04:00:00,1167.59369,Sistema
2024-10-08T05:00:00,1197.59369,Sistema
2024-10-08T06:00:00,1197.59369,Sistema
2024-10-08T07:00:00,1390.49369,Sistema
2024-10-08T08:00:00,1390.49369,Sistema
2024-10-08T09:00:00,1390.49369,Sistema
2024-10-08T10:00:00,1390.49369,Sistema
2024-10-08T11:00:00,1390.49369,Sistema
2024-10-08T12:00:00,1390.49369,Sistema
2024-10-08T13:00:00,1497.59369,Sistema
2024-10-08T14:00:00,1390.49369,Sistema
2024-10-08T15:00:00,1547.59369,Sistema
2024-10-08T16:00:00,1497.59369,Sistema
2024-10-08T17:00:00,1547.59369,Sistema
2024-10-08T18:00:00,1547.59369,Sistema
2024-10-08T19:00:00,1547.59369,Sistema
2024-10-08T20:00:00,1547.59369,Sistema
2024-10-08T21:00:00,1547.59369,Sistema
2024-10-08T22:00:00,1547.59369,Sistema
2024-10-08T23:00:00,1547.59369,Sistema
2024-10-08T24:00:00,1497.59369,Sistema
2024-10-09T01:00:00,1549.59369,Sistema
2024-10-09T02:00:00,1390.59369,Sistema
2024-10-09T03:00:00,1197.59369,Sistema
2024-10-09T04:00:00,1390.59369,Sistema
2024-10-09T05:00:00,1197.59369,Sistema
2024-10-09T06:00:00,1549.59369,Sistema
2024-10-09T07:00:00,1390.59369,Sistema
2024-10-09T08:00:00,1549.59369,Sistema
2024-10-09T09:00:00,1390.59369,Sistema
2024-10-09T10:00:00,1390.59369,Sistema
2024-10-09T11:00:00,1390.59369,Sistema
2024-10-09T12:00:00,1549.59369,Sistema
2024-10-09T13:00:00,1549.59369,Sistema
2024-10-09T14:00:00,1549.59369,Sistema
2024-10-09T15:00:00,1673.47469,Sistema
2024-10-09T16:00:00,1673.47469,Sistema
2024-10-09T17:00:00,1673.47469,Sistema
2024-10-09T18:00:00,1697.59369,Sistema
2024-10-09T19:00:00,1698.59369,Sistema
2024-10-09T20:00:00,1698.59369,Sistema
2024-10-09T21:00:00,1697.59369,Sistema
2024-10-09T22:00:00,1673.47469,Sistema
2024-10-09T23:00:00,1673.47469,Sistema
2024-10-09T24:00:00,1549.59369,Sistema
2024-10-10T01:00:00,1057.74986,Sistema
2024-10-10T02:00:00,1042.74986,Sistema
2024-10-10T03:00:00,1037.74986,Sistema
2024-10-10T04:00:00,1037.74986,Sistema
2024-10-10T05:00:00,1057.74986,Sistema
2024-10-10T06:00:00,1042.74986,Sistema
2024-10-10T07:00:00,1042.74986,Sistema
2024-10-10T08:00:00,1042.74986,Sistema
2024-10-10T09:00:00,1042.74986,Sistema
2024-10-10T10:00:00,1057.74986,Sistema
2024-10-10T11:00:00,1362.74986,Sistema
2024-10-10T12:00:00,1391.74986,Sistema
2024-10-10T13:00:00,1391.74986,Sistema
2024-10-10T14:00:00,1391.74986,Sistema
2024-10-10T15:00:00,1391.74986,Sistema
2024-10-10T16:00:00,1391.74986,Sistema
2024-10-10T17:00:00,1391.74986,Sistema
2024-10-10T18:00:00,1598.74986,Sistema
2024-10-10T19:00:00,1598.74986,Sistema
2024-10-10T20:00:00,1598.74986,Sistema
2024-10-10T21:00:00,1391.74986,Sistema
2024-10-10T22:00:00,1391.74986,Sistema
2024-10-10T23:00:00,1362.74986,Sistema
2024-10-10T24:00:00,1042.74986,Sistema
2024-10-11T01:00:00,918.4073,Sistema
2024-10-11T02:00:00,918.4073,Sistema
2024-10-11T03:00:00,898.4073,Sistema
2024-10-11T04:00:00,898.4073,Sistema
2024-10-11T05:00:00,915.1943,Sistema
2024-10-11T06:00:00,918.4073,Sistema
2024-10-11T07:00:00,918.4073,Sistema
2024-10-11T08:00:00,918.4073,Sistema
2024-10-11T09:00:00,918.4073,Sistema
2024-10-11T10:00:00,918.4073,Sistema
2024-10-11T11:00:00,928.4073,Sistema
2024-10-11T12:00:00,928.4073,Sistema
2024-10-11T13:00:00,930.8973,Sistema
2024-10-11T14:00:00,928.4073,Sistema
2024-10-11T15:00:00,930.8973,Sistema
2024-10-11T16:00:00,988.4073,Sistema
2024-10-11T17:00:00,2534.6823,Sistema
2024-10-11T18:00:00,2534.6823,Sistema
2024-10-11T19:00:00,2534.6823,Sistema
2024-10-11T20:00:00,2534.6823,Sistema
2024-10-11T21:00:00,2534.6823,Sistema
2024-10-11T22:00:00,2534.6823,Sistema
2024-10-11T23:00:00,988.4073,Sistema
2024-10-11T24:00:00,928.4073,Sistema
2024-10-12T01:00:00,859.93043,Sistema
2024-10-12T02:00:00,859.93043,Sistema
2024-10-12T03:00:00,859.93043,Sistema
2024-10-12T04:00:00,649.93043,Sistema
2024-10-12T05:00:00,690.49843,Sistema
2024-10-12T06:00:00,690.49843,Sistema
2024-10-12T07:00:00,649.93043,Sistema
2024-10-12T08:00:00,649.93043,Sistema
2024-10-12T09:00:00,649.93043,Sistema
2024-10-12T10:00:00,925.93043,Sistema
2024-10-12T11:00:00,859.93043,Sistema
2024-10-12T12:00:00,859.93043,Sistema
2024-10-12T13:00:00,859.93043,Sistema
2024-10-12T14:00:00,859.93043,Sistema
2024-10-12T15:00:00,859.93043,Sistema
2024-10-12T16:00:00,897.97543,Sistema
2024-10-12T17:00:00,925.93043,Sistema
2024-10-12T18:00:00,932.42043,Sistema
2024-10-12T19:00:00,2536.18743,Sistema
2024-10-12T20:00:00,2536.18743,Sistema
2024-10-12T21:00:00,1929.93043,Sistema
2024-10-12T22:00:00,932.42043,Sistema
2024-10-12T23:00:00,859.93043,Sistema
2024-10-12T24:00:00,859.93043,Sistema
2024-10-13T01:00:00,1901.66622,Sistema
2024-10-13T02:00:00,1901.66622,Sistema
2024-10-13T03:00:00,1901.66522,Sistema
2024-10-13T04:00:00,1896.66622,Sistema
2024-10-13T05:00:00,946.66622,Sistema
2024-10-13T06:00:00,916.66622,Sistema
2024-10-13T07:00:00,661.53622,Sistema
2024-10-13T08:00:00,611.66622,Sistema
2024-10-13T09:00:00,611.66622,Sistema
2024-10-13T10:00:00,611.66622,Sistema
2024-10-13T11:00:00,611.66622,Sistema
2024-10-13T12:00:00,661.53622,Sistema
2024-10-13T13:00:00,899.71122,Sistema
2024-10-13T14:00:00,899.71122,Sistema
2024-10-13T15:00:00,899.71122,Sistema
2024-10-13T16:00:00,934.15622,Sistema
2024-10-13T17:00:00,946.66622,Sistema
2024-10-13T18:00:00,1901.66522,Sistema
2024-10-13T19:00:00,1901.66622,Sistema
2024-10-13T20:00:00,1901.66622,Sistema
2024-10-13T21:00:00,1901.66622,Sistema
2024-10-13T22:00:00,1901.66622,Sistema
2024-10-13T23:00:00,1901.66622,Sistema
2024-10-13T24:00:00,1207.97922,Sistema
2024-10-14T01:00:00,1968.0299,Sistema
2024-10-14T02:00:00,1928.0299,Sistema
2024-10-14T03:00:00,926.4799,Sistema
2024-10-14T04:00:00,924.0299,Sistema
2024-10-14T05:00:00,896.0749,Sistema
2024-10-14T06:00:00,913.0299,Sistema
2024-10-14T07:00:00,868.0299,Sistema
2024-10-14T08:00:00,868.0299,Sistema
2024-10-14T09:00:00,868.0299,Sistema
2024-10-14T10:00:00,868.0299,Sistema
2024-10-14T11:00:00,868.0299,Sistema
2024-10-14T12:00:00,896.0749,Sistema
2024-10-14T13:00:00,930.5199,Sistema
2024-10-14T14:00:00,924.0299,Sistema
2024-10-14T15:00:00,1928.0299,Sistema
2024-10-14T16:00:00,1968.0299,Sistema
2024-10-14T17:00:00,2532.2759,Sistema
2024-10-14T18:00:00,2532.2759,Sistema
2024-10-14T19:00:00,2532.2759,Sistema
2024-10-14T20:00:00,2532.2759,Sistema
2024-10-14T21:00:00,2532.2759,Sistema
2024-10-14T22:00:00,2532.2759,Sistema
2024-10-14T23:00:00,2532.2759,Sistema
2024-10-14T24:00:00,1968.0299,Sistema
2024-10-15T01:00:00,1397.59369,Sistema
2024-10-15T02:00:00,1397.59369,Sistema
2024-10-15T03:00:00,1397.59369,Sistema
2024-10-15T04:00:00,1397.59369,Sistema
2024-10-15T05:00:00,1397.59369,Sistema
2024-10-15T06:00:00,1397.59369,Sistema
2024-10-15T07:00:00,1397.59369,Sistema
2024-10-15T08:00:00,1397.59369,Sistema
2024-10-15T09:00:00,1927.59369,Sistema
2024-10-15T10:00:00,1927.59369,Sistema
2024-10-15T11:00:00,1942.59369,Sistema
2024-10-15T12:00:00,1942.59369,Sistema
2024-10-15T13:00:00,1942.59369,Sistema
2024-10-15T14:00:00,1942.59369,Sistema
2024-10-15T15:00:00,1943.59369,Sistema
2024-10-15T16:00:00,1947.70769,Sistema
2024-10-15T17:00:00,1947.70769,Sistema
2024-10-15T18:00:00,1947.70769,Sistema
2024-10-15T19:00:00,1967.59369,Sistema
2024-10-15T20:00:00,1967.59369,Sistema
2024-10-15T21:00:00,1947.70769,Sistema
2024-10-15T22:00:00,1947.70769,Sistema
2024-10-15T23:00:00,1942.59369,Sistema
2024-10-15T24:00:00,1397.59369,Sistema
2024-10-16T01:00:00,1397.59369,Sistema
2024-10-16T02:00:00,1397.59369,Sistema
2024-10-16T03:00:00,1397.59369,Sistema
2024-10-16T04:00:00,1397.59369,Sistema
2024-10-16T05:00:00,1397.59369,Sistema
2024-10-16T06:00:00,1397.59369,Sistema
2024-10-16T07:00:00,1397.59369,Sistema
2024-10-16T08:00:00,1397.59369,Sistema
2024-10-16T09:00:00,1397.59369,Sistema
2024-10-16T10:00:00,1797.59369,Sistema
2024-10-16T11:00:00,1807.59369,Sistema
2024-10-16T12:00:00,1826.59369,Sistema
2024-10-16T13:00:00,1826.59369,Sistema
2024-10-16T14:00:00,1927.59369,Sistema
2024-10-16T15:00:00,1927.59369,Sistema
2024-10-16T16:00:00,1895.54169,Sistema
2024-10-16T17:00:00,1927.59369,Sistema
2024-10-16T18:00:00,1927.59369,Sistema
2024-10-16T19:00:00,1991.51569,Sistema
2024-10-16T20:00:00,1991.51569,Sistema
2024-10-16T21:00:00,1991.51569,Sistema
2024-10-16T22:00:00,1936.59369,Sistema
2024-10-16T23:00:00,1807.59369,Sistema
2024-10-16T24:00:00,1397.59369,Sistema
2024-10-17T01:00:00,1292.59369,Sistema
2024-10-17T02:00:00,1292.59369,Sistema
2024-10-17T03:00:00,1292.59369,Sistema
2024-10-17T04:00:00,1292.59369,Sistema
2024-10-17T05:00:00,1292.59369,Sistema
2024-10-17T06:00:00,1292.59369,Sistema
2024-10-17T07:00:00,1292.59369,Sistema
2024-10-17T08:00:00,1292.59369,Sistema
2024-10-17T09:00:00,1292.59369,Sistema
2024-10-17T10:00:00,1292.59369,Sistema
2024-10-17T11:00:00,1292.59369,Sistema
2024-10-17T12:00:00,1292.59369,Sistema
2024-10-17T13:00:00,1292.59369,Sistema
2024-10-17T14:00:00,1895.54169,Sistema
2024-10-17T15:00:00,1931.59369,Sistema
2024-10-17T16:00:00,2166.81569,Sistema
2024-10-17T17:00:00,2166.81569,Sistema
2024-10-17T18:00:00,2166.81569,Sistema
2024-10-17T19:00:00,2531.83969,Sistema
2024-10-17T20:00:00,2531.83969,Sistema
2024-10-17T21:00:00,2166.81569,Sistema
2024-10-17T22:00:00,2166.81569,Sistema
2024-10-17T23:00:00,1936.59369,Sistema
2024-10-17T24:00:00,1292.59369,Sistema
2024-10-18T01:00:00,1847.59369,Sistema
2024-10-18T02:00:00,1847.59369,Sistema
2024-10-18T03:00:00,1847.59369,Sistema
2024-10-18T04:00:00,1847.59369,Sistema
2024-10-18T05:00:00,1847.59369,Sistema
2024-10-18T06:00:00,1847.59369,Sistema
2024-10-18T07:00:00,1847.59369,Sistema
2024-10-18T08:00:00,1847.59369,Sistema
2024-10-18T09:00:00,1847.59369,Sistema
2024-10-18T10:00:00,1847.59369,Sistema
2024-10-18T11:00:00,1847.59369,Sistema
2024-10-18T12:00:00,1847.59369,Sistema
2024-10-18T13:00:00,1847.59369,Sistema
2024-10-18T14:00:00,1895.54169,Sistema
2024-10-18T15:00:00,1931.59369,Sistema
2024-10-18T16:00:00,1931.59369,Sistema
2024-10-18T17:00:00,1931.59369,Sistema
2024-10-18T18:00:00,1935.59369,Sistema
2024-10-18T19:00:00,1936.59369,Sistema
2024-10-18T20:00:00,1936.59369,Sistema
2024-10-18T21:00:00,1935.59369,Sistema
2024-10-18T22:00:00,1935.59369,Sistema
2024-10-18T23:00:00,1892.59369,Sistema
2024-10-18T24:00:00,1847.59369,Sistema
2024-10-19T01:00:00,2674.77761,Sistema
2024-10-19T02:00:00,2674.77761,Sistema
2024-10-19T03:00:00,2131.21261,Sistema
2024-10-19T04:00:00,1098.21261,Sistema
2024-10-19T05:00:00,1098.21261,Sistema
2024-10-19T06:00:00,1098.21261,Sistema
2024-10-19T07:00:00,1098.21261,Sistema
2024-10-19T08:00:00,1188.21261,Sistema
2024-10-19T09:00:00,2131.21261,Sistema
2024-10-19T10:00:00,2131.21261,Sistema
2024-10-19T11:00:00,2131.21261,Sistema
2024-10-19T12:00:00,2674.77761,Sistema
2024-10-19T13:00:00,2674.77761,Sistema
2024-10-19T14:00:00,2674.77761,Sistema
2024-10-19T15:00:00,2674.77761,Sistema
2024-10-19T16:00:00,2674.77761,Sistema
2024-10-19T17:00:00,2674.77761,Sistema
2024-10-19T18:00:00,2674.77761,Sistema
2024-10-19T19:00:00,2674.77761,Sistema
2024-10-19T20:00:00,2674.77761,Sistema
2024-10-19T21:00:00,2674.77761,Sistema
2024-10-19T22:00:00,2674.77761,Sistema
2024-10-19T23:00:00,2674.77761,Sistema
2024-10-19T24:00:00,2674.77761,Sistema
2024-10-20T01:00:00,1077.70377,Sistema
2024-10-20T02:00:00,1077.70377,Sistema
2024-10-20T03:00:00,1077.70377,Sistema
2024-10-20T04:00:00,1077.70377,Sistema
2024-10-20T05:00:00,1077.70377,Sistema
2024-10-20T06:00:00,973.70377,Sistema
2024-10-20T07:00:00,973.70377,Sistema
2024-10-20T08:00:00,930.19377,Sistema
2024-10-20T09:00:00,942.70377,Sistema
2024-10-20T10:00:00,895.74877,Sistema
2024-10-20T11:00:00,973.70377,Sistema
2024-10-20T12:00:00,973.70377,Sistema
2024-10-20T13:00:00,1077.70377,Sistema
2024-10-20T14:00:00,1077.70377,Sistema
2024-10-20T15:00:00,1077.70377,Sistema
2024-10-20T16:00:00,1077.70377,Sistema
2024-10-20T17:00:00,1077.70377,Sistema
2024-10-20T18:00:00,1087.70377,Sistema
2024-10-20T19:00:00,1197.70377,Sistema
2024-10-20T20:00:00,1197.70377,Sistema
2024-10-20T21:00:00,1097.70377,Sistema
2024-10-20T22:00:00,1087.70377,Sistema
2024-10-20T23:00:00,1087.70377,Sistema
2024-10-20T24:00:00,1077.70377,Sistema
2024-10-21T01:00:00,925.36666,Sistema
2024-10-21T02:00:00,582.87766,Sistema
2024-10-21T03:00:00,593.47966,Sistema
2024-10-21T04:00:00,582.87766,Sistema
2024-10-21T05:00:00,582.87766,Sistema
2024-10-21T06:00:00,925.36666,Sistema
2024-10-21T07:00:00,925.36666,Sistema
2024-10-21T08:00:00,897.41166,Sistema
2024-10-21T09:00:00,897.41166,Sistema
2024-10-21T10:00:00,897.41166,Sistema
2024-10-21T11:00:00,897.41166,Sistema
2024-10-21T12:00:00,931.85666,Sistema
2024-10-21T13:00:00,972.90966,Sistema
2024-10-21T14:00:00,1089.36666,Sistema
2024-10-21T15:00:00,1949.36666,Sistema
2024-10-21T16:00:00,2079.36666,Sistema
2024-10-21T17:00:00,2079.36666,Sistema
2024-10-21T18:00:00,2079.36666,Sistema
2024-10-21T19:00:00,2080.36666,Sistema
2024-10-21T20:00:00,2080.36666,Sistema
2024-10-21T21:00:00,2079.36666,Sistema
2024-10-21T22:00:00,1276.10166,Sistema
2024-10-21T23:00:00,1089.36666,Sistema
2024-10-21T24:00:00,931.85666,Sistema
2024-10-22T01:00:00,2079.50249,Sistema
2024-10-22T02:00:00,1699.50249,Sistema
2024-10-22T03:00:00,637.41049,Sistema
2024-10-22T04:00:00,637.41049,Sistema
2024-10-22T05:00:00,637.41049,Sistema
2024-10-22T06:00:00,931.99249,Sistema
2024-10-22T07:00:00,1699.50249,Sistema
2024-10-22T08:00:00,944.50249,Sistema
2024-10-22T09:00:00,1699.50249,Sistema
2024-10-22T10:00:00,897.54749,Sistema
2024-10-22T11:00:00,1699.50249,Sistema
2024-10-22T12:00:00,2069.50249,Sistema
2024-10-22T13:00:00,2069.50249,Sistema
2024-10-22T14:00:00,2079.50249,Sistema
2024-10-22T15:00:00,2079.50249,Sistema
2024-10-22T16:00:00,2079.50249,Sistema
2024-10-22T17:00:00,2079.50249,Sistema
2024-10-22T18:00:00,2079.50249,Sistema
2024-10-22T19:00:00,2099.50249,Sistema
2024-10-22T20:00:00,2089.50249,Sistema
2024-10-22T21:00:00,2080.50249,Sistema
2024-10-22T22:00:00,2079.50249,Sistema
2024-10-22T23:00:00,2079.50249,Sistema
2024-10-22T24:00:00,944.50249,Sistema
2024-10-23T01:00:00,2068.74738,Sistema
2024-10-23T02:00:00,943.74738,Sistema
2024-10-23T03:00:00,896.79238,Sistema
2024-10-23T04:00:00,639.87638,Sistema
2024-10-23T05:00:00,943.74738,Sistema
2024-10-23T06:00:00,1083.50538,Sistema
2024-10-23T07:00:00,1083.50538,Sistema
2024-10-23T08:00:00,1083.50538,Sistema
2024-10-23T09:00:00,943.74738,Sistema
2024-10-23T10:00:00,1898.74738,Sistema
2024-10-23T11:00:00,1908.74738,Sistema
2024-10-23T12:00:00,2073.85838,Sistema
2024-10-23T13:00:00,2073.85838,Sistema
2024-10-23T14:00:00,2068.74738,Sistema
2024-10-23T15:00:00,2073.85838,Sistema
2024-10-23T16:00:00,2073.85838,Sistema
2024-10-23T17:00:00,2073.85838,Sistema
2024-10-23T18:00:00,2076.74738,Sistema
2024-10-23T19:00:00,2078.74738,Sistema
2024-10-23T20:00:00,2076.74738,Sistema
2024-10-23T21:00:00,2076.74738,Sistema
2024-10-23T22:00:00,2073.85838,Sistema
2024-10-23T23:00:00,2073.85838,Sistema
2024-10-23T24:00:00,2068.74738,Sistema
2024-10-24T01:00:00,1088.44356,Sistema
2024-10-24T02:00:00,1088.44356,Sistema
2024-10-24T03:00:00,1088.44356,Sistema
2024-10-24T04:00:00,1088.44356,Sistema
2024-10-24T05:00:00,1088.44356,Sistema
2024-10-24T06:00:00,1088.44356,Sistema
2024-10-24T07:00:00,1088.44356,Sistema
2024-10-24T08:00:00,1088.44356,Sistema
2024-10-24T09:00:00,1088.44356,Sistema
2024-10-24T10:00:00,1088.44356,Sistema
2024-10-24T11:00:00,1088.44356,Sistema
2024-10-24T12:00:00,1275.17856,Sistema
2024-10-24T13:00:00,1275.17856,Sistema
2024-10-24T14:00:00,1818.44356,Sistema
2024-10-24T15:00:00,1828.44356,Sistema
2024-10-24T16:00:00,1848.44356,Sistema
2024-10-24T17:00:00,1918.44356,Sistema
2024-10-24T18:00:00,1918.44356,Sistema
2024-10-24T19:00:00,2048.44356,Sistema
2024-10-24T20:00:00,2048.44356,Sistema
2024-10-24T21:00:00,2048.44356,Sistema
2024-10-24T22:00:00,1918.44356,Sistema
2024-10-24T23:00:00,1848.44356,Sistema
2024-10-24T24:00:00,1275.17856,Sistema
2024-10-25T01:00:00,2097.59369,Sistema
2024-10-25T02:00:00,1832.99369,Sistema
2024-10-25T03:00:00,1797.59369,Sistema
2024-10-25T04:00:00,1747.59369,Sistema
2024-10-25T05:00:00,1797.59369,Sistema
2024-10-25T06:00:00,1832.99369,Sistema
2024-10-25T07:00:00,1832.99369,Sistema
2024-10-25T08:00:00,1797.59369,Sistema
2024-10-25T09:00:00,1832.99369,Sistema
2024-10-25T10:00:00,1832.99369,Sistema
2024-10-25T11:00:00,2097.59369,Sistema
2024-10-25T12:00:00,2121.55569,Sistema
2024-10-25T13:00:00,2121.55569,Sistema
2024-10-25T14:00:00,2121.55569,Sistema
2024-10-25T15:00:00,2121.55569,Sistema
2024-10-25T16:00:00,2121.55569,Sistema
2024-10-25T17:00:00,2121.55569,Sistema
2024-10-25T18:00:00,2121.55569,Sistema
2024-10-25T19:00:00,2121.55569,Sistema
2024-10-25T20:00:00,2121.55569,Sistema
2024-10-25T21:00:00,2121.55569,Sistema
2024-10-25T22:00:00,2121.55569,Sistema
2024-10-25T23:00:00,2121.55569,Sistema
2024-10-25T24:00:00,2121.55569,Sistema
2024-10-26T01:00:00,2122.4227,Sistema
2024-10-26T02:00:00,1147.6157,Sistema
2024-10-26T03:00:00,1097.6157,Sistema
2024-10-26T04:00:00,1097.6157,Sistema
2024-10-26T05:00:00,1097.6157,Sistema
2024-10-26T06:00:00,1097.6157,Sistema
2024-10-26T07:00:00,1097.6157,Sistema
2024-10-26T08:00:00,1097.6157,Sistema
2024-10-26T09:00:00,1097.6157,Sistema
2024-10-26T10:00:00,1097.6157,Sistema
2024-10-26T11:00:00,1147.6157,Sistema
2024-10-26T12:00:00,2122.4227,Sistema
2024-10-26T13:00:00,2122.4227,Sistema
2024-10-26T14:00:00,2122.4227,Sistema
2024-10-26T15:00:00,2122.4227,Sistema
2024-10-26T16:00:00,2122.4227,Sistema
2024-10-26T17:00:00,2122.4227,Sistema
2024-10-26T18:00:00,2122.4227,Sistema
2024-10-26T19:00:00,2122.4227,Sistema
2024-10-26T20:00:00,2122.4227,Sistema
2024-10-26T21:00:00,2122.4227,Sistema
2024-10-26T22:00:00,2122.4227,Sistema
2024-10-26T23:00:00,2122.4227,Sistema
2024-10-26T24:00:00,2122.4227,Sistema
2024-10-27T01:00:00,1090.26459,Sistema
2024-10-27T02:00:00,1090.26459,Sistema
2024-10-27T03:00:00,905.10459,Sistema
2024-10-27T04:00:00,666.00859,Sistema
2024-10-27T05:00:00,666.00859,Sistema
2024-10-27T06:00:00,666.00859,Sistema
2024-10-27T07:00:00,586.00559,Sistema
2024-10-27T08:00:00,490.26459,Sistema
2024-10-27T09:00:00,586.00559,Sistema
2024-10-27T10:00:00,490.26459,Sistema
2024-10-27T11:00:00,586.00559,Sistema
2024-10-27T12:00:00,898.30959,Sistema
2024-10-27T13:00:00,1090.26459,Sistema
2024-10-27T14:00:00,898.30959,Sistema
2024-10-27T15:00:00,666.00859,Sistema
2024-10-27T16:00:00,666.00859,Sistema
2024-10-27T17:00:00,1090.26459,Sistema
2024-10-27T18:00:00,2125.55059,Sistema
2024-10-27T19:00:00,2125.55059,Sistema
2024-10-27T20:00:00,2125.55059,Sistema
2024-10-27T21:00:00,2125.55059,Sistema
2024-10-27T22:00:00,2125.55059,Sistema
2024-10-27T23:00:00,2125.55059,Sistema
2024-10-27T24:00:00,932.75459,Sistema
2024-10-28T01:00:00,1777.69401,Sistema
2024-10-28T02:00:00,1747.69401,Sistema
2024-10-28T03:00:00,1747.69401,Sistema
2024-10-28T04:00:00,1082.45201,Sistema
2024-10-28T05:00:00,1747.69401,Sistema
2024-10-28T06:00:00,1747.69401,Sistema
2024-10-28T07:00:00,1747.69401,Sistema
2024-10-28T08:00:00,1747.69401,Sistema
2024-10-28T09:00:00,1747.69401,Sistema
2024-10-28T10:00:00,1747.69401,Sistema
2024-10-28T11:00:00,1777.69401,Sistema
2024-10-28T12:00:00,1778.69401,Sistema
2024-10-28T13:00:00,1778.69401,Sistema
2024-10-28T14:00:00,1778.69401,Sistema
2024-10-28T15:00:00,1897.69401,Sistema
2024-10-28T16:00:00,1907.69401,Sistema
2024-10-28T17:00:00,1907.69401,Sistema
2024-10-28T18:00:00,1907.69401,Sistema
2024-10-28T19:00:00,2122.97801,Sistema
2024-10-28T20:00:00,1987.69401,Sistema
2024-10-28T21:00:00,1927.69401,Sistema
2024-10-28T22:00:00,1907.69401,Sistema
2024-10-28T23:00:00,1897.69401,Sistema
2024-10-28T24:00:00,1777.69401,Sistema
2024-10-29T01:00:00,1747.59369,Sistema
2024-10-29T02:00:00,1743.59369,Sistema
2024-10-29T03:00:00,1547.59369,Sistema
2024-10-29T04:00:00,1547.59369,Sistema
2024-10-29T05:00:00,1742.59369,Sistema
2024-10-29T06:00:00,1743.59369,Sistema
2024-10-29T07:00:00,1743.59369,Sistema
2024-10-29T08:00:00,1743.59369,Sistema
2024-10-29T09:00:00,1743.59369,Sistema
2024-10-29T10:00:00,1742.59369,Sistema
2024-10-29T11:00:00,1743.59369,Sistema
2024-10-29T12:00:00,1747.59369,Sistema
2024-10-29T13:00:00,1747.59369,Sistema
2024-10-29T14:00:00,1747.59369,Sistema
2024-10-29T15:00:00,1747.59369,Sistema
2024-10-29T16:00:00,1782.59369,Sistema
2024-10-29T17:00:00,1782.59369,Sistema
2024-10-29T18:00:00,1787.59369,Sistema
2024-10-29T19:00:00,1847.59369,Sistema
2024-10-29T20:00:00,1782.59369,Sistema
2024-10-29T21:00:00,1787.59369,Sistema
2024-10-29T22:00:00,1787.59369,Sistema
2024-10-29T23:00:00,1747.59369,Sistema
2024-10-29T24:00:00,1747.59369,Sistema
2024-10-30T01:00:00,1737.59369,Sistema
2024-10-30T02:00:00,1577.59369,Sistema
2024-10-30T03:00:00,1577.59369,Sistema
2024-10-30T04:00:00,1577.59369,Sistema
2024-10-30T05:00:00,1577.59369,Sistema
2024-10-30T06:00:00,1702.21469,Sistema
2024-10-30T07:00:00,1737.59369,Sistema
2024-10-30T08:00:00,1577.59369,Sistema
2024-10-30T09:00:00,1577.59369,Sistema
2024-10-30T10:00:00,1738.59369,Sistema
2024-10-30T11:00:00,1738.59369,Sistema
2024-10-30T12:00:00,1743.09369,Sistema
2024-10-30T13:00:00,1743.09369,Sistema
2024-10-30T14:00:00,1743.09369,Sistema
2024-10-30T15:00:00,1743.09369,Sistema
2024-10-30T16:00:00,1744.59369,Sistema
2024-10-30T17:00:00,1744.59369,Sistema
2024-10-30T18:00:00,1745.59369,Sistema
2024-10-30T19:00:00,1745.59369,Sistema
2024-10-30T20:00:00,1745.59369,Sistema
2024-10-30T21:00:00,1745.59369,Sistema
2024-10-30T22:00:00,1744.59369,Sistema
2024-10-30T23:00:00,1744.59369,Sistema
2024-10-30T24:00:00,1738.59369,Sistema
2024-10-31T01:00:00,2457.10369,Sistema
2024-10-31T02:00:00,2457.10369,Sistema
2024-10-31T03:00:00,2457.10269,Sistema
2024-10-31T04:00:00,2457.10269,Sistema
2024-10-31T05:00:00,2457.10369,Sistema
2024-10-31T06:00:00,2457.10369,Sistema
2024-10-31T07:00:00,2457.10369,Sistema
2024-10-31T08:00:00,2457.10369,Sistema
2024-10-31T09:00:00,2457.10369,Sistema
2024-10-31T10:00:00,2457.10369,Sistema
2024-10-31T11:00:00,2457.10369,Sistema
2024-10-31T12:00:00,2457.10369,Sistema
2024-10-31T13:00:00,2457.10369,Sistema
2024-10-31T14:00:00,2457.10369,Sistema
2024-10-31T15:00:00,2457.10369,Sistema
2024-10-31T16:00:00,2457.10369,Sistema
2024-10-31T17:00:00,2457.10369,Sistema
2024-10-31T18:00:00,2457.10369,Sistema
2024-10-31T19:00:00,2457.10369,Sistema
2024-10-31T20:00:00,2457.10369,Sistema
2024-10-31T21:00:00,2457.10369,Sistema
2024-10-31T22:00:00,2457.10369,Sistema
2024-10-31T23:00:00,2457.10369,Sistema
2024-10-31T24:00:00,2457.10369,Sistema
2024-11-01T01:00:00,2459.23995,Sistema
2024-11-01T02:00:00,2459.23995,Sistema
2024-11-01T03:00:00,2459.23995,Sistema
2024-11-01T04:00:00,2459.23995,Sistema
2024-11-01T05:00:00,2459.23995,Sistema
2024-11-01T06:00:00,2459.23995,Sistema
2024-11-01T07:00:00,2459.23995,Sistema
2024-11-01T08:00:00,2459.23995,Sistema
2024-11-01T09:00:00,2459.23995,Sistema
2024-11-01T10:00:00,2459.23995,Sistema
2024-11-01T11:00:00,2459.23995,Sistema
2024-11-01T12:00:00,2459.23995,Sistema
2024-11-01T13:00:00,2459.23995,Sistema
2024-11-01T14:00:00,2459.23995,Sistema
2024-11-01T15:00:00,2459.23995,Sistema
2024-11-01T16:00:00,2459.23995,Sistema
2024-11-01T17:00:00,2459.23995,Sistema
2024-11-01T18:00:00,2459.23995,Sistema
2024-11-01T19:00:00,2459.23995,Sistema
2024-11-01T20:00:00,2459.23995,Sistema
2024-11-01T21:00:00,2459.23995,Sistema
2024-11-01T22:00:00,2459.23995,Sistema
2024-11-01T23:00:00,2459.23995,Sistema
2024-11-01T24:00:00,2459.23995,Sistema
2024-11-02T01:00:00,2459.23995,Sistema
2024-11-02T02:00:00,2459.23995,Sistema
2024-11-02T03:00:00,2459.23995,Sistema
2024-11-02T04:00:00,2459.23995,Sistema
2024-11-02T05:00:00,2399.72995,Sistema
2024-11-02T06:00:00,2399.72995,Sistema
2024-11-02T07:00:00,2399.72995,Sistema
2024-11-02T08:00:00,2459.23995,Sistema
2024-11-02T09:00:00,2459.23995,Sistema
2024-11-02T10:00:00,2459.23995,Sistema
2024-11-02T11:00:00,2459.23995,Sistema
2024-11-02T12:00:00,2459.23995,Sistema
2024-11-02T13:00:00,2459.23995,Sistema
2024-11-02T14:00:00,2459.23995,Sistema
2024-11-02T15:00:00,2459.23995,Sistema
2024-11-02T16:00:00,2459.23995,Sistema
2024-11-02T17:00:00,2459.23995,Sistema
2024-11-02T18:00:00,2459.23995,Sistema
2024-11-02T19:00:00,2459.23995,Sistema
2024-11-02T20:00:00,2459.23995,Sistema
2024-11-02T21:00:00,2459.23995,Sistema
2024-11-02T22:00:00,2459.23995,Sistema
2024-11-02T23:00:00,2459.23995,Sistema
2024-11-02T24:00:00,2459.23995,Sistema
2024-11-03T01:00:00,2459.23995,Sistema
2024-11-03T02:00:00,2459.23995,Sistema
2024-11-03T03:00:00,2459.23995,Sistema
2024-11-03T04:00:00,2459.23995,Sistema
2024-11-03T05:00:00,2459.23995,Sistema
2024-11-03T06:00:00,2459.23995,Sistema
2024-11-03T07:00:00,2459.23995,Sistema
2024-11-03T08:00:00,2459.23995,Sistema
2024-11-03T09:00:00,2459.23995,Sistema
2024-11-03T10:00:00,2459.23995,Sistema
2024-11-03T11:00:00,2459.23995,Sistema
2024-11-03T12:00:00,2459.23995,Sistema
2024-11-03T13:00:00,2459.23995,Sistema
2024-11-03T14:00:00,2459.23995,Sistema
2024-11-03T15:00:00,2459.23995,Sistema
2024-11-03T16:00:00,2459.23995,Sistema
2024-11-03T17:00:00,2459.23995,Sistema
2024-11-03T18:00:00,2459.23995,Sistema
2024-11-03T19:00:00,2459.23995,Sistema
2024-11-03T20:00:00,2459.23995,Sistema
2024-11-03T21:00:00,2459.23995,Sistema
2024-11-03T22:00:00,2459.23995,Sistema
2024-11-03T23:00:00,2459.23995,Sistema
2024-11-03T24:00:00,2459.23995,Sistema
2024-11-04T01:00:00,2459.22995,Sistema
2024-11-04T02:00:00,2459.22995,Sistema
2024-11-04T03:00:00,2459.22995,Sistema
2024-11-04T04:00:00,2459.22995,Sistema
2024-11-04T05:00:00,2459.22995,Sistema
2024-11-04T06:00:00,1899.72995,Sistema
2024-11-04T07:00:00,1899.72995,Sistema
2024-11-04T08:00:00,1899.72995,Sistema
2024-11-04T09:00:00,1899.72995,Sistema
2024-11-04T10:00:00,2459.22995,Sistema
2024-11-04T11:00:00,2459.22995,Sistema
2024-11-04T12:00:00,2459.22995,Sistema
2024-11-04T13:00:00,2459.22995,Sistema
2024-11-04T14:00:00,2459.22995,Sistema
2024-11-04T15:00:00,2459.22995,Sistema
2024-11-04T16:00:00,2459.22995,Sistema
2024-11-04T17:00:00,2459.22995,Sistema
2024-11-04T18:00:00,2459.23995,Sistema
2024-11-04T19:00:00,2459.23995,Sistema
2024-11-04T20:00:00,2459.23995,Sistema
2024-11-04T21:00:00,2459.23995,Sistema
2024-11-04T22:00:00,2459.23995,Sistema
2024-11-04T23:00:00,2459.23995,Sistema
2024-11-04T24:00:00,2459.23995,Sistema
2024-11-05T01:00:00,1853.01252,Sistema
2024-11-05T02:00:00,938.73252,Sistema
2024-11-05T03:00:00,891.98952,Sistema
2024-11-05T04:00:00,659.23752,Sistema
2024-11-05T05:00:00,659.23752,Sistema
2024-11-05T06:00:00,1852.73252,Sistema
2024-11-05T07:00:00,1852.73252,Sistema
2024-11-05T08:00:00,891.98952,Sistema
2024-11-05T09:00:00,929.27252,Sistema
2024-11-05T10:00:00,1279.52852,Sistema
2024-11-05T11:00:00,1853.01252,Sistema
2024-11-05T12:00:00,1853.01252,Sistema
2024-11-05T13:00:00,1852.73252,Sistema
2024-11-05T14:00:00,1853.01252,Sistema
2024-11-05T15:00:00,1862.73252,Sistema
2024-11-05T16:00:00,1862.73252,Sistema
2024-11-05T17:00:00,1862.73252,Sistema
2024-11-05T18:00:00,1862.73252,Sistema
2024-11-05T19:00:00,1927.73252,Sistema
2024-11-05T20:00:00,1927.73252,Sistema
2024-11-05T21:00:00,1862.73252,Sistema
2024-11-05T22:00:00,1862.73252,Sistema
2024-11-05T23:00:00,1862.73252,Sistema
2024-11-05T24:00:00,1853.01252,Sistema
2024-11-06T01:00:00,1450.64965,Sistema
2024-11-06T02:00:00,1450.64965,Sistema
2024-11-06T03:00:00,657.37065,Sistema
2024-11-06T04:00:00,926.64965,Sistema
2024-11-06T05:00:00,926.64965,Sistema
2024-11-06T06:00:00,1450.64965,Sistema
2024-11-06T07:00:00,1450.64965,Sistema
2024-11-06T08:00:00,999.28765,Sistema
2024-11-06T09:00:00,1450.64965,Sistema
2024-11-06T10:00:00,1450.64965,Sistema
2024-11-06T11:00:00,2420.64965,Sistema
2024-11-06T12:00:00,2460.15965,Sistema
2024-11-06T13:00:00,2460.15965,Sistema
2024-11-06T14:00:00,2460.64965,Sistema
2024-11-06T15:00:00,2675.64965,Sistema
2024-11-06T16:00:00,2675.64965,Sistema
2024-11-06T17:00:00,2675.64965,Sistema
2024-11-06T18:00:00,2675.64965,Sistema
2024-11-06T19:00:00,2675.64965,Sistema
2024-11-06T20:00:00,2675.64965,Sistema
2024-11-06T21:00:00,2460.15965,Sistema
2024-11-06T22:00:00,1450.64965,Sistema
2024-11-06T23:00:00,1450.64965,Sistema
2024-11-06T24:00:00,1450.64965,Sistema
2024-11-07T01:00:00,1449.72995,Sistema
2024-11-07T02:00:00,1449.72995,Sistema
2024-11-07T03:00:00,1449.72995,Sistema
2024-11-07T04:00:00,1449.72995,Sistema
2024-11-07T05:00:00,1449.72995,Sistema
2024-11-07T06:00:00,1449.72995,Sistema
2024-11-07T07:00:00,1449.72995,Sistema
2024-11-07T08:00:00,1449.72995,Sistema
2024-11-07T09:00:00,1449.72995,Sistema
2024-11-07T10:00:00,1449.72995,Sistema
2024-11-07T11:00:00,1449.72995,Sistema
2024-11-07T12:00:00,2229.72995,Sistema
2024-11-07T13:00:00,2229.72995,Sistema
2024-11-07T14:00:00,2229.72995,Sistema
2024-11-07T15:00:00,2299.72995,Sistema
2024-11-07T16:00:00,2299.72995,Sistema
2024-11-07T17:00:00,2419.72995,Sistema
2024-11-07T18:00:00,2459.23995,Sistema
2024-11-07T19:00:00,2459.23995,Sistema
2024-11-07T20:00:00,2459.23995,Sistema
2024-11-07T21:00:00,2459.23995,Sistema
2024-11-07T22:00:00,2229.72995,Sistema
2024-11-07T23:00:00,2299.72995,Sistema
2024-11-07T24:00:00,1449.72995,Sistema
2024-11-08T01:00:00,999.73922,Sistema
2024-11-08T02:00:00,999.73922,Sistema
2024-11-08T03:00:00,999.73922,Sistema
2024-11-08T04:00:00,999.73922,Sistema
2024-11-08T05:00:00,999.73922,Sistema
2024-11-08T06:00:00,999.73922,Sistema
2024-11-08T07:00:00,999.73922,Sistema
2024-11-08T08:00:00,999.73922,Sistema
2024-11-08T09:00:00,999.73922,Sistema
2024-11-08T10:00:00,999.73922,Sistema
2024-11-08T11:00:00,1919.73922,Sistema
2024-11-08T12:00:00,2128.02822,Sistema
2024-11-08T13:00:00,1919.73922,Sistema
2024-11-08T14:00:00,2128.02822,Sistema
2024-11-08T15:00:00,2128.02822,Sistema
2024-11-08T16:00:00,2128.02822,Sistema
2024-11-08T17:00:00,2128.02822,Sistema
2024-11-08T18:00:00,2128.02822,Sistema
2024-11-08T19:00:00,2128.02822,Sistema
2024-11-08T20:00:00,2128.02822,Sistema
2024-11-08T21:00:00,2128.02822,Sistema
2024-11-08T22:00:00,2128.02822,Sistema
2024-11-08T23:00:00,999.73922,Sistema
2024-11-08T24:00:00,999.73922,Sistema
2024-11-09T01:00:00,700.35215,Sistema
2024-11-09T02:00:00,700.35215,Sistema
2024-11-09T03:00:00,700.35215,Sistema
2024-11-09T04:00:00,700.35215,Sistema
2024-11-09T05:00:00,700.35215,Sistema
2024-11-09T06:00:00,700.35215,Sistema
2024-11-09T07:00:00,700.35215,Sistema
2024-11-09T08:00:00,700.35215,Sistema
2024-11-09T09:00:00,700.35215,Sistema
2024-11-09T10:00:00,700.35215,Sistema
2024-11-09T11:00:00,700.35215,Sistema
2024-11-09T12:00:00,700.35215,Sistema
2024-11-09T13:00:00,700.35215,Sistema
2024-11-09T14:00:00,700.35215,Sistema
2024-11-09T15:00:00,700.35215,Sistema
2024-11-09T16:00:00,705.35215,Sistema
2024-11-09T17:00:00,705.35215,Sistema
2024-11-09T18:00:00,889.60915,Sistema
2024-11-09T19:00:00,1490.35215,Sistema
2024-11-09T20:00:00,1470.35215,Sistema
2024-11-09T21:00:00,889.60915,Sistema
2024-11-09T22:00:00,705.35215,Sistema
2024-11-09T23:00:00,851.64515,Sistema
2024-11-09T24:00:00,700.35215,Sistema
2024-11-10T01:00:00,700.81726,Sistema
2024-11-10T02:00:00,700.81726,Sistema
2024-11-10T03:00:00,700.81726,Sistema
2024-11-10T04:00:00,700.81726,Sistema
2024-11-10T05:00:00,700.81726,Sistema
2024-11-10T06:00:00,700.81726,Sistema
2024-11-10T07:00:00,588.50726,Sistema
2024-11-10T08:00:00,588.50726,Sistema
2024-11-10T09:00:00,588.50726,Sistema
2024-11-10T10:00:00,588.50726,Sistema
2024-11-10T11:00:00,588.50726,Sistema
2024-11-10T12:00:00,700.81726,Sistema
2024-11-10T13:00:00,700.81726,Sistema
2024-11-10T14:00:00,700.81726,Sistema
2024-11-10T15:00:00,700.81726,Sistema
2024-11-10T16:00:00,700.81726,Sistema
2024-11-10T17:00:00,700.81726,Sistema
2024-11-10T18:00:00,700.81726,Sistema
2024-11-10T19:00:00,1751.81726,Sistema
2024-11-10T20:00:00,1751.81726,Sistema
2024-11-10T21:00:00,1751.81726,Sistema
2024-11-10T22:00:00,893.09126,Sistema
2024-11-10T23:00:00,890.07426,Sistema
2024-11-10T24:00:00,700.81726,Sistema
2024-11-11T01:00:00,700.83879,Sistema
2024-11-11T02:00:00,700.83879,Sistema
2024-11-11T03:00:00,700.83879,Sistema
2024-11-11T04:00:00,700.83879,Sistema
2024-11-11T05:00:00,700.83879,Sistema
2024-11-11T06:00:00,700.83879,Sistema
2024-11-11T07:00:00,700.83879,Sistema
2024-11-11T08:00:00,700.83879,Sistema
2024-11-11T09:00:00,700.83879,Sistema
2024-11-11T10:00:00,700.83879,Sistema
2024-11-11T11:00:00,700.83879,Sistema
2024-11-11T12:00:00,700.83879,Sistema
2024-11-11T13:00:00,700.83879,Sistema
2024-11-11T14:00:00,700.83879,Sistema
2024-11-11T15:00:00,700.83879,Sistema
2024-11-11T16:00:00,700.83879,Sistema
2024-11-11T17:00:00,700.83879,Sistema
2024-11-11T18:00:00,700.83879,Sistema
2024-11-11T19:00:00,1490.83879,Sistema
2024-11-11T20:00:00,1490.83879,Sistema
2024-11-11T21:00:00,1470.83879,Sistema
2024-11-11T22:00:00,936.83879,Sistema
2024-11-11T23:00:00,700.83879,Sistema
2024-11-11T24:00:00,700.83879,Sistema
2024-11-12T01:00:00,589.58878,Sistema
2024-11-12T02:00:00,589.58878,Sistema
2024-11-12T03:00:00,445.30378,Sistema
2024-11-12T04:00:00,445.30378,Sistema
2024-11-12T05:00:00,445.30378,Sistema
2024-11-12T06:00:00,589.58878,Sistema
2024-11-12T07:00:00,589.58878,Sistema
2024-11-12T08:00:00,1451.89878,Sistema
2024-11-12T09:00:00,891.15578,Sistema
2024-11-12T10:00:00,589.58878,Sistema
2024-11-12T11:00:00,1451.89878,Sistema
2024-11-12T12:00:00,891.15578,Sistema
2024-11-12T13:00:00,627.16978,Sistema
2024-11-12T14:00:00,589.58878,Sistema
2024-11-12T15:00:00,928.10778,Sistema
2024-11-12T16:00:00,1491.89878,Sistema
2024-11-12T17:00:00,1491.89878,Sistema
2024-11-12T18:00:00,1751.89878,Sistema
2024-11-12T19:00:00,1752.89878,Sistema
2024-11-12T20:00:00,1752.89878,Sistema
2024-11-12T21:00:00,1752.89878,Sistema
2024-11-12T22:00:00,1491.89878,Sistema
2024-11-12T23:00:00,891.15578,Sistema
2024-11-12T24:00:00,589.58878,Sistema
2024-11-13T01:00:00,1452.67956,Sistema
2024-11-13T02:00:00,585.31156,Sistema
2024-11-13T03:00:00,585.31156,Sistema
2024-11-13T04:00:00,268.65956,Sistema
2024-11-13T05:00:00,268.65956,Sistema
2024-11-13T06:00:00,580.92356,Sistema
2024-11-13T07:00:00,585.31156,Sistema
2024-11-13T08:00:00,585.31156,Sistema
2024-11-13T09:00:00,585.31156,Sistema
2024-11-13T10:00:00,585.31156,Sistema
2024-11-13T11:00:00,585.31156,Sistema
2024-11-13T12:00:00,647.44156,Sistema
2024-11-13T13:00:00,585.31156,Sistema
2024-11-13T14:00:00,647.44156,Sistema
2024-11-13T15:00:00,891.93656,Sistema
2024-11-13T16:00:00,891.93656,Sistema
2024-11-13T17:00:00,891.93656,Sistema
2024-11-13T18:00:00,1492.67956,Sistema
2024-11-13T19:00:00,1751.67956,Sistema
2024-11-13T20:00:00,1742.67956,Sistema
2024-11-13T21:00:00,1472.67956,Sistema
2024-11-13T22:00:00,928.88856,Sistema
2024-11-13T23:00:00,647.44156,Sistema
2024-11-13T24:00:00,585.31156,Sistema
2024-11-14T01:00:00,1452.65438,Sistema
2024-11-14T02:00:00,620.73038,Sistema
2024-11-14T03:00:00,474.73838,Sistema
2024-11-14T04:00:00,447.05938,Sistema
2024-11-14T05:00:00,447.05938,Sistema
2024-11-14T06:00:00,831.46438,Sistema
2024-11-14T07:00:00,815.15438,Sistema
2024-11-14T08:00:00,899.14938,Sistema
2024-11-14T09:00:00,620.73038,Sistema
2024-11-14T10:00:00,620.73038,Sistema
2024-11-14T11:00:00,620.73038,Sistema
2024-11-14T12:00:00,892.91138,Sistema
2024-11-14T13:00:00,620.73038,Sistema
2024-11-14T14:00:00,620.73038,Sistema
2024-11-14T15:00:00,892.91138,Sistema
2024-11-14T16:00:00,934.71438,Sistema
2024-11-14T17:00:00,1453.65438,Sistema
2024-11-14T18:00:00,1473.65438,Sistema
2024-11-14T19:00:00,1699.15438,Sistema
2024-11-14T20:00:00,1699.15438,Sistema
2024-11-14T21:00:00,1493.65438,Sistema
2024-11-14T22:00:00,939.15438,Sistema
2024-11-14T23:00:00,677.73138,Sistema
2024-11-14T24:00:00,620.73038,Sistema
2024-11-15T01:00:00,224.37305,Sistema
2024-11-15T02:00:00,224.37305,Sistema
2024-11-15T03:00:00,107.29905,Sistema
2024-11-15T04:00:00,107.29905,Sistema
2024-11-15T05:00:00,142.25105,Sistema
2024-11-15T06:00:00,896.30805,Sistema
2024-11-15T07:00:00,896.30805,Sistema
2024-11-15T08:00:00,896.30805,Sistema
2024-11-15T09:00:00,585.29505,Sistema
2024-11-15T10:00:00,585.29505,Sistema
2024-11-15T11:00:00,478.13505,Sistema
2024-11-15T12:00:00,585.29505,Sistema
2024-11-15T13:00:00,585.29505,Sistema
2024-11-15T14:00:00,779.20905,Sistema
2024-11-15T15:00:00,789.50205,Sistema
2024-11-15T16:00:00,896.30805,Sistema
2024-11-15T17:00:00,896.30805,Sistema
2024-11-15T18:00:00,852.29005,Sistema
2024-11-15T19:00:00,2135.12405,Sistema
2024-11-15T20:00:00,933.26005,Sistema
2024-11-15T21:00:00,933.26005,Sistema
2024-11-15T22:00:00,852.29005,Sistema
2024-11-15T23:00:00,852.29005,Sistema
2024-11-15T24:00:00,450.45605,Sistema
2024-11-16T01:00:00,1054.09285,Sistema
2024-11-16T02:00:00,893.34985,Sistema
2024-11-16T03:00:00,107.89285,Sistema
2024-11-16T04:00:00,1054.09285,Sistema
2024-11-16T05:00:00,107.89285,Sistema
2024-11-16T06:00:00,447.49785,Sistema
2024-11-16T07:00:00,447.49785,Sistema
2024-11-16T08:00:00,475.17685,Sistema
2024-11-16T09:00:00,475.17685,Sistema
2024-11-16T10:00:00,582.33685,Sistema
2024-11-16T11:00:00,648.85485,Sistema
2024-11-16T12:00:00,582.33685,Sistema
2024-11-16T13:00:00,1054.09285,Sistema
2024-11-16T14:00:00,447.49785,Sistema
2024-11-16T15:00:00,475.17685,Sistema
2024-11-16T16:00:00,1054.09285,Sistema
2024-11-16T17:00:00,893.34985,Sistema
2024-11-16T18:00:00,1054.09285,Sistema
2024-11-16T19:00:00,1054.09285,Sistema
2024-11-16T20:00:00,1054.09285,Sistema
2024-11-16T21:00:00,893.34985,Sistema
2024-11-16T22:00:00,893.34985,Sistema
2024-11-16T23:00:00,893.34985,Sistema
2024-11-16T24:00:00,107.89285,Sistema
2024-11-17T01:00:00,1612.5359,Sistema
2024-11-17T02:00:00,714.1229,Sistema
2024-11-17T03:00:00,521.6029,Sistema
2024-11-17T04:00:00,217.0139,Sistema
2024-11-17T05:00:00,247.8469,Sistema
2024-11-17T06:00:00,217.0139,Sistema
2024-11-17T07:00:00,116.2359,Sistema
2024-11-17T08:00:00,116.3359,Sistema
2024-11-17T09:00:00,217.0139,Sistema
2024-11-17T10:00:00,116.2359,Sistema
2024-11-17T11:00:00,116.2359,Sistema
2024-11-17T12:00:00,116.3359,Sistema
2024-11-17T13:00:00,521.6029,Sistema
2024-11-17T14:00:00,652.4849,Sistema
2024-11-17T15:00:00,117.3609,Sistema
2024-11-17T16:00:00,652.4849,Sistema
2024-11-17T17:00:00,652.4849,Sistema
2024-11-17T18:00:00,714.1229,Sistema
2024-11-17T19:00:00,901.7929,Sistema
2024-11-17T20:00:00,901.7929,Sistema
2024-11-17T21:00:00,834.3069,Sistema
2024-11-17T22:00:00,834.3069,Sistema
2024-11-17T23:00:00,834.3069,Sistema
2024-11-17T24:00:00,730.2809,Sistema
2024-11-18T01:00:00,216.17776,Sistema
2024-11-18T02:00:00,216.17776,Sistema
2024-11-18T03:00:00,110.26576,Sistema
2024-11-18T04:00:00,110.26576,Sistema
2024-11-18T05:00:00,216.17776,Sistema
2024-11-18T06:00:00,520.72176,Sistema
2024-11-18T07:00:00,520.72176,Sistema
2024-11-18T08:00:00,651.64876,Sistema
2024-11-18T09:00:00,651.64876,Sistema
2024-11-18T10:00:00,785.30176,Sistema
2024-11-18T11:00:00,833.02476,Sistema
2024-11-18T12:00:00,833.02476,Sistema
2024-11-18T13:00:00,833.02476,Sistema
2024-11-18T14:00:00,833.02476,Sistema
2024-11-18T15:00:00,900.95676,Sistema
2024-11-18T16:00:00,937.69976,Sistema
2024-11-18T17:00:00,948.69976,Sistema
2024-11-18T18:00:00,1045.70776,Sistema
2024-11-18T19:00:00,1068.08276,Sistema
2024-11-18T20:00:00,1045.70776,Sistema
2024-11-18T21:00:00,948.69976,Sistema
2024-11-18T22:00:00,833.02476,Sistema
2024-11-18T23:00:00,833.02476,Sistema
2024-11-18T24:00:00,785.30176,Sistema
2024-11-19T01:00:00,514.88003,Sistema
2024-11-19T02:00:00,245.50603,Sistema
2024-11-19T03:00:00,351.75803,Sistema
2024-11-19T04:00:00,232.87403,Sistema
2024-11-19T05:00:00,245.50603,Sistema
2024-11-19T06:00:00,509.78903,Sistema
2024-11-19T07:00:00,514.88003,Sistema
2024-11-19T08:00:00,778.85803,Sistema
2024-11-19T09:00:00,778.85803,Sistema
2024-11-19T10:00:00,763.61103,Sistema
2024-11-19T11:00:00,778.85803,Sistema
2024-11-19T12:00:00,778.85803,Sistema
2024-11-19T13:00:00,778.85803,Sistema
2024-11-19T14:00:00,778.85803,Sistema
2024-11-19T15:00:00,826.27903,Sistema
2024-11-19T16:00:00,826.27903,Sistema
2024-11-19T17:00:00,895.11503,Sistema
2024-11-19T18:00:00,895.11503,Sistema
2024-11-19T19:00:00,925.86003,Sistema
2024-11-19T20:00:00,925.86003,Sistema
2024-11-19T21:00:00,826.27903,Sistema
2024-11-19T22:00:00,826.27903,Sistema
2024-11-19T23:00:00,763.61103,Sistema
2024-11-19T24:00:00,763.61103,Sistema
2024-11-20T01:00:00,760.31313,Sistema
2024-11-20T02:00:00,446.46113,Sistema
2024-11-20T03:00:00,439.12313,Sistema
2024-11-20T04:00:00,366.70113,Sistema
2024-11-20T05:00:00,439.12313,Sistema
2024-11-20T06:00:00,760.31313,Sistema
2024-11-20T07:00:00,760.31313,Sistema
2024-11-20T08:00:00,760.31313,Sistema
2024-11-20T09:00:00,760.31313,Sistema
2024-11-20T10:00:00,803.10113,Sistema
2024-11-20T11:00:00,803.10113,Sistema
2024-11-20T12:00:00,803.10113,Sistema
2024-11-20T13:00:00,803.10113,Sistema
2024-11-20T14:00:00,803.10113,Sistema
2024-11-20T15:00:00,803.10113,Sistema
2024-11-20T16:00:00,823.59613,Sistema
2024-11-20T17:00:00,823.59613,Sistema
2024-11-20T18:00:00,823.59613,Sistema
2024-11-20T19:00:00,1043.10113,Sistema
2024-11-20T20:00:00,892.35813,Sistema
2024-11-20T21:00:00,823.59613,Sistema
2024-11-20T22:00:00,803.10113,Sistema
2024-11-20T23:00:00,803.10113,Sistema
2024-11-20T24:00:00,760.31313,Sistema
2024-11-21T01:00:00,109.03654,Sistema
2024-11-21T02:00:00,109.57254,Sistema
2024-11-21T03:00:00,109.57254,Sistema
2024-11-21T04:00:00,109.57254,Sistema
2024-11-21T05:00:00,109.57254,Sistema
2024-11-21T06:00:00,356.37054,Sistema
2024-11-21T07:00:00,374.79054,Sistema
2024-11-21T08:00:00,374.79054,Sistema
2024-11-21T09:00:00,453.83054,Sistema
2024-11-21T10:00:00,374.79054,Sistema
2024-11-21T11:00:00,650.41954,Sistema
2024-11-21T12:00:00,765.47054,Sistema
2024-11-21T13:00:00,765.47054,Sistema
2024-11-21T14:00:00,765.47054,Sistema
2024-11-21T15:00:00,810.47054,Sistema
2024-11-21T16:00:00,810.47054,Sistema
2024-11-21T17:00:00,810.47054,Sistema
2024-11-21T18:00:00,810.47054,Sistema
2024-11-21T19:00:00,810.47054,Sistema
2024-11-21T20:00:00,810.47054,Sistema
2024-11-21T21:00:00,810.47054,Sistema
2024-11-21T22:00:00,810.47054,Sistema
2024-11-21T23:00:00,765.47054,Sistema
2024-11-21T24:00:00,760.66054,Sistema
2024-11-22T01:00:00,244.66173,Sistema
2024-11-22T02:00:00,635.01373,Sistema
2024-11-22T03:00:00,107.01373,Sistema
2024-11-22T04:00:00,104.11573,Sistema
2024-11-22T05:00:00,107.01373,Sistema
2024-11-22T06:00:00,754.84673,Sistema
2024-11-22T07:00:00,754.84673,Sistema
2024-11-22T08:00:00,754.84673,Sistema
2024-11-22T09:00:00,754.84673,Sistema
2024-11-22T10:00:00,754.84673,Sistema
2024-11-22T11:00:00,754.84673,Sistema
2024-11-22T12:00:00,805.01373,Sistema
2024-11-22T13:00:00,805.01373,Sistema
2024-11-22T14:00:00,754.84673,Sistema
2024-11-22T15:00:00,805.01373,Sistema
2024-11-22T16:00:00,817.12273,Sistema
2024-11-22T17:00:00,817.12273,Sistema
2024-11-22T18:00:00,817.12273,Sistema
2024-11-22T19:00:00,894.27073,Sistema
2024-11-22T20:00:00,817.12273,Sistema
2024-11-22T21:00:00,817.12273,Sistema
2024-11-22T22:00:00,805.01373,Sistema
2024-11-22T23:00:00,805.01373,Sistema
2024-11-22T24:00:00,754.84673,Sistema
2024-11-23T01:00:00,242.41915,Sistema
2024-11-23T02:00:00,109.10815,Sistema
2024-11-23T03:00:00,106.21015,Sistema
2024-11-23T04:00:00,106.21015,Sistema
2024-11-23T05:00:00,242.41915,Sistema
2024-11-23T06:00:00,582.03115,Sistema
2024-11-23T07:00:00,617.10815,Sistema
2024-11-23T08:00:00,617.10815,Sistema
2024-11-23T09:00:00,617.10815,Sistema
2024-11-23T10:00:00,617.10815,Sistema
2024-11-23T11:00:00,617.10815,Sistema
2024-11-23T12:00:00,617.10815,Sistema
2024-11-23T13:00:00,617.10815,Sistema
2024-11-23T14:00:00,617.10815,Sistema
2024-11-23T15:00:00,617.10815,Sistema
2024-11-23T16:00:00,617.10815,Sistema
2024-11-23T17:00:00,617.10815,Sistema
2024-11-23T18:00:00,757.10815,Sistema
2024-11-23T19:00:00,757.10815,Sistema
2024-11-23T20:00:00,757.10815,Sistema
2024-11-23T21:00:00,720.10315,Sistema
2024-11-23T22:00:00,757.10815,Sistema
2024-11-23T23:00:00,757.10815,Sistema
2024-11-23T24:00:00,720.10315,Sistema
2024-11-24T01:00:00,102.5533,Sistema
2024-11-24T02:00:00,102.5533,Sistema
2024-11-24T03:00:00,107.3663,Sistema
2024-11-24T04:00:00,102.5533,Sistema
2024-11-24T05:00:00,102.5533,Sistema
2024-11-24T06:00:00,102.5533,Sistema
2024-11-24T07:00:00,102.5523,Sistema
2024-11-24T08:00:00,101.9863,Sistema
2024-11-24T09:00:00,101.9863,Sistema
2024-11-24T10:00:00,102.5533,Sistema
2024-11-24T11:00:00,102.5533,Sistema
2024-11-24T12:00:00,107.3663,Sistema
2024-11-24T13:00:00,107.3663,Sistema
2024-11-24T14:00:00,107.3663,Sistema
2024-11-24T15:00:00,107.3663,Sistema
2024-11-24T16:00:00,107.3663,Sistema
2024-11-24T17:00:00,428.9863,Sistema
2024-11-24T18:00:00,428.9863,Sistema
2024-11-24T19:00:00,593.9863,Sistema
2024-11-24T20:00:00,593.9863,Sistema
2024-11-24T21:00:00,428.9863,Sistema
2024-11-24T22:00:00,428.9863,Sistema
2024-11-24T23:00:00,428.9863,Sistema
2024-11-24T24:00:00,428.9863,Sistema
2024-11-25T01:00:00,307.54849,Sistema
2024-11-25T02:00:00,307.54849,Sistema
2024-11-25T03:00:00,307.54849,Sistema
2024-11-25T04:00:00,307.54849,Sistema
2024-11-25T05:00:00,307.54849,Sistema
2024-11-25T06:00:00,307.54849,Sistema
2024-11-25T07:00:00,307.54849,Sistema
2024-11-25T08:00:00,307.54849,Sistema
2024-11-25T09:00:00,307.54849,Sistema
2024-11-25T10:00:00,407.54849,Sistema
2024-11-25T11:00:00,407.54849,Sistema
2024-11-25T12:00:00,407.54849,Sistema
2024-11-25T13:00:00,407.54849,Sistema
2024-11-25T14:00:00,407.54849,Sistema
2024-11-25T15:00:00,407.54849,Sistema
2024-11-25T16:00:00,407.54849,Sistema
2024-11-25T17:00:00,407.54849,Sistema
2024-11-25T18:00:00,720.43949,Sistema
2024-11-25T19:00:00,896.80549,Sistema
2024-11-25T20:00:00,720.43949,Sistema
2024-11-25T21:00:00,720.43949,Sistema
2024-11-25T22:00:00,720.43949,Sistema
2024-11-25T23:00:00,407.54849,Sistema
2024-11-25T24:00:00,407.54849,Sistema
2024-11-26T01:00:00,339.36003,Sistema
2024-11-26T02:00:00,339.36003,Sistema
2024-11-26T03:00:00,309.36003,Sistema
2024-11-26T04:00:00,309.36003,Sistema
2024-11-26T05:00:00,309.36003,Sistema
2024-11-26T06:00:00,339.36003,Sistema
2024-11-26T07:00:00,339.36003,Sistema
2024-11-26T08:00:00,339.36003,Sistema
2024-11-26T09:00:00,339.36003,Sistema
2024-11-26T10:00:00,339.36003,Sistema
2024-11-26T11:00:00,339.36003,Sistema
2024-11-26T12:00:00,389.36003,Sistema
2024-11-26T13:00:00,347.56003,Sistema
2024-11-26T14:00:00,389.36003,Sistema
2024-11-26T15:00:00,721.82903,Sistema
2024-11-26T16:00:00,721.82903,Sistema
2024-11-26T17:00:00,898.61703,Sistema
2024-11-26T18:00:00,898.61703,Sistema
2024-11-26T19:00:00,898.61703,Sistema
2024-11-26T20:00:00,898.61703,Sistema
2024-11-26T21:00:00,721.82903,Sistema
2024-11-26T22:00:00,721.82903,Sistema
2024-11-26T23:00:00,339.36003,Sistema
2024-11-26T24:00:00,339.36003,Sistema
2024-11-27T01:00:00,716.80582,Sistema
2024-11-27T02:00:00,716.80582,Sistema
2024-11-27T03:00:00,584.58382,Sistema
2024-11-27T04:00:00,384.05482,Sistema
2024-11-27T05:00:00,384.05482,Sistema
2024-11-27T06:00:00,384.05482,Sistema
2024-11-27T07:00:00,716.80582,Sistema
2024-11-27T08:00:00,716.80582,Sistema
2024-11-27T09:00:00,716.80582,Sistema
2024-11-27T10:00:00,755.77282,Sistema
2024-11-27T11:00:00,765.83882,Sistema
2024-11-27T12:00:00,765.83882,Sistema
2024-11-27T13:00:00,765.83882,Sistema
2024-11-27T14:00:00,765.83882,Sistema
2024-11-27T15:00:00,923.85482,Sistema
2024-11-27T16:00:00,934.85482,Sistema
2024-11-27T17:00:00,936.85482,Sistema
2024-11-27T18:00:00,936.85482,Sistema
2024-11-27T19:00:00,936.85482,Sistema
2024-11-27T20:00:00,936.85482,Sistema
2024-11-27T21:00:00,936.85482,Sistema
2024-11-27T22:00:00,936.85482,Sistema
2024-11-27T23:00:00,923.85482,Sistema
2024-11-27T24:00:00,765.83882,Sistema
2024-11-28T01:00:00,749.77543,Sistema
2024-11-28T02:00:00,749.77543,Sistema
2024-11-28T03:00:00,749.77543,Sistema
2024-11-28T04:00:00,749.77543,Sistema
2024-11-28T05:00:00,749.77543,Sistema
2024-11-28T06:00:00,749.77543,Sistema
2024-11-28T07:00:00,756.31743,Sistema
2024-11-28T08:00:00,756.31743,Sistema
2024-11-28T09:00:00,756.31743,Sistema
2024-11-28T10:00:00,749.77543,Sistema
2024-11-28T11:00:00,756.31743,Sistema
2024-11-28T12:00:00,756.31743,Sistema
2024-11-28T13:00:00,756.31743,Sistema
2024-11-28T14:00:00,779.77543,Sistema
2024-11-28T15:00:00,779.77543,Sistema
2024-11-28T16:00:00,779.77543,Sistema
2024-11-28T17:00:00,914.77543,Sistema
2024-11-28T18:00:00,914.77543,Sistema
2024-11-28T19:00:00,919.77543,Sistema
2024-11-28T20:00:00,914.77543,Sistema
2024-11-28T21:00:00,914.77543,Sistema
2024-11-28T22:00:00,889.03243,Sistema
2024-11-28T23:00:00,779.77543,Sistema
2024-11-28T24:00:00,749.77543,Sistema
2024-11-29T01:00:00,103.91394,Sistema
2024-11-29T02:00:00,108.98194,Sistema
2024-11-29T03:00:00,150.34694,Sistema
2024-11-29T04:00:00,108.98394,Sistema
2024-11-29T05:00:00,150.34694,Sistema
2024-11-29T06:00:00,368.94694,Sistema
2024-11-29T07:00:00,705.34694,Sistema
2024-11-29T08:00:00,705.34694,Sistema
2024-11-29T09:00:00,705.34694,Sistema
2024-11-29T10:00:00,745.34694,Sistema
2024-11-29T11:00:00,745.34694,Sistema
2024-11-29T12:00:00,745.34694,Sistema
2024-11-29T13:00:00,705.34694,Sistema
2024-11-29T14:00:00,745.34694,Sistema
2024-11-29T15:00:00,745.34694,Sistema
2024-11-29T16:00:00,745.34694,Sistema
2024-11-29T17:00:00,745.34694,Sistema
2024-11-29T18:00:00,760.34694,Sistema
2024-11-29T19:00:00,760.34694,Sistema
2024-11-29T20:00:00,760.34694,Sistema
2024-11-29T21:00:00,760.34694,Sistema
2024-11-29T22:00:00,745.34694,Sistema
2024-11-29T23:00:00,745.34694,Sistema
2024-11-29T24:00:00,716.93194,Sistema
2024-11-30T01:00:00,108.72452,Sistema
2024-11-30T02:00:00,108.72452,Sistema
2024-11-30T03:00:00,108.72452,Sistema
2024-11-30T04:00:00,108.72452,Sistema
2024-11-30T05:00:00,108.72452,Sistema
2024-11-30T06:00:00,108.72452,Sistema
2024-11-30T07:00:00,108.72452,Sistema
2024-11-30T08:00:00,108.72452,Sistema
2024-11-30T09:00:00,108.72452,Sistema
2024-11-30T10:00:00,254.66752,Sistema
2024-11-30T11:00:00,254.66752,Sistema
2024-11-30T12:00:00,633.72452,Sistema
2024-11-30T13:00:00,633.72452,Sistema
2024-11-30T14:00:00,633.72452,Sistema
2024-11-30T15:00:00,633.72452,Sistema
2024-11-30T16:00:00,718.72452,Sistema
2024-11-30T17:00:00,718.72452,Sistema
2024-11-30T18:00:00,718.72452,Sistema
2024-11-30T19:00:00,723.72452,Sistema
2024-11-30T20:00:00,723.72452,Sistema
2024-11-30T21:00:00,718.72452,Sistema
2024-11-30T22:00:00,718.72452,Sistema
2024-11-30T23:00:00,718.72452,Sistema
2024-11-30T24:00:00,633.72452,Sistema
2024-12-01T01:00:00,642.54859,Sistema
2024-12-01T02:00:00,642.54859,Sistema
2024-12-01T03:00:00,637.54859,Sistema
2024-12-01T04:00:00,637.54859,Sistema
2024-12-01T05:00:00,637.54859,Sistema
2024-12-01T06:00:00,517.27559,Sistema
2024-12-01T07:00:00,152.54859,Sistema
2024-12-01T08:00:00,115.40159,Sistema
2024-12-01T09:00:00,115.39959,Sistema
2024-12-01T10:00:00,115.40159,Sistema
2024-12-01T11:00:00,152.54859,Sistema
2024-12-01T12:00:00,517.27559,Sistema
2024-12-01T13:00:00,637.54859,Sistema
2024-12-01T14:00:00,637.54859,Sistema
2024-12-01T15:00:00,642.54859,Sistema
2024-12-01T16:00:00,642.54859,Sistema
2024-12-01T17:00:00,642.54859,Sistema
2024-12-01T18:00:00,723.54859,Sistema
2024-12-01T19:00:00,723.54859,Sistema
2024-12-01T20:00:00,723.54859,Sistema
2024-12-01T21:00:00,723.54859,Sistema
2024-12-01T22:00:00,723.54859,Sistema
2024-12-01T23:00:00,723.54859,Sistema
2024-12-01T24:00:00,642.54859,Sistema
2024-12-02T01:00:00,556.11647,Sistema
2024-12-02T02:00:00,556.11647,Sistema
2024-12-02T03:00:00,556.11647,Sistema
2024-12-02T04:00:00,556.11647,Sistema
2024-12-02T05:00:00,556.11647,Sistema
2024-12-02T06:00:00,638.11647,Sistema
2024-12-02T07:00:00,638.11647,Sistema
2024-12-02T08:00:00,638.11647,Sistema
2024-12-02T09:00:00,638.11647,Sistema
2024-12-02T10:00:00,638.11647,Sistema
2024-12-02T11:00:00,638.11647,Sistema
2024-12-02T12:00:00,656.11647,Sistema
2024-12-02T13:00:00,656.11647,Sistema
2024-12-02T14:00:00,656.11647,Sistema
2024-12-02T15:00:00,725.11647,Sistema
2024-12-02T16:00:00,726.11647,Sistema
2024-12-02T17:00:00,725.11647,Sistema
2024-12-02T18:00:00,727.11647,Sistema
2024-12-02T19:00:00,756.11647,Sistema
2024-12-02T20:00:00,756.11647,Sistema
2024-12-02T21:00:00,726.11647,Sistema
2024-12-02T22:00:00,725.11647,Sistema
2024-12-02T23:00:00,686.11647,Sistema
2024-12-02T24:00:00,656.11647,Sistema
2024-12-03T01:00:00,724.975,Sistema
2024-12-03T02:00:00,724.975,Sistema
2024-12-03T03:00:00,724.975,Sistema
2024-12-03T04:00:00,724.975,Sistema
2024-12-03T05:00:00,724.975,Sistema
2024-12-03T06:00:00,725.389,Sistema
2024-12-03T07:00:00,725.389,Sistema
2024-12-03T08:00:00,725.389,Sistema
2024-12-03T09:00:00,725.389,Sistema
2024-12-03T10:00:00,725.389,Sistema
2024-12-03T11:00:00,725.389,Sistema
2024-12-03T12:00:00,725.389,Sistema
2024-12-03T13:00:00,727.389,Sistema
2024-12-03T14:00:00,727.389,Sistema
2024-12-03T15:00:00,728.389,Sistema
2024-12-03T16:00:00,737.389,Sistema
2024-12-03T17:00:00,747.389,Sistema
2024-12-03T18:00:00,747.389,Sistema
2024-12-03T19:00:00,757.389,Sistema
2024-12-03T20:00:00,757.389,Sistema
2024-12-03T21:00:00,747.389,Sistema
2024-12-03T22:00:00,737.389,Sistema
2024-12-03T23:00:00,728.389,Sistema
2024-12-03T24:00:00,725.389,Sistema
2024-12-04T01:00:00,756.91176,Sistema
2024-12-04T02:00:00,754.91176,Sistema
2024-12-04T03:00:00,754.91176,Sistema
2024-12-04T04:00:00,754.91176,Sistema
2024-12-04T05:00:00,754.91176,Sistema
2024-12-04T06:00:00,756.91176,Sistema
2024-12-04T07:00:00,760.34876,Sistema
2024-12-04T08:00:00,760.34876,Sistema
2024-12-04T09:00:00,760.34876,Sistema
2024-12-04T10:00:00,760.34876,Sistema
2024-12-04T11:00:00,760.34876,Sistema
2024-12-04T12:00:00,797.91176,Sistema
2024-12-04T13:00:00,797.91176,Sistema
2024-12-04T14:00:00,797.91176,Sistema
2024-12-04T15:00:00,797.91176,Sistema
2024-12-04T16:00:00,806.91176,Sistema
2024-12-04T17:00:00,806.91176,Sistema
2024-12-04T18:00:00,806.91176,Sistema
2024-12-04T19:00:00,806.91176,Sistema
2024-12-04T20:00:00,806.91176,Sistema
2024-12-04T21:00:00,806.91176,Sistema
2024-12-04T22:00:00,797.91176,Sistema
2024-12-04T23:00:00,797.91176,Sistema
2024-12-04T24:00:00,760.34876,Sistema
2024-12-05T01:00:00,768.80483,Sistema
2024-12-05T02:00:00,768.80483,Sistema
2024-12-05T03:00:00,768.80483,Sistema
2024-12-05T04:00:00,726.44383,Sistema
2024-12-05T05:00:00,768.80483,Sistema
2024-12-05T06:00:00,768.80483,Sistema
2024-12-05T07:00:00,768.80483,Sistema
2024-12-05T08:00:00,768.80483,Sistema
2024-12-05T09:00:00,803.62283,Sistema
2024-12-05T10:00:00,803.62283,Sistema
2024-12-05T11:00:00,805.10083,Sistema
2024-12-05T12:00:00,806.10083,Sistema
2024-12-05T13:00:00,806.10083,Sistema
2024-12-05T14:00:00,806.10083,Sistema
2024-12-05T15:00:00,806.10083,Sistema
2024-12-05T16:00:00,806.10083,Sistema
2024-12-05T17:00:00,816.10083,Sistema
2024-12-05T18:00:00,817.10083,Sistema
2024-12-05T19:00:00,820.10083,Sistema
2024-12-05T20:00:00,820.10083,Sistema
2024-12-05T21:00:00,817.10083,Sistema
2024-12-05T22:00:00,817.10083,Sistema
2024-12-05T23:00:00,806.10083,Sistema
2024-12-05T24:00:00,806.10083,Sistema
2024-12-06T01:00:00,766.14665,Sistema
2024-12-06T02:00:00,766.14665,Sistema
2024-12-06T03:00:00,766.14665,Sistema
2024-12-06T04:00:00,766.14665,Sistema
2024-12-06T05:00:00,766.14665,Sistema
2024-12-06T06:00:00,766.14665,Sistema
2024-12-06T07:00:00,766.14665,Sistema
2024-12-06T08:00:00,766.14665,Sistema
2024-12-06T09:00:00,766.14665,Sistema
2024-12-06T10:00:00,792.49065,Sistema
2024-12-06T11:00:00,792.49065,Sistema
2024-12-06T12:00:00,792.49065,Sistema
2024-12-06T13:00:00,792.49065,Sistema
2024-12-06T14:00:00,792.49065,Sistema
2024-12-06T15:00:00,796.04665,Sistema
2024-12-06T16:00:00,796.04665,Sistema
2024-12-06T17:00:00,796.04665,Sistema
2024-12-06T18:00:00,796.04665,Sistema
2024-12-06T19:00:00,796.04665,Sistema
2024-12-06T20:00:00,796.04665,Sistema
2024-12-06T21:00:00,796.04665,Sistema
2024-12-06T22:00:00,796.04665,Sistema
2024-12-06T23:00:00,796.04665,Sistema
2024-12-06T24:00:00,792.49065,Sistema
2024-12-07T01:00:00,806.54526,Sistema
2024-12-07T02:00:00,803.06726,Sistema
2024-12-07T03:00:00,789.23926,Sistema
2024-12-07T04:00:00,803.06726,Sistema
2024-12-07T05:00:00,803.06726,Sistema
2024-12-07T06:00:00,803.06726,Sistema
2024-12-07T07:00:00,803.06726,Sistema
2024-12-07T08:00:00,803.06726,Sistema
2024-12-07T09:00:00,803.06726,Sistema
2024-12-07T10:00:00,806.54526,Sistema
2024-12-07T11:00:00,806.54526,Sistema
2024-12-07T12:00:00,806.54526,Sistema
2024-12-07T13:00:00,806.54526,Sistema
2024-12-07T14:00:00,806.54526,Sistema
2024-12-07T15:00:00,806.54526,Sistema
2024-12-07T16:00:00,806.54526,Sistema
2024-12-07T17:00:00,806.54526,Sistema
2024-12-07T18:00:00,830.54526,Sistema
2024-12-07T19:00:00,835.54526,Sistema
2024-12-07T20:00:00,830.54526,Sistema
2024-12-07T21:00:00,806.54526,Sistema
2024-12-07T22:00:00,806.54526,Sistema
2024-12-07T23:00:00,806.54526,Sistema
2024-12-07T24:00:00,806.54526,Sistema
2024-12-08T01:00:00,785.06319,Sistema
2024-12-08T02:00:00,785.06319,Sistema
2024-12-08T03:00:00,785.06319,Sistema
2024-12-08T04:00:00,785.06319,Sistema
2024-12-08T05:00:00,785.06319,Sistema
2024-12-08T06:00:00,785.06319,Sistema
2024-12-08T07:00:00,785.06319,Sistema
2024-12-08T08:00:00,249.71119,Sistema
2024-12-08T09:00:00,249.71119,Sistema
2024-12-08T10:00:00,249.71119,Sistema
2024-12-08T11:00:00,419.52619,Sistema
2024-12-08T12:00:00,785.06319,Sistema
2024-12-08T13:00:00,785.06319,Sistema
2024-12-08T14:00:00,785.06319,Sistema
2024-12-08T15:00:00,785.06319,Sistema
2024-12-08T16:00:00,785.06319,Sistema
2024-12-08T17:00:00,791.26519,Sistema
2024-12-08T18:00:00,808.76319,Sistema
2024-12-08T19:00:00,850.06319,Sistema
2024-12-08T20:00:00,850.06319,Sistema
2024-12-08T21:00:00,850.06319,Sistema
2024-12-08T22:00:00,810.06319,Sistema
2024-12-08T23:00:00,810.06319,Sistema
2024-12-08T24:00:00,807.58519,Sistema
2024-12-09T01:00:00,845.52715,Sistema
2024-12-09T02:00:00,845.52715,Sistema
2024-12-09T03:00:00,827.83915,Sistema
2024-12-09T04:00:00,827.83915,Sistema
2024-12-09T05:00:00,816.88415,Sistema
2024-12-09T06:00:00,845.52715,Sistema
2024-12-09T07:00:00,845.52715,Sistema
2024-12-09T08:00:00,845.52715,Sistema
2024-12-09T09:00:00,845.52715,Sistema
2024-12-09T10:00:00,845.52715,Sistema
2024-12-09T11:00:00,845.52715,Sistema
2024-12-09T12:00:00,850.52715,Sistema
2024-12-09T13:00:00,850.52715,Sistema
2024-12-09T14:00:00,850.52715,Sistema
2024-12-09T15:00:00,850.52715,Sistema
2024-12-09T16:00:00,850.52715,Sistema
2024-12-09T17:00:00,850.52715,Sistema
2024-12-09T18:00:00,860.52715,Sistema
2024-12-09T19:00:00,861.52715,Sistema
2024-12-09T20:00:00,861.52715,Sistema
2024-12-09T21:00:00,861.52715,Sistema
2024-12-09T22:00:00,860.52715,Sistema
2024-12-09T23:00:00,850.52715,Sistema
2024-12-09T24:00:00,850.52715,Sistema
2024-12-10T01:00:00,839.60518,Sistema
2024-12-10T02:00:00,828.93518,Sistema
2024-12-10T03:00:00,828.93518,Sistema
2024-12-10T04:00:00,828.93518,Sistema
2024-12-10T05:00:00,828.93518,Sistema
2024-12-10T06:00:00,828.93518,Sistema
2024-12-10T07:00:00,856.10418,Sistema
2024-12-10T08:00:00,856.10418,Sistema
2024-12-10T09:00:00,856.10418,Sistema
2024-12-10T10:00:00,856.10418,Sistema
2024-12-10T11:00:00,856.10418,Sistema
2024-12-10T12:00:00,856.10418,Sistema
2024-12-10T13:00:00,856.10418,Sistema
2024-12-10T14:00:00,866.10418,Sistema
2024-12-10T15:00:00,866.10418,Sistema
2024-12-10T16:00:00,866.10418,Sistema
2024-12-10T17:00:00,909.10418,Sistema
2024-12-10T18:00:00,871.10418,Sistema
2024-12-10T19:00:00,909.10418,Sistema
2024-12-10T20:00:00,909.10418,Sistema
2024-12-10T21:00:00,909.10418,Sistema
2024-12-10T22:00:00,866.10418,Sistema
2024-12-10T23:00:00,866.10418,Sistema
2024-12-10T24:00:00,856.10418,Sistema
2024-12-11T01:00:00,865.55389,Sistema
2024-12-11T02:00:00,828.78289,Sistema
2024-12-11T03:00:00,828.78289,Sistema
2024-12-11T04:00:00,828.78289,Sistema
2024-12-11T05:00:00,828.78289,Sistema
2024-12-11T06:00:00,828.78289,Sistema
2024-12-11T07:00:00,865.55389,Sistema
2024-12-11T08:00:00,865.55389,Sistema
2024-12-11T09:00:00,865.55389,Sistema
2024-12-11T10:00:00,865.55389,Sistema
2024-12-11T11:00:00,865.55389,Sistema
2024-12-11T12:00:00,865.55389,Sistema
2024-12-11T13:00:00,865.55389,Sistema
2024-12-11T14:00:00,865.55389,Sistema
2024-12-11T15:00:00,865.55389,Sistema
2024-12-11T16:00:00,909.55389,Sistema
2024-12-11T17:00:00,909.55389,Sistema
2024-12-11T18:00:00,909.55389,Sistema
2024-12-11T19:00:00,951.55389,Sistema
2024-12-11T20:00:00,951.55389,Sistema
2024-12-11T21:00:00,909.55389,Sistema
2024-12-11T22:00:00,909.55389,Sistema
2024-12-11T23:00:00,906.95689,Sistema
2024-12-11T24:00:00,865.55389,Sistema
2024-12-12T01:00:00,907.37765,Sistema
2024-12-12T02:00:00,826.50265,Sistema
2024-12-12T03:00:00,826.50265,Sistema
2024-12-12T04:00:00,784.05665,Sistema
2024-12-12T05:00:00,826.50265,Sistema
2024-12-12T06:00:00,826.50265,Sistema
2024-12-12T07:00:00,826.50265,Sistema
2024-12-12T08:00:00,826.50265,Sistema
2024-12-12T09:00:00,826.50265,Sistema
2024-12-12T10:00:00,907.37765,Sistema
2024-12-12T11:00:00,907.97465,Sistema
2024-12-12T12:00:00,915.97465,Sistema
2024-12-12T13:00:00,915.97465,Sistema
2024-12-12T14:00:00,916.97465,Sistema
2024-12-12T15:00:00,935.97465,Sistema
2024-12-12T16:00:00,935.97465,Sistema
2024-12-12T17:00:00,935.97465,Sistema
2024-12-12T18:00:00,935.97465,Sistema
2024-12-12T19:00:00,945.97465,Sistema
2024-12-12T20:00:00,935.97465,Sistema
2024-12-12T21:00:00,935.97465,Sistema
2024-12-12T22:00:00,935.97465,Sistema
2024-12-12T23:00:00,935.97465,Sistema
2024-12-12T24:00:00,916.97465,Sistema
2024-12-13T01:00:00,926.10729,Sistema
2024-12-13T02:00:00,926.10729,Sistema
2024-12-13T03:00:00,926.10729,Sistema
2024-12-13T04:00:00,926.10729,Sistema
2024-12-13T05:00:00,926.10729,Sistema
2024-12-13T06:00:00,926.10729,Sistema
2024-12-13T07:00:00,926.10729,Sistema
2024-12-13T08:00:00,926.10729,Sistema
2024-12-13T09:00:00,926.10729,Sistema
2024-12-13T10:00:00,926.10729,Sistema
2024-12-13T11:00:00,951.10729,Sistema
2024-12-13T12:00:00,951.10729,Sistema
2024-12-13T13:00:00,951.10729,Sistema
2024-12-13T14:00:00,951.10729,Sistema
2024-12-13T15:00:00,953.10729,Sistema
2024-12-13T16:00:00,966.10729,Sistema
2024-12-13T17:00:00,966.10729,Sistema
2024-12-13T18:00:00,967.10729,Sistema
2024-12-13T19:00:00,967.10729,Sistema
2024-12-13T20:00:00,967.10729,Sistema
2024-12-13T21:00:00,967.10729,Sistema
2024-12-13T22:00:00,966.10729,Sistema
2024-12-13T23:00:00,952.10729,Sistema
2024-12-13T24:00:00,951.10729,Sistema
2024-12-14T01:00:00,995.56688,Sistema
2024-12-14T02:00:00,995.56688,Sistema
2024-12-14T03:00:00,995.56688,Sistema
2024-12-14T04:00:00,995.56688,Sistema
2024-12-14T05:00:00,995.56688,Sistema
2024-12-14T06:00:00,995.56688,Sistema
2024-12-14T07:00:00,995.56688,Sistema
2024-12-14T08:00:00,995.56688,Sistema
2024-12-14T09:00:00,995.56688,Sistema
2024-12-14T10:00:00,995.56688,Sistema
2024-12-14T11:00:00,995.56688,Sistema
2024-12-14T12:00:00,995.56688,Sistema
2024-12-14T13:00:00,995.56688,Sistema
2024-12-14T14:00:00,1000.26688,Sistema
2024-12-14T15:00:00,1000.26688,Sistema
2024-12-14T16:00:00,995.56688,Sistema
2024-12-14T17:00:00,1000.56688,Sistema
2024-12-14T18:00:00,1000.56688,Sistema
2024-12-14T19:00:00,1095.56688,Sistema
2024-12-14T20:00:00,1095.56688,Sistema
2024-12-14T21:00:00,1095.56688,Sistema
2024-12-14T22:00:00,1000.56688,Sistema
2024-12-14T23:00:00,995.56688,Sistema
2024-12-14T24:00:00,995.56688,Sistema
2024-12-15T01:00:00,954.25324,Sistema
2024-12-15T02:00:00,926.45324,Sistema
2024-12-15T03:00:00,877.23024,Sistema
2024-12-15T04:00:00,811.55324,Sistema
2024-12-15T05:00:00,811.55324,Sistema
2024-12-15T06:00:00,811.55324,Sistema
2024-12-15T07:00:00,753.52624,Sistema
2024-12-15T08:00:00,753.52624,Sistema
2024-12-15T09:00:00,753.52624,Sistema
2024-12-15T10:00:00,753.52624,Sistema
2024-12-15T11:00:00,811.55324,Sistema
2024-12-15T12:00:00,753.52624,Sistema
2024-12-15T13:00:00,811.55324,Sistema
2024-12-15T14:00:00,926.45324,Sistema
2024-12-15T15:00:00,907.85624,Sistema
2024-12-15T16:00:00,954.25324,Sistema
2024-12-15T17:00:00,1001.45324,Sistema
2024-12-15T18:00:00,1186.45324,Sistema
2024-12-15T19:00:00,1186.45324,Sistema
2024-12-15T20:00:00,1186.45324,Sistema
2024-12-15T21:00:00,1186.45324,Sistema
2024-12-15T22:00:00,1166.45324,Sistema
2024-12-15T23:00:00,1186.45324,Sistema
2024-12-15T24:00:00,1001.45324,Sistema
2024-12-16T01:00:00,810.91385,Sistema
2024-12-16T02:00:00,810.91385,Sistema
2024-12-16T03:00:00,810.91385,Sistema
2024-12-16T04:00:00,810.91385,Sistema
2024-12-16T05:00:00,810.91385,Sistema
2024-12-16T06:00:00,909.01585,Sistema
2024-12-16T07:00:00,955.41285,Sistema
2024-12-16T08:00:00,951.61285,Sistema
2024-12-16T09:00:00,810.91385,Sistema
2024-12-16T10:00:00,927.61285,Sistema
2024-12-16T11:00:00,1050.13585,Sistema
2024-12-16T12:00:00,1302.61285,Sistema
2024-12-16T13:00:00,1302.61285,Sistema
2024-12-16T14:00:00,1302.61285,Sistema
2024-12-16T15:00:00,1309.61285,Sistema
2024-12-16T16:00:00,1327.61285,Sistema
2024-12-16T17:00:00,1327.61285,Sistema
2024-12-16T18:00:00,1309.61285,Sistema
2024-12-16T19:00:00,1327.61285,Sistema
2024-12-16T20:00:00,1327.61285,Sistema
2024-12-16T21:00:00,1309.61285,Sistema
2024-12-16T22:00:00,1302.61285,Sistema
2024-12-16T23:00:00,1090.70485,Sistema
2024-12-16T24:00:00,909.01585,Sistema
2024-12-17T01:00:00,951.06547,Sistema
2024-12-17T02:00:00,809.86047,Sistema
2024-12-17T03:00:00,809.86047,Sistema
2024-12-17T04:00:00,809.86047,Sistema
2024-12-17T05:00:00,809.86047,Sistema
2024-12-17T06:00:00,954.86547,Sistema
2024-12-17T07:00:00,954.86547,Sistema
2024-12-17T08:00:00,955.06547,Sistema
2024-12-17T09:00:00,955.06547,Sistema
2024-12-17T10:00:00,955.06547,Sistema
2024-12-17T11:00:00,1049.58847,Sistema
2024-12-17T12:00:00,1057.06547,Sistema
2024-12-17T13:00:00,1057.06547,Sistema
2024-12-17T14:00:00,1057.06547,Sistema
2024-12-17T15:00:00,1057.06547,Sistema
2024-12-17T16:00:00,1347.66547,Sistema
2024-12-17T17:00:00,1357.06547,Sistema
2024-12-17T18:00:00,1347.66547,Sistema
2024-12-17T19:00:00,1357.06547,Sistema
2024-12-17T20:00:00,1357.06547,Sistema
2024-12-17T21:00:00,1090.15747,Sistema
2024-12-17T22:00:00,1057.06547,Sistema
2024-12-17T23:00:00,987.06547,Sistema
2024-12-17T24:00:00,987.06547,Sistema
2024-12-18T01:00:00,809.43655,Sistema
2024-12-18T02:00:00,752.01055,Sistema
2024-12-18T03:00:00,752.01055,Sistema
2024-12-18T04:00:00,752.01055,Sistema
2024-12-18T05:00:00,752.01055,Sistema
2024-12-18T06:00:00,809.43655,Sistema
2024-12-18T07:00:00,860.60955,Sistema
2024-12-18T08:00:00,908.01255,Sistema
2024-12-18T09:00:00,860.60955,Sistema
2024-12-18T10:00:00,908.01255,Sistema
2024-12-18T11:00:00,954.60955,Sistema
2024-12-18T12:00:00,1006.60855,Sistema
2024-12-18T13:00:00,1006.60855,Sistema
2024-12-18T14:00:00,1006.60855,Sistema
2024-12-18T15:00:00,1006.60855,Sistema
2024-12-18T16:00:00,1006.60855,Sistema
2024-12-18T17:00:00,1006.60855,Sistema
2024-12-18T18:00:00,1006.60855,Sistema
2024-12-18T19:00:00,1049.13255,Sistema
2024-12-18T20:00:00,1049.13255,Sistema
2024-12-18T21:00:00,1006.60855,Sistema
2024-12-18T22:00:00,1006.60855,Sistema
2024-12-18T23:00:00,1006.60855,Sistema
2024-12-18T24:00:00,954.60955,Sistema
2024-12-19T01:00:00,735.83246,Sistema
2024-12-19T02:00:00,807.27546,Sistema
2024-12-19T03:00:00,735.83246,Sistema
2024-12-19T04:00:00,729.15146,Sistema
2024-12-19T05:00:00,729.15146,Sistema
2024-12-19T06:00:00,807.27546,Sistema
2024-12-19T07:00:00,729.15146,Sistema
2024-12-19T08:00:00,773.83746,Sistema
2024-12-19T09:00:00,906.70346,Sistema
2024-12-19T10:00:00,906.70346,Sistema
2024-12-19T11:00:00,906.70346,Sistema
2024-12-19T12:00:00,906.70346,Sistema
2024-12-19T13:00:00,906.70346,Sistema
2024-12-19T14:00:00,906.70346,Sistema
2024-12-19T15:00:00,906.70346,Sistema
2024-12-19T16:00:00,906.70346,Sistema
2024-12-19T17:00:00,950.71446,Sistema
2024-12-19T18:00:00,954.51446,Sistema
2024-12-19T19:00:00,1106.71446,Sistema
2024-12-19T20:00:00,1106.71446,Sistema
2024-12-19T21:00:00,1106.71446,Sistema
2024-12-19T22:00:00,906.70346,Sistema
2024-12-19T23:00:00,906.70346,Sistema
2024-12-19T24:00:00,906.70346,Sistema
2024-12-20T01:00:00,833.08206,Sistema
2024-12-20T02:00:00,788.90606,Sistema
2024-12-20T03:00:00,788.90606,Sistema
2024-12-20T04:00:00,788.90606,Sistema
2024-12-20T05:00:00,788.90606,Sistema
2024-12-20T06:00:00,788.90606,Sistema
2024-12-20T07:00:00,788.90606,Sistema
2024-12-20T08:00:00,833.08206,Sistema
2024-12-20T09:00:00,788.90606,Sistema
2024-12-20T10:00:00,833.08206,Sistema
2024-12-20T11:00:00,877.15806,Sistema
2024-12-20T12:00:00,907.78406,Sistema
2024-12-20T13:00:00,898.68906,Sistema
2024-12-20T14:00:00,902.38106,Sistema
2024-12-20T15:00:00,936.38106,Sistema
2024-12-20T16:00:00,1048.90406,Sistema
2024-12-20T17:00:00,1156.38106,Sistema
2024-12-20T18:00:00,1156.38106,Sistema
2024-12-20T19:00:00,1156.38106,Sistema
2024-12-20T20:00:00,1156.38106,Sistema
2024-12-20T21:00:00,1156.38106,Sistema
2024-12-20T22:00:00,1048.90406,Sistema
2024-12-20T23:00:00,936.38106,Sistema
2024-12-20T24:00:00,907.78406,Sistema
2024-12-21T01:00:00,936.03405,Sistema
2024-12-21T02:00:00,936.03405,Sistema
2024-12-21T03:00:00,790.22205,Sistema
2024-12-21T04:00:00,790.22205,Sistema
2024-12-21T05:00:00,876.81105,Sistema
2024-12-21T06:00:00,907.43705,Sistema
2024-12-21T07:00:00,907.43705,Sistema
2024-12-21T08:00:00,936.03405,Sistema
2024-12-21T09:00:00,936.03405,Sistema
2024-12-21T10:00:00,936.03405,Sistema
2024-12-21T11:00:00,936.03405,Sistema
2024-12-21T12:00:00,936.03405,Sistema
2024-12-21T13:00:00,936.03405,Sistema
2024-12-21T14:00:00,936.03405,Sistema
2024-12-21T15:00:00,936.03405,Sistema
2024-12-21T16:00:00,936.03405,Sistema
2024-12-21T17:00:00,953.83405,Sistema
2024-12-21T18:00:00,966.03405,Sistema
2024-12-21T19:00:00,1156.03405,Sistema
2024-12-21T20:00:00,1156.03405,Sistema
2024-12-21T21:00:00,1156.03405,Sistema
2024-12-21T22:00:00,966.03405,Sistema
2024-12-21T23:00:00,953.83405,Sistema
2024-12-21T24:00:00,936.03405,Sistema
2024-12-22T01:00:00,836.97633,Sistema
2024-12-22T02:00:00,836.97633,Sistema
2024-12-22T03:00:00,809.28433,Sistema
2024-12-22T04:00:00,796.54833,Sistema
2024-12-22T05:00:00,796.54833,Sistema
2024-12-22T06:00:00,796.54833,Sistema
2024-12-22T07:00:00,796.54833,Sistema
2024-12-22T08:00:00,796.54833,Sistema
2024-12-22T09:00:00,796.54833,Sistema
2024-12-22T10:00:00,796.54833,Sistema
2024-12-22T11:00:00,796.54833,Sistema
2024-12-22T12:00:00,836.97633,Sistema
2024-12-22T13:00:00,836.97633,Sistema
2024-12-22T14:00:00,836.97633,Sistema
2024-12-22T15:00:00,836.97633,Sistema
2024-12-22T16:00:00,908.37933,Sistema
2024-12-22T17:00:00,954.77633,Sistema
2024-12-22T18:00:00,966.97633,Sistema
2024-12-22T19:00:00,1007.97633,Sistema
2024-12-22T20:00:00,1007.97633,Sistema
2024-12-22T21:00:00,1007.97633,Sistema
2024-12-22T22:00:00,1007.97633,Sistema
2024-12-22T23:00:00,966.97633,Sistema
2024-12-22T24:00:00,954.77633,Sistema
2024-12-23T01:00:00,122.11917,Sistema
2024-12-23T02:00:00,375.60217,Sistema
2024-12-23T03:00:00,261.25017,Sistema
2024-12-23T04:00:00,126.60217,Sistema
2024-12-23T05:00:00,166.60217,Sistema
2024-12-23T06:00:00,408.60217,Sistema
2024-12-23T07:00:00,720.64417,Sistema
2024-12-23T08:00:00,760.65017,Sistema
2024-12-23T09:00:00,760.65017,Sistema
2024-12-23T10:00:00,796.75317,Sistema
2024-12-23T11:00:00,807.14317,Sistema
2024-12-23T12:00:00,807.14317,Sistema
2024-12-23T13:00:00,807.14317,Sistema
2024-12-23T14:00:00,807.14317,Sistema
2024-12-23T15:00:00,951.60217,Sistema
2024-12-23T16:00:00,951.60217,Sistema
2024-12-23T17:00:00,951.60217,Sistema
2024-12-23T18:00:00,951.60217,Sistema
2024-12-23T19:00:00,981.60217,Sistema
2024-12-23T20:00:00,981.60217,Sistema
2024-12-23T21:00:00,981.60217,Sistema
2024-12-23T22:00:00,951.60217,Sistema
2024-12-23T23:00:00,951.60217,Sistema
2024-12-23T24:00:00,807.14317,Sistema
2024-12-24T01:00:00,425.34564,Sistema
2024-12-24T02:00:00,425.34564,Sistema
2024-12-24T03:00:00,425.34564,Sistema
2024-12-24T04:00:00,627.82364,Sistema
2024-12-24T05:00:00,627.82364,Sistema
2024-12-24T06:00:00,730.30264,Sistema
2024-12-24T07:00:00,627.82364,Sistema
2024-12-24T08:00:00,627.82364,Sistema
2024-12-24T09:00:00,730.30264,Sistema
2024-12-24T10:00:00,730.30264,Sistema
2024-12-24T11:00:00,770.66364,Sistema
2024-12-24T12:00:00,770.66364,Sistema
2024-12-24T13:00:00,770.66364,Sistema
2024-12-24T14:00:00,770.66364,Sistema
2024-12-24T15:00:00,730.30264,Sistema
2024-12-24T16:00:00,770.66364,Sistema
2024-12-24T17:00:00,770.66364,Sistema
2024-12-24T18:00:00,862.82364,Sistema
2024-12-24T19:00:00,937.82364,Sistema
2024-12-24T20:00:00,862.82364,Sistema
2024-12-24T21:00:00,862.82364,Sistema
2024-12-24T22:00:00,770.66364,Sistema
2024-12-24T23:00:00,730.30264,Sistema
2024-12-24T24:00:00,730.30264,Sistema
2024-12-25T01:00:00,410.52475,Sistema
2024-12-25T02:00:00,434.81275,Sistema
2024-12-25T03:00:00,598.52475,Sistema
2024-12-25T04:00:00,598.52475,Sistema
2024-12-25T05:00:00,421.29075,Sistema
2024-12-25T06:00:00,263.70175,Sistema
2024-12-25T07:00:00,263.70175,Sistema
2024-12-25T08:00:00,112.04175,Sistema
2024-12-25T09:00:00,112.04175,Sistema
2024-12-25T10:00:00,112.04175,Sistema
2024-12-25T11:00:00,113.20275,Sistema
2024-12-25T12:00:00,113.20275,Sistema
2024-12-25T13:00:00,231.84275,Sistema
2024-12-25T14:00:00,410.52475,Sistema
2024-12-25T15:00:00,410.52475,Sistema
2024-12-25T16:00:00,410.52475,Sistema
2024-12-25T17:00:00,434.81275,Sistema
2024-12-25T18:00:00,609.17075,Sistema
2024-12-25T19:00:00,654.59675,Sistema
2024-12-25T20:00:00,761.52475,Sistema
2024-12-25T21:00:00,761.52475,Sistema
2024-12-25T22:00:00,761.52475,Sistema
2024-12-25T23:00:00,609.17075,Sistema
2024-12-25T24:00:00,609.17075,Sistema
2024-12-26T01:00:00,113.08249,Sistema
2024-12-26T02:00:00,113.08249,Sistema
2024-12-26T03:00:00,113.08249,Sistema
2024-12-26T04:00:00,151.56549,Sistema
2024-12-26T05:00:00,157.56549,Sistema
2024-12-26T06:00:00,264.74249,Sistema
2024-12-26T07:00:00,511.56549,Sistema
2024-12-26T08:00:00,511.56549,Sistema
2024-12-26T09:00:00,511.56549,Sistema
2024-12-26T10:00:00,511.56549,Sistema
2024-12-26T11:00:00,612.56549,Sistema
2024-12-26T12:00:00,662.56549,Sistema
2024-12-26T13:00:00,662.56549,Sistema
2024-12-26T14:00:00,692.56549,Sistema
2024-12-26T15:00:00,692.56549,Sistema
2024-12-26T16:00:00,692.56549,Sistema
2024-12-26T17:00:00,692.56549,Sistema
2024-12-26T18:00:00,692.56549,Sistema
2024-12-26T19:00:00,692.56549,Sistema
2024-12-26T20:00:00,692.56549,Sistema
2024-12-26T21:00:00,692.56549,Sistema
2024-12-26T22:00:00,692.56549,Sistema
2024-12-26T23:00:00,692.56549,Sistema
2024-12-26T24:00:00,662.56549,Sistema
2024-12-27T01:00:00,114.33691,Sistema
2024-12-27T02:00:00,120.33691,Sistema
2024-12-27T03:00:00,120.33691,Sistema
2024-12-27T04:00:00,120.33691,Sistema
2024-12-27T05:00:00,120.33691,Sistema
2024-12-27T06:00:00,120.33691,Sistema
2024-12-27T07:00:00,120.33691,Sistema
2024-12-27T08:00:00,120.33691,Sistema
2024-12-27T09:00:00,251.98491,Sistema
2024-12-27T10:00:00,264.51391,Sistema
2024-12-27T11:00:00,264.51391,Sistema
2024-12-27T12:00:00,582.33691,Sistema
2024-12-27T13:00:00,582.33691,Sistema
2024-12-27T14:00:00,583.33691,Sistema
2024-12-27T15:00:00,583.33691,Sistema
2024-12-27T16:00:00,583.33691,Sistema
2024-12-27T17:00:00,583.33691,Sistema
2024-12-27T18:00:00,615.18791,Sistema
2024-12-27T19:00:00,663.33691,Sistema
2024-12-27T20:00:00,663.33691,Sistema
2024-12-27T21:00:00,663.33691,Sistema
2024-12-27T22:00:00,583.33691,Sistema
2024-12-27T23:00:00,422.10291,Sistema
2024-12-27T24:00:00,358.33691,Sistema
2024-12-28T01:00:00,485.87773,Sistema
2024-12-28T02:00:00,485.87773,Sistema
2024-12-28T03:00:00,415.64373,Sistema
2024-12-28T04:00:00,258.05473,Sistema
2024-12-28T05:00:00,392.87773,Sistema
2024-12-28T06:00:00,415.64373,Sistema
2024-12-28T07:00:00,258.05473,Sistema
2024-12-28T08:00:00,429.16573,Sistema
2024-12-28T09:00:00,485.87773,Sistema
2024-12-28T10:00:00,485.87773,Sistema
2024-12-28T11:00:00,485.87773,Sistema
2024-12-28T12:00:00,537.87773,Sistema
2024-12-28T13:00:00,537.87773,Sistema
2024-12-28T14:00:00,537.87773,Sistema
2024-12-28T15:00:00,555.87773,Sistema
2024-12-28T16:00:00,555.87773,Sistema
2024-12-28T17:00:00,555.87773,Sistema
2024-12-28T18:00:00,555.87773,Sistema
2024-12-28T19:00:00,555.87773,Sistema
2024-12-28T20:00:00,555.87773,Sistema
2024-12-28T21:00:00,555.87773,Sistema
2024-12-28T22:00:00,555.87773,Sistema
2024-12-28T23:00:00,555.87773,Sistema
2024-12-28T24:00:00,537.87773,Sistema
2024-12-29T01:00:00,149.34567,Sistema
2024-12-29T02:00:00,210.34567,Sistema
2024-12-29T03:00:00,210.34567,Sistema
2024-12-29T04:00:00,155.34567,Sistema
2024-12-29T05:00:00,155.34567,Sistema
2024-12-29T06:00:00,155.34567,Sistema
2024-12-29T07:00:00,110.96267,Sistema
2024-12-29T08:00:00,110.96267,Sistema
2024-12-29T09:00:00,112.02367,Sistema
2024-12-29T10:00:00,149.34567,Sistema
2024-12-29T11:00:00,155.34567,Sistema
2024-12-29T12:00:00,210.34567,Sistema
2024-12-29T13:00:00,210.34567,Sistema
2024-12-29T14:00:00,210.34567,Sistema
2024-12-29T15:00:00,230.66367,Sistema
2024-12-29T16:00:00,230.66367,Sistema
2024-12-29T17:00:00,525.34567,Sistema
2024-12-29T18:00:00,525.34567,Sistema
2024-12-29T19:00:00,535.34567,Sistema
2024-12-29T20:00:00,544.34567,Sistema
2024-12-29T21:00:00,535.34567,Sistema
2024-12-29T22:00:00,535.34567,Sistema
2024-12-29T23:00:00,532.75567,Sistema
2024-12-29T24:00:00,525.34567,Sistema
2024-12-30T01:00:00,209.35679,Sistema
2024-12-30T02:00:00,209.35679,Sistema
2024-12-30T03:00:00,209.35679,Sistema
2024-12-30T04:00:00,204.35679,Sistema
2024-12-30T05:00:00,209.35679,Sistema
2024-12-30T06:00:00,209.35679,Sistema
2024-12-30T07:00:00,209.35679,Sistema
2024-12-30T08:00:00,209.35679,Sistema
2024-12-30T09:00:00,249.00479,Sistema
2024-12-30T10:00:00,483.35679,Sistema
2024-12-30T11:00:00,483.35679,Sistema
2024-12-30T12:00:00,483.35679,Sistema
2024-12-30T13:00:00,483.35679,Sistema
2024-12-30T14:00:00,483.35679,Sistema
2024-12-30T15:00:00,483.35679,Sistema
2024-12-30T16:00:00,483.35679,Sistema
2024-12-30T17:00:00,483.35679,Sistema
2024-12-30T18:00:00,489.35679,Sistema
2024-12-30T19:00:00,509.35679,Sistema
2024-12-30T20:00:00,509.35679,Sistema
2024-12-30T21:00:00,489.35679,Sistema
2024-12-30T22:00:00,489.35679,Sistema
2024-12-30T23:00:00,483.35679,Sistema
2024-12-30T24:00:00,483.35679,Sistema
2024-12-31T01:00:00,119.05154,Sistema
2024-12-31T02:00:00,119.05154,Sistema
2024-12-31T03:00:00,119.05154,Sistema
2024-12-31T04:00:00,119.05154,Sistema
2024-12-31T05:00:00,119.05154,Sistema
2024-12-31T06:00:00,119.05154,Sistema
2024-12-31T07:00:00,119.05154,Sistema
2024-12-31T08:00:00,119.05154,Sistema
2024-12-31T09:00:00,119.05154,Sistema
2024-12-31T10:00:00,119.05154,Sistema
2024-12-31T11:00:00,119.05154,Sistema
2024-12-31T12:00:00,119.05154,Sistema
2024-12-31T13:00:00,119.05154,Sistema
2024-12-31T14:00:00,119.05154,Sistema
2024-12-31T15:00:00,119.05154,Sistema
2024-12-31T16:00:00,119.05154,Sistema
2024-12-31T17:00:00,119.55154,Sistema
2024-12-31T18:00:00,230.36954,Sistema
2024-12-31T19:00:00,500.05154,Sistema
2024-12-31T20:00:00,500.05154,Sistema
2024-12-31T21:00:00,249.69954,Sistema
2024-12-31T22:00:00,155.05154,Sistema
2024-12-31T23:00:00,119.05154,Sistema
2024-12-31T24:00:00,119.05154,Sistema
