fecha_hora,valor,id
2023-01-01T01:00:00,510.90133,Sistema
2023-01-01T02:00:00,510.90133,Sistema
2023-01-01T03:00:00,510.90133,Sistema
2023-01-01T04:00:00,510.90133,Sistema
2023-01-01T05:00:00,510.90133,Sistema
2023-01-01T06:00:00,510.90133,Sistema
2023-01-01T07:00:00,451.90133,Sistema
2023-01-01T08:00:00,451.90133,Sistema
2023-01-01T09:00:00,451.90133,Sistema
2023-01-01T10:00:00,451.90133,Sistema
2023-01-01T11:00:00,451.90133,Sistema
2023-01-01T12:00:00,510.90133,Sistema
2023-01-01T13:00:00,510.90133,Sistema
2023-01-01T14:00:00,510.90133,Sistema
2023-01-01T15:00:00,510.90133,Sistema
2023-01-01T16:00:00,510.90133,Sistema
2023-01-01T17:00:00,510.90133,Sistema
2023-01-01T18:00:00,510.90133,Sistema
2023-01-01T19:00:00,518.40133,Sistema
2023-01-01T20:00:00,518.40133,Sistema
2023-01-01T21:00:00,518.40133,Sistema
2023-01-01T22:00:00,518.40133,Sistema
2023-01-01T23:00:00,510.90133,Sistema
2023-01-01T24:00:00,510.90133,Sistema
2023-01-02T01:00:00,509.34686,Sistema
2023-01-02T02:00:00,509.34686,Sistema
2023-01-02T03:00:00,509.34686,Sistema
2023-01-02T04:00:00,509.34686,Sistema
2023-01-02T05:00:00,509.34686,Sistema
2023-01-02T06:00:00,509.34686,Sistema
2023-01-02T07:00:00,509.34686,Sistema
2023-01-02T08:00:00,509.34686,Sistema
2023-01-02T09:00:00,510.84686,Sistema
2023-01-02T10:00:00,510.84686,Sistema
2023-01-02T11:00:00,510.84686,Sistema
2023-01-02T12:00:00,510.84686,Sistema
2023-01-02T13:00:00,512.34686,Sistema
2023-01-02T14:00:00,512.34686,Sistema
2023-01-02T15:00:00,512.34686,Sistema
2023-01-02T16:00:00,512.34686,Sistema
2023-01-02T17:00:00,512.34686,Sistema
2023-01-02T18:00:00,510.84686,Sistema
2023-01-02T19:00:00,512.34686,Sistema
2023-01-02T20:00:00,512.34686,Sistema
2023-01-02T21:00:00,512.34686,Sistema
2023-01-02T22:00:00,512.34686,Sistema
2023-01-02T23:00:00,510.84686,Sistema
2023-01-02T24:00:00,510.84686,Sistema
2023-01-03T01:00:00,509.46851,Sistema
2023-01-03T02:00:00,509.46851,Sistema
2023-01-03T03:00:00,509.46851,Sistema
2023-01-03T04:00:00,509.46851,Sistema
2023-01-03T05:00:00,509.46851,Sistema
2023-01-03T06:00:00,509.46851,Sistema
2023-01-03T07:00:00,509.46851,Sistema
2023-01-03T08:00:00,509.46851,Sistema
2023-01-03T09:00:00,513.46851,Sistema
2023-01-03T10:00:00,513.46851,Sistema
2023-01-03T11:00:00,541.96851,Sistema
2023-01-03T12:00:00,541.96851,Sistema
2023-01-03T13:00:00,541.96851,Sistema
2023-01-03T14:00:00,561.46851,Sistema
2023-01-03T15:00:00,561.46851,Sistema
2023-01-03T16:00:00,561.46851,Sistema
2023-01-03T17:00:00,561.46851,Sistema
2023-01-03T18:00:00,541.96851,Sistema
2023-01-03T19:00:00,561.46851,Sistema
2023-01-03T20:00:00,561.46851,Sistema
2023-01-03T21:00:00,541.96851,Sistema
2023-01-03T22:00:00,541.96851,Sistema
2023-01-03T23:00:00,513.46851,Sistema
2023-01-03T24:00:00,509.46851,Sistema
2023-01-04T01:00:00,552.3545,Sistema
2023-01-04T02:00:00,552.3545,Sistema
2023-01-04T03:00:00,552.3545,Sistema
2023-01-04T04:00:00,541.3545,Sistema
2023-01-04T05:00:00,541.3545,Sistema
2023-01-04T06:00:00,552.3545,Sistema
2023-01-04T07:00:00,552.3545,Sistema
2023-01-04T08:00:00,552.3545,Sistema
2023-01-04T09:00:00,552.3545,Sistema
2023-01-04T10:00:00,561.3545,Sistema
2023-01-04T11:00:00,560.3545,Sistema
2023-01-04T12:00:00,561.3545,Sistema
2023-01-04T13:00:00,561.3545,Sistema
2023-01-04T14:00:00,561.3545,Sistema
2023-01-04T15:00:00,561.3545,Sistema
2023-01-04T16:00:00,561.3545,Sistema
2023-01-04T17:00:00,561.3545,Sistema
2023-01-04T18:00:00,560.3545,Sistema
2023-01-04T19:00:00,562.3545,Sistema
2023-01-04T20:00:00,562.3545,Sistema
2023-01-04T21:00:00,562.3545,Sistema
2023-01-04T22:00:00,561.3545,Sistema
2023-01-04T23:00:00,552.3545,Sistema
2023-01-04T24:00:00,560.3545,Sistema
2023-01-05T01:00:00,556.32752,Sistema
2023-01-05T02:00:00,556.32752,Sistema
2023-01-05T03:00:00,556.32752,Sistema
2023-01-05T04:00:00,556.32752,Sistema
2023-01-05T05:00:00,556.32752,Sistema
2023-01-05T06:00:00,556.32752,Sistema
2023-01-05T07:00:00,556.32752,Sistema
2023-01-05T08:00:00,556.32752,Sistema
2023-01-05T09:00:00,556.32752,Sistema
2023-01-05T10:00:00,561.82752,Sistema
2023-01-05T11:00:00,561.82752,Sistema
2023-01-05T12:00:00,561.82752,Sistema
2023-01-05T13:00:00,561.82752,Sistema
2023-01-05T14:00:00,561.82752,Sistema
2023-01-05T15:00:00,561.82752,Sistema
2023-01-05T16:00:00,561.82752,Sistema
2023-01-05T17:00:00,561.82752,Sistema
2023-01-05T18:00:00,561.82752,Sistema
2023-01-05T19:00:00,576.32752,Sistema
2023-01-05T20:00:00,576.32752,Sistema
2023-01-05T21:00:00,561.82752,Sistema
2023-01-05T22:00:00,561.82752,Sistema
2023-01-05T23:00:00,561.82752,Sistema
2023-01-05T24:00:00,561.82752,Sistema
2023-01-06T01:00:00,491.47917,Sistema
2023-01-06T02:00:00,491.47917,Sistema
2023-01-06T03:00:00,450.38217,Sistema
2023-01-06T04:00:00,451.38217,Sistema
2023-01-06T05:00:00,451.38217,Sistema
2023-01-06T06:00:00,486.38217,Sistema
2023-01-06T07:00:00,491.47917,Sistema
2023-01-06T08:00:00,496.38217,Sistema
2023-01-06T09:00:00,496.38217,Sistema
2023-01-06T10:00:00,550.88217,Sistema
2023-01-06T11:00:00,550.88217,Sistema
2023-01-06T12:00:00,557.38217,Sistema
2023-01-06T13:00:00,557.38217,Sistema
2023-01-06T14:00:00,557.38217,Sistema
2023-01-06T15:00:00,557.38217,Sistema
2023-01-06T16:00:00,557.38217,Sistema
2023-01-06T17:00:00,557.38217,Sistema
2023-01-06T18:00:00,557.38217,Sistema
2023-01-06T19:00:00,557.38217,Sistema
2023-01-06T20:00:00,557.38217,Sistema
2023-01-06T21:00:00,557.38217,Sistema
2023-01-06T22:00:00,557.38217,Sistema
2023-01-06T23:00:00,550.88217,Sistema
2023-01-06T24:00:00,550.88217,Sistema
2023-01-07T01:00:00,498.55619,Sistema
2023-01-07T02:00:00,498.55619,Sistema
2023-01-07T03:00:00,498.55619,Sistema
2023-01-07T04:00:00,495.35619,Sistema
2023-01-07T05:00:00,495.35619,Sistema
2023-01-07T06:00:00,495.35619,Sistema
2023-01-07T07:00:00,495.35619,Sistema
2023-01-07T08:00:00,498.55619,Sistema
2023-01-07T09:00:00,498.55619,Sistema
2023-01-07T10:00:00,498.55619,Sistema
2023-01-07T11:00:00,498.55619,Sistema
2023-01-07T12:00:00,498.55619,Sistema
2023-01-07T13:00:00,501.35619,Sistema
2023-01-07T14:00:00,498.55619,Sistema
2023-01-07T15:00:00,498.55619,Sistema
2023-01-07T16:00:00,498.55619,Sistema
2023-01-07T17:00:00,498.55619,Sistema
2023-01-07T18:00:00,498.55619,Sistema
2023-01-07T19:00:00,558.55619,Sistema
2023-01-07T20:00:00,558.55619,Sistema
2023-01-07T21:00:00,501.35619,Sistema
2023-01-07T22:00:00,498.55619,Sistema
2023-01-07T23:00:00,498.55619,Sistema
2023-01-07T24:00:00,498.55619,Sistema
2023-01-08T01:00:00,421.88598,Sistema
2023-01-08T02:00:00,416.60398,Sistema
2023-01-08T03:00:00,410.81298,Sistema
2023-01-08T04:00:00,390.81298,Sistema
2023-01-08T05:00:00,351.81298,Sistema
2023-01-08T06:00:00,308.75398,Sistema
2023-01-08T07:00:00,308.75398,Sistema
2023-01-08T08:00:00,308.75398,Sistema
2023-01-08T09:00:00,351.81298,Sistema
2023-01-08T10:00:00,410.81298,Sistema
2023-01-08T11:00:00,410.81298,Sistema
2023-01-08T12:00:00,410.81298,Sistema
2023-01-08T13:00:00,421.88598,Sistema
2023-01-08T14:00:00,421.88598,Sistema
2023-01-08T15:00:00,421.88598,Sistema
2023-01-08T16:00:00,421.88598,Sistema
2023-01-08T17:00:00,421.88598,Sistema
2023-01-08T18:00:00,422.79398,Sistema
2023-01-08T19:00:00,499.31298,Sistema
2023-01-08T20:00:00,499.31298,Sistema
2023-01-08T21:00:00,499.31298,Sistema
2023-01-08T22:00:00,499.31298,Sistema
2023-01-08T23:00:00,495.81298,Sistema
2023-01-08T24:00:00,453.41498,Sistema
2023-01-09T01:00:00,407.54675,Sistema
2023-01-09T02:00:00,407.29475,Sistema
2023-01-09T03:00:00,390.97475,Sistema
2023-01-09T04:00:00,331.86275,Sistema
2023-01-09T05:00:00,378.52975,Sistema
2023-01-09T06:00:00,331.86275,Sistema
2023-01-09T07:00:00,217.88975,Sistema
2023-01-09T08:00:00,331.86275,Sistema
2023-01-09T09:00:00,407.54675,Sistema
2023-01-09T10:00:00,410.97475,Sistema
2023-01-09T11:00:00,481.47475,Sistema
2023-01-09T12:00:00,481.47475,Sistema
2023-01-09T13:00:00,483.97475,Sistema
2023-01-09T14:00:00,483.97475,Sistema
2023-01-09T15:00:00,483.97475,Sistema
2023-01-09T16:00:00,483.97475,Sistema
2023-01-09T17:00:00,483.97475,Sistema
2023-01-09T18:00:00,483.97475,Sistema
2023-01-09T19:00:00,483.97475,Sistema
2023-01-09T20:00:00,483.97475,Sistema
2023-01-09T21:00:00,483.97475,Sistema
2023-01-09T22:00:00,483.97475,Sistema
2023-01-09T23:00:00,483.97475,Sistema
2023-01-09T24:00:00,481.47475,Sistema
2023-01-10T01:00:00,125.1096,Sistema
2023-01-10T02:00:00,125.6106,Sistema
2023-01-10T03:00:00,125.6096,Sistema
2023-01-10T04:00:00,125.1096,Sistema
2023-01-10T05:00:00,125.8536,Sistema
2023-01-10T06:00:00,126.1096,Sistema
2023-01-10T07:00:00,381.6646,Sistema
2023-01-10T08:00:00,410.6816,Sistema
2023-01-10T09:00:00,474.1096,Sistema
2023-01-10T10:00:00,474.1096,Sistema
2023-01-10T11:00:00,484.1096,Sistema
2023-01-10T12:00:00,484.1096,Sistema
2023-01-10T13:00:00,484.1096,Sistema
2023-01-10T14:00:00,484.1096,Sistema
2023-01-10T15:00:00,486.1096,Sistema
2023-01-10T16:00:00,486.1096,Sistema
2023-01-10T17:00:00,484.1096,Sistema
2023-01-10T18:00:00,484.1096,Sistema
2023-01-10T19:00:00,486.1096,Sistema
2023-01-10T20:00:00,486.1096,Sistema
2023-01-10T21:00:00,486.1096,Sistema
2023-01-10T22:00:00,474.1096,Sistema
2023-01-10T23:00:00,455.1096,Sistema
2023-01-10T24:00:00,410.6816,Sistema
2023-01-11T01:00:00,401.56312,Sistema
2023-01-11T02:00:00,401.56312,Sistema
2023-01-11T03:00:00,331.45112,Sistema
2023-01-11T04:00:00,401.56312,Sistema
2023-01-11T05:00:00,401.56312,Sistema
2023-01-11T06:00:00,401.56312,Sistema
2023-01-11T07:00:00,410.56312,Sistema
2023-01-11T08:00:00,454.56312,Sistema
2023-01-11T09:00:00,461.67712,Sistema
2023-01-11T10:00:00,461.67712,Sistema
2023-01-11T11:00:00,461.67712,Sistema
2023-01-11T12:00:00,461.67712,Sistema
2023-01-11T13:00:00,461.67712,Sistema
2023-01-11T14:00:00,461.67712,Sistema
2023-01-11T15:00:00,461.67712,Sistema
2023-01-11T16:00:00,461.67712,Sistema
2023-01-11T17:00:00,461.67712,Sistema
2023-01-11T18:00:00,461.67712,Sistema
2023-01-11T19:00:00,461.67712,Sistema
2023-01-11T20:00:00,461.67712,Sistema
2023-01-11T21:00:00,461.67712,Sistema
2023-01-11T22:00:00,461.67712,Sistema
2023-01-11T23:00:00,456.56312,Sistema
2023-01-11T24:00:00,410.56312,Sistema
2023-01-12T01:00:00,129.09297,Sistema
2023-01-12T02:00:00,129.09297,Sistema
2023-01-12T03:00:00,129.09297,Sistema
2023-01-12T04:00:00,129.09297,Sistema
2023-01-12T05:00:00,129.19297,Sistema
2023-01-12T06:00:00,129.19297,Sistema
2023-01-12T07:00:00,130.09297,Sistema
2023-01-12T08:00:00,131.09297,Sistema
2023-01-12T09:00:00,409.09297,Sistema
2023-01-12T10:00:00,409.09297,Sistema
2023-01-12T11:00:00,409.09297,Sistema
2023-01-12T12:00:00,409.09297,Sistema
2023-01-12T13:00:00,428.09297,Sistema
2023-01-12T14:00:00,428.09297,Sistema
2023-01-12T15:00:00,428.09297,Sistema
2023-01-12T16:00:00,428.09297,Sistema
2023-01-12T17:00:00,428.09297,Sistema
2023-01-12T18:00:00,409.09297,Sistema
2023-01-12T19:00:00,409.09297,Sistema
2023-01-12T20:00:00,428.09297,Sistema
2023-01-12T21:00:00,428.09297,Sistema
2023-01-12T22:00:00,408.09297,Sistema
2023-01-12T23:00:00,369.09297,Sistema
2023-01-12T24:00:00,225.00797,Sistema
2023-01-13T01:00:00,123.98637,Sistema
2023-01-13T02:00:00,123.98637,Sistema
2023-01-13T03:00:00,123.98637,Sistema
2023-01-13T04:00:00,123.98637,Sistema
2023-01-13T05:00:00,123.98637,Sistema
2023-01-13T06:00:00,123.98637,Sistema
2023-01-13T07:00:00,126.98637,Sistema
2023-01-13T08:00:00,263.41737,Sistema
2023-01-13T09:00:00,263.41737,Sistema
2023-01-13T10:00:00,263.41737,Sistema
2023-01-13T11:00:00,263.41737,Sistema
2023-01-13T12:00:00,331.87437,Sistema
2023-01-13T13:00:00,331.87437,Sistema
2023-01-13T14:00:00,331.87437,Sistema
2023-01-13T15:00:00,356.98637,Sistema
2023-01-13T16:00:00,356.98637,Sistema
2023-01-13T17:00:00,356.98637,Sistema
2023-01-13T18:00:00,263.41737,Sistema
2023-01-13T19:00:00,356.98637,Sistema
2023-01-13T20:00:00,399.98637,Sistema
2023-01-13T21:00:00,356.98637,Sistema
2023-01-13T22:00:00,263.41737,Sistema
2023-01-13T23:00:00,263.41737,Sistema
2023-01-13T24:00:00,263.41737,Sistema
2023-01-14T01:00:00,221.85358,Sistema
2023-01-14T02:00:00,221.85358,Sistema
2023-01-14T03:00:00,217.76858,Sistema
2023-01-14T04:00:00,217.76858,Sistema
2023-01-14T05:00:00,217.76858,Sistema
2023-01-14T06:00:00,221.85358,Sistema
2023-01-14T07:00:00,221.85358,Sistema
2023-01-14T08:00:00,252.76458,Sistema
2023-01-14T09:00:00,252.76458,Sistema
2023-01-14T10:00:00,252.76458,Sistema
2023-01-14T11:00:00,252.76458,Sistema
2023-01-14T12:00:00,263.85358,Sistema
2023-01-14T13:00:00,263.85358,Sistema
2023-01-14T14:00:00,263.85358,Sistema
2023-01-14T15:00:00,252.76458,Sistema
2023-01-14T16:00:00,252.76458,Sistema
2023-01-14T17:00:00,252.76458,Sistema
2023-01-14T18:00:00,252.76458,Sistema
2023-01-14T19:00:00,263.85358,Sistema
2023-01-14T20:00:00,361.85358,Sistema
2023-01-14T21:00:00,263.85358,Sistema
2023-01-14T22:00:00,252.76458,Sistema
2023-01-14T23:00:00,252.76458,Sistema
2023-01-14T24:00:00,252.76458,Sistema
2023-01-15T01:00:00,195.93952,Sistema
2023-01-15T02:00:00,195.93952,Sistema
2023-01-15T03:00:00,127.93952,Sistema
2023-01-15T04:00:00,127.93952,Sistema
2023-01-15T05:00:00,127.93952,Sistema
2023-01-15T06:00:00,127.93952,Sistema
2023-01-15T07:00:00,127.93952,Sistema
2023-01-15T08:00:00,127.93952,Sistema
2023-01-15T09:00:00,127.93952,Sistema
2023-01-15T10:00:00,195.93952,Sistema
2023-01-15T11:00:00,195.93952,Sistema
2023-01-15T12:00:00,254.93952,Sistema
2023-01-15T13:00:00,256.93952,Sistema
2023-01-15T14:00:00,256.93952,Sistema
2023-01-15T15:00:00,256.93952,Sistema
2023-01-15T16:00:00,254.93952,Sistema
2023-01-15T17:00:00,254.93952,Sistema
2023-01-15T18:00:00,254.93952,Sistema
2023-01-15T19:00:00,275.93952,Sistema
2023-01-15T20:00:00,325.93952,Sistema
2023-01-15T21:00:00,275.93952,Sistema
2023-01-15T22:00:00,275.93952,Sistema
2023-01-15T23:00:00,256.93952,Sistema
2023-01-15T24:00:00,233.93952,Sistema
2023-01-16T01:00:00,122.75461,Sistema
2023-01-16T02:00:00,122.75461,Sistema
2023-01-16T03:00:00,122.75461,Sistema
2023-01-16T04:00:00,122.75461,Sistema
2023-01-16T05:00:00,122.75461,Sistema
2023-01-16T06:00:00,123.49861,Sistema
2023-01-16T07:00:00,123.75461,Sistema
2023-01-16T08:00:00,124.75461,Sistema
2023-01-16T09:00:00,232.75461,Sistema
2023-01-16T10:00:00,247.75461,Sistema
2023-01-16T11:00:00,253.75461,Sistema
2023-01-16T12:00:00,262.75461,Sistema
2023-01-16T13:00:00,262.75461,Sistema
2023-01-16T14:00:00,262.75461,Sistema
2023-01-16T15:00:00,262.75461,Sistema
2023-01-16T16:00:00,253.75461,Sistema
2023-01-16T17:00:00,253.75461,Sistema
2023-01-16T18:00:00,253.75461,Sistema
2023-01-16T19:00:00,262.75461,Sistema
2023-01-16T20:00:00,262.75461,Sistema
2023-01-16T21:00:00,253.75461,Sistema
2023-01-16T22:00:00,247.75461,Sistema
2023-01-16T23:00:00,232.75461,Sistema
2023-01-16T24:00:00,124.75461,Sistema
2023-01-17T01:00:00,121.89394,Sistema
2023-01-17T02:00:00,121.89394,Sistema
2023-01-17T03:00:00,121.89394,Sistema
2023-01-17T04:00:00,121.89394,Sistema
2023-01-17T05:00:00,121.89394,Sistema
2023-01-17T06:00:00,121.89394,Sistema
2023-01-17T07:00:00,122.66894,Sistema
2023-01-17T08:00:00,217.66894,Sistema
2023-01-17T09:00:00,252.77994,Sistema
2023-01-17T10:00:00,252.77994,Sistema
2023-01-17T11:00:00,252.77994,Sistema
2023-01-17T12:00:00,262.66894,Sistema
2023-01-17T13:00:00,262.66894,Sistema
2023-01-17T14:00:00,262.66894,Sistema
2023-01-17T15:00:00,262.66894,Sistema
2023-01-17T16:00:00,262.66894,Sistema
2023-01-17T17:00:00,262.66894,Sistema
2023-01-17T18:00:00,252.77994,Sistema
2023-01-17T19:00:00,262.66894,Sistema
2023-01-17T20:00:00,262.66894,Sistema
2023-01-17T21:00:00,262.66894,Sistema
2023-01-17T22:00:00,252.77994,Sistema
2023-01-17T23:00:00,252.77994,Sistema
2023-01-17T24:00:00,236.61194,Sistema
2023-01-18T01:00:00,247.36786,Sistema
2023-01-18T02:00:00,247.36786,Sistema
2023-01-18T03:00:00,247.36786,Sistema
2023-01-18T04:00:00,236.45686,Sistema
2023-01-18T05:00:00,236.45686,Sistema
2023-01-18T06:00:00,247.36786,Sistema
2023-01-18T07:00:00,247.36786,Sistema
2023-01-18T08:00:00,247.36786,Sistema
2023-01-18T09:00:00,254.45686,Sistema
2023-01-18T10:00:00,254.45686,Sistema
2023-01-18T11:00:00,254.45686,Sistema
2023-01-18T12:00:00,254.45686,Sistema
2023-01-18T13:00:00,254.45686,Sistema
2023-01-18T14:00:00,254.45686,Sistema
2023-01-18T15:00:00,254.45686,Sistema
2023-01-18T16:00:00,254.45686,Sistema
2023-01-18T17:00:00,254.45686,Sistema
2023-01-18T18:00:00,254.45686,Sistema
2023-01-18T19:00:00,254.45686,Sistema
2023-01-18T20:00:00,254.45686,Sistema
2023-01-18T21:00:00,254.45686,Sistema
2023-01-18T22:00:00,254.45686,Sistema
2023-01-18T23:00:00,247.36786,Sistema
2023-01-18T24:00:00,247.36786,Sistema
2023-01-19T01:00:00,130.65853,Sistema
2023-01-19T02:00:00,130.65853,Sistema
2023-01-19T03:00:00,130.65853,Sistema
2023-01-19T04:00:00,130.65853,Sistema
2023-01-19T05:00:00,130.65853,Sistema
2023-01-19T06:00:00,130.65853,Sistema
2023-01-19T07:00:00,240.43353,Sistema
2023-01-19T08:00:00,241.43353,Sistema
2023-01-19T09:00:00,241.43353,Sistema
2023-01-19T10:00:00,271.54453,Sistema
2023-01-19T11:00:00,271.54453,Sistema
2023-01-19T12:00:00,271.54453,Sistema
2023-01-19T13:00:00,271.54453,Sistema
2023-01-19T14:00:00,281.43353,Sistema
2023-01-19T15:00:00,290.43353,Sistema
2023-01-19T16:00:00,290.43353,Sistema
2023-01-19T17:00:00,281.43353,Sistema
2023-01-19T18:00:00,271.54453,Sistema
2023-01-19T19:00:00,281.43353,Sistema
2023-01-19T20:00:00,291.43353,Sistema
2023-01-19T21:00:00,281.43353,Sistema
2023-01-19T22:00:00,271.54453,Sistema
2023-01-19T23:00:00,271.54453,Sistema
2023-01-19T24:00:00,253.89753,Sistema
2023-01-20T01:00:00,225.11616,Sistema
2023-01-20T02:00:00,225.11616,Sistema
2023-01-20T03:00:00,222.11616,Sistema
2023-01-20T04:00:00,222.11616,Sistema
2023-01-20T05:00:00,222.11616,Sistema
2023-01-20T06:00:00,225.11616,Sistema
2023-01-20T07:00:00,225.11616,Sistema
2023-01-20T08:00:00,244.11616,Sistema
2023-01-20T09:00:00,244.11616,Sistema
2023-01-20T10:00:00,244.11616,Sistema
2023-01-20T11:00:00,244.11616,Sistema
2023-01-20T12:00:00,258.22716,Sistema
2023-01-20T13:00:00,258.22716,Sistema
2023-01-20T14:00:00,258.22716,Sistema
2023-01-20T15:00:00,258.22716,Sistema
2023-01-20T16:00:00,258.22716,Sistema
2023-01-20T17:00:00,258.22716,Sistema
2023-01-20T18:00:00,244.11616,Sistema
2023-01-20T19:00:00,258.22716,Sistema
2023-01-20T20:00:00,258.22716,Sistema
2023-01-20T21:00:00,258.22716,Sistema
2023-01-20T22:00:00,244.11616,Sistema
2023-01-20T23:00:00,244.11616,Sistema
2023-01-20T24:00:00,244.11616,Sistema
2023-01-21T01:00:00,182.68383,Sistema
2023-01-21T02:00:00,121.90883,Sistema
2023-01-21T03:00:00,121.90883,Sistema
2023-01-21T04:00:00,121.90883,Sistema
2023-01-21T05:00:00,121.90883,Sistema
2023-01-21T06:00:00,121.90883,Sistema
2023-01-21T07:00:00,182.68383,Sistema
2023-01-21T08:00:00,219.68383,Sistema
2023-01-21T09:00:00,227.79483,Sistema
2023-01-21T10:00:00,227.79483,Sistema
2023-01-21T11:00:00,227.79483,Sistema
2023-01-21T12:00:00,227.79483,Sistema
2023-01-21T13:00:00,227.79483,Sistema
2023-01-21T14:00:00,227.79483,Sistema
2023-01-21T15:00:00,227.79483,Sistema
2023-01-21T16:00:00,227.79483,Sistema
2023-01-21T17:00:00,227.79483,Sistema
2023-01-21T18:00:00,227.79483,Sistema
2023-01-21T19:00:00,242.68383,Sistema
2023-01-21T20:00:00,247.68383,Sistema
2023-01-21T21:00:00,242.68383,Sistema
2023-01-21T22:00:00,227.79483,Sistema
2023-01-21T23:00:00,219.68383,Sistema
2023-01-21T24:00:00,219.68383,Sistema
2023-01-22T01:00:00,192.22682,Sistema
2023-01-22T02:00:00,192.22682,Sistema
2023-01-22T03:00:00,192.22682,Sistema
2023-01-22T04:00:00,182.11582,Sistema
2023-01-22T05:00:00,121.34082,Sistema
2023-01-22T06:00:00,121.34082,Sistema
2023-01-22T07:00:00,121.34082,Sistema
2023-01-22T08:00:00,121.34082,Sistema
2023-01-22T09:00:00,192.22682,Sistema
2023-01-22T10:00:00,192.22682,Sistema
2023-01-22T11:00:00,192.22682,Sistema
2023-01-22T12:00:00,192.22682,Sistema
2023-01-22T13:00:00,192.22682,Sistema
2023-01-22T14:00:00,192.22682,Sistema
2023-01-22T15:00:00,192.22682,Sistema
2023-01-22T16:00:00,192.22682,Sistema
2023-01-22T17:00:00,192.22682,Sistema
2023-01-22T18:00:00,192.22682,Sistema
2023-01-22T19:00:00,252.11582,Sistema
2023-01-22T20:00:00,284.11582,Sistema
2023-01-22T21:00:00,284.11582,Sistema
2023-01-22T22:00:00,271.11582,Sistema
2023-01-22T23:00:00,211.11582,Sistema
2023-01-22T24:00:00,211.11582,Sistema
2023-01-23T01:00:00,209.54798,Sistema
2023-01-23T02:00:00,209.54798,Sistema
2023-01-23T03:00:00,209.54798,Sistema
2023-01-23T04:00:00,209.54798,Sistema
2023-01-23T05:00:00,209.54798,Sistema
2023-01-23T06:00:00,209.54798,Sistema
2023-01-23T07:00:00,209.54798,Sistema
2023-01-23T08:00:00,209.54798,Sistema
2023-01-23T09:00:00,237.65898,Sistema
2023-01-23T10:00:00,237.65898,Sistema
2023-01-23T11:00:00,252.54798,Sistema
2023-01-23T12:00:00,262.54798,Sistema
2023-01-23T13:00:00,262.54798,Sistema
2023-01-23T14:00:00,262.54798,Sistema
2023-01-23T15:00:00,284.54798,Sistema
2023-01-23T16:00:00,284.54798,Sistema
2023-01-23T17:00:00,284.54798,Sistema
2023-01-23T18:00:00,262.54798,Sistema
2023-01-23T19:00:00,262.54798,Sistema
2023-01-23T20:00:00,262.54798,Sistema
2023-01-23T21:00:00,284.54798,Sistema
2023-01-23T22:00:00,262.54798,Sistema
2023-01-23T23:00:00,237.65898,Sistema
2023-01-23T24:00:00,237.65898,Sistema
2023-01-24T01:00:00,241.79344,Sistema
2023-01-24T02:00:00,241.79344,Sistema
2023-01-24T03:00:00,241.79344,Sistema
2023-01-24T04:00:00,241.79344,Sistema
2023-01-24T05:00:00,241.79344,Sistema
2023-01-24T06:00:00,245.68244,Sistema
2023-01-24T07:00:00,245.68244,Sistema
2023-01-24T08:00:00,245.68244,Sistema
2023-01-24T09:00:00,245.68244,Sistema
2023-01-24T10:00:00,245.68244,Sistema
2023-01-24T11:00:00,256.68244,Sistema
2023-01-24T12:00:00,256.68244,Sistema
2023-01-24T13:00:00,256.68244,Sistema
2023-01-24T14:00:00,256.68244,Sistema
2023-01-24T15:00:00,256.68244,Sistema
2023-01-24T16:00:00,256.68244,Sistema
2023-01-24T17:00:00,256.68244,Sistema
2023-01-24T18:00:00,256.68244,Sistema
2023-01-24T19:00:00,256.68244,Sistema
2023-01-24T20:00:00,271.68244,Sistema
2023-01-24T21:00:00,256.68244,Sistema
2023-01-24T22:00:00,256.68244,Sistema
2023-01-24T23:00:00,245.68244,Sistema
2023-01-24T24:00:00,245.68244,Sistema
2023-01-25T01:00:00,251.34001,Sistema
2023-01-25T02:00:00,246.34001,Sistema
2023-01-25T03:00:00,246.34001,Sistema
2023-01-25T04:00:00,246.34001,Sistema
2023-01-25T05:00:00,246.34001,Sistema
2023-01-25T06:00:00,252.34001,Sistema
2023-01-25T07:00:00,272.34001,Sistema
2023-01-25T08:00:00,282.45101,Sistema
2023-01-25T09:00:00,287.34001,Sistema
2023-01-25T10:00:00,287.34001,Sistema
2023-01-25T11:00:00,287.34001,Sistema
2023-01-25T12:00:00,292.34001,Sistema
2023-01-25T13:00:00,287.34001,Sistema
2023-01-25T14:00:00,292.34001,Sistema
2023-01-25T15:00:00,292.34001,Sistema
2023-01-25T16:00:00,292.34001,Sistema
2023-01-25T17:00:00,292.34001,Sistema
2023-01-25T18:00:00,287.34001,Sistema
2023-01-25T19:00:00,292.34001,Sistema
2023-01-25T20:00:00,292.34001,Sistema
2023-01-25T21:00:00,292.34001,Sistema
2023-01-25T22:00:00,287.34001,Sistema
2023-01-25T23:00:00,282.45101,Sistema
2023-01-25T24:00:00,282.45101,Sistema
2023-01-26T01:00:00,316.69012,Sistema
2023-01-26T02:00:00,300.69012,Sistema
2023-01-26T03:00:00,300.69012,Sistema
2023-01-26T04:00:00,300.69012,Sistema
2023-01-26T05:00:00,286.69012,Sistema
2023-01-26T06:00:00,300.69012,Sistema
2023-01-26T07:00:00,300.69012,Sistema
2023-01-26T08:00:00,300.69012,Sistema
2023-01-26T09:00:00,352.49012,Sistema
2023-01-26T10:00:00,352.49012,Sistema
2023-01-26T11:00:00,352.49012,Sistema
2023-01-26T12:00:00,392.69012,Sistema
2023-01-26T13:00:00,392.69012,Sistema
2023-01-26T14:00:00,392.69012,Sistema
2023-01-26T15:00:00,392.69012,Sistema
2023-01-26T16:00:00,392.69012,Sistema
2023-01-26T17:00:00,392.69012,Sistema
2023-01-26T18:00:00,352.49012,Sistema
2023-01-26T19:00:00,392.69012,Sistema
2023-01-26T20:00:00,392.69012,Sistema
2023-01-26T21:00:00,392.69012,Sistema
2023-01-26T22:00:00,352.49012,Sistema
2023-01-26T23:00:00,352.49012,Sistema
2023-01-26T24:00:00,319.40112,Sistema
2023-01-27T01:00:00,356.30086,Sistema
2023-01-27T02:00:00,356.30086,Sistema
2023-01-27T03:00:00,347.30086,Sistema
2023-01-27T04:00:00,347.30086,Sistema
2023-01-27T05:00:00,347.30086,Sistema
2023-01-27T06:00:00,356.30086,Sistema
2023-01-27T07:00:00,356.30086,Sistema
2023-01-27T08:00:00,356.30086,Sistema
2023-01-27T09:00:00,371.30086,Sistema
2023-01-27T10:00:00,392.30086,Sistema
2023-01-27T11:00:00,392.60086,Sistema
2023-01-27T12:00:00,392.60086,Sistema
2023-01-27T13:00:00,392.60086,Sistema
2023-01-27T14:00:00,392.60086,Sistema
2023-01-27T15:00:00,392.60086,Sistema
2023-01-27T16:00:00,392.60086,Sistema
2023-01-27T17:00:00,392.60086,Sistema
2023-01-27T18:00:00,392.60086,Sistema
2023-01-27T19:00:00,392.60086,Sistema
2023-01-27T20:00:00,392.60086,Sistema
2023-01-27T21:00:00,392.60086,Sistema
2023-01-27T22:00:00,392.30086,Sistema
2023-01-27T23:00:00,371.30086,Sistema
2023-01-27T24:00:00,356.30086,Sistema
2023-01-28T01:00:00,396.92496,Sistema
2023-01-28T02:00:00,396.92496,Sistema
2023-01-28T03:00:00,396.92496,Sistema
2023-01-28T04:00:00,396.92496,Sistema
2023-01-28T05:00:00,396.92496,Sistema
2023-01-28T06:00:00,396.92496,Sistema
2023-01-28T07:00:00,396.92496,Sistema
2023-01-28T08:00:00,396.92496,Sistema
2023-01-28T09:00:00,393.52496,Sistema
2023-01-28T10:00:00,396.92496,Sistema
2023-01-28T11:00:00,396.92496,Sistema
2023-01-28T12:00:00,396.92496,Sistema
2023-01-28T13:00:00,396.92496,Sistema
2023-01-28T14:00:00,396.92496,Sistema
2023-01-28T15:00:00,396.92496,Sistema
2023-01-28T16:00:00,396.92496,Sistema
2023-01-28T17:00:00,396.92496,Sistema
2023-01-28T18:00:00,396.92496,Sistema
2023-01-28T19:00:00,396.92496,Sistema
2023-01-28T20:00:00,396.92496,Sistema
2023-01-28T21:00:00,396.92496,Sistema
2023-01-28T22:00:00,396.92496,Sistema
2023-01-28T23:00:00,393.52496,Sistema
2023-01-28T24:00:00,392.52496,Sistema
2023-01-29T01:00:00,446.538,Sistema
2023-01-29T02:00:00,446.538,Sistema
2023-01-29T03:00:00,440.138,Sistema
2023-01-29T04:00:00,440.138,Sistema
2023-01-29T05:00:00,440.138,Sistema
2023-01-29T06:00:00,440.138,Sistema
2023-01-29T07:00:00,440.138,Sistema
2023-01-29T08:00:00,440.138,Sistema
2023-01-29T09:00:00,440.138,Sistema
2023-01-29T10:00:00,440.138,Sistema
2023-01-29T11:00:00,446.538,Sistema
2023-01-29T12:00:00,451.538,Sistema
2023-01-29T13:00:00,456.538,Sistema
2023-01-29T14:00:00,481.538,Sistema
2023-01-29T15:00:00,451.538,Sistema
2023-01-29T16:00:00,446.538,Sistema
2023-01-29T17:00:00,446.538,Sistema
2023-01-29T18:00:00,446.538,Sistema
2023-01-29T19:00:00,481.538,Sistema
2023-01-29T20:00:00,481.538,Sistema
2023-01-29T21:00:00,481.538,Sistema
2023-01-29T22:00:00,481.538,Sistema
2023-01-29T23:00:00,451.538,Sistema
2023-01-29T24:00:00,451.538,Sistema
2023-01-30T01:00:00,492.44644,Sistema
2023-01-30T02:00:00,492.44644,Sistema
2023-01-30T03:00:00,492.44644,Sistema
2023-01-30T04:00:00,492.44644,Sistema
2023-01-30T05:00:00,492.44644,Sistema
2023-01-30T06:00:00,507.44644,Sistema
2023-01-30T07:00:00,507.44644,Sistema
2023-01-30T08:00:00,525.94644,Sistema
2023-01-30T09:00:00,552.44644,Sistema
2023-01-30T10:00:00,552.44644,Sistema
2023-01-30T11:00:00,562.44644,Sistema
2023-01-30T12:00:00,592.44644,Sistema
2023-01-30T13:00:00,592.44644,Sistema
2023-01-30T14:00:00,592.44644,Sistema
2023-01-30T15:00:00,652.64644,Sistema
2023-01-30T16:00:00,652.64644,Sistema
2023-01-30T17:00:00,652.64644,Sistema
2023-01-30T18:00:00,592.44644,Sistema
2023-01-30T19:00:00,652.64644,Sistema
2023-01-30T20:00:00,652.64644,Sistema
2023-01-30T21:00:00,652.64644,Sistema
2023-01-30T22:00:00,592.44644,Sistema
2023-01-30T23:00:00,552.44644,Sistema
2023-01-30T24:00:00,552.44644,Sistema
2023-01-31T01:00:00,661.19781,Sistema
2023-01-31T02:00:00,661.19781,Sistema
2023-01-31T03:00:00,646.19781,Sistema
2023-01-31T04:00:00,551.19781,Sistema
2023-01-31T05:00:00,621.19781,Sistema
2023-01-31T06:00:00,621.19781,Sistema
2023-01-31T07:00:00,621.19781,Sistema
2023-01-31T08:00:00,621.19781,Sistema
2023-01-31T09:00:00,651.19781,Sistema
2023-01-31T10:00:00,698.19781,Sistema
2023-01-31T11:00:00,698.19781,Sistema
2023-01-31T12:00:00,698.19781,Sistema
2023-01-31T13:00:00,698.19781,Sistema
2023-01-31T14:00:00,698.19781,Sistema
2023-01-31T15:00:00,736.19781,Sistema
2023-01-31T16:00:00,736.19781,Sistema
2023-01-31T17:00:00,736.19781,Sistema
2023-01-31T18:00:00,698.19781,Sistema
2023-01-31T19:00:00,736.19781,Sistema
2023-01-31T20:00:00,736.19781,Sistema
2023-01-31T21:00:00,736.19781,Sistema
2023-01-31T22:00:00,698.19781,Sistema
2023-01-31T23:00:00,621.19781,Sistema
2023-01-31T24:00:00,621.19781,Sistema
2023-02-01T01:00:00,751.18502,Sistema
2023-02-01T02:00:00,749.22802,Sistema
2023-02-01T03:00:00,749.22802,Sistema
2023-02-01T04:00:00,749.22802,Sistema
2023-02-01T05:00:00,749.22802,Sistema
2023-02-01T06:00:00,751.18502,Sistema
2023-02-01T07:00:00,752.18502,Sistema
2023-02-01T08:00:00,752.18502,Sistema
2023-02-01T09:00:00,761.18502,Sistema
2023-02-01T10:00:00,802.18502,Sistema
2023-02-01T11:00:00,866.48502,Sistema
2023-02-01T12:00:00,801.18502,Sistema
2023-02-01T13:00:00,756.18502,Sistema
2023-02-01T14:00:00,756.18502,Sistema
2023-02-01T15:00:00,801.18502,Sistema
2023-02-01T16:00:00,801.18502,Sistema
2023-02-01T17:00:00,761.18502,Sistema
2023-02-01T18:00:00,756.18502,Sistema
2023-02-01T19:00:00,760.18502,Sistema
2023-02-01T20:00:00,802.18502,Sistema
2023-02-01T21:00:00,761.18502,Sistema
2023-02-01T22:00:00,756.18502,Sistema
2023-02-01T23:00:00,756.18502,Sistema
2023-02-01T24:00:00,752.18502,Sistema
2023-02-02T01:00:00,791.37494,Sistema
2023-02-02T02:00:00,466.42994,Sistema
2023-02-02T03:00:00,464.46594,Sistema
2023-02-02T04:00:00,421.42994,Sistema
2023-02-02T05:00:00,466.42994,Sistema
2023-02-02T06:00:00,791.37494,Sistema
2023-02-02T07:00:00,791.37494,Sistema
2023-02-02T08:00:00,791.37494,Sistema
2023-02-02T09:00:00,791.42994,Sistema
2023-02-02T10:00:00,791.42994,Sistema
2023-02-02T11:00:00,791.42994,Sistema
2023-02-02T12:00:00,791.42994,Sistema
2023-02-02T13:00:00,791.42994,Sistema
2023-02-02T14:00:00,791.42994,Sistema
2023-02-02T15:00:00,791.42994,Sistema
2023-02-02T16:00:00,791.42994,Sistema
2023-02-02T17:00:00,791.42994,Sistema
2023-02-02T18:00:00,791.42994,Sistema
2023-02-02T19:00:00,791.42994,Sistema
2023-02-02T20:00:00,791.42994,Sistema
2023-02-02T21:00:00,791.42994,Sistema
2023-02-02T22:00:00,791.42994,Sistema
2023-02-02T23:00:00,791.37494,Sistema
2023-02-02T24:00:00,471.42994,Sistema
2023-02-03T01:00:00,784.4486,Sistema
2023-02-03T02:00:00,784.4486,Sistema
2023-02-03T03:00:00,784.4486,Sistema
2023-02-03T04:00:00,784.4486,Sistema
2023-02-03T05:00:00,784.4486,Sistema
2023-02-03T06:00:00,785.2386,Sistema
2023-02-03T07:00:00,785.2386,Sistema
2023-02-03T08:00:00,785.2386,Sistema
2023-02-03T09:00:00,785.2386,Sistema
2023-02-03T10:00:00,785.2386,Sistema
2023-02-03T11:00:00,801.7386,Sistema
2023-02-03T12:00:00,806.2386,Sistema
2023-02-03T13:00:00,801.7386,Sistema
2023-02-03T14:00:00,801.7386,Sistema
2023-02-03T15:00:00,806.2386,Sistema
2023-02-03T16:00:00,806.2386,Sistema
2023-02-03T17:00:00,801.7386,Sistema
2023-02-03T18:00:00,801.7386,Sistema
2023-02-03T19:00:00,806.2386,Sistema
2023-02-03T20:00:00,806.2386,Sistema
2023-02-03T21:00:00,806.2386,Sistema
2023-02-03T22:00:00,806.2386,Sistema
2023-02-03T23:00:00,785.2386,Sistema
2023-02-03T24:00:00,785.2386,Sistema
2023-02-04T01:00:00,782.62238,Sistema
2023-02-04T02:00:00,782.62238,Sistema
2023-02-04T03:00:00,782.62238,Sistema
2023-02-04T04:00:00,782.62238,Sistema
2023-02-04T05:00:00,782.62238,Sistema
2023-02-04T06:00:00,782.62238,Sistema
2023-02-04T07:00:00,782.62238,Sistema
2023-02-04T08:00:00,782.62238,Sistema
2023-02-04T09:00:00,805.05438,Sistema
2023-02-04T10:00:00,805.05438,Sistema
2023-02-04T11:00:00,806.05438,Sistema
2023-02-04T12:00:00,806.05438,Sistema
2023-02-04T13:00:00,806.05438,Sistema
2023-02-04T14:00:00,806.05438,Sistema
2023-02-04T15:00:00,806.05438,Sistema
2023-02-04T16:00:00,806.05438,Sistema
2023-02-04T17:00:00,806.05438,Sistema
2023-02-04T18:00:00,805.05438,Sistema
2023-02-04T19:00:00,829.05438,Sistema
2023-02-04T20:00:00,829.05438,Sistema
2023-02-04T21:00:00,829.05438,Sistema
2023-02-04T22:00:00,806.05438,Sistema
2023-02-04T23:00:00,805.05438,Sistema
2023-02-04T24:00:00,782.62238,Sistema
2023-02-05T01:00:00,787.06368,Sistema
2023-02-05T02:00:00,666.32468,Sistema
2023-02-05T03:00:00,701.82468,Sistema
2023-02-05T04:00:00,666.32468,Sistema
2023-02-05T05:00:00,666.32468,Sistema
2023-02-05T06:00:00,490.82468,Sistema
2023-02-05T07:00:00,480.82468,Sistema
2023-02-05T08:00:00,490.82468,Sistema
2023-02-05T09:00:00,666.32468,Sistema
2023-02-05T10:00:00,666.32468,Sistema
2023-02-05T11:00:00,787.06368,Sistema
2023-02-05T12:00:00,787.06368,Sistema
2023-02-05T13:00:00,830.82468,Sistema
2023-02-05T14:00:00,830.82468,Sistema
2023-02-05T15:00:00,787.06368,Sistema
2023-02-05T16:00:00,787.06368,Sistema
2023-02-05T17:00:00,787.06368,Sistema
2023-02-05T18:00:00,787.06368,Sistema
2023-02-05T19:00:00,861.82468,Sistema
2023-02-05T20:00:00,861.82468,Sistema
2023-02-05T21:00:00,861.82468,Sistema
2023-02-05T22:00:00,861.82468,Sistema
2023-02-05T23:00:00,861.82468,Sistema
2023-02-05T24:00:00,830.82468,Sistema
2023-02-06T01:00:00,125.22603,Sistema
2023-02-06T02:00:00,125.22603,Sistema
2023-02-06T03:00:00,125.22603,Sistema
2023-02-06T04:00:00,125.22603,Sistema
2023-02-06T05:00:00,125.22603,Sistema
2023-02-06T06:00:00,389.14003,Sistema
2023-02-06T07:00:00,242.19503,Sistema
2023-02-06T08:00:00,462.65203,Sistema
2023-02-06T09:00:00,501.61603,Sistema
2023-02-06T10:00:00,804.61603,Sistema
2023-02-06T11:00:00,833.61603,Sistema
2023-02-06T12:00:00,833.61603,Sistema
2023-02-06T13:00:00,804.61603,Sistema
2023-02-06T14:00:00,792.41903,Sistema
2023-02-06T15:00:00,792.41903,Sistema
2023-02-06T16:00:00,792.41903,Sistema
2023-02-06T17:00:00,792.41903,Sistema
2023-02-06T18:00:00,792.41903,Sistema
2023-02-06T19:00:00,792.41903,Sistema
2023-02-06T20:00:00,833.61603,Sistema
2023-02-06T21:00:00,833.61603,Sistema
2023-02-06T22:00:00,792.41903,Sistema
2023-02-06T23:00:00,493.61603,Sistema
2023-02-06T24:00:00,414.61603,Sistema
2023-02-07T01:00:00,502.0678,Sistema
2023-02-07T02:00:00,502.0678,Sistema
2023-02-07T03:00:00,502.0678,Sistema
2023-02-07T04:00:00,502.0678,Sistema
2023-02-07T05:00:00,502.0678,Sistema
2023-02-07T06:00:00,611.5678,Sistema
2023-02-07T07:00:00,506.5678,Sistema
2023-02-07T08:00:00,502.0678,Sistema
2023-02-07T09:00:00,757.6298,Sistema
2023-02-07T10:00:00,757.6298,Sistema
2023-02-07T11:00:00,820.5678,Sistema
2023-02-07T12:00:00,820.5678,Sistema
2023-02-07T13:00:00,801.5678,Sistema
2023-02-07T14:00:00,820.5678,Sistema
2023-02-07T15:00:00,820.5678,Sistema
2023-02-07T16:00:00,865.5678,Sistema
2023-02-07T17:00:00,820.5678,Sistema
2023-02-07T18:00:00,757.6298,Sistema
2023-02-07T19:00:00,801.5678,Sistema
2023-02-07T20:00:00,820.5678,Sistema
2023-02-07T21:00:00,820.5678,Sistema
2023-02-07T22:00:00,757.6298,Sistema
2023-02-07T23:00:00,502.0678,Sistema
2023-02-07T24:00:00,502.0678,Sistema
2023-02-08T01:00:00,489.32893,Sistema
2023-02-08T02:00:00,489.32893,Sistema
2023-02-08T03:00:00,488.32893,Sistema
2023-02-08T04:00:00,488.32893,Sistema
2023-02-08T05:00:00,489.32893,Sistema
2023-02-08T06:00:00,489.32893,Sistema
2023-02-08T07:00:00,489.32893,Sistema
2023-02-08T08:00:00,589.32893,Sistema
2023-02-08T09:00:00,619.32893,Sistema
2023-02-08T10:00:00,619.32893,Sistema
2023-02-08T11:00:00,619.32893,Sistema
2023-02-08T12:00:00,619.32893,Sistema
2023-02-08T13:00:00,619.32893,Sistema
2023-02-08T14:00:00,759.32893,Sistema
2023-02-08T15:00:00,769.32893,Sistema
2023-02-08T16:00:00,759.32893,Sistema
2023-02-08T17:00:00,756.32893,Sistema
2023-02-08T18:00:00,619.32893,Sistema
2023-02-08T19:00:00,756.32893,Sistema
2023-02-08T20:00:00,769.32893,Sistema
2023-02-08T21:00:00,756.32893,Sistema
2023-02-08T22:00:00,619.32893,Sistema
2023-02-08T23:00:00,619.32893,Sistema
2023-02-08T24:00:00,619.32893,Sistema
2023-02-09T01:00:00,488.82425,Sistema
2023-02-09T02:00:00,488.82425,Sistema
2023-02-09T03:00:00,488.82425,Sistema
2023-02-09T04:00:00,488.82425,Sistema
2023-02-09T05:00:00,488.82425,Sistema
2023-02-09T06:00:00,488.82425,Sistema
2023-02-09T07:00:00,488.82425,Sistema
2023-02-09T08:00:00,524.42425,Sistema
2023-02-09T09:00:00,559.32425,Sistema
2023-02-09T10:00:00,559.32425,Sistema
2023-02-09T11:00:00,589.82425,Sistema
2023-02-09T12:00:00,589.82425,Sistema
2023-02-09T13:00:00,589.82425,Sistema
2023-02-09T14:00:00,589.82425,Sistema
2023-02-09T15:00:00,749.32425,Sistema
2023-02-09T16:00:00,749.32425,Sistema
2023-02-09T17:00:00,589.82425,Sistema
2023-02-09T18:00:00,524.42425,Sistema
2023-02-09T19:00:00,589.82425,Sistema
2023-02-09T20:00:00,589.82425,Sistema
2023-02-09T21:00:00,589.82425,Sistema
2023-02-09T22:00:00,589.82425,Sistema
2023-02-09T23:00:00,589.82425,Sistema
2023-02-09T24:00:00,589.82425,Sistema
2023-02-10T01:00:00,519.78524,Sistema
2023-02-10T02:00:00,519.78524,Sistema
2023-02-10T03:00:00,519.78524,Sistema
2023-02-10T04:00:00,519.78524,Sistema
2023-02-10T05:00:00,519.78524,Sistema
2023-02-10T06:00:00,519.78524,Sistema
2023-02-10T07:00:00,519.78524,Sistema
2023-02-10T08:00:00,568.28524,Sistema
2023-02-10T09:00:00,568.28524,Sistema
2023-02-10T10:00:00,574.58524,Sistema
2023-02-10T11:00:00,574.58524,Sistema
2023-02-10T12:00:00,574.58524,Sistema
2023-02-10T13:00:00,574.58524,Sistema
2023-02-10T14:00:00,574.58524,Sistema
2023-02-10T15:00:00,574.58524,Sistema
2023-02-10T16:00:00,574.58524,Sistema
2023-02-10T17:00:00,574.58524,Sistema
2023-02-10T18:00:00,574.58524,Sistema
2023-02-10T19:00:00,574.58524,Sistema
2023-02-10T20:00:00,589.28524,Sistema
2023-02-10T21:00:00,574.58524,Sistema
2023-02-10T22:00:00,574.58524,Sistema
2023-02-10T23:00:00,568.28524,Sistema
2023-02-10T24:00:00,539.28424,Sistema
2023-02-11T01:00:00,553.5762,Sistema
2023-02-11T02:00:00,533.5762,Sistema
2023-02-11T03:00:00,492.5762,Sistema
2023-02-11T04:00:00,492.5762,Sistema
2023-02-11T05:00:00,465.2742,Sistema
2023-02-11T06:00:00,533.5762,Sistema
2023-02-11T07:00:00,533.5762,Sistema
2023-02-11T08:00:00,553.5762,Sistema
2023-02-11T09:00:00,583.5762,Sistema
2023-02-11T10:00:00,583.5762,Sistema
2023-02-11T11:00:00,613.5762,Sistema
2023-02-11T12:00:00,773.5762,Sistema
2023-02-11T13:00:00,773.5762,Sistema
2023-02-11T14:00:00,613.5762,Sistema
2023-02-11T15:00:00,613.5762,Sistema
2023-02-11T16:00:00,583.5762,Sistema
2023-02-11T17:00:00,583.5762,Sistema
2023-02-11T18:00:00,583.5762,Sistema
2023-02-11T19:00:00,773.5762,Sistema
2023-02-11T20:00:00,838.5762,Sistema
2023-02-11T21:00:00,773.5762,Sistema
2023-02-11T22:00:00,583.5762,Sistema
2023-02-11T23:00:00,583.5762,Sistema
2023-02-11T24:00:00,553.5762,Sistema
2023-02-12T01:00:00,540.36181,Sistema
2023-02-12T02:00:00,540.36181,Sistema
2023-02-12T03:00:00,540.36181,Sistema
2023-02-12T04:00:00,540.36181,Sistema
2023-02-12T05:00:00,530.46181,Sistema
2023-02-12T06:00:00,530.46181,Sistema
2023-02-12T07:00:00,489.46181,Sistema
2023-02-12T08:00:00,479.46181,Sistema
2023-02-12T09:00:00,530.46181,Sistema
2023-02-12T10:00:00,540.36181,Sistema
2023-02-12T11:00:00,540.36181,Sistema
2023-02-12T12:00:00,580.46181,Sistema
2023-02-12T13:00:00,580.46181,Sistema
2023-02-12T14:00:00,580.46181,Sistema
2023-02-12T15:00:00,580.46181,Sistema
2023-02-12T16:00:00,580.46181,Sistema
2023-02-12T17:00:00,580.46181,Sistema
2023-02-12T18:00:00,580.46181,Sistema
2023-02-12T19:00:00,625.46181,Sistema
2023-02-12T20:00:00,775.46181,Sistema
2023-02-12T21:00:00,770.46181,Sistema
2023-02-12T22:00:00,625.46181,Sistema
2023-02-12T23:00:00,580.46181,Sistema
2023-02-12T24:00:00,540.36181,Sistema
2023-02-13T01:00:00,519.29844,Sistema
2023-02-13T02:00:00,519.29844,Sistema
2023-02-13T03:00:00,519.29844,Sistema
2023-02-13T04:00:00,519.29844,Sistema
2023-02-13T05:00:00,519.29844,Sistema
2023-02-13T06:00:00,569.29844,Sistema
2023-02-13T07:00:00,574.29844,Sistema
2023-02-13T08:00:00,574.29844,Sistema
2023-02-13T09:00:00,574.29844,Sistema
2023-02-13T10:00:00,574.29844,Sistema
2023-02-13T11:00:00,599.29844,Sistema
2023-02-13T12:00:00,599.29844,Sistema
2023-02-13T13:00:00,599.29844,Sistema
2023-02-13T14:00:00,599.29844,Sistema
2023-02-13T15:00:00,599.29844,Sistema
2023-02-13T16:00:00,599.29844,Sistema
2023-02-13T17:00:00,599.29844,Sistema
2023-02-13T18:00:00,574.29844,Sistema
2023-02-13T19:00:00,599.29844,Sistema
2023-02-13T20:00:00,599.29844,Sistema
2023-02-13T21:00:00,599.29844,Sistema
2023-02-13T22:00:00,574.29844,Sistema
2023-02-13T23:00:00,574.29844,Sistema
2023-02-13T24:00:00,569.29844,Sistema
2023-02-14T01:00:00,534.30723,Sistema
2023-02-14T02:00:00,534.30723,Sistema
2023-02-14T03:00:00,534.30723,Sistema
2023-02-14T04:00:00,534.30723,Sistema
2023-02-14T05:00:00,534.30723,Sistema
2023-02-14T06:00:00,564.30723,Sistema
2023-02-14T07:00:00,564.30723,Sistema
2023-02-14T08:00:00,564.30723,Sistema
2023-02-14T09:00:00,572.00723,Sistema
2023-02-14T10:00:00,572.00723,Sistema
2023-02-14T11:00:00,572.00723,Sistema
2023-02-14T12:00:00,572.00723,Sistema
2023-02-14T13:00:00,572.00723,Sistema
2023-02-14T14:00:00,572.00723,Sistema
2023-02-14T15:00:00,572.00723,Sistema
2023-02-14T16:00:00,572.00723,Sistema
2023-02-14T17:00:00,572.00723,Sistema
2023-02-14T18:00:00,572.00723,Sistema
2023-02-14T19:00:00,572.00723,Sistema
2023-02-14T20:00:00,576.30723,Sistema
2023-02-14T21:00:00,572.00723,Sistema
2023-02-14T22:00:00,572.00723,Sistema
2023-02-14T23:00:00,569.30723,Sistema
2023-02-14T24:00:00,564.30723,Sistema
2023-02-15T01:00:00,534.33707,Sistema
2023-02-15T02:00:00,534.33707,Sistema
2023-02-15T03:00:00,534.33707,Sistema
2023-02-15T04:00:00,534.33707,Sistema
2023-02-15T05:00:00,534.33707,Sistema
2023-02-15T06:00:00,549.63707,Sistema
2023-02-15T07:00:00,549.63707,Sistema
2023-02-15T08:00:00,549.63707,Sistema
2023-02-15T09:00:00,549.63707,Sistema
2023-02-15T10:00:00,549.63707,Sistema
2023-02-15T11:00:00,549.63707,Sistema
2023-02-15T12:00:00,549.63707,Sistema
2023-02-15T13:00:00,549.63707,Sistema
2023-02-15T14:00:00,549.63707,Sistema
2023-02-15T15:00:00,560.33707,Sistema
2023-02-15T16:00:00,560.33707,Sistema
2023-02-15T17:00:00,549.63707,Sistema
2023-02-15T18:00:00,549.63707,Sistema
2023-02-15T19:00:00,550.33707,Sistema
2023-02-15T20:00:00,560.33707,Sistema
2023-02-15T21:00:00,550.33707,Sistema
2023-02-15T22:00:00,550.33707,Sistema
2023-02-15T23:00:00,549.63707,Sistema
2023-02-15T24:00:00,549.33707,Sistema
2023-02-16T01:00:00,458.53352,Sistema
2023-02-16T02:00:00,458.53352,Sistema
2023-02-16T03:00:00,384.05752,Sistema
2023-02-16T04:00:00,309.53352,Sistema
2023-02-16T05:00:00,409.24252,Sistema
2023-02-16T06:00:00,543.23352,Sistema
2023-02-16T07:00:00,543.23352,Sistema
2023-02-16T08:00:00,544.53352,Sistema
2023-02-16T09:00:00,545.53352,Sistema
2023-02-16T10:00:00,545.53352,Sistema
2023-02-16T11:00:00,545.53352,Sistema
2023-02-16T12:00:00,545.53352,Sistema
2023-02-16T13:00:00,545.53352,Sistema
2023-02-16T14:00:00,545.53352,Sistema
2023-02-16T15:00:00,548.53152,Sistema
2023-02-16T16:00:00,548.53152,Sistema
2023-02-16T17:00:00,545.53352,Sistema
2023-02-16T18:00:00,545.53352,Sistema
2023-02-16T19:00:00,545.53352,Sistema
2023-02-16T20:00:00,548.53152,Sistema
2023-02-16T21:00:00,545.53352,Sistema
2023-02-16T22:00:00,544.53352,Sistema
2023-02-16T23:00:00,543.23352,Sistema
2023-02-16T24:00:00,459.53352,Sistema
2023-02-17T01:00:00,409.34537,Sistema
2023-02-17T02:00:00,419.28137,Sistema
2023-02-17T03:00:00,409.34537,Sistema
2023-02-17T04:00:00,408.95937,Sistema
2023-02-17T05:00:00,419.28137,Sistema
2023-02-17T06:00:00,430.83637,Sistema
2023-02-17T07:00:00,430.83637,Sistema
2023-02-17T08:00:00,433.13637,Sistema
2023-02-17T09:00:00,479.05637,Sistema
2023-02-17T10:00:00,543.63637,Sistema
2023-02-17T11:00:00,543.63637,Sistema
2023-02-17T12:00:00,543.63637,Sistema
2023-02-17T13:00:00,543.63637,Sistema
2023-02-17T14:00:00,543.63637,Sistema
2023-02-17T15:00:00,543.63637,Sistema
2023-02-17T16:00:00,543.63637,Sistema
2023-02-17T17:00:00,543.63637,Sistema
2023-02-17T18:00:00,543.63637,Sistema
2023-02-17T19:00:00,543.63637,Sistema
2023-02-17T20:00:00,543.63637,Sistema
2023-02-17T21:00:00,543.63637,Sistema
2023-02-17T22:00:00,543.63637,Sistema
2023-02-17T23:00:00,543.63637,Sistema
2023-02-17T24:00:00,458.63637,Sistema
2023-02-18T01:00:00,419.08865,Sistema
2023-02-18T02:00:00,408.76665,Sistema
2023-02-18T03:00:00,359.44365,Sistema
2023-02-18T04:00:00,301.44365,Sistema
2023-02-18T05:00:00,320.87265,Sistema
2023-02-18T06:00:00,383.96765,Sistema
2023-02-18T07:00:00,408.76665,Sistema
2023-02-18T08:00:00,424.54365,Sistema
2023-02-18T09:00:00,426.44365,Sistema
2023-02-18T10:00:00,448.44365,Sistema
2023-02-18T11:00:00,469.88965,Sistema
2023-02-18T12:00:00,489.95765,Sistema
2023-02-18T13:00:00,489.95765,Sistema
2023-02-18T14:00:00,469.88965,Sistema
2023-02-18T15:00:00,469.88965,Sistema
2023-02-18T16:00:00,426.44365,Sistema
2023-02-18T17:00:00,426.44365,Sistema
2023-02-18T18:00:00,426.44365,Sistema
2023-02-18T19:00:00,489.95765,Sistema
2023-02-18T20:00:00,489.95765,Sistema
2023-02-18T21:00:00,469.88965,Sistema
2023-02-18T22:00:00,426.44365,Sistema
2023-02-18T23:00:00,424.54365,Sistema
2023-02-18T24:00:00,424.54365,Sistema
2023-02-19T01:00:00,422.5786,Sistema
2023-02-19T02:00:00,419.5786,Sistema
2023-02-19T03:00:00,419.5786,Sistema
2023-02-19T04:00:00,419.5786,Sistema
2023-02-19T05:00:00,410.5786,Sistema
2023-02-19T06:00:00,410.5786,Sistema
2023-02-19T07:00:00,354.5786,Sistema
2023-02-19T08:00:00,358.5786,Sistema
2023-02-19T09:00:00,419.5786,Sistema
2023-02-19T10:00:00,419.5786,Sistema
2023-02-19T11:00:00,419.5786,Sistema
2023-02-19T12:00:00,422.5786,Sistema
2023-02-19T13:00:00,422.5786,Sistema
2023-02-19T14:00:00,422.5786,Sistema
2023-02-19T15:00:00,422.5786,Sistema
2023-02-19T16:00:00,422.5786,Sistema
2023-02-19T17:00:00,422.5786,Sistema
2023-02-19T18:00:00,422.5786,Sistema
2023-02-19T19:00:00,451.6786,Sistema
2023-02-19T20:00:00,451.6786,Sistema
2023-02-19T21:00:00,451.6786,Sistema
2023-02-19T22:00:00,422.5786,Sistema
2023-02-19T23:00:00,422.5786,Sistema
2023-02-19T24:00:00,422.5786,Sistema
2023-02-20T01:00:00,339.23841,Sistema
2023-02-20T02:00:00,334.91041,Sistema
2023-02-20T03:00:00,216.41041,Sistema
2023-02-20T04:00:00,291.36841,Sistema
2023-02-20T05:00:00,291.36841,Sistema
2023-02-20T06:00:00,416.91041,Sistema
2023-02-20T07:00:00,415.23341,Sistema
2023-02-20T08:00:00,395.91041,Sistema
2023-02-20T09:00:00,416.91041,Sistema
2023-02-20T10:00:00,416.91041,Sistema
2023-02-20T11:00:00,458.80941,Sistema
2023-02-20T12:00:00,458.80941,Sistema
2023-02-20T13:00:00,458.80941,Sistema
2023-02-20T14:00:00,458.80941,Sistema
2023-02-20T15:00:00,458.80941,Sistema
2023-02-20T16:00:00,458.80941,Sistema
2023-02-20T17:00:00,458.80941,Sistema
2023-02-20T18:00:00,455.91041,Sistema
2023-02-20T19:00:00,458.80941,Sistema
2023-02-20T20:00:00,458.80941,Sistema
2023-02-20T21:00:00,458.80941,Sistema
2023-02-20T22:00:00,455.91041,Sistema
2023-02-20T23:00:00,440.91041,Sistema
2023-02-20T24:00:00,437.21041,Sistema
2023-02-21T01:00:00,410.98214,Sistema
2023-02-21T02:00:00,409.30514,Sistema
2023-02-21T03:00:00,409.30514,Sistema
2023-02-21T04:00:00,358.98214,Sistema
2023-02-21T05:00:00,409.30514,Sistema
2023-02-21T06:00:00,410.98214,Sistema
2023-02-21T07:00:00,410.98214,Sistema
2023-02-21T08:00:00,410.98214,Sistema
2023-02-21T09:00:00,410.98214,Sistema
2023-02-21T10:00:00,422.98214,Sistema
2023-02-21T11:00:00,422.98214,Sistema
2023-02-21T12:00:00,434.98214,Sistema
2023-02-21T13:00:00,434.98214,Sistema
2023-02-21T14:00:00,445.88114,Sistema
2023-02-21T15:00:00,445.88114,Sistema
2023-02-21T16:00:00,445.88114,Sistema
2023-02-21T17:00:00,445.88114,Sistema
2023-02-21T18:00:00,434.98214,Sistema
2023-02-21T19:00:00,445.88114,Sistema
2023-02-21T20:00:00,445.88114,Sistema
2023-02-21T21:00:00,445.88114,Sistema
2023-02-21T22:00:00,434.98214,Sistema
2023-02-21T23:00:00,410.98214,Sistema
2023-02-21T24:00:00,410.98214,Sistema
2023-02-22T01:00:00,213.60413,Sistema
2023-02-22T02:00:00,213.60413,Sistema
2023-02-22T03:00:00,213.60413,Sistema
2023-02-22T04:00:00,213.60413,Sistema
2023-02-22T05:00:00,213.60413,Sistema
2023-02-22T06:00:00,323.60413,Sistema
2023-02-22T07:00:00,323.60413,Sistema
2023-02-22T08:00:00,332.60413,Sistema
2023-02-22T09:00:00,393.60413,Sistema
2023-02-22T10:00:00,393.60413,Sistema
2023-02-22T11:00:00,414.60413,Sistema
2023-02-22T12:00:00,414.60413,Sistema
2023-02-22T13:00:00,414.60413,Sistema
2023-02-22T14:00:00,414.60413,Sistema
2023-02-22T15:00:00,424.60413,Sistema
2023-02-22T16:00:00,424.60413,Sistema
2023-02-22T17:00:00,424.60413,Sistema
2023-02-22T18:00:00,414.60413,Sistema
2023-02-22T19:00:00,423.60413,Sistema
2023-02-22T20:00:00,424.60413,Sistema
2023-02-22T21:00:00,423.60413,Sistema
2023-02-22T22:00:00,362.60413,Sistema
2023-02-22T23:00:00,332.60413,Sistema
2023-02-22T24:00:00,289.06213,Sistema
2023-02-23T01:00:00,288.54972,Sistema
2023-02-23T02:00:00,288.54972,Sistema
2023-02-23T03:00:00,263.09172,Sistema
2023-02-23T04:00:00,263.09172,Sistema
2023-02-23T05:00:00,263.09172,Sistema
2023-02-23T06:00:00,402.09172,Sistema
2023-02-23T07:00:00,312.09172,Sistema
2023-02-23T08:00:00,406.09172,Sistema
2023-02-23T09:00:00,406.09172,Sistema
2023-02-23T10:00:00,406.09172,Sistema
2023-02-23T11:00:00,406.09172,Sistema
2023-02-23T12:00:00,406.09172,Sistema
2023-02-23T13:00:00,406.09172,Sistema
2023-02-23T14:00:00,406.09172,Sistema
2023-02-23T15:00:00,408.09172,Sistema
2023-02-23T16:00:00,408.09172,Sistema
2023-02-23T17:00:00,408.09172,Sistema
2023-02-23T18:00:00,406.09172,Sistema
2023-02-23T19:00:00,408.09172,Sistema
2023-02-23T20:00:00,408.09172,Sistema
2023-02-23T21:00:00,408.09172,Sistema
2023-02-23T22:00:00,406.09172,Sistema
2023-02-23T23:00:00,406.09172,Sistema
2023-02-23T24:00:00,362.09172,Sistema
2023-02-24T01:00:00,288.66573,Sistema
2023-02-24T02:00:00,285.12373,Sistema
2023-02-24T03:00:00,285.12373,Sistema
2023-02-24T04:00:00,259.66573,Sistema
2023-02-24T05:00:00,285.12373,Sistema
2023-02-24T06:00:00,285.12373,Sistema
2023-02-24T07:00:00,288.66573,Sistema
2023-02-24T08:00:00,324.66573,Sistema
2023-02-24T09:00:00,324.66573,Sistema
2023-02-24T10:00:00,324.66573,Sistema
2023-02-24T11:00:00,324.66573,Sistema
2023-02-24T12:00:00,324.66573,Sistema
2023-02-24T13:00:00,358.66573,Sistema
2023-02-24T14:00:00,358.66573,Sistema
2023-02-24T15:00:00,399.66573,Sistema
2023-02-24T16:00:00,399.66573,Sistema
2023-02-24T17:00:00,399.66573,Sistema
2023-02-24T18:00:00,324.66573,Sistema
2023-02-24T19:00:00,399.66573,Sistema
2023-02-24T20:00:00,400.77973,Sistema
2023-02-24T21:00:00,399.66573,Sistema
2023-02-24T22:00:00,358.66573,Sistema
2023-02-24T23:00:00,324.66573,Sistema
2023-02-24T24:00:00,324.66573,Sistema
2023-02-25T01:00:00,260.03613,Sistema
2023-02-25T02:00:00,260.03613,Sistema
2023-02-25T03:00:00,260.03613,Sistema
2023-02-25T04:00:00,260.03613,Sistema
2023-02-25T05:00:00,260.03613,Sistema
2023-02-25T06:00:00,260.03613,Sistema
2023-02-25T07:00:00,260.03613,Sistema
2023-02-25T08:00:00,285.49413,Sistema
2023-02-25T09:00:00,285.49413,Sistema
2023-02-25T10:00:00,315.03613,Sistema
2023-02-25T11:00:00,315.03613,Sistema
2023-02-25T12:00:00,337.15013,Sistema
2023-02-25T13:00:00,337.15013,Sistema
2023-02-25T14:00:00,318.92413,Sistema
2023-02-25T15:00:00,315.03613,Sistema
2023-02-25T16:00:00,315.03613,Sistema
2023-02-25T17:00:00,315.03613,Sistema
2023-02-25T18:00:00,315.03613,Sistema
2023-02-25T19:00:00,337.15013,Sistema
2023-02-25T20:00:00,337.15013,Sistema
2023-02-25T21:00:00,337.15013,Sistema
2023-02-25T22:00:00,315.03613,Sistema
2023-02-25T23:00:00,315.03613,Sistema
2023-02-25T24:00:00,260.03613,Sistema
2023-02-26T01:00:00,319.81936,Sistema
2023-02-26T02:00:00,309.81936,Sistema
2023-02-26T03:00:00,309.81936,Sistema
2023-02-26T04:00:00,289.81936,Sistema
2023-02-26T05:00:00,289.81936,Sistema
2023-02-26T06:00:00,289.81936,Sistema
2023-02-26T07:00:00,289.81936,Sistema
2023-02-26T08:00:00,289.81936,Sistema
2023-02-26T09:00:00,289.81936,Sistema
2023-02-26T10:00:00,309.81936,Sistema
2023-02-26T11:00:00,319.81936,Sistema
2023-02-26T12:00:00,319.81936,Sistema
2023-02-26T13:00:00,319.81936,Sistema
2023-02-26T14:00:00,319.81936,Sistema
2023-02-26T15:00:00,319.81936,Sistema
2023-02-26T16:00:00,319.81936,Sistema
2023-02-26T17:00:00,319.81936,Sistema
2023-02-26T18:00:00,319.81936,Sistema
2023-02-26T19:00:00,340.81936,Sistema
2023-02-26T20:00:00,340.81936,Sistema
2023-02-26T21:00:00,340.81936,Sistema
2023-02-26T22:00:00,340.81936,Sistema
2023-02-26T23:00:00,340.81936,Sistema
2023-02-26T24:00:00,319.81936,Sistema
2023-02-27T01:00:00,289.703,Sistema
2023-02-27T02:00:00,289.703,Sistema
2023-02-27T03:00:00,289.683,Sistema
2023-02-27T04:00:00,289.703,Sistema
2023-02-27T05:00:00,289.703,Sistema
2023-02-27T06:00:00,289.703,Sistema
2023-02-27T07:00:00,289.703,Sistema
2023-02-27T08:00:00,289.703,Sistema
2023-02-27T09:00:00,318.817,Sistema
2023-02-27T10:00:00,318.817,Sistema
2023-02-27T11:00:00,318.817,Sistema
2023-02-27T12:00:00,329.703,Sistema
2023-02-27T13:00:00,320.703,Sistema
2023-02-27T14:00:00,329.703,Sistema
2023-02-27T15:00:00,339.703,Sistema
2023-02-27T16:00:00,339.703,Sistema
2023-02-27T17:00:00,339.703,Sistema
2023-02-27T18:00:00,320.703,Sistema
2023-02-27T19:00:00,344.703,Sistema
2023-02-27T20:00:00,404.703,Sistema
2023-02-27T21:00:00,344.703,Sistema
2023-02-27T22:00:00,339.703,Sistema
2023-02-27T23:00:00,318.817,Sistema
2023-02-27T24:00:00,318.817,Sistema
2023-02-28T01:00:00,309.14298,Sistema
2023-02-28T02:00:00,309.14298,Sistema
2023-02-28T03:00:00,309.14298,Sistema
2023-02-28T04:00:00,309.14298,Sistema
2023-02-28T05:00:00,309.14298,Sistema
2023-02-28T06:00:00,310.21198,Sistema
2023-02-28T07:00:00,310.21198,Sistema
2023-02-28T08:00:00,324.72398,Sistema
2023-02-28T09:00:00,344.72398,Sistema
2023-02-28T10:00:00,344.72398,Sistema
2023-02-28T11:00:00,429.72398,Sistema
2023-02-28T12:00:00,429.72398,Sistema
2023-02-28T13:00:00,409.72398,Sistema
2023-02-28T14:00:00,429.72398,Sistema
2023-02-28T15:00:00,429.72398,Sistema
2023-02-28T16:00:00,429.72398,Sistema
2023-02-28T17:00:00,429.72398,Sistema
2023-02-28T18:00:00,429.72398,Sistema
2023-02-28T19:00:00,429.72398,Sistema
2023-02-28T20:00:00,429.72398,Sistema
2023-02-28T21:00:00,429.72398,Sistema
2023-02-28T22:00:00,409.72398,Sistema
2023-02-28T23:00:00,344.72398,Sistema
2023-02-28T24:00:00,319.72398,Sistema
2023-03-01T01:00:00,321.20451,Sistema
2023-03-01T02:00:00,309.48051,Sistema
2023-03-01T03:00:00,309.48051,Sistema
2023-03-01T04:00:00,309.48051,Sistema
2023-03-01T05:00:00,309.48051,Sistema
2023-03-01T06:00:00,321.20451,Sistema
2023-03-01T07:00:00,321.20451,Sistema
2023-03-01T08:00:00,321.20451,Sistema
2023-03-01T09:00:00,379.48051,Sistema
2023-03-01T10:00:00,415.48051,Sistema
2023-03-01T11:00:00,410.48051,Sistema
2023-03-01T12:00:00,415.48051,Sistema
2023-03-01T13:00:00,410.48051,Sistema
2023-03-01T14:00:00,415.48051,Sistema
2023-03-01T15:00:00,415.48051,Sistema
2023-03-01T16:00:00,415.48051,Sistema
2023-03-01T17:00:00,415.48051,Sistema
2023-03-01T18:00:00,410.48051,Sistema
2023-03-01T19:00:00,415.48051,Sistema
2023-03-01T20:00:00,415.48051,Sistema
2023-03-01T21:00:00,415.48051,Sistema
2023-03-01T22:00:00,410.48051,Sistema
2023-03-01T23:00:00,379.48051,Sistema
2023-03-01T24:00:00,321.20451,Sistema
2023-03-02T01:00:00,351.48638,Sistema
2023-03-02T02:00:00,351.48638,Sistema
2023-03-02T03:00:00,336.48638,Sistema
2023-03-02T04:00:00,336.48638,Sistema
2023-03-02T05:00:00,351.48638,Sistema
2023-03-02T06:00:00,376.92138,Sistema
2023-03-02T07:00:00,412.48638,Sistema
2023-03-02T08:00:00,417.48638,Sistema
2023-03-02T09:00:00,427.48638,Sistema
2023-03-02T10:00:00,427.48638,Sistema
2023-03-02T11:00:00,447.48638,Sistema
2023-03-02T12:00:00,447.48638,Sistema
2023-03-02T13:00:00,427.48638,Sistema
2023-03-02T14:00:00,447.48638,Sistema
2023-03-02T15:00:00,448.67138,Sistema
2023-03-02T16:00:00,447.48638,Sistema
2023-03-02T17:00:00,417.48638,Sistema
2023-03-02T18:00:00,417.48638,Sistema
2023-03-02T19:00:00,417.48638,Sistema
2023-03-02T20:00:00,601.48638,Sistema
2023-03-02T21:00:00,417.48638,Sistema
2023-03-02T22:00:00,417.48638,Sistema
2023-03-02T23:00:00,377.55938,Sistema
2023-03-02T24:00:00,376.92138,Sistema
2023-03-03T01:00:00,401.47073,Sistema
2023-03-03T02:00:00,401.47073,Sistema
2023-03-03T03:00:00,384.47073,Sistema
2023-03-03T04:00:00,384.47073,Sistema
2023-03-03T05:00:00,401.47073,Sistema
2023-03-03T06:00:00,401.47073,Sistema
2023-03-03T07:00:00,401.47073,Sistema
2023-03-03T08:00:00,408.47073,Sistema
2023-03-03T09:00:00,425.47073,Sistema
2023-03-03T10:00:00,448.47073,Sistema
2023-03-03T11:00:00,470.47073,Sistema
2023-03-03T12:00:00,470.47073,Sistema
2023-03-03T13:00:00,470.47073,Sistema
2023-03-03T14:00:00,470.47073,Sistema
2023-03-03T15:00:00,490.47073,Sistema
2023-03-03T16:00:00,490.47073,Sistema
2023-03-03T17:00:00,470.47073,Sistema
2023-03-03T18:00:00,448.47073,Sistema
2023-03-03T19:00:00,470.47073,Sistema
2023-03-03T20:00:00,470.47073,Sistema
2023-03-03T21:00:00,448.47073,Sistema
2023-03-03T22:00:00,419.47073,Sistema
2023-03-03T23:00:00,401.47073,Sistema
2023-03-03T24:00:00,401.47073,Sistema
2023-03-04T01:00:00,450.27074,Sistema
2023-03-04T02:00:00,450.27074,Sistema
2023-03-04T03:00:00,450.27074,Sistema
2023-03-04T04:00:00,450.27074,Sistema
2023-03-04T05:00:00,450.27074,Sistema
2023-03-04T06:00:00,450.27074,Sistema
2023-03-04T07:00:00,450.27074,Sistema
2023-03-04T08:00:00,450.27074,Sistema
2023-03-04T09:00:00,450.27074,Sistema
2023-03-04T10:00:00,450.27074,Sistema
2023-03-04T11:00:00,450.27074,Sistema
2023-03-04T12:00:00,450.27074,Sistema
2023-03-04T13:00:00,450.27074,Sistema
2023-03-04T14:00:00,450.27074,Sistema
2023-03-04T15:00:00,450.27074,Sistema
2023-03-04T16:00:00,450.27074,Sistema
2023-03-04T17:00:00,450.27074,Sistema
2023-03-04T18:00:00,450.27074,Sistema
2023-03-04T19:00:00,450.27074,Sistema
2023-03-04T20:00:00,450.27074,Sistema
2023-03-04T21:00:00,450.27074,Sistema
2023-03-04T22:00:00,450.27074,Sistema
2023-03-04T23:00:00,450.27074,Sistema
2023-03-04T24:00:00,443.27074,Sistema
2023-03-05T01:00:00,469.10733,Sistema
2023-03-05T02:00:00,459.10733,Sistema
2023-03-05T03:00:00,423.10733,Sistema
2023-03-05T04:00:00,423.10733,Sistema
2023-03-05T05:00:00,423.10733,Sistema
2023-03-05T06:00:00,423.10733,Sistema
2023-03-05T07:00:00,423.10733,Sistema
2023-03-05T08:00:00,423.10733,Sistema
2023-03-05T09:00:00,423.10733,Sistema
2023-03-05T10:00:00,459.10733,Sistema
2023-03-05T11:00:00,469.10733,Sistema
2023-03-05T12:00:00,485.60733,Sistema
2023-03-05T13:00:00,485.60733,Sistema
2023-03-05T14:00:00,485.60733,Sistema
2023-03-05T15:00:00,485.60733,Sistema
2023-03-05T16:00:00,485.60733,Sistema
2023-03-05T17:00:00,485.60733,Sistema
2023-03-05T18:00:00,485.60733,Sistema
2023-03-05T19:00:00,485.60733,Sistema
2023-03-05T20:00:00,485.60733,Sistema
2023-03-05T21:00:00,485.60733,Sistema
2023-03-05T22:00:00,485.60733,Sistema
2023-03-05T23:00:00,485.60733,Sistema
2023-03-05T24:00:00,485.60733,Sistema
2023-03-06T01:00:00,486.02194,Sistema
2023-03-06T02:00:00,486.02194,Sistema
2023-03-06T03:00:00,486.02194,Sistema
2023-03-06T04:00:00,478.52194,Sistema
2023-03-06T05:00:00,486.02194,Sistema
2023-03-06T06:00:00,486.02194,Sistema
2023-03-06T07:00:00,486.02194,Sistema
2023-03-06T08:00:00,486.52194,Sistema
2023-03-06T09:00:00,495.52194,Sistema
2023-03-06T10:00:00,495.52194,Sistema
2023-03-06T11:00:00,495.52194,Sistema
2023-03-06T12:00:00,497.52194,Sistema
2023-03-06T13:00:00,497.52194,Sistema
2023-03-06T14:00:00,497.52194,Sistema
2023-03-06T15:00:00,519.52194,Sistema
2023-03-06T16:00:00,549.84194,Sistema
2023-03-06T17:00:00,549.84194,Sistema
2023-03-06T18:00:00,519.52194,Sistema
2023-03-06T19:00:00,519.52194,Sistema
2023-03-06T20:00:00,549.84194,Sistema
2023-03-06T21:00:00,497.52194,Sistema
2023-03-06T22:00:00,497.52194,Sistema
2023-03-06T23:00:00,495.52194,Sistema
2023-03-06T24:00:00,486.02194,Sistema
2023-03-07T01:00:00,449.39656,Sistema
2023-03-07T02:00:00,489.39656,Sistema
2023-03-07T03:00:00,449.39656,Sistema
2023-03-07T04:00:00,449.39656,Sistema
2023-03-07T05:00:00,449.39656,Sistema
2023-03-07T06:00:00,495.39656,Sistema
2023-03-07T07:00:00,495.39656,Sistema
2023-03-07T08:00:00,495.39656,Sistema
2023-03-07T09:00:00,495.39656,Sistema
2023-03-07T10:00:00,496.39656,Sistema
2023-03-07T11:00:00,496.39656,Sistema
2023-03-07T12:00:00,496.39656,Sistema
2023-03-07T13:00:00,496.39656,Sistema
2023-03-07T14:00:00,496.39656,Sistema
2023-03-07T15:00:00,496.39656,Sistema
2023-03-07T16:00:00,496.39656,Sistema
2023-03-07T17:00:00,496.39656,Sistema
2023-03-07T18:00:00,496.39656,Sistema
2023-03-07T19:00:00,496.39656,Sistema
2023-03-07T20:00:00,496.39656,Sistema
2023-03-07T21:00:00,496.39656,Sistema
2023-03-07T22:00:00,496.39656,Sistema
2023-03-07T23:00:00,495.39656,Sistema
2023-03-07T24:00:00,489.39656,Sistema
2023-03-08T01:00:00,423.16167,Sistema
2023-03-08T02:00:00,423.16167,Sistema
2023-03-08T03:00:00,423.16167,Sistema
2023-03-08T04:00:00,423.16167,Sistema
2023-03-08T05:00:00,423.16167,Sistema
2023-03-08T06:00:00,423.16167,Sistema
2023-03-08T07:00:00,434.16167,Sistema
2023-03-08T08:00:00,454.16167,Sistema
2023-03-08T09:00:00,479.66167,Sistema
2023-03-08T10:00:00,479.66167,Sistema
2023-03-08T11:00:00,479.66167,Sistema
2023-03-08T12:00:00,495.16167,Sistema
2023-03-08T13:00:00,495.16167,Sistema
2023-03-08T14:00:00,497.16167,Sistema
2023-03-08T15:00:00,509.16167,Sistema
2023-03-08T16:00:00,559.16167,Sistema
2023-03-08T17:00:00,497.16167,Sistema
2023-03-08T18:00:00,497.16167,Sistema
2023-03-08T19:00:00,495.16167,Sistema
2023-03-08T20:00:00,495.16167,Sistema
2023-03-08T21:00:00,495.16167,Sistema
2023-03-08T22:00:00,479.66167,Sistema
2023-03-08T23:00:00,479.66167,Sistema
2023-03-08T24:00:00,434.16167,Sistema
2023-03-09T01:00:00,423.98181,Sistema
2023-03-09T02:00:00,399.88181,Sistema
2023-03-09T03:00:00,399.88181,Sistema
2023-03-09T04:00:00,399.88181,Sistema
2023-03-09T05:00:00,399.88181,Sistema
2023-03-09T06:00:00,423.98181,Sistema
2023-03-09T07:00:00,423.98181,Sistema
2023-03-09T08:00:00,423.98181,Sistema
2023-03-09T09:00:00,424.98481,Sistema
2023-03-09T10:00:00,424.98481,Sistema
2023-03-09T11:00:00,444.98181,Sistema
2023-03-09T12:00:00,449.98181,Sistema
2023-03-09T13:00:00,444.98181,Sistema
2023-03-09T14:00:00,449.98181,Sistema
2023-03-09T15:00:00,449.98181,Sistema
2023-03-09T16:00:00,449.98181,Sistema
2023-03-09T17:00:00,449.98181,Sistema
2023-03-09T18:00:00,444.98181,Sistema
2023-03-09T19:00:00,449.98181,Sistema
2023-03-09T20:00:00,449.98181,Sistema
2023-03-09T21:00:00,449.98181,Sistema
2023-03-09T22:00:00,424.98481,Sistema
2023-03-09T23:00:00,423.98181,Sistema
2023-03-09T24:00:00,423.98181,Sistema
2023-03-10T01:00:00,121.51207,Sistema
2023-03-10T02:00:00,121.51307,Sistema
2023-03-10T03:00:00,121.51507,Sistema
2023-03-10T04:00:00,121.51207,Sistema
2023-03-10T05:00:00,121.51507,Sistema
2023-03-10T06:00:00,332.86207,Sistema
2023-03-10T07:00:00,377.88207,Sistema
2023-03-10T08:00:00,377.88207,Sistema
2023-03-10T09:00:00,377.88207,Sistema
2023-03-10T10:00:00,377.88207,Sistema
2023-03-10T11:00:00,377.88207,Sistema
2023-03-10T12:00:00,377.88207,Sistema
2023-03-10T13:00:00,377.88207,Sistema
2023-03-10T14:00:00,377.88207,Sistema
2023-03-10T15:00:00,382.88207,Sistema
2023-03-10T16:00:00,382.88207,Sistema
2023-03-10T17:00:00,382.88207,Sistema
2023-03-10T18:00:00,377.88207,Sistema
2023-03-10T19:00:00,382.88207,Sistema
2023-03-10T20:00:00,382.88207,Sistema
2023-03-10T21:00:00,382.88207,Sistema
2023-03-10T22:00:00,377.88207,Sistema
2023-03-10T23:00:00,377.88207,Sistema
2023-03-10T24:00:00,279.68407,Sistema
2023-03-11T01:00:00,250.93807,Sistema
2023-03-11T02:00:00,250.93807,Sistema
2023-03-11T03:00:00,250.93807,Sistema
2023-03-11T04:00:00,250.93807,Sistema
2023-03-11T05:00:00,250.93807,Sistema
2023-03-11T06:00:00,250.93807,Sistema
2023-03-11T07:00:00,310.93807,Sistema
2023-03-11T08:00:00,310.93807,Sistema
2023-03-11T09:00:00,310.93807,Sistema
2023-03-11T10:00:00,310.93807,Sistema
2023-03-11T11:00:00,310.93807,Sistema
2023-03-11T12:00:00,378.04907,Sistema
2023-03-11T13:00:00,378.04907,Sistema
2023-03-11T14:00:00,310.93807,Sistema
2023-03-11T15:00:00,310.93807,Sistema
2023-03-11T16:00:00,310.93807,Sistema
2023-03-11T17:00:00,310.93807,Sistema
2023-03-11T18:00:00,310.93807,Sistema
2023-03-11T19:00:00,378.04907,Sistema
2023-03-11T20:00:00,378.04907,Sistema
2023-03-11T21:00:00,378.04907,Sistema
2023-03-11T22:00:00,310.93807,Sistema
2023-03-11T23:00:00,310.93807,Sistema
2023-03-11T24:00:00,310.93807,Sistema
2023-03-12T01:00:00,282.94102,Sistema
2023-03-12T02:00:00,282.94102,Sistema
2023-03-12T03:00:00,282.94102,Sistema
2023-03-12T04:00:00,282.94102,Sistema
2023-03-12T05:00:00,282.94102,Sistema
2023-03-12T06:00:00,282.94102,Sistema
2023-03-12T07:00:00,279.05202,Sistema
2023-03-12T08:00:00,282.94102,Sistema
2023-03-12T09:00:00,282.94102,Sistema
2023-03-12T10:00:00,282.94102,Sistema
2023-03-12T11:00:00,282.94102,Sistema
2023-03-12T12:00:00,282.94102,Sistema
2023-03-12T13:00:00,282.94102,Sistema
2023-03-12T14:00:00,305.05202,Sistema
2023-03-12T15:00:00,305.05202,Sistema
2023-03-12T16:00:00,305.05202,Sistema
2023-03-12T17:00:00,305.05202,Sistema
2023-03-12T18:00:00,305.05202,Sistema
2023-03-12T19:00:00,305.05202,Sistema
2023-03-12T20:00:00,312.94102,Sistema
2023-03-12T21:00:00,312.94102,Sistema
2023-03-12T22:00:00,305.05202,Sistema
2023-03-12T23:00:00,305.05202,Sistema
2023-03-12T24:00:00,305.05202,Sistema
2023-03-13T01:00:00,239.71033,Sistema
2023-03-13T02:00:00,118.34133,Sistema
2023-03-13T03:00:00,118.34033,Sistema
2023-03-13T04:00:00,118.34033,Sistema
2023-03-13T05:00:00,239.71033,Sistema
2023-03-13T06:00:00,239.71033,Sistema
2023-03-13T07:00:00,239.71033,Sistema
2023-03-13T08:00:00,239.71033,Sistema
2023-03-13T09:00:00,248.71033,Sistema
2023-03-13T10:00:00,248.71033,Sistema
2023-03-13T11:00:00,248.71033,Sistema
2023-03-13T12:00:00,248.71033,Sistema
2023-03-13T13:00:00,248.71033,Sistema
2023-03-13T14:00:00,248.71033,Sistema
2023-03-13T15:00:00,248.71033,Sistema
2023-03-13T16:00:00,248.71033,Sistema
2023-03-13T17:00:00,248.71033,Sistema
2023-03-13T18:00:00,248.71033,Sistema
2023-03-13T19:00:00,280.82133,Sistema
2023-03-13T20:00:00,280.82133,Sistema
2023-03-13T21:00:00,280.82133,Sistema
2023-03-13T22:00:00,248.71033,Sistema
2023-03-13T23:00:00,248.71033,Sistema
2023-03-13T24:00:00,239.71033,Sistema
2023-03-14T01:00:00,118.47771,Sistema
2023-03-14T02:00:00,118.47771,Sistema
2023-03-14T03:00:00,118.47771,Sistema
2023-03-14T04:00:00,118.47771,Sistema
2023-03-14T05:00:00,118.47771,Sistema
2023-03-14T06:00:00,120.31271,Sistema
2023-03-14T07:00:00,122.07471,Sistema
2023-03-14T08:00:00,151.68271,Sistema
2023-03-14T09:00:00,151.68271,Sistema
2023-03-14T10:00:00,231.79371,Sistema
2023-03-14T11:00:00,231.79371,Sistema
2023-03-14T12:00:00,231.79371,Sistema
2023-03-14T13:00:00,231.79371,Sistema
2023-03-14T14:00:00,231.79371,Sistema
2023-03-14T15:00:00,351.68271,Sistema
2023-03-14T16:00:00,231.79371,Sistema
2023-03-14T17:00:00,231.79371,Sistema
2023-03-14T18:00:00,231.79371,Sistema
2023-03-14T19:00:00,231.79371,Sistema
2023-03-14T20:00:00,231.79371,Sistema
2023-03-14T21:00:00,231.79371,Sistema
2023-03-14T22:00:00,231.79371,Sistema
2023-03-14T23:00:00,151.68271,Sistema
2023-03-14T24:00:00,151.68271,Sistema
2023-03-15T01:00:00,118.47339,Sistema
2023-03-15T02:00:00,118.47339,Sistema
2023-03-15T03:00:00,118.47239,Sistema
2023-03-15T04:00:00,116.63739,Sistema
2023-03-15T05:00:00,118.47239,Sistema
2023-03-15T06:00:00,119.84239,Sistema
2023-03-15T07:00:00,149.84239,Sistema
2023-03-15T08:00:00,149.84239,Sistema
2023-03-15T09:00:00,149.84239,Sistema
2023-03-15T10:00:00,149.84239,Sistema
2023-03-15T11:00:00,168.95339,Sistema
2023-03-15T12:00:00,168.95339,Sistema
2023-03-15T13:00:00,168.95339,Sistema
2023-03-15T14:00:00,168.95339,Sistema
2023-03-15T15:00:00,168.95339,Sistema
2023-03-15T16:00:00,168.95339,Sistema
2023-03-15T17:00:00,168.95339,Sistema
2023-03-15T18:00:00,168.95339,Sistema
2023-03-15T19:00:00,168.95339,Sistema
2023-03-15T20:00:00,369.84239,Sistema
2023-03-15T21:00:00,275.95339,Sistema
2023-03-15T22:00:00,168.95339,Sistema
2023-03-15T23:00:00,149.84239,Sistema
2023-03-15T24:00:00,149.84239,Sistema
2023-03-16T01:00:00,125.88096,Sistema
2023-03-16T02:00:00,124.99396,Sistema
2023-03-16T03:00:00,124.99396,Sistema
2023-03-16T04:00:00,124.99396,Sistema
2023-03-16T05:00:00,124.99396,Sistema
2023-03-16T06:00:00,125.48896,Sistema
2023-03-16T07:00:00,125.88096,Sistema
2023-03-16T08:00:00,140.48896,Sistema
2023-03-16T09:00:00,140.48896,Sistema
2023-03-16T10:00:00,195.98896,Sistema
2023-03-16T11:00:00,195.98896,Sistema
2023-03-16T12:00:00,195.98896,Sistema
2023-03-16T13:00:00,195.98896,Sistema
2023-03-16T14:00:00,195.98896,Sistema
2023-03-16T15:00:00,195.98896,Sistema
2023-03-16T16:00:00,195.98896,Sistema
2023-03-16T17:00:00,195.98896,Sistema
2023-03-16T18:00:00,195.98896,Sistema
2023-03-16T19:00:00,195.98896,Sistema
2023-03-16T20:00:00,305.48896,Sistema
2023-03-16T21:00:00,195.98896,Sistema
2023-03-16T22:00:00,195.98896,Sistema
2023-03-16T23:00:00,140.48896,Sistema
2023-03-16T24:00:00,140.48896,Sistema
2023-03-17T01:00:00,140.83575,Sistema
2023-03-17T02:00:00,147.83575,Sistema
2023-03-17T03:00:00,140.83575,Sistema
2023-03-17T04:00:00,140.83575,Sistema
2023-03-17T05:00:00,140.83575,Sistema
2023-03-17T06:00:00,147.83575,Sistema
2023-03-17T07:00:00,147.83575,Sistema
2023-03-17T08:00:00,147.83575,Sistema
2023-03-17T09:00:00,147.83575,Sistema
2023-03-17T10:00:00,232.83575,Sistema
2023-03-17T11:00:00,277.83575,Sistema
2023-03-17T12:00:00,283.53575,Sistema
2023-03-17T13:00:00,283.53575,Sistema
2023-03-17T14:00:00,283.53575,Sistema
2023-03-17T15:00:00,283.53575,Sistema
2023-03-17T16:00:00,283.53575,Sistema
2023-03-17T17:00:00,283.53575,Sistema
2023-03-17T18:00:00,277.83575,Sistema
2023-03-17T19:00:00,283.53575,Sistema
2023-03-17T20:00:00,283.53575,Sistema
2023-03-17T21:00:00,283.53575,Sistema
2023-03-17T22:00:00,277.83575,Sistema
2023-03-17T23:00:00,192.83575,Sistema
2023-03-17T24:00:00,147.83575,Sistema
2023-03-18T01:00:00,145.79135,Sistema
2023-03-18T02:00:00,145.79135,Sistema
2023-03-18T03:00:00,145.79135,Sistema
2023-03-18T04:00:00,145.79135,Sistema
2023-03-18T05:00:00,145.79135,Sistema
2023-03-18T06:00:00,145.79135,Sistema
2023-03-18T07:00:00,145.79135,Sistema
2023-03-18T08:00:00,145.79135,Sistema
2023-03-18T09:00:00,160.79135,Sistema
2023-03-18T10:00:00,190.79135,Sistema
2023-03-18T11:00:00,253.09135,Sistema
2023-03-18T12:00:00,253.09135,Sistema
2023-03-18T13:00:00,253.09135,Sistema
2023-03-18T14:00:00,253.09135,Sistema
2023-03-18T15:00:00,253.09135,Sistema
2023-03-18T16:00:00,253.09135,Sistema
2023-03-18T17:00:00,253.09135,Sistema
2023-03-18T18:00:00,253.09135,Sistema
2023-03-18T19:00:00,253.09135,Sistema
2023-03-18T20:00:00,275.79135,Sistema
2023-03-18T21:00:00,253.09135,Sistema
2023-03-18T22:00:00,253.09135,Sistema
2023-03-18T23:00:00,160.79135,Sistema
2023-03-18T24:00:00,145.79135,Sistema
2023-03-19T01:00:00,161.2956,Sistema
2023-03-19T02:00:00,161.2956,Sistema
2023-03-19T03:00:00,161.2956,Sistema
2023-03-19T04:00:00,161.2956,Sistema
2023-03-19T05:00:00,161.2956,Sistema
2023-03-19T06:00:00,161.2956,Sistema
2023-03-19T07:00:00,156.2956,Sistema
2023-03-19T08:00:00,161.2956,Sistema
2023-03-19T09:00:00,161.2956,Sistema
2023-03-19T10:00:00,161.2956,Sistema
2023-03-19T11:00:00,161.2956,Sistema
2023-03-19T12:00:00,161.2956,Sistema
2023-03-19T13:00:00,161.2956,Sistema
2023-03-19T14:00:00,161.2956,Sistema
2023-03-19T15:00:00,161.2956,Sistema
2023-03-19T16:00:00,161.2956,Sistema
2023-03-19T17:00:00,161.2956,Sistema
2023-03-19T18:00:00,161.2956,Sistema
2023-03-19T19:00:00,166.2956,Sistema
2023-03-19T20:00:00,216.5956,Sistema
2023-03-19T21:00:00,181.2956,Sistema
2023-03-19T22:00:00,166.2956,Sistema
2023-03-19T23:00:00,166.2956,Sistema
2023-03-19T24:00:00,161.2956,Sistema
2023-03-20T01:00:00,160.98521,Sistema
2023-03-20T02:00:00,160.98521,Sistema
2023-03-20T03:00:00,160.98521,Sistema
2023-03-20T04:00:00,160.98521,Sistema
2023-03-20T05:00:00,160.98521,Sistema
2023-03-20T06:00:00,160.98521,Sistema
2023-03-20T07:00:00,160.98521,Sistema
2023-03-20T08:00:00,160.98521,Sistema
2023-03-20T09:00:00,160.98521,Sistema
2023-03-20T10:00:00,233.58521,Sistema
2023-03-20T11:00:00,233.58521,Sistema
2023-03-20T12:00:00,233.58521,Sistema
2023-03-20T13:00:00,306.98521,Sistema
2023-03-20T14:00:00,277.98521,Sistema
2023-03-20T15:00:00,277.98521,Sistema
2023-03-20T16:00:00,284.56421,Sistema
2023-03-20T17:00:00,284.56421,Sistema
2023-03-20T18:00:00,277.98521,Sistema
2023-03-20T19:00:00,312.98521,Sistema
2023-03-20T20:00:00,312.98521,Sistema
2023-03-20T21:00:00,312.98521,Sistema
2023-03-20T22:00:00,312.98521,Sistema
2023-03-20T23:00:00,284.56421,Sistema
2023-03-20T24:00:00,233.58521,Sistema
2023-03-21T01:00:00,150.17404,Sistema
2023-03-21T02:00:00,150.17404,Sistema
2023-03-21T03:00:00,150.17404,Sistema
2023-03-21T04:00:00,150.17404,Sistema
2023-03-21T05:00:00,150.17404,Sistema
2023-03-21T06:00:00,275.17404,Sistema
2023-03-21T07:00:00,283.17404,Sistema
2023-03-21T08:00:00,283.17404,Sistema
2023-03-21T09:00:00,283.17404,Sistema
2023-03-21T10:00:00,283.17404,Sistema
2023-03-21T11:00:00,311.17404,Sistema
2023-03-21T12:00:00,350.17404,Sistema
2023-03-21T13:00:00,311.17404,Sistema
2023-03-21T14:00:00,350.17404,Sistema
2023-03-21T15:00:00,370.17404,Sistema
2023-03-21T16:00:00,370.17404,Sistema
2023-03-21T17:00:00,370.17404,Sistema
2023-03-21T18:00:00,370.17404,Sistema
2023-03-21T19:00:00,370.17404,Sistema
2023-03-21T20:00:00,370.17404,Sistema
2023-03-21T21:00:00,370.17404,Sistema
2023-03-21T22:00:00,350.17404,Sistema
2023-03-21T23:00:00,283.17404,Sistema
2023-03-21T24:00:00,283.17404,Sistema
2023-03-22T01:00:00,283.8619,Sistema
2023-03-22T02:00:00,283.8619,Sistema
2023-03-22T03:00:00,283.8619,Sistema
2023-03-22T04:00:00,283.8619,Sistema
2023-03-22T05:00:00,283.8619,Sistema
2023-03-22T06:00:00,283.8619,Sistema
2023-03-22T07:00:00,283.8619,Sistema
2023-03-22T08:00:00,283.8619,Sistema
2023-03-22T09:00:00,300.8619,Sistema
2023-03-22T10:00:00,300.8619,Sistema
2023-03-22T11:00:00,372.8619,Sistema
2023-03-22T12:00:00,380.8619,Sistema
2023-03-22T13:00:00,380.8619,Sistema
2023-03-22T14:00:00,380.8619,Sistema
2023-03-22T15:00:00,400.8619,Sistema
2023-03-22T16:00:00,410.8619,Sistema
2023-03-22T17:00:00,400.8619,Sistema
2023-03-22T18:00:00,380.8619,Sistema
2023-03-22T19:00:00,410.8619,Sistema
2023-03-22T20:00:00,410.8619,Sistema
2023-03-22T21:00:00,410.8619,Sistema
2023-03-22T22:00:00,400.8619,Sistema
2023-03-22T23:00:00,300.8619,Sistema
2023-03-22T24:00:00,283.8619,Sistema
2023-03-23T01:00:00,202.25312,Sistema
2023-03-23T02:00:00,202.25312,Sistema
2023-03-23T03:00:00,202.25312,Sistema
2023-03-23T04:00:00,202.25312,Sistema
2023-03-23T05:00:00,202.25312,Sistema
2023-03-23T06:00:00,285.23312,Sistema
2023-03-23T07:00:00,285.23312,Sistema
2023-03-23T08:00:00,322.25312,Sistema
2023-03-23T09:00:00,322.25312,Sistema
2023-03-23T10:00:00,322.25312,Sistema
2023-03-23T11:00:00,322.25312,Sistema
2023-03-23T12:00:00,327.25312,Sistema
2023-03-23T13:00:00,414.25312,Sistema
2023-03-23T14:00:00,327.25312,Sistema
2023-03-23T15:00:00,414.25312,Sistema
2023-03-23T16:00:00,414.25312,Sistema
2023-03-23T17:00:00,414.25312,Sistema
2023-03-23T18:00:00,327.25312,Sistema
2023-03-23T19:00:00,414.25312,Sistema
2023-03-23T20:00:00,414.25312,Sistema
2023-03-23T21:00:00,414.25312,Sistema
2023-03-23T22:00:00,327.25312,Sistema
2023-03-23T23:00:00,322.25312,Sistema
2023-03-23T24:00:00,322.25312,Sistema
2023-03-24T01:00:00,310.02252,Sistema
2023-03-24T02:00:00,305.78352,Sistema
2023-03-24T03:00:00,220.02252,Sistema
2023-03-24T04:00:00,220.02252,Sistema
2023-03-24T05:00:00,310.02252,Sistema
2023-03-24T06:00:00,310.02252,Sistema
2023-03-24T07:00:00,310.02252,Sistema
2023-03-24T08:00:00,310.02252,Sistema
2023-03-24T09:00:00,310.02252,Sistema
2023-03-24T10:00:00,324.02252,Sistema
2023-03-24T11:00:00,345.02252,Sistema
2023-03-24T12:00:00,350.02252,Sistema
2023-03-24T13:00:00,350.02252,Sistema
2023-03-24T14:00:00,350.02252,Sistema
2023-03-24T15:00:00,391.02252,Sistema
2023-03-24T16:00:00,415.02252,Sistema
2023-03-24T17:00:00,391.02252,Sistema
2023-03-24T18:00:00,324.02252,Sistema
2023-03-24T19:00:00,391.02252,Sistema
2023-03-24T20:00:00,391.02252,Sistema
2023-03-24T21:00:00,345.02252,Sistema
2023-03-24T22:00:00,310.02252,Sistema
2023-03-24T23:00:00,310.02252,Sistema
2023-03-24T24:00:00,310.02252,Sistema
2023-03-25T01:00:00,181.12297,Sistema
2023-03-25T02:00:00,181.12297,Sistema
2023-03-25T03:00:00,181.12297,Sistema
2023-03-25T04:00:00,181.12297,Sistema
2023-03-25T05:00:00,181.12297,Sistema
2023-03-25T06:00:00,181.12297,Sistema
2023-03-25T07:00:00,181.12297,Sistema
2023-03-25T08:00:00,226.12297,Sistema
2023-03-25T09:00:00,226.12297,Sistema
2023-03-25T10:00:00,226.12297,Sistema
2023-03-25T11:00:00,226.12297,Sistema
2023-03-25T12:00:00,281.10297,Sistema
2023-03-25T13:00:00,309.93597,Sistema
2023-03-25T14:00:00,281.10297,Sistema
2023-03-25T15:00:00,281.10297,Sistema
2023-03-25T16:00:00,282.70197,Sistema
2023-03-25T17:00:00,226.12297,Sistema
2023-03-25T18:00:00,226.12297,Sistema
2023-03-25T19:00:00,309.93597,Sistema
2023-03-25T20:00:00,309.93597,Sistema
2023-03-25T21:00:00,309.93597,Sistema
2023-03-25T22:00:00,226.12297,Sistema
2023-03-25T23:00:00,226.12297,Sistema
2023-03-25T24:00:00,226.12297,Sistema
2023-03-26T01:00:00,149.89765,Sistema
2023-03-26T02:00:00,149.89765,Sistema
2023-03-26T03:00:00,149.89765,Sistema
2023-03-26T04:00:00,149.89765,Sistema
2023-03-26T05:00:00,149.89765,Sistema
2023-03-26T06:00:00,149.89765,Sistema
2023-03-26T07:00:00,149.89765,Sistema
2023-03-26T08:00:00,149.89765,Sistema
2023-03-26T09:00:00,149.89765,Sistema
2023-03-26T10:00:00,149.89765,Sistema
2023-03-26T11:00:00,149.89765,Sistema
2023-03-26T12:00:00,174.89765,Sistema
2023-03-26T13:00:00,174.89765,Sistema
2023-03-26T14:00:00,174.89765,Sistema
2023-03-26T15:00:00,174.89765,Sistema
2023-03-26T16:00:00,174.89765,Sistema
2023-03-26T17:00:00,174.89765,Sistema
2023-03-26T18:00:00,174.89765,Sistema
2023-03-26T19:00:00,280.71065,Sistema
2023-03-26T20:00:00,298.89765,Sistema
2023-03-26T21:00:00,280.71065,Sistema
2023-03-26T22:00:00,280.71065,Sistema
2023-03-26T23:00:00,280.71065,Sistema
2023-03-26T24:00:00,174.89765,Sistema
2023-03-27T01:00:00,116.9526,Sistema
2023-03-27T02:00:00,116.9526,Sistema
2023-03-27T03:00:00,116.9526,Sistema
2023-03-27T04:00:00,116.9526,Sistema
2023-03-27T05:00:00,118.7876,Sistema
2023-03-27T06:00:00,119.2866,Sistema
2023-03-27T07:00:00,125.1576,Sistema
2023-03-27T08:00:00,125.1576,Sistema
2023-03-27T09:00:00,150.1576,Sistema
2023-03-27T10:00:00,150.1576,Sistema
2023-03-27T11:00:00,150.1576,Sistema
2023-03-27T12:00:00,250.1576,Sistema
2023-03-27T13:00:00,250.1576,Sistema
2023-03-27T14:00:00,250.1576,Sistema
2023-03-27T15:00:00,269.1576,Sistema
2023-03-27T16:00:00,269.1576,Sistema
2023-03-27T17:00:00,250.1576,Sistema
2023-03-27T18:00:00,150.1576,Sistema
2023-03-27T19:00:00,269.1576,Sistema
2023-03-27T20:00:00,269.1576,Sistema
2023-03-27T21:00:00,269.1576,Sistema
2023-03-27T22:00:00,150.1576,Sistema
2023-03-27T23:00:00,150.1576,Sistema
2023-03-27T24:00:00,125.1576,Sistema
2023-03-28T01:00:00,117.74166,Sistema
2023-03-28T02:00:00,117.74166,Sistema
2023-03-28T03:00:00,117.74166,Sistema
2023-03-28T04:00:00,117.74166,Sistema
2023-03-28T05:00:00,119.57666,Sistema
2023-03-28T06:00:00,150.94666,Sistema
2023-03-28T07:00:00,150.94666,Sistema
2023-03-28T08:00:00,150.94666,Sistema
2023-03-28T09:00:00,155.94666,Sistema
2023-03-28T10:00:00,200.94666,Sistema
2023-03-28T11:00:00,224.94666,Sistema
2023-03-28T12:00:00,350.94666,Sistema
2023-03-28T13:00:00,224.94666,Sistema
2023-03-28T14:00:00,224.94666,Sistema
2023-03-28T15:00:00,282.52566,Sistema
2023-03-28T16:00:00,350.94666,Sistema
2023-03-28T17:00:00,224.94666,Sistema
2023-03-28T18:00:00,155.94666,Sistema
2023-03-28T19:00:00,224.94666,Sistema
2023-03-28T20:00:00,224.94666,Sistema
2023-03-28T21:00:00,224.94666,Sistema
2023-03-28T22:00:00,155.94666,Sistema
2023-03-28T23:00:00,150.94666,Sistema
2023-03-28T24:00:00,150.94666,Sistema
2023-03-29T01:00:00,121.21402,Sistema
2023-03-29T02:00:00,121.21402,Sistema
2023-03-29T03:00:00,121.21402,Sistema
2023-03-29T04:00:00,121.21402,Sistema
2023-03-29T05:00:00,123.04902,Sistema
2023-03-29T06:00:00,123.04902,Sistema
2023-03-29T07:00:00,123.04902,Sistema
2023-03-29T08:00:00,123.05202,Sistema
2023-03-29T09:00:00,144.41902,Sistema
2023-03-29T10:00:00,159.41902,Sistema
2023-03-29T11:00:00,159.41902,Sistema
2023-03-29T12:00:00,159.41902,Sistema
2023-03-29T13:00:00,159.41902,Sistema
2023-03-29T14:00:00,159.41902,Sistema
2023-03-29T15:00:00,285.99802,Sistema
2023-03-29T16:00:00,354.41902,Sistema
2023-03-29T17:00:00,159.41902,Sistema
2023-03-29T18:00:00,159.41902,Sistema
2023-03-29T19:00:00,159.41902,Sistema
2023-03-29T20:00:00,159.41902,Sistema
2023-03-29T21:00:00,159.41902,Sistema
2023-03-29T22:00:00,144.41902,Sistema
2023-03-29T23:00:00,123.05102,Sistema
2023-03-29T24:00:00,123.04902,Sistema
2023-03-30T01:00:00,123.13207,Sistema
2023-03-30T02:00:00,123.13207,Sistema
2023-03-30T03:00:00,123.13207,Sistema
2023-03-30T04:00:00,123.13207,Sistema
2023-03-30T05:00:00,123.13207,Sistema
2023-03-30T06:00:00,123.13207,Sistema
2023-03-30T07:00:00,123.13207,Sistema
2023-03-30T08:00:00,124.49807,Sistema
2023-03-30T09:00:00,159.49807,Sistema
2023-03-30T10:00:00,159.49807,Sistema
2023-03-30T11:00:00,164.49807,Sistema
2023-03-30T12:00:00,284.49807,Sistema
2023-03-30T13:00:00,164.49807,Sistema
2023-03-30T14:00:00,164.49807,Sistema
2023-03-30T15:00:00,284.49807,Sistema
2023-03-30T16:00:00,284.49807,Sistema
2023-03-30T17:00:00,284.49807,Sistema
2023-03-30T18:00:00,164.49807,Sistema
2023-03-30T19:00:00,164.49807,Sistema
2023-03-30T20:00:00,164.49807,Sistema
2023-03-30T21:00:00,164.49807,Sistema
2023-03-30T22:00:00,164.49807,Sistema
2023-03-30T23:00:00,159.49807,Sistema
2023-03-30T24:00:00,123.93907,Sistema
2023-03-31T01:00:00,120.78342,Sistema
2023-03-31T02:00:00,120.78342,Sistema
2023-03-31T03:00:00,120.78342,Sistema
2023-03-31T04:00:00,120.78342,Sistema
2023-03-31T05:00:00,120.78342,Sistema
2023-03-31T06:00:00,120.78342,Sistema
2023-03-31T07:00:00,120.78342,Sistema
2023-03-31T08:00:00,121.51042,Sistema
2023-03-31T09:00:00,122.14942,Sistema
2023-03-31T10:00:00,167.14942,Sistema
2023-03-31T11:00:00,198.14942,Sistema
2023-03-31T12:00:00,198.14942,Sistema
2023-03-31T13:00:00,198.14942,Sistema
2023-03-31T14:00:00,198.14942,Sistema
2023-03-31T15:00:00,198.14942,Sistema
2023-03-31T16:00:00,198.14942,Sistema
2023-03-31T17:00:00,198.14942,Sistema
2023-03-31T18:00:00,198.14942,Sistema
2023-03-31T19:00:00,198.14942,Sistema
2023-03-31T20:00:00,198.14942,Sistema
2023-03-31T21:00:00,198.14942,Sistema
2023-03-31T22:00:00,198.14942,Sistema
2023-03-31T23:00:00,167.14942,Sistema
2023-03-31T24:00:00,121.51042,Sistema
2023-04-01T01:00:00,125.38493,Sistema
2023-04-01T02:00:00,125.38493,Sistema
2023-04-01T03:00:00,125.38493,Sistema
2023-04-01T04:00:00,125.38493,Sistema
2023-04-01T05:00:00,125.38493,Sistema
2023-04-01T06:00:00,125.38493,Sistema
2023-04-01T07:00:00,125.38493,Sistema
2023-04-01T08:00:00,126.43693,Sistema
2023-04-01T09:00:00,158.42993,Sistema
2023-04-01T10:00:00,158.42993,Sistema
2023-04-01T11:00:00,158.42993,Sistema
2023-04-01T12:00:00,168.42993,Sistema
2023-04-01T13:00:00,168.42993,Sistema
2023-04-01T14:00:00,158.42993,Sistema
2023-04-01T15:00:00,158.42993,Sistema
2023-04-01T16:00:00,158.42993,Sistema
2023-04-01T17:00:00,158.42993,Sistema
2023-04-01T18:00:00,158.42993,Sistema
2023-04-01T19:00:00,173.42993,Sistema
2023-04-01T20:00:00,173.42993,Sistema
2023-04-01T21:00:00,173.42993,Sistema
2023-04-01T22:00:00,158.42993,Sistema
2023-04-01T23:00:00,158.42993,Sistema
2023-04-01T24:00:00,158.42993,Sistema
2023-04-02T01:00:00,158.59891,Sistema
2023-04-02T02:00:00,158.59891,Sistema
2023-04-02T03:00:00,138.59891,Sistema
2023-04-02T04:00:00,138.59891,Sistema
2023-04-02T05:00:00,138.59891,Sistema
2023-04-02T06:00:00,138.59891,Sistema
2023-04-02T07:00:00,138.59891,Sistema
2023-04-02T08:00:00,138.59891,Sistema
2023-04-02T09:00:00,138.59891,Sistema
2023-04-02T10:00:00,158.59891,Sistema
2023-04-02T11:00:00,158.59891,Sistema
2023-04-02T12:00:00,158.59891,Sistema
2023-04-02T13:00:00,158.59891,Sistema
2023-04-02T14:00:00,158.59891,Sistema
2023-04-02T15:00:00,158.59891,Sistema
2023-04-02T16:00:00,158.59891,Sistema
2023-04-02T17:00:00,158.59891,Sistema
2023-04-02T18:00:00,158.59891,Sistema
2023-04-02T19:00:00,158.59891,Sistema
2023-04-02T20:00:00,169.59891,Sistema
2023-04-02T21:00:00,172.59891,Sistema
2023-04-02T22:00:00,169.59891,Sistema
2023-04-02T23:00:00,158.59891,Sistema
2023-04-02T24:00:00,158.59891,Sistema
2023-04-03T01:00:00,126.06757,Sistema
2023-04-03T02:00:00,126.06757,Sistema
2023-04-03T03:00:00,126.06757,Sistema
2023-04-03T04:00:00,124.87257,Sistema
2023-04-03T05:00:00,126.06757,Sistema
2023-04-03T06:00:00,126.06757,Sistema
2023-04-03T07:00:00,126.06757,Sistema
2023-04-03T08:00:00,137.06757,Sistema
2023-04-03T09:00:00,155.06757,Sistema
2023-04-03T10:00:00,157.06757,Sistema
2023-04-03T11:00:00,157.06757,Sistema
2023-04-03T12:00:00,157.06757,Sistema
2023-04-03T13:00:00,157.06757,Sistema
2023-04-03T14:00:00,157.06757,Sistema
2023-04-03T15:00:00,157.06757,Sistema
2023-04-03T16:00:00,157.06757,Sistema
2023-04-03T17:00:00,157.06757,Sistema
2023-04-03T18:00:00,157.06757,Sistema
2023-04-03T19:00:00,157.06757,Sistema
2023-04-03T20:00:00,167.06757,Sistema
2023-04-03T21:00:00,157.06757,Sistema
2023-04-03T22:00:00,157.06757,Sistema
2023-04-03T23:00:00,157.06757,Sistema
2023-04-03T24:00:00,155.06757,Sistema
2023-04-04T01:00:00,134.31334,Sistema
2023-04-04T02:00:00,134.31334,Sistema
2023-04-04T03:00:00,134.31334,Sistema
2023-04-04T04:00:00,134.31334,Sistema
2023-04-04T05:00:00,134.31334,Sistema
2023-04-04T06:00:00,135.31334,Sistema
2023-04-04T07:00:00,135.31334,Sistema
2023-04-04T08:00:00,135.31334,Sistema
2023-04-04T09:00:00,146.31334,Sistema
2023-04-04T10:00:00,146.31334,Sistema
2023-04-04T11:00:00,146.31334,Sistema
2023-04-04T12:00:00,153.31334,Sistema
2023-04-04T13:00:00,153.31334,Sistema
2023-04-04T14:00:00,153.31334,Sistema
2023-04-04T15:00:00,176.31334,Sistema
2023-04-04T16:00:00,176.31334,Sistema
2023-04-04T17:00:00,176.31334,Sistema
2023-04-04T18:00:00,146.31334,Sistema
2023-04-04T19:00:00,176.31334,Sistema
2023-04-04T20:00:00,176.31334,Sistema
2023-04-04T21:00:00,176.31334,Sistema
2023-04-04T22:00:00,146.31334,Sistema
2023-04-04T23:00:00,146.31334,Sistema
2023-04-04T24:00:00,135.31334,Sistema
2023-04-05T01:00:00,138.70576,Sistema
2023-04-05T02:00:00,138.70576,Sistema
2023-04-05T03:00:00,138.70576,Sistema
2023-04-05T04:00:00,138.70576,Sistema
2023-04-05T05:00:00,138.70576,Sistema
2023-04-05T06:00:00,138.70576,Sistema
2023-04-05T07:00:00,138.70576,Sistema
2023-04-05T08:00:00,139.20576,Sistema
2023-04-05T09:00:00,139.70576,Sistema
2023-04-05T10:00:00,147.70576,Sistema
2023-04-05T11:00:00,147.70576,Sistema
2023-04-05T12:00:00,147.70576,Sistema
2023-04-05T13:00:00,147.70576,Sistema
2023-04-05T14:00:00,147.70576,Sistema
2023-04-05T15:00:00,147.70576,Sistema
2023-04-05T16:00:00,147.70576,Sistema
2023-04-05T17:00:00,147.70576,Sistema
2023-04-05T18:00:00,147.70576,Sistema
2023-04-05T19:00:00,159.70576,Sistema
2023-04-05T20:00:00,159.70576,Sistema
2023-04-05T21:00:00,147.70576,Sistema
2023-04-05T22:00:00,147.70576,Sistema
2023-04-05T23:00:00,139.70576,Sistema
2023-04-05T24:00:00,139.20576,Sistema
2023-04-06T01:00:00,140.28526,Sistema
2023-04-06T02:00:00,140.28526,Sistema
2023-04-06T03:00:00,140.28526,Sistema
2023-04-06T04:00:00,140.28526,Sistema
2023-04-06T05:00:00,140.28526,Sistema
2023-04-06T06:00:00,140.28526,Sistema
2023-04-06T07:00:00,134.11026,Sistema
2023-04-06T08:00:00,140.28526,Sistema
2023-04-06T09:00:00,140.28526,Sistema
2023-04-06T10:00:00,140.28526,Sistema
2023-04-06T11:00:00,140.28526,Sistema
2023-04-06T12:00:00,140.28526,Sistema
2023-04-06T13:00:00,143.78526,Sistema
2023-04-06T14:00:00,140.28526,Sistema
2023-04-06T15:00:00,140.28526,Sistema
2023-04-06T16:00:00,140.28526,Sistema
2023-04-06T17:00:00,140.28526,Sistema
2023-04-06T18:00:00,140.28526,Sistema
2023-04-06T19:00:00,142.28526,Sistema
2023-04-06T20:00:00,143.78526,Sistema
2023-04-06T21:00:00,142.28526,Sistema
2023-04-06T22:00:00,143.78526,Sistema
2023-04-06T23:00:00,140.28526,Sistema
2023-04-06T24:00:00,140.28526,Sistema
2023-04-07T01:00:00,132.55494,Sistema
2023-04-07T02:00:00,132.55494,Sistema
2023-04-07T03:00:00,132.55494,Sistema
2023-04-07T04:00:00,132.55494,Sistema
2023-04-07T05:00:00,132.55494,Sistema
2023-04-07T06:00:00,132.55494,Sistema
2023-04-07T07:00:00,132.55494,Sistema
2023-04-07T08:00:00,132.55494,Sistema
2023-04-07T09:00:00,132.55494,Sistema
2023-04-07T10:00:00,132.55494,Sistema
2023-04-07T11:00:00,132.55494,Sistema
2023-04-07T12:00:00,132.55494,Sistema
2023-04-07T13:00:00,132.55494,Sistema
2023-04-07T14:00:00,132.55494,Sistema
2023-04-07T15:00:00,132.55494,Sistema
2023-04-07T16:00:00,132.55494,Sistema
2023-04-07T17:00:00,132.55494,Sistema
2023-04-07T18:00:00,132.55494,Sistema
2023-04-07T19:00:00,134.55494,Sistema
2023-04-07T20:00:00,147.66594,Sistema
2023-04-07T21:00:00,147.66594,Sistema
2023-04-07T22:00:00,134.55494,Sistema
2023-04-07T23:00:00,134.55494,Sistema
2023-04-07T24:00:00,132.55494,Sistema
2023-04-08T01:00:00,132.46391,Sistema
2023-04-08T02:00:00,132.46391,Sistema
2023-04-08T03:00:00,126.04291,Sistema
2023-04-08T04:00:00,124.03091,Sistema
2023-04-08T05:00:00,126.04291,Sistema
2023-04-08T06:00:00,126.04291,Sistema
2023-04-08T07:00:00,126.04291,Sistema
2023-04-08T08:00:00,133.96391,Sistema
2023-04-08T09:00:00,141.96391,Sistema
2023-04-08T10:00:00,148.96391,Sistema
2023-04-08T11:00:00,148.96391,Sistema
2023-04-08T12:00:00,148.96391,Sistema
2023-04-08T13:00:00,148.96391,Sistema
2023-04-08T14:00:00,148.96391,Sistema
2023-04-08T15:00:00,148.96391,Sistema
2023-04-08T16:00:00,148.96391,Sistema
2023-04-08T17:00:00,148.96391,Sistema
2023-04-08T18:00:00,148.96391,Sistema
2023-04-08T19:00:00,149.96391,Sistema
2023-04-08T20:00:00,149.96391,Sistema
2023-04-08T21:00:00,149.96391,Sistema
2023-04-08T22:00:00,148.96391,Sistema
2023-04-08T23:00:00,148.96391,Sistema
2023-04-08T24:00:00,148.96391,Sistema
2023-04-09T01:00:00,122.7981,Sistema
2023-04-09T02:00:00,122.7981,Sistema
2023-04-09T03:00:00,122.7961,Sistema
2023-04-09T04:00:00,122.7961,Sistema
2023-04-09T05:00:00,122.7311,Sistema
2023-04-09T06:00:00,122.7311,Sistema
2023-04-09T07:00:00,122.7311,Sistema
2023-04-09T08:00:00,122.7311,Sistema
2023-04-09T09:00:00,122.7981,Sistema
2023-04-09T10:00:00,122.7991,Sistema
2023-04-09T11:00:00,125.0451,Sistema
2023-04-09T12:00:00,131.2311,Sistema
2023-04-09T13:00:00,140.7311,Sistema
2023-04-09T14:00:00,140.7311,Sistema
2023-04-09T15:00:00,140.7311,Sistema
2023-04-09T16:00:00,140.7311,Sistema
2023-04-09T17:00:00,140.7311,Sistema
2023-04-09T18:00:00,140.7311,Sistema
2023-04-09T19:00:00,143.8421,Sistema
2023-04-09T20:00:00,147.7311,Sistema
2023-04-09T21:00:00,147.7311,Sistema
2023-04-09T22:00:00,143.8421,Sistema
2023-04-09T23:00:00,143.8421,Sistema
2023-04-09T24:00:00,140.7311,Sistema
2023-04-10T01:00:00,125.35689,Sistema
2023-04-10T02:00:00,125.35689,Sistema
2023-04-10T03:00:00,125.35689,Sistema
2023-04-10T04:00:00,125.35689,Sistema
2023-04-10T05:00:00,132.85689,Sistema
2023-04-10T06:00:00,132.85689,Sistema
2023-04-10T07:00:00,132.85689,Sistema
2023-04-10T08:00:00,132.85689,Sistema
2023-04-10T09:00:00,141.85689,Sistema
2023-04-10T10:00:00,148.85789,Sistema
2023-04-10T11:00:00,148.85789,Sistema
2023-04-10T12:00:00,148.85789,Sistema
2023-04-10T13:00:00,151.85689,Sistema
2023-04-10T14:00:00,151.85689,Sistema
2023-04-10T15:00:00,151.85689,Sistema
2023-04-10T16:00:00,156.85689,Sistema
2023-04-10T17:00:00,166.85689,Sistema
2023-04-10T18:00:00,148.85789,Sistema
2023-04-10T19:00:00,156.85689,Sistema
2023-04-10T20:00:00,156.85689,Sistema
2023-04-10T21:00:00,156.85689,Sistema
2023-04-10T22:00:00,148.85789,Sistema
2023-04-10T23:00:00,141.85689,Sistema
2023-04-10T24:00:00,132.85689,Sistema
2023-04-11T01:00:00,132.45748,Sistema
2023-04-11T02:00:00,132.45748,Sistema
2023-04-11T03:00:00,132.45748,Sistema
2023-04-11T04:00:00,132.45748,Sistema
2023-04-11T05:00:00,132.45748,Sistema
2023-04-11T06:00:00,133.45748,Sistema
2023-04-11T07:00:00,133.45748,Sistema
2023-04-11T08:00:00,133.45748,Sistema
2023-04-11T09:00:00,133.45748,Sistema
2023-04-11T10:00:00,133.45748,Sistema
2023-04-11T11:00:00,156.45748,Sistema
2023-04-11T12:00:00,156.45748,Sistema
2023-04-11T13:00:00,156.45748,Sistema
2023-04-11T14:00:00,156.45748,Sistema
2023-04-11T15:00:00,166.45748,Sistema
2023-04-11T16:00:00,166.45748,Sistema
2023-04-11T17:00:00,156.45748,Sistema
2023-04-11T18:00:00,156.45748,Sistema
2023-04-11T19:00:00,166.45748,Sistema
2023-04-11T20:00:00,166.45748,Sistema
2023-04-11T21:00:00,156.45748,Sistema
2023-04-11T22:00:00,133.45748,Sistema
2023-04-11T23:00:00,132.45748,Sistema
2023-04-11T24:00:00,132.45748,Sistema
2023-04-12T01:00:00,132.57472,Sistema
2023-04-12T02:00:00,133.57472,Sistema
2023-04-12T03:00:00,133.57472,Sistema
2023-04-12T04:00:00,132.57472,Sistema
2023-04-12T05:00:00,133.57472,Sistema
2023-04-12T06:00:00,144.57472,Sistema
2023-04-12T07:00:00,144.57472,Sistema
2023-04-12T08:00:00,295.57472,Sistema
2023-04-12T09:00:00,313.27972,Sistema
2023-04-12T10:00:00,295.57472,Sistema
2023-04-12T11:00:00,205.57472,Sistema
2023-04-12T12:00:00,295.57472,Sistema
2023-04-12T13:00:00,295.57472,Sistema
2023-04-12T14:00:00,295.57472,Sistema
2023-04-12T15:00:00,455.57472,Sistema
2023-04-12T16:00:00,455.57472,Sistema
2023-04-12T17:00:00,455.57472,Sistema
2023-04-12T18:00:00,205.57472,Sistema
2023-04-12T19:00:00,295.57472,Sistema
2023-04-12T20:00:00,455.57472,Sistema
2023-04-12T21:00:00,355.57472,Sistema
2023-04-12T22:00:00,205.57472,Sistema
2023-04-12T23:00:00,205.57472,Sistema
2023-04-12T24:00:00,144.57472,Sistema
2023-04-13T01:00:00,133.59758,Sistema
2023-04-13T02:00:00,133.59758,Sistema
2023-04-13T03:00:00,133.59758,Sistema
2023-04-13T04:00:00,133.59758,Sistema
2023-04-13T05:00:00,133.59758,Sistema
2023-04-13T06:00:00,146.59758,Sistema
2023-04-13T07:00:00,146.59758,Sistema
2023-04-13T08:00:00,209.59758,Sistema
2023-04-13T09:00:00,209.59758,Sistema
2023-04-13T10:00:00,209.59758,Sistema
2023-04-13T11:00:00,210.59758,Sistema
2023-04-13T12:00:00,306.59758,Sistema
2023-04-13T13:00:00,306.59758,Sistema
2023-04-13T14:00:00,296.59758,Sistema
2023-04-13T15:00:00,366.59758,Sistema
2023-04-13T16:00:00,466.59758,Sistema
2023-04-13T17:00:00,366.59758,Sistema
2023-04-13T18:00:00,296.59758,Sistema
2023-04-13T19:00:00,306.59758,Sistema
2023-04-13T20:00:00,366.59758,Sistema
2023-04-13T21:00:00,306.59758,Sistema
2023-04-13T22:00:00,210.59758,Sistema
2023-04-13T23:00:00,209.59758,Sistema
2023-04-13T24:00:00,209.59758,Sistema
2023-04-14T01:00:00,137.6655,Sistema
2023-04-14T02:00:00,137.6655,Sistema
2023-04-14T03:00:00,137.6655,Sistema
2023-04-14T04:00:00,137.6655,Sistema
2023-04-14T05:00:00,137.6655,Sistema
2023-04-14T06:00:00,151.6655,Sistema
2023-04-14T07:00:00,151.6655,Sistema
2023-04-14T08:00:00,205.6655,Sistema
2023-04-14T09:00:00,205.6655,Sistema
2023-04-14T10:00:00,205.6655,Sistema
2023-04-14T11:00:00,292.1005,Sistema
2023-04-14T12:00:00,301.6655,Sistema
2023-04-14T13:00:00,301.6655,Sistema
2023-04-14T14:00:00,301.6655,Sistema
2023-04-14T15:00:00,486.6655,Sistema
2023-04-14T16:00:00,486.6655,Sistema
2023-04-14T17:00:00,386.6655,Sistema
2023-04-14T18:00:00,205.6655,Sistema
2023-04-14T19:00:00,301.6655,Sistema
2023-04-14T20:00:00,301.6655,Sistema
2023-04-14T21:00:00,292.1005,Sistema
2023-04-14T22:00:00,205.6655,Sistema
2023-04-14T23:00:00,205.6655,Sistema
2023-04-14T24:00:00,205.6655,Sistema
2023-04-15T01:00:00,192.30566,Sistema
2023-04-15T02:00:00,192.30566,Sistema
2023-04-15T03:00:00,192.30566,Sistema
2023-04-15T04:00:00,192.30566,Sistema
2023-04-15T05:00:00,192.30566,Sistema
2023-04-15T06:00:00,192.30566,Sistema
2023-04-15T07:00:00,192.30566,Sistema
2023-04-15T08:00:00,192.30566,Sistema
2023-04-15T09:00:00,211.19166,Sistema
2023-04-15T10:00:00,215.19166,Sistema
2023-04-15T11:00:00,216.19166,Sistema
2023-04-15T12:00:00,216.19166,Sistema
2023-04-15T13:00:00,216.19166,Sistema
2023-04-15T14:00:00,216.19166,Sistema
2023-04-15T15:00:00,216.19166,Sistema
2023-04-15T16:00:00,216.19166,Sistema
2023-04-15T17:00:00,216.19166,Sistema
2023-04-15T18:00:00,216.19166,Sistema
2023-04-15T19:00:00,301.19166,Sistema
2023-04-15T20:00:00,301.19166,Sistema
2023-04-15T21:00:00,216.19166,Sistema
2023-04-15T22:00:00,215.19166,Sistema
2023-04-15T23:00:00,211.19166,Sistema
2023-04-15T24:00:00,211.19166,Sistema
2023-04-16T01:00:00,211.25631,Sistema
2023-04-16T02:00:00,211.25631,Sistema
2023-04-16T03:00:00,211.25631,Sistema
2023-04-16T04:00:00,211.25631,Sistema
2023-04-16T05:00:00,211.25631,Sistema
2023-04-16T06:00:00,210.14231,Sistema
2023-04-16T07:00:00,210.14231,Sistema
2023-04-16T08:00:00,210.14231,Sistema
2023-04-16T09:00:00,210.14231,Sistema
2023-04-16T10:00:00,211.25631,Sistema
2023-04-16T11:00:00,211.25631,Sistema
2023-04-16T12:00:00,211.25631,Sistema
2023-04-16T13:00:00,214.14231,Sistema
2023-04-16T14:00:00,214.14231,Sistema
2023-04-16T15:00:00,211.25631,Sistema
2023-04-16T16:00:00,211.25631,Sistema
2023-04-16T17:00:00,211.25631,Sistema
2023-04-16T18:00:00,214.14231,Sistema
2023-04-16T19:00:00,214.14231,Sistema
2023-04-16T20:00:00,214.14231,Sistema
2023-04-16T21:00:00,214.14231,Sistema
2023-04-16T22:00:00,214.14231,Sistema
2023-04-16T23:00:00,214.14231,Sistema
2023-04-16T24:00:00,211.25631,Sistema
2023-04-17T01:00:00,217.07358,Sistema
2023-04-17T02:00:00,217.07358,Sistema
2023-04-17T03:00:00,217.07358,Sistema
2023-04-17T04:00:00,217.07358,Sistema
2023-04-17T05:00:00,217.07358,Sistema
2023-04-17T06:00:00,259.07358,Sistema
2023-04-17T07:00:00,259.07358,Sistema
2023-04-17T08:00:00,289.07358,Sistema
2023-04-17T09:00:00,299.07358,Sistema
2023-04-17T10:00:00,299.07358,Sistema
2023-04-17T11:00:00,300.18758,Sistema
2023-04-17T12:00:00,300.18758,Sistema
2023-04-17T13:00:00,449.07358,Sistema
2023-04-17T14:00:00,319.07358,Sistema
2023-04-17T15:00:00,319.07358,Sistema
2023-04-17T16:00:00,319.07358,Sistema
2023-04-17T17:00:00,300.18758,Sistema
2023-04-17T18:00:00,300.18758,Sistema
2023-04-17T19:00:00,319.07358,Sistema
2023-04-17T20:00:00,449.07358,Sistema
2023-04-17T21:00:00,319.07358,Sistema
2023-04-17T22:00:00,300.18758,Sistema
2023-04-17T23:00:00,299.07358,Sistema
2023-04-17T24:00:00,299.07358,Sistema
2023-04-18T01:00:00,284.63008,Sistema
2023-04-18T02:00:00,284.63008,Sistema
2023-04-18T03:00:00,269.74408,Sistema
2023-04-18T04:00:00,269.74408,Sistema
2023-04-18T05:00:00,284.63008,Sistema
2023-04-18T06:00:00,285.13008,Sistema
2023-04-18T07:00:00,285.13008,Sistema
2023-04-18T08:00:00,285.13008,Sistema
2023-04-18T09:00:00,294.63008,Sistema
2023-04-18T10:00:00,294.63008,Sistema
2023-04-18T11:00:00,304.63008,Sistema
2023-04-18T12:00:00,304.63008,Sistema
2023-04-18T13:00:00,304.63008,Sistema
2023-04-18T14:00:00,294.63008,Sistema
2023-04-18T15:00:00,304.63008,Sistema
2023-04-18T16:00:00,304.63008,Sistema
2023-04-18T17:00:00,294.63008,Sistema
2023-04-18T18:00:00,285.13008,Sistema
2023-04-18T19:00:00,294.63008,Sistema
2023-04-18T20:00:00,294.63008,Sistema
2023-04-18T21:00:00,294.63008,Sistema
2023-04-18T22:00:00,294.63008,Sistema
2023-04-18T23:00:00,285.13008,Sistema
2023-04-18T24:00:00,285.13008,Sistema
2023-04-19T01:00:00,214.87265,Sistema
2023-04-19T02:00:00,214.87265,Sistema
2023-04-19T03:00:00,214.87265,Sistema
2023-04-19T04:00:00,214.87265,Sistema
2023-04-19T05:00:00,229.87265,Sistema
2023-04-19T06:00:00,255.37265,Sistema
2023-04-19T07:00:00,255.37265,Sistema
2023-04-19T08:00:00,255.37265,Sistema
2023-04-19T09:00:00,255.37265,Sistema
2023-04-19T10:00:00,255.37265,Sistema
2023-04-19T11:00:00,265.37265,Sistema
2023-04-19T12:00:00,284.87265,Sistema
2023-04-19T13:00:00,284.87265,Sistema
2023-04-19T14:00:00,284.87265,Sistema
2023-04-19T15:00:00,304.87265,Sistema
2023-04-19T16:00:00,304.87265,Sistema
2023-04-19T17:00:00,284.87265,Sistema
2023-04-19T18:00:00,255.37265,Sistema
2023-04-19T19:00:00,284.87265,Sistema
2023-04-19T20:00:00,304.87265,Sistema
2023-04-19T21:00:00,304.87265,Sistema
2023-04-19T22:00:00,255.37265,Sistema
2023-04-19T23:00:00,255.37265,Sistema
2023-04-19T24:00:00,255.37265,Sistema
2023-04-20T01:00:00,285.16792,Sistema
2023-04-20T02:00:00,285.16792,Sistema
2023-04-20T03:00:00,274.66792,Sistema
2023-04-20T04:00:00,274.66792,Sistema
2023-04-20T05:00:00,274.66792,Sistema
2023-04-20T06:00:00,299.66792,Sistema
2023-04-20T07:00:00,299.66792,Sistema
2023-04-20T08:00:00,304.16792,Sistema
2023-04-20T09:00:00,304.16792,Sistema
2023-04-20T10:00:00,304.78192,Sistema
2023-04-20T11:00:00,304.78192,Sistema
2023-04-20T12:00:00,304.78192,Sistema
2023-04-20T13:00:00,304.78192,Sistema
2023-04-20T14:00:00,304.78192,Sistema
2023-04-20T15:00:00,304.78192,Sistema
2023-04-20T16:00:00,334.66792,Sistema
2023-04-20T17:00:00,304.78192,Sistema
2023-04-20T18:00:00,304.78192,Sistema
2023-04-20T19:00:00,334.66792,Sistema
2023-04-20T20:00:00,334.66792,Sistema
2023-04-20T21:00:00,334.66792,Sistema
2023-04-20T22:00:00,304.78192,Sistema
2023-04-20T23:00:00,304.16792,Sistema
2023-04-20T24:00:00,304.16792,Sistema
2023-04-21T01:00:00,307.76163,Sistema
2023-04-21T02:00:00,307.76163,Sistema
2023-04-21T03:00:00,307.76163,Sistema
2023-04-21T04:00:00,295.76163,Sistema
2023-04-21T05:00:00,295.76163,Sistema
2023-04-21T06:00:00,305.76163,Sistema
2023-04-21T07:00:00,305.76163,Sistema
2023-04-21T08:00:00,307.76163,Sistema
2023-04-21T09:00:00,324.26163,Sistema
2023-04-21T10:00:00,324.26163,Sistema
2023-04-21T11:00:00,324.26163,Sistema
2023-04-21T12:00:00,324.26163,Sistema
2023-04-21T13:00:00,324.26163,Sistema
2023-04-21T14:00:00,324.26163,Sistema
2023-04-21T15:00:00,345.76163,Sistema
2023-04-21T16:00:00,345.76163,Sistema
2023-04-21T17:00:00,345.76163,Sistema
2023-04-21T18:00:00,324.26163,Sistema
2023-04-21T19:00:00,324.26163,Sistema
2023-04-21T20:00:00,345.76163,Sistema
2023-04-21T21:00:00,324.26163,Sistema
2023-04-21T22:00:00,324.26163,Sistema
2023-04-21T23:00:00,307.76163,Sistema
2023-04-21T24:00:00,305.76163,Sistema
2023-04-22T01:00:00,326.86112,Sistema
2023-04-22T02:00:00,327.36112,Sistema
2023-04-22T03:00:00,326.86112,Sistema
2023-04-22T04:00:00,326.86112,Sistema
2023-04-22T05:00:00,326.86112,Sistema
2023-04-22T06:00:00,326.86112,Sistema
2023-04-22T07:00:00,327.36112,Sistema
2023-04-22T08:00:00,326.86112,Sistema
2023-04-22T09:00:00,326.86112,Sistema
2023-04-22T10:00:00,327.36112,Sistema
2023-04-22T11:00:00,338.36112,Sistema
2023-04-22T12:00:00,338.36112,Sistema
2023-04-22T13:00:00,338.36112,Sistema
2023-04-22T14:00:00,338.36112,Sistema
2023-04-22T15:00:00,338.36112,Sistema
2023-04-22T16:00:00,338.36112,Sistema
2023-04-22T17:00:00,338.36112,Sistema
2023-04-22T18:00:00,338.36112,Sistema
2023-04-22T19:00:00,348.36112,Sistema
2023-04-22T20:00:00,363.36112,Sistema
2023-04-22T21:00:00,348.36112,Sistema
2023-04-22T22:00:00,338.36112,Sistema
2023-04-22T23:00:00,326.86112,Sistema
2023-04-22T24:00:00,326.86112,Sistema
2023-04-23T01:00:00,336.80088,Sistema
2023-04-23T02:00:00,336.80088,Sistema
2023-04-23T03:00:00,336.80088,Sistema
2023-04-23T04:00:00,331.80088,Sistema
2023-04-23T05:00:00,331.80088,Sistema
2023-04-23T06:00:00,325.80088,Sistema
2023-04-23T07:00:00,320.80088,Sistema
2023-04-23T08:00:00,331.80088,Sistema
2023-04-23T09:00:00,331.80088,Sistema
2023-04-23T10:00:00,336.80088,Sistema
2023-04-23T11:00:00,336.80088,Sistema
2023-04-23T12:00:00,347.80088,Sistema
2023-04-23T13:00:00,347.80088,Sistema
2023-04-23T14:00:00,347.80088,Sistema
2023-04-23T15:00:00,347.80088,Sistema
2023-04-23T16:00:00,347.80088,Sistema
2023-04-23T17:00:00,347.80088,Sistema
2023-04-23T18:00:00,347.80088,Sistema
2023-04-23T19:00:00,347.80088,Sistema
2023-04-23T20:00:00,359.30088,Sistema
2023-04-23T21:00:00,347.80088,Sistema
2023-04-23T22:00:00,347.80088,Sistema
2023-04-23T23:00:00,347.80088,Sistema
2023-04-23T24:00:00,347.80088,Sistema
2023-04-24T01:00:00,319.72124,Sistema
2023-04-24T02:00:00,319.72124,Sistema
2023-04-24T03:00:00,319.72124,Sistema
2023-04-24T04:00:00,319.72124,Sistema
2023-04-24T05:00:00,319.72124,Sistema
2023-04-24T06:00:00,319.72124,Sistema
2023-04-24T07:00:00,319.72124,Sistema
2023-04-24T08:00:00,340.22124,Sistema
2023-04-24T09:00:00,340.22124,Sistema
2023-04-24T10:00:00,340.22124,Sistema
2023-04-24T11:00:00,357.72124,Sistema
2023-04-24T12:00:00,357.72124,Sistema
2023-04-24T13:00:00,357.72124,Sistema
2023-04-24T14:00:00,357.72124,Sistema
2023-04-24T15:00:00,357.72124,Sistema
2023-04-24T16:00:00,360.22124,Sistema
2023-04-24T17:00:00,357.72124,Sistema
2023-04-24T18:00:00,357.72124,Sistema
2023-04-24T19:00:00,360.22124,Sistema
2023-04-24T20:00:00,360.22124,Sistema
2023-04-24T21:00:00,360.22124,Sistema
2023-04-24T22:00:00,357.72124,Sistema
2023-04-24T23:00:00,340.22124,Sistema
2023-04-24T24:00:00,340.22124,Sistema
2023-04-25T01:00:00,317.6695,Sistema
2023-04-25T02:00:00,317.6695,Sistema
2023-04-25T03:00:00,317.6695,Sistema
2023-04-25T04:00:00,317.6695,Sistema
2023-04-25T05:00:00,317.6695,Sistema
2023-04-25T06:00:00,317.6695,Sistema
2023-04-25T07:00:00,317.6695,Sistema
2023-04-25T08:00:00,323.6695,Sistema
2023-04-25T09:00:00,338.6695,Sistema
2023-04-25T10:00:00,338.6695,Sistema
2023-04-25T11:00:00,343.6695,Sistema
2023-04-25T12:00:00,343.6695,Sistema
2023-04-25T13:00:00,343.6695,Sistema
2023-04-25T14:00:00,343.6695,Sistema
2023-04-25T15:00:00,343.6695,Sistema
2023-04-25T16:00:00,343.6695,Sistema
2023-04-25T17:00:00,343.6695,Sistema
2023-04-25T18:00:00,343.6695,Sistema
2023-04-25T19:00:00,343.6695,Sistema
2023-04-25T20:00:00,343.6695,Sistema
2023-04-25T21:00:00,343.6695,Sistema
2023-04-25T22:00:00,343.6695,Sistema
2023-04-25T23:00:00,338.6695,Sistema
2023-04-25T24:00:00,323.6695,Sistema
2023-04-26T01:00:00,293.7525,Sistema
2023-04-26T02:00:00,293.7525,Sistema
2023-04-26T03:00:00,293.7525,Sistema
2023-04-26T04:00:00,293.7525,Sistema
2023-04-26T05:00:00,293.7525,Sistema
2023-04-26T06:00:00,317.2525,Sistema
2023-04-26T07:00:00,317.2525,Sistema
2023-04-26T08:00:00,317.7525,Sistema
2023-04-26T09:00:00,317.7525,Sistema
2023-04-26T10:00:00,317.7525,Sistema
2023-04-26T11:00:00,321.7525,Sistema
2023-04-26T12:00:00,340.9525,Sistema
2023-04-26T13:00:00,340.9525,Sistema
2023-04-26T14:00:00,340.9525,Sistema
2023-04-26T15:00:00,340.9525,Sistema
2023-04-26T16:00:00,340.9525,Sistema
2023-04-26T17:00:00,340.9525,Sistema
2023-04-26T18:00:00,340.9525,Sistema
2023-04-26T19:00:00,340.9525,Sistema
2023-04-26T20:00:00,342.7525,Sistema
2023-04-26T21:00:00,340.9525,Sistema
2023-04-26T22:00:00,340.9525,Sistema
2023-04-26T23:00:00,321.7525,Sistema
2023-04-26T24:00:00,317.7525,Sistema
2023-04-27T01:00:00,126.65328,Sistema
2023-04-27T02:00:00,127.82828,Sistema
2023-04-27T03:00:00,127.82828,Sistema
2023-04-27T04:00:00,127.82828,Sistema
2023-04-27T05:00:00,127.82828,Sistema
2023-04-27T06:00:00,128.82928,Sistema
2023-04-27T07:00:00,128.82928,Sistema
2023-04-27T08:00:00,258.82828,Sistema
2023-04-27T09:00:00,258.82828,Sistema
2023-04-27T10:00:00,258.82828,Sistema
2023-04-27T11:00:00,308.82828,Sistema
2023-04-27T12:00:00,316.32828,Sistema
2023-04-27T13:00:00,308.82828,Sistema
2023-04-27T14:00:00,308.82828,Sistema
2023-04-27T15:00:00,329.82828,Sistema
2023-04-27T16:00:00,329.82828,Sistema
2023-04-27T17:00:00,308.82828,Sistema
2023-04-27T18:00:00,308.82828,Sistema
2023-04-27T19:00:00,316.32828,Sistema
2023-04-27T20:00:00,329.82828,Sistema
2023-04-27T21:00:00,316.32828,Sistema
2023-04-27T22:00:00,308.82828,Sistema
2023-04-27T23:00:00,258.82828,Sistema
2023-04-27T24:00:00,258.82828,Sistema
2023-04-28T01:00:00,223.58584,Sistema
2023-04-28T02:00:00,223.58584,Sistema
2023-04-28T03:00:00,223.58584,Sistema
2023-04-28T04:00:00,223.58584,Sistema
2023-04-28T05:00:00,223.58584,Sistema
2023-04-28T06:00:00,223.58584,Sistema
2023-04-28T07:00:00,223.58584,Sistema
2023-04-28T08:00:00,224.58584,Sistema
2023-04-28T09:00:00,266.48584,Sistema
2023-04-28T10:00:00,266.48584,Sistema
2023-04-28T11:00:00,266.48584,Sistema
2023-04-28T12:00:00,266.48584,Sistema
2023-04-28T13:00:00,266.48584,Sistema
2023-04-28T14:00:00,266.48584,Sistema
2023-04-28T15:00:00,266.48584,Sistema
2023-04-28T16:00:00,318.58584,Sistema
2023-04-28T17:00:00,266.48584,Sistema
2023-04-28T18:00:00,266.48584,Sistema
2023-04-28T19:00:00,266.48584,Sistema
2023-04-28T20:00:00,318.58584,Sistema
2023-04-28T21:00:00,266.48584,Sistema
2023-04-28T22:00:00,266.48584,Sistema
2023-04-28T23:00:00,266.48584,Sistema
2023-04-28T24:00:00,224.58584,Sistema
2023-04-29T01:00:00,125.72045,Sistema
2023-04-29T02:00:00,126.99345,Sistema
2023-04-29T03:00:00,126.99345,Sistema
2023-04-29T04:00:00,125.71945,Sistema
2023-04-29T05:00:00,125.71945,Sistema
2023-04-29T06:00:00,125.81845,Sistema
2023-04-29T07:00:00,125.72045,Sistema
2023-04-29T08:00:00,126.99345,Sistema
2023-04-29T09:00:00,214.09345,Sistema
2023-04-29T10:00:00,214.09345,Sistema
2023-04-29T11:00:00,214.09345,Sistema
2023-04-29T12:00:00,221.99345,Sistema
2023-04-29T13:00:00,221.99345,Sistema
2023-04-29T14:00:00,214.09345,Sistema
2023-04-29T15:00:00,214.09345,Sistema
2023-04-29T16:00:00,214.09345,Sistema
2023-04-29T17:00:00,214.09345,Sistema
2023-04-29T18:00:00,214.09345,Sistema
2023-04-29T19:00:00,226.99345,Sistema
2023-04-29T20:00:00,226.99345,Sistema
2023-04-29T21:00:00,226.99345,Sistema
2023-04-29T22:00:00,214.09345,Sistema
2023-04-29T23:00:00,214.09345,Sistema
2023-04-29T24:00:00,214.09345,Sistema
2023-04-30T01:00:00,209.62109,Sistema
2023-04-30T02:00:00,209.62109,Sistema
2023-04-30T03:00:00,209.62109,Sistema
2023-04-30T04:00:00,209.62109,Sistema
2023-04-30T05:00:00,209.62109,Sistema
2023-04-30T06:00:00,209.62109,Sistema
2023-04-30T07:00:00,209.62109,Sistema
2023-04-30T08:00:00,209.62109,Sistema
2023-04-30T09:00:00,209.62109,Sistema
2023-04-30T10:00:00,209.62109,Sistema
2023-04-30T11:00:00,209.62109,Sistema
2023-04-30T12:00:00,209.62109,Sistema
2023-04-30T13:00:00,212.72109,Sistema
2023-04-30T14:00:00,209.62109,Sistema
2023-04-30T15:00:00,209.62109,Sistema
2023-04-30T16:00:00,209.62109,Sistema
2023-04-30T17:00:00,209.62109,Sistema
2023-04-30T18:00:00,209.62109,Sistema
2023-04-30T19:00:00,218.02109,Sistema
2023-04-30T20:00:00,218.02109,Sistema
2023-04-30T21:00:00,218.02109,Sistema
2023-04-30T22:00:00,218.02109,Sistema
2023-04-30T23:00:00,212.72109,Sistema
2023-04-30T24:00:00,209.62109,Sistema
2023-05-01T01:00:00,126.01557,Sistema
2023-05-01T02:00:00,126.01557,Sistema
2023-05-01T03:00:00,126.01557,Sistema
2023-05-01T04:00:00,126.01557,Sistema
2023-05-01T05:00:00,126.01557,Sistema
2023-05-01T06:00:00,126.01557,Sistema
2023-05-01T07:00:00,126.01557,Sistema
2023-05-01T08:00:00,126.01557,Sistema
2023-05-01T09:00:00,126.01557,Sistema
2023-05-01T10:00:00,221.11557,Sistema
2023-05-01T11:00:00,221.11557,Sistema
2023-05-01T12:00:00,221.11557,Sistema
2023-05-01T13:00:00,221.11557,Sistema
2023-05-01T14:00:00,221.11557,Sistema
2023-05-01T15:00:00,221.11557,Sistema
2023-05-01T16:00:00,221.11557,Sistema
2023-05-01T17:00:00,221.11557,Sistema
2023-05-01T18:00:00,221.11557,Sistema
2023-05-01T19:00:00,242.01557,Sistema
2023-05-01T20:00:00,245.31557,Sistema
2023-05-01T21:00:00,245.31557,Sistema
2023-05-01T22:00:00,242.01557,Sistema
2023-05-01T23:00:00,221.11557,Sistema
2023-05-01T24:00:00,221.11557,Sistema
2023-05-02T01:00:00,173.04189,Sistema
2023-05-02T02:00:00,115.14189,Sistema
2023-05-02T03:00:00,115.14189,Sistema
2023-05-02T04:00:00,115.14189,Sistema
2023-05-02T05:00:00,173.04189,Sistema
2023-05-02T06:00:00,198.04189,Sistema
2023-05-02T07:00:00,198.04189,Sistema
2023-05-02T08:00:00,198.04189,Sistema
2023-05-02T09:00:00,215.24189,Sistema
2023-05-02T10:00:00,215.24189,Sistema
2023-05-02T11:00:00,215.24189,Sistema
2023-05-02T12:00:00,239.04189,Sistema
2023-05-02T13:00:00,239.04189,Sistema
2023-05-02T14:00:00,239.04189,Sistema
2023-05-02T15:00:00,250.04189,Sistema
2023-05-02T16:00:00,250.04189,Sistema
2023-05-02T17:00:00,250.04189,Sistema
2023-05-02T18:00:00,250.04189,Sistema
2023-05-02T19:00:00,450.04189,Sistema
2023-05-02T20:00:00,550.04189,Sistema
2023-05-02T21:00:00,450.04189,Sistema
2023-05-02T22:00:00,250.04189,Sistema
2023-05-02T23:00:00,215.24189,Sistema
2023-05-02T24:00:00,215.24189,Sistema
2023-05-03T01:00:00,117.96286,Sistema
2023-05-03T02:00:00,117.96286,Sistema
2023-05-03T03:00:00,117.96286,Sistema
2023-05-03T04:00:00,117.96286,Sistema
2023-05-03T05:00:00,117.96386,Sistema
2023-05-03T06:00:00,201.76286,Sistema
2023-05-03T07:00:00,201.76286,Sistema
2023-05-03T08:00:00,212.96286,Sistema
2023-05-03T09:00:00,252.76286,Sistema
2023-05-03T10:00:00,252.76286,Sistema
2023-05-03T11:00:00,262.76286,Sistema
2023-05-03T12:00:00,267.76286,Sistema
2023-05-03T13:00:00,262.76286,Sistema
2023-05-03T14:00:00,267.76286,Sistema
2023-05-03T15:00:00,452.76286,Sistema
2023-05-03T16:00:00,452.76286,Sistema
2023-05-03T17:00:00,262.76286,Sistema
2023-05-03T18:00:00,252.76286,Sistema
2023-05-03T19:00:00,267.76286,Sistema
2023-05-03T20:00:00,552.76286,Sistema
2023-05-03T21:00:00,452.76286,Sistema
2023-05-03T22:00:00,252.76286,Sistema
2023-05-03T23:00:00,212.96286,Sistema
2023-05-03T24:00:00,212.96286,Sistema
2023-05-04T01:00:00,214.0367,Sistema
2023-05-04T02:00:00,214.0367,Sistema
2023-05-04T03:00:00,214.0367,Sistema
2023-05-04T04:00:00,201.0367,Sistema
2023-05-04T05:00:00,214.0367,Sistema
2023-05-04T06:00:00,214.0367,Sistema
2023-05-04T07:00:00,214.0367,Sistema
2023-05-04T08:00:00,221.0367,Sistema
2023-05-04T09:00:00,256.0367,Sistema
2023-05-04T10:00:00,256.0367,Sistema
2023-05-04T11:00:00,256.0367,Sistema
2023-05-04T12:00:00,291.0367,Sistema
2023-05-04T13:00:00,291.0367,Sistema
2023-05-04T14:00:00,291.0367,Sistema
2023-05-04T15:00:00,301.0367,Sistema
2023-05-04T16:00:00,301.0367,Sistema
2023-05-04T17:00:00,301.0367,Sistema
2023-05-04T18:00:00,291.0367,Sistema
2023-05-04T19:00:00,301.0367,Sistema
2023-05-04T20:00:00,301.0367,Sistema
2023-05-04T21:00:00,291.0367,Sistema
2023-05-04T22:00:00,266.0367,Sistema
2023-05-04T23:00:00,256.0367,Sistema
2023-05-04T24:00:00,214.0367,Sistema
2023-05-05T01:00:00,249.72737,Sistema
2023-05-05T02:00:00,249.72737,Sistema
2023-05-05T03:00:00,249.72737,Sistema
2023-05-05T04:00:00,249.72737,Sistema
2023-05-05T05:00:00,249.72737,Sistema
2023-05-05T06:00:00,291.72737,Sistema
2023-05-05T07:00:00,291.72737,Sistema
2023-05-05T08:00:00,291.72737,Sistema
2023-05-05T09:00:00,300.72737,Sistema
2023-05-05T10:00:00,310.72737,Sistema
2023-05-05T11:00:00,310.72737,Sistema
2023-05-05T12:00:00,551.72737,Sistema
2023-05-05T13:00:00,351.72737,Sistema
2023-05-05T14:00:00,351.72737,Sistema
2023-05-05T15:00:00,351.72737,Sistema
2023-05-05T16:00:00,351.72737,Sistema
2023-05-05T17:00:00,351.72737,Sistema
2023-05-05T18:00:00,351.72737,Sistema
2023-05-05T19:00:00,351.72737,Sistema
2023-05-05T20:00:00,351.72737,Sistema
2023-05-05T21:00:00,351.72737,Sistema
2023-05-05T22:00:00,351.72737,Sistema
2023-05-05T23:00:00,310.72737,Sistema
2023-05-05T24:00:00,296.72737,Sistema
2023-05-06T01:00:00,280.42905,Sistema
2023-05-06T02:00:00,280.42905,Sistema
2023-05-06T03:00:00,280.42905,Sistema
2023-05-06T04:00:00,280.42905,Sistema
2023-05-06T05:00:00,280.42905,Sistema
2023-05-06T06:00:00,280.42905,Sistema
2023-05-06T07:00:00,280.42905,Sistema
2023-05-06T08:00:00,280.92905,Sistema
2023-05-06T09:00:00,314.92905,Sistema
2023-05-06T10:00:00,349.92905,Sistema
2023-05-06T11:00:00,349.92905,Sistema
2023-05-06T12:00:00,357.92905,Sistema
2023-05-06T13:00:00,357.92905,Sistema
2023-05-06T14:00:00,349.92905,Sistema
2023-05-06T15:00:00,349.92905,Sistema
2023-05-06T16:00:00,349.92905,Sistema
2023-05-06T17:00:00,349.92905,Sistema
2023-05-06T18:00:00,349.92905,Sistema
2023-05-06T19:00:00,349.92905,Sistema
2023-05-06T20:00:00,357.92905,Sistema
2023-05-06T21:00:00,349.92905,Sistema
2023-05-06T22:00:00,349.92905,Sistema
2023-05-06T23:00:00,314.92905,Sistema
2023-05-06T24:00:00,280.92905,Sistema
2023-05-07T01:00:00,359.25166,Sistema
2023-05-07T02:00:00,359.25166,Sistema
2023-05-07T03:00:00,349.15166,Sistema
2023-05-07T04:00:00,349.15166,Sistema
2023-05-07T05:00:00,349.15166,Sistema
2023-05-07T06:00:00,349.15166,Sistema
2023-05-07T07:00:00,335.25166,Sistema
2023-05-07T08:00:00,335.25166,Sistema
2023-05-07T09:00:00,335.25166,Sistema
2023-05-07T10:00:00,349.15166,Sistema
2023-05-07T11:00:00,349.15166,Sistema
2023-05-07T12:00:00,359.25166,Sistema
2023-05-07T13:00:00,359.25166,Sistema
2023-05-07T14:00:00,359.25166,Sistema
2023-05-07T15:00:00,359.25166,Sistema
2023-05-07T16:00:00,359.25166,Sistema
2023-05-07T17:00:00,359.25166,Sistema
2023-05-07T18:00:00,359.25166,Sistema
2023-05-07T19:00:00,359.25166,Sistema
2023-05-07T20:00:00,379.25166,Sistema
2023-05-07T21:00:00,359.25166,Sistema
2023-05-07T22:00:00,359.25166,Sistema
2023-05-07T23:00:00,359.25166,Sistema
2023-05-07T24:00:00,359.25166,Sistema
2023-05-08T01:00:00,358.22589,Sistema
2023-05-08T02:00:00,358.22589,Sistema
2023-05-08T03:00:00,358.22589,Sistema
2023-05-08T04:00:00,357.22589,Sistema
2023-05-08T05:00:00,358.22589,Sistema
2023-05-08T06:00:00,379.12589,Sistema
2023-05-08T07:00:00,394.22589,Sistema
2023-05-08T08:00:00,379.12589,Sistema
2023-05-08T09:00:00,398.22589,Sistema
2023-05-08T10:00:00,409.82589,Sistema
2023-05-08T11:00:00,409.82589,Sistema
2023-05-08T12:00:00,439.22589,Sistema
2023-05-08T13:00:00,439.22589,Sistema
2023-05-08T14:00:00,439.22589,Sistema
2023-05-08T15:00:00,439.22589,Sistema
2023-05-08T16:00:00,439.22589,Sistema
2023-05-08T17:00:00,439.22589,Sistema
2023-05-08T18:00:00,409.82589,Sistema
2023-05-08T19:00:00,439.22589,Sistema
2023-05-08T20:00:00,439.22589,Sistema
2023-05-08T21:00:00,439.22589,Sistema
2023-05-08T22:00:00,409.82589,Sistema
2023-05-08T23:00:00,394.22589,Sistema
2023-05-08T24:00:00,379.12589,Sistema
2023-05-09T01:00:00,410.5385,Sistema
2023-05-09T02:00:00,410.5385,Sistema
2023-05-09T03:00:00,359.5385,Sistema
2023-05-09T04:00:00,359.5385,Sistema
2023-05-09T05:00:00,410.5385,Sistema
2023-05-09T06:00:00,449.5385,Sistema
2023-05-09T07:00:00,459.5385,Sistema
2023-05-09T08:00:00,479.5385,Sistema
2023-05-09T09:00:00,489.5385,Sistema
2023-05-09T10:00:00,549.5385,Sistema
2023-05-09T11:00:00,554.5385,Sistema
2023-05-09T12:00:00,599.6385,Sistema
2023-05-09T13:00:00,554.5385,Sistema
2023-05-09T14:00:00,599.6385,Sistema
2023-05-09T15:00:00,659.5385,Sistema
2023-05-09T16:00:00,659.5385,Sistema
2023-05-09T17:00:00,649.5385,Sistema
2023-05-09T18:00:00,554.5385,Sistema
2023-05-09T19:00:00,554.5385,Sistema
2023-05-09T20:00:00,599.6385,Sistema
2023-05-09T21:00:00,554.5385,Sistema
2023-05-09T22:00:00,489.5385,Sistema
2023-05-09T23:00:00,479.5385,Sistema
2023-05-09T24:00:00,459.5385,Sistema
2023-05-10T01:00:00,504.32043,Sistema
2023-05-10T02:00:00,510.32043,Sistema
2023-05-10T03:00:00,504.32043,Sistema
2023-05-10T04:00:00,429.32043,Sistema
2023-05-10T05:00:00,504.32043,Sistema
2023-05-10T06:00:00,510.32043,Sistema
2023-05-10T07:00:00,571.12043,Sistema
2023-05-10T08:00:00,571.12043,Sistema
2023-05-10T09:00:00,595.32043,Sistema
2023-05-10T10:00:00,604.32043,Sistema
2023-05-10T11:00:00,604.32043,Sistema
2023-05-10T12:00:00,659.32043,Sistema
2023-05-10T13:00:00,604.32043,Sistema
2023-05-10T14:00:00,659.32043,Sistema
2023-05-10T15:00:00,659.32043,Sistema
2023-05-10T16:00:00,659.32043,Sistema
2023-05-10T17:00:00,604.32043,Sistema
2023-05-10T18:00:00,596.32043,Sistema
2023-05-10T19:00:00,604.32043,Sistema
2023-05-10T20:00:00,659.32043,Sistema
2023-05-10T21:00:00,604.32043,Sistema
2023-05-10T22:00:00,595.32043,Sistema
2023-05-10T23:00:00,594.32043,Sistema
2023-05-10T24:00:00,571.12043,Sistema
2023-05-11T01:00:00,554.49842,Sistema
2023-05-11T02:00:00,588.49842,Sistema
2023-05-11T03:00:00,588.49842,Sistema
2023-05-11T04:00:00,554.49842,Sistema
2023-05-11T05:00:00,554.49842,Sistema
2023-05-11T06:00:00,588.49842,Sistema
2023-05-11T07:00:00,588.49842,Sistema
2023-05-11T08:00:00,595.49842,Sistema
2023-05-11T09:00:00,649.49842,Sistema
2023-05-11T10:00:00,595.49842,Sistema
2023-05-11T11:00:00,649.49842,Sistema
2023-05-11T12:00:00,670.49842,Sistema
2023-05-11T13:00:00,669.49842,Sistema
2023-05-11T14:00:00,670.49842,Sistema
2023-05-11T15:00:00,670.49842,Sistema
2023-05-11T16:00:00,670.49842,Sistema
2023-05-11T17:00:00,670.49842,Sistema
2023-05-11T18:00:00,670.49842,Sistema
2023-05-11T19:00:00,670.49842,Sistema
2023-05-11T20:00:00,670.49842,Sistema
2023-05-11T21:00:00,670.49842,Sistema
2023-05-11T22:00:00,669.49842,Sistema
2023-05-11T23:00:00,649.49842,Sistema
2023-05-11T24:00:00,595.49842,Sistema
2023-05-12T01:00:00,552.67537,Sistema
2023-05-12T02:00:00,552.67537,Sistema
2023-05-12T03:00:00,552.67537,Sistema
2023-05-12T04:00:00,552.67537,Sistema
2023-05-12T05:00:00,552.67537,Sistema
2023-05-12T06:00:00,552.67537,Sistema
2023-05-12T07:00:00,552.67537,Sistema
2023-05-12T08:00:00,552.67537,Sistema
2023-05-12T09:00:00,616.67537,Sistema
2023-05-12T10:00:00,616.67537,Sistema
2023-05-12T11:00:00,676.87537,Sistema
2023-05-12T12:00:00,709.67537,Sistema
2023-05-12T13:00:00,709.67537,Sistema
2023-05-12T14:00:00,709.67537,Sistema
2023-05-12T15:00:00,710.67537,Sistema
2023-05-12T16:00:00,710.67537,Sistema
2023-05-12T17:00:00,709.67537,Sistema
2023-05-12T18:00:00,709.67537,Sistema
2023-05-12T19:00:00,710.67537,Sistema
2023-05-12T20:00:00,710.67537,Sistema
2023-05-12T21:00:00,709.67537,Sistema
2023-05-12T22:00:00,676.87537,Sistema
2023-05-12T23:00:00,616.67537,Sistema
2023-05-12T24:00:00,616.67537,Sistema
2023-05-13T01:00:00,641.89985,Sistema
2023-05-13T02:00:00,641.89985,Sistema
2023-05-13T03:00:00,641.89985,Sistema
2023-05-13T04:00:00,641.89985,Sistema
2023-05-13T05:00:00,641.89985,Sistema
2023-05-13T06:00:00,641.89985,Sistema
2023-05-13T07:00:00,641.89985,Sistema
2023-05-13T08:00:00,706.89985,Sistema
2023-05-13T09:00:00,706.89985,Sistema
2023-05-13T10:00:00,706.89985,Sistema
2023-05-13T11:00:00,713.89985,Sistema
2023-05-13T12:00:00,721.89985,Sistema
2023-05-13T13:00:00,721.89985,Sistema
2023-05-13T14:00:00,713.89985,Sistema
2023-05-13T15:00:00,713.89985,Sistema
2023-05-13T16:00:00,713.89985,Sistema
2023-05-13T17:00:00,713.89985,Sistema
2023-05-13T18:00:00,706.89985,Sistema
2023-05-13T19:00:00,721.89985,Sistema
2023-05-13T20:00:00,721.89985,Sistema
2023-05-13T21:00:00,721.89985,Sistema
2023-05-13T22:00:00,706.89985,Sistema
2023-05-13T23:00:00,706.89985,Sistema
2023-05-13T24:00:00,706.89985,Sistema
2023-05-14T01:00:00,630.87911,Sistema
2023-05-14T02:00:00,630.87911,Sistema
2023-05-14T03:00:00,630.87911,Sistema
2023-05-14T04:00:00,630.87911,Sistema
2023-05-14T05:00:00,630.87911,Sistema
2023-05-14T06:00:00,630.87911,Sistema
2023-05-14T07:00:00,615.87911,Sistema
2023-05-14T08:00:00,630.87911,Sistema
2023-05-14T09:00:00,630.87911,Sistema
2023-05-14T10:00:00,710.87911,Sistema
2023-05-14T11:00:00,710.87911,Sistema
2023-05-14T12:00:00,718.87911,Sistema
2023-05-14T13:00:00,718.87911,Sistema
2023-05-14T14:00:00,718.87911,Sistema
2023-05-14T15:00:00,710.87911,Sistema
2023-05-14T16:00:00,710.87911,Sistema
2023-05-14T17:00:00,710.87911,Sistema
2023-05-14T18:00:00,710.87911,Sistema
2023-05-14T19:00:00,720.87911,Sistema
2023-05-14T20:00:00,720.87911,Sistema
2023-05-14T21:00:00,720.87911,Sistema
2023-05-14T22:00:00,720.87911,Sistema
2023-05-14T23:00:00,718.87911,Sistema
2023-05-14T24:00:00,710.87911,Sistema
2023-05-15T01:00:00,628.35168,Sistema
2023-05-15T02:00:00,628.35168,Sistema
2023-05-15T03:00:00,628.35168,Sistema
2023-05-15T04:00:00,628.35168,Sistema
2023-05-15T05:00:00,628.35168,Sistema
2023-05-15T06:00:00,718.35168,Sistema
2023-05-15T07:00:00,718.35168,Sistema
2023-05-15T08:00:00,727.35168,Sistema
2023-05-15T09:00:00,758.35168,Sistema
2023-05-15T10:00:00,758.35168,Sistema
2023-05-15T11:00:00,758.35168,Sistema
2023-05-15T12:00:00,759.35168,Sistema
2023-05-15T13:00:00,758.35168,Sistema
2023-05-15T14:00:00,759.35168,Sistema
2023-05-15T15:00:00,759.35168,Sistema
2023-05-15T16:00:00,759.35168,Sistema
2023-05-15T17:00:00,759.35168,Sistema
2023-05-15T18:00:00,758.35168,Sistema
2023-05-15T19:00:00,760.35168,Sistema
2023-05-15T20:00:00,760.35168,Sistema
2023-05-15T21:00:00,760.35168,Sistema
2023-05-15T22:00:00,758.35168,Sistema
2023-05-15T23:00:00,758.35168,Sistema
2023-05-15T24:00:00,758.35168,Sistema
2023-05-16T01:00:00,748.83741,Sistema
2023-05-16T02:00:00,748.83741,Sistema
2023-05-16T03:00:00,748.83741,Sistema
2023-05-16T04:00:00,748.83741,Sistema
2023-05-16T05:00:00,748.83741,Sistema
2023-05-16T06:00:00,748.83741,Sistema
2023-05-16T07:00:00,748.83741,Sistema
2023-05-16T08:00:00,790.33741,Sistema
2023-05-16T09:00:00,790.33741,Sistema
2023-05-16T10:00:00,790.33741,Sistema
2023-05-16T11:00:00,790.33741,Sistema
2023-05-16T12:00:00,790.83741,Sistema
2023-05-16T13:00:00,790.33741,Sistema
2023-05-16T14:00:00,790.33741,Sistema
2023-05-16T15:00:00,790.83741,Sistema
2023-05-16T16:00:00,790.83741,Sistema
2023-05-16T17:00:00,790.33741,Sistema
2023-05-16T18:00:00,790.33741,Sistema
2023-05-16T19:00:00,790.83741,Sistema
2023-05-16T20:00:00,792.83741,Sistema
2023-05-16T21:00:00,790.33741,Sistema
2023-05-16T22:00:00,790.33741,Sistema
2023-05-16T23:00:00,790.33741,Sistema
2023-05-16T24:00:00,748.83741,Sistema
2023-05-17T01:00:00,790.38976,Sistema
2023-05-17T02:00:00,790.38976,Sistema
2023-05-17T03:00:00,550.48976,Sistema
2023-05-17T04:00:00,550.48976,Sistema
2023-05-17T05:00:00,790.38976,Sistema
2023-05-17T06:00:00,790.38976,Sistema
2023-05-17T07:00:00,790.38976,Sistema
2023-05-17T08:00:00,791.48976,Sistema
2023-05-17T09:00:00,800.47976,Sistema
2023-05-17T10:00:00,810.48976,Sistema
2023-05-17T11:00:00,830.48976,Sistema
2023-05-17T12:00:00,870.48976,Sistema
2023-05-17T13:00:00,832.31476,Sistema
2023-05-17T14:00:00,870.48976,Sistema
2023-05-17T15:00:00,887.18976,Sistema
2023-05-17T16:00:00,887.18976,Sistema
2023-05-17T17:00:00,887.18976,Sistema
2023-05-17T18:00:00,870.48976,Sistema
2023-05-17T19:00:00,887.18976,Sistema
2023-05-17T20:00:00,887.18976,Sistema
2023-05-17T21:00:00,870.48976,Sistema
2023-05-17T22:00:00,830.48976,Sistema
2023-05-17T23:00:00,810.48976,Sistema
2023-05-17T24:00:00,791.48976,Sistema
2023-05-18T01:00:00,810.7615,Sistema
2023-05-18T02:00:00,787.4045,Sistema
2023-05-18T03:00:00,758.5615,Sistema
2023-05-18T04:00:00,758.5615,Sistema
2023-05-18T05:00:00,758.5615,Sistema
2023-05-18T06:00:00,810.7615,Sistema
2023-05-18T07:00:00,810.7615,Sistema
2023-05-18T08:00:00,810.7615,Sistema
2023-05-18T09:00:00,828.5615,Sistema
2023-05-18T10:00:00,829.5615,Sistema
2023-05-18T11:00:00,829.5615,Sistema
2023-05-18T12:00:00,829.5615,Sistema
2023-05-18T13:00:00,829.5615,Sistema
2023-05-18T14:00:00,830.3865,Sistema
2023-05-18T15:00:00,857.1595,Sistema
2023-05-18T16:00:00,857.1595,Sistema
2023-05-18T17:00:00,857.1595,Sistema
2023-05-18T18:00:00,829.5615,Sistema
2023-05-18T19:00:00,848.5615,Sistema
2023-05-18T20:00:00,857.1595,Sistema
2023-05-18T21:00:00,829.5615,Sistema
2023-05-18T22:00:00,829.5615,Sistema
2023-05-18T23:00:00,829.5615,Sistema
2023-05-18T24:00:00,810.7615,Sistema
2023-05-19T01:00:00,812.96797,Sistema
2023-05-19T02:00:00,812.96797,Sistema
2023-05-19T03:00:00,812.96797,Sistema
2023-05-19T04:00:00,812.96797,Sistema
2023-05-19T05:00:00,812.96797,Sistema
2023-05-19T06:00:00,812.96797,Sistema
2023-05-19T07:00:00,812.96797,Sistema
2023-05-19T08:00:00,812.96797,Sistema
2023-05-19T09:00:00,830.46797,Sistema
2023-05-19T10:00:00,830.46797,Sistema
2023-05-19T11:00:00,838.96797,Sistema
2023-05-19T12:00:00,838.96797,Sistema
2023-05-19T13:00:00,838.96797,Sistema
2023-05-19T14:00:00,838.96797,Sistema
2023-05-19T15:00:00,838.96797,Sistema
2023-05-19T16:00:00,838.96797,Sistema
2023-05-19T17:00:00,847.96797,Sistema
2023-05-19T18:00:00,838.96797,Sistema
2023-05-19T19:00:00,907.96797,Sistema
2023-05-19T20:00:00,907.96797,Sistema
2023-05-19T21:00:00,847.96797,Sistema
2023-05-19T22:00:00,830.46797,Sistema
2023-05-19T23:00:00,830.46797,Sistema
2023-05-19T24:00:00,812.96797,Sistema
2023-05-20T01:00:00,832.97389,Sistema
2023-05-20T02:00:00,832.97389,Sistema
2023-05-20T03:00:00,832.97389,Sistema
2023-05-20T04:00:00,831.97389,Sistema
2023-05-20T05:00:00,831.97389,Sistema
2023-05-20T06:00:00,830.47389,Sistema
2023-05-20T07:00:00,831.97389,Sistema
2023-05-20T08:00:00,832.97389,Sistema
2023-05-20T09:00:00,832.97389,Sistema
2023-05-20T10:00:00,832.97389,Sistema
2023-05-20T11:00:00,842.97389,Sistema
2023-05-20T12:00:00,842.97389,Sistema
2023-05-20T13:00:00,842.97389,Sistema
2023-05-20T14:00:00,842.97389,Sistema
2023-05-20T15:00:00,842.97389,Sistema
2023-05-20T16:00:00,842.97389,Sistema
2023-05-20T17:00:00,832.97389,Sistema
2023-05-20T18:00:00,842.97389,Sistema
2023-05-20T19:00:00,843.97389,Sistema
2023-05-20T20:00:00,843.97389,Sistema
2023-05-20T21:00:00,842.97389,Sistema
2023-05-20T22:00:00,842.97389,Sistema
2023-05-20T23:00:00,832.97389,Sistema
2023-05-20T24:00:00,832.97389,Sistema
2023-05-21T01:00:00,845.31751,Sistema
2023-05-21T02:00:00,845.31751,Sistema
2023-05-21T03:00:00,788.27851,Sistema
2023-05-21T04:00:00,750.31751,Sistema
2023-05-21T05:00:00,750.31751,Sistema
2023-05-21T06:00:00,431.31751,Sistema
2023-05-21T07:00:00,431.31751,Sistema
2023-05-21T08:00:00,431.31751,Sistema
2023-05-21T09:00:00,845.31751,Sistema
2023-05-21T10:00:00,845.31751,Sistema
2023-05-21T11:00:00,845.31751,Sistema
2023-05-21T12:00:00,845.31751,Sistema
2023-05-21T13:00:00,845.31751,Sistema
2023-05-21T14:00:00,845.31751,Sistema
2023-05-21T15:00:00,845.31751,Sistema
2023-05-21T16:00:00,845.31751,Sistema
2023-05-21T17:00:00,832.14251,Sistema
2023-05-21T18:00:00,845.31751,Sistema
2023-05-21T19:00:00,850.31751,Sistema
2023-05-21T20:00:00,850.31751,Sistema
2023-05-21T21:00:00,850.31751,Sistema
2023-05-21T22:00:00,850.31751,Sistema
2023-05-21T23:00:00,845.31751,Sistema
2023-05-21T24:00:00,789.53951,Sistema
2023-05-22T01:00:00,848.53905,Sistema
2023-05-22T02:00:00,798.53905,Sistema
2023-05-22T03:00:00,848.53905,Sistema
2023-05-22T04:00:00,788.53905,Sistema
2023-05-22T05:00:00,423.53905,Sistema
2023-05-22T06:00:00,423.53905,Sistema
2023-05-22T07:00:00,423.53905,Sistema
2023-05-22T08:00:00,788.53905,Sistema
2023-05-22T09:00:00,848.53905,Sistema
2023-05-22T10:00:00,848.53905,Sistema
2023-05-22T11:00:00,848.53905,Sistema
2023-05-22T12:00:00,848.53905,Sistema
2023-05-22T13:00:00,853.08905,Sistema
2023-05-22T14:00:00,848.53905,Sistema
2023-05-22T15:00:00,848.53905,Sistema
2023-05-22T16:00:00,848.53905,Sistema
2023-05-22T17:00:00,848.53905,Sistema
2023-05-22T18:00:00,848.53905,Sistema
2023-05-22T19:00:00,853.08905,Sistema
2023-05-22T20:00:00,853.08905,Sistema
2023-05-22T21:00:00,853.08905,Sistema
2023-05-22T22:00:00,853.08905,Sistema
2023-05-22T23:00:00,853.08905,Sistema
2023-05-22T24:00:00,848.53905,Sistema
2023-05-23T01:00:00,801.36685,Sistema
2023-05-23T02:00:00,801.36685,Sistema
2023-05-23T03:00:00,325.83185,Sistema
2023-05-23T04:00:00,483.87385,Sistema
2023-05-23T05:00:00,801.36685,Sistema
2023-05-23T06:00:00,801.36685,Sistema
2023-05-23T07:00:00,801.36685,Sistema
2023-05-23T08:00:00,801.36685,Sistema
2023-05-23T09:00:00,849.66685,Sistema
2023-05-23T10:00:00,854.66685,Sistema
2023-05-23T11:00:00,854.66685,Sistema
2023-05-23T12:00:00,854.66685,Sistema
2023-05-23T13:00:00,854.66685,Sistema
2023-05-23T14:00:00,854.66685,Sistema
2023-05-23T15:00:00,854.66685,Sistema
2023-05-23T16:00:00,854.66685,Sistema
2023-05-23T17:00:00,854.66685,Sistema
2023-05-23T18:00:00,854.66685,Sistema
2023-05-23T19:00:00,854.66685,Sistema
2023-05-23T20:00:00,854.66685,Sistema
2023-05-23T21:00:00,854.66685,Sistema
2023-05-23T22:00:00,854.66685,Sistema
2023-05-23T23:00:00,849.66685,Sistema
2023-05-23T24:00:00,801.36685,Sistema
2023-05-24T01:00:00,433.00633,Sistema
2023-05-24T02:00:00,433.00633,Sistema
2023-05-24T03:00:00,433.00633,Sistema
2023-05-24T04:00:00,433.00633,Sistema
2023-05-24T05:00:00,433.00633,Sistema
2023-05-24T06:00:00,791.00633,Sistema
2023-05-24T07:00:00,791.00633,Sistema
2023-05-24T08:00:00,791.00633,Sistema
2023-05-24T09:00:00,792.20633,Sistema
2023-05-24T10:00:00,792.20633,Sistema
2023-05-24T11:00:00,792.20633,Sistema
2023-05-24T12:00:00,852.00533,Sistema
2023-05-24T13:00:00,852.00533,Sistema
2023-05-24T14:00:00,852.00533,Sistema
2023-05-24T15:00:00,857.00633,Sistema
2023-05-24T16:00:00,857.00633,Sistema
2023-05-24T17:00:00,857.00633,Sistema
2023-05-24T18:00:00,807.00633,Sistema
2023-05-24T19:00:00,857.00633,Sistema
2023-05-24T20:00:00,857.00633,Sistema
2023-05-24T21:00:00,857.00633,Sistema
2023-05-24T22:00:00,792.20633,Sistema
2023-05-24T23:00:00,792.20633,Sistema
2023-05-24T24:00:00,791.00633,Sistema
2023-05-25T01:00:00,779.38786,Sistema
2023-05-25T02:00:00,779.38786,Sistema
2023-05-25T03:00:00,430.38786,Sistema
2023-05-25T04:00:00,430.38786,Sistema
2023-05-25T05:00:00,430.38786,Sistema
2023-05-25T06:00:00,781.88786,Sistema
2023-05-25T07:00:00,781.88786,Sistema
2023-05-25T08:00:00,781.88786,Sistema
2023-05-25T09:00:00,788.38786,Sistema
2023-05-25T10:00:00,788.38786,Sistema
2023-05-25T11:00:00,844.38786,Sistema
2023-05-25T12:00:00,844.38786,Sistema
2023-05-25T13:00:00,844.38786,Sistema
2023-05-25T14:00:00,844.38786,Sistema
2023-05-25T15:00:00,844.38786,Sistema
2023-05-25T16:00:00,844.38786,Sistema
2023-05-25T17:00:00,844.38786,Sistema
2023-05-25T18:00:00,789.38786,Sistema
2023-05-25T19:00:00,844.38786,Sistema
2023-05-25T20:00:00,844.38786,Sistema
2023-05-25T21:00:00,844.38786,Sistema
2023-05-25T22:00:00,789.38786,Sistema
2023-05-25T23:00:00,788.38786,Sistema
2023-05-25T24:00:00,781.88786,Sistema
2023-05-26T01:00:00,292.35121,Sistema
2023-05-26T02:00:00,325.53621,Sistema
2023-05-26T03:00:00,325.53621,Sistema
2023-05-26T04:00:00,325.53621,Sistema
2023-05-26T05:00:00,430.37121,Sistema
2023-05-26T06:00:00,430.37121,Sistema
2023-05-26T07:00:00,478.65521,Sistema
2023-05-26T08:00:00,778.37121,Sistema
2023-05-26T09:00:00,779.87121,Sistema
2023-05-26T10:00:00,779.87121,Sistema
2023-05-26T11:00:00,779.87121,Sistema
2023-05-26T12:00:00,789.37121,Sistema
2023-05-26T13:00:00,779.87121,Sistema
2023-05-26T14:00:00,779.87121,Sistema
2023-05-26T15:00:00,789.37121,Sistema
2023-05-26T16:00:00,779.87121,Sistema
2023-05-26T17:00:00,779.87121,Sistema
2023-05-26T18:00:00,779.87121,Sistema
2023-05-26T19:00:00,789.37121,Sistema
2023-05-26T20:00:00,797.37121,Sistema
2023-05-26T21:00:00,789.37121,Sistema
2023-05-26T22:00:00,779.87121,Sistema
2023-05-26T23:00:00,779.87121,Sistema
2023-05-26T24:00:00,778.37121,Sistema
2023-05-27T01:00:00,469.84723,Sistema
2023-05-27T02:00:00,469.84723,Sistema
2023-05-27T03:00:00,469.84723,Sistema
2023-05-27T04:00:00,469.84723,Sistema
2023-05-27T05:00:00,469.84723,Sistema
2023-05-27T06:00:00,469.84723,Sistema
2023-05-27T07:00:00,469.84723,Sistema
2023-05-27T08:00:00,478.83123,Sistema
2023-05-27T09:00:00,734.54723,Sistema
2023-05-27T10:00:00,740.54723,Sistema
2023-05-27T11:00:00,740.54723,Sistema
2023-05-27T12:00:00,740.54723,Sistema
2023-05-27T13:00:00,740.54723,Sistema
2023-05-27T14:00:00,740.54723,Sistema
2023-05-27T15:00:00,740.54723,Sistema
2023-05-27T16:00:00,740.54723,Sistema
2023-05-27T17:00:00,740.54723,Sistema
2023-05-27T18:00:00,740.54723,Sistema
2023-05-27T19:00:00,740.54723,Sistema
2023-05-27T20:00:00,768.54723,Sistema
2023-05-27T21:00:00,740.54723,Sistema
2023-05-27T22:00:00,740.54723,Sistema
2023-05-27T23:00:00,740.54723,Sistema
2023-05-27T24:00:00,734.54723,Sistema
2023-05-28T01:00:00,430.48913,Sistema
2023-05-28T02:00:00,430.48913,Sistema
2023-05-28T03:00:00,419.58913,Sistema
2023-05-28T04:00:00,419.58913,Sistema
2023-05-28T05:00:00,419.58913,Sistema
2023-05-28T06:00:00,419.58913,Sistema
2023-05-28T07:00:00,292.56913,Sistema
2023-05-28T08:00:00,325.75413,Sistema
2023-05-28T09:00:00,419.58913,Sistema
2023-05-28T10:00:00,419.58913,Sistema
2023-05-28T11:00:00,430.48913,Sistema
2023-05-28T12:00:00,444.58913,Sistema
2023-05-28T13:00:00,444.58913,Sistema
2023-05-28T14:00:00,444.58913,Sistema
2023-05-28T15:00:00,444.58913,Sistema
2023-05-28T16:00:00,430.48913,Sistema
2023-05-28T17:00:00,430.48913,Sistema
2023-05-28T18:00:00,444.58913,Sistema
2023-05-28T19:00:00,462.38913,Sistema
2023-05-28T20:00:00,745.58913,Sistema
2023-05-28T21:00:00,745.58913,Sistema
2023-05-28T22:00:00,462.38913,Sistema
2023-05-28T23:00:00,444.58913,Sistema
2023-05-28T24:00:00,444.58913,Sistema
2023-05-29T01:00:00,119.30064,Sistema
2023-05-29T02:00:00,216.57564,Sistema
2023-05-29T03:00:00,129.80064,Sistema
2023-05-29T04:00:00,217.12764,Sistema
2023-05-29T05:00:00,263.58964,Sistema
2023-05-29T06:00:00,289.09064,Sistema
2023-05-29T07:00:00,409.13664,Sistema
2023-05-29T08:00:00,409.11064,Sistema
2023-05-29T09:00:00,414.11064,Sistema
2023-05-29T10:00:00,414.11064,Sistema
2023-05-29T11:00:00,429.31064,Sistema
2023-05-29T12:00:00,447.91064,Sistema
2023-05-29T13:00:00,447.91064,Sistema
2023-05-29T14:00:00,429.31064,Sistema
2023-05-29T15:00:00,447.91064,Sistema
2023-05-29T16:00:00,447.91064,Sistema
2023-05-29T17:00:00,429.31064,Sistema
2023-05-29T18:00:00,429.21064,Sistema
2023-05-29T19:00:00,447.91064,Sistema
2023-05-29T20:00:00,447.91064,Sistema
2023-05-29T21:00:00,447.91064,Sistema
2023-05-29T22:00:00,429.21064,Sistema
2023-05-29T23:00:00,414.11064,Sistema
2023-05-29T24:00:00,414.11064,Sistema
2023-05-30T01:00:00,359.28767,Sistema
2023-05-30T02:00:00,359.28767,Sistema
2023-05-30T03:00:00,359.28767,Sistema
2023-05-30T04:00:00,359.28767,Sistema
2023-05-30T05:00:00,359.28767,Sistema
2023-05-30T06:00:00,364.28767,Sistema
2023-05-30T07:00:00,364.28767,Sistema
2023-05-30T08:00:00,390.28767,Sistema
2023-05-30T09:00:00,390.28767,Sistema
2023-05-30T10:00:00,390.28767,Sistema
2023-05-30T11:00:00,398.28767,Sistema
2023-05-30T12:00:00,398.28767,Sistema
2023-05-30T13:00:00,398.28767,Sistema
2023-05-30T14:00:00,398.28767,Sistema
2023-05-30T15:00:00,398.28767,Sistema
2023-05-30T16:00:00,398.28767,Sistema
2023-05-30T17:00:00,398.28767,Sistema
2023-05-30T18:00:00,398.28767,Sistema
2023-05-30T19:00:00,398.28767,Sistema
2023-05-30T20:00:00,398.28767,Sistema
2023-05-30T21:00:00,398.28767,Sistema
2023-05-30T22:00:00,398.28767,Sistema
2023-05-30T23:00:00,390.28767,Sistema
2023-05-30T24:00:00,390.28767,Sistema
2023-05-31T01:00:00,254.46491,Sistema
2023-05-31T02:00:00,293.11191,Sistema
2023-05-31T03:00:00,285.11191,Sistema
2023-05-31T04:00:00,293.11191,Sistema
2023-05-31T05:00:00,293.11191,Sistema
2023-05-31T06:00:00,345.13191,Sistema
2023-05-31T07:00:00,345.13191,Sistema
2023-05-31T08:00:00,345.13191,Sistema
2023-05-31T09:00:00,379.13191,Sistema
2023-05-31T10:00:00,391.13191,Sistema
2023-05-31T11:00:00,391.13191,Sistema
2023-05-31T12:00:00,391.13191,Sistema
2023-05-31T13:00:00,391.13191,Sistema
2023-05-31T14:00:00,391.13191,Sistema
2023-05-31T15:00:00,391.13191,Sistema
2023-05-31T16:00:00,391.13191,Sistema
2023-05-31T17:00:00,391.13191,Sistema
2023-05-31T18:00:00,391.13191,Sistema
2023-05-31T19:00:00,391.13191,Sistema
2023-05-31T20:00:00,391.13191,Sistema
2023-05-31T21:00:00,391.13191,Sistema
2023-05-31T22:00:00,391.13191,Sistema
2023-05-31T23:00:00,379.13191,Sistema
2023-05-31T24:00:00,361.13191,Sistema
2023-06-01T01:00:00,151.07682,Sistema
2023-06-01T02:00:00,151.07682,Sistema
2023-06-01T03:00:00,151.07682,Sistema
2023-06-01T04:00:00,161.07682,Sistema
2023-06-01T05:00:00,161.07682,Sistema
2023-06-01T06:00:00,327.24182,Sistema
2023-06-01T07:00:00,338.42182,Sistema
2023-06-01T08:00:00,335.07682,Sistema
2023-06-01T09:00:00,341.07582,Sistema
2023-06-01T10:00:00,341.07582,Sistema
2023-06-01T11:00:00,343.07682,Sistema
2023-06-01T12:00:00,343.07682,Sistema
2023-06-01T13:00:00,343.07682,Sistema
2023-06-01T14:00:00,371.07682,Sistema
2023-06-01T15:00:00,371.07682,Sistema
2023-06-01T16:00:00,371.07682,Sistema
2023-06-01T17:00:00,371.07682,Sistema
2023-06-01T18:00:00,371.07682,Sistema
2023-06-01T19:00:00,371.07682,Sistema
2023-06-01T20:00:00,371.07682,Sistema
2023-06-01T21:00:00,371.07682,Sistema
2023-06-01T22:00:00,343.07682,Sistema
2023-06-01T23:00:00,341.07582,Sistema
2023-06-01T24:00:00,335.07682,Sistema
2023-06-02T01:00:00,161.4183,Sistema
2023-06-02T02:00:00,161.4183,Sistema
2023-06-02T03:00:00,161.4183,Sistema
2023-06-02T04:00:00,161.4183,Sistema
2023-06-02T05:00:00,161.4183,Sistema
2023-06-02T06:00:00,231.4183,Sistema
2023-06-02T07:00:00,231.4183,Sistema
2023-06-02T08:00:00,232.4183,Sistema
2023-06-02T09:00:00,251.4183,Sistema
2023-06-02T10:00:00,251.4183,Sistema
2023-06-02T11:00:00,251.4183,Sistema
2023-06-02T12:00:00,254.7713,Sistema
2023-06-02T13:00:00,251.4183,Sistema
2023-06-02T14:00:00,254.7713,Sistema
2023-06-02T15:00:00,270.4183,Sistema
2023-06-02T16:00:00,270.4183,Sistema
2023-06-02T17:00:00,270.4183,Sistema
2023-06-02T18:00:00,251.4183,Sistema
2023-06-02T19:00:00,270.4183,Sistema
2023-06-02T20:00:00,701.4183,Sistema
2023-06-02T21:00:00,270.4183,Sistema
2023-06-02T22:00:00,251.4183,Sistema
2023-06-02T23:00:00,251.4183,Sistema
2023-06-02T24:00:00,251.4183,Sistema
2023-06-03T01:00:00,216.2286,Sistema
2023-06-03T02:00:00,216.2286,Sistema
2023-06-03T03:00:00,201.2286,Sistema
2023-06-03T04:00:00,214.2086,Sistema
2023-06-03T05:00:00,214.2086,Sistema
2023-06-03T06:00:00,201.2286,Sistema
2023-06-03T07:00:00,216.2286,Sistema
2023-06-03T08:00:00,231.2286,Sistema
2023-06-03T09:00:00,231.2286,Sistema
2023-06-03T10:00:00,231.2286,Sistema
2023-06-03T11:00:00,232.3426,Sistema
2023-06-03T12:00:00,232.3426,Sistema
2023-06-03T13:00:00,232.3426,Sistema
2023-06-03T14:00:00,232.3426,Sistema
2023-06-03T15:00:00,232.3426,Sistema
2023-06-03T16:00:00,232.3426,Sistema
2023-06-03T17:00:00,232.3426,Sistema
2023-06-03T18:00:00,232.3426,Sistema
2023-06-03T19:00:00,232.3426,Sistema
2023-06-03T20:00:00,701.2286,Sistema
2023-06-03T21:00:00,232.3426,Sistema
2023-06-03T22:00:00,232.3426,Sistema
2023-06-03T23:00:00,231.2286,Sistema
2023-06-03T24:00:00,231.2286,Sistema
2023-06-04T01:00:00,224.58498,Sistema
2023-06-04T02:00:00,224.58498,Sistema
2023-06-04T03:00:00,191.47098,Sistema
2023-06-04T04:00:00,191.47098,Sistema
2023-06-04T05:00:00,177.47098,Sistema
2023-06-04T06:00:00,177.47098,Sistema
2023-06-04T07:00:00,157.46998,Sistema
2023-06-04T08:00:00,177.47098,Sistema
2023-06-04T09:00:00,177.47098,Sistema
2023-06-04T10:00:00,191.47098,Sistema
2023-06-04T11:00:00,224.58498,Sistema
2023-06-04T12:00:00,191.47098,Sistema
2023-06-04T13:00:00,224.58498,Sistema
2023-06-04T14:00:00,224.58498,Sistema
2023-06-04T15:00:00,224.58498,Sistema
2023-06-04T16:00:00,224.58498,Sistema
2023-06-04T17:00:00,224.58498,Sistema
2023-06-04T18:00:00,224.58498,Sistema
2023-06-04T19:00:00,227.47098,Sistema
2023-06-04T20:00:00,227.47098,Sistema
2023-06-04T21:00:00,227.47098,Sistema
2023-06-04T22:00:00,224.58498,Sistema
2023-06-04T23:00:00,224.58498,Sistema
2023-06-04T24:00:00,224.58498,Sistema
2023-06-05T01:00:00,115.2768,Sistema
2023-06-05T02:00:00,115.2768,Sistema
2023-06-05T03:00:00,108.9938,Sistema
2023-06-05T04:00:00,112.6468,Sistema
2023-06-05T05:00:00,115.6968,Sistema
2023-06-05T06:00:00,182.6838,Sistema
2023-06-05T07:00:00,182.6838,Sistema
2023-06-05T08:00:00,252.6838,Sistema
2023-06-05T09:00:00,252.6838,Sistema
2023-06-05T10:00:00,252.6838,Sistema
2023-06-05T11:00:00,252.8838,Sistema
2023-06-05T12:00:00,302.6838,Sistema
2023-06-05T13:00:00,302.6838,Sistema
2023-06-05T14:00:00,302.6838,Sistema
2023-06-05T15:00:00,562.6838,Sistema
2023-06-05T16:00:00,302.6838,Sistema
2023-06-05T17:00:00,302.6838,Sistema
2023-06-05T18:00:00,262.6838,Sistema
2023-06-05T19:00:00,302.6838,Sistema
2023-06-05T20:00:00,562.6838,Sistema
2023-06-05T21:00:00,562.6838,Sistema
2023-06-05T22:00:00,262.6838,Sistema
2023-06-05T23:00:00,252.6838,Sistema
2023-06-05T24:00:00,252.6838,Sistema
2023-06-06T01:00:00,300.09307,Sistema
2023-06-06T02:00:00,299.59107,Sistema
2023-06-06T03:00:00,289.59107,Sistema
2023-06-06T04:00:00,289.59107,Sistema
2023-06-06T05:00:00,289.59107,Sistema
2023-06-06T06:00:00,300.09307,Sistema
2023-06-06T07:00:00,300.09307,Sistema
2023-06-06T08:00:00,300.09307,Sistema
2023-06-06T09:00:00,304.59107,Sistema
2023-06-06T10:00:00,304.59107,Sistema
2023-06-06T11:00:00,304.59107,Sistema
2023-06-06T12:00:00,304.59107,Sistema
2023-06-06T13:00:00,304.59107,Sistema
2023-06-06T14:00:00,304.59107,Sistema
2023-06-06T15:00:00,304.59107,Sistema
2023-06-06T16:00:00,304.59107,Sistema
2023-06-06T17:00:00,304.59107,Sistema
2023-06-06T18:00:00,304.59107,Sistema
2023-06-06T19:00:00,304.59107,Sistema
2023-06-06T20:00:00,304.59107,Sistema
2023-06-06T21:00:00,304.59107,Sistema
2023-06-06T22:00:00,304.59107,Sistema
2023-06-06T23:00:00,300.09307,Sistema
2023-06-06T24:00:00,300.09307,Sistema
2023-06-07T01:00:00,299.5863,Sistema
2023-06-07T02:00:00,299.5863,Sistema
2023-06-07T03:00:00,299.5863,Sistema
2023-06-07T04:00:00,299.5863,Sistema
2023-06-07T05:00:00,299.5863,Sistema
2023-06-07T06:00:00,299.5863,Sistema
2023-06-07T07:00:00,307.3283,Sistema
2023-06-07T08:00:00,310.5863,Sistema
2023-06-07T09:00:00,342.0863,Sistema
2023-06-07T10:00:00,342.0863,Sistema
2023-06-07T11:00:00,350.5863,Sistema
2023-06-07T12:00:00,350.5863,Sistema
2023-06-07T13:00:00,350.5863,Sistema
2023-06-07T14:00:00,350.5863,Sistema
2023-06-07T15:00:00,450.5863,Sistema
2023-06-07T16:00:00,450.5863,Sistema
2023-06-07T17:00:00,422.0863,Sistema
2023-06-07T18:00:00,342.0863,Sistema
2023-06-07T19:00:00,350.5863,Sistema
2023-06-07T20:00:00,422.0863,Sistema
2023-06-07T21:00:00,350.5863,Sistema
2023-06-07T22:00:00,342.0863,Sistema
2023-06-07T23:00:00,342.0863,Sistema
2023-06-07T24:00:00,310.5863,Sistema
2023-06-08T01:00:00,321.48797,Sistema
2023-06-08T02:00:00,321.48797,Sistema
2023-06-08T03:00:00,261.48797,Sistema
2023-06-08T04:00:00,289.71297,Sistema
2023-06-08T05:00:00,321.48797,Sistema
2023-06-08T06:00:00,321.48797,Sistema
2023-06-08T07:00:00,321.48797,Sistema
2023-06-08T08:00:00,321.48797,Sistema
2023-06-08T09:00:00,332.48797,Sistema
2023-06-08T10:00:00,332.48797,Sistema
2023-06-08T11:00:00,342.98797,Sistema
2023-06-08T12:00:00,342.98797,Sistema
2023-06-08T13:00:00,342.98797,Sistema
2023-06-08T14:00:00,342.98797,Sistema
2023-06-08T15:00:00,342.98797,Sistema
2023-06-08T16:00:00,342.98797,Sistema
2023-06-08T17:00:00,342.98797,Sistema
2023-06-08T18:00:00,342.98797,Sistema
2023-06-08T19:00:00,342.98797,Sistema
2023-06-08T20:00:00,342.98797,Sistema
2023-06-08T21:00:00,342.98797,Sistema
2023-06-08T22:00:00,332.48797,Sistema
2023-06-08T23:00:00,321.48797,Sistema
2023-06-08T24:00:00,321.48797,Sistema
2023-06-09T01:00:00,284.00788,Sistema
2023-06-09T02:00:00,284.00788,Sistema
2023-06-09T03:00:00,283.00788,Sistema
2023-06-09T04:00:00,284.00788,Sistema
2023-06-09T05:00:00,284.00788,Sistema
2023-06-09T06:00:00,297.50788,Sistema
2023-06-09T07:00:00,297.50788,Sistema
2023-06-09T08:00:00,297.50788,Sistema
2023-06-09T09:00:00,323.00788,Sistema
2023-06-09T10:00:00,323.00788,Sistema
2023-06-09T11:00:00,323.00788,Sistema
2023-06-09T12:00:00,323.00788,Sistema
2023-06-09T13:00:00,323.00788,Sistema
2023-06-09T14:00:00,323.00788,Sistema
2023-06-09T15:00:00,323.00788,Sistema
2023-06-09T16:00:00,323.00788,Sistema
2023-06-09T17:00:00,323.00788,Sistema
2023-06-09T18:00:00,323.00788,Sistema
2023-06-09T19:00:00,323.00788,Sistema
2023-06-09T20:00:00,328.50788,Sistema
2023-06-09T21:00:00,323.00788,Sistema
2023-06-09T22:00:00,323.00788,Sistema
2023-06-09T23:00:00,323.00788,Sistema
2023-06-09T24:00:00,297.50788,Sistema
2023-06-10T01:00:00,283.12786,Sistema
2023-06-10T02:00:00,283.12786,Sistema
2023-06-10T03:00:00,283.12786,Sistema
2023-06-10T04:00:00,282.12786,Sistema
2023-06-10T05:00:00,282.12786,Sistema
2023-06-10T06:00:00,282.12786,Sistema
2023-06-10T07:00:00,282.12786,Sistema
2023-06-10T08:00:00,283.12786,Sistema
2023-06-10T09:00:00,296.62786,Sistema
2023-06-10T10:00:00,296.62786,Sistema
2023-06-10T11:00:00,296.62786,Sistema
2023-06-10T12:00:00,296.62786,Sistema
2023-06-10T13:00:00,296.62786,Sistema
2023-06-10T14:00:00,296.62786,Sistema
2023-06-10T15:00:00,296.62786,Sistema
2023-06-10T16:00:00,296.62786,Sistema
2023-06-10T17:00:00,296.62786,Sistema
2023-06-10T18:00:00,296.62786,Sistema
2023-06-10T19:00:00,296.62786,Sistema
2023-06-10T20:00:00,317.12786,Sistema
2023-06-10T21:00:00,296.62786,Sistema
2023-06-10T22:00:00,296.62786,Sistema
2023-06-10T23:00:00,296.62786,Sistema
2023-06-10T24:00:00,283.12786,Sistema
2023-06-11T01:00:00,279.36546,Sistema
2023-06-11T02:00:00,279.36546,Sistema
2023-06-11T03:00:00,260.36546,Sistema
2023-06-11T04:00:00,260.36546,Sistema
2023-06-11T05:00:00,260.36546,Sistema
2023-06-11T06:00:00,260.36546,Sistema
2023-06-11T07:00:00,260.36546,Sistema
2023-06-11T08:00:00,260.36546,Sistema
2023-06-11T09:00:00,260.36546,Sistema
2023-06-11T10:00:00,279.36546,Sistema
2023-06-11T11:00:00,289.36546,Sistema
2023-06-11T12:00:00,289.36546,Sistema
2023-06-11T13:00:00,293.86546,Sistema
2023-06-11T14:00:00,293.86546,Sistema
2023-06-11T15:00:00,289.36546,Sistema
2023-06-11T16:00:00,289.36546,Sistema
2023-06-11T17:00:00,289.36546,Sistema
2023-06-11T18:00:00,293.86546,Sistema
2023-06-11T19:00:00,293.86546,Sistema
2023-06-11T20:00:00,299.86546,Sistema
2023-06-11T21:00:00,299.86546,Sistema
2023-06-11T22:00:00,293.86546,Sistema
2023-06-11T23:00:00,293.86546,Sistema
2023-06-11T24:00:00,289.36546,Sistema
2023-06-12T01:00:00,292.17474,Sistema
2023-06-12T02:00:00,292.17474,Sistema
2023-06-12T03:00:00,292.17474,Sistema
2023-06-12T04:00:00,288.17474,Sistema
2023-06-12T05:00:00,288.17474,Sistema
2023-06-12T06:00:00,288.17474,Sistema
2023-06-12T07:00:00,288.17474,Sistema
2023-06-12T08:00:00,292.17474,Sistema
2023-06-12T09:00:00,292.17474,Sistema
2023-06-12T10:00:00,296.67474,Sistema
2023-06-12T11:00:00,296.67474,Sistema
2023-06-12T12:00:00,296.67474,Sistema
2023-06-12T13:00:00,296.67474,Sistema
2023-06-12T14:00:00,296.67474,Sistema
2023-06-12T15:00:00,296.67474,Sistema
2023-06-12T16:00:00,296.67474,Sistema
2023-06-12T17:00:00,296.67474,Sistema
2023-06-12T18:00:00,296.67474,Sistema
2023-06-12T19:00:00,302.17474,Sistema
2023-06-12T20:00:00,302.17474,Sistema
2023-06-12T21:00:00,302.17474,Sistema
2023-06-12T22:00:00,302.17474,Sistema
2023-06-12T23:00:00,302.17474,Sistema
2023-06-12T24:00:00,296.67474,Sistema
2023-06-13T01:00:00,283.83838,Sistema
2023-06-13T02:00:00,283.83838,Sistema
2023-06-13T03:00:00,283.83838,Sistema
2023-06-13T04:00:00,283.83838,Sistema
2023-06-13T05:00:00,283.83838,Sistema
2023-06-13T06:00:00,283.83838,Sistema
2023-06-13T07:00:00,283.83838,Sistema
2023-06-13T08:00:00,283.83838,Sistema
2023-06-13T09:00:00,298.83838,Sistema
2023-06-13T10:00:00,298.83838,Sistema
2023-06-13T11:00:00,305.83838,Sistema
2023-06-13T12:00:00,306.83838,Sistema
2023-06-13T13:00:00,306.83838,Sistema
2023-06-13T14:00:00,379.83838,Sistema
2023-06-13T15:00:00,379.83838,Sistema
2023-06-13T16:00:00,379.83838,Sistema
2023-06-13T17:00:00,379.83838,Sistema
2023-06-13T18:00:00,306.83838,Sistema
2023-06-13T19:00:00,379.83838,Sistema
2023-06-13T20:00:00,519.83838,Sistema
2023-06-13T21:00:00,449.83838,Sistema
2023-06-13T22:00:00,306.83838,Sistema
2023-06-13T23:00:00,298.83838,Sistema
2023-06-13T24:00:00,298.83838,Sistema
2023-06-14T01:00:00,294.74399,Sistema
2023-06-14T02:00:00,294.74399,Sistema
2023-06-14T03:00:00,294.74399,Sistema
2023-06-14T04:00:00,294.74399,Sistema
2023-06-14T05:00:00,294.74399,Sistema
2023-06-14T06:00:00,294.74399,Sistema
2023-06-14T07:00:00,294.74399,Sistema
2023-06-14T08:00:00,294.74399,Sistema
2023-06-14T09:00:00,301.74399,Sistema
2023-06-14T10:00:00,308.74399,Sistema
2023-06-14T11:00:00,343.74399,Sistema
2023-06-14T12:00:00,343.74399,Sistema
2023-06-14T13:00:00,343.74399,Sistema
2023-06-14T14:00:00,448.74399,Sistema
2023-06-14T15:00:00,448.74399,Sistema
2023-06-14T16:00:00,448.74399,Sistema
2023-06-14T17:00:00,448.74399,Sistema
2023-06-14T18:00:00,308.74399,Sistema
2023-06-14T19:00:00,448.74399,Sistema
2023-06-14T20:00:00,518.74399,Sistema
2023-06-14T21:00:00,448.74399,Sistema
2023-06-14T22:00:00,343.74399,Sistema
2023-06-14T23:00:00,301.74399,Sistema
2023-06-14T24:00:00,294.74399,Sistema
2023-06-15T01:00:00,331.98742,Sistema
2023-06-15T02:00:00,331.98742,Sistema
2023-06-15T03:00:00,304.28742,Sistema
2023-06-15T04:00:00,332.09842,Sistema
2023-06-15T05:00:00,331.98742,Sistema
2023-06-15T06:00:00,332.09842,Sistema
2023-06-15T07:00:00,332.09842,Sistema
2023-06-15T08:00:00,332.09842,Sistema
2023-06-15T09:00:00,381.98742,Sistema
2023-06-15T10:00:00,381.98742,Sistema
2023-06-15T11:00:00,381.98742,Sistema
2023-06-15T12:00:00,381.98742,Sistema
2023-06-15T13:00:00,381.98742,Sistema
2023-06-15T14:00:00,381.98742,Sistema
2023-06-15T15:00:00,381.98742,Sistema
2023-06-15T16:00:00,381.98742,Sistema
2023-06-15T17:00:00,381.98742,Sistema
2023-06-15T18:00:00,381.98742,Sistema
2023-06-15T19:00:00,381.98742,Sistema
2023-06-15T20:00:00,381.98742,Sistema
2023-06-15T21:00:00,381.98742,Sistema
2023-06-15T22:00:00,381.98742,Sistema
2023-06-15T23:00:00,381.98742,Sistema
2023-06-15T24:00:00,341.98642,Sistema
2023-06-16T01:00:00,358.85698,Sistema
2023-06-16T02:00:00,358.85698,Sistema
2023-06-16T03:00:00,358.85698,Sistema
2023-06-16T04:00:00,358.85698,Sistema
2023-06-16T05:00:00,358.85698,Sistema
2023-06-16T06:00:00,384.75798,Sistema
2023-06-16T07:00:00,384.75798,Sistema
2023-06-16T08:00:00,384.75798,Sistema
2023-06-16T09:00:00,413.85798,Sistema
2023-06-16T10:00:00,413.85798,Sistema
2023-06-16T11:00:00,418.85798,Sistema
2023-06-16T12:00:00,418.85798,Sistema
2023-06-16T13:00:00,418.85798,Sistema
2023-06-16T14:00:00,428.85798,Sistema
2023-06-16T15:00:00,478.85798,Sistema
2023-06-16T16:00:00,478.85798,Sistema
2023-06-16T17:00:00,418.85798,Sistema
2023-06-16T18:00:00,418.85798,Sistema
2023-06-16T19:00:00,428.85798,Sistema
2023-06-16T20:00:00,488.85798,Sistema
2023-06-16T21:00:00,418.85798,Sistema
2023-06-16T22:00:00,413.85798,Sistema
2023-06-16T23:00:00,413.85798,Sistema
2023-06-16T24:00:00,413.85798,Sistema
2023-06-17T01:00:00,418.29429,Sistema
2023-06-17T02:00:00,418.29429,Sistema
2023-06-17T03:00:00,418.29429,Sistema
2023-06-17T04:00:00,418.29429,Sistema
2023-06-17T05:00:00,418.29429,Sistema
2023-06-17T06:00:00,418.29429,Sistema
2023-06-17T07:00:00,418.29429,Sistema
2023-06-17T08:00:00,430.79429,Sistema
2023-06-17T09:00:00,446.79429,Sistema
2023-06-17T10:00:00,446.79429,Sistema
2023-06-17T11:00:00,446.79429,Sistema
2023-06-17T12:00:00,446.79429,Sistema
2023-06-17T13:00:00,446.79429,Sistema
2023-06-17T14:00:00,446.79429,Sistema
2023-06-17T15:00:00,446.79429,Sistema
2023-06-17T16:00:00,446.79429,Sistema
2023-06-17T17:00:00,446.79429,Sistema
2023-06-17T18:00:00,446.79429,Sistema
2023-06-17T19:00:00,480.79429,Sistema
2023-06-17T20:00:00,480.79429,Sistema
2023-06-17T21:00:00,477.79429,Sistema
2023-06-17T22:00:00,446.79429,Sistema
2023-06-17T23:00:00,446.79429,Sistema
2023-06-17T24:00:00,430.79429,Sistema
2023-06-18T01:00:00,483.36234,Sistema
2023-06-18T02:00:00,483.36234,Sistema
2023-06-18T03:00:00,483.36234,Sistema
2023-06-18T04:00:00,483.36234,Sistema
2023-06-18T05:00:00,483.36234,Sistema
2023-06-18T06:00:00,439.27334,Sistema
2023-06-18T07:00:00,439.27334,Sistema
2023-06-18T08:00:00,439.27334,Sistema
2023-06-18T09:00:00,483.36234,Sistema
2023-06-18T10:00:00,483.36234,Sistema
2023-06-18T11:00:00,483.36234,Sistema
2023-06-18T12:00:00,483.36234,Sistema
2023-06-18T13:00:00,483.36234,Sistema
2023-06-18T14:00:00,483.36234,Sistema
2023-06-18T15:00:00,483.36234,Sistema
2023-06-18T16:00:00,483.36234,Sistema
2023-06-18T17:00:00,483.36234,Sistema
2023-06-18T18:00:00,494.56234,Sistema
2023-06-18T19:00:00,589.16234,Sistema
2023-06-18T20:00:00,599.16234,Sistema
2023-06-18T21:00:00,589.16234,Sistema
2023-06-18T22:00:00,589.16234,Sistema
2023-06-18T23:00:00,549.16134,Sistema
2023-06-18T24:00:00,494.56234,Sistema
2023-06-19T01:00:00,521.90694,Sistema
2023-06-19T02:00:00,521.90694,Sistema
2023-06-19T03:00:00,521.90694,Sistema
2023-06-19T04:00:00,521.90694,Sistema
2023-06-19T05:00:00,521.90694,Sistema
2023-06-19T06:00:00,521.90694,Sistema
2023-06-19T07:00:00,495.79594,Sistema
2023-06-19T08:00:00,495.79594,Sistema
2023-06-19T09:00:00,521.90694,Sistema
2023-06-19T10:00:00,521.90694,Sistema
2023-06-19T11:00:00,586.79594,Sistema
2023-06-19T12:00:00,595.79594,Sistema
2023-06-19T13:00:00,595.79594,Sistema
2023-06-19T14:00:00,595.79594,Sistema
2023-06-19T15:00:00,595.79594,Sistema
2023-06-19T16:00:00,595.79594,Sistema
2023-06-19T17:00:00,595.79594,Sistema
2023-06-19T18:00:00,595.79594,Sistema
2023-06-19T19:00:00,626.79594,Sistema
2023-06-19T20:00:00,626.79594,Sistema
2023-06-19T21:00:00,626.79594,Sistema
2023-06-19T22:00:00,626.79594,Sistema
2023-06-19T23:00:00,626.79594,Sistema
2023-06-19T24:00:00,595.79594,Sistema
2023-06-20T01:00:00,431.75999,Sistema
2023-06-20T02:00:00,431.75999,Sistema
2023-06-20T03:00:00,431.75999,Sistema
2023-06-20T04:00:00,431.75999,Sistema
2023-06-20T05:00:00,449.67799,Sistema
2023-06-20T06:00:00,595.75999,Sistema
2023-06-20T07:00:00,595.75999,Sistema
2023-06-20T08:00:00,595.75999,Sistema
2023-06-20T09:00:00,646.75899,Sistema
2023-06-20T10:00:00,666.75999,Sistema
2023-06-20T11:00:00,656.75999,Sistema
2023-06-20T12:00:00,656.75999,Sistema
2023-06-20T13:00:00,656.75999,Sistema
2023-06-20T14:00:00,661.75999,Sistema
2023-06-20T15:00:00,666.75999,Sistema
2023-06-20T16:00:00,666.75999,Sistema
2023-06-20T17:00:00,661.75999,Sistema
2023-06-20T18:00:00,656.75999,Sistema
2023-06-20T19:00:00,666.75999,Sistema
2023-06-20T20:00:00,666.75999,Sistema
2023-06-20T21:00:00,656.75999,Sistema
2023-06-20T22:00:00,656.75999,Sistema
2023-06-20T23:00:00,646.75899,Sistema
2023-06-20T24:00:00,595.75999,Sistema
2023-06-21T01:00:00,666.9131,Sistema
2023-06-21T02:00:00,666.9131,Sistema
2023-06-21T03:00:00,666.9131,Sistema
2023-06-21T04:00:00,666.9131,Sistema
2023-06-21T05:00:00,666.9131,Sistema
2023-06-21T06:00:00,666.9131,Sistema
2023-06-21T07:00:00,666.9131,Sistema
2023-06-21T08:00:00,674.9131,Sistema
2023-06-21T09:00:00,674.9131,Sistema
2023-06-21T10:00:00,690.9131,Sistema
2023-06-21T11:00:00,695.9121,Sistema
2023-06-21T12:00:00,845.9131,Sistema
2023-06-21T13:00:00,845.9131,Sistema
2023-06-21T14:00:00,845.9131,Sistema
2023-06-21T15:00:00,845.9131,Sistema
2023-06-21T16:00:00,845.9131,Sistema
2023-06-21T17:00:00,845.9131,Sistema
2023-06-21T18:00:00,695.9121,Sistema
2023-06-21T19:00:00,845.9131,Sistema
2023-06-21T20:00:00,845.9131,Sistema
2023-06-21T21:00:00,845.9131,Sistema
2023-06-21T22:00:00,695.9121,Sistema
2023-06-21T23:00:00,674.9131,Sistema
2023-06-21T24:00:00,671.9131,Sistema
2023-06-22T01:00:00,744.90793,Sistema
2023-06-22T02:00:00,679.40793,Sistema
2023-06-22T03:00:00,679.40793,Sistema
2023-06-22T04:00:00,675.90793,Sistema
2023-06-22T05:00:00,679.40793,Sistema
2023-06-22T06:00:00,679.40793,Sistema
2023-06-22T07:00:00,679.40793,Sistema
2023-06-22T08:00:00,756.40793,Sistema
2023-06-22T09:00:00,761.40793,Sistema
2023-06-22T10:00:00,761.40793,Sistema
2023-06-22T11:00:00,761.40793,Sistema
2023-06-22T12:00:00,795.90793,Sistema
2023-06-22T13:00:00,795.90793,Sistema
2023-06-22T14:00:00,795.90793,Sistema
2023-06-22T15:00:00,795.90793,Sistema
2023-06-22T16:00:00,795.90793,Sistema
2023-06-22T17:00:00,795.90793,Sistema
2023-06-22T18:00:00,761.40793,Sistema
2023-06-22T19:00:00,761.40793,Sistema
2023-06-22T20:00:00,795.90793,Sistema
2023-06-22T21:00:00,761.40793,Sistema
2023-06-22T22:00:00,761.40793,Sistema
2023-06-22T23:00:00,761.40793,Sistema
2023-06-22T24:00:00,744.90793,Sistema
2023-06-23T01:00:00,815.89221,Sistema
2023-06-23T02:00:00,785.89221,Sistema
2023-06-23T03:00:00,785.89221,Sistema
2023-06-23T04:00:00,785.89221,Sistema
2023-06-23T05:00:00,815.89221,Sistema
2023-06-23T06:00:00,815.89221,Sistema
2023-06-23T07:00:00,815.89221,Sistema
2023-06-23T08:00:00,820.89221,Sistema
2023-06-23T09:00:00,875.89221,Sistema
2023-06-23T10:00:00,875.89221,Sistema
2023-06-23T11:00:00,875.89221,Sistema
2023-06-23T12:00:00,875.89221,Sistema
2023-06-23T13:00:00,875.89221,Sistema
2023-06-23T14:00:00,875.89221,Sistema
2023-06-23T15:00:00,885.89221,Sistema
2023-06-23T16:00:00,885.89221,Sistema
2023-06-23T17:00:00,875.89221,Sistema
2023-06-23T18:00:00,875.89221,Sistema
2023-06-23T19:00:00,875.89221,Sistema
2023-06-23T20:00:00,875.89221,Sistema
2023-06-23T21:00:00,875.89221,Sistema
2023-06-23T22:00:00,875.89221,Sistema
2023-06-23T23:00:00,820.89221,Sistema
2023-06-23T24:00:00,815.89221,Sistema
2023-06-24T01:00:00,915.23107,Sistema
2023-06-24T02:00:00,892.23107,Sistema
2023-06-24T03:00:00,887.23107,Sistema
2023-06-24T04:00:00,775.13607,Sistema
2023-06-24T05:00:00,775.13607,Sistema
2023-06-24T06:00:00,775.13607,Sistema
2023-06-24T07:00:00,887.23107,Sistema
2023-06-24T08:00:00,892.23107,Sistema
2023-06-24T09:00:00,915.23107,Sistema
2023-06-24T10:00:00,915.23107,Sistema
2023-06-24T11:00:00,915.23107,Sistema
2023-06-24T12:00:00,917.23107,Sistema
2023-06-24T13:00:00,917.23107,Sistema
2023-06-24T14:00:00,917.23107,Sistema
2023-06-24T15:00:00,915.23107,Sistema
2023-06-24T16:00:00,915.23107,Sistema
2023-06-24T17:00:00,915.23107,Sistema
2023-06-24T18:00:00,915.23107,Sistema
2023-06-24T19:00:00,917.23107,Sistema
2023-06-24T20:00:00,917.23107,Sistema
2023-06-24T21:00:00,917.23107,Sistema
2023-06-24T22:00:00,917.23107,Sistema
2023-06-24T23:00:00,915.23107,Sistema
2023-06-24T24:00:00,892.23107,Sistema
2023-06-25T01:00:00,581.73888,Sistema
2023-06-25T02:00:00,779.36688,Sistema
2023-06-25T03:00:00,581.73888,Sistema
2023-06-25T04:00:00,581.73888,Sistema
2023-06-25T05:00:00,581.73888,Sistema
2023-06-25T06:00:00,779.36688,Sistema
2023-06-25T07:00:00,314.68988,Sistema
2023-06-25T08:00:00,581.73888,Sistema
2023-06-25T09:00:00,862.53888,Sistema
2023-06-25T10:00:00,581.73888,Sistema
2023-06-25T11:00:00,862.53888,Sistema
2023-06-25T12:00:00,732.43988,Sistema
2023-06-25T13:00:00,862.53888,Sistema
2023-06-25T14:00:00,862.53888,Sistema
2023-06-25T15:00:00,732.43988,Sistema
2023-06-25T16:00:00,732.43988,Sistema
2023-06-25T17:00:00,732.43988,Sistema
2023-06-25T18:00:00,732.43988,Sistema
2023-06-25T19:00:00,862.53888,Sistema
2023-06-25T20:00:00,896.73888,Sistema
2023-06-25T21:00:00,896.73888,Sistema
2023-06-25T22:00:00,862.53888,Sistema
2023-06-25T23:00:00,862.53888,Sistema
2023-06-25T24:00:00,738.64988,Sistema
2023-06-26T01:00:00,281.19665,Sistema
2023-06-26T02:00:00,281.19665,Sistema
2023-06-26T03:00:00,281.19665,Sistema
2023-06-26T04:00:00,281.19665,Sistema
2023-06-26T05:00:00,297.17665,Sistema
2023-06-26T06:00:00,281.19665,Sistema
2023-06-26T07:00:00,281.19665,Sistema
2023-06-26T08:00:00,851.19665,Sistema
2023-06-26T09:00:00,896.19665,Sistema
2023-06-26T10:00:00,851.19665,Sistema
2023-06-26T11:00:00,851.19665,Sistema
2023-06-26T12:00:00,896.19665,Sistema
2023-06-26T13:00:00,896.19665,Sistema
2023-06-26T14:00:00,896.19665,Sistema
2023-06-26T15:00:00,896.19665,Sistema
2023-06-26T16:00:00,896.19665,Sistema
2023-06-26T17:00:00,896.19665,Sistema
2023-06-26T18:00:00,851.19665,Sistema
2023-06-26T19:00:00,896.19665,Sistema
2023-06-26T20:00:00,896.19665,Sistema
2023-06-26T21:00:00,896.19665,Sistema
2023-06-26T22:00:00,896.19665,Sistema
2023-06-26T23:00:00,851.19665,Sistema
2023-06-26T24:00:00,581.19665,Sistema
2023-06-27T01:00:00,110.69367,Sistema
2023-06-27T02:00:00,204.38367,Sistema
2023-06-27T03:00:00,204.38367,Sistema
2023-06-27T04:00:00,204.38367,Sistema
2023-06-27T05:00:00,204.38367,Sistema
2023-06-27T06:00:00,204.38367,Sistema
2023-06-27T07:00:00,210.83367,Sistema
2023-06-27T08:00:00,584.38367,Sistema
2023-06-27T09:00:00,733.38367,Sistema
2023-06-27T10:00:00,733.38367,Sistema
2023-06-27T11:00:00,804.38367,Sistema
2023-06-27T12:00:00,804.38367,Sistema
2023-06-27T13:00:00,804.38367,Sistema
2023-06-27T14:00:00,804.38367,Sistema
2023-06-27T15:00:00,804.38367,Sistema
2023-06-27T16:00:00,804.38367,Sistema
2023-06-27T17:00:00,804.38367,Sistema
2023-06-27T18:00:00,742.63667,Sistema
2023-06-27T19:00:00,804.38367,Sistema
2023-06-27T20:00:00,804.38367,Sistema
2023-06-27T21:00:00,804.38367,Sistema
2023-06-27T22:00:00,804.38367,Sistema
2023-06-27T23:00:00,733.38367,Sistema
2023-06-27T24:00:00,733.38367,Sistema
2023-06-28T01:00:00,586.84546,Sistema
2023-06-28T02:00:00,449.75546,Sistema
2023-06-28T03:00:00,341.84546,Sistema
2023-06-28T04:00:00,341.84546,Sistema
2023-06-28T05:00:00,341.84546,Sistema
2023-06-28T06:00:00,449.75546,Sistema
2023-06-28T07:00:00,586.84546,Sistema
2023-06-28T08:00:00,586.84546,Sistema
2023-06-28T09:00:00,586.84546,Sistema
2023-06-28T10:00:00,686.84546,Sistema
2023-06-28T11:00:00,686.84546,Sistema
2023-06-28T12:00:00,736.84546,Sistema
2023-06-28T13:00:00,736.84546,Sistema
2023-06-28T14:00:00,736.84546,Sistema
2023-06-28T15:00:00,736.84546,Sistema
2023-06-28T16:00:00,736.84546,Sistema
2023-06-28T17:00:00,736.84546,Sistema
2023-06-28T18:00:00,686.84546,Sistema
2023-06-28T19:00:00,736.84546,Sistema
2023-06-28T20:00:00,736.84546,Sistema
2023-06-28T21:00:00,736.84546,Sistema
2023-06-28T22:00:00,686.84546,Sistema
2023-06-28T23:00:00,586.84546,Sistema
2023-06-28T24:00:00,586.84546,Sistema
2023-06-29T01:00:00,342.63383,Sistema
2023-06-29T02:00:00,342.63383,Sistema
2023-06-29T03:00:00,342.63383,Sistema
2023-06-29T04:00:00,342.63383,Sistema
2023-06-29T05:00:00,342.63383,Sistema
2023-06-29T06:00:00,342.63383,Sistema
2023-06-29T07:00:00,426.76783,Sistema
2023-06-29T08:00:00,447.63383,Sistema
2023-06-29T09:00:00,447.63383,Sistema
2023-06-29T10:00:00,450.54383,Sistema
2023-06-29T11:00:00,458.63383,Sistema
2023-06-29T12:00:00,458.63383,Sistema
2023-06-29T13:00:00,458.63383,Sistema
2023-06-29T14:00:00,458.63383,Sistema
2023-06-29T15:00:00,672.63383,Sistema
2023-06-29T16:00:00,672.63383,Sistema
2023-06-29T17:00:00,458.63383,Sistema
2023-06-29T18:00:00,457.63383,Sistema
2023-06-29T19:00:00,458.63383,Sistema
2023-06-29T20:00:00,672.63383,Sistema
2023-06-29T21:00:00,672.63383,Sistema
2023-06-29T22:00:00,458.63383,Sistema
2023-06-29T23:00:00,447.63383,Sistema
2023-06-29T24:00:00,447.63383,Sistema
2023-06-30T01:00:00,492.49501,Sistema
2023-06-30T02:00:00,492.49501,Sistema
2023-06-30T03:00:00,492.49501,Sistema
2023-06-30T04:00:00,492.49501,Sistema
2023-06-30T05:00:00,492.49501,Sistema
2023-06-30T06:00:00,492.49501,Sistema
2023-06-30T07:00:00,492.49501,Sistema
2023-06-30T08:00:00,492.49501,Sistema
2023-06-30T09:00:00,492.49501,Sistema
2023-06-30T10:00:00,492.49501,Sistema
2023-06-30T11:00:00,517.49501,Sistema
2023-06-30T12:00:00,517.49501,Sistema
2023-06-30T13:00:00,517.49501,Sistema
2023-06-30T14:00:00,517.49501,Sistema
2023-06-30T15:00:00,571.49501,Sistema
2023-06-30T16:00:00,571.49501,Sistema
2023-06-30T17:00:00,517.49501,Sistema
2023-06-30T18:00:00,516.49501,Sistema
2023-06-30T19:00:00,571.49501,Sistema
2023-06-30T20:00:00,571.49501,Sistema
2023-06-30T21:00:00,571.49501,Sistema
2023-06-30T22:00:00,517.49501,Sistema
2023-06-30T23:00:00,492.49501,Sistema
2023-06-30T24:00:00,492.49501,Sistema
2023-07-01T01:00:00,519.227,Sistema
2023-07-01T02:00:00,519.227,Sistema
2023-07-01T03:00:00,513.227,Sistema
2023-07-01T04:00:00,513.227,Sistema
2023-07-01T05:00:00,513.227,Sistema
2023-07-01T06:00:00,513.227,Sistema
2023-07-01T07:00:00,513.227,Sistema
2023-07-01T08:00:00,519.227,Sistema
2023-07-01T09:00:00,559.227,Sistema
2023-07-01T10:00:00,559.227,Sistema
2023-07-01T11:00:00,559.227,Sistema
2023-07-01T12:00:00,559.227,Sistema
2023-07-01T13:00:00,559.227,Sistema
2023-07-01T14:00:00,559.227,Sistema
2023-07-01T15:00:00,559.227,Sistema
2023-07-01T16:00:00,559.227,Sistema
2023-07-01T17:00:00,559.227,Sistema
2023-07-01T18:00:00,559.227,Sistema
2023-07-01T19:00:00,579.227,Sistema
2023-07-01T20:00:00,579.227,Sistema
2023-07-01T21:00:00,559.227,Sistema
2023-07-01T22:00:00,559.227,Sistema
2023-07-01T23:00:00,559.227,Sistema
2023-07-01T24:00:00,519.227,Sistema
2023-07-02T01:00:00,559.21681,Sistema
2023-07-02T02:00:00,559.21681,Sistema
2023-07-02T03:00:00,559.21681,Sistema
2023-07-02T04:00:00,559.21681,Sistema
2023-07-02T05:00:00,559.21681,Sistema
2023-07-02T06:00:00,489.21681,Sistema
2023-07-02T07:00:00,489.21681,Sistema
2023-07-02T08:00:00,489.21681,Sistema
2023-07-02T09:00:00,559.21681,Sistema
2023-07-02T10:00:00,559.21681,Sistema
2023-07-02T11:00:00,559.21681,Sistema
2023-07-02T12:00:00,559.21681,Sistema
2023-07-02T13:00:00,559.21681,Sistema
2023-07-02T14:00:00,559.21681,Sistema
2023-07-02T15:00:00,559.21681,Sistema
2023-07-02T16:00:00,559.21681,Sistema
2023-07-02T17:00:00,559.21681,Sistema
2023-07-02T18:00:00,559.21681,Sistema
2023-07-02T19:00:00,559.21681,Sistema
2023-07-02T20:00:00,561.21681,Sistema
2023-07-02T21:00:00,561.21681,Sistema
2023-07-02T22:00:00,559.21681,Sistema
2023-07-02T23:00:00,559.21681,Sistema
2023-07-02T24:00:00,559.21681,Sistema
2023-07-03T01:00:00,380.68223,Sistema
2023-07-03T02:00:00,380.68223,Sistema
2023-07-03T03:00:00,250.32923,Sistema
2023-07-03T04:00:00,367.48223,Sistema
2023-07-03T05:00:00,380.68223,Sistema
2023-07-03T06:00:00,380.68223,Sistema
2023-07-03T07:00:00,380.68223,Sistema
2023-07-03T08:00:00,380.68223,Sistema
2023-07-03T09:00:00,380.68223,Sistema
2023-07-03T10:00:00,380.68223,Sistema
2023-07-03T11:00:00,380.68223,Sistema
2023-07-03T12:00:00,597.68223,Sistema
2023-07-03T13:00:00,597.68223,Sistema
2023-07-03T14:00:00,597.68223,Sistema
2023-07-03T15:00:00,597.68223,Sistema
2023-07-03T16:00:00,597.68223,Sistema
2023-07-03T17:00:00,597.68223,Sistema
2023-07-03T18:00:00,597.68223,Sistema
2023-07-03T19:00:00,597.68223,Sistema
2023-07-03T20:00:00,600.68223,Sistema
2023-07-03T21:00:00,600.68223,Sistema
2023-07-03T22:00:00,597.68223,Sistema
2023-07-03T23:00:00,597.68223,Sistema
2023-07-03T24:00:00,446.78223,Sistema
2023-07-04T01:00:00,448.86261,Sistema
2023-07-04T02:00:00,448.86261,Sistema
2023-07-04T03:00:00,448.86261,Sistema
2023-07-04T04:00:00,448.86261,Sistema
2023-07-04T05:00:00,448.86261,Sistema
2023-07-04T06:00:00,448.86261,Sistema
2023-07-04T07:00:00,448.86261,Sistema
2023-07-04T08:00:00,543.86261,Sistema
2023-07-04T09:00:00,599.86261,Sistema
2023-07-04T10:00:00,599.86261,Sistema
2023-07-04T11:00:00,599.86261,Sistema
2023-07-04T12:00:00,599.86261,Sistema
2023-07-04T13:00:00,599.86261,Sistema
2023-07-04T14:00:00,599.86261,Sistema
2023-07-04T15:00:00,599.86261,Sistema
2023-07-04T16:00:00,599.86261,Sistema
2023-07-04T17:00:00,599.86261,Sistema
2023-07-04T18:00:00,599.86261,Sistema
2023-07-04T19:00:00,614.86261,Sistema
2023-07-04T20:00:00,615.86261,Sistema
2023-07-04T21:00:00,615.86261,Sistema
2023-07-04T22:00:00,599.86261,Sistema
2023-07-04T23:00:00,599.86261,Sistema
2023-07-04T24:00:00,543.86261,Sistema
2023-07-05T01:00:00,541.12662,Sistema
2023-07-05T02:00:00,541.12662,Sistema
2023-07-05T03:00:00,541.12662,Sistema
2023-07-05T04:00:00,541.12662,Sistema
2023-07-05T05:00:00,606.12662,Sistema
2023-07-05T06:00:00,606.12662,Sistema
2023-07-05T07:00:00,606.12662,Sistema
2023-07-05T08:00:00,623.12662,Sistema
2023-07-05T09:00:00,623.62662,Sistema
2023-07-05T10:00:00,623.62662,Sistema
2023-07-05T11:00:00,623.62662,Sistema
2023-07-05T12:00:00,623.62662,Sistema
2023-07-05T13:00:00,623.62662,Sistema
2023-07-05T14:00:00,623.62662,Sistema
2023-07-05T15:00:00,623.62662,Sistema
2023-07-05T16:00:00,623.62662,Sistema
2023-07-05T17:00:00,623.62662,Sistema
2023-07-05T18:00:00,623.62662,Sistema
2023-07-05T19:00:00,623.62662,Sistema
2023-07-05T20:00:00,623.62662,Sistema
2023-07-05T21:00:00,623.62662,Sistema
2023-07-05T22:00:00,623.62662,Sistema
2023-07-05T23:00:00,623.12662,Sistema
2023-07-05T24:00:00,623.12662,Sistema
2023-07-06T01:00:00,592.36549,Sistema
2023-07-06T02:00:00,603.36549,Sistema
2023-07-06T03:00:00,603.36549,Sistema
2023-07-06T04:00:00,603.36549,Sistema
2023-07-06T05:00:00,603.36549,Sistema
2023-07-06T06:00:00,603.36549,Sistema
2023-07-06T07:00:00,608.36549,Sistema
2023-07-06T08:00:00,613.46549,Sistema
2023-07-06T09:00:00,613.46549,Sistema
2023-07-06T10:00:00,613.46549,Sistema
2023-07-06T11:00:00,618.36549,Sistema
2023-07-06T12:00:00,618.36549,Sistema
2023-07-06T13:00:00,618.36549,Sistema
2023-07-06T14:00:00,618.36549,Sistema
2023-07-06T15:00:00,618.36549,Sistema
2023-07-06T16:00:00,618.36549,Sistema
2023-07-06T17:00:00,618.36549,Sistema
2023-07-06T18:00:00,618.36549,Sistema
2023-07-06T19:00:00,618.36549,Sistema
2023-07-06T20:00:00,618.36549,Sistema
2023-07-06T21:00:00,618.36549,Sistema
2023-07-06T22:00:00,618.36549,Sistema
2023-07-06T23:00:00,613.46549,Sistema
2023-07-06T24:00:00,613.46549,Sistema
2023-07-07T01:00:00,451.69864,Sistema
2023-07-07T02:00:00,451.69864,Sistema
2023-07-07T03:00:00,451.69864,Sistema
2023-07-07T04:00:00,451.69864,Sistema
2023-07-07T05:00:00,451.69864,Sistema
2023-07-07T06:00:00,451.69864,Sistema
2023-07-07T07:00:00,451.69864,Sistema
2023-07-07T08:00:00,606.69864,Sistema
2023-07-07T09:00:00,606.69864,Sistema
2023-07-07T10:00:00,606.69864,Sistema
2023-07-07T11:00:00,606.69864,Sistema
2023-07-07T12:00:00,607.69864,Sistema
2023-07-07T13:00:00,606.69864,Sistema
2023-07-07T14:00:00,607.69864,Sistema
2023-07-07T15:00:00,607.69864,Sistema
2023-07-07T16:00:00,607.69864,Sistema
2023-07-07T17:00:00,607.69864,Sistema
2023-07-07T18:00:00,606.69864,Sistema
2023-07-07T19:00:00,607.69864,Sistema
2023-07-07T20:00:00,607.69864,Sistema
2023-07-07T21:00:00,607.69864,Sistema
2023-07-07T22:00:00,606.69864,Sistema
2023-07-07T23:00:00,606.69864,Sistema
2023-07-07T24:00:00,606.69864,Sistema
2023-07-08T01:00:00,490.39227,Sistema
2023-07-08T02:00:00,451.39227,Sistema
2023-07-08T03:00:00,451.39227,Sistema
2023-07-08T04:00:00,451.39227,Sistema
2023-07-08T05:00:00,451.39227,Sistema
2023-07-08T06:00:00,451.39227,Sistema
2023-07-08T07:00:00,490.39227,Sistema
2023-07-08T08:00:00,500.91027,Sistema
2023-07-08T09:00:00,500.91027,Sistema
2023-07-08T10:00:00,500.91027,Sistema
2023-07-08T11:00:00,500.91027,Sistema
2023-07-08T12:00:00,585.39227,Sistema
2023-07-08T13:00:00,585.39227,Sistema
2023-07-08T14:00:00,585.39227,Sistema
2023-07-08T15:00:00,500.91027,Sistema
2023-07-08T16:00:00,500.91027,Sistema
2023-07-08T17:00:00,500.91027,Sistema
2023-07-08T18:00:00,500.91027,Sistema
2023-07-08T19:00:00,585.39227,Sistema
2023-07-08T20:00:00,608.39227,Sistema
2023-07-08T21:00:00,585.39227,Sistema
2023-07-08T22:00:00,500.91027,Sistema
2023-07-08T23:00:00,500.91027,Sistema
2023-07-08T24:00:00,490.39227,Sistema
2023-07-09T01:00:00,487.88614,Sistema
2023-07-09T02:00:00,449.88614,Sistema
2023-07-09T03:00:00,449.88614,Sistema
2023-07-09T04:00:00,449.88614,Sistema
2023-07-09T05:00:00,449.88614,Sistema
2023-07-09T06:00:00,246.98514,Sistema
2023-07-09T07:00:00,246.98514,Sistema
2023-07-09T08:00:00,443.39314,Sistema
2023-07-09T09:00:00,444.88614,Sistema
2023-07-09T10:00:00,449.88614,Sistema
2023-07-09T11:00:00,449.88614,Sistema
2023-07-09T12:00:00,449.88614,Sistema
2023-07-09T13:00:00,449.88614,Sistema
2023-07-09T14:00:00,449.88614,Sistema
2023-07-09T15:00:00,449.88614,Sistema
2023-07-09T16:00:00,449.88614,Sistema
2023-07-09T17:00:00,449.88614,Sistema
2023-07-09T18:00:00,449.88614,Sistema
2023-07-09T19:00:00,489.88614,Sistema
2023-07-09T20:00:00,500.88614,Sistema
2023-07-09T21:00:00,500.88614,Sistema
2023-07-09T22:00:00,489.88614,Sistema
2023-07-09T23:00:00,487.88614,Sistema
2023-07-09T24:00:00,449.88614,Sistema
2023-07-10T01:00:00,344.03567,Sistema
2023-07-10T02:00:00,344.03567,Sistema
2023-07-10T03:00:00,344.03567,Sistema
2023-07-10T04:00:00,344.03567,Sistema
2023-07-10T05:00:00,344.03567,Sistema
2023-07-10T06:00:00,344.03567,Sistema
2023-07-10T07:00:00,442.54267,Sistema
2023-07-10T08:00:00,488.03567,Sistema
2023-07-10T09:00:00,500.03567,Sistema
2023-07-10T10:00:00,500.03567,Sistema
2023-07-10T11:00:00,501.03567,Sistema
2023-07-10T12:00:00,529.03567,Sistema
2023-07-10T13:00:00,529.03567,Sistema
2023-07-10T14:00:00,529.03567,Sistema
2023-07-10T15:00:00,529.03567,Sistema
2023-07-10T16:00:00,529.03567,Sistema
2023-07-10T17:00:00,529.03567,Sistema
2023-07-10T18:00:00,500.03567,Sistema
2023-07-10T19:00:00,500.03567,Sistema
2023-07-10T20:00:00,529.03567,Sistema
2023-07-10T21:00:00,500.03567,Sistema
2023-07-10T22:00:00,500.03567,Sistema
2023-07-10T23:00:00,500.03567,Sistema
2023-07-10T24:00:00,442.54267,Sistema
2023-07-11T01:00:00,468.59615,Sistema
2023-07-11T02:00:00,468.59615,Sistema
2023-07-11T03:00:00,349.59615,Sistema
2023-07-11T04:00:00,349.59615,Sistema
2023-07-11T05:00:00,468.59615,Sistema
2023-07-11T06:00:00,488.59615,Sistema
2023-07-11T07:00:00,488.59615,Sistema
2023-07-11T08:00:00,500.59615,Sistema
2023-07-11T09:00:00,500.59615,Sistema
2023-07-11T10:00:00,500.59615,Sistema
2023-07-11T11:00:00,501.59615,Sistema
2023-07-11T12:00:00,601.59615,Sistema
2023-07-11T13:00:00,600.59615,Sistema
2023-07-11T14:00:00,601.59615,Sistema
2023-07-11T15:00:00,601.59615,Sistema
2023-07-11T16:00:00,600.59615,Sistema
2023-07-11T17:00:00,601.59615,Sistema
2023-07-11T18:00:00,501.59615,Sistema
2023-07-11T19:00:00,601.59615,Sistema
2023-07-11T20:00:00,604.59615,Sistema
2023-07-11T21:00:00,604.59615,Sistema
2023-07-11T22:00:00,501.59615,Sistema
2023-07-11T23:00:00,500.59615,Sistema
2023-07-11T24:00:00,488.59615,Sistema
2023-07-12T01:00:00,499.37029,Sistema
2023-07-12T02:00:00,499.37029,Sistema
2023-07-12T03:00:00,499.37029,Sistema
2023-07-12T04:00:00,499.37029,Sistema
2023-07-12T05:00:00,499.37029,Sistema
2023-07-12T06:00:00,499.37029,Sistema
2023-07-12T07:00:00,499.37029,Sistema
2023-07-12T08:00:00,500.37029,Sistema
2023-07-12T09:00:00,599.87029,Sistema
2023-07-12T10:00:00,599.87029,Sistema
2023-07-12T11:00:00,599.87029,Sistema
2023-07-12T12:00:00,599.87029,Sistema
2023-07-12T13:00:00,599.87029,Sistema
2023-07-12T14:00:00,599.87029,Sistema
2023-07-12T15:00:00,599.87029,Sistema
2023-07-12T16:00:00,599.87029,Sistema
2023-07-12T17:00:00,599.87029,Sistema
2023-07-12T18:00:00,599.87029,Sistema
2023-07-12T19:00:00,599.87029,Sistema
2023-07-12T20:00:00,599.87029,Sistema
2023-07-12T21:00:00,599.87029,Sistema
2023-07-12T22:00:00,599.87029,Sistema
2023-07-12T23:00:00,501.37029,Sistema
2023-07-12T24:00:00,499.37029,Sistema
2023-07-13T01:00:00,597.43535,Sistema
2023-07-13T02:00:00,597.43535,Sistema
2023-07-13T03:00:00,597.43535,Sistema
2023-07-13T04:00:00,597.43535,Sistema
2023-07-13T05:00:00,597.43535,Sistema
2023-07-13T06:00:00,597.43535,Sistema
2023-07-13T07:00:00,597.43535,Sistema
2023-07-13T08:00:00,605.43535,Sistema
2023-07-13T09:00:00,606.43535,Sistema
2023-07-13T10:00:00,606.43535,Sistema
2023-07-13T11:00:00,606.43535,Sistema
2023-07-13T12:00:00,648.43535,Sistema
2023-07-13T13:00:00,606.43535,Sistema
2023-07-13T14:00:00,606.43535,Sistema
2023-07-13T15:00:00,648.43535,Sistema
2023-07-13T16:00:00,648.43535,Sistema
2023-07-13T17:00:00,707.43535,Sistema
2023-07-13T18:00:00,606.43535,Sistema
2023-07-13T19:00:00,648.43535,Sistema
2023-07-13T20:00:00,707.43535,Sistema
2023-07-13T21:00:00,707.43535,Sistema
2023-07-13T22:00:00,606.43535,Sistema
2023-07-13T23:00:00,606.43535,Sistema
2023-07-13T24:00:00,605.43535,Sistema
2023-07-14T01:00:00,647.0593,Sistema
2023-07-14T02:00:00,647.0593,Sistema
2023-07-14T03:00:00,608.0593,Sistema
2023-07-14T04:00:00,608.0593,Sistema
2023-07-14T05:00:00,608.0593,Sistema
2023-07-14T06:00:00,647.0593,Sistema
2023-07-14T07:00:00,647.0593,Sistema
2023-07-14T08:00:00,649.1593,Sistema
2023-07-14T09:00:00,693.1593,Sistema
2023-07-14T10:00:00,693.1593,Sistema
2023-07-14T11:00:00,693.1593,Sistema
2023-07-14T12:00:00,693.1593,Sistema
2023-07-14T13:00:00,693.1593,Sistema
2023-07-14T14:00:00,693.1593,Sistema
2023-07-14T15:00:00,693.1593,Sistema
2023-07-14T16:00:00,693.1593,Sistema
2023-07-14T17:00:00,693.1593,Sistema
2023-07-14T18:00:00,693.1593,Sistema
2023-07-14T19:00:00,693.1593,Sistema
2023-07-14T20:00:00,693.1593,Sistema
2023-07-14T21:00:00,693.1593,Sistema
2023-07-14T22:00:00,693.1593,Sistema
2023-07-14T23:00:00,647.0593,Sistema
2023-07-14T24:00:00,608.0593,Sistema
2023-07-15T01:00:00,603.03469,Sistema
2023-07-15T02:00:00,603.03469,Sistema
2023-07-15T03:00:00,603.03469,Sistema
2023-07-15T04:00:00,442.54169,Sistema
2023-07-15T05:00:00,442.54169,Sistema
2023-07-15T06:00:00,466.69269,Sistema
2023-07-15T07:00:00,603.03469,Sistema
2023-07-15T08:00:00,649.03469,Sistema
2023-07-15T09:00:00,656.03469,Sistema
2023-07-15T10:00:00,656.03469,Sistema
2023-07-15T11:00:00,656.03469,Sistema
2023-07-15T12:00:00,707.03469,Sistema
2023-07-15T13:00:00,656.03469,Sistema
2023-07-15T14:00:00,656.03469,Sistema
2023-07-15T15:00:00,656.03469,Sistema
2023-07-15T16:00:00,656.03469,Sistema
2023-07-15T17:00:00,656.03469,Sistema
2023-07-15T18:00:00,656.03469,Sistema
2023-07-15T19:00:00,707.03469,Sistema
2023-07-15T20:00:00,707.03469,Sistema
2023-07-15T21:00:00,707.03469,Sistema
2023-07-15T22:00:00,650.13469,Sistema
2023-07-15T23:00:00,656.03469,Sistema
2023-07-15T24:00:00,603.03469,Sistema
2023-07-16T01:00:00,647.83294,Sistema
2023-07-16T02:00:00,647.83294,Sistema
2023-07-16T03:00:00,647.83294,Sistema
2023-07-16T04:00:00,477.83294,Sistema
2023-07-16T05:00:00,647.83294,Sistema
2023-07-16T06:00:00,647.83294,Sistema
2023-07-16T07:00:00,647.83294,Sistema
2023-07-16T08:00:00,647.83294,Sistema
2023-07-16T09:00:00,647.83294,Sistema
2023-07-16T10:00:00,647.83294,Sistema
2023-07-16T11:00:00,647.83294,Sistema
2023-07-16T12:00:00,647.83294,Sistema
2023-07-16T13:00:00,647.83294,Sistema
2023-07-16T14:00:00,647.83294,Sistema
2023-07-16T15:00:00,647.83294,Sistema
2023-07-16T16:00:00,647.83294,Sistema
2023-07-16T17:00:00,647.83294,Sistema
2023-07-16T18:00:00,647.83294,Sistema
2023-07-16T19:00:00,705.83294,Sistema
2023-07-16T20:00:00,741.83294,Sistema
2023-07-16T21:00:00,741.83294,Sistema
2023-07-16T22:00:00,705.83294,Sistema
2023-07-16T23:00:00,705.83294,Sistema
2023-07-16T24:00:00,647.83294,Sistema
2023-07-17T01:00:00,514.53629,Sistema
2023-07-17T02:00:00,514.53629,Sistema
2023-07-17T03:00:00,514.53629,Sistema
2023-07-17T04:00:00,514.53629,Sistema
2023-07-17T05:00:00,514.53629,Sistema
2023-07-17T06:00:00,514.53629,Sistema
2023-07-17T07:00:00,514.53629,Sistema
2023-07-17T08:00:00,514.53629,Sistema
2023-07-17T09:00:00,649.02129,Sistema
2023-07-17T10:00:00,649.02129,Sistema
2023-07-17T11:00:00,649.02129,Sistema
2023-07-17T12:00:00,652.02129,Sistema
2023-07-17T13:00:00,652.02129,Sistema
2023-07-17T14:00:00,652.02129,Sistema
2023-07-17T15:00:00,653.02129,Sistema
2023-07-17T16:00:00,653.02129,Sistema
2023-07-17T17:00:00,652.02129,Sistema
2023-07-17T18:00:00,649.02129,Sistema
2023-07-17T19:00:00,653.02129,Sistema
2023-07-17T20:00:00,709.02129,Sistema
2023-07-17T21:00:00,653.02129,Sistema
2023-07-17T22:00:00,652.02129,Sistema
2023-07-17T23:00:00,649.02129,Sistema
2023-07-17T24:00:00,649.02129,Sistema
2023-07-18T01:00:00,499.27568,Sistema
2023-07-18T02:00:00,507.76068,Sistema
2023-07-18T03:00:00,499.27568,Sistema
2023-07-18T04:00:00,499.27568,Sistema
2023-07-18T05:00:00,507.76068,Sistema
2023-07-18T06:00:00,507.76068,Sistema
2023-07-18T07:00:00,508.76068,Sistema
2023-07-18T08:00:00,508.76068,Sistema
2023-07-18T09:00:00,508.76068,Sistema
2023-07-18T10:00:00,508.76068,Sistema
2023-07-18T11:00:00,539.76068,Sistema
2023-07-18T12:00:00,603.76068,Sistema
2023-07-18T13:00:00,603.76068,Sistema
2023-07-18T14:00:00,603.76068,Sistema
2023-07-18T15:00:00,603.76068,Sistema
2023-07-18T16:00:00,658.76068,Sistema
2023-07-18T17:00:00,603.76068,Sistema
2023-07-18T18:00:00,539.76068,Sistema
2023-07-18T19:00:00,658.76068,Sistema
2023-07-18T20:00:00,743.76068,Sistema
2023-07-18T21:00:00,658.76068,Sistema
2023-07-18T22:00:00,603.76068,Sistema
2023-07-18T23:00:00,508.76068,Sistema
2023-07-18T24:00:00,508.76068,Sistema
2023-07-19T01:00:00,248.7475,Sistema
2023-07-19T02:00:00,241.6485,Sistema
2023-07-19T03:00:00,248.7475,Sistema
2023-07-19T04:00:00,225.6285,Sistema
2023-07-19T05:00:00,241.6485,Sistema
2023-07-19T06:00:00,331.6485,Sistema
2023-07-19T07:00:00,331.6485,Sistema
2023-07-19T08:00:00,446.7065,Sistema
2023-07-19T09:00:00,492.6485,Sistema
2023-07-19T10:00:00,535.6485,Sistema
2023-07-19T11:00:00,541.5485,Sistema
2023-07-19T12:00:00,541.5485,Sistema
2023-07-19T13:00:00,541.5485,Sistema
2023-07-19T14:00:00,541.5485,Sistema
2023-07-19T15:00:00,541.5485,Sistema
2023-07-19T16:00:00,541.5485,Sistema
2023-07-19T17:00:00,535.6485,Sistema
2023-07-19T18:00:00,535.6485,Sistema
2023-07-19T19:00:00,541.5485,Sistema
2023-07-19T20:00:00,541.5485,Sistema
2023-07-19T21:00:00,541.5485,Sistema
2023-07-19T22:00:00,535.6485,Sistema
2023-07-19T23:00:00,535.6485,Sistema
2023-07-19T24:00:00,492.6485,Sistema
2023-07-20T01:00:00,328.71163,Sistema
2023-07-20T02:00:00,328.71163,Sistema
2023-07-20T03:00:00,328.71163,Sistema
2023-07-20T04:00:00,328.71163,Sistema
2023-07-20T05:00:00,320.21163,Sistema
2023-07-20T06:00:00,320.21163,Sistema
2023-07-20T07:00:00,320.21163,Sistema
2023-07-20T08:00:00,320.21163,Sistema
2023-07-20T09:00:00,328.71163,Sistema
2023-07-20T10:00:00,328.71163,Sistema
2023-07-20T11:00:00,328.71163,Sistema
2023-07-20T12:00:00,328.71163,Sistema
2023-07-20T13:00:00,328.71163,Sistema
2023-07-20T14:00:00,328.71163,Sistema
2023-07-20T15:00:00,328.71163,Sistema
2023-07-20T16:00:00,328.71163,Sistema
2023-07-20T17:00:00,328.71163,Sistema
2023-07-20T18:00:00,328.71163,Sistema
2023-07-20T19:00:00,491.21163,Sistema
2023-07-20T20:00:00,529.21163,Sistema
2023-07-20T21:00:00,491.21163,Sistema
2023-07-20T22:00:00,491.21163,Sistema
2023-07-20T23:00:00,328.71163,Sistema
2023-07-20T24:00:00,328.71163,Sistema
2023-07-21T01:00:00,319.43608,Sistema
2023-07-21T02:00:00,319.43608,Sistema
2023-07-21T03:00:00,319.43608,Sistema
2023-07-21T04:00:00,319.43608,Sistema
2023-07-21T05:00:00,327.93608,Sistema
2023-07-21T06:00:00,327.93608,Sistema
2023-07-21T07:00:00,327.93608,Sistema
2023-07-21T08:00:00,327.93608,Sistema
2023-07-21T09:00:00,327.93608,Sistema
2023-07-21T10:00:00,484.93608,Sistema
2023-07-21T11:00:00,490.43608,Sistema
2023-07-21T12:00:00,490.43608,Sistema
2023-07-21T13:00:00,484.93608,Sistema
2023-07-21T14:00:00,484.93608,Sistema
2023-07-21T15:00:00,490.43608,Sistema
2023-07-21T16:00:00,518.43608,Sistema
2023-07-21T17:00:00,518.43608,Sistema
2023-07-21T18:00:00,484.93608,Sistema
2023-07-21T19:00:00,699.43608,Sistema
2023-07-21T20:00:00,699.43608,Sistema
2023-07-21T21:00:00,699.43608,Sistema
2023-07-21T22:00:00,490.43608,Sistema
2023-07-21T23:00:00,490.43608,Sistema
2023-07-21T24:00:00,327.93608,Sistema
2023-07-22T01:00:00,327.61765,Sistema
2023-07-22T02:00:00,327.61765,Sistema
2023-07-22T03:00:00,327.61765,Sistema
2023-07-22T04:00:00,327.61765,Sistema
2023-07-22T05:00:00,327.61765,Sistema
2023-07-22T06:00:00,327.61765,Sistema
2023-07-22T07:00:00,327.61765,Sistema
2023-07-22T08:00:00,327.61765,Sistema
2023-07-22T09:00:00,327.61765,Sistema
2023-07-22T10:00:00,329.11765,Sistema
2023-07-22T11:00:00,330.11765,Sistema
2023-07-22T12:00:00,330.11765,Sistema
2023-07-22T13:00:00,329.11765,Sistema
2023-07-22T14:00:00,329.11765,Sistema
2023-07-22T15:00:00,327.61765,Sistema
2023-07-22T16:00:00,327.61765,Sistema
2023-07-22T17:00:00,327.61765,Sistema
2023-07-22T18:00:00,327.61765,Sistema
2023-07-22T19:00:00,484.61765,Sistema
2023-07-22T20:00:00,554.11765,Sistema
2023-07-22T21:00:00,329.11765,Sistema
2023-07-22T22:00:00,329.11765,Sistema
2023-07-22T23:00:00,327.61765,Sistema
2023-07-22T24:00:00,327.61765,Sistema
2023-07-23T01:00:00,329.5699,Sistema
2023-07-23T02:00:00,330.5699,Sistema
2023-07-23T03:00:00,329.5699,Sistema
2023-07-23T04:00:00,329.5699,Sistema
2023-07-23T05:00:00,329.5699,Sistema
2023-07-23T06:00:00,329.5699,Sistema
2023-07-23T07:00:00,199.5699,Sistema
2023-07-23T08:00:00,237.9799,Sistema
2023-07-23T09:00:00,329.5699,Sistema
2023-07-23T10:00:00,329.5699,Sistema
2023-07-23T11:00:00,329.5699,Sistema
2023-07-23T12:00:00,330.5699,Sistema
2023-07-23T13:00:00,399.5699,Sistema
2023-07-23T14:00:00,399.5699,Sistema
2023-07-23T15:00:00,399.5699,Sistema
2023-07-23T16:00:00,399.5699,Sistema
2023-07-23T17:00:00,399.5699,Sistema
2023-07-23T18:00:00,399.5699,Sistema
2023-07-23T19:00:00,464.5699,Sistema
2023-07-23T20:00:00,464.5699,Sistema
2023-07-23T21:00:00,464.5699,Sistema
2023-07-23T22:00:00,464.5699,Sistema
2023-07-23T23:00:00,464.5699,Sistema
2023-07-23T24:00:00,399.5699,Sistema
2023-07-24T01:00:00,468.8036,Sistema
2023-07-24T02:00:00,468.8036,Sistema
2023-07-24T03:00:00,348.8036,Sistema
2023-07-24T04:00:00,348.8036,Sistema
2023-07-24T05:00:00,348.8036,Sistema
2023-07-24T06:00:00,468.8036,Sistema
2023-07-24T07:00:00,468.8036,Sistema
2023-07-24T08:00:00,470.8036,Sistema
2023-07-24T09:00:00,484.3036,Sistema
2023-07-24T10:00:00,484.3036,Sistema
2023-07-24T11:00:00,484.3036,Sistema
2023-07-24T12:00:00,532.8036,Sistema
2023-07-24T13:00:00,484.3036,Sistema
2023-07-24T14:00:00,532.8036,Sistema
2023-07-24T15:00:00,532.8036,Sistema
2023-07-24T16:00:00,532.8036,Sistema
2023-07-24T17:00:00,532.8036,Sistema
2023-07-24T18:00:00,484.3036,Sistema
2023-07-24T19:00:00,668.8036,Sistema
2023-07-24T20:00:00,748.8036,Sistema
2023-07-24T21:00:00,748.8036,Sistema
2023-07-24T22:00:00,532.8036,Sistema
2023-07-24T23:00:00,484.3036,Sistema
2023-07-24T24:00:00,484.3036,Sistema
2023-07-25T01:00:00,499.1828,Sistema
2023-07-25T02:00:00,499.1828,Sistema
2023-07-25T03:00:00,459.1828,Sistema
2023-07-25T04:00:00,459.1828,Sistema
2023-07-25T05:00:00,459.1828,Sistema
2023-07-25T06:00:00,499.1828,Sistema
2023-07-25T07:00:00,499.1828,Sistema
2023-07-25T08:00:00,500.1828,Sistema
2023-07-25T09:00:00,500.1828,Sistema
2023-07-25T10:00:00,500.1828,Sistema
2023-07-25T11:00:00,500.1828,Sistema
2023-07-25T12:00:00,500.1828,Sistema
2023-07-25T13:00:00,500.1828,Sistema
2023-07-25T14:00:00,500.1828,Sistema
2023-07-25T15:00:00,500.1828,Sistema
2023-07-25T16:00:00,518.1828,Sistema
2023-07-25T17:00:00,500.1828,Sistema
2023-07-25T18:00:00,500.1828,Sistema
2023-07-25T19:00:00,518.1828,Sistema
2023-07-25T20:00:00,604.1828,Sistema
2023-07-25T21:00:00,518.1828,Sistema
2023-07-25T22:00:00,500.1828,Sistema
2023-07-25T23:00:00,500.1828,Sistema
2023-07-25T24:00:00,499.1828,Sistema
2023-07-26T01:00:00,430.30919,Sistema
2023-07-26T02:00:00,420.33919,Sistema
2023-07-26T03:00:00,430.52819,Sistema
2023-07-26T04:00:00,247.43819,Sistema
2023-07-26T05:00:00,224.31919,Sistema
2023-07-26T06:00:00,420.33919,Sistema
2023-07-26T07:00:00,420.33919,Sistema
2023-07-26T08:00:00,430.52819,Sistema
2023-07-26T09:00:00,494.33919,Sistema
2023-07-26T10:00:00,510.33919,Sistema
2023-07-26T11:00:00,601.33919,Sistema
2023-07-26T12:00:00,601.33919,Sistema
2023-07-26T13:00:00,601.33919,Sistema
2023-07-26T14:00:00,601.33919,Sistema
2023-07-26T15:00:00,601.33919,Sistema
2023-07-26T16:00:00,601.33919,Sistema
2023-07-26T17:00:00,601.33919,Sistema
2023-07-26T18:00:00,601.33919,Sistema
2023-07-26T19:00:00,601.33919,Sistema
2023-07-26T20:00:00,601.33919,Sistema
2023-07-26T21:00:00,601.33919,Sistema
2023-07-26T22:00:00,601.33919,Sistema
2023-07-26T23:00:00,510.33919,Sistema
2023-07-26T24:00:00,460.33919,Sistema
2023-07-27T01:00:00,420.4574,Sistema
2023-07-27T02:00:00,424.4574,Sistema
2023-07-27T03:00:00,420.4574,Sistema
2023-07-27T04:00:00,420.4574,Sistema
2023-07-27T05:00:00,420.4574,Sistema
2023-07-27T06:00:00,424.4574,Sistema
2023-07-27T07:00:00,420.4574,Sistema
2023-07-27T08:00:00,424.4574,Sistema
2023-07-27T09:00:00,494.4574,Sistema
2023-07-27T10:00:00,600.4574,Sistema
2023-07-27T11:00:00,639.4574,Sistema
2023-07-27T12:00:00,639.4574,Sistema
2023-07-27T13:00:00,639.4574,Sistema
2023-07-27T14:00:00,639.4574,Sistema
2023-07-27T15:00:00,639.4574,Sistema
2023-07-27T16:00:00,639.4574,Sistema
2023-07-27T17:00:00,639.4574,Sistema
2023-07-27T18:00:00,639.4574,Sistema
2023-07-27T19:00:00,639.4574,Sistema
2023-07-27T20:00:00,639.4574,Sistema
2023-07-27T21:00:00,639.4574,Sistema
2023-07-27T22:00:00,639.4574,Sistema
2023-07-27T23:00:00,494.4574,Sistema
2023-07-27T24:00:00,420.4574,Sistema
2023-07-28T01:00:00,421.96787,Sistema
2023-07-28T02:00:00,421.96787,Sistema
2023-07-28T03:00:00,415.99687,Sistema
2023-07-28T04:00:00,419.46787,Sistema
2023-07-28T05:00:00,419.46787,Sistema
2023-07-28T06:00:00,421.96787,Sistema
2023-07-28T07:00:00,421.96787,Sistema
2023-07-28T08:00:00,421.96787,Sistema
2023-07-28T09:00:00,421.96787,Sistema
2023-07-28T10:00:00,422.46787,Sistema
2023-07-28T11:00:00,422.46787,Sistema
2023-07-28T12:00:00,544.46787,Sistema
2023-07-28T13:00:00,544.46787,Sistema
2023-07-28T14:00:00,544.46787,Sistema
2023-07-28T15:00:00,544.46787,Sistema
2023-07-28T16:00:00,601.46787,Sistema
2023-07-28T17:00:00,569.46787,Sistema
2023-07-28T18:00:00,544.46787,Sistema
2023-07-28T19:00:00,569.46787,Sistema
2023-07-28T20:00:00,601.46787,Sistema
2023-07-28T21:00:00,569.46787,Sistema
2023-07-28T22:00:00,544.46787,Sistema
2023-07-28T23:00:00,422.46787,Sistema
2023-07-28T24:00:00,421.96787,Sistema
2023-07-29T01:00:00,413.99414,Sistema
2023-07-29T02:00:00,413.99414,Sistema
2023-07-29T03:00:00,413.99414,Sistema
2023-07-29T04:00:00,413.99414,Sistema
2023-07-29T05:00:00,413.99414,Sistema
2023-07-29T06:00:00,413.99414,Sistema
2023-07-29T07:00:00,413.99414,Sistema
2023-07-29T08:00:00,413.99414,Sistema
2023-07-29T09:00:00,498.69414,Sistema
2023-07-29T10:00:00,513.69414,Sistema
2023-07-29T11:00:00,523.69414,Sistema
2023-07-29T12:00:00,568.69414,Sistema
2023-07-29T13:00:00,568.69414,Sistema
2023-07-29T14:00:00,523.69414,Sistema
2023-07-29T15:00:00,523.69414,Sistema
2023-07-29T16:00:00,523.69414,Sistema
2023-07-29T17:00:00,523.69414,Sistema
2023-07-29T18:00:00,523.69414,Sistema
2023-07-29T19:00:00,638.69414,Sistema
2023-07-29T20:00:00,638.69414,Sistema
2023-07-29T21:00:00,523.69414,Sistema
2023-07-29T22:00:00,523.69414,Sistema
2023-07-29T23:00:00,513.69414,Sistema
2023-07-29T24:00:00,498.69414,Sistema
2023-07-30T01:00:00,514.61947,Sistema
2023-07-30T02:00:00,514.61947,Sistema
2023-07-30T03:00:00,509.61947,Sistema
2023-07-30T04:00:00,509.61947,Sistema
2023-07-30T05:00:00,493.61947,Sistema
2023-07-30T06:00:00,335.51247,Sistema
2023-07-30T07:00:00,493.61947,Sistema
2023-07-30T08:00:00,493.61947,Sistema
2023-07-30T09:00:00,493.61947,Sistema
2023-07-30T10:00:00,509.61947,Sistema
2023-07-30T11:00:00,514.61947,Sistema
2023-07-30T12:00:00,514.61947,Sistema
2023-07-30T13:00:00,516.91947,Sistema
2023-07-30T14:00:00,516.91947,Sistema
2023-07-30T15:00:00,516.91947,Sistema
2023-07-30T16:00:00,514.61947,Sistema
2023-07-30T17:00:00,516.91947,Sistema
2023-07-30T18:00:00,516.91947,Sistema
2023-07-30T19:00:00,516.91947,Sistema
2023-07-30T20:00:00,516.91947,Sistema
2023-07-30T21:00:00,516.91947,Sistema
2023-07-30T22:00:00,516.91947,Sistema
2023-07-30T23:00:00,516.91947,Sistema
2023-07-30T24:00:00,514.61947,Sistema
2023-07-31T01:00:00,250.02152,Sistema
2023-07-31T02:00:00,250.02152,Sistema
2023-07-31T03:00:00,250.02152,Sistema
2023-07-31T04:00:00,250.02152,Sistema
2023-07-31T05:00:00,250.02152,Sistema
2023-07-31T06:00:00,418.74852,Sistema
2023-07-31T07:00:00,320.02152,Sistema
2023-07-31T08:00:00,560.02152,Sistema
2023-07-31T09:00:00,570.02152,Sistema
2023-07-31T10:00:00,580.52152,Sistema
2023-07-31T11:00:00,580.52152,Sistema
2023-07-31T12:00:00,580.52152,Sistema
2023-07-31T13:00:00,580.52152,Sistema
2023-07-31T14:00:00,580.52152,Sistema
2023-07-31T15:00:00,580.52152,Sistema
2023-07-31T16:00:00,580.52152,Sistema
2023-07-31T17:00:00,580.52152,Sistema
2023-07-31T18:00:00,580.52152,Sistema
2023-07-31T19:00:00,580.52152,Sistema
2023-07-31T20:00:00,640.02152,Sistema
2023-07-31T21:00:00,580.52152,Sistema
2023-07-31T22:00:00,580.52152,Sistema
2023-07-31T23:00:00,580.52152,Sistema
2023-07-31T24:00:00,560.02152,Sistema
2023-08-01T01:00:00,322.00712,Sistema
2023-08-01T02:00:00,322.00712,Sistema
2023-08-01T03:00:00,322.00712,Sistema
2023-08-01T04:00:00,322.00712,Sistema
2023-08-01T05:00:00,322.00712,Sistema
2023-08-01T06:00:00,406.70712,Sistema
2023-08-01T07:00:00,406.70712,Sistema
2023-08-01T08:00:00,406.70712,Sistema
2023-08-01T09:00:00,596.70712,Sistema
2023-08-01T10:00:00,596.70712,Sistema
2023-08-01T11:00:00,656.70712,Sistema
2023-08-01T12:00:00,656.70712,Sistema
2023-08-01T13:00:00,656.70712,Sistema
2023-08-01T14:00:00,676.70712,Sistema
2023-08-01T15:00:00,676.70712,Sistema
2023-08-01T16:00:00,671.70712,Sistema
2023-08-01T17:00:00,671.70712,Sistema
2023-08-01T18:00:00,646.70712,Sistema
2023-08-01T19:00:00,676.70712,Sistema
2023-08-01T20:00:00,696.70712,Sistema
2023-08-01T21:00:00,736.70712,Sistema
2023-08-01T22:00:00,656.70712,Sistema
2023-08-01T23:00:00,596.70712,Sistema
2023-08-01T24:00:00,406.70712,Sistema
2023-08-02T01:00:00,408.63258,Sistema
2023-08-02T02:00:00,408.63258,Sistema
2023-08-02T03:00:00,408.63258,Sistema
2023-08-02T04:00:00,408.63258,Sistema
2023-08-02T05:00:00,408.63258,Sistema
2023-08-02T06:00:00,476.29058,Sistema
2023-08-02T07:00:00,476.63258,Sistema
2023-08-02T08:00:00,476.63258,Sistema
2023-08-02T09:00:00,476.63258,Sistema
2023-08-02T10:00:00,476.63258,Sistema
2023-08-02T11:00:00,603.63258,Sistema
2023-08-02T12:00:00,648.63258,Sistema
2023-08-02T13:00:00,648.63258,Sistema
2023-08-02T14:00:00,653.63258,Sistema
2023-08-02T15:00:00,653.63258,Sistema
2023-08-02T16:00:00,673.63258,Sistema
2023-08-02T17:00:00,653.63258,Sistema
2023-08-02T18:00:00,648.63258,Sistema
2023-08-02T19:00:00,653.63258,Sistema
2023-08-02T20:00:00,702.63258,Sistema
2023-08-02T21:00:00,673.63258,Sistema
2023-08-02T22:00:00,648.63258,Sistema
2023-08-02T23:00:00,476.63258,Sistema
2023-08-02T24:00:00,476.63258,Sistema
2023-08-03T01:00:00,320.21756,Sistema
2023-08-03T02:00:00,320.21756,Sistema
2023-08-03T03:00:00,320.21756,Sistema
2023-08-03T04:00:00,320.21756,Sistema
2023-08-03T05:00:00,320.21756,Sistema
2023-08-03T06:00:00,427.29856,Sistema
2023-08-03T07:00:00,427.29856,Sistema
2023-08-03T08:00:00,427.29856,Sistema
2023-08-03T09:00:00,485.91756,Sistema
2023-08-03T10:00:00,485.91756,Sistema
2023-08-03T11:00:00,485.91756,Sistema
2023-08-03T12:00:00,485.91756,Sistema
2023-08-03T13:00:00,485.91756,Sistema
2023-08-03T14:00:00,485.91756,Sistema
2023-08-03T15:00:00,644.91756,Sistema
2023-08-03T16:00:00,676.91756,Sistema
2023-08-03T17:00:00,644.91756,Sistema
2023-08-03T18:00:00,644.91756,Sistema
2023-08-03T19:00:00,644.91756,Sistema
2023-08-03T20:00:00,698.91756,Sistema
2023-08-03T21:00:00,676.91756,Sistema
2023-08-03T22:00:00,644.91756,Sistema
2023-08-03T23:00:00,485.91756,Sistema
2023-08-03T24:00:00,485.91756,Sistema
2023-08-04T01:00:00,404.23048,Sistema
2023-08-04T02:00:00,403.23048,Sistema
2023-08-04T03:00:00,403.23048,Sistema
2023-08-04T04:00:00,403.23048,Sistema
2023-08-04T05:00:00,403.23048,Sistema
2023-08-04T06:00:00,404.23048,Sistema
2023-08-04T07:00:00,404.23048,Sistema
2023-08-04T08:00:00,466.23048,Sistema
2023-08-04T09:00:00,524.73048,Sistema
2023-08-04T10:00:00,524.73048,Sistema
2023-08-04T11:00:00,524.73048,Sistema
2023-08-04T12:00:00,524.73048,Sistema
2023-08-04T13:00:00,524.73048,Sistema
2023-08-04T14:00:00,597.23048,Sistema
2023-08-04T15:00:00,718.23048,Sistema
2023-08-04T16:00:00,718.23048,Sistema
2023-08-04T17:00:00,597.23048,Sistema
2023-08-04T18:00:00,524.73048,Sistema
2023-08-04T19:00:00,718.23048,Sistema
2023-08-04T20:00:00,733.23048,Sistema
2023-08-04T21:00:00,718.23048,Sistema
2023-08-04T22:00:00,524.73048,Sistema
2023-08-04T23:00:00,524.73048,Sistema
2023-08-04T24:00:00,524.73048,Sistema
2023-08-05T01:00:00,465.15788,Sistema
2023-08-05T02:00:00,465.15788,Sistema
2023-08-05T03:00:00,433.15788,Sistema
2023-08-05T04:00:00,433.15788,Sistema
2023-08-05T05:00:00,382.18088,Sistema
2023-08-05T06:00:00,408.03988,Sistema
2023-08-05T07:00:00,433.15788,Sistema
2023-08-05T08:00:00,433.15788,Sistema
2023-08-05T09:00:00,433.15788,Sistema
2023-08-05T10:00:00,433.15788,Sistema
2023-08-05T11:00:00,465.15788,Sistema
2023-08-05T12:00:00,465.15788,Sistema
2023-08-05T13:00:00,465.15788,Sistema
2023-08-05T14:00:00,465.15788,Sistema
2023-08-05T15:00:00,465.15788,Sistema
2023-08-05T16:00:00,465.15788,Sistema
2023-08-05T17:00:00,465.15788,Sistema
2023-08-05T18:00:00,457.63888,Sistema
2023-08-05T19:00:00,592.15788,Sistema
2023-08-05T20:00:00,718.15788,Sistema
2023-08-05T21:00:00,466.15788,Sistema
2023-08-05T22:00:00,466.15788,Sistema
2023-08-05T23:00:00,433.15788,Sistema
2023-08-05T24:00:00,433.15788,Sistema
2023-08-06T01:00:00,483.47956,Sistema
2023-08-06T02:00:00,467.47956,Sistema
2023-08-06T03:00:00,467.47956,Sistema
2023-08-06T04:00:00,466.47956,Sistema
2023-08-06T05:00:00,466.47956,Sistema
2023-08-06T06:00:00,466.47956,Sistema
2023-08-06T07:00:00,425.86056,Sistema
2023-08-06T08:00:00,466.47956,Sistema
2023-08-06T09:00:00,466.47956,Sistema
2023-08-06T10:00:00,466.47956,Sistema
2023-08-06T11:00:00,467.47956,Sistema
2023-08-06T12:00:00,483.47956,Sistema
2023-08-06T13:00:00,483.47956,Sistema
2023-08-06T14:00:00,483.47956,Sistema
2023-08-06T15:00:00,483.47956,Sistema
2023-08-06T16:00:00,483.47956,Sistema
2023-08-06T17:00:00,483.47956,Sistema
2023-08-06T18:00:00,483.47956,Sistema
2023-08-06T19:00:00,587.47956,Sistema
2023-08-06T20:00:00,593.48556,Sistema
2023-08-06T21:00:00,593.48556,Sistema
2023-08-06T22:00:00,587.47956,Sistema
2023-08-06T23:00:00,483.47956,Sistema
2023-08-06T24:00:00,483.47956,Sistema
2023-08-07T01:00:00,204.06105,Sistema
2023-08-07T02:00:00,247.73305,Sistema
2023-08-07T03:00:00,206.04105,Sistema
2023-08-07T04:00:00,206.04105,Sistema
2023-08-07T05:00:00,206.04105,Sistema
2023-08-07T06:00:00,206.04105,Sistema
2023-08-07T07:00:00,204.06105,Sistema
2023-08-07T08:00:00,229.04105,Sistema
2023-08-07T09:00:00,427.44205,Sistema
2023-08-07T10:00:00,427.44205,Sistema
2023-08-07T11:00:00,470.06105,Sistema
2023-08-07T12:00:00,470.06105,Sistema
2023-08-07T13:00:00,470.06105,Sistema
2023-08-07T14:00:00,470.06105,Sistema
2023-08-07T15:00:00,470.06105,Sistema
2023-08-07T16:00:00,470.06105,Sistema
2023-08-07T17:00:00,470.06105,Sistema
2023-08-07T18:00:00,470.06105,Sistema
2023-08-07T19:00:00,595.06705,Sistema
2023-08-07T20:00:00,595.06705,Sistema
2023-08-07T21:00:00,595.06705,Sistema
2023-08-07T22:00:00,595.06705,Sistema
2023-08-07T23:00:00,589.06105,Sistema
2023-08-07T24:00:00,470.06105,Sistema
2023-08-08T01:00:00,403.12381,Sistema
2023-08-08T02:00:00,403.12381,Sistema
2023-08-08T03:00:00,403.12381,Sistema
2023-08-08T04:00:00,403.12381,Sistema
2023-08-08T05:00:00,403.12381,Sistema
2023-08-08T06:00:00,465.92381,Sistema
2023-08-08T07:00:00,465.92381,Sistema
2023-08-08T08:00:00,466.62381,Sistema
2023-08-08T09:00:00,473.12381,Sistema
2023-08-08T10:00:00,503.12381,Sistema
2023-08-08T11:00:00,503.12381,Sistema
2023-08-08T12:00:00,587.12381,Sistema
2023-08-08T13:00:00,587.12381,Sistema
2023-08-08T14:00:00,593.12981,Sistema
2023-08-08T15:00:00,593.12981,Sistema
2023-08-08T16:00:00,593.12981,Sistema
2023-08-08T17:00:00,593.12981,Sistema
2023-08-08T18:00:00,593.12981,Sistema
2023-08-08T19:00:00,593.12981,Sistema
2023-08-08T20:00:00,593.12981,Sistema
2023-08-08T21:00:00,593.12981,Sistema
2023-08-08T22:00:00,593.12981,Sistema
2023-08-08T23:00:00,593.12981,Sistema
2023-08-08T24:00:00,503.12381,Sistema
2023-08-09T01:00:00,493.04008,Sistema
2023-08-09T02:00:00,493.04008,Sistema
2023-08-09T03:00:00,493.04008,Sistema
2023-08-09T04:00:00,493.04008,Sistema
2023-08-09T05:00:00,493.04008,Sistema
2023-08-09T06:00:00,503.04008,Sistema
2023-08-09T07:00:00,503.04008,Sistema
2023-08-09T08:00:00,503.04008,Sistema
2023-08-09T09:00:00,518.04008,Sistema
2023-08-09T10:00:00,582.04008,Sistema
2023-08-09T11:00:00,633.04008,Sistema
2023-08-09T12:00:00,718.04008,Sistema
2023-08-09T13:00:00,693.04008,Sistema
2023-08-09T14:00:00,718.04008,Sistema
2023-08-09T15:00:00,718.04008,Sistema
2023-08-09T16:00:00,723.04008,Sistema
2023-08-09T17:00:00,723.04008,Sistema
2023-08-09T18:00:00,718.04008,Sistema
2023-08-09T19:00:00,733.04008,Sistema
2023-08-09T20:00:00,743.04008,Sistema
2023-08-09T21:00:00,733.04008,Sistema
2023-08-09T22:00:00,723.04008,Sistema
2023-08-09T23:00:00,582.04008,Sistema
2023-08-09T24:00:00,513.04008,Sistema
2023-08-10T01:00:00,577.52151,Sistema
2023-08-10T02:00:00,525.52151,Sistema
2023-08-10T03:00:00,525.52151,Sistema
2023-08-10T04:00:00,525.52151,Sistema
2023-08-10T05:00:00,605.52151,Sistema
2023-08-10T06:00:00,634.52151,Sistema
2023-08-10T07:00:00,634.52151,Sistema
2023-08-10T08:00:00,714.53651,Sistema
2023-08-10T09:00:00,714.53651,Sistema
2023-08-10T10:00:00,714.53651,Sistema
2023-08-10T11:00:00,714.53651,Sistema
2023-08-10T12:00:00,714.53651,Sistema
2023-08-10T13:00:00,714.53651,Sistema
2023-08-10T14:00:00,714.53651,Sistema
2023-08-10T15:00:00,724.52151,Sistema
2023-08-10T16:00:00,724.52151,Sistema
2023-08-10T17:00:00,723.52151,Sistema
2023-08-10T18:00:00,714.53651,Sistema
2023-08-10T19:00:00,723.52151,Sistema
2023-08-10T20:00:00,744.52151,Sistema
2023-08-10T21:00:00,723.52151,Sistema
2023-08-10T22:00:00,714.53651,Sistema
2023-08-10T23:00:00,714.53651,Sistema
2023-08-10T24:00:00,605.52151,Sistema
2023-08-11T01:00:00,747.59462,Sistema
2023-08-11T02:00:00,744.89462,Sistema
2023-08-11T03:00:00,744.89462,Sistema
2023-08-11T04:00:00,744.89462,Sistema
2023-08-11T05:00:00,747.59462,Sistema
2023-08-11T06:00:00,724.59562,Sistema
2023-08-11T07:00:00,724.59562,Sistema
2023-08-11T08:00:00,724.59562,Sistema
2023-08-11T09:00:00,744.89462,Sistema
2023-08-11T10:00:00,747.59462,Sistema
2023-08-11T11:00:00,754.59462,Sistema
2023-08-11T12:00:00,747.59462,Sistema
2023-08-11T13:00:00,744.89462,Sistema
2023-08-11T14:00:00,747.59462,Sistema
2023-08-11T15:00:00,754.59462,Sistema
2023-08-11T16:00:00,747.59462,Sistema
2023-08-11T17:00:00,744.89462,Sistema
2023-08-11T18:00:00,724.59562,Sistema
2023-08-11T19:00:00,754.59462,Sistema
2023-08-11T20:00:00,794.09462,Sistema
2023-08-11T21:00:00,744.89462,Sistema
2023-08-11T22:00:00,747.59462,Sistema
2023-08-11T23:00:00,724.59562,Sistema
2023-08-11T24:00:00,724.59562,Sistema
2023-08-12T01:00:00,759.34622,Sistema
2023-08-12T02:00:00,713.34622,Sistema
2023-08-12T03:00:00,713.34622,Sistema
2023-08-12T04:00:00,632.34622,Sistema
2023-08-12T05:00:00,632.34622,Sistema
2023-08-12T06:00:00,713.34622,Sistema
2023-08-12T07:00:00,713.34622,Sistema
2023-08-12T08:00:00,713.34622,Sistema
2023-08-12T09:00:00,802.34622,Sistema
2023-08-12T10:00:00,759.34622,Sistema
2023-08-12T11:00:00,802.34622,Sistema
2023-08-12T12:00:00,807.34622,Sistema
2023-08-12T13:00:00,807.34622,Sistema
2023-08-12T14:00:00,802.34622,Sistema
2023-08-12T15:00:00,802.34622,Sistema
2023-08-12T16:00:00,802.34622,Sistema
2023-08-12T17:00:00,797.34622,Sistema
2023-08-12T18:00:00,797.34622,Sistema
2023-08-12T19:00:00,817.34622,Sistema
2023-08-12T20:00:00,817.34622,Sistema
2023-08-12T21:00:00,817.34622,Sistema
2023-08-12T22:00:00,817.34622,Sistema
2023-08-12T23:00:00,797.34622,Sistema
2023-08-12T24:00:00,722.34622,Sistema
2023-08-13T01:00:00,685.77859,Sistema
2023-08-13T02:00:00,635.77859,Sistema
2023-08-13T03:00:00,575.77859,Sistema
2023-08-13T04:00:00,575.77859,Sistema
2023-08-13T05:00:00,575.77859,Sistema
2023-08-13T06:00:00,575.77859,Sistema
2023-08-13T07:00:00,575.77859,Sistema
2023-08-13T08:00:00,575.77859,Sistema
2023-08-13T09:00:00,575.77859,Sistema
2023-08-13T10:00:00,575.77859,Sistema
2023-08-13T11:00:00,635.77859,Sistema
2023-08-13T12:00:00,645.80259,Sistema
2023-08-13T13:00:00,725.77859,Sistema
2023-08-13T14:00:00,685.77859,Sistema
2023-08-13T15:00:00,685.77859,Sistema
2023-08-13T16:00:00,645.80259,Sistema
2023-08-13T17:00:00,645.80259,Sistema
2023-08-13T18:00:00,645.80259,Sistema
2023-08-13T19:00:00,774.77859,Sistema
2023-08-13T20:00:00,805.77859,Sistema
2023-08-13T21:00:00,806.77859,Sistema
2023-08-13T22:00:00,806.77859,Sistema
2023-08-13T23:00:00,774.77859,Sistema
2023-08-13T24:00:00,685.77859,Sistema
2023-08-14T01:00:00,251.7977,Sistema
2023-08-14T02:00:00,249.4697,Sistema
2023-08-14T03:00:00,237.7777,Sistema
2023-08-14T04:00:00,237.7777,Sistema
2023-08-14T05:00:00,237.7777,Sistema
2023-08-14T06:00:00,433.0267,Sistema
2023-08-14T07:00:00,636.7977,Sistema
2023-08-14T08:00:00,731.8977,Sistema
2023-08-14T09:00:00,731.8977,Sistema
2023-08-14T10:00:00,731.8977,Sistema
2023-08-14T11:00:00,806.7977,Sistema
2023-08-14T12:00:00,806.7977,Sistema
2023-08-14T13:00:00,806.7977,Sistema
2023-08-14T14:00:00,806.7977,Sistema
2023-08-14T15:00:00,806.7977,Sistema
2023-08-14T16:00:00,806.7977,Sistema
2023-08-14T17:00:00,806.7977,Sistema
2023-08-14T18:00:00,731.8977,Sistema
2023-08-14T19:00:00,806.7977,Sistema
2023-08-14T20:00:00,807.7977,Sistema
2023-08-14T21:00:00,807.7977,Sistema
2023-08-14T22:00:00,806.7977,Sistema
2023-08-14T23:00:00,731.8977,Sistema
2023-08-14T24:00:00,731.8977,Sistema
2023-08-15T01:00:00,726.02993,Sistema
2023-08-15T02:00:00,722.77793,Sistema
2023-08-15T03:00:00,722.77793,Sistema
2023-08-15T04:00:00,656.12993,Sistema
2023-08-15T05:00:00,656.12993,Sistema
2023-08-15T06:00:00,726.02993,Sistema
2023-08-15T07:00:00,722.77793,Sistema
2023-08-15T08:00:00,726.02993,Sistema
2023-08-15T09:00:00,726.02993,Sistema
2023-08-15T10:00:00,726.02993,Sistema
2023-08-15T11:00:00,726.02993,Sistema
2023-08-15T12:00:00,727.12993,Sistema
2023-08-15T13:00:00,727.12993,Sistema
2023-08-15T14:00:00,727.12993,Sistema
2023-08-15T15:00:00,807.12993,Sistema
2023-08-15T16:00:00,807.12993,Sistema
2023-08-15T17:00:00,807.12993,Sistema
2023-08-15T18:00:00,727.12993,Sistema
2023-08-15T19:00:00,806.12993,Sistema
2023-08-15T20:00:00,807.12993,Sistema
2023-08-15T21:00:00,807.12993,Sistema
2023-08-15T22:00:00,806.12993,Sistema
2023-08-15T23:00:00,726.02993,Sistema
2023-08-15T24:00:00,726.02993,Sistema
2023-08-16T01:00:00,434.66457,Sistema
2023-08-16T02:00:00,434.66457,Sistema
2023-08-16T03:00:00,415.99457,Sistema
2023-08-16T04:00:00,292.27257,Sistema
2023-08-16T05:00:00,292.27257,Sistema
2023-08-16T06:00:00,728.43557,Sistema
2023-08-16T07:00:00,728.43557,Sistema
2023-08-16T08:00:00,738.43557,Sistema
2023-08-16T09:00:00,767.53557,Sistema
2023-08-16T10:00:00,767.53557,Sistema
2023-08-16T11:00:00,767.53557,Sistema
2023-08-16T12:00:00,767.53557,Sistema
2023-08-16T13:00:00,767.53557,Sistema
2023-08-16T14:00:00,767.53557,Sistema
2023-08-16T15:00:00,767.53557,Sistema
2023-08-16T16:00:00,767.53557,Sistema
2023-08-16T17:00:00,767.53557,Sistema
2023-08-16T18:00:00,767.53557,Sistema
2023-08-16T19:00:00,813.43557,Sistema
2023-08-16T20:00:00,814.43557,Sistema
2023-08-16T21:00:00,814.43557,Sistema
2023-08-16T22:00:00,767.53557,Sistema
2023-08-16T23:00:00,767.53557,Sistema
2023-08-16T24:00:00,712.68357,Sistema
2023-08-17T01:00:00,291.08889,Sistema
2023-08-17T02:00:00,431.58189,Sistema
2023-08-17T03:00:00,236.33289,Sistema
2023-08-17T04:00:00,219.33289,Sistema
2023-08-17T05:00:00,236.33289,Sistema
2023-08-17T06:00:00,735.35289,Sistema
2023-08-17T07:00:00,735.35289,Sistema
2023-08-17T08:00:00,805.34989,Sistema
2023-08-17T09:00:00,805.34989,Sistema
2023-08-17T10:00:00,805.34989,Sistema
2023-08-17T11:00:00,805.34989,Sistema
2023-08-17T12:00:00,805.34989,Sistema
2023-08-17T13:00:00,805.34989,Sistema
2023-08-17T14:00:00,805.34989,Sistema
2023-08-17T15:00:00,805.34989,Sistema
2023-08-17T16:00:00,815.35289,Sistema
2023-08-17T17:00:00,820.35289,Sistema
2023-08-17T18:00:00,820.35289,Sistema
2023-08-17T19:00:00,830.35289,Sistema
2023-08-17T20:00:00,830.35289,Sistema
2023-08-17T21:00:00,820.35289,Sistema
2023-08-17T22:00:00,815.35289,Sistema
2023-08-17T23:00:00,805.34989,Sistema
2023-08-17T24:00:00,805.34989,Sistema
2023-08-18T01:00:00,763.45967,Sistema
2023-08-18T02:00:00,793.45967,Sistema
2023-08-18T03:00:00,769.02667,Sistema
2023-08-18T04:00:00,246.13167,Sistema
2023-08-18T05:00:00,411.01867,Sistema
2023-08-18T06:00:00,763.45967,Sistema
2023-08-18T07:00:00,709.13867,Sistema
2023-08-18T08:00:00,763.45967,Sistema
2023-08-18T09:00:00,793.45967,Sistema
2023-08-18T10:00:00,803.45667,Sistema
2023-08-18T11:00:00,803.45667,Sistema
2023-08-18T12:00:00,803.45667,Sistema
2023-08-18T13:00:00,803.45667,Sistema
2023-08-18T14:00:00,803.45667,Sistema
2023-08-18T15:00:00,803.45667,Sistema
2023-08-18T16:00:00,803.45667,Sistema
2023-08-18T17:00:00,803.45667,Sistema
2023-08-18T18:00:00,803.45667,Sistema
2023-08-18T19:00:00,803.45667,Sistema
2023-08-18T20:00:00,818.45967,Sistema
2023-08-18T21:00:00,803.45667,Sistema
2023-08-18T22:00:00,803.45667,Sistema
2023-08-18T23:00:00,803.45667,Sistema
2023-08-18T24:00:00,793.45967,Sistema
2023-08-19T01:00:00,712.62719,Sistema
2023-08-19T02:00:00,712.62719,Sistema
2023-08-19T03:00:00,712.62719,Sistema
2023-08-19T04:00:00,425.50419,Sistema
2023-08-19T05:00:00,425.50419,Sistema
2023-08-19T06:00:00,429.35619,Sistema
2023-08-19T07:00:00,712.62719,Sistema
2023-08-19T08:00:00,712.62719,Sistema
2023-08-19T09:00:00,712.62719,Sistema
2023-08-19T10:00:00,712.62719,Sistema
2023-08-19T11:00:00,712.62719,Sistema
2023-08-19T12:00:00,768.12719,Sistema
2023-08-19T13:00:00,768.12719,Sistema
2023-08-19T14:00:00,712.62719,Sistema
2023-08-19T15:00:00,712.62719,Sistema
2023-08-19T16:00:00,712.62719,Sistema
2023-08-19T17:00:00,712.62719,Sistema
2023-08-19T18:00:00,712.62719,Sistema
2023-08-19T19:00:00,768.12719,Sistema
2023-08-19T20:00:00,833.12719,Sistema
2023-08-19T21:00:00,712.62719,Sistema
2023-08-19T22:00:00,712.62719,Sistema
2023-08-19T23:00:00,712.62719,Sistema
2023-08-19T24:00:00,712.62719,Sistema
2023-08-20T01:00:00,353.76925,Sistema
2023-08-20T02:00:00,353.76925,Sistema
2023-08-20T03:00:00,353.76925,Sistema
2023-08-20T04:00:00,353.76925,Sistema
2023-08-20T05:00:00,353.76925,Sistema
2023-08-20T06:00:00,353.76925,Sistema
2023-08-20T07:00:00,353.76925,Sistema
2023-08-20T08:00:00,353.76925,Sistema
2023-08-20T09:00:00,353.76925,Sistema
2023-08-20T10:00:00,353.76925,Sistema
2023-08-20T11:00:00,353.76925,Sistema
2023-08-20T12:00:00,353.76925,Sistema
2023-08-20T13:00:00,353.76925,Sistema
2023-08-20T14:00:00,353.76925,Sistema
2023-08-20T15:00:00,353.76925,Sistema
2023-08-20T16:00:00,353.76925,Sistema
2023-08-20T17:00:00,353.76925,Sistema
2023-08-20T18:00:00,353.76925,Sistema
2023-08-20T19:00:00,798.76925,Sistema
2023-08-20T20:00:00,823.76925,Sistema
2023-08-20T21:00:00,823.76925,Sistema
2023-08-20T22:00:00,768.76925,Sistema
2023-08-20T23:00:00,353.76925,Sistema
2023-08-20T24:00:00,353.76925,Sistema
2023-08-21T01:00:00,326.35326,Sistema
2023-08-21T02:00:00,326.35326,Sistema
2023-08-21T03:00:00,326.35326,Sistema
2023-08-21T04:00:00,326.35326,Sistema
2023-08-21T05:00:00,326.35326,Sistema
2023-08-21T06:00:00,326.35326,Sistema
2023-08-21T07:00:00,326.35326,Sistema
2023-08-21T08:00:00,326.35326,Sistema
2023-08-21T09:00:00,326.35326,Sistema
2023-08-21T10:00:00,346.35326,Sistema
2023-08-21T11:00:00,346.35326,Sistema
2023-08-21T12:00:00,428.73026,Sistema
2023-08-21T13:00:00,556.35126,Sistema
2023-08-21T14:00:00,556.35126,Sistema
2023-08-21T15:00:00,478.35326,Sistema
2023-08-21T16:00:00,556.35126,Sistema
2023-08-21T17:00:00,346.35326,Sistema
2023-08-21T18:00:00,346.35326,Sistema
2023-08-21T19:00:00,556.35126,Sistema
2023-08-21T20:00:00,709.35326,Sistema
2023-08-21T21:00:00,709.35326,Sistema
2023-08-21T22:00:00,556.35126,Sistema
2023-08-21T23:00:00,478.35326,Sistema
2023-08-21T24:00:00,346.35326,Sistema
2023-08-22T01:00:00,103.02116,Sistema
2023-08-22T02:00:00,106.00216,Sistema
2023-08-22T03:00:00,221.98116,Sistema
2023-08-22T04:00:00,106.00216,Sistema
2023-08-22T05:00:00,238.98116,Sistema
2023-08-22T06:00:00,308.00116,Sistema
2023-08-22T07:00:00,308.00116,Sistema
2023-08-22T08:00:00,308.00116,Sistema
2023-08-22T09:00:00,308.00116,Sistema
2023-08-22T10:00:00,308.00116,Sistema
2023-08-22T11:00:00,308.00116,Sistema
2023-08-22T12:00:00,329.00716,Sistema
2023-08-22T13:00:00,308.00116,Sistema
2023-08-22T14:00:00,308.00116,Sistema
2023-08-22T15:00:00,329.00716,Sistema
2023-08-22T16:00:00,773.00116,Sistema
2023-08-22T17:00:00,487.00116,Sistema
2023-08-22T18:00:00,308.00116,Sistema
2023-08-22T19:00:00,487.00116,Sistema
2023-08-22T20:00:00,799.00116,Sistema
2023-08-22T21:00:00,329.00716,Sistema
2023-08-22T22:00:00,308.00116,Sistema
2023-08-22T23:00:00,308.00116,Sistema
2023-08-22T24:00:00,308.00116,Sistema
2023-08-23T01:00:00,103.02568,Sistema
2023-08-23T02:00:00,103.02568,Sistema
2023-08-23T03:00:00,106.79568,Sistema
2023-08-23T04:00:00,103.02568,Sistema
2023-08-23T05:00:00,107.02668,Sistema
2023-08-23T06:00:00,197.82668,Sistema
2023-08-23T07:00:00,197.82668,Sistema
2023-08-23T08:00:00,197.82668,Sistema
2023-08-23T09:00:00,197.82668,Sistema
2023-08-23T10:00:00,197.82668,Sistema
2023-08-23T11:00:00,206.82668,Sistema
2023-08-23T12:00:00,206.82668,Sistema
2023-08-23T13:00:00,206.82668,Sistema
2023-08-23T14:00:00,206.82668,Sistema
2023-08-23T15:00:00,238.80668,Sistema
2023-08-23T16:00:00,437.82668,Sistema
2023-08-23T17:00:00,415.38568,Sistema
2023-08-23T18:00:00,197.82668,Sistema
2023-08-23T19:00:00,437.82668,Sistema
2023-08-23T20:00:00,437.82668,Sistema
2023-08-23T21:00:00,437.82668,Sistema
2023-08-23T22:00:00,437.82668,Sistema
2023-08-23T23:00:00,197.82668,Sistema
2023-08-23T24:00:00,197.82668,Sistema
2023-08-24T01:00:00,101.48739,Sistema
2023-08-24T02:00:00,101.48739,Sistema
2023-08-24T03:00:00,101.48739,Sistema
2023-08-24T04:00:00,101.48739,Sistema
2023-08-24T05:00:00,104.19839,Sistema
2023-08-24T06:00:00,104.19839,Sistema
2023-08-24T07:00:00,104.19839,Sistema
2023-08-24T08:00:00,191.46639,Sistema
2023-08-24T09:00:00,191.46639,Sistema
2023-08-24T10:00:00,191.46639,Sistema
2023-08-24T11:00:00,191.46639,Sistema
2023-08-24T12:00:00,191.46639,Sistema
2023-08-24T13:00:00,191.46639,Sistema
2023-08-24T14:00:00,191.46639,Sistema
2023-08-24T15:00:00,220.44739,Sistema
2023-08-24T16:00:00,191.46639,Sistema
2023-08-24T17:00:00,191.46639,Sistema
2023-08-24T18:00:00,191.46639,Sistema
2023-08-24T19:00:00,276.46739,Sistema
2023-08-24T20:00:00,771.46739,Sistema
2023-08-24T21:00:00,276.46739,Sistema
2023-08-24T22:00:00,220.44739,Sistema
2023-08-24T23:00:00,191.46639,Sistema
2023-08-24T24:00:00,191.46639,Sistema
2023-08-25T01:00:00,100.5861,Sistema
2023-08-25T02:00:00,100.5861,Sistema
2023-08-25T03:00:00,100.5861,Sistema
2023-08-25T04:00:00,100.5861,Sistema
2023-08-25T05:00:00,100.5861,Sistema
2023-08-25T06:00:00,100.5861,Sistema
2023-08-25T07:00:00,100.5861,Sistema
2023-08-25T08:00:00,103.2971,Sistema
2023-08-25T09:00:00,103.2971,Sistema
2023-08-25T10:00:00,106.2971,Sistema
2023-08-25T11:00:00,184.5661,Sistema
2023-08-25T12:00:00,184.5661,Sistema
2023-08-25T13:00:00,184.5661,Sistema
2023-08-25T14:00:00,184.5661,Sistema
2023-08-25T15:00:00,257.7201,Sistema
2023-08-25T16:00:00,257.7201,Sistema
2023-08-25T17:00:00,184.5661,Sistema
2023-08-25T18:00:00,184.5661,Sistema
2023-08-25T19:00:00,219.5461,Sistema
2023-08-25T20:00:00,795.5661,Sistema
2023-08-25T21:00:00,795.5661,Sistema
2023-08-25T22:00:00,184.5661,Sistema
2023-08-25T23:00:00,103.2971,Sistema
2023-08-25T24:00:00,103.2971,Sistema
2023-08-26T01:00:00,175.99659,Sistema
2023-08-26T02:00:00,175.99659,Sistema
2023-08-26T03:00:00,175.99659,Sistema
2023-08-26T04:00:00,101.72959,Sistema
2023-08-26T05:00:00,101.72959,Sistema
2023-08-26T06:00:00,104.03859,Sistema
2023-08-26T07:00:00,175.99659,Sistema
2023-08-26T08:00:00,175.99659,Sistema
2023-08-26T09:00:00,175.99659,Sistema
2023-08-26T10:00:00,175.99659,Sistema
2023-08-26T11:00:00,257.99659,Sistema
2023-08-26T12:00:00,257.99659,Sistema
2023-08-26T13:00:00,257.99659,Sistema
2023-08-26T14:00:00,257.99659,Sistema
2023-08-26T15:00:00,256.15059,Sistema
2023-08-26T16:00:00,257.99659,Sistema
2023-08-26T17:00:00,256.15059,Sistema
2023-08-26T18:00:00,175.99659,Sistema
2023-08-26T19:00:00,741.99659,Sistema
2023-08-26T20:00:00,741.99659,Sistema
2023-08-26T21:00:00,257.99659,Sistema
2023-08-26T22:00:00,257.99659,Sistema
2023-08-26T23:00:00,175.99659,Sistema
2023-08-26T24:00:00,175.99659,Sistema
2023-08-27T01:00:00,205.99177,Sistema
2023-08-27T02:00:00,105.86777,Sistema
2023-08-27T03:00:00,102.72477,Sistema
2023-08-27T04:00:00,102.72477,Sistema
2023-08-27T05:00:00,102.72477,Sistema
2023-08-27T06:00:00,102.72477,Sistema
2023-08-27T07:00:00,102.69177,Sistema
2023-08-27T08:00:00,102.72477,Sistema
2023-08-27T09:00:00,102.72477,Sistema
2023-08-27T10:00:00,105.72277,Sistema
2023-08-27T11:00:00,205.99177,Sistema
2023-08-27T12:00:00,205.99177,Sistema
2023-08-27T13:00:00,205.99177,Sistema
2023-08-27T14:00:00,205.99177,Sistema
2023-08-27T15:00:00,205.99177,Sistema
2023-08-27T16:00:00,205.99177,Sistema
2023-08-27T17:00:00,205.99177,Sistema
2023-08-27T18:00:00,205.99177,Sistema
2023-08-27T19:00:00,254.99177,Sistema
2023-08-27T20:00:00,358.99177,Sistema
2023-08-27T21:00:00,358.99177,Sistema
2023-08-27T22:00:00,205.99177,Sistema
2023-08-27T23:00:00,205.99177,Sistema
2023-08-27T24:00:00,205.99177,Sistema
2023-08-28T01:00:00,253.63284,Sistema
2023-08-28T02:00:00,294.61284,Sistema
2023-08-28T03:00:00,253.63284,Sistema
2023-08-28T04:00:00,253.63284,Sistema
2023-08-28T05:00:00,253.63284,Sistema
2023-08-28T06:00:00,302.63284,Sistema
2023-08-28T07:00:00,302.63284,Sistema
2023-08-28T08:00:00,302.63284,Sistema
2023-08-28T09:00:00,302.63284,Sistema
2023-08-28T10:00:00,302.63284,Sistema
2023-08-28T11:00:00,357.63284,Sistema
2023-08-28T12:00:00,357.63284,Sistema
2023-08-28T13:00:00,357.63284,Sistema
2023-08-28T14:00:00,385.92084,Sistema
2023-08-28T15:00:00,485.63284,Sistema
2023-08-28T16:00:00,485.63284,Sistema
2023-08-28T17:00:00,485.63284,Sistema
2023-08-28T18:00:00,357.63284,Sistema
2023-08-28T19:00:00,484.63284,Sistema
2023-08-28T20:00:00,485.63284,Sistema
2023-08-28T21:00:00,485.63284,Sistema
2023-08-28T22:00:00,484.63284,Sistema
2023-08-28T23:00:00,357.63284,Sistema
2023-08-28T24:00:00,302.63284,Sistema
2023-08-29T01:00:00,506.39532,Sistema
2023-08-29T02:00:00,506.39532,Sistema
2023-08-29T03:00:00,506.39532,Sistema
2023-08-29T04:00:00,506.39532,Sistema
2023-08-29T05:00:00,506.39532,Sistema
2023-08-29T06:00:00,497.41532,Sistema
2023-08-29T07:00:00,497.41532,Sistema
2023-08-29T08:00:00,506.39532,Sistema
2023-08-29T09:00:00,506.39532,Sistema
2023-08-29T10:00:00,506.39532,Sistema
2023-08-29T11:00:00,583.41532,Sistema
2023-08-29T12:00:00,596.73032,Sistema
2023-08-29T13:00:00,603.41532,Sistema
2023-08-29T14:00:00,603.41532,Sistema
2023-08-29T15:00:00,603.41532,Sistema
2023-08-29T16:00:00,604.41532,Sistema
2023-08-29T17:00:00,604.41532,Sistema
2023-08-29T18:00:00,603.41532,Sistema
2023-08-29T19:00:00,605.41532,Sistema
2023-08-29T20:00:00,605.41532,Sistema
2023-08-29T21:00:00,605.41532,Sistema
2023-08-29T22:00:00,603.41532,Sistema
2023-08-29T23:00:00,603.41532,Sistema
2023-08-29T24:00:00,506.39532,Sistema
2023-08-30T01:00:00,752.26538,Sistema
2023-08-30T02:00:00,752.26538,Sistema
2023-08-30T03:00:00,747.26538,Sistema
2023-08-30T04:00:00,733.26538,Sistema
2023-08-30T05:00:00,733.26538,Sistema
2023-08-30T06:00:00,752.26538,Sistema
2023-08-30T07:00:00,752.26538,Sistema
2023-08-30T08:00:00,767.26538,Sistema
2023-08-30T09:00:00,752.26538,Sistema
2023-08-30T10:00:00,752.26538,Sistema
2023-08-30T11:00:00,752.26538,Sistema
2023-08-30T12:00:00,767.26538,Sistema
2023-08-30T13:00:00,752.26538,Sistema
2023-08-30T14:00:00,752.26538,Sistema
2023-08-30T15:00:00,752.26538,Sistema
2023-08-30T16:00:00,767.26538,Sistema
2023-08-30T17:00:00,752.26538,Sistema
2023-08-30T18:00:00,752.26538,Sistema
2023-08-30T19:00:00,752.26538,Sistema
2023-08-30T20:00:00,752.26538,Sistema
2023-08-30T21:00:00,752.26538,Sistema
2023-08-30T22:00:00,752.26538,Sistema
2023-08-30T23:00:00,752.26538,Sistema
2023-08-30T24:00:00,747.26538,Sistema
2023-08-31T01:00:00,797.55071,Sistema
2023-08-31T02:00:00,772.55071,Sistema
2023-08-31T03:00:00,772.55071,Sistema
2023-08-31T04:00:00,772.55071,Sistema
2023-08-31T05:00:00,772.55071,Sistema
2023-08-31T06:00:00,797.55071,Sistema
2023-08-31T07:00:00,797.55071,Sistema
2023-08-31T08:00:00,797.55071,Sistema
2023-08-31T09:00:00,797.55071,Sistema
2023-08-31T10:00:00,797.55071,Sistema
2023-08-31T11:00:00,817.55071,Sistema
2023-08-31T12:00:00,817.55071,Sistema
2023-08-31T13:00:00,817.55071,Sistema
2023-08-31T14:00:00,817.55071,Sistema
2023-08-31T15:00:00,817.55071,Sistema
2023-08-31T16:00:00,817.55071,Sistema
2023-08-31T17:00:00,817.55071,Sistema
2023-08-31T18:00:00,817.55071,Sistema
2023-08-31T19:00:00,817.55071,Sistema
2023-08-31T20:00:00,817.55071,Sistema
2023-08-31T21:00:00,817.55071,Sistema
2023-08-31T22:00:00,817.55071,Sistema
2023-08-31T23:00:00,817.55071,Sistema
2023-08-31T24:00:00,797.55071,Sistema
2023-09-01T01:00:00,815.87371,Sistema
2023-09-01T02:00:00,815.87371,Sistema
2023-09-01T03:00:00,815.87371,Sistema
2023-09-01T04:00:00,815.87371,Sistema
2023-09-01T05:00:00,815.87371,Sistema
2023-09-01T06:00:00,815.87371,Sistema
2023-09-01T07:00:00,815.87371,Sistema
2023-09-01T08:00:00,815.87371,Sistema
2023-09-01T09:00:00,838.87371,Sistema
2023-09-01T10:00:00,838.87371,Sistema
2023-09-01T11:00:00,849.37371,Sistema
2023-09-01T12:00:00,849.37371,Sistema
2023-09-01T13:00:00,849.37371,Sistema
2023-09-01T14:00:00,849.37371,Sistema
2023-09-01T15:00:00,849.37371,Sistema
2023-09-01T16:00:00,868.87371,Sistema
2023-09-01T17:00:00,849.37371,Sistema
2023-09-01T18:00:00,849.37371,Sistema
2023-09-01T19:00:00,849.37371,Sistema
2023-09-01T20:00:00,868.87371,Sistema
2023-09-01T21:00:00,849.37371,Sistema
2023-09-01T22:00:00,849.37371,Sistema
2023-09-01T23:00:00,849.37371,Sistema
2023-09-01T24:00:00,838.87371,Sistema
2023-09-02T01:00:00,900.98076,Sistema
2023-09-02T02:00:00,873.98176,Sistema
2023-09-02T03:00:00,873.98176,Sistema
2023-09-02T04:00:00,873.98176,Sistema
2023-09-02T05:00:00,873.98176,Sistema
2023-09-02T06:00:00,873.98176,Sistema
2023-09-02T07:00:00,873.98176,Sistema
2023-09-02T08:00:00,873.98176,Sistema
2023-09-02T09:00:00,900.98076,Sistema
2023-09-02T10:00:00,900.98076,Sistema
2023-09-02T11:00:00,900.98076,Sistema
2023-09-02T12:00:00,900.98076,Sistema
2023-09-02T13:00:00,900.98076,Sistema
2023-09-02T14:00:00,900.98076,Sistema
2023-09-02T15:00:00,900.98076,Sistema
2023-09-02T16:00:00,900.98076,Sistema
2023-09-02T17:00:00,900.98076,Sistema
2023-09-02T18:00:00,900.98076,Sistema
2023-09-02T19:00:00,917.98076,Sistema
2023-09-02T20:00:00,917.98076,Sistema
2023-09-02T21:00:00,900.98076,Sistema
2023-09-02T22:00:00,900.98076,Sistema
2023-09-02T23:00:00,900.98076,Sistema
2023-09-02T24:00:00,873.98176,Sistema
2023-09-03T01:00:00,920.06746,Sistema
2023-09-03T02:00:00,920.06746,Sistema
2023-09-03T03:00:00,920.06746,Sistema
2023-09-03T04:00:00,920.06746,Sistema
2023-09-03T05:00:00,920.06746,Sistema
2023-09-03T06:00:00,920.06746,Sistema
2023-09-03T07:00:00,860.06746,Sistema
2023-09-03T08:00:00,920.06746,Sistema
2023-09-03T09:00:00,920.06746,Sistema
2023-09-03T10:00:00,920.06746,Sistema
2023-09-03T11:00:00,920.06746,Sistema
2023-09-03T12:00:00,920.06746,Sistema
2023-09-03T13:00:00,920.06746,Sistema
2023-09-03T14:00:00,920.06746,Sistema
2023-09-03T15:00:00,920.06746,Sistema
2023-09-03T16:00:00,920.06746,Sistema
2023-09-03T17:00:00,970.06746,Sistema
2023-09-03T18:00:00,970.06746,Sistema
2023-09-03T19:00:00,977.06746,Sistema
2023-09-03T20:00:00,977.06746,Sistema
2023-09-03T21:00:00,977.06746,Sistema
2023-09-03T22:00:00,977.06746,Sistema
2023-09-03T23:00:00,970.06746,Sistema
2023-09-03T24:00:00,920.06746,Sistema
2023-09-04T01:00:00,976.98325,Sistema
2023-09-04T02:00:00,892.68325,Sistema
2023-09-04T03:00:00,892.68325,Sistema
2023-09-04T04:00:00,885.98325,Sistema
2023-09-04T05:00:00,892.68325,Sistema
2023-09-04T06:00:00,976.98325,Sistema
2023-09-04T07:00:00,976.98325,Sistema
2023-09-04T08:00:00,977.48325,Sistema
2023-09-04T09:00:00,977.48325,Sistema
2023-09-04T10:00:00,977.48325,Sistema
2023-09-04T11:00:00,977.48325,Sistema
2023-09-04T12:00:00,981.98325,Sistema
2023-09-04T13:00:00,981.98325,Sistema
2023-09-04T14:00:00,981.98325,Sistema
2023-09-04T15:00:00,981.98325,Sistema
2023-09-04T16:00:00,981.98325,Sistema
2023-09-04T17:00:00,981.98325,Sistema
2023-09-04T18:00:00,981.98325,Sistema
2023-09-04T19:00:00,981.98325,Sistema
2023-09-04T20:00:00,981.98325,Sistema
2023-09-04T21:00:00,981.98325,Sistema
2023-09-04T22:00:00,981.98325,Sistema
2023-09-04T23:00:00,981.98325,Sistema
2023-09-04T24:00:00,977.48325,Sistema
2023-09-05T01:00:00,981.11023,Sistema
2023-09-05T02:00:00,977.11023,Sistema
2023-09-05T03:00:00,977.11023,Sistema
2023-09-05T04:00:00,893.81023,Sistema
2023-09-05T05:00:00,977.11023,Sistema
2023-09-05T06:00:00,981.11023,Sistema
2023-09-05T07:00:00,981.11023,Sistema
2023-09-05T08:00:00,981.11023,Sistema
2023-09-05T09:00:00,985.31023,Sistema
2023-09-05T10:00:00,985.31023,Sistema
2023-09-05T11:00:00,985.31023,Sistema
2023-09-05T12:00:00,985.31023,Sistema
2023-09-05T13:00:00,985.31023,Sistema
2023-09-05T14:00:00,985.31023,Sistema
2023-09-05T15:00:00,985.31023,Sistema
2023-09-05T16:00:00,985.31023,Sistema
2023-09-05T17:00:00,985.31023,Sistema
2023-09-05T18:00:00,985.31023,Sistema
2023-09-05T19:00:00,987.11023,Sistema
2023-09-05T20:00:00,987.11023,Sistema
2023-09-05T21:00:00,985.31023,Sistema
2023-09-05T22:00:00,985.31023,Sistema
2023-09-05T23:00:00,985.31023,Sistema
2023-09-05T24:00:00,981.11023,Sistema
2023-09-06T01:00:00,895.92907,Sistema
2023-09-06T02:00:00,747.92907,Sistema
2023-09-06T03:00:00,747.92907,Sistema
2023-09-06T04:00:00,747.92907,Sistema
2023-09-06T05:00:00,747.92907,Sistema
2023-09-06T06:00:00,895.92907,Sistema
2023-09-06T07:00:00,895.92907,Sistema
2023-09-06T08:00:00,985.02907,Sistema
2023-09-06T09:00:00,985.02907,Sistema
2023-09-06T10:00:00,985.02907,Sistema
2023-09-06T11:00:00,992.92907,Sistema
2023-09-06T12:00:00,992.92907,Sistema
2023-09-06T13:00:00,992.92907,Sistema
2023-09-06T14:00:00,992.92907,Sistema
2023-09-06T15:00:00,992.92907,Sistema
2023-09-06T16:00:00,992.92907,Sistema
2023-09-06T17:00:00,992.92907,Sistema
2023-09-06T18:00:00,992.92907,Sistema
2023-09-06T19:00:00,992.92907,Sistema
2023-09-06T20:00:00,992.92907,Sistema
2023-09-06T21:00:00,992.92907,Sistema
2023-09-06T22:00:00,992.92907,Sistema
2023-09-06T23:00:00,992.92907,Sistema
2023-09-06T24:00:00,985.02907,Sistema
2023-09-07T01:00:00,1000.03002,Sistema
2023-09-07T02:00:00,1000.03002,Sistema
2023-09-07T03:00:00,996.53002,Sistema
2023-09-07T04:00:00,996.53002,Sistema
2023-09-07T05:00:00,996.53002,Sistema
2023-09-07T06:00:00,1000.03002,Sistema
2023-09-07T07:00:00,1000.03002,Sistema
2023-09-07T08:00:00,1000.03002,Sistema
2023-09-07T09:00:00,1000.03002,Sistema
2023-09-07T10:00:00,1000.03002,Sistema
2023-09-07T11:00:00,1002.03002,Sistema
2023-09-07T12:00:00,1002.03002,Sistema
2023-09-07T13:00:00,1002.03002,Sistema
2023-09-07T14:00:00,1007.03002,Sistema
2023-09-07T15:00:00,1007.03002,Sistema
2023-09-07T16:00:00,1007.03002,Sistema
2023-09-07T17:00:00,1007.03002,Sistema
2023-09-07T18:00:00,1007.03002,Sistema
2023-09-07T19:00:00,1007.03002,Sistema
2023-09-07T20:00:00,1007.03002,Sistema
2023-09-07T21:00:00,1007.03002,Sistema
2023-09-07T22:00:00,1002.03002,Sistema
2023-09-07T23:00:00,1000.03002,Sistema
2023-09-07T24:00:00,1000.03002,Sistema
2023-09-08T01:00:00,1017.98325,Sistema
2023-09-08T02:00:00,1017.98325,Sistema
2023-09-08T03:00:00,1017.98325,Sistema
2023-09-08T04:00:00,1017.98325,Sistema
2023-09-08T05:00:00,1017.98325,Sistema
2023-09-08T06:00:00,1017.98325,Sistema
2023-09-08T07:00:00,1018.28325,Sistema
2023-09-08T08:00:00,1018.28325,Sistema
2023-09-08T09:00:00,1018.98325,Sistema
2023-09-08T10:00:00,1018.98325,Sistema
2023-09-08T11:00:00,1019.98325,Sistema
2023-09-08T12:00:00,1021.98325,Sistema
2023-09-08T13:00:00,1021.98325,Sistema
2023-09-08T14:00:00,1021.98325,Sistema
2023-09-08T15:00:00,1021.98325,Sistema
2023-09-08T16:00:00,1021.98325,Sistema
2023-09-08T17:00:00,1021.98325,Sistema
2023-09-08T18:00:00,1021.98325,Sistema
2023-09-08T19:00:00,1021.98325,Sistema
2023-09-08T20:00:00,1021.98325,Sistema
2023-09-08T21:00:00,1021.98325,Sistema
2023-09-08T22:00:00,1019.98325,Sistema
2023-09-08T23:00:00,1018.98325,Sistema
2023-09-08T24:00:00,1018.43325,Sistema
2023-09-09T01:00:00,1041.98325,Sistema
2023-09-09T02:00:00,1032.98325,Sistema
2023-09-09T03:00:00,1031.98325,Sistema
2023-09-09T04:00:00,1031.98325,Sistema
2023-09-09T05:00:00,1031.98325,Sistema
2023-09-09T06:00:00,1031.98325,Sistema
2023-09-09T07:00:00,1032.98325,Sistema
2023-09-09T08:00:00,1046.98325,Sistema
2023-09-09T09:00:00,1046.98325,Sistema
2023-09-09T10:00:00,1046.98325,Sistema
2023-09-09T11:00:00,1046.98325,Sistema
2023-09-09T12:00:00,1046.98325,Sistema
2023-09-09T13:00:00,1046.98325,Sistema
2023-09-09T14:00:00,1046.98325,Sistema
2023-09-09T15:00:00,1046.98325,Sistema
2023-09-09T16:00:00,1046.98325,Sistema
2023-09-09T17:00:00,1046.98325,Sistema
2023-09-09T18:00:00,1046.98325,Sistema
2023-09-09T19:00:00,1046.98325,Sistema
2023-09-09T20:00:00,1046.98325,Sistema
2023-09-09T21:00:00,1046.98325,Sistema
2023-09-09T22:00:00,1046.98325,Sistema
2023-09-09T23:00:00,1041.98325,Sistema
2023-09-09T24:00:00,1031.98325,Sistema
2023-09-10T01:00:00,1051.98325,Sistema
2023-09-10T02:00:00,1044.98325,Sistema
2023-09-10T03:00:00,1018.06325,Sistema
2023-09-10T04:00:00,1018.06325,Sistema
2023-09-10T05:00:00,1018.06325,Sistema
2023-09-10T06:00:00,1018.06325,Sistema
2023-09-10T07:00:00,1018.06325,Sistema
2023-09-10T08:00:00,1018.06325,Sistema
2023-09-10T09:00:00,1018.06325,Sistema
2023-09-10T10:00:00,1018.06325,Sistema
2023-09-10T11:00:00,1044.98325,Sistema
2023-09-10T12:00:00,1051.98325,Sistema
2023-09-10T13:00:00,1051.98325,Sistema
2023-09-10T14:00:00,1051.98325,Sistema
2023-09-10T15:00:00,1051.98325,Sistema
2023-09-10T16:00:00,1051.98325,Sistema
2023-09-10T17:00:00,1051.98325,Sistema
2023-09-10T18:00:00,1051.98325,Sistema
2023-09-10T19:00:00,1051.98325,Sistema
2023-09-10T20:00:00,1051.98325,Sistema
2023-09-10T21:00:00,1051.98325,Sistema
2023-09-10T22:00:00,1051.98325,Sistema
2023-09-10T23:00:00,1051.98325,Sistema
2023-09-10T24:00:00,1051.98325,Sistema
2023-09-11T01:00:00,1054.98325,Sistema
2023-09-11T02:00:00,1053.68325,Sistema
2023-09-11T03:00:00,1054.98325,Sistema
2023-09-11T04:00:00,1053.68325,Sistema
2023-09-11T05:00:00,1054.98325,Sistema
2023-09-11T06:00:00,1054.98325,Sistema
2023-09-11T07:00:00,1053.68325,Sistema
2023-09-11T08:00:00,1055.99225,Sistema
2023-09-11T09:00:00,1056.98325,Sistema
2023-09-11T10:00:00,1056.99025,Sistema
2023-09-11T11:00:00,1057.00325,Sistema
2023-09-11T12:00:00,1057.98325,Sistema
2023-09-11T13:00:00,1054.98325,Sistema
2023-09-11T14:00:00,1056.98325,Sistema
2023-09-11T15:00:00,1056.99025,Sistema
2023-09-11T16:00:00,1056.99025,Sistema
2023-09-11T17:00:00,1056.99025,Sistema
2023-09-11T18:00:00,1056.99025,Sistema
2023-09-11T19:00:00,1056.99025,Sistema
2023-09-11T20:00:00,1057.00325,Sistema
2023-09-11T21:00:00,1056.98325,Sistema
2023-09-11T22:00:00,1056.98325,Sistema
2023-09-11T23:00:00,1054.98325,Sistema
2023-09-11T24:00:00,1053.68325,Sistema
2023-09-12T01:00:00,1055.48325,Sistema
2023-09-12T02:00:00,1049.48325,Sistema
2023-09-12T03:00:00,1049.48325,Sistema
2023-09-12T04:00:00,1049.48325,Sistema
2023-09-12T05:00:00,1049.48325,Sistema
2023-09-12T06:00:00,1049.48325,Sistema
2023-09-12T07:00:00,1049.48325,Sistema
2023-09-12T08:00:00,1055.48325,Sistema
2023-09-12T09:00:00,1055.48325,Sistema
2023-09-12T10:00:00,1057.18325,Sistema
2023-09-12T11:00:00,1058.28325,Sistema
2023-09-12T12:00:00,1058.28325,Sistema
2023-09-12T13:00:00,1058.28325,Sistema
2023-09-12T14:00:00,1058.28325,Sistema
2023-09-12T15:00:00,1058.28325,Sistema
2023-09-12T16:00:00,1058.28325,Sistema
2023-09-12T17:00:00,1058.28325,Sistema
2023-09-12T18:00:00,1058.28325,Sistema
2023-09-12T19:00:00,1058.98325,Sistema
2023-09-12T20:00:00,1059.18325,Sistema
2023-09-12T21:00:00,1059.18325,Sistema
2023-09-12T22:00:00,1058.28325,Sistema
2023-09-12T23:00:00,1058.28325,Sistema
2023-09-12T24:00:00,1055.48325,Sistema
2023-09-13T01:00:00,1057.98325,Sistema
2023-09-13T02:00:00,1056.98325,Sistema
2023-09-13T03:00:00,1056.98325,Sistema
2023-09-13T04:00:00,1036.98325,Sistema
2023-09-13T05:00:00,1056.98325,Sistema
2023-09-13T06:00:00,1056.98325,Sistema
2023-09-13T07:00:00,1057.08325,Sistema
2023-09-13T08:00:00,1058.38325,Sistema
2023-09-13T09:00:00,1058.38325,Sistema
2023-09-13T10:00:00,1057.98325,Sistema
2023-09-13T11:00:00,1057.98325,Sistema
2023-09-13T12:00:00,1057.98325,Sistema
2023-09-13T13:00:00,1057.98325,Sistema
2023-09-13T14:00:00,1058.38325,Sistema
2023-09-13T15:00:00,1058.38325,Sistema
2023-09-13T16:00:00,1058.38325,Sistema
2023-09-13T17:00:00,1058.38325,Sistema
2023-09-13T18:00:00,1058.38325,Sistema
2023-09-13T19:00:00,1058.38325,Sistema
2023-09-13T20:00:00,1058.38325,Sistema
2023-09-13T21:00:00,1058.38325,Sistema
2023-09-13T22:00:00,1058.38325,Sistema
2023-09-13T23:00:00,1057.98325,Sistema
2023-09-13T24:00:00,1057.98325,Sistema
2023-09-14T01:00:00,1058.58325,Sistema
2023-09-14T02:00:00,1058.43325,Sistema
2023-09-14T03:00:00,1054.98325,Sistema
2023-09-14T04:00:00,1054.98325,Sistema
2023-09-14T05:00:00,1054.98325,Sistema
2023-09-14T06:00:00,1058.43325,Sistema
2023-09-14T07:00:00,1058.43325,Sistema
2023-09-14T08:00:00,1058.43325,Sistema
2023-09-14T09:00:00,1058.43325,Sistema
2023-09-14T10:00:00,1058.43325,Sistema
2023-09-14T11:00:00,1058.43325,Sistema
2023-09-14T12:00:00,1058.58325,Sistema
2023-09-14T13:00:00,1058.58325,Sistema
2023-09-14T14:00:00,1058.58325,Sistema
2023-09-14T15:00:00,1058.58325,Sistema
2023-09-14T16:00:00,1058.58325,Sistema
2023-09-14T17:00:00,1058.58325,Sistema
2023-09-14T18:00:00,1058.58325,Sistema
2023-09-14T19:00:00,1058.58325,Sistema
2023-09-14T20:00:00,1058.98325,Sistema
2023-09-14T21:00:00,1058.58325,Sistema
2023-09-14T22:00:00,1058.58325,Sistema
2023-09-14T23:00:00,1058.43325,Sistema
2023-09-14T24:00:00,1058.43325,Sistema
2023-09-15T01:00:00,1058.78325,Sistema
2023-09-15T02:00:00,1058.78325,Sistema
2023-09-15T03:00:00,1058.78325,Sistema
2023-09-15T04:00:00,1058.58325,Sistema
2023-09-15T05:00:00,1058.78325,Sistema
2023-09-15T06:00:00,1058.78325,Sistema
2023-09-15T07:00:00,1058.78325,Sistema
2023-09-15T08:00:00,1059.08325,Sistema
2023-09-15T09:00:00,1059.08325,Sistema
2023-09-15T10:00:00,1059.88325,Sistema
2023-09-15T11:00:00,1059.88325,Sistema
2023-09-15T12:00:00,1059.88325,Sistema
2023-09-15T13:00:00,1059.88325,Sistema
2023-09-15T14:00:00,1059.88325,Sistema
2023-09-15T15:00:00,1059.88325,Sistema
2023-09-15T16:00:00,1059.88325,Sistema
2023-09-15T17:00:00,1059.88325,Sistema
2023-09-15T18:00:00,1059.88325,Sistema
2023-09-15T19:00:00,1059.88325,Sistema
2023-09-15T20:00:00,1059.88325,Sistema
2023-09-15T21:00:00,1059.88325,Sistema
2023-09-15T22:00:00,1059.08325,Sistema
2023-09-15T23:00:00,1059.08325,Sistema
2023-09-15T24:00:00,1058.78325,Sistema
2023-09-16T01:00:00,1059.31816,Sistema
2023-09-16T02:00:00,1059.31816,Sistema
2023-09-16T03:00:00,1059.31816,Sistema
2023-09-16T04:00:00,1010.31916,Sistema
2023-09-16T05:00:00,1010.31916,Sistema
2023-09-16T06:00:00,1010.31916,Sistema
2023-09-16T07:00:00,1010.31916,Sistema
2023-09-16T08:00:00,1059.31816,Sistema
2023-09-16T09:00:00,1059.31816,Sistema
2023-09-16T10:00:00,1059.31816,Sistema
2023-09-16T11:00:00,1059.51916,Sistema
2023-09-16T12:00:00,1059.51916,Sistema
2023-09-16T13:00:00,1059.51916,Sistema
2023-09-16T14:00:00,1059.51916,Sistema
2023-09-16T15:00:00,1059.51916,Sistema
2023-09-16T16:00:00,1059.51916,Sistema
2023-09-16T17:00:00,1059.51916,Sistema
2023-09-16T18:00:00,1059.51916,Sistema
2023-09-16T19:00:00,1059.81916,Sistema
2023-09-16T20:00:00,1059.81916,Sistema
2023-09-16T21:00:00,1059.51916,Sistema
2023-09-16T22:00:00,1059.51916,Sistema
2023-09-16T23:00:00,1059.31816,Sistema
2023-09-16T24:00:00,1059.31816,Sistema
2023-09-17T01:00:00,1061.48013,Sistema
2023-09-17T02:00:00,1061.38013,Sistema
2023-09-17T03:00:00,1061.38013,Sistema
2023-09-17T04:00:00,822.14713,Sistema
2023-09-17T05:00:00,899.08013,Sistema
2023-09-17T06:00:00,668.04213,Sistema
2023-09-17T07:00:00,639.08013,Sistema
2023-09-17T08:00:00,668.04213,Sistema
2023-09-17T09:00:00,668.04213,Sistema
2023-09-17T10:00:00,639.08013,Sistema
2023-09-17T11:00:00,1010.77813,Sistema
2023-09-17T12:00:00,1061.38013,Sistema
2023-09-17T13:00:00,1061.38013,Sistema
2023-09-17T14:00:00,1061.38013,Sistema
2023-09-17T15:00:00,1061.38013,Sistema
2023-09-17T16:00:00,1061.38013,Sistema
2023-09-17T17:00:00,1061.38013,Sistema
2023-09-17T18:00:00,1061.48013,Sistema
2023-09-17T19:00:00,1061.48013,Sistema
2023-09-17T20:00:00,1061.48013,Sistema
2023-09-17T21:00:00,1061.48013,Sistema
2023-09-17T22:00:00,1061.48013,Sistema
2023-09-17T23:00:00,1061.48013,Sistema
2023-09-17T24:00:00,1061.38013,Sistema
2023-09-18T01:00:00,1059.29942,Sistema
2023-09-18T02:00:00,1009.79742,Sistema
2023-09-18T03:00:00,811.60342,Sistema
2023-09-18T04:00:00,728.09942,Sistema
2023-09-18T05:00:00,833.54242,Sistema
2023-09-18T06:00:00,1059.29942,Sistema
2023-09-18T07:00:00,1059.29942,Sistema
2023-09-18T08:00:00,1059.29942,Sistema
2023-09-18T09:00:00,1059.29942,Sistema
2023-09-18T10:00:00,1060.29942,Sistema
2023-09-18T11:00:00,1060.29942,Sistema
2023-09-18T12:00:00,1060.29942,Sistema
2023-09-18T13:00:00,1060.29942,Sistema
2023-09-18T14:00:00,1060.29942,Sistema
2023-09-18T15:00:00,1060.29942,Sistema
2023-09-18T16:00:00,1060.29942,Sistema
2023-09-18T17:00:00,1060.29942,Sistema
2023-09-18T18:00:00,1060.29942,Sistema
2023-09-18T19:00:00,1060.29942,Sistema
2023-09-18T20:00:00,1060.29942,Sistema
2023-09-18T21:00:00,1060.29942,Sistema
2023-09-18T22:00:00,1060.29942,Sistema
2023-09-18T23:00:00,1060.29942,Sistema
2023-09-18T24:00:00,1059.29942,Sistema
2023-09-19T01:00:00,1008.70246,Sistema
2023-09-19T02:00:00,1008.70146,Sistema
2023-09-19T03:00:00,828.95746,Sistema
2023-09-19T04:00:00,810.50846,Sistema
2023-09-19T05:00:00,1008.70146,Sistema
2023-09-19T06:00:00,1009.00446,Sistema
2023-09-19T07:00:00,1008.70246,Sistema
2023-09-19T08:00:00,1009.00446,Sistema
2023-09-19T09:00:00,1058.50446,Sistema
2023-09-19T10:00:00,1058.50446,Sistema
2023-09-19T11:00:00,1058.50446,Sistema
2023-09-19T12:00:00,1060.05446,Sistema
2023-09-19T13:00:00,1060.05446,Sistema
2023-09-19T14:00:00,1060.05446,Sistema
2023-09-19T15:00:00,1060.05446,Sistema
2023-09-19T16:00:00,1060.05446,Sistema
2023-09-19T17:00:00,1060.05446,Sistema
2023-09-19T18:00:00,1060.05446,Sistema
2023-09-19T19:00:00,1060.05446,Sistema
2023-09-19T20:00:00,1060.05446,Sistema
2023-09-19T21:00:00,1060.05446,Sistema
2023-09-19T22:00:00,1060.05446,Sistema
2023-09-19T23:00:00,1058.50446,Sistema
2023-09-19T24:00:00,1058.50446,Sistema
2023-09-20T01:00:00,1008.88325,Sistema
2023-09-20T02:00:00,1008.88325,Sistema
2023-09-20T03:00:00,1008.68125,Sistema
2023-09-20T04:00:00,1008.68125,Sistema
2023-09-20T05:00:00,1008.88325,Sistema
2023-09-20T06:00:00,1008.88325,Sistema
2023-09-20T07:00:00,1008.88325,Sistema
2023-09-20T08:00:00,1008.88325,Sistema
2023-09-20T09:00:00,1008.88325,Sistema
2023-09-20T10:00:00,1008.88325,Sistema
2023-09-20T11:00:00,1058.48325,Sistema
2023-09-20T12:00:00,1058.58325,Sistema
2023-09-20T13:00:00,1058.58325,Sistema
2023-09-20T14:00:00,1058.58325,Sistema
2023-09-20T15:00:00,1058.58325,Sistema
2023-09-20T16:00:00,1058.58325,Sistema
2023-09-20T17:00:00,1060.04325,Sistema
2023-09-20T18:00:00,1058.58325,Sistema
2023-09-20T19:00:00,1060.05325,Sistema
2023-09-20T20:00:00,1060.04325,Sistema
2023-09-20T21:00:00,1058.58325,Sistema
2023-09-20T22:00:00,1058.58325,Sistema
2023-09-20T23:00:00,1058.58325,Sistema
2023-09-20T24:00:00,1056.98325,Sistema
2023-09-21T01:00:00,1059.98325,Sistema
2023-09-21T02:00:00,1058.98325,Sistema
2023-09-21T03:00:00,1058.98325,Sistema
2023-09-21T04:00:00,1058.98325,Sistema
2023-09-21T05:00:00,1058.98325,Sistema
2023-09-21T06:00:00,1058.98325,Sistema
2023-09-21T07:00:00,1058.98325,Sistema
2023-09-21T08:00:00,1058.98325,Sistema
2023-09-21T09:00:00,1058.98325,Sistema
2023-09-21T10:00:00,1060.05325,Sistema
2023-09-21T11:00:00,1060.05325,Sistema
2023-09-21T12:00:00,1060.88325,Sistema
2023-09-21T13:00:00,1060.88325,Sistema
2023-09-21T14:00:00,1060.09825,Sistema
2023-09-21T15:00:00,1060.88325,Sistema
2023-09-21T16:00:00,1060.88325,Sistema
2023-09-21T17:00:00,1060.88325,Sistema
2023-09-21T18:00:00,1060.88325,Sistema
2023-09-21T19:00:00,1060.88325,Sistema
2023-09-21T20:00:00,1060.88325,Sistema
2023-09-21T21:00:00,1060.88325,Sistema
2023-09-21T22:00:00,1060.88325,Sistema
2023-09-21T23:00:00,1059.98325,Sistema
2023-09-21T24:00:00,1058.98325,Sistema
2023-09-22T01:00:00,1060.03325,Sistema
2023-09-22T02:00:00,1060.03325,Sistema
2023-09-22T03:00:00,1051.98325,Sistema
2023-09-22T04:00:00,1051.98325,Sistema
2023-09-22T05:00:00,1060.03325,Sistema
2023-09-22T06:00:00,1060.03325,Sistema
2023-09-22T07:00:00,1060.03325,Sistema
2023-09-22T08:00:00,1060.03325,Sistema
2023-09-22T09:00:00,1060.03325,Sistema
2023-09-22T10:00:00,1060.03325,Sistema
2023-09-22T11:00:00,1060.48325,Sistema
2023-09-22T12:00:00,1060.48325,Sistema
2023-09-22T13:00:00,1060.91325,Sistema
2023-09-22T14:00:00,1060.91325,Sistema
2023-09-22T15:00:00,1060.93325,Sistema
2023-09-22T16:00:00,1060.93325,Sistema
2023-09-22T17:00:00,1060.93325,Sistema
2023-09-22T18:00:00,1060.92325,Sistema
2023-09-22T19:00:00,1060.98325,Sistema
2023-09-22T20:00:00,1060.98325,Sistema
2023-09-22T21:00:00,1060.98325,Sistema
2023-09-22T22:00:00,1060.98325,Sistema
2023-09-22T23:00:00,1060.91325,Sistema
2023-09-22T24:00:00,1060.91325,Sistema
2023-09-23T01:00:00,1061.08326,Sistema
2023-09-23T02:00:00,1061.03226,Sistema
2023-09-23T03:00:00,1061.03226,Sistema
2023-09-23T04:00:00,1061.03226,Sistema
2023-09-23T05:00:00,1061.03226,Sistema
2023-09-23T06:00:00,1061.03226,Sistema
2023-09-23T07:00:00,1061.03226,Sistema
2023-09-23T08:00:00,1061.03226,Sistema
2023-09-23T09:00:00,1061.08326,Sistema
2023-09-23T10:00:00,1061.08326,Sistema
2023-09-23T11:00:00,1061.08326,Sistema
2023-09-23T12:00:00,1061.13226,Sistema
2023-09-23T13:00:00,1061.13226,Sistema
2023-09-23T14:00:00,1061.08326,Sistema
2023-09-23T15:00:00,1061.08326,Sistema
2023-09-23T16:00:00,1061.08326,Sistema
2023-09-23T17:00:00,1061.08326,Sistema
2023-09-23T18:00:00,1061.08326,Sistema
2023-09-23T19:00:00,1061.08326,Sistema
2023-09-23T20:00:00,1061.08326,Sistema
2023-09-23T21:00:00,1061.08326,Sistema
2023-09-23T22:00:00,1061.08326,Sistema
2023-09-23T23:00:00,1061.03226,Sistema
2023-09-23T24:00:00,1061.03226,Sistema
2023-09-24T01:00:00,1060.68508,Sistema
2023-09-24T02:00:00,1060.58508,Sistema
2023-09-24T03:00:00,1009.58308,Sistema
2023-09-24T04:00:00,1009.58208,Sistema
2023-09-24T05:00:00,997.88508,Sistema
2023-09-24T06:00:00,747.88508,Sistema
2023-09-24T07:00:00,747.88508,Sistema
2023-09-24T08:00:00,747.88508,Sistema
2023-09-24T09:00:00,747.88508,Sistema
2023-09-24T10:00:00,1009.58308,Sistema
2023-09-24T11:00:00,1060.58508,Sistema
2023-09-24T12:00:00,1060.58508,Sistema
2023-09-24T13:00:00,1060.68508,Sistema
2023-09-24T14:00:00,1060.68508,Sistema
2023-09-24T15:00:00,1060.68508,Sistema
2023-09-24T16:00:00,1060.68508,Sistema
2023-09-24T17:00:00,1060.68508,Sistema
2023-09-24T18:00:00,1060.88508,Sistema
2023-09-24T19:00:00,1060.88508,Sistema
2023-09-24T20:00:00,1060.88508,Sistema
2023-09-24T21:00:00,1060.88508,Sistema
2023-09-24T22:00:00,1060.88508,Sistema
2023-09-24T23:00:00,1060.88508,Sistema
2023-09-24T24:00:00,1060.88508,Sistema
2023-09-25T01:00:00,1008.68025,Sistema
2023-09-25T02:00:00,1008.68025,Sistema
2023-09-25T03:00:00,996.98325,Sistema
2023-09-25T04:00:00,796.98325,Sistema
2023-09-25T05:00:00,1008.68025,Sistema
2023-09-25T06:00:00,1059.68325,Sistema
2023-09-25T07:00:00,1059.68325,Sistema
2023-09-25T08:00:00,1060.48325,Sistema
2023-09-25T09:00:00,1060.48325,Sistema
2023-09-25T10:00:00,1060.48325,Sistema
2023-09-25T11:00:00,1061.08325,Sistema
2023-09-25T12:00:00,1061.08325,Sistema
2023-09-25T13:00:00,1061.08325,Sistema
2023-09-25T14:00:00,1061.08325,Sistema
2023-09-25T15:00:00,1061.08325,Sistema
2023-09-25T16:00:00,1061.08325,Sistema
2023-09-25T17:00:00,1061.08325,Sistema
2023-09-25T18:00:00,1061.08325,Sistema
2023-09-25T19:00:00,1061.68325,Sistema
2023-09-25T20:00:00,1061.08325,Sistema
2023-09-25T21:00:00,1061.08325,Sistema
2023-09-25T22:00:00,1061.08325,Sistema
2023-09-25T23:00:00,1061.08325,Sistema
2023-09-25T24:00:00,1060.48325,Sistema
2023-09-26T01:00:00,1061.48325,Sistema
2023-09-26T02:00:00,1060.98325,Sistema
2023-09-26T03:00:00,1060.68325,Sistema
2023-09-26T04:00:00,1060.68325,Sistema
2023-09-26T05:00:00,1060.68325,Sistema
2023-09-26T06:00:00,1060.98325,Sistema
2023-09-26T07:00:00,1060.98325,Sistema
2023-09-26T08:00:00,1061.48325,Sistema
2023-09-26T09:00:00,1061.48325,Sistema
2023-09-26T10:00:00,1061.48325,Sistema
2023-09-26T11:00:00,1061.48325,Sistema
2023-09-26T12:00:00,1061.48325,Sistema
2023-09-26T13:00:00,1061.48325,Sistema
2023-09-26T14:00:00,1061.63325,Sistema
2023-09-26T15:00:00,1061.63325,Sistema
2023-09-26T16:00:00,1061.63325,Sistema
2023-09-26T17:00:00,1061.63325,Sistema
2023-09-26T18:00:00,1061.63325,Sistema
2023-09-26T19:00:00,1061.63325,Sistema
2023-09-26T20:00:00,1061.63325,Sistema
2023-09-26T21:00:00,1061.63325,Sistema
2023-09-26T22:00:00,1061.63325,Sistema
2023-09-26T23:00:00,1061.48325,Sistema
2023-09-26T24:00:00,1061.48325,Sistema
2023-09-27T01:00:00,1008.98325,Sistema
2023-09-27T02:00:00,1008.68025,Sistema
2023-09-27T03:00:00,1001.98325,Sistema
2023-09-27T04:00:00,1001.98325,Sistema
2023-09-27T05:00:00,1001.98325,Sistema
2023-09-27T06:00:00,1008.68125,Sistema
2023-09-27T07:00:00,1008.98325,Sistema
2023-09-27T08:00:00,1008.98325,Sistema
2023-09-27T09:00:00,1061.68525,Sistema
2023-09-27T10:00:00,1061.68525,Sistema
2023-09-27T11:00:00,1061.68525,Sistema
2023-09-27T12:00:00,1061.68525,Sistema
2023-09-27T13:00:00,1061.68525,Sistema
2023-09-27T14:00:00,1061.68525,Sistema
2023-09-27T15:00:00,1061.68625,Sistema
2023-09-27T16:00:00,1061.68625,Sistema
2023-09-27T17:00:00,1061.68625,Sistema
2023-09-27T18:00:00,1061.68525,Sistema
2023-09-27T19:00:00,1061.68625,Sistema
2023-09-27T20:00:00,1061.68625,Sistema
2023-09-27T21:00:00,1061.68625,Sistema
2023-09-27T22:00:00,1061.68525,Sistema
2023-09-27T23:00:00,1061.65325,Sistema
2023-09-27T24:00:00,1008.98325,Sistema
2023-09-28T01:00:00,1012.75866,Sistema
2023-09-28T02:00:00,1009.45666,Sistema
2023-09-28T03:00:00,1009.45566,Sistema
2023-09-28T04:00:00,997.75866,Sistema
2023-09-28T05:00:00,1009.45566,Sistema
2023-09-28T06:00:00,1012.75866,Sistema
2023-09-28T07:00:00,1012.75866,Sistema
2023-09-28T08:00:00,1012.75866,Sistema
2023-09-28T09:00:00,1062.55866,Sistema
2023-09-28T10:00:00,1062.55866,Sistema
2023-09-28T11:00:00,1062.59266,Sistema
2023-09-28T12:00:00,1062.59266,Sistema
2023-09-28T13:00:00,1062.59266,Sistema
2023-09-28T14:00:00,1062.59366,Sistema
2023-09-28T15:00:00,1062.59466,Sistema
2023-09-28T16:00:00,1062.59466,Sistema
2023-09-28T17:00:00,1062.59466,Sistema
2023-09-28T18:00:00,1062.59466,Sistema
2023-09-28T19:00:00,1062.59466,Sistema
2023-09-28T20:00:00,1062.59466,Sistema
2023-09-28T21:00:00,1062.59466,Sistema
2023-09-28T22:00:00,1062.59466,Sistema
2023-09-28T23:00:00,1062.55866,Sistema
2023-09-28T24:00:00,1062.55866,Sistema
2023-09-29T01:00:00,1013.25479,Sistema
2023-09-29T02:00:00,1009.95279,Sistema
2023-09-29T03:00:00,998.25479,Sistema
2023-09-29T04:00:00,848.25479,Sistema
2023-09-29T05:00:00,998.25479,Sistema
2023-09-29T06:00:00,1013.25479,Sistema
2023-09-29T07:00:00,1013.25479,Sistema
2023-09-29T08:00:00,1013.25479,Sistema
2023-09-29T09:00:00,1017.25479,Sistema
2023-09-29T10:00:00,1018.25479,Sistema
2023-09-29T11:00:00,1018.25479,Sistema
2023-09-29T12:00:00,1063.18479,Sistema
2023-09-29T13:00:00,1063.19179,Sistema
2023-09-29T14:00:00,1063.19179,Sistema
2023-09-29T15:00:00,1063.19179,Sistema
2023-09-29T16:00:00,1063.19279,Sistema
2023-09-29T17:00:00,1063.19279,Sistema
2023-09-29T18:00:00,1063.19279,Sistema
2023-09-29T19:00:00,1063.19379,Sistema
2023-09-29T20:00:00,1063.19379,Sistema
2023-09-29T21:00:00,1063.19379,Sistema
2023-09-29T22:00:00,1063.19279,Sistema
2023-09-29T23:00:00,1063.19179,Sistema
2023-09-29T24:00:00,1018.25479,Sistema
2023-09-30T01:00:00,1016.02604,Sistema
2023-09-30T02:00:00,1008.72404,Sistema
2023-09-30T03:00:00,997.02604,Sistema
2023-09-30T04:00:00,847.02604,Sistema
2023-09-30T05:00:00,847.02604,Sistema
2023-09-30T06:00:00,847.02604,Sistema
2023-09-30T07:00:00,847.02604,Sistema
2023-09-30T08:00:00,1008.72304,Sistema
2023-09-30T09:00:00,1016.02604,Sistema
2023-09-30T10:00:00,1047.02604,Sistema
2023-09-30T11:00:00,1061.86404,Sistema
2023-09-30T12:00:00,1061.94604,Sistema
2023-09-30T13:00:00,1061.94604,Sistema
2023-09-30T14:00:00,1061.94604,Sistema
2023-09-30T15:00:00,1061.94604,Sistema
2023-09-30T16:00:00,1061.94604,Sistema
2023-09-30T17:00:00,1061.96304,Sistema
2023-09-30T18:00:00,1061.96304,Sistema
2023-09-30T19:00:00,1061.96404,Sistema
2023-09-30T20:00:00,1061.96304,Sistema
2023-09-30T21:00:00,1061.96304,Sistema
2023-09-30T22:00:00,1047.02604,Sistema
2023-09-30T23:00:00,1061.86404,Sistema
2023-09-30T24:00:00,1016.02604,Sistema
2023-10-01T01:00:00,1061.14694,Sistema
2023-10-01T02:00:00,1061.10994,Sistema
2023-10-01T03:00:00,1061.10994,Sistema
2023-10-01T04:00:00,1061.10994,Sistema
2023-10-01T05:00:00,1061.10994,Sistema
2023-10-01T06:00:00,1061.10994,Sistema
2023-10-01T07:00:00,1061.10994,Sistema
2023-10-01T08:00:00,1061.10994,Sistema
2023-10-01T09:00:00,1061.10994,Sistema
2023-10-01T10:00:00,1061.10994,Sistema
2023-10-01T11:00:00,1061.10994,Sistema
2023-10-01T12:00:00,596.20994,Sistema
2023-10-01T13:00:00,1061.14694,Sistema
2023-10-01T14:00:00,1061.10994,Sistema
2023-10-01T15:00:00,1061.10994,Sistema
2023-10-01T16:00:00,1061.10994,Sistema
2023-10-01T17:00:00,1061.10994,Sistema
2023-10-01T18:00:00,1061.14694,Sistema
2023-10-01T19:00:00,1061.70994,Sistema
2023-10-01T20:00:00,1062.80994,Sistema
2023-10-01T21:00:00,1062.80994,Sistema
2023-10-01T22:00:00,1061.70994,Sistema
2023-10-01T23:00:00,1061.14794,Sistema
2023-10-01T24:00:00,1061.14694,Sistema
2023-10-02T01:00:00,1062.19806,Sistema
2023-10-02T02:00:00,1061.58706,Sistema
2023-10-02T03:00:00,1050.58806,Sistema
2023-10-02T04:00:00,1050.58806,Sistema
2023-10-02T05:00:00,1061.58706,Sistema
2023-10-02T06:00:00,1062.19806,Sistema
2023-10-02T07:00:00,1062.19806,Sistema
2023-10-02T08:00:00,1062.19806,Sistema
2023-10-02T09:00:00,1062.19806,Sistema
2023-10-02T10:00:00,1062.19806,Sistema
2023-10-02T11:00:00,1062.19806,Sistema
2023-10-02T12:00:00,1062.19806,Sistema
2023-10-02T13:00:00,1062.19806,Sistema
2023-10-02T14:00:00,1062.19806,Sistema
2023-10-02T15:00:00,1062.20306,Sistema
2023-10-02T16:00:00,1062.23706,Sistema
2023-10-02T17:00:00,1062.23706,Sistema
2023-10-02T18:00:00,1062.23706,Sistema
2023-10-02T19:00:00,1072.58806,Sistema
2023-10-02T20:00:00,1072.58806,Sistema
2023-10-02T21:00:00,1072.58806,Sistema
2023-10-02T22:00:00,1062.23706,Sistema
2023-10-02T23:00:00,1062.19806,Sistema
2023-10-02T24:00:00,1062.19806,Sistema
2023-10-03T01:00:00,1062.54511,Sistema
2023-10-03T02:00:00,1062.54511,Sistema
2023-10-03T03:00:00,1062.54511,Sistema
2023-10-03T04:00:00,1062.54511,Sistema
2023-10-03T05:00:00,1062.54511,Sistema
2023-10-03T06:00:00,1062.54511,Sistema
2023-10-03T07:00:00,1062.54511,Sistema
2023-10-03T08:00:00,1062.54511,Sistema
2023-10-03T09:00:00,1062.55211,Sistema
2023-10-03T10:00:00,1062.55211,Sistema
2023-10-03T11:00:00,1062.55211,Sistema
2023-10-03T12:00:00,1062.55211,Sistema
2023-10-03T13:00:00,1062.55211,Sistema
2023-10-03T14:00:00,1062.55211,Sistema
2023-10-03T15:00:00,1062.55311,Sistema
2023-10-03T16:00:00,1062.55311,Sistema
2023-10-03T17:00:00,1062.55311,Sistema
2023-10-03T18:00:00,1062.55211,Sistema
2023-10-03T19:00:00,1062.55311,Sistema
2023-10-03T20:00:00,1062.55311,Sistema
2023-10-03T21:00:00,1062.55211,Sistema
2023-10-03T22:00:00,1062.55211,Sistema
2023-10-03T23:00:00,1062.55211,Sistema
2023-10-03T24:00:00,1062.54511,Sistema
2023-10-04T01:00:00,1047.58806,Sistema
2023-10-04T02:00:00,1047.58806,Sistema
2023-10-04T03:00:00,1047.58806,Sistema
2023-10-04T04:00:00,1047.58806,Sistema
2023-10-04T05:00:00,1047.58806,Sistema
2023-10-04T06:00:00,1047.58806,Sistema
2023-10-04T07:00:00,1047.58806,Sistema
2023-10-04T08:00:00,1047.58806,Sistema
2023-10-04T09:00:00,1047.58806,Sistema
2023-10-04T10:00:00,1047.58806,Sistema
2023-10-04T11:00:00,1062.23606,Sistema
2023-10-04T12:00:00,1062.23606,Sistema
2023-10-04T13:00:00,1062.23606,Sistema
2023-10-04T14:00:00,1062.23606,Sistema
2023-10-04T15:00:00,1062.23606,Sistema
2023-10-04T16:00:00,1062.23606,Sistema
2023-10-04T17:00:00,1062.23606,Sistema
2023-10-04T18:00:00,1062.23706,Sistema
2023-10-04T19:00:00,1081.58806,Sistema
2023-10-04T20:00:00,1081.58806,Sistema
2023-10-04T21:00:00,1062.23706,Sistema
2023-10-04T22:00:00,1062.23606,Sistema
2023-10-04T23:00:00,1062.23606,Sistema
2023-10-04T24:00:00,1047.58806,Sistema
2023-10-05T01:00:00,1047.58806,Sistema
2023-10-05T02:00:00,1047.58806,Sistema
2023-10-05T03:00:00,1008.90506,Sistema
2023-10-05T04:00:00,1008.90506,Sistema
2023-10-05T05:00:00,1047.58806,Sistema
2023-10-05T06:00:00,1047.58806,Sistema
2023-10-05T07:00:00,1047.58806,Sistema
2023-10-05T08:00:00,1047.58806,Sistema
2023-10-05T09:00:00,1047.58806,Sistema
2023-10-05T10:00:00,1050.58806,Sistema
2023-10-05T11:00:00,1062.23606,Sistema
2023-10-05T12:00:00,1062.23606,Sistema
2023-10-05T13:00:00,1062.23606,Sistema
2023-10-05T14:00:00,1062.23606,Sistema
2023-10-05T15:00:00,1084.58806,Sistema
2023-10-05T16:00:00,1085.58806,Sistema
2023-10-05T17:00:00,1085.58806,Sistema
2023-10-05T18:00:00,1084.58806,Sistema
2023-10-05T19:00:00,1085.58806,Sistema
2023-10-05T20:00:00,1085.58806,Sistema
2023-10-05T21:00:00,1085.58806,Sistema
2023-10-05T22:00:00,1062.23606,Sistema
2023-10-05T23:00:00,1050.58806,Sistema
2023-10-05T24:00:00,1047.58806,Sistema
2023-10-06T01:00:00,1084.58806,Sistema
2023-10-06T02:00:00,1062.23506,Sistema
2023-10-06T03:00:00,1062.23506,Sistema
2023-10-06T04:00:00,1062.23506,Sistema
2023-10-06T05:00:00,1062.23506,Sistema
2023-10-06T06:00:00,1084.58806,Sistema
2023-10-06T07:00:00,1084.58806,Sistema
2023-10-06T08:00:00,1084.58806,Sistema
2023-10-06T09:00:00,1084.58806,Sistema
2023-10-06T10:00:00,1085.58806,Sistema
2023-10-06T11:00:00,1090.58806,Sistema
2023-10-06T12:00:00,1090.58806,Sistema
2023-10-06T13:00:00,1090.58806,Sistema
2023-10-06T14:00:00,1090.58806,Sistema
2023-10-06T15:00:00,1107.58806,Sistema
2023-10-06T16:00:00,1090.58806,Sistema
2023-10-06T17:00:00,1106.58806,Sistema
2023-10-06T18:00:00,1090.58806,Sistema
2023-10-06T19:00:00,1090.58806,Sistema
2023-10-06T20:00:00,1090.58806,Sistema
2023-10-06T21:00:00,1090.58806,Sistema
2023-10-06T22:00:00,1090.58806,Sistema
2023-10-06T23:00:00,1085.58806,Sistema
2023-10-06T24:00:00,1084.58806,Sistema
2023-10-07T01:00:00,1107.76603,Sistema
2023-10-07T02:00:00,1084.76603,Sistema
2023-10-07T03:00:00,1084.76603,Sistema
2023-10-07T04:00:00,1084.76603,Sistema
2023-10-07T05:00:00,1062.41303,Sistema
2023-10-07T06:00:00,1062.41303,Sistema
2023-10-07T07:00:00,1084.76603,Sistema
2023-10-07T08:00:00,1084.76603,Sistema
2023-10-07T09:00:00,1106.76603,Sistema
2023-10-07T10:00:00,1106.76603,Sistema
2023-10-07T11:00:00,1106.76603,Sistema
2023-10-07T12:00:00,1106.76603,Sistema
2023-10-07T13:00:00,1106.76603,Sistema
2023-10-07T14:00:00,1106.76603,Sistema
2023-10-07T15:00:00,1106.76603,Sistema
2023-10-07T16:00:00,1106.76603,Sistema
2023-10-07T17:00:00,1106.76603,Sistema
2023-10-07T18:00:00,1106.76603,Sistema
2023-10-07T19:00:00,1106.76603,Sistema
2023-10-07T20:00:00,1106.76603,Sistema
2023-10-07T21:00:00,1106.76603,Sistema
2023-10-07T22:00:00,1106.76603,Sistema
2023-10-07T23:00:00,1084.76603,Sistema
2023-10-07T24:00:00,1084.76603,Sistema
2023-10-08T01:00:00,1046.40288,Sistema
2023-10-08T02:00:00,1046.40288,Sistema
2023-10-08T03:00:00,1046.40288,Sistema
2023-10-08T04:00:00,1009.71888,Sistema
2023-10-08T05:00:00,996.40288,Sistema
2023-10-08T06:00:00,996.40288,Sistema
2023-10-08T07:00:00,946.40288,Sistema
2023-10-08T08:00:00,946.40288,Sistema
2023-10-08T09:00:00,1009.71888,Sistema
2023-10-08T10:00:00,1016.40288,Sistema
2023-10-08T11:00:00,1046.40288,Sistema
2023-10-08T12:00:00,1046.40288,Sistema
2023-10-08T13:00:00,1063.04588,Sistema
2023-10-08T14:00:00,1063.04588,Sistema
2023-10-08T15:00:00,1046.40288,Sistema
2023-10-08T16:00:00,1046.40288,Sistema
2023-10-08T17:00:00,1063.04588,Sistema
2023-10-08T18:00:00,1063.04588,Sistema
2023-10-08T19:00:00,1063.04588,Sistema
2023-10-08T20:00:00,1151.40288,Sistema
2023-10-08T21:00:00,1151.40288,Sistema
2023-10-08T22:00:00,1063.04588,Sistema
2023-10-08T23:00:00,1063.04588,Sistema
2023-10-08T24:00:00,1063.04588,Sistema
2023-10-09T01:00:00,945.87958,Sistema
2023-10-09T02:00:00,945.87958,Sistema
2023-10-09T03:00:00,945.87958,Sistema
2023-10-09T04:00:00,945.87958,Sistema
2023-10-09T05:00:00,945.87958,Sistema
2023-10-09T06:00:00,945.87958,Sistema
2023-10-09T07:00:00,945.87958,Sistema
2023-10-09T08:00:00,950.87958,Sistema
2023-10-09T09:00:00,1115.87958,Sistema
2023-10-09T10:00:00,1115.87958,Sistema
2023-10-09T11:00:00,1150.87958,Sistema
2023-10-09T12:00:00,1150.87958,Sistema
2023-10-09T13:00:00,1150.87958,Sistema
2023-10-09T14:00:00,1150.87958,Sistema
2023-10-09T15:00:00,1150.87958,Sistema
2023-10-09T16:00:00,1150.87958,Sistema
2023-10-09T17:00:00,1150.87958,Sistema
2023-10-09T18:00:00,1150.87958,Sistema
2023-10-09T19:00:00,1150.87958,Sistema
2023-10-09T20:00:00,1150.87958,Sistema
2023-10-09T21:00:00,1115.87958,Sistema
2023-10-09T22:00:00,1115.87958,Sistema
2023-10-09T23:00:00,1115.87958,Sistema
2023-10-09T24:00:00,950.87958,Sistema
2023-10-10T01:00:00,945.68963,Sistema
2023-10-10T02:00:00,945.68963,Sistema
2023-10-10T03:00:00,945.68963,Sistema
2023-10-10T04:00:00,945.68963,Sistema
2023-10-10T05:00:00,945.68963,Sistema
2023-10-10T06:00:00,945.68963,Sistema
2023-10-10T07:00:00,945.68963,Sistema
2023-10-10T08:00:00,950.68963,Sistema
2023-10-10T09:00:00,1123.68963,Sistema
2023-10-10T10:00:00,1123.68963,Sistema
2023-10-10T11:00:00,1123.68963,Sistema
2023-10-10T12:00:00,1150.68963,Sistema
2023-10-10T13:00:00,1123.68963,Sistema
2023-10-10T14:00:00,1150.68963,Sistema
2023-10-10T15:00:00,1150.68963,Sistema
2023-10-10T16:00:00,1150.68963,Sistema
2023-10-10T17:00:00,1150.68963,Sistema
2023-10-10T18:00:00,1123.68963,Sistema
2023-10-10T19:00:00,1150.68963,Sistema
2023-10-10T20:00:00,1150.68963,Sistema
2023-10-10T21:00:00,1123.68963,Sistema
2023-10-10T22:00:00,1123.68963,Sistema
2023-10-10T23:00:00,1123.68963,Sistema
2023-10-10T24:00:00,950.68963,Sistema
2023-10-11T01:00:00,950.59727,Sistema
2023-10-11T02:00:00,945.59727,Sistema
2023-10-11T03:00:00,945.59727,Sistema
2023-10-11T04:00:00,945.59727,Sistema
2023-10-11T05:00:00,945.59727,Sistema
2023-10-11T06:00:00,945.59727,Sistema
2023-10-11T07:00:00,950.59727,Sistema
2023-10-11T08:00:00,1008.91327,Sistema
2023-10-11T09:00:00,1050.59727,Sistema
2023-10-11T10:00:00,1050.59727,Sistema
2023-10-11T11:00:00,1050.59727,Sistema
2023-10-11T12:00:00,1050.59727,Sistema
2023-10-11T13:00:00,1050.59727,Sistema
2023-10-11T14:00:00,1050.59727,Sistema
2023-10-11T15:00:00,1050.59727,Sistema
2023-10-11T16:00:00,1050.59727,Sistema
2023-10-11T17:00:00,1050.59727,Sistema
2023-10-11T18:00:00,1150.59727,Sistema
2023-10-11T19:00:00,1150.59727,Sistema
2023-10-11T20:00:00,1150.59727,Sistema
2023-10-11T21:00:00,1150.59727,Sistema
2023-10-11T22:00:00,1150.59727,Sistema
2023-10-11T23:00:00,1050.59727,Sistema
2023-10-11T24:00:00,1050.59727,Sistema
2023-10-12T01:00:00,865.79137,Sistema
2023-10-12T02:00:00,865.79137,Sistema
2023-10-12T03:00:00,865.79137,Sistema
2023-10-12T04:00:00,865.79137,Sistema
2023-10-12T05:00:00,865.79137,Sistema
2023-10-12T06:00:00,865.79137,Sistema
2023-10-12T07:00:00,865.79137,Sistema
2023-10-12T08:00:00,865.79137,Sistema
2023-10-12T09:00:00,995.79137,Sistema
2023-10-12T10:00:00,945.79137,Sistema
2023-10-12T11:00:00,1061.79137,Sistema
2023-10-12T12:00:00,1061.89137,Sistema
2023-10-12T13:00:00,1061.89137,Sistema
2023-10-12T14:00:00,1061.89137,Sistema
2023-10-12T15:00:00,1061.89137,Sistema
2023-10-12T16:00:00,1061.89137,Sistema
2023-10-12T17:00:00,1061.89137,Sistema
2023-10-12T18:00:00,1061.89137,Sistema
2023-10-12T19:00:00,1061.89137,Sistema
2023-10-12T20:00:00,1061.89137,Sistema
2023-10-12T21:00:00,1061.89137,Sistema
2023-10-12T22:00:00,1061.89137,Sistema
2023-10-12T23:00:00,945.79137,Sistema
2023-10-12T24:00:00,865.79137,Sistema
2023-10-13T01:00:00,945.69234,Sistema
2023-10-13T02:00:00,845.69234,Sistema
2023-10-13T03:00:00,845.69234,Sistema
2023-10-13T04:00:00,745.69234,Sistema
2023-10-13T05:00:00,845.69234,Sistema
2023-10-13T06:00:00,845.69234,Sistema
2023-10-13T07:00:00,945.69234,Sistema
2023-10-13T08:00:00,945.69234,Sistema
2023-10-13T09:00:00,945.69234,Sistema
2023-10-13T10:00:00,1009.00834,Sistema
2023-10-13T11:00:00,1059.69234,Sistema
2023-10-13T12:00:00,1061.99234,Sistema
2023-10-13T13:00:00,1061.99234,Sistema
2023-10-13T14:00:00,1061.99234,Sistema
2023-10-13T15:00:00,1061.99234,Sistema
2023-10-13T16:00:00,1061.99234,Sistema
2023-10-13T17:00:00,1061.99234,Sistema
2023-10-13T18:00:00,1061.99234,Sistema
2023-10-13T19:00:00,1095.69234,Sistema
2023-10-13T20:00:00,1061.99234,Sistema
2023-10-13T21:00:00,1061.99234,Sistema
2023-10-13T22:00:00,1061.99234,Sistema
2023-10-13T23:00:00,1059.69234,Sistema
2023-10-13T24:00:00,945.69234,Sistema
2023-10-14T01:00:00,1060.08806,Sistema
2023-10-14T02:00:00,1008.90506,Sistema
2023-10-14T03:00:00,1060.08806,Sistema
2023-10-14T04:00:00,1008.90506,Sistema
2023-10-14T05:00:00,1008.90506,Sistema
2023-10-14T06:00:00,1008.90506,Sistema
2023-10-14T07:00:00,1060.08806,Sistema
2023-10-14T08:00:00,1060.08806,Sistema
2023-10-14T09:00:00,1060.08806,Sistema
2023-10-14T10:00:00,1060.08806,Sistema
2023-10-14T11:00:00,1061.98806,Sistema
2023-10-14T12:00:00,1061.98806,Sistema
2023-10-14T13:00:00,1061.98806,Sistema
2023-10-14T14:00:00,1061.98806,Sistema
2023-10-14T15:00:00,1061.98806,Sistema
2023-10-14T16:00:00,1060.08806,Sistema
2023-10-14T17:00:00,1060.08806,Sistema
2023-10-14T18:00:00,1061.98806,Sistema
2023-10-14T19:00:00,1061.98806,Sistema
2023-10-14T20:00:00,1061.98806,Sistema
2023-10-14T21:00:00,1061.98806,Sistema
2023-10-14T22:00:00,1061.98806,Sistema
2023-10-14T23:00:00,1061.98806,Sistema
2023-10-14T24:00:00,1060.08806,Sistema
2023-10-15T01:00:00,1062.0296,Sistema
2023-10-15T02:00:00,1062.0296,Sistema
2023-10-15T03:00:00,1062.0296,Sistema
2023-10-15T04:00:00,1008.9966,Sistema
2023-10-15T05:00:00,855.6796,Sistema
2023-10-15T06:00:00,855.6796,Sistema
2023-10-15T07:00:00,742.8756,Sistema
2023-10-15T08:00:00,855.6796,Sistema
2023-10-15T09:00:00,855.6796,Sistema
2023-10-15T10:00:00,1062.0296,Sistema
2023-10-15T11:00:00,1062.0296,Sistema
2023-10-15T12:00:00,1062.0296,Sistema
2023-10-15T13:00:00,1062.0296,Sistema
2023-10-15T14:00:00,1062.0296,Sistema
2023-10-15T15:00:00,1062.0296,Sistema
2023-10-15T16:00:00,1062.0296,Sistema
2023-10-15T17:00:00,1062.0296,Sistema
2023-10-15T18:00:00,1062.0296,Sistema
2023-10-15T19:00:00,1062.2496,Sistema
2023-10-15T20:00:00,1062.2496,Sistema
2023-10-15T21:00:00,1062.2496,Sistema
2023-10-15T22:00:00,1062.2496,Sistema
2023-10-15T23:00:00,1062.0296,Sistema
2023-10-15T24:00:00,1062.0296,Sistema
2023-10-16T01:00:00,1062.16306,Sistema
2023-10-16T02:00:00,1062.16306,Sistema
2023-10-16T03:00:00,1062.16306,Sistema
2023-10-16T04:00:00,1062.16306,Sistema
2023-10-16T05:00:00,1062.16306,Sistema
2023-10-16T06:00:00,1062.16306,Sistema
2023-10-16T07:00:00,1015.58806,Sistema
2023-10-16T08:00:00,1062.16306,Sistema
2023-10-16T09:00:00,1062.16306,Sistema
2023-10-16T10:00:00,1062.16306,Sistema
2023-10-16T11:00:00,1062.16306,Sistema
2023-10-16T12:00:00,1062.23606,Sistema
2023-10-16T13:00:00,1062.23606,Sistema
2023-10-16T14:00:00,1062.23606,Sistema
2023-10-16T15:00:00,1062.23606,Sistema
2023-10-16T16:00:00,1062.23606,Sistema
2023-10-16T17:00:00,1062.23606,Sistema
2023-10-16T18:00:00,1062.23606,Sistema
2023-10-16T19:00:00,1195.58806,Sistema
2023-10-16T20:00:00,1195.58806,Sistema
2023-10-16T21:00:00,1114.69806,Sistema
2023-10-16T22:00:00,1062.23606,Sistema
2023-10-16T23:00:00,1062.23606,Sistema
2023-10-16T24:00:00,1062.16306,Sistema
2023-10-17T01:00:00,1015.6846,Sistema
2023-10-17T02:00:00,1015.6846,Sistema
2023-10-17T03:00:00,1009.0016,Sistema
2023-10-17T04:00:00,1015.6846,Sistema
2023-10-17T05:00:00,1015.6846,Sistema
2023-10-17T06:00:00,1075.6846,Sistema
2023-10-17T07:00:00,1075.6846,Sistema
2023-10-17T08:00:00,1075.6846,Sistema
2023-10-17T09:00:00,1075.6846,Sistema
2023-10-17T10:00:00,1151.9846,Sistema
2023-10-17T11:00:00,1151.9846,Sistema
2023-10-17T12:00:00,1151.9846,Sistema
2023-10-17T13:00:00,1151.9846,Sistema
2023-10-17T14:00:00,1151.9846,Sistema
2023-10-17T15:00:00,1151.9846,Sistema
2023-10-17T16:00:00,1151.9846,Sistema
2023-10-17T17:00:00,1151.9846,Sistema
2023-10-17T18:00:00,1151.9846,Sistema
2023-10-17T19:00:00,1206.6846,Sistema
2023-10-17T20:00:00,1206.6846,Sistema
2023-10-17T21:00:00,1200.6846,Sistema
2023-10-17T22:00:00,1151.9846,Sistema
2023-10-17T23:00:00,1151.9846,Sistema
2023-10-17T24:00:00,1075.6846,Sistema
2023-10-18T01:00:00,1205.99752,Sistema
2023-10-18T02:00:00,1015.59752,Sistema
2023-10-18T03:00:00,1015.59752,Sistema
2023-10-18T04:00:00,1015.59752,Sistema
2023-10-18T05:00:00,1015.59752,Sistema
2023-10-18T06:00:00,1205.99752,Sistema
2023-10-18T07:00:00,1205.99752,Sistema
2023-10-18T08:00:00,1205.99752,Sistema
2023-10-18T09:00:00,1205.99752,Sistema
2023-10-18T10:00:00,1207.59752,Sistema
2023-10-18T11:00:00,1207.59752,Sistema
2023-10-18T12:00:00,1207.59752,Sistema
2023-10-18T13:00:00,1207.59752,Sistema
2023-10-18T14:00:00,1207.59752,Sistema
2023-10-18T15:00:00,1207.59752,Sistema
2023-10-18T16:00:00,1207.59752,Sistema
2023-10-18T17:00:00,1207.59752,Sistema
2023-10-18T18:00:00,1207.59752,Sistema
2023-10-18T19:00:00,1216.59752,Sistema
2023-10-18T20:00:00,1216.59752,Sistema
2023-10-18T21:00:00,1216.59752,Sistema
2023-10-18T22:00:00,1207.59752,Sistema
2023-10-18T23:00:00,1207.59752,Sistema
2023-10-18T24:00:00,1205.99752,Sistema
2023-10-19T01:00:00,1210.58946,Sistema
2023-10-19T02:00:00,1210.58946,Sistema
2023-10-19T03:00:00,1210.58946,Sistema
2023-10-19T04:00:00,1210.58946,Sistema
2023-10-19T05:00:00,1210.58946,Sistema
2023-10-19T06:00:00,1210.58946,Sistema
2023-10-19T07:00:00,1210.58946,Sistema
2023-10-19T08:00:00,1269.72346,Sistema
2023-10-19T09:00:00,1285.58946,Sistema
2023-10-19T10:00:00,1285.58946,Sistema
2023-10-19T11:00:00,1285.58946,Sistema
2023-10-19T12:00:00,1295.58946,Sistema
2023-10-19T13:00:00,1285.58946,Sistema
2023-10-19T14:00:00,1295.58946,Sistema
2023-10-19T15:00:00,1295.58946,Sistema
2023-10-19T16:00:00,1295.58946,Sistema
2023-10-19T17:00:00,1295.58946,Sistema
2023-10-19T18:00:00,1295.58946,Sistema
2023-10-19T19:00:00,1395.58946,Sistema
2023-10-19T20:00:00,1395.58946,Sistema
2023-10-19T21:00:00,1385.58946,Sistema
2023-10-19T22:00:00,1295.58946,Sistema
2023-10-19T23:00:00,1285.58946,Sistema
2023-10-19T24:00:00,1285.58946,Sistema
2023-10-20T01:00:00,1290.63441,Sistema
2023-10-20T02:00:00,1284.63441,Sistema
2023-10-20T03:00:00,1284.63441,Sistema
2023-10-20T04:00:00,1284.63441,Sistema
2023-10-20T05:00:00,1284.63441,Sistema
2023-10-20T06:00:00,1284.63441,Sistema
2023-10-20T07:00:00,1290.63441,Sistema
2023-10-20T08:00:00,1297.18941,Sistema
2023-10-20T09:00:00,1297.18941,Sistema
2023-10-20T10:00:00,1297.18941,Sistema
2023-10-20T11:00:00,1385.63441,Sistema
2023-10-20T12:00:00,1395.63441,Sistema
2023-10-20T13:00:00,1385.63441,Sistema
2023-10-20T14:00:00,1395.63441,Sistema
2023-10-20T15:00:00,1465.63441,Sistema
2023-10-20T16:00:00,1465.63441,Sistema
2023-10-20T17:00:00,1465.63441,Sistema
2023-10-20T18:00:00,1465.63441,Sistema
2023-10-20T19:00:00,1465.63441,Sistema
2023-10-20T20:00:00,1465.63441,Sistema
2023-10-20T21:00:00,1465.63441,Sistema
2023-10-20T22:00:00,1385.63441,Sistema
2023-10-20T23:00:00,1297.18941,Sistema
2023-10-20T24:00:00,1290.63441,Sistema
2023-10-21T01:00:00,1245.76534,Sistema
2023-10-21T02:00:00,1245.76534,Sistema
2023-10-21T03:00:00,1245.76534,Sistema
2023-10-21T04:00:00,1245.76534,Sistema
2023-10-21T05:00:00,1245.76534,Sistema
2023-10-21T06:00:00,1245.76534,Sistema
2023-10-21T07:00:00,1245.76534,Sistema
2023-10-21T08:00:00,1245.76534,Sistema
2023-10-21T09:00:00,1505.76534,Sistema
2023-10-21T10:00:00,1526.32034,Sistema
2023-10-21T11:00:00,1526.32034,Sistema
2023-10-21T12:00:00,1526.32034,Sistema
2023-10-21T13:00:00,1526.32034,Sistema
2023-10-21T14:00:00,1526.32034,Sistema
2023-10-21T15:00:00,1526.32034,Sistema
2023-10-21T16:00:00,1526.32034,Sistema
2023-10-21T17:00:00,1526.32034,Sistema
2023-10-21T18:00:00,1526.32034,Sistema
2023-10-21T19:00:00,1526.32034,Sistema
2023-10-21T20:00:00,1526.32034,Sistema
2023-10-21T21:00:00,1526.32034,Sistema
2023-10-21T22:00:00,1526.32034,Sistema
2023-10-21T23:00:00,1495.76534,Sistema
2023-10-21T24:00:00,1245.76534,Sistema
2023-10-22T01:00:00,1195.66958,Sistema
2023-10-22T02:00:00,1195.66958,Sistema
2023-10-22T03:00:00,1195.66958,Sistema
2023-10-22T04:00:00,1195.66958,Sistema
2023-10-22T05:00:00,1195.66958,Sistema
2023-10-22T06:00:00,1114.77958,Sistema
2023-10-22T07:00:00,1114.77958,Sistema
2023-10-22T08:00:00,1114.77958,Sistema
2023-10-22T09:00:00,1195.66958,Sistema
2023-10-22T10:00:00,1195.66958,Sistema
2023-10-22T11:00:00,1195.66958,Sistema
2023-10-22T12:00:00,1245.66958,Sistema
2023-10-22T13:00:00,1245.66958,Sistema
2023-10-22T14:00:00,1245.66958,Sistema
2023-10-22T15:00:00,1245.66958,Sistema
2023-10-22T16:00:00,1195.66958,Sistema
2023-10-22T17:00:00,1245.66958,Sistema
2023-10-22T18:00:00,1245.66958,Sistema
2023-10-22T19:00:00,1535.66958,Sistema
2023-10-22T20:00:00,1581.22458,Sistema
2023-10-22T21:00:00,1245.66958,Sistema
2023-10-22T22:00:00,1245.66958,Sistema
2023-10-22T23:00:00,1245.66958,Sistema
2023-10-22T24:00:00,1195.66958,Sistema
2023-10-23T01:00:00,1165.58806,Sistema
2023-10-23T02:00:00,1114.69806,Sistema
2023-10-23T03:00:00,1114.69806,Sistema
2023-10-23T04:00:00,1114.69806,Sistema
2023-10-23T05:00:00,1165.58806,Sistema
2023-10-23T06:00:00,1165.58806,Sistema
2023-10-23T07:00:00,1165.58806,Sistema
2023-10-23T08:00:00,1165.58806,Sistema
2023-10-23T09:00:00,1350.58806,Sistema
2023-10-23T10:00:00,1350.58806,Sistema
2023-10-23T11:00:00,1350.58806,Sistema
2023-10-23T12:00:00,1497.14306,Sistema
2023-10-23T13:00:00,1350.58806,Sistema
2023-10-23T14:00:00,1497.14306,Sistema
2023-10-23T15:00:00,1497.14306,Sistema
2023-10-23T16:00:00,1565.58806,Sistema
2023-10-23T17:00:00,1497.14306,Sistema
2023-10-23T18:00:00,1497.14306,Sistema
2023-10-23T19:00:00,1497.14306,Sistema
2023-10-23T20:00:00,1497.14306,Sistema
2023-10-23T21:00:00,1497.14306,Sistema
2023-10-23T22:00:00,1497.14306,Sistema
2023-10-23T23:00:00,1350.58806,Sistema
2023-10-23T24:00:00,1350.58806,Sistema
2023-10-24T01:00:00,1497.24108,Sistema
2023-10-24T02:00:00,1165.68608,Sistema
2023-10-24T03:00:00,1165.68608,Sistema
2023-10-24T04:00:00,1165.68608,Sistema
2023-10-24T05:00:00,1497.24108,Sistema
2023-10-24T06:00:00,1497.24108,Sistema
2023-10-24T07:00:00,1497.24108,Sistema
2023-10-24T08:00:00,1497.24108,Sistema
2023-10-24T09:00:00,1501.68608,Sistema
2023-10-24T10:00:00,1501.68608,Sistema
2023-10-24T11:00:00,1501.68608,Sistema
2023-10-24T12:00:00,1534.68608,Sistema
2023-10-24T13:00:00,1534.68608,Sistema
2023-10-24T14:00:00,1534.68608,Sistema
2023-10-24T15:00:00,1534.68608,Sistema
2023-10-24T16:00:00,1534.68608,Sistema
2023-10-24T17:00:00,1534.68608,Sistema
2023-10-24T18:00:00,1534.68608,Sistema
2023-10-24T19:00:00,1595.68608,Sistema
2023-10-24T20:00:00,1534.68608,Sistema
2023-10-24T21:00:00,1534.68608,Sistema
2023-10-24T22:00:00,1501.68608,Sistema
2023-10-24T23:00:00,1497.24108,Sistema
2023-10-24T24:00:00,1497.24108,Sistema
2023-10-25T01:00:00,451.7337,Sistema
2023-10-25T02:00:00,451.7337,Sistema
2023-10-25T03:00:00,744.4267,Sistema
2023-10-25T04:00:00,451.7337,Sistema
2023-10-25T05:00:00,451.7337,Sistema
2023-10-25T06:00:00,748.9297,Sistema
2023-10-25T07:00:00,748.9297,Sistema
2023-10-25T08:00:00,801.7337,Sistema
2023-10-25T09:00:00,1014.4697,Sistema
2023-10-25T10:00:00,1068.3827,Sistema
2023-10-25T11:00:00,1171.7337,Sistema
2023-10-25T12:00:00,1171.7337,Sistema
2023-10-25T13:00:00,1171.7337,Sistema
2023-10-25T14:00:00,1171.7337,Sistema
2023-10-25T15:00:00,1171.7337,Sistema
2023-10-25T16:00:00,1171.7337,Sistema
2023-10-25T17:00:00,1171.7337,Sistema
2023-10-25T18:00:00,1171.7337,Sistema
2023-10-25T19:00:00,1498.7337,Sistema
2023-10-25T20:00:00,1171.7337,Sistema
2023-10-25T21:00:00,1171.7337,Sistema
2023-10-25T22:00:00,1171.7337,Sistema
2023-10-25T23:00:00,801.7337,Sistema
2023-10-25T24:00:00,951.7337,Sistema
2023-10-26T01:00:00,697.40666,Sistema
2023-10-26T02:00:00,697.40666,Sistema
2023-10-26T03:00:00,401.98566,Sistema
2023-10-26T04:00:00,398.40666,Sistema
2023-10-26T05:00:00,435.59466,Sistema
2023-10-26T06:00:00,697.40666,Sistema
2023-10-26T07:00:00,697.40666,Sistema
2023-10-26T08:00:00,697.40666,Sistema
2023-10-26T09:00:00,697.40666,Sistema
2023-10-26T10:00:00,737.32766,Sistema
2023-10-26T11:00:00,848.40666,Sistema
2023-10-26T12:00:00,848.40666,Sistema
2023-10-26T13:00:00,848.40666,Sistema
2023-10-26T14:00:00,848.40666,Sistema
2023-10-26T15:00:00,848.40666,Sistema
2023-10-26T16:00:00,848.40666,Sistema
2023-10-26T17:00:00,848.40666,Sistema
2023-10-26T18:00:00,848.40666,Sistema
2023-10-26T19:00:00,968.40666,Sistema
2023-10-26T20:00:00,1198.40666,Sistema
2023-10-26T21:00:00,848.40666,Sistema
2023-10-26T22:00:00,848.40666,Sistema
2023-10-26T23:00:00,737.32766,Sistema
2023-10-26T24:00:00,697.40666,Sistema
2023-10-27T01:00:00,501.60752,Sistema
2023-10-27T02:00:00,501.60752,Sistema
2023-10-27T03:00:00,501.60752,Sistema
2023-10-27T04:00:00,501.60752,Sistema
2023-10-27T05:00:00,501.60752,Sistema
2023-10-27T06:00:00,501.60752,Sistema
2023-10-27T07:00:00,501.60752,Sistema
2023-10-27T08:00:00,632.60752,Sistema
2023-10-27T09:00:00,632.60752,Sistema
2023-10-27T10:00:00,745.66452,Sistema
2023-10-27T11:00:00,632.60752,Sistema
2023-10-27T12:00:00,751.60752,Sistema
2023-10-27T13:00:00,749.80352,Sistema
2023-10-27T14:00:00,751.60752,Sistema
2023-10-27T15:00:00,933.60752,Sistema
2023-10-27T16:00:00,933.60752,Sistema
2023-10-27T17:00:00,751.60752,Sistema
2023-10-27T18:00:00,632.60752,Sistema
2023-10-27T19:00:00,755.77352,Sistema
2023-10-27T20:00:00,933.60752,Sistema
2023-10-27T21:00:00,755.77352,Sistema
2023-10-27T22:00:00,632.60752,Sistema
2023-10-27T23:00:00,632.60752,Sistema
2023-10-27T24:00:00,632.60752,Sistema
2023-10-28T01:00:00,296.98175,Sistema
2023-10-28T02:00:00,296.98175,Sistema
2023-10-28T03:00:00,296.98175,Sistema
2023-10-28T04:00:00,296.98175,Sistema
2023-10-28T05:00:00,296.98175,Sistema
2023-10-28T06:00:00,296.98175,Sistema
2023-10-28T07:00:00,310.30975,Sistema
2023-10-28T08:00:00,410.56075,Sistema
2023-10-28T09:00:00,426.36775,Sistema
2023-10-28T10:00:00,413.63975,Sistema
2023-10-28T11:00:00,444.16975,Sistema
2023-10-28T12:00:00,748.67275,Sistema
2023-10-28T13:00:00,656.96575,Sistema
2023-10-28T14:00:00,606.52875,Sistema
2023-10-28T15:00:00,606.52875,Sistema
2023-10-28T16:00:00,655.98175,Sistema
2023-10-28T17:00:00,606.52875,Sistema
2023-10-28T18:00:00,706.98175,Sistema
2023-10-28T19:00:00,956.98175,Sistema
2023-10-28T20:00:00,706.98175,Sistema
2023-10-28T21:00:00,655.98175,Sistema
2023-10-28T22:00:00,426.36775,Sistema
2023-10-28T23:00:00,410.56075,Sistema
2023-10-28T24:00:00,310.30975,Sistema
2023-10-29T01:00:00,292.55684,Sistema
2023-10-29T02:00:00,292.55684,Sistema
2023-10-29T03:00:00,292.55684,Sistema
2023-10-29T04:00:00,292.55684,Sistema
2023-10-29T05:00:00,292.55684,Sistema
2023-10-29T06:00:00,292.55684,Sistema
2023-10-29T07:00:00,292.55684,Sistema
2023-10-29T08:00:00,292.55684,Sistema
2023-10-29T09:00:00,292.55684,Sistema
2023-10-29T10:00:00,292.55684,Sistema
2023-10-29T11:00:00,292.55684,Sistema
2023-10-29T12:00:00,292.55684,Sistema
2023-10-29T13:00:00,292.55684,Sistema
2023-10-29T14:00:00,292.55684,Sistema
2023-10-29T15:00:00,292.55684,Sistema
2023-10-29T16:00:00,292.55684,Sistema
2023-10-29T17:00:00,292.55684,Sistema
2023-10-29T18:00:00,292.55684,Sistema
2023-10-29T19:00:00,952.55684,Sistema
2023-10-29T20:00:00,952.55684,Sistema
2023-10-29T21:00:00,651.55684,Sistema
2023-10-29T22:00:00,305.88484,Sistema
2023-10-29T23:00:00,305.88484,Sistema
2023-10-29T24:00:00,292.55684,Sistema
2023-10-30T01:00:00,274.12049,Sistema
2023-10-30T02:00:00,274.12049,Sistema
2023-10-30T03:00:00,274.12049,Sistema
2023-10-30T04:00:00,274.12049,Sistema
2023-10-30T05:00:00,274.12049,Sistema
2023-10-30T06:00:00,274.12049,Sistema
2023-10-30T07:00:00,274.12049,Sistema
2023-10-30T08:00:00,454.23049,Sistema
2023-10-30T09:00:00,709.13049,Sistema
2023-10-30T10:00:00,472.84449,Sistema
2023-10-30T11:00:00,735.83049,Sistema
2023-10-30T12:00:00,454.23049,Sistema
2023-10-30T13:00:00,709.13049,Sistema
2023-10-30T14:00:00,709.13049,Sistema
2023-10-30T15:00:00,748.24049,Sistema
2023-10-30T16:00:00,748.24049,Sistema
2023-10-30T17:00:00,748.24049,Sistema
2023-10-30T18:00:00,748.24049,Sistema
2023-10-30T19:00:00,748.24049,Sistema
2023-10-30T20:00:00,748.24049,Sistema
2023-10-30T21:00:00,748.24049,Sistema
2023-10-30T22:00:00,554.13049,Sistema
2023-10-30T23:00:00,454.23049,Sistema
2023-10-30T24:00:00,454.23049,Sistema
2023-10-31T01:00:00,105.41225,Sistema
2023-10-31T02:00:00,105.41225,Sistema
2023-10-31T03:00:00,266.39225,Sistema
2023-10-31T04:00:00,232.34425,Sistema
2023-10-31T05:00:00,275.40225,Sistema
2023-10-31T06:00:00,275.40225,Sistema
2023-10-31T07:00:00,275.40225,Sistema
2023-10-31T08:00:00,455.51225,Sistema
2023-10-31T09:00:00,455.51225,Sistema
2023-10-31T10:00:00,455.51225,Sistema
2023-10-31T11:00:00,655.41225,Sistema
2023-10-31T12:00:00,655.41225,Sistema
2023-10-31T13:00:00,655.41225,Sistema
2023-10-31T14:00:00,655.69325,Sistema
2023-10-31T15:00:00,710.41225,Sistema
2023-10-31T16:00:00,710.41225,Sistema
2023-10-31T17:00:00,710.41225,Sistema
2023-10-31T18:00:00,710.41225,Sistema
2023-10-31T19:00:00,1018.72925,Sistema
2023-10-31T20:00:00,1006.41225,Sistema
2023-10-31T21:00:00,655.69325,Sistema
2023-10-31T22:00:00,555.41225,Sistema
2023-10-31T23:00:00,308.74025,Sistema
2023-10-31T24:00:00,296.54325,Sistema
2023-11-01T01:00:00,110.02194,Sistema
2023-11-01T02:00:00,110.02394,Sistema
2023-11-01T03:00:00,110.02394,Sistema
2023-11-01T04:00:00,110.02394,Sistema
2023-11-01T05:00:00,110.02394,Sistema
2023-11-01T06:00:00,110.02394,Sistema
2023-11-01T07:00:00,110.02394,Sistema
2023-11-01T08:00:00,245.88394,Sistema
2023-11-01T09:00:00,314.23194,Sistema
2023-11-01T10:00:00,715.90394,Sistema
2023-11-01T11:00:00,715.90394,Sistema
2023-11-01T12:00:00,715.90394,Sistema
2023-11-01T13:00:00,618.65694,Sistema
2023-11-01T14:00:00,618.65694,Sistema
2023-11-01T15:00:00,739.66294,Sistema
2023-11-01T16:00:00,739.66294,Sistema
2023-11-01T17:00:00,739.66294,Sistema
2023-11-01T18:00:00,739.66294,Sistema
2023-11-01T19:00:00,739.66294,Sistema
2023-11-01T20:00:00,739.66294,Sistema
2023-11-01T21:00:00,618.65694,Sistema
2023-11-01T22:00:00,314.23194,Sistema
2023-11-01T23:00:00,110.02394,Sistema
2023-11-01T24:00:00,110.02394,Sistema
2023-11-02T01:00:00,104.36476,Sistema
2023-11-02T02:00:00,104.36476,Sistema
2023-11-02T03:00:00,104.36476,Sistema
2023-11-02T04:00:00,104.36476,Sistema
2023-11-02T05:00:00,104.36476,Sistema
2023-11-02T06:00:00,107.01076,Sistema
2023-11-02T07:00:00,104.36476,Sistema
2023-11-02T08:00:00,357.83276,Sistema
2023-11-02T09:00:00,617.83276,Sistema
2023-11-02T10:00:00,617.83276,Sistema
2023-11-02T11:00:00,617.83276,Sistema
2023-11-02T12:00:00,617.83276,Sistema
2023-11-02T13:00:00,617.83276,Sistema
2023-11-02T14:00:00,707.83276,Sistema
2023-11-02T15:00:00,729.69176,Sistema
2023-11-02T16:00:00,618.83276,Sistema
2023-11-02T17:00:00,618.83276,Sistema
2023-11-02T18:00:00,617.83276,Sistema
2023-11-02T19:00:00,729.69176,Sistema
2023-11-02T20:00:00,707.83276,Sistema
2023-11-02T21:00:00,407.83276,Sistema
2023-11-02T22:00:00,407.83276,Sistema
2023-11-02T23:00:00,152.05076,Sistema
2023-11-02T24:00:00,111.14176,Sistema
2023-11-03T01:00:00,104.59704,Sistema
2023-11-03T02:00:00,104.59704,Sistema
2023-11-03T03:00:00,104.59704,Sistema
2023-11-03T04:00:00,104.59704,Sistema
2023-11-03T05:00:00,104.59704,Sistema
2023-11-03T06:00:00,107.84304,Sistema
2023-11-03T07:00:00,107.86504,Sistema
2023-11-03T08:00:00,236.82004,Sistema
2023-11-03T09:00:00,243.04504,Sistema
2023-11-03T10:00:00,311.39304,Sistema
2023-11-03T11:00:00,408.06504,Sistema
2023-11-03T12:00:00,408.06504,Sistema
2023-11-03T13:00:00,311.39304,Sistema
2023-11-03T14:00:00,408.06504,Sistema
2023-11-03T15:00:00,408.06504,Sistema
2023-11-03T16:00:00,485.19804,Sistema
2023-11-03T17:00:00,618.06504,Sistema
2023-11-03T18:00:00,408.06504,Sistema
2023-11-03T19:00:00,585.09404,Sistema
2023-11-03T20:00:00,408.06504,Sistema
2023-11-03T21:00:00,408.06504,Sistema
2023-11-03T22:00:00,311.39304,Sistema
2023-11-03T23:00:00,150.36904,Sistema
2023-11-03T24:00:00,107.86504,Sistema
2023-11-04T01:00:00,244.50354,Sistema
2023-11-04T02:00:00,244.50354,Sistema
2023-11-04T03:00:00,109.21054,Sistema
2023-11-04T04:00:00,104.84654,Sistema
2023-11-04T05:00:00,103.84654,Sistema
2023-11-04T06:00:00,104.84654,Sistema
2023-11-04T07:00:00,109.21054,Sistema
2023-11-04T08:00:00,599.55754,Sistema
2023-11-04T09:00:00,616.84654,Sistema
2023-11-04T10:00:00,616.84654,Sistema
2023-11-04T11:00:00,616.84654,Sistema
2023-11-04T12:00:00,617.03754,Sistema
2023-11-04T13:00:00,616.84654,Sistema
2023-11-04T14:00:00,599.55754,Sistema
2023-11-04T15:00:00,738.60054,Sistema
2023-11-04T16:00:00,599.55754,Sistema
2023-11-04T17:00:00,599.55754,Sistema
2023-11-04T18:00:00,738.60054,Sistema
2023-11-04T19:00:00,738.60054,Sistema
2023-11-04T20:00:00,738.60054,Sistema
2023-11-04T21:00:00,738.60054,Sistema
2023-11-04T22:00:00,406.84654,Sistema
2023-11-04T23:00:00,260.83454,Sistema
2023-11-04T24:00:00,260.83454,Sistema
2023-11-05T01:00:00,110.10931,Sistema
2023-11-05T02:00:00,247.83531,Sistema
2023-11-05T03:00:00,110.10931,Sistema
2023-11-05T04:00:00,106.97131,Sistema
2023-11-05T05:00:00,110.10931,Sistema
2023-11-05T06:00:00,106.97031,Sistema
2023-11-05T07:00:00,106.97031,Sistema
2023-11-05T08:00:00,110.28231,Sistema
2023-11-05T09:00:00,326.97331,Sistema
2023-11-05T10:00:00,247.83531,Sistema
2023-11-05T11:00:00,326.97331,Sistema
2023-11-05T12:00:00,326.97331,Sistema
2023-11-05T13:00:00,326.97331,Sistema
2023-11-05T14:00:00,326.97331,Sistema
2023-11-05T15:00:00,262.08931,Sistema
2023-11-05T16:00:00,260.96131,Sistema
2023-11-05T17:00:00,326.97331,Sistema
2023-11-05T18:00:00,326.97331,Sistema
2023-11-05T19:00:00,716.97331,Sistema
2023-11-05T20:00:00,736.43731,Sistema
2023-11-05T21:00:00,736.43731,Sistema
2023-11-05T22:00:00,736.43731,Sistema
2023-11-05T23:00:00,106.97031,Sistema
2023-11-05T24:00:00,106.97031,Sistema
2023-11-06T01:00:00,111.80566,Sistema
2023-11-06T02:00:00,108.92766,Sistema
2023-11-06T03:00:00,241.79166,Sistema
2023-11-06T04:00:00,108.92766,Sistema
2023-11-06T05:00:00,241.79166,Sistema
2023-11-06T06:00:00,111.80566,Sistema
2023-11-06T07:00:00,108.92766,Sistema
2023-11-06T08:00:00,108.92766,Sistema
2023-11-06T09:00:00,328.93066,Sistema
2023-11-06T10:00:00,408.93066,Sistema
2023-11-06T11:00:00,408.93066,Sistema
2023-11-06T12:00:00,423.93066,Sistema
2023-11-06T13:00:00,423.93066,Sistema
2023-11-06T14:00:00,408.93066,Sistema
2023-11-06T15:00:00,423.93066,Sistema
2023-11-06T16:00:00,423.93066,Sistema
2023-11-06T17:00:00,423.93066,Sistema
2023-11-06T18:00:00,608.93066,Sistema
2023-11-06T19:00:00,1068.93066,Sistema
2023-11-06T20:00:00,1068.93066,Sistema
2023-11-06T21:00:00,1067.93066,Sistema
2023-11-06T22:00:00,718.93066,Sistema
2023-11-06T23:00:00,383.78466,Sistema
2023-11-06T24:00:00,328.93066,Sistema
2023-11-07T01:00:00,112.94894,Sistema
2023-11-07T02:00:00,112.94894,Sistema
2023-11-07T03:00:00,112.94894,Sistema
2023-11-07T04:00:00,112.94894,Sistema
2023-11-07T05:00:00,241.70694,Sistema
2023-11-07T06:00:00,268.06794,Sistema
2023-11-07T07:00:00,316.27994,Sistema
2023-11-07T08:00:00,427.95194,Sistema
2023-11-07T09:00:00,605.66294,Sistema
2023-11-07T10:00:00,427.95194,Sistema
2023-11-07T11:00:00,605.66294,Sistema
2023-11-07T12:00:00,715.07394,Sistema
2023-11-07T13:00:00,724.53294,Sistema
2023-11-07T14:00:00,724.53294,Sistema
2023-11-07T15:00:00,822.95194,Sistema
2023-11-07T16:00:00,822.95194,Sistema
2023-11-07T17:00:00,916.95194,Sistema
2023-11-07T18:00:00,916.95194,Sistema
2023-11-07T19:00:00,1032.95194,Sistema
2023-11-07T20:00:00,1032.95194,Sistema
2023-11-07T21:00:00,822.95194,Sistema
2023-11-07T22:00:00,605.66294,Sistema
2023-11-07T23:00:00,343.21294,Sistema
2023-11-07T24:00:00,332.95194,Sistema
2023-11-08T01:00:00,106.5456,Sistema
2023-11-08T02:00:00,106.5456,Sistema
2023-11-08T03:00:00,106.5456,Sistema
2023-11-08T04:00:00,103.1486,Sistema
2023-11-08T05:00:00,106.5456,Sistema
2023-11-08T06:00:00,247.4106,Sistema
2023-11-08T07:00:00,235.3036,Sistema
2023-11-08T08:00:00,336.8096,Sistema
2023-11-08T09:00:00,421.5486,Sistema
2023-11-08T10:00:00,421.5486,Sistema
2023-11-08T11:00:00,616.7396,Sistema
2023-11-08T12:00:00,421.5486,Sistema
2023-11-08T13:00:00,421.5486,Sistema
2023-11-08T14:00:00,718.1426,Sistema
2023-11-08T15:00:00,616.7396,Sistema
2023-11-08T16:00:00,718.1426,Sistema
2023-11-08T17:00:00,891.5486,Sistema
2023-11-08T18:00:00,718.1426,Sistema
2023-11-08T19:00:00,891.5486,Sistema
2023-11-08T20:00:00,891.5486,Sistema
2023-11-08T21:00:00,891.5486,Sistema
2023-11-08T22:00:00,616.7396,Sistema
2023-11-08T23:00:00,406.5486,Sistema
2023-11-08T24:00:00,326.5486,Sistema
2023-11-09T01:00:00,382.85667,Sistema
2023-11-09T02:00:00,382.85667,Sistema
2023-11-09T03:00:00,382.85667,Sistema
2023-11-09T04:00:00,382.85667,Sistema
2023-11-09T05:00:00,382.85667,Sistema
2023-11-09T06:00:00,402.85667,Sistema
2023-11-09T07:00:00,382.85667,Sistema
2023-11-09T08:00:00,403.61767,Sistema
2023-11-09T09:00:00,417.85667,Sistema
2023-11-09T10:00:00,482.85667,Sistema
2023-11-09T11:00:00,613.04767,Sistema
2023-11-09T12:00:00,613.04767,Sistema
2023-11-09T13:00:00,562.85667,Sistema
2023-11-09T14:00:00,562.85667,Sistema
2023-11-09T15:00:00,718.39467,Sistema
2023-11-09T16:00:00,718.39467,Sistema
2023-11-09T17:00:00,718.39467,Sistema
2023-11-09T18:00:00,718.39467,Sistema
2023-11-09T19:00:00,1062.85667,Sistema
2023-11-09T20:00:00,1062.85667,Sistema
2023-11-09T21:00:00,1062.85667,Sistema
2023-11-09T22:00:00,562.85667,Sistema
2023-11-09T23:00:00,403.61767,Sistema
2023-11-09T24:00:00,402.85667,Sistema
2023-11-10T01:00:00,811.2007,Sistema
2023-11-10T02:00:00,499.2007,Sistema
2023-11-10T03:00:00,499.2007,Sistema
2023-11-10T04:00:00,407.2007,Sistema
2023-11-10T05:00:00,477.7257,Sistema
2023-11-10T06:00:00,477.7257,Sistema
2023-11-10T07:00:00,407.2007,Sistema
2023-11-10T08:00:00,499.2007,Sistema
2023-11-10T09:00:00,499.2007,Sistema
2023-11-10T10:00:00,499.2007,Sistema
2023-11-10T11:00:00,530.2007,Sistema
2023-11-10T12:00:00,780.2007,Sistema
2023-11-10T13:00:00,780.2007,Sistema
2023-11-10T14:00:00,780.2007,Sistema
2023-11-10T15:00:00,780.2007,Sistema
2023-11-10T16:00:00,780.2007,Sistema
2023-11-10T17:00:00,811.2007,Sistema
2023-11-10T18:00:00,811.2007,Sistema
2023-11-10T19:00:00,811.2007,Sistema
2023-11-10T20:00:00,811.2007,Sistema
2023-11-10T21:00:00,811.2007,Sistema
2023-11-10T22:00:00,530.2007,Sistema
2023-11-10T23:00:00,499.2007,Sistema
2023-11-10T24:00:00,499.2007,Sistema
2023-11-11T01:00:00,396.48963,Sistema
2023-11-11T02:00:00,396.48963,Sistema
2023-11-11T03:00:00,396.48963,Sistema
2023-11-11T04:00:00,396.48963,Sistema
2023-11-11T05:00:00,396.48963,Sistema
2023-11-11T06:00:00,396.48963,Sistema
2023-11-11T07:00:00,396.48963,Sistema
2023-11-11T08:00:00,471.31163,Sistema
2023-11-11T09:00:00,655.48963,Sistema
2023-11-11T10:00:00,724.68863,Sistema
2023-11-11T11:00:00,724.68863,Sistema
2023-11-11T12:00:00,724.68863,Sistema
2023-11-11T13:00:00,724.68863,Sistema
2023-11-11T14:00:00,724.68863,Sistema
2023-11-11T15:00:00,724.68863,Sistema
2023-11-11T16:00:00,785.48963,Sistema
2023-11-11T17:00:00,785.48963,Sistema
2023-11-11T18:00:00,785.48963,Sistema
2023-11-11T19:00:00,816.48963,Sistema
2023-11-11T20:00:00,816.48963,Sistema
2023-11-11T21:00:00,816.48963,Sistema
2023-11-11T22:00:00,655.48963,Sistema
2023-11-11T23:00:00,471.31163,Sistema
2023-11-11T24:00:00,412.48963,Sistema
2023-11-12T01:00:00,810.8672,Sistema
2023-11-12T02:00:00,810.8672,Sistema
2023-11-12T03:00:00,810.8672,Sistema
2023-11-12T04:00:00,779.8672,Sistema
2023-11-12T05:00:00,554.8672,Sistema
2023-11-12T06:00:00,779.8672,Sistema
2023-11-12T07:00:00,554.8672,Sistema
2023-11-12T08:00:00,554.8672,Sistema
2023-11-12T09:00:00,449.8672,Sistema
2023-11-12T10:00:00,449.8672,Sistema
2023-11-12T11:00:00,554.8672,Sistema
2023-11-12T12:00:00,554.8672,Sistema
2023-11-12T13:00:00,554.8672,Sistema
2023-11-12T14:00:00,554.8672,Sistema
2023-11-12T15:00:00,554.8672,Sistema
2023-11-12T16:00:00,554.8672,Sistema
2023-11-12T17:00:00,554.8672,Sistema
2023-11-12T18:00:00,779.8672,Sistema
2023-11-12T19:00:00,811.8672,Sistema
2023-11-12T20:00:00,811.8672,Sistema
2023-11-12T21:00:00,810.8672,Sistema
2023-11-12T22:00:00,810.8672,Sistema
2023-11-12T23:00:00,554.8672,Sistema
2023-11-12T24:00:00,554.8672,Sistema
2023-11-13T01:00:00,569.74911,Sistema
2023-11-13T02:00:00,569.74911,Sistema
2023-11-13T03:00:00,569.74911,Sistema
2023-11-13T04:00:00,569.74911,Sistema
2023-11-13T05:00:00,569.74911,Sistema
2023-11-13T06:00:00,569.74911,Sistema
2023-11-13T07:00:00,554.74911,Sistema
2023-11-13T08:00:00,569.74911,Sistema
2023-11-13T09:00:00,569.74911,Sistema
2023-11-13T10:00:00,569.74911,Sistema
2023-11-13T11:00:00,569.74911,Sistema
2023-11-13T12:00:00,811.74911,Sistema
2023-11-13T13:00:00,811.74911,Sistema
2023-11-13T14:00:00,811.74911,Sistema
2023-11-13T15:00:00,569.74911,Sistema
2023-11-13T16:00:00,569.74911,Sistema
2023-11-13T17:00:00,569.74911,Sistema
2023-11-13T18:00:00,713.87611,Sistema
2023-11-13T19:00:00,811.74911,Sistema
2023-11-13T20:00:00,812.74911,Sistema
2023-11-13T21:00:00,811.74911,Sistema
2023-11-13T22:00:00,811.74911,Sistema
2023-11-13T23:00:00,811.74911,Sistema
2023-11-13T24:00:00,713.87611,Sistema
2023-11-14T01:00:00,812.1792,Sistema
2023-11-14T02:00:00,811.1792,Sistema
2023-11-14T03:00:00,746.3752,Sistema
2023-11-14T04:00:00,725.3202,Sistema
2023-11-14T05:00:00,811.1792,Sistema
2023-11-14T06:00:00,812.1792,Sistema
2023-11-14T07:00:00,812.1792,Sistema
2023-11-14T08:00:00,812.1792,Sistema
2023-11-14T09:00:00,812.1792,Sistema
2023-11-14T10:00:00,812.1792,Sistema
2023-11-14T11:00:00,849.1792,Sistema
2023-11-14T12:00:00,849.1792,Sistema
2023-11-14T13:00:00,849.1792,Sistema
2023-11-14T14:00:00,849.1792,Sistema
2023-11-14T15:00:00,849.1792,Sistema
2023-11-14T16:00:00,849.1792,Sistema
2023-11-14T17:00:00,849.1792,Sistema
2023-11-14T18:00:00,849.1792,Sistema
2023-11-14T19:00:00,849.1792,Sistema
2023-11-14T20:00:00,849.1792,Sistema
2023-11-14T21:00:00,849.1792,Sistema
2023-11-14T22:00:00,849.1792,Sistema
2023-11-14T23:00:00,849.1792,Sistema
2023-11-14T24:00:00,812.1792,Sistema
2023-11-15T01:00:00,772.99925,Sistema
2023-11-15T02:00:00,747.56125,Sistema
2023-11-15T03:00:00,725.21925,Sistema
2023-11-15T04:00:00,772.99925,Sistema
2023-11-15T05:00:00,799.36525,Sistema
2023-11-15T06:00:00,800.36525,Sistema
2023-11-15T07:00:00,800.36525,Sistema
2023-11-15T08:00:00,803.36525,Sistema
2023-11-15T09:00:00,803.36525,Sistema
2023-11-15T10:00:00,803.36525,Sistema
2023-11-15T11:00:00,803.36525,Sistema
2023-11-15T12:00:00,811.36525,Sistema
2023-11-15T13:00:00,803.36525,Sistema
2023-11-15T14:00:00,803.36525,Sistema
2023-11-15T15:00:00,803.36525,Sistema
2023-11-15T16:00:00,803.36525,Sistema
2023-11-15T17:00:00,803.36525,Sistema
2023-11-15T18:00:00,803.36525,Sistema
2023-11-15T19:00:00,811.36525,Sistema
2023-11-15T20:00:00,811.36525,Sistema
2023-11-15T21:00:00,811.36525,Sistema
2023-11-15T22:00:00,803.36525,Sistema
2023-11-15T23:00:00,803.36525,Sistema
2023-11-15T24:00:00,803.36525,Sistema
2023-11-16T01:00:00,471.22673,Sistema
2023-11-16T02:00:00,558.49773,Sistema
2023-11-16T03:00:00,482.92973,Sistema
2023-11-16T04:00:00,405.40473,Sistema
2023-11-16T05:00:00,482.92973,Sistema
2023-11-16T06:00:00,635.40473,Sistema
2023-11-16T07:00:00,635.40473,Sistema
2023-11-16T08:00:00,705.40473,Sistema
2023-11-16T09:00:00,635.40473,Sistema
2023-11-16T10:00:00,635.40473,Sistema
2023-11-16T11:00:00,729.84073,Sistema
2023-11-16T12:00:00,729.84073,Sistema
2023-11-16T13:00:00,729.84073,Sistema
2023-11-16T14:00:00,729.84073,Sistema
2023-11-16T15:00:00,804.40473,Sistema
2023-11-16T16:00:00,810.40473,Sistema
2023-11-16T17:00:00,804.40473,Sistema
2023-11-16T18:00:00,804.40473,Sistema
2023-11-16T19:00:00,810.40473,Sistema
2023-11-16T20:00:00,810.40473,Sistema
2023-11-16T21:00:00,804.40473,Sistema
2023-11-16T22:00:00,767.92873,Sistema
2023-11-16T23:00:00,729.84073,Sistema
2023-11-16T24:00:00,635.40473,Sistema
2023-11-17T01:00:00,552.19812,Sistema
2023-11-17T02:00:00,552.19812,Sistema
2023-11-17T03:00:00,552.19812,Sistema
2023-11-17T04:00:00,552.19812,Sistema
2023-11-17T05:00:00,552.19812,Sistema
2023-11-17T06:00:00,552.19812,Sistema
2023-11-17T07:00:00,552.19812,Sistema
2023-11-17T08:00:00,552.19812,Sistema
2023-11-17T09:00:00,557.19812,Sistema
2023-11-17T10:00:00,627.19812,Sistema
2023-11-17T11:00:00,632.19812,Sistema
2023-11-17T12:00:00,632.19812,Sistema
2023-11-17T13:00:00,717.43612,Sistema
2023-11-17T14:00:00,717.43612,Sistema
2023-11-17T15:00:00,792.19812,Sistema
2023-11-17T16:00:00,792.19812,Sistema
2023-11-17T17:00:00,792.19812,Sistema
2023-11-17T18:00:00,792.19812,Sistema
2023-11-17T19:00:00,803.19812,Sistema
2023-11-17T20:00:00,803.19812,Sistema
2023-11-17T21:00:00,632.19812,Sistema
2023-11-17T22:00:00,632.19812,Sistema
2023-11-17T23:00:00,632.19812,Sistema
2023-11-17T24:00:00,627.19812,Sistema
2023-11-18T01:00:00,385.27822,Sistema
2023-11-18T02:00:00,350.78922,Sistema
2023-11-18T03:00:00,350.78922,Sistema
2023-11-18T04:00:00,350.78922,Sistema
2023-11-18T05:00:00,350.78922,Sistema
2023-11-18T06:00:00,350.78922,Sistema
2023-11-18T07:00:00,350.78922,Sistema
2023-11-18T08:00:00,385.27822,Sistema
2023-11-18T09:00:00,450.78922,Sistema
2023-11-18T10:00:00,450.78922,Sistema
2023-11-18T11:00:00,450.78922,Sistema
2023-11-18T12:00:00,450.78922,Sistema
2023-11-18T13:00:00,450.78922,Sistema
2023-11-18T14:00:00,450.78922,Sistema
2023-11-18T15:00:00,450.78922,Sistema
2023-11-18T16:00:00,450.78922,Sistema
2023-11-18T17:00:00,450.78922,Sistema
2023-11-18T18:00:00,478.31422,Sistema
2023-11-18T19:00:00,750.78922,Sistema
2023-11-18T20:00:00,478.31422,Sistema
2023-11-18T21:00:00,460.78922,Sistema
2023-11-18T22:00:00,450.78922,Sistema
2023-11-18T23:00:00,450.78922,Sistema
2023-11-18T24:00:00,350.78922,Sistema
2023-11-19T01:00:00,299.85278,Sistema
2023-11-19T02:00:00,299.85278,Sistema
2023-11-19T03:00:00,299.85278,Sistema
2023-11-19T04:00:00,299.85278,Sistema
2023-11-19T05:00:00,299.85278,Sistema
2023-11-19T06:00:00,299.85278,Sistema
2023-11-19T07:00:00,290.85278,Sistema
2023-11-19T08:00:00,290.85278,Sistema
2023-11-19T09:00:00,299.85278,Sistema
2023-11-19T10:00:00,299.85278,Sistema
2023-11-19T11:00:00,299.85278,Sistema
2023-11-19T12:00:00,299.85278,Sistema
2023-11-19T13:00:00,299.85278,Sistema
2023-11-19T14:00:00,299.85278,Sistema
2023-11-19T15:00:00,299.85278,Sistema
2023-11-19T16:00:00,299.85278,Sistema
2023-11-19T17:00:00,299.85278,Sistema
2023-11-19T18:00:00,370.55078,Sistema
2023-11-19T19:00:00,650.85278,Sistema
2023-11-19T20:00:00,650.85278,Sistema
2023-11-19T21:00:00,650.85278,Sistema
2023-11-19T22:00:00,650.85278,Sistema
2023-11-19T23:00:00,299.85278,Sistema
2023-11-19T24:00:00,299.85278,Sistema
2023-11-20T01:00:00,103.45265,Sistema
2023-11-20T02:00:00,206.19265,Sistema
2023-11-20T03:00:00,275.45265,Sistema
2023-11-20T04:00:00,261.18165,Sistema
2023-11-20T05:00:00,261.18165,Sistema
2023-11-20T06:00:00,275.45265,Sistema
2023-11-20T07:00:00,275.45265,Sistema
2023-11-20T08:00:00,275.45265,Sistema
2023-11-20T09:00:00,275.45265,Sistema
2023-11-20T10:00:00,275.45265,Sistema
2023-11-20T11:00:00,275.45265,Sistema
2023-11-20T12:00:00,356.19465,Sistema
2023-11-20T13:00:00,356.19465,Sistema
2023-11-20T14:00:00,356.19465,Sistema
2023-11-20T15:00:00,375.15065,Sistema
2023-11-20T16:00:00,375.15065,Sistema
2023-11-20T17:00:00,356.19465,Sistema
2023-11-20T18:00:00,389.94165,Sistema
2023-11-20T19:00:00,710.45265,Sistema
2023-11-20T20:00:00,705.45265,Sistema
2023-11-20T21:00:00,389.94165,Sistema
2023-11-20T22:00:00,482.97765,Sistema
2023-11-20T23:00:00,275.45265,Sistema
2023-11-20T24:00:00,275.45265,Sistema
2023-11-21T01:00:00,106.10716,Sistema
2023-11-21T02:00:00,106.10716,Sistema
2023-11-21T03:00:00,106.10716,Sistema
2023-11-21T04:00:00,107.33016,Sistema
2023-11-21T05:00:00,107.33016,Sistema
2023-11-21T06:00:00,107.33016,Sistema
2023-11-21T07:00:00,107.33016,Sistema
2023-11-21T08:00:00,211.53816,Sistema
2023-11-21T09:00:00,108.79816,Sistema
2023-11-21T10:00:00,108.79816,Sistema
2023-11-21T11:00:00,211.77816,Sistema
2023-11-21T12:00:00,361.48316,Sistema
2023-11-21T13:00:00,234.48816,Sistema
2023-11-21T14:00:00,211.77816,Sistema
2023-11-21T15:00:00,395.28716,Sistema
2023-11-21T16:00:00,400.79816,Sistema
2023-11-21T17:00:00,400.79816,Sistema
2023-11-21T18:00:00,700.79816,Sistema
2023-11-21T19:00:00,700.79816,Sistema
2023-11-21T20:00:00,700.79816,Sistema
2023-11-21T21:00:00,700.79816,Sistema
2023-11-21T22:00:00,400.79816,Sistema
2023-11-21T23:00:00,266.52716,Sistema
2023-11-21T24:00:00,108.79816,Sistema
2023-11-22T01:00:00,105.28744,Sistema
2023-11-22T02:00:00,104.06444,Sistema
2023-11-22T03:00:00,105.28744,Sistema
2023-11-22T04:00:00,105.28744,Sistema
2023-11-22T05:00:00,105.28744,Sistema
2023-11-22T06:00:00,105.28744,Sistema
2023-11-22T07:00:00,105.28744,Sistema
2023-11-22T08:00:00,105.28744,Sistema
2023-11-22T09:00:00,232.44544,Sistema
2023-11-22T10:00:00,393.24444,Sistema
2023-11-22T11:00:00,398.75544,Sistema
2023-11-22T12:00:00,708.75544,Sistema
2023-11-22T13:00:00,708.75544,Sistema
2023-11-22T14:00:00,708.75544,Sistema
2023-11-22T15:00:00,708.75544,Sistema
2023-11-22T16:00:00,708.75544,Sistema
2023-11-22T17:00:00,708.75544,Sistema
2023-11-22T18:00:00,708.75544,Sistema
2023-11-22T19:00:00,708.75544,Sistema
2023-11-22T20:00:00,708.75544,Sistema
2023-11-22T21:00:00,708.75544,Sistema
2023-11-22T22:00:00,398.75544,Sistema
2023-11-22T23:00:00,105.53544,Sistema
2023-11-22T24:00:00,105.28744,Sistema
2023-11-23T01:00:00,100.7856,Sistema
2023-11-23T02:00:00,100.7856,Sistema
2023-11-23T03:00:00,100.7856,Sistema
2023-11-23T04:00:00,100.7856,Sistema
2023-11-23T05:00:00,100.7866,Sistema
2023-11-23T06:00:00,100.7866,Sistema
2023-11-23T07:00:00,100.7866,Sistema
2023-11-23T08:00:00,101.0336,Sistema
2023-11-23T09:00:00,388.7426,Sistema
2023-11-23T10:00:00,584.2536,Sistema
2023-11-23T11:00:00,584.2536,Sistema
2023-11-23T12:00:00,584.2536,Sistema
2023-11-23T13:00:00,584.2536,Sistema
2023-11-23T14:00:00,584.2536,Sistema
2023-11-23T15:00:00,609.2536,Sistema
2023-11-23T16:00:00,609.2536,Sistema
2023-11-23T17:00:00,609.2536,Sistema
2023-11-23T18:00:00,609.2536,Sistema
2023-11-23T19:00:00,879.3676,Sistema
2023-11-23T20:00:00,609.2536,Sistema
2023-11-23T21:00:00,584.2536,Sistema
2023-11-23T22:00:00,584.2536,Sistema
2023-11-23T23:00:00,519.2536,Sistema
2023-11-23T24:00:00,354.2536,Sistema
2023-11-24T01:00:00,365.42378,Sistema
2023-11-24T02:00:00,365.42378,Sistema
2023-11-24T03:00:00,365.42378,Sistema
2023-11-24T04:00:00,365.42378,Sistema
2023-11-24T05:00:00,365.42378,Sistema
2023-11-24T06:00:00,365.42378,Sistema
2023-11-24T07:00:00,365.42378,Sistema
2023-11-24T08:00:00,405.42378,Sistema
2023-11-24T09:00:00,405.42378,Sistema
2023-11-24T10:00:00,525.42378,Sistema
2023-11-24T11:00:00,585.42378,Sistema
2023-11-24T12:00:00,585.42378,Sistema
2023-11-24T13:00:00,585.42378,Sistema
2023-11-24T14:00:00,585.42378,Sistema
2023-11-24T15:00:00,585.42378,Sistema
2023-11-24T16:00:00,585.42378,Sistema
2023-11-24T17:00:00,585.42378,Sistema
2023-11-24T18:00:00,585.42378,Sistema
2023-11-24T19:00:00,585.42378,Sistema
2023-11-24T20:00:00,585.42378,Sistema
2023-11-24T21:00:00,585.42378,Sistema
2023-11-24T22:00:00,585.42378,Sistema
2023-11-24T23:00:00,405.42378,Sistema
2023-11-24T24:00:00,405.42378,Sistema
2023-11-25T01:00:00,260.47577,Sistema
2023-11-25T02:00:00,260.47577,Sistema
2023-11-25T03:00:00,258.73477,Sistema
2023-11-25T04:00:00,184.74677,Sistema
2023-11-25T05:00:00,260.47577,Sistema
2023-11-25T06:00:00,360.24677,Sistema
2023-11-25T07:00:00,184.74677,Sistema
2023-11-25T08:00:00,360.24677,Sistema
2023-11-25T09:00:00,360.24677,Sistema
2023-11-25T10:00:00,360.24677,Sistema
2023-11-25T11:00:00,360.24677,Sistema
2023-11-25T12:00:00,434.74677,Sistema
2023-11-25T13:00:00,404.74677,Sistema
2023-11-25T14:00:00,360.24677,Sistema
2023-11-25T15:00:00,360.24677,Sistema
2023-11-25T16:00:00,404.74677,Sistema
2023-11-25T17:00:00,434.74677,Sistema
2023-11-25T18:00:00,524.74677,Sistema
2023-11-25T19:00:00,584.74677,Sistema
2023-11-25T20:00:00,584.74677,Sistema
2023-11-25T21:00:00,584.74677,Sistema
2023-11-25T22:00:00,360.24677,Sistema
2023-11-25T23:00:00,360.24677,Sistema
2023-11-25T24:00:00,360.24677,Sistema
2023-11-26T01:00:00,250.55615,Sistema
2023-11-26T02:00:00,250.55615,Sistema
2023-11-26T03:00:00,250.55615,Sistema
2023-11-26T04:00:00,250.55615,Sistema
2023-11-26T05:00:00,250.55615,Sistema
2023-11-26T06:00:00,250.55615,Sistema
2023-11-26T07:00:00,250.55615,Sistema
2023-11-26T08:00:00,250.55615,Sistema
2023-11-26T09:00:00,250.55615,Sistema
2023-11-26T10:00:00,250.55615,Sistema
2023-11-26T11:00:00,250.55615,Sistema
2023-11-26T12:00:00,390.55615,Sistema
2023-11-26T13:00:00,390.55615,Sistema
2023-11-26T14:00:00,390.55615,Sistema
2023-11-26T15:00:00,390.55615,Sistema
2023-11-26T16:00:00,390.55615,Sistema
2023-11-26T17:00:00,390.55615,Sistema
2023-11-26T18:00:00,400.55615,Sistema
2023-11-26T19:00:00,520.55615,Sistema
2023-11-26T20:00:00,400.55615,Sistema
2023-11-26T21:00:00,605.55615,Sistema
2023-11-26T22:00:00,400.55615,Sistema
2023-11-26T23:00:00,400.55615,Sistema
2023-11-26T24:00:00,390.55615,Sistema
2023-11-27T01:00:00,255.53356,Sistema
2023-11-27T02:00:00,255.53356,Sistema
2023-11-27T03:00:00,255.53356,Sistema
2023-11-27T04:00:00,255.53356,Sistema
2023-11-27T05:00:00,255.53356,Sistema
2023-11-27T06:00:00,255.53356,Sistema
2023-11-27T07:00:00,261.26256,Sistema
2023-11-27T08:00:00,395.53356,Sistema
2023-11-27T09:00:00,583.53356,Sistema
2023-11-27T10:00:00,583.53356,Sistema
2023-11-27T11:00:00,585.53356,Sistema
2023-11-27T12:00:00,585.53356,Sistema
2023-11-27T13:00:00,585.53356,Sistema
2023-11-27T14:00:00,585.53356,Sistema
2023-11-27T15:00:00,646.31356,Sistema
2023-11-27T16:00:00,646.31356,Sistema
2023-11-27T17:00:00,646.31356,Sistema
2023-11-27T18:00:00,646.31356,Sistema
2023-11-27T19:00:00,755.53356,Sistema
2023-11-27T20:00:00,755.53356,Sistema
2023-11-27T21:00:00,646.31356,Sistema
2023-11-27T22:00:00,646.31356,Sistema
2023-11-27T23:00:00,585.53356,Sistema
2023-11-27T24:00:00,583.53356,Sistema
2023-11-28T01:00:00,430.61505,Sistema
2023-11-28T02:00:00,384.53005,Sistema
2023-11-28T03:00:00,434.53005,Sistema
2023-11-28T04:00:00,384.53005,Sistema
2023-11-28T05:00:00,434.53005,Sistema
2023-11-28T06:00:00,434.53005,Sistema
2023-11-28T07:00:00,453.53005,Sistema
2023-11-28T08:00:00,453.53005,Sistema
2023-11-28T09:00:00,704.53005,Sistema
2023-11-28T10:00:00,453.53005,Sistema
2023-11-28T11:00:00,587.56905,Sistema
2023-11-28T12:00:00,704.53005,Sistema
2023-11-28T13:00:00,704.53005,Sistema
2023-11-28T14:00:00,704.53005,Sistema
2023-11-28T15:00:00,704.53005,Sistema
2023-11-28T16:00:00,704.53005,Sistema
2023-11-28T17:00:00,704.53005,Sistema
2023-11-28T18:00:00,704.53005,Sistema
2023-11-28T19:00:00,704.53005,Sistema
2023-11-28T20:00:00,704.53005,Sistema
2023-11-28T21:00:00,704.53005,Sistema
2023-11-28T22:00:00,704.53005,Sistema
2023-11-28T23:00:00,453.53005,Sistema
2023-11-28T24:00:00,453.53005,Sistema
2023-11-29T01:00:00,452.10547,Sistema
2023-11-29T02:00:00,452.10547,Sistema
2023-11-29T03:00:00,452.10547,Sistema
2023-11-29T04:00:00,282.10547,Sistema
2023-11-29T05:00:00,282.10547,Sistema
2023-11-29T06:00:00,452.10547,Sistema
2023-11-29T07:00:00,452.10547,Sistema
2023-11-29T08:00:00,452.10547,Sistema
2023-11-29T09:00:00,452.10547,Sistema
2023-11-29T10:00:00,472.10547,Sistema
2023-11-29T11:00:00,502.10547,Sistema
2023-11-29T12:00:00,532.10547,Sistema
2023-11-29T13:00:00,502.10547,Sistema
2023-11-29T14:00:00,585.14447,Sistema
2023-11-29T15:00:00,685.10547,Sistema
2023-11-29T16:00:00,685.10547,Sistema
2023-11-29T17:00:00,685.10547,Sistema
2023-11-29T18:00:00,685.10547,Sistema
2023-11-29T19:00:00,685.10547,Sistema
2023-11-29T20:00:00,685.10547,Sistema
2023-11-29T21:00:00,685.10547,Sistema
2023-11-29T22:00:00,685.10547,Sistema
2023-11-29T23:00:00,532.10547,Sistema
2023-11-29T24:00:00,472.10547,Sistema
2023-11-30T01:00:00,591.21098,Sistema
2023-11-30T02:00:00,533.21098,Sistema
2023-11-30T03:00:00,533.21098,Sistema
2023-11-30T04:00:00,533.21098,Sistema
2023-11-30T05:00:00,533.21098,Sistema
2023-11-30T06:00:00,533.21098,Sistema
2023-11-30T07:00:00,591.21098,Sistema
2023-11-30T08:00:00,591.21098,Sistema
2023-11-30T09:00:00,711.58898,Sistema
2023-11-30T10:00:00,591.21098,Sistema
2023-11-30T11:00:00,725.21098,Sistema
2023-11-30T12:00:00,725.21098,Sistema
2023-11-30T13:00:00,725.21098,Sistema
2023-11-30T14:00:00,725.21098,Sistema
2023-11-30T15:00:00,726.21098,Sistema
2023-11-30T16:00:00,726.21098,Sistema
2023-11-30T17:00:00,726.21098,Sistema
2023-11-30T18:00:00,726.21098,Sistema
2023-11-30T19:00:00,749.21098,Sistema
2023-11-30T20:00:00,749.21098,Sistema
2023-11-30T21:00:00,749.21098,Sistema
2023-11-30T22:00:00,749.21098,Sistema
2023-11-30T23:00:00,591.21098,Sistema
2023-11-30T24:00:00,591.21098,Sistema
2023-12-01T01:00:00,589.37329,Sistema
2023-12-01T02:00:00,559.37329,Sistema
2023-12-01T03:00:00,559.37329,Sistema
2023-12-01T04:00:00,559.37329,Sistema
2023-12-01T05:00:00,559.37329,Sistema
2023-12-01T06:00:00,559.37329,Sistema
2023-12-01T07:00:00,656.37329,Sistema
2023-12-01T08:00:00,656.37329,Sistema
2023-12-01T09:00:00,727.60729,Sistema
2023-12-01T10:00:00,749.37329,Sistema
2023-12-01T11:00:00,755.37329,Sistema
2023-12-01T12:00:00,755.37329,Sistema
2023-12-01T13:00:00,755.37329,Sistema
2023-12-01T14:00:00,755.37329,Sistema
2023-12-01T15:00:00,763.37329,Sistema
2023-12-01T16:00:00,763.37329,Sistema
2023-12-01T17:00:00,763.37329,Sistema
2023-12-01T18:00:00,763.37329,Sistema
2023-12-01T19:00:00,763.37329,Sistema
2023-12-01T20:00:00,763.37329,Sistema
2023-12-01T21:00:00,763.37329,Sistema
2023-12-01T22:00:00,763.37329,Sistema
2023-12-01T23:00:00,755.37329,Sistema
2023-12-01T24:00:00,749.37329,Sistema
2023-12-02T01:00:00,742.83258,Sistema
2023-12-02T02:00:00,728.87558,Sistema
2023-12-02T03:00:00,728.87558,Sistema
2023-12-02T04:00:00,728.87558,Sistema
2023-12-02T05:00:00,728.87558,Sistema
2023-12-02T06:00:00,728.87558,Sistema
2023-12-02T07:00:00,728.87558,Sistema
2023-12-02T08:00:00,728.87558,Sistema
2023-12-02T09:00:00,728.87558,Sistema
2023-12-02T10:00:00,742.83258,Sistema
2023-12-02T11:00:00,763.87558,Sistema
2023-12-02T12:00:00,763.87558,Sistema
2023-12-02T13:00:00,763.87558,Sistema
2023-12-02T14:00:00,763.87558,Sistema
2023-12-02T15:00:00,763.87558,Sistema
2023-12-02T16:00:00,763.87558,Sistema
2023-12-02T17:00:00,763.87558,Sistema
2023-12-02T18:00:00,788.37558,Sistema
2023-12-02T19:00:00,788.37558,Sistema
2023-12-02T20:00:00,788.37558,Sistema
2023-12-02T21:00:00,788.37558,Sistema
2023-12-02T22:00:00,763.87558,Sistema
2023-12-02T23:00:00,763.87558,Sistema
2023-12-02T24:00:00,742.83258,Sistema
2023-12-03T01:00:00,745.77379,Sistema
2023-12-03T02:00:00,745.77379,Sistema
2023-12-03T03:00:00,745.77379,Sistema
2023-12-03T04:00:00,745.77379,Sistema
2023-12-03T05:00:00,745.77379,Sistema
2023-12-03T06:00:00,745.77379,Sistema
2023-12-03T07:00:00,715.77379,Sistema
2023-12-03T08:00:00,620.77379,Sistema
2023-12-03T09:00:00,640.32679,Sistema
2023-12-03T10:00:00,745.77379,Sistema
2023-12-03T11:00:00,745.77379,Sistema
2023-12-03T12:00:00,745.77379,Sistema
2023-12-03T13:00:00,745.77379,Sistema
2023-12-03T14:00:00,745.77379,Sistema
2023-12-03T15:00:00,753.27379,Sistema
2023-12-03T16:00:00,753.27379,Sistema
2023-12-03T17:00:00,753.27379,Sistema
2023-12-03T18:00:00,753.27379,Sistema
2023-12-03T19:00:00,760.77379,Sistema
2023-12-03T20:00:00,760.77379,Sistema
2023-12-03T21:00:00,760.77379,Sistema
2023-12-03T22:00:00,760.77379,Sistema
2023-12-03T23:00:00,753.27379,Sistema
2023-12-03T24:00:00,753.27379,Sistema
2023-12-04T01:00:00,639.33223,Sistema
2023-12-04T02:00:00,619.77923,Sistema
2023-12-04T03:00:00,725.21423,Sistema
2023-12-04T04:00:00,619.77923,Sistema
2023-12-04T05:00:00,725.21423,Sistema
2023-12-04T06:00:00,725.21423,Sistema
2023-12-04T07:00:00,694.77923,Sistema
2023-12-04T08:00:00,729.77923,Sistema
2023-12-04T09:00:00,769.77923,Sistema
2023-12-04T10:00:00,769.77923,Sistema
2023-12-04T11:00:00,769.77923,Sistema
2023-12-04T12:00:00,769.77923,Sistema
2023-12-04T13:00:00,799.77923,Sistema
2023-12-04T14:00:00,769.77923,Sistema
2023-12-04T15:00:00,769.77923,Sistema
2023-12-04T16:00:00,805.27923,Sistema
2023-12-04T17:00:00,805.27923,Sistema
2023-12-04T18:00:00,805.27923,Sistema
2023-12-04T19:00:00,814.77923,Sistema
2023-12-04T20:00:00,814.77923,Sistema
2023-12-04T21:00:00,814.77923,Sistema
2023-12-04T22:00:00,799.77923,Sistema
2023-12-04T23:00:00,799.77923,Sistema
2023-12-04T24:00:00,805.27923,Sistema
2023-12-05T01:00:00,754.78864,Sistema
2023-12-05T02:00:00,753.78864,Sistema
2023-12-05T03:00:00,753.78864,Sistema
2023-12-05T04:00:00,753.78864,Sistema
2023-12-05T05:00:00,753.78864,Sistema
2023-12-05T06:00:00,753.78864,Sistema
2023-12-05T07:00:00,753.78864,Sistema
2023-12-05T08:00:00,753.78864,Sistema
2023-12-05T09:00:00,753.78864,Sistema
2023-12-05T10:00:00,754.78864,Sistema
2023-12-05T11:00:00,817.78864,Sistema
2023-12-05T12:00:00,822.78864,Sistema
2023-12-05T13:00:00,822.78864,Sistema
2023-12-05T14:00:00,822.78864,Sistema
2023-12-05T15:00:00,852.78864,Sistema
2023-12-05T16:00:00,852.78864,Sistema
2023-12-05T17:00:00,852.78864,Sistema
2023-12-05T18:00:00,852.78864,Sistema
2023-12-05T19:00:00,852.78864,Sistema
2023-12-05T20:00:00,852.78864,Sistema
2023-12-05T21:00:00,822.78864,Sistema
2023-12-05T22:00:00,817.78864,Sistema
2023-12-05T23:00:00,852.78864,Sistema
2023-12-05T24:00:00,822.78864,Sistema
2023-12-06T01:00:00,803.77734,Sistema
2023-12-06T02:00:00,803.77734,Sistema
2023-12-06T03:00:00,803.77734,Sistema
2023-12-06T04:00:00,803.77734,Sistema
2023-12-06T05:00:00,803.77734,Sistema
2023-12-06T06:00:00,803.77734,Sistema
2023-12-06T07:00:00,803.77734,Sistema
2023-12-06T08:00:00,803.77734,Sistema
2023-12-06T09:00:00,804.77734,Sistema
2023-12-06T10:00:00,804.77734,Sistema
2023-12-06T11:00:00,804.77734,Sistema
2023-12-06T12:00:00,824.74534,Sistema
2023-12-06T13:00:00,824.74534,Sistema
2023-12-06T14:00:00,824.74534,Sistema
2023-12-06T15:00:00,824.74534,Sistema
2023-12-06T16:00:00,824.74534,Sistema
2023-12-06T17:00:00,824.74534,Sistema
2023-12-06T18:00:00,824.74534,Sistema
2023-12-06T19:00:00,824.74534,Sistema
2023-12-06T20:00:00,824.74534,Sistema
2023-12-06T21:00:00,824.74534,Sistema
2023-12-06T22:00:00,804.77734,Sistema
2023-12-06T23:00:00,803.77734,Sistema
2023-12-06T24:00:00,803.77734,Sistema
2023-12-07T01:00:00,802.55361,Sistema
2023-12-07T02:00:00,802.55361,Sistema
2023-12-07T03:00:00,802.55361,Sistema
2023-12-07T04:00:00,802.55361,Sistema
2023-12-07T05:00:00,802.55361,Sistema
2023-12-07T06:00:00,802.55361,Sistema
2023-12-07T07:00:00,802.55361,Sistema
2023-12-07T08:00:00,802.55361,Sistema
2023-12-07T09:00:00,811.05361,Sistema
2023-12-07T10:00:00,811.05361,Sistema
2023-12-07T11:00:00,811.05361,Sistema
2023-12-07T12:00:00,811.05361,Sistema
2023-12-07T13:00:00,811.05361,Sistema
2023-12-07T14:00:00,811.05361,Sistema
2023-12-07T15:00:00,819.05361,Sistema
2023-12-07T16:00:00,819.05361,Sistema
2023-12-07T17:00:00,819.05361,Sistema
2023-12-07T18:00:00,819.05361,Sistema
2023-12-07T19:00:00,819.05361,Sistema
2023-12-07T20:00:00,811.05361,Sistema
2023-12-07T21:00:00,811.05361,Sistema
2023-12-07T22:00:00,811.05361,Sistema
2023-12-07T23:00:00,802.55361,Sistema
2023-12-07T24:00:00,802.55361,Sistema
2023-12-08T01:00:00,763.63394,Sistema
2023-12-08T02:00:00,763.63394,Sistema
2023-12-08T03:00:00,763.63394,Sistema
2023-12-08T04:00:00,763.63394,Sistema
2023-12-08T05:00:00,763.63394,Sistema
2023-12-08T06:00:00,763.63394,Sistema
2023-12-08T07:00:00,763.63394,Sistema
2023-12-08T08:00:00,763.63394,Sistema
2023-12-08T09:00:00,763.63394,Sistema
2023-12-08T10:00:00,763.63394,Sistema
2023-12-08T11:00:00,763.63394,Sistema
2023-12-08T12:00:00,763.63394,Sistema
2023-12-08T13:00:00,833.43994,Sistema
2023-12-08T14:00:00,833.43994,Sistema
2023-12-08T15:00:00,763.63394,Sistema
2023-12-08T16:00:00,833.43994,Sistema
2023-12-08T17:00:00,833.43994,Sistema
2023-12-08T18:00:00,833.43994,Sistema
2023-12-08T19:00:00,853.43994,Sistema
2023-12-08T20:00:00,853.43994,Sistema
2023-12-08T21:00:00,853.43994,Sistema
2023-12-08T22:00:00,853.43994,Sistema
2023-12-08T23:00:00,833.43994,Sistema
2023-12-08T24:00:00,833.43994,Sistema
2023-12-09T01:00:00,830.07253,Sistema
2023-12-09T02:00:00,830.07253,Sistema
2023-12-09T03:00:00,830.07253,Sistema
2023-12-09T04:00:00,830.07253,Sistema
2023-12-09T05:00:00,830.07253,Sistema
2023-12-09T06:00:00,830.07253,Sistema
2023-12-09T07:00:00,830.07253,Sistema
2023-12-09T08:00:00,830.07253,Sistema
2023-12-09T09:00:00,833.07253,Sistema
2023-12-09T10:00:00,898.57253,Sistema
2023-12-09T11:00:00,898.57253,Sistema
2023-12-09T12:00:00,923.07253,Sistema
2023-12-09T13:00:00,923.07253,Sistema
2023-12-09T14:00:00,923.07253,Sistema
2023-12-09T15:00:00,923.07253,Sistema
2023-12-09T16:00:00,923.07253,Sistema
2023-12-09T17:00:00,923.07253,Sistema
2023-12-09T18:00:00,923.18353,Sistema
2023-12-09T19:00:00,923.18353,Sistema
2023-12-09T20:00:00,923.18353,Sistema
2023-12-09T21:00:00,923.18353,Sistema
2023-12-09T22:00:00,923.07253,Sistema
2023-12-09T23:00:00,898.57253,Sistema
2023-12-09T24:00:00,833.07253,Sistema
2023-12-10T01:00:00,928.8756,Sistema
2023-12-10T02:00:00,928.8756,Sistema
2023-12-10T03:00:00,833.3756,Sistema
2023-12-10T04:00:00,818.8756,Sistema
2023-12-10T05:00:00,833.3756,Sistema
2023-12-10T06:00:00,833.3756,Sistema
2023-12-10T07:00:00,818.8756,Sistema
2023-12-10T08:00:00,818.8756,Sistema
2023-12-10T09:00:00,833.3756,Sistema
2023-12-10T10:00:00,928.8756,Sistema
2023-12-10T11:00:00,833.3756,Sistema
2023-12-10T12:00:00,928.8756,Sistema
2023-12-10T13:00:00,928.8756,Sistema
2023-12-10T14:00:00,928.8756,Sistema
2023-12-10T15:00:00,928.8756,Sistema
2023-12-10T16:00:00,928.8756,Sistema
2023-12-10T17:00:00,953.8756,Sistema
2023-12-10T18:00:00,953.8756,Sistema
2023-12-10T19:00:00,954.3756,Sistema
2023-12-10T20:00:00,954.3756,Sistema
2023-12-10T21:00:00,954.3756,Sistema
2023-12-10T22:00:00,954.3756,Sistema
2023-12-10T23:00:00,953.8756,Sistema
2023-12-10T24:00:00,953.8756,Sistema
2023-12-11T01:00:00,920.71752,Sistema
2023-12-11T02:00:00,920.71752,Sistema
2023-12-11T03:00:00,920.71752,Sistema
2023-12-11T04:00:00,920.71752,Sistema
2023-12-11T05:00:00,920.71752,Sistema
2023-12-11T06:00:00,920.71752,Sistema
2023-12-11T07:00:00,920.71752,Sistema
2023-12-11T08:00:00,920.71752,Sistema
2023-12-11T09:00:00,927.71752,Sistema
2023-12-11T10:00:00,927.71752,Sistema
2023-12-11T11:00:00,962.70752,Sistema
2023-12-11T12:00:00,962.70752,Sistema
2023-12-11T13:00:00,962.70752,Sistema
2023-12-11T14:00:00,962.70752,Sistema
2023-12-11T15:00:00,962.70752,Sistema
2023-12-11T16:00:00,962.70752,Sistema
2023-12-11T17:00:00,962.70752,Sistema
2023-12-11T18:00:00,962.70752,Sistema
2023-12-11T19:00:00,972.82852,Sistema
2023-12-11T20:00:00,972.82852,Sistema
2023-12-11T21:00:00,962.70752,Sistema
2023-12-11T22:00:00,962.70752,Sistema
2023-12-11T23:00:00,962.70752,Sistema
2023-12-11T24:00:00,962.70752,Sistema
2023-12-12T01:00:00,911.87816,Sistema
2023-12-12T02:00:00,817.87816,Sistema
2023-12-12T03:00:00,817.87816,Sistema
2023-12-12T04:00:00,817.87816,Sistema
2023-12-12T05:00:00,817.87816,Sistema
2023-12-12T06:00:00,911.87816,Sistema
2023-12-12T07:00:00,911.87816,Sistema
2023-12-12T08:00:00,911.87816,Sistema
2023-12-12T09:00:00,911.87816,Sistema
2023-12-12T10:00:00,920.37816,Sistema
2023-12-12T11:00:00,920.37816,Sistema
2023-12-12T12:00:00,920.37816,Sistema
2023-12-12T13:00:00,920.37816,Sistema
2023-12-12T14:00:00,920.37816,Sistema
2023-12-12T15:00:00,921.87816,Sistema
2023-12-12T16:00:00,921.87816,Sistema
2023-12-12T17:00:00,921.87816,Sistema
2023-12-12T18:00:00,921.87816,Sistema
2023-12-12T19:00:00,942.87816,Sistema
2023-12-12T20:00:00,921.87816,Sistema
2023-12-12T21:00:00,921.87816,Sistema
2023-12-12T22:00:00,920.37816,Sistema
2023-12-12T23:00:00,920.37816,Sistema
2023-12-12T24:00:00,920.37816,Sistema
2023-12-13T01:00:00,854.93984,Sistema
2023-12-13T02:00:00,853.93984,Sistema
2023-12-13T03:00:00,853.93984,Sistema
2023-12-13T04:00:00,852.93984,Sistema
2023-12-13T05:00:00,852.93984,Sistema
2023-12-13T06:00:00,853.93984,Sistema
2023-12-13T07:00:00,853.93984,Sistema
2023-12-13T08:00:00,853.93984,Sistema
2023-12-13T09:00:00,927.83984,Sistema
2023-12-13T10:00:00,927.83984,Sistema
2023-12-13T11:00:00,927.83984,Sistema
2023-12-13T12:00:00,927.83984,Sistema
2023-12-13T13:00:00,927.83984,Sistema
2023-12-13T14:00:00,927.83984,Sistema
2023-12-13T15:00:00,927.83984,Sistema
2023-12-13T16:00:00,973.05084,Sistema
2023-12-13T17:00:00,973.05084,Sistema
2023-12-13T18:00:00,973.05084,Sistema
2023-12-13T19:00:00,973.05084,Sistema
2023-12-13T20:00:00,973.05084,Sistema
2023-12-13T21:00:00,927.83984,Sistema
2023-12-13T22:00:00,927.83984,Sistema
2023-12-13T23:00:00,927.83984,Sistema
2023-12-13T24:00:00,927.83984,Sistema
2023-12-14T01:00:00,849.48689,Sistema
2023-12-14T02:00:00,849.48689,Sistema
2023-12-14T03:00:00,848.48689,Sistema
2023-12-14T04:00:00,848.48689,Sistema
2023-12-14T05:00:00,848.48689,Sistema
2023-12-14T06:00:00,848.48689,Sistema
2023-12-14T07:00:00,848.48689,Sistema
2023-12-14T08:00:00,849.48689,Sistema
2023-12-14T09:00:00,849.48689,Sistema
2023-12-14T10:00:00,849.48689,Sistema
2023-12-14T11:00:00,850.48689,Sistema
2023-12-14T12:00:00,922.98689,Sistema
2023-12-14T13:00:00,922.98689,Sistema
2023-12-14T14:00:00,922.98689,Sistema
2023-12-14T15:00:00,922.98689,Sistema
2023-12-14T16:00:00,922.98689,Sistema
2023-12-14T17:00:00,922.98689,Sistema
2023-12-14T18:00:00,922.98689,Sistema
2023-12-14T19:00:00,923.18689,Sistema
2023-12-14T20:00:00,923.18689,Sistema
2023-12-14T21:00:00,923.18689,Sistema
2023-12-14T22:00:00,922.98689,Sistema
2023-12-14T23:00:00,922.98689,Sistema
2023-12-14T24:00:00,922.98689,Sistema
2023-12-15T01:00:00,863.09077,Sistema
2023-12-15T02:00:00,848.09077,Sistema
2023-12-15T03:00:00,848.09077,Sistema
2023-12-15T04:00:00,848.09077,Sistema
2023-12-15T05:00:00,848.09077,Sistema
2023-12-15T06:00:00,848.09077,Sistema
2023-12-15T07:00:00,848.09077,Sistema
2023-12-15T08:00:00,848.09077,Sistema
2023-12-15T09:00:00,848.09077,Sistema
2023-12-15T10:00:00,863.09077,Sistema
2023-12-15T11:00:00,863.09077,Sistema
2023-12-15T12:00:00,863.09077,Sistema
2023-12-15T13:00:00,883.09077,Sistema
2023-12-15T14:00:00,863.09077,Sistema
2023-12-15T15:00:00,933.59077,Sistema
2023-12-15T16:00:00,933.59077,Sistema
2023-12-15T17:00:00,883.09077,Sistema
2023-12-15T18:00:00,883.09077,Sistema
2023-12-15T19:00:00,933.59077,Sistema
2023-12-15T20:00:00,883.09077,Sistema
2023-12-15T21:00:00,863.09077,Sistema
2023-12-15T22:00:00,863.09077,Sistema
2023-12-15T23:00:00,848.09077,Sistema
2023-12-15T24:00:00,848.09077,Sistema
2023-12-16T01:00:00,853.61662,Sistema
2023-12-16T02:00:00,853.61662,Sistema
2023-12-16T03:00:00,792.71662,Sistema
2023-12-16T04:00:00,792.71662,Sistema
2023-12-16T05:00:00,792.71662,Sistema
2023-12-16T06:00:00,792.71662,Sistema
2023-12-16T07:00:00,792.71662,Sistema
2023-12-16T08:00:00,853.61662,Sistema
2023-12-16T09:00:00,853.61662,Sistema
2023-12-16T10:00:00,853.61662,Sistema
2023-12-16T11:00:00,853.61662,Sistema
2023-12-16T12:00:00,853.61662,Sistema
2023-12-16T13:00:00,853.61662,Sistema
2023-12-16T14:00:00,853.61662,Sistema
2023-12-16T15:00:00,853.61662,Sistema
2023-12-16T16:00:00,853.61662,Sistema
2023-12-16T17:00:00,853.61662,Sistema
2023-12-16T18:00:00,853.61662,Sistema
2023-12-16T19:00:00,864.61662,Sistema
2023-12-16T20:00:00,864.61662,Sistema
2023-12-16T21:00:00,853.61662,Sistema
2023-12-16T22:00:00,853.61662,Sistema
2023-12-16T23:00:00,853.61662,Sistema
2023-12-16T24:00:00,853.61662,Sistema
2023-12-17T01:00:00,783.71422,Sistema
2023-12-17T02:00:00,783.71422,Sistema
2023-12-17T03:00:00,753.91422,Sistema
2023-12-17T04:00:00,783.71422,Sistema
2023-12-17T05:00:00,738.78922,Sistema
2023-12-17T06:00:00,738.78922,Sistema
2023-12-17T07:00:00,723.91422,Sistema
2023-12-17T08:00:00,723.91422,Sistema
2023-12-17T09:00:00,738.78922,Sistema
2023-12-17T10:00:00,783.71422,Sistema
2023-12-17T11:00:00,753.91422,Sistema
2023-12-17T12:00:00,783.71422,Sistema
2023-12-17T13:00:00,783.71422,Sistema
2023-12-17T14:00:00,783.71422,Sistema
2023-12-17T15:00:00,783.71422,Sistema
2023-12-17T16:00:00,783.71422,Sistema
2023-12-17T17:00:00,783.71422,Sistema
2023-12-17T18:00:00,804.91422,Sistema
2023-12-17T19:00:00,804.91422,Sistema
2023-12-17T20:00:00,804.91422,Sistema
2023-12-17T21:00:00,804.91422,Sistema
2023-12-17T22:00:00,804.91422,Sistema
2023-12-17T23:00:00,804.91422,Sistema
2023-12-17T24:00:00,804.91422,Sistema
2023-12-18T01:00:00,741.87591,Sistema
2023-12-18T02:00:00,741.87591,Sistema
2023-12-18T03:00:00,741.87591,Sistema
2023-12-18T04:00:00,741.87591,Sistema
2023-12-18T05:00:00,741.87591,Sistema
2023-12-18T06:00:00,751.87591,Sistema
2023-12-18T07:00:00,751.87591,Sistema
2023-12-18T08:00:00,751.87591,Sistema
2023-12-18T09:00:00,751.87591,Sistema
2023-12-18T10:00:00,751.87591,Sistema
2023-12-18T11:00:00,751.87591,Sistema
2023-12-18T12:00:00,773.87591,Sistema
2023-12-18T13:00:00,773.87591,Sistema
2023-12-18T14:00:00,773.87591,Sistema
2023-12-18T15:00:00,773.87591,Sistema
2023-12-18T16:00:00,773.87591,Sistema
2023-12-18T17:00:00,773.87591,Sistema
2023-12-18T18:00:00,773.87591,Sistema
2023-12-18T19:00:00,773.87591,Sistema
2023-12-18T20:00:00,773.87591,Sistema
2023-12-18T21:00:00,773.87591,Sistema
2023-12-18T22:00:00,773.87591,Sistema
2023-12-18T23:00:00,773.87591,Sistema
2023-12-18T24:00:00,751.87591,Sistema
2023-12-19T01:00:00,573.00051,Sistema
2023-12-19T02:00:00,573.00051,Sistema
2023-12-19T03:00:00,623.00051,Sistema
2023-12-19T04:00:00,704.00051,Sistema
2023-12-19T05:00:00,468.11951,Sistema
2023-12-19T06:00:00,704.00051,Sistema
2023-12-19T07:00:00,573.00051,Sistema
2023-12-19T08:00:00,704.00051,Sistema
2023-12-19T09:00:00,704.00051,Sistema
2023-12-19T10:00:00,704.00051,Sistema
2023-12-19T11:00:00,704.00051,Sistema
2023-12-19T12:00:00,704.00051,Sistema
2023-12-19T13:00:00,704.00051,Sistema
2023-12-19T14:00:00,704.00051,Sistema
2023-12-19T15:00:00,704.00051,Sistema
2023-12-19T16:00:00,728.00051,Sistema
2023-12-19T17:00:00,728.00051,Sistema
2023-12-19T18:00:00,728.00051,Sistema
2023-12-19T19:00:00,739.00051,Sistema
2023-12-19T20:00:00,739.00051,Sistema
2023-12-19T21:00:00,739.00051,Sistema
2023-12-19T22:00:00,728.00051,Sistema
2023-12-19T23:00:00,704.00051,Sistema
2023-12-19T24:00:00,704.00051,Sistema
2023-12-20T01:00:00,105.17116,Sistema
2023-12-20T02:00:00,258.99416,Sistema
2023-12-20T03:00:00,258.99416,Sistema
2023-12-20T04:00:00,283.80716,Sistema
2023-12-20T05:00:00,458.26316,Sistema
2023-12-20T06:00:00,557.17116,Sistema
2023-12-20T07:00:00,557.17116,Sistema
2023-12-20T08:00:00,557.17116,Sistema
2023-12-20T09:00:00,557.17116,Sistema
2023-12-20T10:00:00,557.17116,Sistema
2023-12-20T11:00:00,557.17116,Sistema
2023-12-20T12:00:00,557.17116,Sistema
2023-12-20T13:00:00,557.17116,Sistema
2023-12-20T14:00:00,557.17116,Sistema
2023-12-20T15:00:00,617.17116,Sistema
2023-12-20T16:00:00,617.17116,Sistema
2023-12-20T17:00:00,617.17116,Sistema
2023-12-20T18:00:00,683.37116,Sistema
2023-12-20T19:00:00,683.37116,Sistema
2023-12-20T20:00:00,683.37116,Sistema
2023-12-20T21:00:00,683.37116,Sistema
2023-12-20T22:00:00,683.37116,Sistema
2023-12-20T23:00:00,617.17116,Sistema
2023-12-20T24:00:00,557.17116,Sistema
2023-12-21T01:00:00,493.33172,Sistema
2023-12-21T02:00:00,493.33172,Sistema
2023-12-21T03:00:00,493.33172,Sistema
2023-12-21T04:00:00,493.33172,Sistema
2023-12-21T05:00:00,493.33172,Sistema
2023-12-21T06:00:00,493.33172,Sistema
2023-12-21T07:00:00,493.33172,Sistema
2023-12-21T08:00:00,493.33172,Sistema
2023-12-21T09:00:00,502.33172,Sistema
2023-12-21T10:00:00,502.33172,Sistema
2023-12-21T11:00:00,543.33172,Sistema
2023-12-21T12:00:00,548.33172,Sistema
2023-12-21T13:00:00,523.33172,Sistema
2023-12-21T14:00:00,548.33172,Sistema
2023-12-21T15:00:00,548.33172,Sistema
2023-12-21T16:00:00,548.33172,Sistema
2023-12-21T17:00:00,548.33172,Sistema
2023-12-21T18:00:00,548.33172,Sistema
2023-12-21T19:00:00,613.33172,Sistema
2023-12-21T20:00:00,613.33172,Sistema
2023-12-21T21:00:00,548.33172,Sistema
2023-12-21T22:00:00,548.33172,Sistema
2023-12-21T23:00:00,548.33172,Sistema
2023-12-21T24:00:00,523.33172,Sistema
2023-12-22T01:00:00,472.68451,Sistema
2023-12-22T02:00:00,472.68451,Sistema
2023-12-22T03:00:00,472.68451,Sistema
2023-12-22T04:00:00,453.77651,Sistema
2023-12-22T05:00:00,467.80351,Sistema
2023-12-22T06:00:00,472.68451,Sistema
2023-12-22T07:00:00,472.68451,Sistema
2023-12-22T08:00:00,472.68451,Sistema
2023-12-22T09:00:00,472.68451,Sistema
2023-12-22T10:00:00,472.68451,Sistema
2023-12-22T11:00:00,502.68451,Sistema
2023-12-22T12:00:00,502.68451,Sistema
2023-12-22T13:00:00,502.68451,Sistema
2023-12-22T14:00:00,502.68451,Sistema
2023-12-22T15:00:00,512.68451,Sistema
2023-12-22T16:00:00,512.68451,Sistema
2023-12-22T17:00:00,512.68451,Sistema
2023-12-22T18:00:00,512.68451,Sistema
2023-12-22T19:00:00,552.68451,Sistema
2023-12-22T20:00:00,521.68451,Sistema
2023-12-22T21:00:00,512.68451,Sistema
2023-12-22T22:00:00,502.68451,Sistema
2023-12-22T23:00:00,502.68451,Sistema
2023-12-22T24:00:00,472.68451,Sistema
2023-12-23T01:00:00,492.55717,Sistema
2023-12-23T02:00:00,492.55717,Sistema
2023-12-23T03:00:00,492.55717,Sistema
2023-12-23T04:00:00,492.55717,Sistema
2023-12-23T05:00:00,492.55717,Sistema
2023-12-23T06:00:00,492.55717,Sistema
2023-12-23T07:00:00,492.55717,Sistema
2023-12-23T08:00:00,492.55717,Sistema
2023-12-23T09:00:00,492.55717,Sistema
2023-12-23T10:00:00,492.55717,Sistema
2023-12-23T11:00:00,496.55717,Sistema
2023-12-23T12:00:00,502.55717,Sistema
2023-12-23T13:00:00,502.55717,Sistema
2023-12-23T14:00:00,502.55717,Sistema
2023-12-23T15:00:00,496.55717,Sistema
2023-12-23T16:00:00,502.55717,Sistema
2023-12-23T17:00:00,521.55717,Sistema
2023-12-23T18:00:00,502.55717,Sistema
2023-12-23T19:00:00,538.05717,Sistema
2023-12-23T20:00:00,538.05717,Sistema
2023-12-23T21:00:00,538.05717,Sistema
2023-12-23T22:00:00,538.05717,Sistema
2023-12-23T23:00:00,502.55717,Sistema
2023-12-23T24:00:00,496.55717,Sistema
2023-12-24T01:00:00,492.05645,Sistema
2023-12-24T02:00:00,492.05645,Sistema
2023-12-24T03:00:00,492.05645,Sistema
2023-12-24T04:00:00,492.05645,Sistema
2023-12-24T05:00:00,492.05645,Sistema
2023-12-24T06:00:00,492.05645,Sistema
2023-12-24T07:00:00,492.05645,Sistema
2023-12-24T08:00:00,492.05645,Sistema
2023-12-24T09:00:00,492.05645,Sistema
2023-12-24T10:00:00,492.05645,Sistema
2023-12-24T11:00:00,492.05645,Sistema
2023-12-24T12:00:00,492.05645,Sistema
2023-12-24T13:00:00,500.55645,Sistema
2023-12-24T14:00:00,500.55645,Sistema
2023-12-24T15:00:00,500.55645,Sistema
2023-12-24T16:00:00,500.55645,Sistema
2023-12-24T17:00:00,500.55645,Sistema
2023-12-24T18:00:00,500.55645,Sistema
2023-12-24T19:00:00,540.55645,Sistema
2023-12-24T20:00:00,502.55645,Sistema
2023-12-24T21:00:00,500.55645,Sistema
2023-12-24T22:00:00,500.55645,Sistema
2023-12-24T23:00:00,500.55645,Sistema
2023-12-24T24:00:00,492.05645,Sistema
2023-12-25T01:00:00,434.82023,Sistema
2023-12-25T02:00:00,434.82023,Sistema
2023-12-25T03:00:00,433.89323,Sistema
2023-12-25T04:00:00,404.64323,Sistema
2023-12-25T05:00:00,404.64323,Sistema
2023-12-25T06:00:00,404.64323,Sistema
2023-12-25T07:00:00,404.64323,Sistema
2023-12-25T08:00:00,404.64323,Sistema
2023-12-25T09:00:00,404.64323,Sistema
2023-12-25T10:00:00,404.64323,Sistema
2023-12-25T11:00:00,404.64323,Sistema
2023-12-25T12:00:00,404.64323,Sistema
2023-12-25T13:00:00,404.64323,Sistema
2023-12-25T14:00:00,404.64323,Sistema
2023-12-25T15:00:00,404.64323,Sistema
2023-12-25T16:00:00,404.64323,Sistema
2023-12-25T17:00:00,404.64323,Sistema
2023-12-25T18:00:00,404.64323,Sistema
2023-12-25T19:00:00,504.54323,Sistema
2023-12-25T20:00:00,513.54323,Sistema
2023-12-25T21:00:00,504.54323,Sistema
2023-12-25T22:00:00,440.00423,Sistema
2023-12-25T23:00:00,434.82023,Sistema
2023-12-25T24:00:00,434.82023,Sistema
2023-12-26T01:00:00,103.92028,Sistema
2023-12-26T02:00:00,106.70028,Sistema
2023-12-26T03:00:00,214.23028,Sistema
2023-12-26T04:00:00,107.66128,Sistema
2023-12-26T05:00:00,107.66128,Sistema
2023-12-26T06:00:00,399.92028,Sistema
2023-12-26T07:00:00,399.92028,Sistema
2023-12-26T08:00:00,399.92028,Sistema
2023-12-26T09:00:00,399.92028,Sistema
2023-12-26T10:00:00,399.92028,Sistema
2023-12-26T11:00:00,399.92028,Sistema
2023-12-26T12:00:00,419.92028,Sistema
2023-12-26T13:00:00,419.92028,Sistema
2023-12-26T14:00:00,459.92028,Sistema
2023-12-26T15:00:00,459.92028,Sistema
2023-12-26T16:00:00,489.92028,Sistema
2023-12-26T17:00:00,489.92028,Sistema
2023-12-26T18:00:00,489.92028,Sistema
2023-12-26T19:00:00,509.42028,Sistema
2023-12-26T20:00:00,489.92028,Sistema
2023-12-26T21:00:00,489.92028,Sistema
2023-12-26T22:00:00,489.92028,Sistema
2023-12-26T23:00:00,419.92028,Sistema
2023-12-26T24:00:00,408.92028,Sistema
2023-12-27T01:00:00,363.90791,Sistema
2023-12-27T02:00:00,363.90791,Sistema
2023-12-27T03:00:00,363.90791,Sistema
2023-12-27T04:00:00,363.90791,Sistema
2023-12-27T05:00:00,363.90791,Sistema
2023-12-27T06:00:00,394.40791,Sistema
2023-12-27T07:00:00,394.40791,Sistema
2023-12-27T08:00:00,394.40791,Sistema
2023-12-27T09:00:00,433.90791,Sistema
2023-12-27T10:00:00,433.90791,Sistema
2023-12-27T11:00:00,433.90791,Sistema
2023-12-27T12:00:00,433.90791,Sistema
2023-12-27T13:00:00,433.90791,Sistema
2023-12-27T14:00:00,443.90791,Sistema
2023-12-27T15:00:00,443.90791,Sistema
2023-12-27T16:00:00,443.90791,Sistema
2023-12-27T17:00:00,443.90791,Sistema
2023-12-27T18:00:00,443.90791,Sistema
2023-12-27T19:00:00,443.90791,Sistema
2023-12-27T20:00:00,443.90791,Sistema
2023-12-27T21:00:00,443.90791,Sistema
2023-12-27T22:00:00,443.90791,Sistema
2023-12-27T23:00:00,443.90791,Sistema
2023-12-27T24:00:00,433.90791,Sistema
2023-12-28T01:00:00,364.80591,Sistema
2023-12-28T02:00:00,364.80591,Sistema
2023-12-28T03:00:00,364.80591,Sistema
2023-12-28T04:00:00,364.80591,Sistema
2023-12-28T05:00:00,364.80591,Sistema
2023-12-28T06:00:00,364.80591,Sistema
2023-12-28T07:00:00,364.80591,Sistema
2023-12-28T08:00:00,364.80591,Sistema
2023-12-28T09:00:00,364.80591,Sistema
2023-12-28T10:00:00,364.80591,Sistema
2023-12-28T11:00:00,364.80591,Sistema
2023-12-28T12:00:00,364.80591,Sistema
2023-12-28T13:00:00,364.80591,Sistema
2023-12-28T14:00:00,364.80591,Sistema
2023-12-28T15:00:00,384.80591,Sistema
2023-12-28T16:00:00,384.80591,Sistema
2023-12-28T17:00:00,405.80591,Sistema
2023-12-28T18:00:00,405.80591,Sistema
2023-12-28T19:00:00,405.80591,Sistema
2023-12-28T20:00:00,405.80591,Sistema
2023-12-28T21:00:00,405.80591,Sistema
2023-12-28T22:00:00,405.80591,Sistema
2023-12-28T23:00:00,405.80591,Sistema
2023-12-28T24:00:00,384.80591,Sistema
2023-12-29T01:00:00,344.2566,Sistema
2023-12-29T02:00:00,344.2566,Sistema
2023-12-29T03:00:00,294.2566,Sistema
2023-12-29T04:00:00,262.5376,Sistema
2023-12-29T05:00:00,294.2566,Sistema
2023-12-29T06:00:00,294.2566,Sistema
2023-12-29T07:00:00,294.2566,Sistema
2023-12-29T08:00:00,294.2566,Sistema
2023-12-29T09:00:00,294.2566,Sistema
2023-12-29T10:00:00,344.2566,Sistema
2023-12-29T11:00:00,344.2566,Sistema
2023-12-29T12:00:00,359.2566,Sistema
2023-12-29T13:00:00,359.2566,Sistema
2023-12-29T14:00:00,344.2566,Sistema
2023-12-29T15:00:00,359.2566,Sistema
2023-12-29T16:00:00,359.2566,Sistema
2023-12-29T17:00:00,359.2566,Sistema
2023-12-29T18:00:00,359.2566,Sistema
2023-12-29T19:00:00,359.2566,Sistema
2023-12-29T20:00:00,359.2566,Sistema
2023-12-29T21:00:00,359.2566,Sistema
2023-12-29T22:00:00,359.2566,Sistema
2023-12-29T23:00:00,359.2566,Sistema
2023-12-29T24:00:00,359.2566,Sistema
2023-12-30T01:00:00,99.41605,Sistema
2023-12-30T02:00:00,99.41605,Sistema
2023-12-30T03:00:00,99.41605,Sistema
2023-12-30T04:00:00,99.41605,Sistema
2023-12-30T05:00:00,99.41605,Sistema
2023-12-30T06:00:00,99.41605,Sistema
2023-12-30T07:00:00,99.41605,Sistema
2023-12-30T08:00:00,99.41605,Sistema
2023-12-30T09:00:00,99.41605,Sistema
2023-12-30T10:00:00,100.22905,Sistema
2023-12-30T11:00:00,100.22905,Sistema
2023-12-30T12:00:00,105.97005,Sistema
2023-12-30T13:00:00,105.00905,Sistema
2023-12-30T14:00:00,105.00905,Sistema
2023-12-30T15:00:00,105.97005,Sistema
2023-12-30T16:00:00,105.97005,Sistema
2023-12-30T17:00:00,105.97005,Sistema
2023-12-30T18:00:00,105.97105,Sistema
2023-12-30T19:00:00,238.59705,Sistema
2023-12-30T20:00:00,238.22905,Sistema
2023-12-30T21:00:00,238.22905,Sistema
2023-12-30T22:00:00,208.22905,Sistema
2023-12-30T23:00:00,105.97005,Sistema
2023-12-30T24:00:00,105.97005,Sistema
2023-12-31T01:00:00,152.99804,Sistema
2023-12-31T02:00:00,152.99804,Sistema
2023-12-31T03:00:00,152.99804,Sistema
2023-12-31T04:00:00,152.99804,Sistema
2023-12-31T05:00:00,152.99804,Sistema
2023-12-31T06:00:00,152.99804,Sistema
2023-12-31T07:00:00,152.99804,Sistema
2023-12-31T08:00:00,152.99804,Sistema
2023-12-31T09:00:00,152.99804,Sistema
2023-12-31T10:00:00,152.99804,Sistema
2023-12-31T11:00:00,152.99804,Sistema
2023-12-31T12:00:00,152.99804,Sistema
2023-12-31T13:00:00,152.99804,Sistema
2023-12-31T14:00:00,192.45504,Sistema
2023-12-31T15:00:00,152.99804,Sistema
2023-12-31T16:00:00,192.45504,Sistema
2023-12-31T17:00:00,192.45504,Sistema
2023-12-31T18:00:00,202.45504,Sistema
2023-12-31T19:00:00,282.45504,Sistema
2023-12-31T20:00:00,282.45504,Sistema
2023-12-31T21:00:00,282.45504,Sistema
2023-12-31T22:00:00,202.45504,Sistema
2023-12-31T23:00:00,192.45504,Sistema
2023-12-31T24:00:00,192.45504,Sistema
